qid,err@3,err@10,ndcg@3,ndcg@10
22939,0.110107421875,0.14018169045448303,1.0,0.7767471075057983
22941,0.304931640625,0.34819257259368896,1.0,0.7233460545539856
22942,0.567138671875,0.5914052128791809,0.9225797057151794,0.8836354613304138
22943,0.05078125,0.0943450778722763,0.5307212471961975,0.7419698238372803
22944,0.44921875,0.453338623046875,0.9224036931991577,0.9612018465995789
22945,0.304931640625,0.3666885495185852,1.0,0.8762306571006775
22946,0.05078125,0.0748138427734375,0.5307212471961975,0.7606395483016968
22947,0.2774251401424408,0.37210410833358765,0.36153164505958557,0.7072959542274475
22948,0.706298828125,0.7093733549118042,0.871160089969635,0.892924964427948
22949,0.431884765625,0.4691654145717621,0.7318407297134399,0.8764063715934753
22950,0.228759765625,0.2839977741241455,0.6461858153343201,0.6951218247413635
22951,0.304931640625,0.3573243319988251,1.0,0.9711670875549316
22952,0.968017578125,0.9680291414260864,1.0,0.8486853241920471
22953,0.606689453125,0.637054443359375,1.0,1.0
22954,0.146728515625,0.20652103424072266,0.48975956439971924,0.6003310084342957
22955,0.374755859375,0.41852977871894836,0.7617307901382446,0.8683601021766663
22956,0.47265625,0.5511099696159363,0.5698384642601013,0.7593192458152771
22957,0.25390625,0.30991774797439575,0.5692896842956543,0.7633172273635864
22958,0.166259765625,0.20041149854660034,0.6291344165802002,0.7460890412330627
22959,0.02083333395421505,0.0346970334649086,0.23463936150074005,0.5267176032066345
22960,0.466064453125,0.541657030582428,0.5450960993766785,0.7238415479660034
22961,0.9507649540901184,0.9549830555915833,0.8898733854293823,0.9140485525131226
22962,0.432373046875,0.4396378695964813,0.4040961265563965,0.6997561454772949
22963,0.946533203125,0.9481807947158813,1.0,0.8950586915016174
22964,0.940673828125,0.9475046992301941,0.7038999795913696,0.8221054077148438
22965,0.110107421875,0.19088102877140045,0.3333333134651184,0.6065368056297302
22966,0.110107421875,0.16438578069210052,0.3333333134651184,0.46636953949928284
22967,0.263671875,0.263671875,1.0,1.0
22968,0.304931640625,0.35708004236221313,1.0,0.8098389506340027
22969,0.304931640625,0.3714071214199066,1.0,0.9850161075592041
22970,0.166259765625,0.23005947470664978,0.5307213068008423,0.6130340099334717
22971,0.219970703125,0.24892669916152954,0.5462626218795776,0.6701615452766418
22972,0.146728515625,0.22392374277114868,0.48975956439971924,0.7689371109008789
22973,0.967041015625,0.967545211315155,0.9284793138504028,0.985252320766449
22974,0.304931640625,0.34984245896339417,1.0,0.7598673701286316
22975,0.967041015625,0.9675390124320984,0.9284793138504028,0.9759798645973206
22976,0.365234375,0.47554004192352295,0.3236317038536072,0.6077008843421936
22977,0.1875,0.2317139208316803,0.7262287139892578,0.9066335558891296
22978,0.261474609375,0.2957789897918701,0.6151177287101746,0.7371270060539246
22979,0.02083333395421505,0.08173879235982895,0.12103812396526337,0.5122988224029541
22980,0.567138671875,0.6118296980857849,0.7988805174827576,0.900669276714325
22981,0.110107421875,0.13263797760009766,1.0,1.0
22982,0.1875,0.1875,1.0,1.0
22983,0.260498046875,0.31751590967178345,0.8026120662689209,0.8301572203636169
22984,0.2774251401424408,0.34597569704055786,0.8435737490653992,0.90623539686203
22985,0.150390625,0.2029190957546234,0.5364180207252502,0.7562842965126038
22986,0.9388020634651184,0.9422996044158936,0.8911738991737366,0.915296733379364
22987,0.263671875,0.3296608328819275,0.7653606534004211,0.7997944355010986
22988,0.110107421875,0.13263797760009766,1.0,0.7457912564277649
22989,0.2774251401424408,0.34240245819091797,0.5188971757888794,0.634146511554718
22990,0.260498046875,0.260498046875,0.9514426589012146,0.9514426589012146
22991,0.304931640625,0.3865734934806824,0.49493172764778137,0.7938262224197388
22992,0.956298828125,0.9583606719970703,1.0,0.98772794008255
22993,0.166259765625,0.24797511100769043,0.5307213068008423,0.7779850959777832
22994,0.23828125,0.3034515380859375,0.7039180994033813,0.6771331429481506
22995,0.365234375,0.41818687319755554,0.5741883516311646,0.6940597891807556
22996,0.703369140625,0.7090404033660889,0.6423966884613037,0.8058899641036987
22997,0.962158203125,0.9623929262161255,0.9625431895256042,0.9439030289649963
22998,0.943115234375,0.948520302772522,0.9313938021659851,0.9626263976097107
22999,0.35546875,0.3614021837711334,0.4621376097202301,0.5582356452941895
23000,0.9444172978401184,0.9521449208259583,0.7589633464813232,0.9318986535072327
23001,0.962158203125,0.9626916646957397,0.8420895934104919,0.8911446332931519
23002,0.02083333395421505,0.11855164170265198,0.07821311801671982,0.5239108204841614
23003,0.560546875,0.560546875,0.8838695287704468,0.77457594871521
23004,0.943115234375,0.9504745602607727,0.819014847278595,0.9375466704368591
23005,0.967041015625,0.9672897458076477,1.0,0.9970022439956665
23006,0.567138671875,0.6008778214454651,0.7988805174827576,0.8181768655776978
23007,0.659423828125,0.6629176139831543,0.8254533410072327,0.8539703488349915
23008,0.304931640625,0.3698844611644745,1.0,0.8841137886047363
23009,0.304931640625,0.37249332666397095,0.6151177287101746,0.7285637855529785
23010,0.110107421875,0.110107421875,1.0,1.0
23011,0.556884765625,0.5977653861045837,0.8308104276657104,0.917946457862854
23012,0.304931640625,0.3086564838886261,1.0,0.829297661781311
23013,0.344482421875,0.37500593066215515,0.690318763256073,0.7269739508628845
23014,0.212890625,0.32856714725494385,0.3493700623512268,0.6367273330688477
23015,0.05078125,0.08738669753074646,0.5307212471961975,0.6096449494361877
23016,0.110107421875,0.14721901714801788,1.0,0.8512361645698547
23017,0.606689453125,0.6398184895515442,0.6509066820144653,0.8198041915893555
23018,0.05078125,0.107972651720047,0.17690707743167877,0.4425763785839081
23019,0.962158203125,0.9624923467636108,0.9625431895256042,0.939355731010437
23020,0.943115234375,0.9484841823577881,0.819014847278595,0.8931872844696045
23021,0.110107421875,0.19032935798168182,0.20503923296928406,0.5496429800987244
23022,0.08203125,0.11463668942451477,0.3631143569946289,0.5194673538208008
23023,0.02083333395421505,0.02083333395421505,0.3065735995769501,0.3065735995769501
23024,0.956298828125,0.9594351053237915,1.0,0.919908881187439
23025,0.44921875,0.46096038818359375,0.7984848022460938,0.8073263764381409
23026,0.05078125,0.05078125,0.6934263706207275,0.6934263706207275
23027,0.304931640625,0.3691786527633667,1.0,0.9969764351844788
23028,0.2774251401424408,0.33877792954444885,0.4175114035606384,0.5122461915016174
23029,0.304931640625,0.36548948287963867,1.0,0.8527809977531433
23030,0.946533203125,0.9528709053993225,0.8793432712554932,0.9205033183097839
23031,0.304931640625,0.3366655111312866,1.0,0.8433923721313477
23032,0.2774251401424408,0.35103341937065125,0.8435737490653992,0.9282807111740112
23033,0.943115234375,0.9464476108551025,0.819014847278595,0.7857146859169006
23034,0.9444172978401184,0.9466338157653809,0.9456308484077454,0.9466742873191833
23035,0.943115234375,0.9503065347671509,0.819014847278595,0.8946617841720581
23036,0.567138671875,0.5697871446609497,1.0,0.9921161532402039
23037,0.228759765625,0.25932878255844116,1.0,0.8899396657943726
23038,0.0625,0.08973417431116104,0.27814918756484985,0.36297279596328735
23039,0.110107421875,0.13749468326568604,0.5158474445343018,0.49684685468673706
23041,0.166259765625,0.2214977890253067,0.5307213068008423,0.6289380192756653
23042,0.110107421875,0.22711032629013062,0.20503923296928406,0.5676943063735962
23043,0.9668782353401184,0.9672144651412964,0.9614850282669067,0.8834989666938782
23044,0.304931640625,0.3658406734466553,1.0,0.8545365929603577
23045,0.556884765625,0.5970735549926758,0.8308104276657104,0.9472236037254333
23046,0.3599446713924408,0.42430609464645386,0.5626510977745056,0.6842036843299866
23047,0.967041015625,0.9673356413841248,1.0,0.9712258577346802
23048,0.956298828125,0.9596447944641113,1.0,0.9910880327224731
23049,0.2774251401424408,0.34597569704055786,0.8435737490653992,0.90623539686203
23050,0.304931640625,0.3742768466472626,1.0,0.9510906934738159
23051,0.323974609375,0.37095069885253906,0.6861420273780823,0.8026052713394165
23052,0.567138671875,0.6049056053161621,0.9225797057151794,0.9420580863952637
23053,0.2774251401424408,0.2817230224609375,0.8435737490653992,0.6930729150772095
23054,0.4375,0.47819411754608154,0.6735438704490662,0.7860826849937439
23055,0.953369140625,0.9573192000389099,0.912726640701294,0.9832909107208252
23056,0.953369140625,0.9574531316757202,0.912726640701294,0.8106986880302429
23057,0.228759765625,0.2944318652153015,0.6461858153343201,0.90660560131073
23058,0.261474609375,0.3072044849395752,0.49493172764778137,0.6635346412658691
23059,0.943115234375,0.9478158950805664,0.9313938021659851,0.8847160935401917
23060,0.304931640625,0.36871036887168884,0.30563369393348694,0.41751745343208313
23061,0.455078125,0.5333791375160217,0.5115761756896973,0.7776874899864197
23062,0.300537109375,0.33062300086021423,0.4636814594268799,0.4653528928756714
23063,0.466064453125,0.5096967816352844,0.7823625802993774,0.829377293586731
23064,0.260498046875,0.3139464557170868,0.8026120662689209,0.9372866153717041
23065,0.940673828125,0.9467113018035889,0.8770246505737305,0.9201687574386597
23066,0.9444172978401184,0.9484448432922363,0.9456308484077454,0.963283360004425
23067,0.110107421875,0.1589389443397522,0.3951442539691925,0.69102543592453
23068,0.09375,0.11365915834903717,0.35098522901535034,0.41591235995292664
23069,0.606689453125,0.6413784623146057,1.0,0.9973244071006775
23070,0.953369140625,0.9571319222450256,1.0,0.9794657230377197
23071,0.567138671875,0.6138980388641357,0.5199966430664062,0.6837520599365234
23072,0.488037109375,0.5054913759231567,0.8785831332206726,0.9421325325965881
23073,0.393798828125,0.44099172949790955,0.8579513430595398,0.9102591872215271
23074,0.110107421875,0.16778317093849182,0.3951442539691925,0.6629354357719421
23075,0.967041015625,0.9672821760177612,0.9284793138504028,0.8749956488609314
23076,0.9507649540901184,0.9550297260284424,0.8898733854293823,0.9240316152572632
23077,0.959228515625,0.9596577286720276,0.8722942471504211,0.9120358824729919
23078,0.9507649540901184,0.9547211527824402,0.8898733854293823,0.7525830864906311
23079,0.518798828125,0.562499463558197,1.0,0.9833911061286926
23080,0.2774251401424408,0.316461980342865,0.8435737490653992,0.9487795233726501
23081,0.110107421875,0.16842378675937653,0.5158474445343018,0.7590531706809998
23082,0.959228515625,0.9596769213676453,0.8722942471504211,0.909763514995575
23083,0.091796875,0.1434025764465332,0.3948093354701996,0.5721281170845032
23084,0.08203125,0.12201915681362152,0.3631143569946289,0.6506553292274475
23085,0.939453125,0.9445601105690002,0.7473011612892151,0.7353265285491943
23086,0.466064453125,0.522261917591095,0.629499077796936,0.7846775650978088
23087,0.940673828125,0.9439237713813782,0.7038999795913696,0.6877105236053467
23088,0.556884765625,0.599346935749054,0.8308104276657104,0.908602237701416
23089,0.1875,0.24541740119457245,0.5562983751296997,0.8484950661659241
23090,0.953369140625,0.9588050842285156,0.912726640701294,0.936276912689209
23091,0.393798828125,0.42831823229789734,0.8579513430595398,0.7789469957351685
23092,0.304931640625,0.3669155240058899,1.0,0.8943438529968262
23093,0.304931640625,0.36577078700065613,0.6151177287101746,0.7967207431793213
23094,0.953369140625,0.9573971033096313,0.912726640701294,0.9544341564178467
23095,0.9668782353401184,0.9677572846412659,0.7810032963752747,0.9180914759635925
23096,0.2774251401424408,0.320597767829895,0.8435737490653992,0.9315137267112732
23097,0.943115234375,0.9482271671295166,0.9313938021659851,0.9145423173904419
23098,0.943115234375,0.9459318518638611,0.9313938021659851,0.9393495321273804
23099,0.0,0.07526855915784836,0.0,0.2837066650390625
23100,0.94140625,0.9517571330070496,0.5900454521179199,0.796847939491272
23101,0.943115234375,0.9469512701034546,0.9313938021659851,0.953406035900116
23102,0.228759765625,0.29142117500305176,0.6461858153343201,0.8222180604934692
23103,0.0625,0.0625,1.0,1.0
23104,0.091796875,0.0996442511677742,0.7653606534004211,0.6661998629570007
23105,0.9375,0.9436123371124268,0.7171369194984436,0.8794714212417603
23106,0.304931640625,0.3847713768482208,0.6151177287101746,0.8211469650268555
23107,0.0,0.03740692138671875,0.0,0.3824666142463684
23108,0.606689453125,0.6311423778533936,1.0,0.9274318218231201
23109,0.2774251401424408,0.38128891587257385,0.4175114035606384,0.7237626314163208
23110,0.606689453125,0.6370905041694641,1.0,0.9058302640914917
23111,0.1875,0.22191619873046875,0.4692787230014801,0.6471469402313232
23112,0.146728515625,0.17847460508346558,0.48975956439971924,0.5506097674369812
23113,0.606689453125,0.6335505843162537,1.0,0.8531081676483154
23114,0.556884765625,0.5998733043670654,0.8308104276657104,0.9258178472518921
23115,0.260498046875,0.32992273569107056,0.8026120662689209,0.7593398690223694
23116,0.0625,0.14774136245250702,0.23463936150074005,0.512302041053772
23117,0.197998046875,0.22454021871089935,0.6871474981307983,0.65154629945755
23118,0.499755859375,0.5674999952316284,0.629690945148468,0.7528233528137207
23119,0.263671875,0.263671875,0.90728360414505,0.90728360414505
23120,0.261474609375,0.3116488754749298,0.49493172764778137,0.5697412490844727
23121,0.2774251401424408,0.33377784490585327,0.8435737490653992,0.9428360462188721
23122,0.9375,0.9409683346748352,0.8624263405799866,0.8866301774978638
23123,0.947998046875,0.9528345465660095,0.8348100185394287,0.8987477421760559
23124,0.959228515625,0.9594811797142029,0.8722942471504211,0.8033148050308228
23125,0.619873046875,0.6259250640869141,0.6602633595466614,0.8086601495742798
23126,0.956298828125,0.9583661556243896,1.0,0.9457770586013794
23127,0.05078125,0.09216594696044922,0.2737712264060974,0.4850006103515625
23128,0.02083333395421505,0.02083333395421505,0.5,0.5
23129,0.567138671875,0.6197488903999329,0.5199966430664062,0.7483030557632446
23130,0.619873046875,0.6218492388725281,0.6602633595466614,0.6424033641815186
23132,0.2122395932674408,0.27630728483200073,0.36153164505958557,0.5762677192687988
23133,0.228759765625,0.2800588309764862,0.7660098671913147,0.9237461686134338
23134,0.393798828125,0.4817748963832855,0.38908666372299194,0.6157959699630737
23135,0.08203125,0.10848549008369446,0.7039180994033813,0.7050687074661255
23136,0.197998046875,0.2577188313007355,0.6871474981307983,0.6844085454940796
23137,0.16796875,0.2512272298336029,0.3198178708553314,0.6584485769271851
23138,0.08984375,0.20552027225494385,0.20503923296928406,0.6214804649353027
23139,0.943115234375,0.9478761553764343,0.819014847278595,0.8194129467010498
23140,0.02083333395421505,0.0384114608168602,0.12103812396526337,0.3309652805328369
23141,0.146728515625,0.236943781375885,0.48975956439971924,0.6719958782196045
23142,0.304931640625,0.3717467784881592,1.0,0.9069212675094604
23143,0.567138671875,0.614543616771698,0.7988805174827576,0.928577184677124
23144,0.23828125,0.31148988008499146,0.43299248814582825,0.6292808055877686
23145,0.2774251401424408,0.34388047456741333,0.8435737490653992,0.7696468830108643
23146,0.304931640625,0.32107606530189514,1.0,0.6309735178947449
23148,0.0,0.0062500000931322575,0.0,0.28906482458114624
23149,0.953369140625,0.957325279712677,0.912726640701294,0.9705025553703308
23150,0.518798828125,0.5707758069038391,0.8046129941940308,0.9365708827972412
23151,0.9507649540901184,0.955594539642334,0.8898733854293823,0.9433586597442627
23152,0.0,0.04257812723517418,0.0,0.399243026971817
23153,0.02083333395421505,0.060128387063741684,0.23463936150074005,0.6027730703353882
23154,0.304931640625,0.35191816091537476,0.6151177287101746,0.6058272123336792
23155,0.304931640625,0.37491902709007263,1.0,0.953712522983551
23156,0.946533203125,0.9533030986785889,0.7083972692489624,0.8678495287895203
23157,0.967041015625,0.9673881530761719,1.0,0.9229177832603455
23158,0.953369140625,0.9555690884590149,1.0,0.9534121155738831
23159,0.9507649540901184,0.9531803727149963,0.974961519241333,0.9694371223449707
23160,0.110107421875,0.1680646538734436,0.3951442539691925,0.6348081827163696
23161,0.0625,0.2198542058467865,0.10055973380804062,0.5717147588729858
23162,0.953369140625,0.9574617147445679,0.912726640701294,0.7653329968452454
23163,0.197998046875,0.2680133283138275,0.6871474981307983,0.6874059438705444
23164,0.1875,0.19384765625,0.8262346386909485,0.9131173491477966
23165,0.304931640625,0.37751761078834534,1.0,1.0
23167,0.3599446713924408,0.4159373342990875,0.6497723460197449,0.8360688090324402
23168,0.956298828125,0.9591624736785889,1.0,0.9659352898597717
23169,0.946533203125,0.9565070271492004,0.6577322483062744,0.9077667593955994
23170,0.488037109375,0.5257608294487,0.7069194316864014,0.7200841903686523
23171,0.03125,0.03125,0.6309297680854797,0.6309297680854797
23172,0.946533203125,0.9513088464736938,1.0,0.9272295832633972
23173,0.260498046875,0.3139939308166504,0.8026120662689209,0.8994239568710327
23174,0.959228515625,0.959841787815094,0.7631344795227051,0.8973992466926575
23175,0.1106770858168602,0.13361471891403198,0.5792374610900879,0.7010632157325745
23176,0.2044270783662796,0.30750772356987,0.5474918484687805,0.7877736687660217
23177,0.518798828125,0.5585440397262573,0.8046129941940308,0.8167415261268616
23178,0.260498046875,0.3128618001937866,0.8026120662689209,0.8694642782211304
23179,0.946533203125,0.9525421261787415,0.8793432712554932,0.9592613577842712
23180,0.946533203125,0.9555651545524597,0.6577322483062744,0.8844714164733887
23181,0.228759765625,0.317464679479599,0.3974803686141968,0.7151229381561279
23182,0.304931640625,0.3594803512096405,1.0,0.8642478585243225
23183,0.393798828125,0.45461317896842957,0.5977610945701599,0.8533713817596436
23184,0.05078125,0.06451416015625,0.5307212471961975,0.732828676700592
23185,0.197998046875,0.24245722591876984,0.6871474981307983,0.7156842947006226
23186,0.02083333395421505,0.04801543802022934,0.23463936150074005,0.4842680096626282
23188,0.947998046875,0.9527334570884705,0.8348100185394287,0.907313883304596
23189,0.940673828125,0.9462289214134216,0.8770246505737305,0.9552114009857178
23190,0.260498046875,0.3420253396034241,0.8026120662689209,0.8650112152099609
23191,0.9673665165901184,0.9677812457084656,1.0,0.9329779148101807
23193,0.393798828125,0.46649348735809326,0.5977610945701599,0.8630847334861755
23194,0.518798828125,0.5331314206123352,0.8046129941940308,0.6675721406936646
23195,0.0625,0.14688415825366974,0.14433082938194275,0.43896418809890747
23196,0.08203125,0.1031210720539093,0.7039180994033813,0.8838242888450623
23197,0.03125,0.03125,0.6309297680854797,0.6309297680854797
23198,0.567138671875,0.5875272750854492,0.9225797057151794,0.9367960095405579
23199,0.166259765625,0.256475031375885,0.5307213068008423,0.756726861000061
23200,0.953369140625,0.9581617116928101,0.912726640701294,0.989815354347229
23201,0.556884765625,0.5827738046646118,0.8308104276657104,0.7715843915939331
23202,0.455078125,0.4808635413646698,0.8124242424964905,0.9101083278656006
23203,0.9668782353401184,0.9674976468086243,0.7810032963752747,0.9053000211715698
23204,0.304931640625,0.37751761078834534,1.0,1.0
23205,0.946533203125,0.9535725712776184,0.8793432712554932,0.9715492129325867
23206,0.304931640625,0.38654613494873047,0.4285714626312256,0.7052239179611206
23207,0.166259765625,0.251390278339386,0.32645606994628906,0.5491571426391602
23208,0.962158203125,0.9624256491661072,0.9625431895256042,0.9320834875106812
23209,0.0625,0.0777369886636734,0.24207624793052673,0.3108203411102295
23210,0.556884765625,0.6072446703910828,0.5407800078392029,0.7425882816314697
23211,0.943115234375,0.9498710632324219,0.7475366592407227,0.8820773363113403
23212,0.466064453125,0.49531394243240356,1.0,1.0
23213,0.300537109375,0.3323485553264618,0.6655102372169495,0.6787734627723694
23214,0.146728515625,0.17889189720153809,0.48975956439971924,0.552800714969635
23215,0.110107421875,0.19541430473327637,0.3333333134651184,0.5601068735122681
23216,0.228759765625,0.2981584668159485,0.3198178708553314,0.5036230087280273
23217,0.518798828125,0.5540007948875427,1.0,0.8235432505607605
23218,0.091796875,0.13341358304023743,0.3948093354701996,0.6394308805465698
23219,0.03125,0.03125,0.6309297680854797,0.6309297680854797
23220,0.02083333395421505,0.02083333395421505,0.5,0.5
23221,0.197998046875,0.2691127061843872,0.6871474981307983,0.8164041638374329
23222,0.2774251401424408,0.3656339645385742,0.36153164505958557,0.6009826064109802
23223,0.14453125,0.21789242327213287,0.5307213068008423,0.7439573407173157
23224,0.304931640625,0.36871039867401123,1.0,0.994533896446228
23225,0.0625,0.0771484375,0.24207624793052673,0.3463328182697296
23226,0.9507649540901184,0.9521576166152954,0.8898733854293823,0.8341135382652283
23227,0.946533203125,0.9489742517471313,1.0,0.9602454304695129
23228,0.150390625,0.23709526658058167,0.4525081515312195,0.7560707926750183
23229,0.166259765625,0.25623175501823425,0.32645606994628906,0.6898388862609863
23230,0.946533203125,0.9518081545829773,0.8793432712554932,0.9019701480865479
23231,0.5757650136947632,0.5794017910957336,0.763222336769104,0.7987889051437378
23232,0.2774251401424408,0.354795902967453,0.8435737490653992,0.818845808506012
23234,0.61328125,0.6158090829849243,0.6932323575019836,0.7141532301902771
23235,0.943115234375,0.9507123231887817,0.5359453558921814,0.6990246772766113
23236,0.219970703125,0.2757013440132141,0.49370092153549194,0.7237285375595093
23237,0.556884765625,0.5791061520576477,0.9594535827636719,0.9078134298324585
23238,0.3599446713924408,0.4021044373512268,0.8075588941574097,0.8626610636711121
23239,0.703369140625,0.7056200504302979,0.7838867902755737,0.762227475643158
23240,0.260498046875,0.32598748803138733,0.8026120662689209,0.7452887892723083
23241,0.659423828125,0.6626548767089844,0.8254533410072327,0.8321278095245361
23242,0.488037109375,0.5521332621574402,0.7069194316864014,0.8865424990653992
23243,0.366455078125,0.3678458034992218,0.5660510659217834,0.5458666682243347
23244,0.946533203125,0.9524675607681274,0.8026000261306763,0.9242727160453796
23245,0.518798828125,0.5652661919593811,1.0,0.9960727095603943
23246,0.05078125,0.14603163301944733,0.17690707743167877,0.6564909219741821
23247,0.967041015625,0.9674510955810547,1.0,0.9727999567985535
23248,0.197998046875,0.24125710129737854,0.6871474981307983,0.8159303069114685
23249,0.110107421875,0.1462436020374298,1.0,1.0
23250,0.150390625,0.18528324365615845,0.4525081515312195,0.47956541180610657
23251,0.261474609375,0.2910248041152954,0.6151177287101746,0.6353655457496643
23252,0.260498046875,0.32421231269836426,0.8026120662689209,0.8444721102714539
23253,0.518798828125,0.5508718490600586,0.8046129941940308,0.8588542938232422
23254,0.304931640625,0.36918142437934875,1.0,0.9008240699768066
23255,0.228759765625,0.2502538561820984,1.0,0.9215980768203735
23256,0.228759765625,0.23852300643920898,0.6461858153343201,0.5377892255783081
23257,0.518798828125,0.562499463558197,1.0,0.9511446356773376
23258,0.1875,0.21796874701976776,0.5562983751296997,0.7715040445327759
23259,0.943115234375,0.9510384202003479,0.7475366592407227,0.8596371412277222
23260,0.9466145634651184,0.9522342681884766,0.8072783350944519,0.8519175052642822
23261,0.260498046875,0.3307643234729767,0.8026120662689209,0.8018189668655396
23262,0.9444172978401184,0.9481232762336731,0.9456308484077454,0.9797227382659912
23263,0.953369140625,0.9576427340507507,0.912726640701294,0.9473190307617188
23264,0.2774251401424408,0.35365474224090576,0.8435737490653992,0.9594380259513855
23265,0.956298828125,0.9596447348594666,1.0,0.9910880327224731
23266,0.606689453125,0.6386377811431885,1.0,1.0
23267,0.304931640625,0.3709973096847534,1.0,0.9053206443786621
23268,0.967041015625,0.9676041603088379,0.9284793138504028,0.9680688381195068
23269,0.956298828125,0.9601927399635315,0.7169486284255981,0.675727903842926
23270,0.943115234375,0.9492675065994263,0.819014847278595,0.8959782719612122
23271,0.967041015625,0.967545211315155,0.9284793138504028,0.985252320766449
23272,0.956298828125,0.9589749574661255,1.0,1.0
23273,0.967041015625,0.967545211315155,0.9284793138504028,0.985252320766449
23274,0.606689453125,0.6356923580169678,1.0,0.9477130174636841
23275,0.9507649540901184,0.9549830555915833,0.8898733854293823,0.9140485525131226
23276,0.953369140625,0.9577069878578186,0.912726640701294,0.8869317770004272
23277,0.967041015625,0.967545211315155,0.9284793138504028,0.985252320766449
23278,0.606689453125,0.637054443359375,1.0,1.0
23279,0.951904296875,0.9548488855361938,0.9521908760070801,0.982597291469574
23280,0.9507649540901184,0.9536141753196716,0.974961519241333,0.9706290364265442
23281,0.956298828125,0.9586766958236694,1.0,0.9464255571365356
23282,0.953369140625,0.9563381671905518,1.0,0.9273439645767212
23283,0.943115234375,0.9478638768196106,0.9313938021659851,0.9652472734451294
23284,0.967041015625,0.967545211315155,0.9284793138504028,0.985252320766449
23285,0.956298828125,0.9589749574661255,1.0,1.0
23286,0.606689453125,0.6238635778427124,1.0,0.6242013573646545
23287,0.304931640625,0.3237886428833008,1.0,0.6927849650382996
23288,0.110107421875,0.22895057499408722,0.20503923296928406,0.45553040504455566
23289,0.44921875,0.4867940843105316,0.7216541767120361,0.7106936573982239
23290,0.518798828125,0.5719501972198486,0.6967307925224304,0.7432416081428528
23291,0.110107421875,0.23122739791870117,0.1428571492433548,0.4469301104545593
23292,0.580322265625,0.6207824349403381,0.86592036485672,0.7005718350410461
23293,0.0,0.0162527896463871,0.0,0.39780882000923157
23294,0.606689453125,0.6414437890052795,1.0,0.867123544216156
23295,0.556884765625,0.6017923355102539,0.8308104276657104,0.7048019766807556
23296,0.110107421875,0.19534766674041748,0.1428571492433548,0.2317522168159485
23297,0.2774251401424408,0.3960117995738983,0.23532335460186005,0.45016902685165405
23298,0.261474609375,0.29124870896339417,0.6151177287101746,0.6087022423744202
23299,0.146728515625,0.22754192352294922,0.3012597858905792,0.46070510149002075
23300,0.12109375,0.21509462594985962,0.3910655975341797,0.6018679738044739
23301,0.966796875,0.9668239951133728,0.9799711108207703,0.9355505704879761
23302,0.9444172978401184,0.951163649559021,0.7589633464813232,0.8218973875045776
23303,0.393798828125,0.44629597663879395,0.38908666372299194,0.4816746115684509
23304,0.02083333395421505,0.05703481286764145,0.038710154592990875,0.10414109379053116
23305,0.146728515625,0.2256470024585724,0.48975956439971924,0.608738362789154
23306,0.606689453125,0.6389057636260986,0.6509066820144653,0.707206666469574
23307,0.110107421875,0.14873123168945312,0.3333333134651184,0.3278546631336212
23308,0.431884765625,0.47510528564453125,0.7318407297134399,0.6554348468780518
23309,0.091796875,0.1326276957988739,0.7653606534004211,0.7453016638755798
23310,0.2774251401424408,0.32227015495300293,0.4175114035606384,0.40787363052368164
23311,0.956298828125,0.9580646753311157,1.0,0.8557388782501221
23312,0.488037109375,0.5265203714370728,0.6121358871459961,0.6138386726379395
23313,0.951904296875,0.9570459127426147,0.7122209072113037,0.6512155532836914
23314,0.304931640625,0.3849605321884155,0.4285714626312256,0.48518261313438416
23315,0.606689453125,0.6382483839988708,1.0,0.8537734150886536
23316,0.14453125,0.26830291748046875,0.22745199501514435,0.6821014285087585
23317,0.567138671875,0.626937985420227,0.7988805174827576,0.8693202137947083
23318,0.197998046875,0.26228970289230347,0.42267662286758423,0.6253945231437683
23319,0.946533203125,0.9530849456787109,0.8026000261306763,0.781345546245575
23320,0.09375,0.1689591258764267,0.12689225375652313,0.28376126289367676
23321,0.466064453125,0.5487346053123474,0.5450960993766785,0.6289544701576233
23322,0.150390625,0.18896456062793732,0.5364180207252502,0.629158616065979
23323,0.228759765625,0.2683194577693939,0.6461858153343201,0.6672358512878418
23324,0.304931640625,0.3981877565383911,0.4285714626312256,0.6464263796806335
23325,0.0,0.0069444444961845875,0.0,0.14126698672771454
23326,0.0,0.021484375,0.0,0.10999234765768051
23327,0.44921875,0.46894505620002747,0.5027986764907837,0.37238243222236633
23328,0.490234375,0.547896146774292,0.5961710214614868,0.7308785915374756
23329,0.567138671875,0.606778085231781,0.7988805174827576,0.595248818397522
23330,0.951904296875,0.9576572179794312,0.8690900206565857,0.8826782703399658
23331,0.580322265625,0.629986584186554,0.86592036485672,0.8104056119918823
23332,0.947998046875,0.951024055480957,0.9146330952644348,0.8347104787826538
23333,0.197998046875,0.29148542881011963,0.2100154310464859,0.4238518476486206
23334,0.0,0.0078125,0.0,0.31546488404273987
23335,0.503173828125,0.5083440542221069,0.5961002111434937,0.6633875370025635
23336,0.567138671875,0.6160922050476074,0.37281090021133423,0.44449135661125183
23337,0.388427734375,0.40011096000671387,0.3251410126686096,0.6495596170425415
23338,0.260498046875,0.3795895278453827,0.22389668226242065,0.5222213268280029
23339,0.110107421875,0.23122739791870117,0.1428571492433548,0.4469301104545593
23340,0.3599446713924408,0.41383063793182373,0.6497723460197449,0.7862526178359985
23341,0.110107421875,0.18888229131698608,0.16497723758220673,0.3116786479949951
23342,0.304931640625,0.38271471858024597,0.4285714626312256,0.46824637055397034
23343,0.556884765625,0.5958399772644043,0.8308104276657104,0.8662012815475464
23344,0.374755859375,0.4321185350418091,0.5307213068008423,0.5855304002761841
23345,0.304931640625,0.38314110040664673,0.4285714626312256,0.5597574710845947
23346,0.499755859375,0.5481075048446655,0.629690945148468,0.7156897783279419
23347,0.95703125,0.9579880833625793,0.7039180397987366,0.8318592309951782
23348,0.606689453125,0.6329270601272583,1.0,0.8306875824928284
23349,0.08984375,0.17990803718566895,0.3333333134651184,0.6021901965141296
23350,0.967041015625,0.9673969149589539,0.9284793138504028,0.8772861957550049
23351,0.431884765625,0.4761470556259155,0.7318407297134399,0.7585546970367432
23352,0.556884765625,0.5998331308364868,0.8308104276657104,0.7814772725105286
23353,0.488037109375,0.5298182368278503,0.6121358871459961,0.6330675482749939
23354,0.518798828125,0.5590688586235046,0.6967307925224304,0.5453273057937622
23355,0.304931640625,0.35963985323905945,1.0,0.8382547497749329
23356,0.14453125,0.19864031672477722,0.5307213068008423,0.4832969009876251
23357,0.1875,0.2312871366739273,0.5562983751296997,0.7051538825035095
23358,0.4375,0.482451468706131,0.5419421792030334,0.5870314836502075
23359,0.956298828125,0.9591784477233887,0.8195018768310547,0.7129143476486206
23360,0.228759765625,0.26761966943740845,0.6461858153343201,0.645771861076355
23361,0.260498046875,0.3323025107383728,0.34397661685943604,0.45744526386260986
23362,0.393798828125,0.42822879552841187,0.8579513430595398,0.7539477944374084
23363,0.374755859375,0.4335539638996124,0.5307213068008423,0.5431452393531799
23364,0.499755859375,0.5806192755699158,0.629690945148468,0.7875877618789673
23365,0.2774251401424408,0.3635419011116028,0.36153164505958557,0.4722551703453064
23366,0.0625,0.0625,1.0,1.0
23367,0.261474609375,0.29739776253700256,0.6151177287101746,0.5756309032440186
23368,0.580322265625,0.6125620007514954,0.86592036485672,0.7737517952919006
23369,0.23828125,0.2853391170501709,0.7039180994033813,0.7315436005592346
23370,0.212890625,0.26079559326171875,0.5679726600646973,0.42992064356803894
23371,0.393798828125,0.4130893051624298,0.5977610945701599,0.4945943355560303
23372,0.580322265625,0.6169333457946777,0.86592036485672,0.7066004276275635
23373,0.518798828125,0.550831139087677,0.6967307925224304,0.5859807133674622
23374,0.197998046875,0.23955178260803223,0.6871474981307983,0.5250377655029297
23375,0.968017578125,0.9680771827697754,1.0,0.8864282369613647
23376,0.571533203125,0.5769814252853394,0.6093400716781616,0.6405249834060669
23377,0.091796875,0.15723322331905365,0.255120187997818,0.49199193716049194
23378,0.110107421875,0.19812846183776855,0.1428571492433548,0.28785884380340576
23379,0.260498046875,0.3368687927722931,0.34397661685943604,0.42216864228248596
23380,0.943359375,0.9460886716842651,0.97125244140625,0.9588261246681213
23381,0.110107421875,0.16718913614749908,0.20503923296928406,0.2756637930870056
23382,0.431884765625,0.45704221725463867,0.7318407297134399,0.6241505146026611
23383,0.110107421875,0.27009066939353943,0.09298666566610336,0.35024935007095337
23384,0.219970703125,0.30308711528778076,0.34397661685943604,0.4248838424682617
23385,0.261474609375,0.3270224332809448,0.4285714626312256,0.5372570753097534
23386,0.968017578125,0.9680711030960083,1.0,0.8483484983444214
23387,0.431884765625,0.48253482580184937,0.7318407297134399,0.7628797888755798
23388,0.110107421875,0.15333566069602966,0.3333333134651184,0.499862939119339
23389,0.0625,0.0751953125,0.27814918756484985,0.2473507970571518
23390,0.518798828125,0.5587615966796875,1.0,0.8518451452255249
23391,0.278564453125,0.34684959053993225,0.39664164185523987,0.4370860159397125
23392,0.953369140625,0.9591502547264099,0.912726640701294,0.9497549533843994
23393,0.304931640625,0.304931640625,1.0,1.0
23394,0.14453125,0.2192387580871582,0.5307213068008423,0.6151127219200134
23395,0.967041015625,0.9673647284507751,0.9284793138504028,0.8805546164512634
23396,0.943115234375,0.9475457668304443,0.7475366592407227,0.7170062065124512
23397,0.518798828125,0.5749996900558472,0.6967307925224304,0.6391798257827759
23398,0.580322265625,0.6151910424232483,0.86592036485672,0.7991379499435425
23399,0.499755859375,0.5644428730010986,0.629690945148468,0.6158246397972107
23400,0.967041015625,0.9678078293800354,0.8122885227203369,0.940030038356781
23401,0.0,0.06865589320659637,0.0,0.22116945683956146
23402,0.9388020634651184,0.9486337900161743,0.6763683557510376,0.6722649335861206
23403,0.580322265625,0.610385537147522,0.86592036485672,0.5890212655067444
23404,0.9673665165901184,0.9677019119262695,1.0,0.8740195631980896
23405,0.228759765625,0.2957969605922699,0.3974803686141968,0.6357999444007874
23406,0.393798828125,0.4322909414768219,0.5977610945701599,0.6320415735244751
23407,0.606689453125,0.6286935210227966,1.0,0.8114166259765625
23408,0.962158203125,0.96260005235672,0.9625431895256042,0.948513388633728
23409,0.09375,0.09375,0.6309297680854797,0.6309297680854797
23410,0.03125,0.07562017440795898,0.11699506640434265,0.3343125283718109
23411,0.16796875,0.18863065540790558,0.3974803686141968,0.3263746201992035
23412,0.02083333395421505,0.09593722969293594,0.04811027646064758,0.2555972933769226
23413,0.606689453125,0.6333491802215576,1.0,0.7925650477409363
23414,0.703369140625,0.7084042429924011,0.7838867902755737,0.7066630125045776
23415,0.166259765625,0.20850901305675507,0.5307213068008423,0.5205303430557251
23416,0.0625,0.13715018332004547,0.14433082938194275,0.3696901500225067
23417,0.261474609375,0.3391287624835968,0.4285714626312256,0.7008733153343201
23418,0.374755859375,0.44374632835388184,0.5307213068008423,0.6579170227050781
23419,0.633056640625,0.6389110684394836,0.5862115621566772,0.6560578942298889
23420,0.560546875,0.560546875,1.0,1.0
23421,0.2044270783662796,0.22990450263023376,0.5474918484687805,0.4141131639480591
23422,0.08984375,0.14774276316165924,0.1428571492433548,0.20309457182884216
23423,0.946533203125,0.9531964659690857,0.6577322483062744,0.6571255326271057
23424,0.556884765625,0.5919358134269714,0.5407800078392029,0.4424428343772888
23425,0.431884765625,0.47185665369033813,0.7318407297134399,0.5906750559806824
23426,0.2122395932674408,0.3122061789035797,0.23532335460186005,0.5577089786529541
23427,0.3599446713924408,0.4233739972114563,0.5626510977745056,0.5595747828483582
23428,0.3599446713924408,0.40051451325416565,0.8075588941574097,0.7681211829185486
23429,0.146728515625,0.18187732994556427,0.48975956439971924,0.4178692102432251
23430,0.567138671875,0.5927236080169678,0.7988805174827576,0.5211876630783081
23431,0.0625,0.08307037502527237,0.3631143569946289,0.38073813915252686
23432,0.03125,0.08508148789405823,0.09869397431612015,0.21916192770004272
23433,0.9375,0.939862847328186,0.8155369758605957,0.726346492767334
23434,0.966796875,0.9675388932228088,0.7653606534004211,0.7845326066017151
23435,0.518798828125,0.5651925206184387,0.6967307925224304,0.605524480342865
23436,0.518798828125,0.5707548260688782,0.6967307925224304,0.6780005693435669
23437,0.05078125,0.13696381449699402,0.17690707743167877,0.35871678590774536
23438,0.393798828125,0.4382794499397278,0.5977610945701599,0.5513193607330322
23439,0.0,0.0,0.0,0.0
23440,0.518798828125,0.569050669670105,0.4535067081451416,0.5059113502502441
23441,0.166259765625,0.2547743320465088,0.22745199501514435,0.4414583146572113
23442,0.518798828125,0.5858508348464966,0.3251410126686096,0.4441591501235962
23443,0.110107421875,0.16267706453800201,0.16497723758220673,0.2292368859052658
23444,0.956298828125,0.9600700736045837,1.0,0.9018264412879944
23445,0.197998046875,0.2625073790550232,0.29449179768562317,0.37514248490333557
23446,0.953369140625,0.9555152654647827,1.0,0.8538303971290588
23447,0.3599446713924408,0.44932815432548523,0.36623337864875793,0.529184103012085
23448,0.951904296875,0.9579426646232605,0.7122209072113037,0.712649405002594
23449,0.3599446713924408,0.40290236473083496,0.6497723460197449,0.7029156684875488
23450,0.03125,0.0623779296875,0.09869397431612015,0.19952894747257233
23451,0.956298828125,0.9584842324256897,0.8195018768310547,0.703893780708313
23452,0.9444172978401184,0.9535017609596252,0.7589633464813232,0.7646527886390686
23453,0.567138671875,0.593197226524353,0.7988805174827576,0.7398272156715393
23454,0.0,0.06765006482601166,0.0,0.45705392956733704
23455,0.365234375,0.4425625801086426,0.4972013831138611,0.5542110800743103
23456,0.560546875,0.5765699148178101,0.8838695287704468,0.7600192427635193
23457,0.518798828125,0.591138482093811,0.6967307925224304,0.7173486948013306
23458,0.951904296875,0.9566424489021301,0.7122209072113037,0.579896867275238
23459,0.228759765625,0.27527907490730286,0.6461858153343201,0.5529548525810242
23460,0.633056640625,0.6388007402420044,0.715326726436615,0.8044065833091736
23461,0.580322265625,0.6188942193984985,0.86592036485672,0.747306227684021
23462,0.2774251401424408,0.3184279203414917,0.8435737490653992,0.6130203604698181
23463,0.091796875,0.11733150482177734,0.3948093354701996,0.47500917315483093
23464,0.166259765625,0.22892117500305176,0.5307213068008423,0.7458595633506775
23465,0.3599446713924408,0.43292784690856934,0.36623337864875793,0.5676311254501343
23466,0.962158203125,0.9625635743141174,0.9625431895256042,0.8344312310218811
23467,0.962158203125,0.9626904726028442,0.8420895934104919,0.7438774108886719
23468,0.962158203125,0.9625658392906189,0.8420895934104919,0.8003357648849487
23469,0.95703125,0.9577064514160156,0.8046074509620667,0.8401903510093689
23470,0.228759765625,0.28279536962509155,0.6461858153343201,0.6007565259933472
23471,0.05078125,0.08762036263942719,0.2097114622592926,0.36177659034729004
23472,0.05078125,0.10858093947172165,0.07581732422113419,0.17385031282901764
23473,0.968017578125,0.9680553674697876,1.0,0.8869824409484863
23474,0.091796875,0.14995506405830383,0.255120187997818,0.5234786868095398
23475,0.0,0.12876586616039276,0.0,0.19625824689865112
23476,0.08984375,0.12571048736572266,0.20503923296928406,0.22796790301799774
23477,0.518798828125,0.5749970078468323,0.6967307925224304,0.709719717502594
23478,0.365234375,0.3865720331668854,0.7136205434799194,0.519699215888977
23479,0.0625,0.09115105867385864,0.27814918756484985,0.3671113848686218
23480,0.606689453125,0.643318772315979,0.6509066820144653,0.7590668201446533
23481,0.150390625,0.24859267473220825,0.19393208622932434,0.34397563338279724
23482,0.228759765625,0.2740585207939148,0.3198178708553314,0.33705031871795654
23483,0.304931640625,0.35995233058929443,0.4285714626312256,0.5035408735275269
23484,0.606689453125,0.6427099704742432,1.0,1.0
23485,0.150390625,0.22698554396629333,0.4525081515312195,0.6213060021400452
23486,0.951904296875,0.9567875862121582,0.8690900206565857,0.7608386874198914
23487,0.146728515625,0.20498178899288177,0.24239754676818848,0.346173495054245
23488,0.9444172978401184,0.9510225653648376,0.8315341472625732,0.8750191926956177
23489,0.08203125,0.16848474740982056,0.10055973380804062,0.2271961271762848
23490,0.261474609375,0.3216589689254761,0.4285714626312256,0.5047735571861267
23491,0.556884765625,0.6050311923027039,0.8308104276657104,0.7775272130966187
23492,0.260498046875,0.36276981234550476,0.34397661685943604,0.5569769740104675
23493,0.4375,0.4557407796382904,0.6735438704490662,0.7176769971847534
23494,0.0625,0.11478301882743835,0.15642623603343964,0.24494539201259613
23495,0.08984375,0.11098814010620117,0.5158474445343018,0.6391998529434204
23496,0.304931640625,0.3784843385219574,0.4285714626312256,0.5312132835388184
23497,0.953369140625,0.9559640288352966,0.912726640701294,0.7682899832725525
23498,0.14453125,0.25417613983154297,0.22745199501514435,0.40885215997695923
23499,0.212890625,0.264310359954834,0.5679726600646973,0.4479321539402008
23500,0.374755859375,0.41888928413391113,0.5307213068008423,0.585823655128479
23501,0.146728515625,0.20792058110237122,0.48975956439971924,0.6387217044830322
23502,0.228759765625,0.2536494731903076,0.6461858153343201,0.5258843898773193
23503,0.967041015625,0.9676163196563721,0.9284793138504028,0.8266309499740601
23504,0.967041015625,0.9676974415779114,0.8122885227203369,0.8814816474914551
23505,0.606689453125,0.6315501928329468,1.0,0.7493086457252502
23506,0.606689453125,0.6382945775985718,0.6509066820144653,0.6727851033210754
23507,0.150390625,0.20146825909614563,0.4525081515312195,0.5251769423484802
23508,0.166259765625,0.2540796995162964,0.2626707851886749,0.6365188360214233
23509,0.606689453125,0.6371458172798157,1.0,0.8591139316558838
23510,0.08203125,0.12902355194091797,0.23463936150074005,0.42929941415786743
23511,0.488037109375,0.5226221680641174,0.8785831332206726,0.7637175917625427
23512,0.560546875,0.595813512802124,0.7653606534004211,0.7088736295700073
23513,0.14453125,0.25638312101364136,0.2626707851886749,0.5997728109359741
23514,0.968017578125,0.9680588245391846,1.0,0.839715301990509
23515,0.9507649540901184,0.9539273977279663,0.8898733854293823,0.7214130759239197
23516,0.606689453125,0.6321936845779419,1.0,0.8007728457450867
23517,0.951904296875,0.9569350481033325,0.8690900206565857,0.819882333278656
23518,0.701904296875,0.7084681987762451,0.7402501106262207,0.7879117131233215
23519,0.946533203125,0.9536612033843994,0.6577322483062744,0.8044923543930054
23520,0.466064453125,0.5411293506622314,0.5450960993766785,0.624360978603363
23521,0.263671875,0.3417584300041199,0.7653606534004211,0.7673864364624023
23522,0.962158203125,0.9625264406204224,0.9625431895256042,0.8379624485969543
23523,0.47265625,0.5310868620872498,0.6580725908279419,0.7691441178321838
23524,0.3059895932674408,0.4173460602760315,0.2836383283138275,0.535112738609314
23525,0.44921875,0.5186858177185059,0.7216541767120361,0.8031318783760071
23526,0.706298828125,0.7111268043518066,0.7139173746109009,0.8409075140953064
23527,0.110107421875,0.12137269973754883,0.3333333134651184,0.2829754948616028
23528,0.94140625,0.9470220804214478,0.7200049757957458,0.6225033402442932
23529,0.1875,0.24186883866786957,0.23226092755794525,0.32560867071151733
23530,0.531982421875,0.5428521633148193,0.7462155222892761,0.4919624924659729
23531,0.9507649540901184,0.9552302360534668,0.8898733854293823,0.8219191431999207
23532,0.1875,0.2405955046415329,0.2886616587638855,0.42917895317077637
23533,0.0,0.0438559390604496,0.0,0.33169370889663696
23534,0.953369140625,0.9582021236419678,0.912726640701294,0.7819796800613403
23535,0.304931640625,0.38666996359825134,0.4285714626312256,0.7276329398155212
23536,0.0625,0.12289456278085709,0.15642623603343964,0.39475953578948975
23537,0.956298828125,0.959509551525116,1.0,0.9518770575523376
23538,0.19921875,0.22748371958732605,0.30167919397354126,0.285106360912323
23539,0.3059895932674408,0.3308599293231964,0.625433623790741,0.488444060087204
23540,0.03125,0.07150280475616455,0.15273310244083405,0.32400277256965637
23541,0.323974609375,0.381008118391037,0.47805625200271606,0.5159763097763062
23542,0.556884765625,0.5923300385475159,0.8308104276657104,0.6891922950744629
23543,0.146728515625,0.20855993032455444,0.24239754676818848,0.34331586956977844
23544,0.304931640625,0.39333653450012207,0.4285714626312256,0.583335280418396
23545,0.03125,0.12584805488586426,0.09869397431612015,0.3758457899093628
23546,0.14453125,0.24333897233009338,0.22745199501514435,0.42588740587234497
23547,0.580322265625,0.6146114468574524,0.5636333227157593,0.5097334384918213
23548,0.606689453125,0.6389639377593994,1.0,0.8944663405418396
23549,0.580322265625,0.617446780204773,0.86592036485672,0.6891433596611023
23550,0.9375,0.9392787218093872,0.8155369758605957,0.7012697458267212
23551,0.197998046875,0.27118366956710815,0.29449179768562317,0.30595967173576355
23552,0.499755859375,0.5659612417221069,0.629690945148468,0.7801907658576965
23553,0.953369140625,0.9604069590568542,0.6543781161308289,0.8654108047485352
23554,0.580322265625,0.6260162591934204,0.5636333227157593,0.6110531091690063
23555,0.23828125,0.25504302978515625,0.8344475626945496,0.907858669757843
23556,0.228759765625,0.2942996323108673,0.3198178708553314,0.39551278948783875
23557,0.05078125,0.1373443454504013,0.08755692839622498,0.2790076732635498
23558,0.212890625,0.31439197063446045,0.24341687560081482,0.3736707270145416
23559,0.146728515625,0.19503819942474365,0.2098969668149948,0.21721459925174713
23560,0.943115234375,0.9547326564788818,0.5359453558921814,0.8503161072731018
23561,0.567138671875,0.6135077476501465,0.7988805174827576,0.6834001541137695
23562,0.0,0.10011138767004013,0.0,0.24116000533103943
23563,0.9444172978401184,0.9495636224746704,0.7589633464813232,0.6142004132270813
23564,0.953369140625,0.9579729437828064,0.912726640701294,0.9455821514129639
23565,0.606689453125,0.6404831409454346,1.0,0.8738122582435608
23566,0.150390625,0.22253787517547607,0.2783457934856415,0.40200701355934143
23567,0.51953125,0.5665118098258972,0.7039180994033813,0.6319233179092407
23568,0.02083333395421505,0.0475667342543602,0.07821311801671982,0.1662241518497467
23569,0.488037109375,0.5476564168930054,0.6121358871459961,0.7410665154457092
23570,0.091796875,0.11334991455078125,0.3948093354701996,0.47017231583595276
23571,0.956298828125,0.9601297974586487,1.0,0.9611251950263977
23572,0.197998046875,0.26429224014282227,0.34009110927581787,0.46620872616767883
23573,0.03125,0.0868094339966774,0.09869397431612015,0.25029274821281433
23574,0.556884765625,0.5857019424438477,0.8308104276657104,0.8187265992164612
23575,0.9507649540901184,0.953535258769989,0.8898733854293823,0.8501838445663452
23576,0.968017578125,0.9680771827697754,1.0,0.926517903804779
23577,0.2774251401424408,0.35252562165260315,0.36153164505958557,0.4183720052242279
23578,0.518798828125,0.5999166965484619,0.4535067081451416,0.6980543732643127
23579,0.146728515625,0.21555140614509583,0.2098969668149948,0.32795724272727966
23580,0.556884765625,0.6069867610931396,0.8308104276657104,0.7998213768005371
23581,0.956298828125,0.9594255089759827,1.0,0.8202563524246216
23582,0.567138671875,0.6183502078056335,0.37281090021133423,0.47659727931022644
23583,0.956298828125,0.959810733795166,0.8195018768310547,0.8021203279495239
23584,0.431884765625,0.4627351760864258,0.7318407297134399,0.5688643455505371
23585,0.9673665165901184,0.9677450060844421,1.0,0.8545196652412415
23586,0.09375,0.09375,0.6309297680854797,0.6309297680854797
23587,0.959228515625,0.9597128033638,0.7631344795227051,0.6540505886077881
23588,0.0,0.0,0.0,0.0
23589,0.951904296875,0.9579223990440369,0.7122209072113037,0.7347800135612488
23590,0.431884765625,0.46461614966392517,0.7318407297134399,0.7304898500442505
23591,0.967041015625,0.9675999283790588,0.8122885227203369,0.6109640002250671
23592,0.518798828125,0.5744976997375488,0.6967307925224304,0.6303678750991821
23593,0.260498046875,0.37537479400634766,0.34397661685943604,0.6576516628265381
23594,0.323974609375,0.3927718997001648,0.47805625200271606,0.5733721256256104
23595,0.228759765625,0.26235800981521606,1.0,0.9008494019508362
23596,0.30078125,0.35291004180908203,0.5307213068008423,0.7311193346977234
23597,0.228759765625,0.2956910729408264,0.3974803686141968,0.5001208186149597
23598,0.580322265625,0.6087329387664795,0.86592036485672,0.5900126695632935
23599,0.518798828125,0.540470540523529,1.0,0.808247983455658
23600,0.556884765625,0.6024725437164307,0.8308104276657104,0.726521372795105
23601,0.953369140625,0.9579046368598938,0.912726640701294,0.8591461777687073
23602,0.518798828125,0.5775113105773926,0.6967307925224304,0.6513292789459229
23603,0.150390625,0.1995166540145874,0.19393208622932434,0.21669888496398926
23605,0.9673665165901184,0.9678965210914612,0.8748590350151062,0.8878090977668762
23606,0.44921875,0.47397419810295105,0.5027986764907837,0.3718894124031067
23607,0.30078125,0.3458309471607208,0.5307213068008423,0.5788348913192749
23608,0.261474609375,0.3168300986289978,0.4285714626312256,0.5006030201911926
23609,0.14453125,0.1952642798423767,0.5307213068008423,0.5428611040115356
23610,0.150390625,0.2516222596168518,0.19393208622932434,0.41470563411712646
23611,0.956298828125,0.9601188898086548,0.7169486284255981,0.780971109867096
23612,0.197998046875,0.2926270365715027,0.34009110927581787,0.5473358631134033
23613,0.166259765625,0.2510364353656769,0.5307213068008423,0.6402901411056519
23614,0.0625,0.1500244140625,0.07742030918598175,0.25102242827415466
23615,0.531982421875,0.6048284769058228,0.39804574847221375,0.7263836860656738
23616,0.3599446713924408,0.40722331404685974,0.5626510977745056,0.6247936487197876
23617,0.2774251401424408,0.36062318086624146,0.36153164505958557,0.4907446801662445
23618,0.966796875,0.9672691822052002,0.8748388290405273,0.6828086972236633
23619,0.962158203125,0.9626946449279785,0.8420895934104919,0.8915971517562866
23620,0.261474609375,0.3235682547092438,0.4285714626312256,0.4523163139820099
23621,0.9673665165901184,0.9677982926368713,0.8748590350151062,0.8881971836090088
23622,0.968017578125,0.9680764079093933,1.0,0.9338759779930115
23623,0.953369140625,0.9595625996589661,0.6543781161308289,0.582863986492157
23624,0.606689453125,0.6298770904541016,1.0,0.7899489402770996
23625,0.968017578125,0.9680713415145874,1.0,0.8912129402160645
23627,0.953369140625,0.9602923393249512,0.6543781161308289,0.6971243023872375
23628,0.712158203125,0.7125970125198364,0.8569586873054504,0.9033794403076172
23629,0.946533203125,0.9530874490737915,0.8793432712554932,0.9216587543487549
23630,0.110107421875,0.19624537229537964,0.3333333134651184,0.7407477498054504
23631,0.304931640625,0.33741194009780884,0.4285714626312256,0.36310210824012756
23632,0.091796875,0.1199493408203125,0.12626707553863525,0.1449248194694519
23633,0.518798828125,0.5694637894630432,0.6967307925224304,0.5527710318565369
23634,0.197998046875,0.2914675176143646,0.29449179768562317,0.45153167843818665
23635,0.2122395932674408,0.2573661208152771,0.4175114035606384,0.4908902943134308
23636,0.556884765625,0.5985622406005859,0.8308104276657104,0.8300639390945435
23637,0.712158203125,0.7126978039741516,0.7497180104255676,0.7839778065681458
23638,0.9673665165901184,0.9677887558937073,0.8748590350151062,0.8306635618209839
23639,0.3599446713924408,0.4096449017524719,0.6497723460197449,0.7595329880714417
23640,0.374755859375,0.4074438214302063,0.6128985285758972,0.5360437035560608
23641,0.432373046875,0.4395868480205536,0.4040961265563965,0.5812804698944092
23642,0.466064453125,0.5148625373840332,0.5450960993766785,0.6006134748458862
23643,0.0,0.0128038190305233,0.0,0.2001366764307022
23644,0.968017578125,0.9680772423744202,1.0,0.785002589225769
23645,0.943115234375,0.9513255953788757,0.7475366592407227,0.8658897280693054
23646,0.05078125,0.1266937255859375,0.08755692839622498,0.23141127824783325
23647,0.23828125,0.3089370131492615,0.3483913838863373,0.4896758198738098
23648,0.9507649540901184,0.9554071426391602,0.8898733854293823,0.9409185647964478
23649,0.05078125,0.09644317626953125,0.2097114622592926,0.3474540114402771
23650,0.580322265625,0.6301183700561523,0.86592036485672,0.7964504361152649
23651,0.51953125,0.5728352069854736,0.7039180994033813,0.612971305847168
23652,0.9668782353401184,0.9674698114395142,0.892719030380249,0.9191220998764038
23653,0.956298828125,0.9602365493774414,0.7169486284255981,0.6635520458221436
23654,0.304931640625,0.36505645513534546,1.0,0.8905202746391296
23655,0.455078125,0.5064191222190857,0.5907889604568481,0.6135913729667664
23656,0.304931640625,0.35008513927459717,0.6151177287101746,0.5620330572128296
23657,0.0625,0.14646783471107483,0.14433082938194275,0.31697723269462585
23658,0.556884765625,0.5730161666870117,0.9594535827636719,0.7485789060592651
23659,0.951904296875,0.9575055241584778,0.7122209072113037,0.7487971186637878
23660,0.393798828125,0.4353075623512268,0.5977610945701599,0.6050700545310974
23661,0.947998046875,0.9525324702262878,0.8348100185394287,0.8263756036758423
23662,0.09375,0.2520214319229126,0.0904926061630249,0.3804333806037903
23663,0.0,0.03011300228536129,0.0,0.08645389974117279
23664,0.567138671875,0.5971148610115051,0.7988805174827576,0.648217499256134
23665,0.150390625,0.21623170375823975,0.2783457934856415,0.405672162771225
23666,0.968017578125,0.9680680632591248,1.0,0.9500805139541626
23667,0.08203125,0.11921432614326477,0.23463936150074005,0.26795414090156555
23668,0.260498046875,0.2895088195800781,0.8026120662689209,0.9413045644760132
23669,0.567138671875,0.5967262983322144,0.7988805174827576,0.7423441410064697
23670,0.633056640625,0.636103093624115,0.7837249636650085,0.7649368643760681
23671,0.560546875,0.6046915054321289,0.7653606534004211,0.6770955324172974
23672,0.3599446713924408,0.4267755150794983,0.5626510977745056,0.6457898020744324
23673,0.374755859375,0.4447249174118042,0.5307213068008423,0.5228774547576904
23674,0.1875,0.2221108376979828,0.4692787230014801,0.4687977731227875
23675,0.30078125,0.3602662682533264,0.5307213068008423,0.6741669774055481
23676,0.323974609375,0.3849903345108032,0.5520787835121155,0.665765643119812
23677,0.393798828125,0.4281717538833618,0.5977610945701599,0.5574495196342468
23679,0.953369140625,0.9585357308387756,0.912726640701294,0.8785995244979858
23680,0.946533203125,0.9512545466423035,0.8793432712554932,0.8409621119499207
23681,0.25390625,0.2985266149044037,0.5692896842956543,0.5611613392829895
23682,0.304931640625,0.37993884086608887,0.6151177287101746,0.7459961175918579
23683,0.0625,0.0794270858168602,0.23463936150074005,0.31759488582611084
23684,0.431884765625,0.46849584579467773,0.7318407297134399,0.5912771821022034
23685,0.393798828125,0.45277199149131775,0.5977610945701599,0.575049102306366
23686,0.374755859375,0.4101056456565857,0.5307213068008423,0.4662850797176361
23687,0.110107421875,0.15363550186157227,0.5158474445343018,0.6434153318405151
23688,0.567138671875,0.6244416236877441,0.5199966430664062,0.6811882853507996
23689,0.2122395932674408,0.28892895579338074,0.36153164505958557,0.5381333231925964
23690,0.47265625,0.5345046520233154,0.5698384642601013,0.7103731632232666
23691,0.9507649540901184,0.9562215805053711,0.8898733854293823,0.9229056239128113
23692,0.956298828125,0.9593989253044128,1.0,0.8548502326011658
23693,0.953369140625,0.9587958455085754,0.912726640701294,0.9196155071258545
23694,0.146728515625,0.25453880429267883,0.2098969668149948,0.47155311703681946
23695,0.304931640625,0.38336607813835144,0.4285714626312256,0.5680869817733765
23696,0.2774251401424408,0.3329392373561859,0.36153164505958557,0.4052121937274933
23697,0.16796875,0.21250659227371216,0.3198178708553314,0.41118893027305603
23698,0.606689453125,0.6307746767997742,1.0,0.6965714693069458
23699,0.393798828125,0.43333521485328674,0.5977610945701599,0.4673481285572052
23700,0.300537109375,0.3549904525279999,0.6655102372169495,0.7358882427215576
23701,0.260498046875,0.32106226682662964,0.49370092153549194,0.5542283058166504
23702,0.580322265625,0.613562822341919,0.86592036485672,0.660123884677887
23703,0.23046875,0.3189564645290375,0.32960182428359985,0.5194001793861389
23704,0.606689453125,0.6331815719604492,1.0,0.8566727042198181
23705,0.432373046875,0.43852946162223816,0.4618985950946808,0.607376754283905
23706,0.606689453125,0.6306512355804443,1.0,0.8384007811546326
23707,0.968017578125,0.9680617451667786,1.0,0.8403828740119934
23708,0.706298828125,0.7100529074668884,0.871160089969635,0.7827093601226807
23710,0.606689453125,0.6421343088150024,1.0,0.9217230081558228
23711,0.9673665165901184,0.9677717089653015,1.0,0.9491967558860779
23712,0.091796875,0.17316237092018127,0.1093372330069542,0.2600400745868683
23714,0.0,0.05926339328289032,0.0,0.19372181594371796
23715,0.263671875,0.3281552195549011,0.37880125641822815,0.4286631643772125
23716,0.08203125,0.13575159013271332,0.27814918756484985,0.5325411558151245
23717,0.304931640625,0.3477916121482849,0.6151177287101746,0.5419327616691589
23718,0.304931640625,0.3346196115016937,1.0,0.623548150062561
23719,0.9673665165901184,0.9679016470909119,0.8748590350151062,0.9311423897743225
23720,0.304931640625,0.3375788927078247,1.0,0.6467407941818237
23721,0.197998046875,0.23244860768318176,0.34009110927581787,0.32266783714294434
23722,0.304931640625,0.3890170454978943,0.4285714626312256,0.53461754322052
23723,0.03125,0.12459355592727661,0.09869397431612015,0.37711045145988464
23724,0.304931640625,0.3927746117115021,0.4285714626312256,0.7394563555717468
23725,0.25390625,0.337904155254364,0.18509942293167114,0.4318394064903259
23726,0.518798828125,0.5710121393203735,0.6967307925224304,0.8061574697494507
23727,0.953369140625,0.9603158235549927,0.6543781161308289,0.7294053435325623
23728,0.962158203125,0.9626976847648621,0.8420895934104919,0.8949756026268005
23729,0.228759765625,0.2958003878593445,0.3974803686141968,0.5116845369338989
23730,0.219970703125,0.3102424740791321,0.34397661685943604,0.5267356634140015
23731,0.0,0.0078125,0.0,0.0954604297876358
23732,0.466064453125,0.5004191994667053,0.7823625802993774,0.6447592377662659
23733,0.228759765625,0.2867637276649475,0.3974803686141968,0.4447449743747711
23734,0.712158203125,0.7126376628875732,0.7497180104255676,0.7989497184753418
23735,0.466064453125,0.5164747834205627,0.629499077796936,0.6276401281356812
23736,0.580322265625,0.6130018830299377,0.86592036485672,0.806196928024292
23737,0.150390625,0.2766178846359253,0.19393208622932434,0.548718273639679
23738,0.228759765625,0.26480987668037415,0.3974803686141968,0.3619605600833893
23739,0.02083333395421505,0.02083333395421505,0.5,0.5
23740,0.16796875,0.2282954603433609,0.34665608406066895,0.605725109577179
23741,0.706298828125,0.7091395854949951,0.871160089969635,0.7850226163864136
23742,0.431884765625,0.4689673185348511,0.390377938747406,0.46738478541374207
23743,0.21875,0.24001577496528625,0.42495885491371155,0.4867885112762451
23744,0.146728515625,0.1957564651966095,0.48975956439971924,0.47083669900894165
23745,0.580322265625,0.6188830137252808,0.4618985950946808,0.5032627582550049
23746,0.16796875,0.19209006428718567,0.3974803686141968,0.3569430112838745
23747,0.0,0.0,0.0,0.0
23748,0.968017578125,0.9680768251419067,1.0,0.8478597402572632
23749,0.967041015625,0.9675889611244202,0.8122885227203369,0.7927777767181396
23750,0.712158203125,0.7126075625419617,0.7497180104255676,0.8078724145889282
23751,0.2044270783662796,0.28343912959098816,0.5474918484687805,0.6829001903533936
23752,0.4778645932674408,0.48634159564971924,0.4635950028896332,0.6583372950553894
23753,0.606689453125,0.6387333869934082,1.0,0.875033438205719
23754,0.946533203125,0.9522566795349121,0.8793432712554932,0.9294509887695312
23755,0.466064453125,0.5187914967536926,0.5450960993766785,0.43121081590652466
23756,0.110107421875,0.14334736764431,0.5158474445343018,0.5457057356834412
23757,0.968017578125,0.9680505990982056,1.0,0.7317970991134644
23758,0.02083333395421505,0.1206715926527977,0.038710154592990875,0.3389343023300171
23759,0.228759765625,0.2846202850341797,0.6461858153343201,0.5705181360244751
23760,0.393798828125,0.4381787180900574,0.5977610945701599,0.6492792963981628
23761,0.3599446713924408,0.40685659646987915,0.40125197172164917,0.5122332572937012
23762,0.580322265625,0.6118409633636475,0.86592036485672,0.8503919839859009
23763,0.228759765625,0.328126460313797,0.276936799287796,0.4040854871273041
23764,0.300537109375,0.3304857015609741,0.6655102372169495,0.6185393929481506
23765,0.606689453125,0.6417548656463623,1.0,0.8886465430259705
23766,0.499755859375,0.5544140338897705,0.629690945148468,0.6669748425483704
23767,0.374755859375,0.44641152024269104,0.5307213068008423,0.6527004837989807
23768,0.956298828125,0.9581522941589355,1.0,0.9058018922805786
23769,0.606689453125,0.6400583386421204,1.0,0.8374574780464172
23770,0.706298828125,0.7101998925209045,0.871160089969635,0.860980749130249
23771,0.44921875,0.5245486497879028,0.5027986764907837,0.4599558413028717
23772,0.518798828125,0.5576167106628418,0.6967307925224304,0.6242087483406067
23773,0.9466145634651184,0.9499959945678711,0.8844688534736633,0.813677191734314
23774,0.110107421875,0.17821477353572845,0.20503923296928406,0.3452509641647339
23775,0.304931640625,0.3518785238265991,0.6151177287101746,0.6162368059158325
23776,0.956298828125,0.9596882462501526,1.0,0.8999933004379272
23777,0.2774251401424408,0.3834601044654846,0.36153164505958557,0.5534506440162659
23778,0.05078125,0.09860797226428986,0.17690707743167877,0.328734815120697
23779,0.304931640625,0.36982083320617676,0.49493172764778137,0.5864506363868713
23780,0.393798828125,0.41427192091941833,0.5977610945701599,0.4186278283596039
23781,0.968017578125,0.9680483937263489,1.0,0.7346034049987793
23782,0.260498046875,0.32326751947402954,0.34397661685943604,0.41484951972961426
23783,0.580322265625,0.6290830969810486,0.86592036485672,0.7858195304870605
23784,0.146728515625,0.20436012744903564,0.3012597858905792,0.40023207664489746
23785,0.300537109375,0.3579006493091583,0.5354781746864319,0.6980100870132446
23786,0.956298828125,0.9610735177993774,0.7169486284255981,0.7710544466972351
23787,0.323974609375,0.38085493445396423,0.3111700117588043,0.4126996099948883
23788,0.146728515625,0.146728515625,0.7579237222671509,0.7579237222671509
23789,0.951904296875,0.9598867297172546,0.7122209072113037,0.8976491093635559
23790,0.146728515625,0.17738983035087585,0.7579237222671509,0.7060579061508179
23791,0.228759765625,0.3203786611557007,0.276936799287796,0.45805707573890686
23792,0.567138671875,0.6072806715965271,0.7988805174827576,0.7134028077125549
23793,0.9673665165901184,0.9679027795791626,0.8748590350151062,0.7750138640403748
23794,0.091796875,0.11221742630004883,0.7653606534004211,0.6091597080230713
23795,0.659423828125,0.6629736423492432,0.8254533410072327,0.7631661891937256
23796,0.110107421875,0.19846749305725098,0.20503923296928406,0.3703669309616089
23797,0.219970703125,0.2991923689842224,0.34397661685943604,0.5834519863128662
23798,0.51953125,0.5625796318054199,0.7039180994033813,0.6261261701583862
23799,0.431884765625,0.47944891452789307,0.4763599932193756,0.5713822245597839
23800,0.455078125,0.5026965141296387,0.5115761756896973,0.5285486578941345
23801,0.146728515625,0.18790847063064575,0.24239754676818848,0.3105512261390686
23802,0.300537109375,0.35824400186538696,0.5354781746864319,0.6745489239692688
23803,0.9466145634651184,0.9495490789413452,0.8072783350944519,0.6500391364097595
23804,0.556884765625,0.5802744030952454,0.8308104276657104,0.7441932559013367
23805,0.488037109375,0.5270734429359436,0.6121358871459961,0.4572572708129883
23806,0.431884765625,0.4516620635986328,0.4763599932193756,0.4279223382472992
23807,0.02083333395421505,0.0428059920668602,0.038710154592990875,0.0762295126914978
23808,0.110107421875,0.1616058349609375,0.2620770037174225,0.49888619780540466
23809,0.431884765625,0.477189302444458,0.7318407297134399,0.8354336619377136
23810,0.260498046875,0.30553138256073,0.34397661685943604,0.3816951513290405
23812,0.0625,0.1016845703125,0.1854327917098999,0.4216517210006714
23813,0.431884765625,0.479482501745224,0.7318407297134399,0.6912661790847778
23814,0.05078125,0.11495603621006012,0.07581732422113419,0.17567366361618042
23815,0.3599446713924408,0.4152563214302063,0.5626510977745056,0.5949670076370239
23816,0.9673665165901184,0.9678124189376831,0.8748590350151062,0.8560786843299866
23817,0.091796875,0.169139102101326,0.255120187997818,0.46442079544067383
23818,0.946533203125,0.9534702897071838,0.8026000261306763,0.9108968377113342
23819,0.0,0.012500000186264515,0.0,0.1815418004989624
23820,0.23828125,0.3169724941253662,0.30167919397354126,0.4313508868217468
23821,0.518798828125,0.575646698474884,0.6967307925224304,0.688191294670105
23822,0.267578125,0.29653987288475037,0.36312174797058105,0.32362252473831177
23823,0.9668782353401184,0.9674756526947021,0.892719030380249,0.8538579940795898
23824,0.580322265625,0.6188333034515381,0.86592036485672,0.6921276450157166
23825,0.3599446713924408,0.40036970376968384,0.5626510977745056,0.6472145318984985
23826,0.0625,0.0771484375,0.4692787230014801,0.3148801624774933
23827,0.150390625,0.156341552734375,0.7002755999565125,0.490291953086853
23828,0.5757650136947632,0.5796304941177368,0.6966133713722229,0.7278527021408081
23829,0.48828125,0.48895707726478577,0.6066363453865051,0.6817858815193176
23830,0.197998046875,0.29377636313438416,0.29449179768562317,0.5254891514778137
23831,0.606689453125,0.6390513777732849,1.0,0.8050674200057983
23832,0.228759765625,0.2632518708705902,1.0,0.9048838019371033
23833,0.5757649540901184,0.579298198223114,0.6966133713722229,0.7264028191566467
23834,0.966796875,0.9677396416664124,0.7653606534004211,0.8378217816352844
23835,0.943359375,0.9504673480987549,0.8076295852661133,0.8410686254501343
23836,0.3599446713924408,0.40819334983825684,0.5626510977745056,0.4817008674144745
23837,0.212890625,0.2919812798500061,0.3493700623512268,0.5090405344963074
23838,0.2774251401424408,0.40000930428504944,0.36153164505958557,0.5866690278053284
23839,0.260498046875,0.29638445377349854,0.8026120662689209,0.5905764698982239
23840,0.150390625,0.16633504629135132,0.7002755999565125,0.5832021236419678
23841,0.499755859375,0.5741605162620544,0.629690945148468,0.6442243456840515
23842,0.3599446713924408,0.42975082993507385,0.5626510977745056,0.7014310359954834
23843,0.304931640625,0.37012097239494324,0.6151177287101746,0.722589910030365
23844,0.606689453125,0.6260445713996887,1.0,0.6542935371398926
23845,0.05078125,0.11096792668104172,0.2737712264060974,0.6186148524284363
23846,0.967041015625,0.9674915671348572,0.9284793138504028,0.7714451551437378
23847,0.518798828125,0.5652632713317871,0.6967307925224304,0.5737733840942383
23848,0.2774251401424408,0.3375169336795807,0.4175114035606384,0.5014120936393738
23849,0.304931640625,0.38781097531318665,0.2789600193500519,0.4675818681716919
23850,0.946533203125,0.9528314471244812,0.8026000261306763,0.8222386837005615
23851,0.0625,0.15531781315803528,0.043636664748191833,0.17832547426223755
23852,0.091796875,0.12361651659011841,0.7653606534004211,0.7100226283073425
23853,0.08203125,0.12284617125988007,0.3631143569946289,0.5307053923606873
23854,0.261474609375,0.31766751408576965,0.4285714626312256,0.6575957536697388
23855,0.967041015625,0.9675295352935791,0.8122885227203369,0.7718873023986816
23856,0.9673665165901184,0.9676856994628906,1.0,0.8941318988800049
23857,0.518798828125,0.5611976385116577,0.6967307925224304,0.7073507308959961
23858,0.304931640625,0.39626723527908325,0.4285714626312256,0.5225601196289062
23859,0.466064453125,0.5258735418319702,0.629499077796936,0.672691822052002
23860,0.02083333395421505,0.14541372656822205,0.038710154592990875,0.28117436170578003
23861,0.393798828125,0.4425308108329773,0.5977610945701599,0.5951519012451172
23862,0.03125,0.0458984375,0.38685283064842224,0.6509209871292114
23863,0.228759765625,0.28439921140670776,0.6461858153343201,0.5952142477035522
23864,0.260498046875,0.33340883255004883,0.34397661685943604,0.45588696002960205
23865,0.197998046875,0.26741474866867065,0.42267662286758423,0.5423533320426941
23866,0.490234375,0.576702892780304,0.5961710214614868,0.6990675926208496
23867,0.606689453125,0.6361997127532959,1.0,0.939627468585968
23868,0.4375,0.47087451815605164,0.6735438704490662,0.7040662169456482
23869,0.518798828125,0.5658018589019775,0.6967307925224304,0.6230260729789734
23870,0.304931640625,0.36579814553260803,0.49493172764778137,0.5883069038391113
23871,0.0625,0.088134765625,0.24207624793052673,0.29059574007987976
23872,0.499755859375,0.5485708713531494,0.629690945148468,0.6442388296127319
23873,0.518798828125,0.5904784798622131,0.6967307925224304,0.6999185085296631
23874,0.267578125,0.29877758026123047,0.36312174797058105,0.30793657898902893
23875,0.393798828125,0.4252170920372009,0.8579513430595398,0.7705961465835571
23876,0.393798828125,0.4456162452697754,0.5977610945701599,0.6873446702957153
23877,0.14453125,0.266141414642334,0.22745199501514435,0.4808524549007416
23878,0.499755859375,0.5480764508247375,0.7271926999092102,0.7224012017250061
23879,0.304931640625,0.3839991092681885,0.4285714626312256,0.6754420399665833
23880,0.488037109375,0.5250853300094604,0.6121358871459961,0.5901545286178589
23881,0.580322265625,0.6174938678741455,0.86592036485672,0.6842451095581055
23882,0.393798828125,0.42729929089546204,0.5977610945701599,0.5981030464172363
23883,0.3599446713924408,0.42440757155418396,0.5626510977745056,0.5124413967132568
23884,0.323974609375,0.3565342128276825,0.6861420273780823,0.6195104718208313
23885,0.518798828125,0.6084755063056946,0.4535067081451416,0.7215553522109985
23886,0.943359375,0.9504673480987549,0.8076295852661133,0.8410686254501343
23887,0.580322265625,0.6258919835090637,0.86592036485672,0.7999864816665649
23888,0.304931640625,0.3821116089820862,0.49493172764778137,0.6840581297874451
23889,0.304931640625,0.37257811427116394,0.49493172764778137,0.7155996561050415
23890,0.260498046875,0.3548673987388611,0.34397661685943604,0.5525647401809692
23891,0.393798828125,0.4393042325973511,0.5977610945701599,0.48313403129577637
23892,0.518798828125,0.558047354221344,1.0,0.8635699152946472
23893,0.968017578125,0.9680768847465515,1.0,0.7934460639953613
23894,0.228759765625,0.29960644245147705,0.3974803686141968,0.5426890850067139
23895,0.23828125,0.27830231189727783,0.7039180994033813,0.5059896111488342
23896,0.571533203125,0.5743302702903748,0.6676040887832642,0.6852536201477051
23897,0.567138671875,0.5809144973754883,0.7988805174827576,0.5176462531089783
23898,0.323974609375,0.38147079944610596,0.5520787835121155,0.6971713900566101
23899,0.228759765625,0.2761192321777344,0.3974803686141968,0.3905365467071533
23900,0.953369140625,0.957050085067749,0.912726640701294,0.7891871333122253
23901,0.25390625,0.29198724031448364,0.45805788040161133,0.4936196506023407
23902,0.304931640625,0.3523303270339966,1.0,0.7450579404830933
23903,0.606689453125,0.633843183517456,1.0,0.9042215943336487
23904,0.228759765625,0.29670393466949463,0.3198178708553314,0.41262829303741455
23905,0.956298828125,0.9595470428466797,0.8195018768310547,0.7244899868965149
23906,0.228759765625,0.3285865783691406,0.3198178708553314,0.5162372589111328
23907,0.304931640625,0.3709973096847534,0.49493172764778137,0.612280011177063
23908,0.606689453125,0.6392561197280884,1.0,0.7597788572311401
23909,0.9673665165901184,0.9677814245223999,1.0,0.8710166811943054
23910,0.712158203125,0.7125818133354187,0.7497180104255676,0.7844496369361877
23911,0.490234375,0.523740828037262,0.8556691408157349,0.7277044653892517
23912,0.03125,0.0789555162191391,0.15273310244083405,0.3914719820022583
23913,0.9673665165901184,0.9679027795791626,0.8748590350151062,0.7383570671081543
23914,0.374755859375,0.42340174317359924,0.5307213068008423,0.6190605759620667
23915,0.968017578125,0.9680623412132263,1.0,0.7444775700569153
23916,0.0,0.15587949752807617,0.0,0.33900296688079834
23917,0.968017578125,0.9680661559104919,1.0,0.9327501654624939
23919,0.567138671875,0.6049875020980835,0.7988805174827576,0.6716940402984619
23920,0.08203125,0.23250627517700195,0.10055973380804062,0.5690256357192993
23921,0.344482421875,0.4027480483055115,0.5977610945701599,0.6983110308647156
23922,0.393798828125,0.4445507228374481,0.690318763256073,0.7024409174919128
23923,0.304931640625,0.3753248453140259,1.0,0.9558305144309998
23924,0.08984375,0.1835600733757019,0.16497723758220673,0.34646180272102356
23925,0.08984375,0.13766038417816162,0.20503923296928406,0.2893015444278717
23926,0.953369140625,0.9580689668655396,0.912726640701294,0.8048177361488342
23927,0.499755859375,0.5693882703781128,0.629690945148468,0.5715444087982178
23928,0.606689453125,0.6402679085731506,1.0,0.8251473307609558
23929,0.02083333395421505,0.02734375,0.23463936150074005,0.27167752385139465
23930,0.304931640625,0.4012148976325989,0.4285714626312256,0.6319726705551147
23931,0.08203125,0.23359908163547516,0.10055973380804062,0.4045000374317169
23932,0.556884765625,0.6086705923080444,0.8308104276657104,0.8827904462814331
23933,0.703369140625,0.7101540565490723,0.6423966884613037,0.7840530276298523
23934,0.956298828125,0.9583749771118164,1.0,0.862843930721283
23935,0.962158203125,0.9624213576316833,0.8420895934104919,0.6714633107185364
23936,0.0,0.02083333395421505,0.0,0.08844874799251556
23937,0.967041015625,0.9674873352050781,0.9284793138504028,0.9361187219619751
23938,0.567138671875,0.599929690361023,0.4261382520198822,0.4106624722480774
23939,0.091796875,0.10552978515625,0.30242785811424255,0.2641250193119049
23940,0.344482421875,0.3568367660045624,0.690318763256073,0.6410743594169617
23941,0.374755859375,0.42017149925231934,0.5307213068008423,0.5657492876052856
23942,0.968017578125,0.968062698841095,1.0,0.8317270278930664
23943,0.968017578125,0.9680609107017517,1.0,0.8677273392677307
23944,0.946533203125,0.9501902461051941,1.0,0.885341227054596
23945,0.344482421875,0.4016924500465393,0.5977610945701599,0.6884541511535645
23946,0.110107421875,0.13548873364925385,0.5158474445343018,0.5234154462814331
23947,0.560546875,0.5903818607330322,0.7653606534004211,0.7963361144065857
23948,0.304931640625,0.3617183566093445,0.6151177287101746,0.691960871219635
23949,0.219970703125,0.23404081165790558,0.34397661685943604,0.28740808367729187
23950,0.374755859375,0.41228947043418884,0.7617307901382446,0.6922515630722046
23951,0.51953125,0.5630589723587036,0.7039180994033813,0.5158183574676514
23952,0.25390625,0.33619198203086853,0.39664164185523987,0.5271183252334595
23953,0.518798828125,0.5706143379211426,0.6967307925224304,0.6772933006286621
23954,0.03125,0.0685272216796875,0.15273310244083405,0.34617358446121216
23955,0.1106770858168602,0.15059596300125122,0.37429505586624146,0.42582133412361145
23956,0.580322265625,0.6166648268699646,0.86592036485672,0.6787953972816467
23957,0.228759765625,0.3142957091331482,0.276936799287796,0.4298001229763031
23958,0.146728515625,0.1531045138835907,0.7579237222671509,0.5294157266616821
23959,0.567138671875,0.6200915575027466,0.7988805174827576,0.6460884809494019
23960,0.9673665165901184,0.9676557779312134,1.0,0.7953610420227051
23961,0.23828125,0.3108869194984436,0.7039180994033813,0.7545522451400757
23962,0.556884765625,0.605807900428772,0.8308104276657104,0.9480974674224854
23963,0.261474609375,0.34080415964126587,0.4285714626312256,0.5490328073501587
23964,0.08203125,0.16118639707565308,0.23463936150074005,0.4478594958782196
23966,0.197998046875,0.23519328236579895,0.42267662286758423,0.4177480638027191
23967,0.12109375,0.1290283203125,0.46358197927474976,0.41395148634910583
23968,0.3599446713924408,0.4086875319480896,0.6497723460197449,0.7586961388587952
23969,0.166259765625,0.2603297531604767,0.5307213068008423,0.7374944686889648
23970,0.556884765625,0.5790115594863892,0.8308104276657104,0.7701582908630371
23972,0.0,0.0861002653837204,0.0,0.25169405341148376
23973,0.2774251401424408,0.31243380904197693,0.5188971757888794,0.5042366981506348
23974,0.197998046875,0.2660485506057739,0.29449179768562317,0.330580472946167
23975,0.2774251401424408,0.3352900445461273,0.5188971757888794,0.5927481055259705
23976,0.956298828125,0.9597914814949036,0.7169486284255981,0.6648992896080017
23977,0.9673665165901184,0.9677254557609558,0.8748590350151062,0.7026593089103699
23978,0.606689453125,0.6333498358726501,1.0,0.7777079939842224
23979,0.0,0.0,0.0,0.0
23980,0.9668782353401184,0.9674472212791443,0.7810032963752747,0.6607245802879333
23981,0.9375,0.9439880847930908,0.4692787230014801,0.4194050133228302
23982,0.968017578125,0.968051552772522,1.0,0.7505272626876831
23983,0.47265625,0.5336096882820129,0.5698384642601013,0.573696494102478
23984,0.304931640625,0.3833552896976471,0.4285714626312256,0.48363998532295227
23985,0.0625,0.11846058070659637,0.06703981757164001,0.16375243663787842
23986,0.703369140625,0.7078516483306885,0.7838867902755737,0.7164362072944641
23987,0.946533203125,0.9511622190475464,0.8026000261306763,0.663270115852356
23988,0.110107421875,0.1950087696313858,0.16497723758220673,0.4199104905128479
23989,0.0625,0.09556252509355545,0.1854327917098999,0.3705488443374634
23990,0.431884765625,0.46453651785850525,0.4763599932193756,0.5122461318969727
23991,0.712158203125,0.712543785572052,0.8569586873054504,0.840643048286438
23992,0.03125,0.10675954818725586,0.060708411037921906,0.2798839807510376
23993,0.580322265625,0.6251884698867798,0.5636333227157593,0.7111448049545288
23994,0.197998046875,0.23603908717632294,0.34009110927581787,0.3498743176460266
23995,0.567138671875,0.6199852228164673,0.7988805174827576,0.7586341500282288
23996,0.946533203125,0.9515273571014404,0.8793432712554932,0.8510361909866333
23997,0.951904296875,0.95429527759552,0.9521908760070801,0.8247900009155273
23998,0.228759765625,0.3276936411857605,0.276936799287796,0.40411391854286194
23999,0.9444172978401184,0.9498876929283142,0.7589633464813232,0.7511188983917236
24000,0.703369140625,0.7067744731903076,0.7838867902755737,0.7901358604431152
24001,0.967041015625,0.9676907062530518,0.8122885227203369,0.7071787714958191
24002,0.606689453125,0.6425411701202393,1.0,0.9621404409408569
24003,0.706298828125,0.7103312015533447,0.6245770454406738,0.665556788444519
24004,0.304931640625,0.3756522238254547,0.4285714626312256,0.479612797498703
24005,0.946533203125,0.9546520113945007,0.8026000261306763,0.7921067476272583
24006,0.166259765625,0.19942377507686615,0.32645606994628906,0.37219977378845215
24007,0.953369140625,0.9585978984832764,0.7479812502861023,0.7977291345596313
24008,0.959228515625,0.9597569108009338,0.8722942471504211,0.8121868371963501
24009,0.4375,0.5111807584762573,0.4692787528038025,0.5250077843666077
24010,0.967041015625,0.9678172469139099,0.8122885227203369,0.8611440062522888
24011,0.393798828125,0.4481668472290039,0.5977610945701599,0.5365799069404602
24012,0.488037109375,0.5564656257629395,0.6121358871459961,0.7123817801475525
24013,0.556884765625,0.5916745066642761,0.8308104276657104,0.8221549391746521
24014,0.606689453125,0.6492215394973755,0.5334192514419556,0.6308712363243103
24015,0.968017578125,0.9680712223052979,1.0,0.8247064352035522
24016,0.9673665165901184,0.9679011702537537,0.8748590350151062,0.8867717981338501
24017,0.606689453125,0.6375150680541992,1.0,0.9081031084060669
24018,0.12109375,0.14164039492607117,0.3910655975341797,0.33726584911346436
24019,0.0,0.010416666977107525,0.0,0.0719834566116333
24020,0.606689453125,0.630134642124176,1.0,0.6783941388130188
24021,0.953369140625,0.9588580131530762,0.7479812502861023,0.788005530834198
24022,0.12109375,0.24274441599845886,0.16759954392910004,0.49149614572525024
24023,0.263671875,0.3073049783706665,0.7653606534004211,0.5771518349647522
24024,0.14453125,0.2204919010400772,0.5307213068008423,0.6018089652061462
24025,0.219970703125,0.28143566846847534,0.22389668226242065,0.36316749453544617
24026,0.091796875,0.12838435173034668,0.255120187997818,0.29665860533714294
24027,0.943115234375,0.9494889378547668,0.7475366592407227,0.6484897136688232
24028,0.488037109375,0.5398716926574707,0.6121358871459961,0.5725851058959961
24029,0.943359375,0.9499918818473816,0.7371450066566467,0.7855973839759827
24030,0.606689453125,0.6342179179191589,1.0,0.7945783734321594
24031,0.951904296875,0.9599379301071167,0.6230928897857666,0.7400491833686829
24032,0.02083333395421505,0.0790892094373703,0.07821311801671982,0.2225046455860138
24033,0.659423828125,0.6601955890655518,0.8254533410072327,0.6883726119995117
24034,0.9507649540901184,0.955349862575531,0.7292529344558716,0.7219281792640686
24035,0.08984375,0.11814165115356445,0.3333333134651184,0.38509199023246765
24036,0.304931640625,0.38920173048973083,0.49493172764778137,0.7488026022911072
24038,0.0,0.01901041716337204,0.0,0.15139734745025635
24039,0.0,0.0062500000931322575,0.0,0.03703386336565018
24040,0.606689453125,0.6397249698638916,1.0,0.8333948850631714
24041,0.431884765625,0.47702673077583313,0.7318407297134399,0.6464671492576599
24042,0.959228515625,0.9596318602561951,0.8722942471504211,0.7237804532051086
24043,0.091796875,0.14714649319648743,0.15692895650863647,0.25265932083129883
24044,0.304931640625,0.3760632872581482,0.6151177287101746,0.7652260661125183
24045,0.466064453125,0.547316312789917,0.5450960993766785,0.6096177101135254
24046,0.606689453125,0.6408352851867676,1.0,0.9116718173027039
24047,0.0625,0.0771484375,0.6131471991539001,0.8772153258323669
24048,0.47265625,0.5143202543258667,0.8178747296333313,0.7837458848953247
24049,0.263671875,0.34867292642593384,0.32801172137260437,0.5709353685379028
24050,0.263671875,0.3043143153190613,0.7653606534004211,0.6380966305732727
24051,0.956298828125,0.9585309028625488,1.0,0.8283002376556396
24052,0.606689453125,0.6453765034675598,0.6509066820144653,0.8089307546615601
24053,0.08203125,0.1055733859539032,0.23463936150074005,0.19153346121311188
24054,0.606689453125,0.6288751363754272,1.0,0.7145964503288269
24055,0.606689453125,0.6340908408164978,1.0,0.78647780418396
24056,0.606689453125,0.6288644671440125,1.0,0.8711589574813843
24057,0.488037109375,0.5647225379943848,0.6121358871459961,0.6107501983642578
24058,0.951904296875,0.9573614597320557,0.8690900206565857,0.7774457335472107
24059,0.323974609375,0.3535218834877014,0.47805625200271606,0.44788578152656555
24060,0.560546875,0.6107292175292969,0.7653606534004211,0.6579422354698181
24061,0.659423828125,0.6609175205230713,0.8254533410072327,0.5714197754859924
24062,0.943115234375,0.9471825957298279,0.9313938021659851,0.8163124322891235
24063,0.518798828125,0.565500020980835,1.0,0.9300657510757446
24064,0.150390625,0.24782977998256683,0.19393208622932434,0.3680649697780609
24065,0.51953125,0.5581783652305603,0.7039180994033813,0.6077057719230652
24066,0.968017578125,0.9680434465408325,1.0,0.9064410328865051
24067,0.5694172978401184,0.5809112787246704,0.4055802822113037,0.49698707461357117
24068,0.0,0.008928571827709675,0.0,0.01923542656004429
24069,0.304931640625,0.37508106231689453,0.4285714626312256,0.6083618402481079
24070,0.197998046875,0.2925826907157898,0.29449179768562317,0.4462926685810089
24071,0.47265625,0.5238868594169617,0.5698384642601013,0.5966219902038574
24072,0.946533203125,0.9533438682556152,0.8026000261306763,0.8834853172302246
24073,0.260498046875,0.32033637166023254,0.49370092153549194,0.5283776521682739
24074,0.556884765625,0.6031801700592041,0.8308104276657104,0.8301305174827576
24075,0.05078125,0.12171968072652817,0.17690707743167877,0.5180970430374146
24076,0.951904296875,0.9585241079330444,0.6230928897857666,0.7177111506462097
24077,0.953369140625,0.9561997652053833,1.0,0.9205410480499268
24078,0.556884765625,0.6093918681144714,0.4431702494621277,0.652388870716095
24079,0.393798828125,0.43236103653907776,0.5977610945701599,0.5641101002693176
24080,0.703369140625,0.7103284597396851,0.5620065331459045,0.7042104601860046
24081,0.263671875,0.3412003517150879,0.4707868993282318,0.6668761372566223
24082,0.08984375,0.17971062660217285,0.16497723758220673,0.415022075176239
24083,0.03125,0.03125,0.38685283064842224,0.38685283064842224
24084,0.959228515625,0.9598709344863892,0.7631344795227051,0.7434674501419067
24085,0.606689453125,0.6312841176986694,1.0,0.8817910552024841
24086,0.374755859375,0.3946608901023865,0.6128985285758972,0.5272721648216248
24087,0.959228515625,0.959798276424408,0.7631344795227051,0.6817874312400818
24088,0.05078125,0.09209339320659637,0.17690707743167877,0.344281405210495
24089,0.499755859375,0.5927776098251343,0.4098700284957886,0.6068626046180725
24090,0.606689453125,0.6214607954025269,1.0,0.8811734914779663
24091,0.0,0.046875,0.0,0.43067657947540283
24092,0.304931640625,0.3323677182197571,1.0,0.618310809135437
24093,0.110107421875,0.18050381541252136,0.3333333134651184,0.4537535309791565
24094,0.466064453125,0.512393057346344,0.5450960993766785,0.5448360443115234
24095,0.556884765625,0.5932005643844604,0.8308104276657104,0.848159670829773
24096,0.9466145634651184,0.9470540285110474,0.8072783350944519,0.7456571459770203
24097,0.9375,0.938647449016571,0.6545500159263611,0.5106675028800964
24098,0.556884765625,0.5854532718658447,0.8308104276657104,0.7710533738136292
24099,0.455078125,0.5213993787765503,0.7342523336410522,0.7734148502349854
24100,0.08203125,0.15098413825035095,0.23463936150074005,0.3263902962207794
24101,0.518798828125,0.5677152276039124,0.6967307925224304,0.6707128882408142
24102,0.531982421875,0.5815093517303467,0.7462155222892761,0.656233012676239
24103,0.0,0.008928571827709675,0.0,0.05076251178979874
24104,0.431884765625,0.44490349292755127,0.8451594114303589,0.6417738199234009
24105,0.228759765625,0.29627686738967896,0.6461858153343201,0.6440759301185608
24106,0.580322265625,0.6222679615020752,0.86592036485672,0.8631019592285156
24107,0.304931640625,0.39529770612716675,0.4285714626312256,0.6003421545028687
24108,0.08203125,0.08203125,0.9197208285331726,0.9197208285331726
24109,0.956298828125,0.9598528146743774,0.7169486284255981,0.7008359432220459
24110,0.260498046875,0.29517847299575806,0.8026120662689209,0.717446506023407
24111,0.946533203125,0.953899621963501,0.6577322483062744,0.7043032646179199
24112,0.3599446713924408,0.4284277558326721,0.5626510977745056,0.7842590808868408
24113,0.531982421875,0.5520495176315308,0.7462155222892761,0.6374214887619019
24114,0.3599446713924408,0.3913078010082245,0.8075588941574097,0.7021916508674622
24115,0.228759765625,0.3231959640979767,0.3974803686141968,0.5480377078056335
24116,0.968017578125,0.9680519700050354,1.0,0.8615608215332031
24117,0.968017578125,0.968044102191925,1.0,0.8093454241752625
24118,0.947998046875,0.9551838636398315,0.6841284036636353,0.7297013401985168
24119,0.2774251401424408,0.3396584987640381,0.8435737490653992,0.6917747259140015
24120,0.4700520932674408,0.4700520932674408,0.637450635433197,0.637450635433197
24121,0.02083333395421505,0.0996626541018486,0.07821311801671982,0.40580523014068604
24122,0.956298828125,0.9594511389732361,0.8195018768310547,0.6908608078956604
24123,0.197998046875,0.24901926517486572,0.29449179768562317,0.27909767627716064
24124,0.953369140625,0.9587600827217102,0.912726640701294,0.9675950407981873
24125,0.0,0.0154389888048172,0.0,0.1396181583404541
24126,0.212890625,0.2672330141067505,0.5679726600646973,0.6813250184059143
24127,0.02083333395421505,0.08255339413881302,0.04811027646064758,0.19933584332466125
24128,0.261474609375,0.3074232339859009,0.4285714626312256,0.4002572298049927
24129,0.374755859375,0.42389923334121704,0.7617307901382446,0.7752552628517151
24130,0.606689453125,0.6382366418838501,1.0,0.8740230798721313
24131,0.19921875,0.24913425743579865,0.43299248814582825,0.5859146118164062
24132,0.228759765625,0.31661543250083923,0.3974803686141968,0.5570043325424194
24133,0.518798828125,0.5491933226585388,0.6967307925224304,0.6465956568717957
24134,0.956298828125,0.9580162763595581,1.0,0.8307506442070007
24135,0.365234375,0.42883485555648804,0.4972013831138611,0.6124319434165955
24136,0.701904296875,0.7047449350357056,0.6066363453865051,0.6071155071258545
24137,0.953369140625,0.9562509059906006,0.7479812502861023,0.6482096314430237
24138,0.488037109375,0.5490555763244629,0.6121358871459961,0.578033983707428
24139,0.580322265625,0.6214004158973694,0.86592036485672,0.7935948967933655
24140,0.9673665165901184,0.9678103923797607,0.8748590350151062,0.8192211985588074
24141,0.304931640625,0.37386855483055115,0.4285714626312256,0.5097900629043579
24142,0.08984375,0.15115240216255188,0.16497723758220673,0.28417328000068665
24143,0.228759765625,0.30887678265571594,0.276936799287796,0.3995895981788635
24144,0.304931640625,0.3610042631626129,0.6151177287101746,0.6803832650184631
24145,0.466064453125,0.5514373779296875,0.35480669140815735,0.543045163154602
24146,0.488037109375,0.5337338447570801,0.7069194316864014,0.7053563594818115
24147,0.323974609375,0.39877983927726746,0.3111700117588043,0.5248640179634094
24148,0.146728515625,0.20882919430732727,0.48975956439971924,0.6878933906555176
24149,0.3599446713924408,0.4148973822593689,0.5626510977745056,0.687879741191864
24150,0.580322265625,0.6203690767288208,0.86592036485672,0.7049398422241211
24151,0.706298828125,0.711141049861908,0.6245770454406738,0.863784670829773
24152,0.2774251401424408,0.3503403067588806,0.4175114035606384,0.5327906012535095
24153,0.110107421875,0.2258940190076828,0.16497723758220673,0.46692192554473877
24154,0.197998046875,0.25799795985221863,0.6871474981307983,0.6653940677642822
24155,0.556884765625,0.5950565338134766,0.8308104276657104,0.7803041338920593
24156,0.580322265625,0.613001823425293,0.86592036485672,0.806196928024292
24157,0.967041015625,0.9674714803695679,0.9284793138504028,0.8745508193969727
24158,0.2044270783662796,0.3158586919307709,0.2709710896015167,0.5153040289878845
24159,0.2774251401424408,0.30992794036865234,0.8435737490653992,0.7696482539176941
24160,0.518798828125,0.581228494644165,0.6967307925224304,0.6992817521095276
24161,0.146728515625,0.22572655975818634,0.48975956439971924,0.5745086669921875
24162,0.110107421875,0.17688971757888794,0.3333333134651184,0.6358587741851807
24163,0.940673828125,0.9430006742477417,0.8770246505737305,0.7106694579124451
24164,0.951904296875,0.9558192491531372,0.8690900206565857,0.9363756775856018
24165,0.197998046875,0.2857667803764343,0.29449179768562317,0.5104607939720154
24166,0.0,0.0,0.0,0.0
24167,0.197998046875,0.2640043795108795,0.6871474981307983,0.6996229290962219
24168,0.23828125,0.3045423626899719,0.2446610927581787,0.3504800796508789
24169,0.166259765625,0.2248813807964325,0.5307213068008423,0.502999484539032
24170,0.943115234375,0.9495819211006165,0.819014847278595,0.8634265661239624
24171,0.951904296875,0.9558520913124084,0.9521908760070801,0.898884117603302
24172,0.518798828125,0.5844558477401733,0.4535067081451416,0.6127726435661316
24173,0.9673665165901184,0.967746913433075,1.0,0.9267207980155945
24174,0.110107421875,0.18232953548431396,0.1428571492433548,0.33687880635261536
24175,0.956298828125,0.9588120579719543,1.0,0.9089347720146179
24176,0.956298828125,0.956956148147583,1.0,0.7830338478088379
24177,0.580322265625,0.6278802156448364,0.86592036485672,0.7235050201416016
24178,0.9444172978401184,0.9495673775672913,0.6698823571205139,0.6803580522537231
24179,0.531982421875,0.5562489628791809,0.8617600202560425,0.8086942434310913
24180,0.518798828125,0.5821530222892761,0.6967307925224304,0.6867120862007141
24181,0.05078125,0.11197329312562943,0.17690707743167877,0.4066774249076843
24182,0.0,0.0621396042406559,0.0,0.11239330470561981
24183,0.606689453125,0.6366733312606812,1.0,0.9035475254058838
24184,0.2774251401424408,0.32253170013427734,0.8435737490653992,0.6982864737510681
24185,0.701904296875,0.7098812460899353,0.6066363453865051,0.7958666682243347
24186,0.146728515625,0.2434159517288208,0.11196307837963104,0.3001105487346649
24187,0.278564453125,0.30710119009017944,0.45805788040161133,0.5405343770980835
24188,0.304931640625,0.38828176259994507,0.4285714626312256,0.6357463002204895
24189,0.580322265625,0.6305640935897827,0.86592036485672,0.8587183952331543
24190,0.08203125,0.16402128338813782,0.14433082938194275,0.4552721381187439
24191,0.2044270783662796,0.24791091680526733,0.3367719352245331,0.38633015751838684
24192,0.606689453125,0.6423376202583313,1.0,0.9257856607437134
24193,0.09375,0.11070731282234192,0.4581993520259857,0.5280382037162781
24194,0.9668782353401184,0.9672954678535461,0.892719030380249,0.894532322883606
24195,0.1875,0.26261457800865173,0.4692787230014801,0.5181190967559814
24196,0.51953125,0.5660690069198608,0.7039180994033813,0.5120489597320557
24197,0.02083333395421505,0.02083333395421505,0.23463936150074005,0.11752276867628098
24198,0.14453125,0.2338678240776062,0.5307213068008423,0.7799082398414612
24199,0.606689453125,0.6392189264297485,0.6509066820144653,0.739642322063446
24200,0.946533203125,0.9520872831344604,0.8026000261306763,0.6428413987159729
24201,0.580322265625,0.6105765700340271,0.86592036485672,0.7185667157173157
24202,0.08984375,0.14655524492263794,0.3333333134651184,0.3855988383293152
24203,0.703369140625,0.7084372043609619,0.7838867902755737,0.727088451385498
24204,0.580322265625,0.631008505821228,0.5636333227157593,0.7358394861221313
24205,0.943115234375,0.9459607005119324,0.9313938021659851,0.7900909781455994
24206,0.606689453125,0.6358763575553894,1.0,0.8433768153190613
24207,0.091796875,0.13480418920516968,0.3948093354701996,0.6906823515892029
24208,0.0,0.015625,0.0,0.43067657947540283
24209,0.556884765625,0.5924903154373169,0.8308104276657104,0.9108856320381165
24210,0.110107421875,0.22429126501083374,0.22686867415905,0.6401822566986084
24211,0.304931640625,0.3363381624221802,1.0,0.9172079563140869
24212,0.946533203125,0.9518674612045288,0.8793432712554932,0.8866825103759766
24213,0.580322265625,0.6282267570495605,0.86592036485672,0.9148749709129333
24214,0.393798828125,0.4402661919593811,0.8579513430595398,0.8456624150276184
24215,0.393798828125,0.4310706853866577,0.690318763256073,0.6648449897766113
24216,0.110107421875,0.16001683473587036,0.3333333134651184,0.5411987900733948
24217,0.556884765625,0.6037854552268982,0.8308104276657104,0.9096835255622864
24218,0.166259765625,0.24283850193023682,0.32645606994628906,0.5142041444778442
24219,0.146728515625,0.29281896352767944,0.1366233378648758,0.568373441696167
24221,0.146728515625,0.20162643492221832,0.48975956439971924,0.5848905444145203
24222,0.2774251401424408,0.33869126439094543,0.23532335460186005,0.2996928095817566
24223,0.956298828125,0.9601669907569885,1.0,0.944076657295227
24224,0.2774251401424408,0.3207460343837738,0.8435737490653992,0.8080424666404724
24225,0.0625,0.15427640080451965,0.09622055292129517,0.3339305520057678
24226,0.946533203125,0.9487788081169128,1.0,0.9066445827484131
24227,0.228759765625,0.29209357500076294,0.3974803686141968,0.4862024486064911
24228,0.0625,0.080322265625,0.12298715859651566,0.17512792348861694
24229,0.499755859375,0.5180972814559937,0.9037794470787048,0.7676500082015991
24230,0.23828125,0.26293811202049255,0.7039180994033813,0.5830557346343994
24231,0.08984375,0.1842886507511139,0.20503923296928406,0.48822903633117676
24232,0.5694172978401184,0.575722873210907,0.6197949647903442,0.6989644765853882
24233,0.9673665165901184,0.9677507877349854,1.0,0.9621574878692627
24234,0.12109375,0.16267475485801697,0.46358197927474976,0.640253484249115
24236,0.951904296875,0.9546929001808167,0.8690900206565857,0.727496862411499
24237,0.956298828125,0.9589038491249084,1.0,0.9808276295661926
24238,0.9388020634651184,0.94686359167099,0.7410414814949036,0.8610996603965759
24239,0.150390625,0.150390625,0.7967076301574707,0.7967076301574707
24240,0.393798828125,0.4346737265586853,0.5977610945701599,0.6236706972122192
24241,0.556884765625,0.5835331678390503,0.8308104276657104,0.7889530658721924
24242,0.304931640625,0.40093040466308594,0.4285714626312256,0.7532011270523071
24243,0.09375,0.11347779631614685,0.4581993520259857,0.5412959456443787
24244,0.44921875,0.4707009494304657,0.7984848022460938,0.8746715784072876
24245,0.374755859375,0.4212212860584259,0.5307213068008423,0.4818786382675171
24246,0.091796875,0.18058383464813232,0.15692895650863647,0.38716909289360046
24247,0.499755859375,0.5185467004776001,1.0,0.946467936038971
24248,0.260498046875,0.3478822410106659,0.49370092153549194,0.6522407531738281
24249,0.228759765625,0.2622337341308594,0.7660098671913147,0.9312254190444946
24250,0.4375,0.466329962015152,0.7452524900436401,0.8636160492897034
24251,0.23828125,0.34200501441955566,0.30167919397354126,0.5360518097877502
24252,0.08984375,0.14535951614379883,0.3333333134651184,0.5619402527809143
24253,0.518798828125,0.5246009826660156,1.0,1.0
24254,0.0,0.044921875,0.0,0.41292405128479004
24255,0.23828125,0.2801811099052429,0.7039180994033813,0.8751606941223145
24256,0.263671875,0.28579962253570557,0.90728360414505,0.8628780245780945
24257,0.488037109375,0.5158728361129761,0.8785831332206726,0.965373694896698
24258,0.166259765625,0.22275790572166443,0.5307213068008423,0.7192660570144653
24259,0.150390625,0.17719636857509613,0.7002755999565125,0.8171537518501282
24260,0.146728515625,0.24452856183052063,0.3012597858905792,0.6398751735687256
24261,0.2774251401424408,0.34302547574043274,0.8435737490653992,0.9587795734405518
24262,0.260498046875,0.3853190541267395,0.27896419167518616,0.5768587589263916
24263,0.0625,0.12277638912200928,0.24207624793052673,0.6593784093856812
24264,0.300537109375,0.3482940196990967,0.6655102372169495,0.8000936508178711
24265,0.946533203125,0.9509726762771606,1.0,0.9946658611297607
24267,0.23828125,0.2840142846107483,0.7039180994033813,0.8301487565040588
24268,0.091796875,0.091796875,1.0,1.0
24269,0.12109375,0.20082521438598633,0.24055138230323792,0.5888526439666748
24270,0.260498046875,0.30837100744247437,0.8026120662689209,0.9054334759712219
24271,0.091796875,0.15361791849136353,0.3948093354701996,0.6808135509490967
24272,0.228759765625,0.30886512994766235,0.6461858153343201,0.8955832719802856
24273,0.374755859375,0.43968260288238525,0.5307213068008423,0.8161604404449463
24274,0.09375,0.12344712018966675,0.4581993520259857,0.6637717485427856
24275,0.3599446713924408,0.39026039838790894,0.8075588941574097,0.7133038640022278
24276,0.304931640625,0.36708706617355347,1.0,0.9554154276847839
24277,0.146728515625,0.17279288172721863,0.7579237222671509,0.8114867210388184
24278,0.518798828125,0.5376558303833008,1.0,0.9927393198013306
24279,0.110107421875,0.20540565252304077,0.20503923296928406,0.5605174899101257
24280,0.1106770858168602,0.13075880706310272,0.5792374610900879,0.6874949336051941
24281,0.567138671875,0.6158856153488159,0.4261382520198822,0.717147707939148
24282,0.091796875,0.11411285400390625,0.7653606534004211,0.9438661336898804
24283,0.09375,0.13222233951091766,0.29608193039894104,0.3467235565185547
24284,0.0625,0.1403346061706543,0.15642623603343964,0.39725831151008606
24285,0.197998046875,0.2703729271888733,0.42267662286758423,0.5506994724273682
24286,0.03125,0.0550537109375,0.060708411037921906,0.10374165326356888
24287,0.499755859375,0.5530759692192078,0.629690945148468,0.7281871438026428
24288,0.3059895932674408,0.38482466340065,0.4357588291168213,0.7092841863632202
24289,0.304931640625,0.35154205560684204,0.4285714626312256,0.4589013457298279
24290,0.304931640625,0.40963536500930786,0.4285714626312256,0.6150662302970886
24291,0.953369140625,0.9574956297874451,0.912726640701294,0.7498598694801331
24292,0.488037109375,0.5366830229759216,0.6121358871459961,0.6252574324607849
24293,0.606689453125,0.6357986927032471,1.0,0.7115978002548218
24294,0.946533203125,0.9523662328720093,0.8026000261306763,0.7093023061752319
24295,0.150390625,0.19545650482177734,0.4525081515312195,0.4064660966396332
24296,0.469970703125,0.47448036074638367,0.6737852096557617,0.7114217877388
24297,0.946533203125,0.9530013799667358,0.8026000261306763,0.788702130317688
24298,0.323974609375,0.36220577359199524,0.47805625200271606,0.492801308631897
24299,0.94140625,0.9469220042228699,0.7200049757957458,0.7344076037406921
24300,0.260498046875,0.34792500734329224,0.34397661685943604,0.5863277316093445
24301,0.706298828125,0.7085334062576294,0.871160089969635,0.7365670204162598
24302,0.03125,0.11267099529504776,0.09869397431612015,0.43410006165504456
24303,0.9466145634651184,0.9516975283622742,0.8072783350944519,0.7068898677825928
24304,0.967041015625,0.9678184986114502,0.8122885227203369,0.8728247880935669
24305,0.110107421875,0.18252819776535034,0.3333333134651184,0.4162404239177704
24306,0.304931640625,0.40449148416519165,0.4285714626312256,0.7531204223632812
24307,0.2774251401424408,0.3172714412212372,0.8435737490653992,0.8382338881492615
24308,0.374755859375,0.44641703367233276,0.5307213068008423,0.6865432858467102
24309,0.150390625,0.2189355492591858,0.4525081515312195,0.5615307688713074
24310,0.03125,0.10692325979471207,0.09869397431612015,0.2627657949924469
24311,0.556884765625,0.5966695547103882,0.8308104276657104,0.6978258490562439
24312,0.968017578125,0.9680705666542053,1.0,0.9553514122962952
24313,0.518798828125,0.5720707178115845,0.6967307925224304,0.6300843954086304
24314,0.499755859375,0.5639650821685791,0.629690945148468,0.6546465158462524
24315,0.966796875,0.9673255085945129,0.9422276020050049,0.954821765422821
24316,0.488037109375,0.5268059372901917,0.8785831332206726,0.8056015372276306
24317,0.2774251401424408,0.3493947982788086,0.8435737490653992,0.7839136123657227
24318,0.393798828125,0.4357234835624695,0.5977610945701599,0.6385955810546875
24319,0.962158203125,0.9627001285552979,0.8420895934104919,0.8956562280654907
24320,0.08203125,0.12161694467067719,0.11613046377897263,0.1605958193540573
24321,0.556884765625,0.5988304615020752,0.8308104276657104,0.8411681652069092
24322,0.34765625,0.35421961545944214,0.4098700284957886,0.4588603079319
24323,0.9673665165901184,0.9676638245582581,1.0,0.8081405758857727
24324,0.9673665165901184,0.9676130414009094,1.0,0.7747266292572021
24325,0.968017578125,0.9680772423744202,1.0,0.9654634594917297
24327,0.431884765625,0.4761084318161011,0.7318407297134399,0.8398779630661011
24328,0.02083333395421505,0.03059895895421505,0.23463936150074005,0.2903914153575897
24329,0.146728515625,0.18594755232334137,0.3012597858905792,0.3638726472854614
24330,0.0,0.1345091462135315,0.0,0.31571418046951294
24331,0.560546875,0.5765963792800903,0.8838695287704468,0.6968585252761841
24332,0.263671875,0.3680080771446228,0.32801172137260437,0.6205679774284363
24333,0.197998046875,0.2581945061683655,0.29449179768562317,0.36853039264678955
24334,0.606689453125,0.6249694228172302,1.0,0.7951379418373108
24335,0.580322265625,0.6278191208839417,0.86592036485672,0.7374669909477234
24336,0.23828125,0.30033421516418457,0.7039180994033813,0.6166173815727234
24337,0.23828125,0.2869108021259308,0.30167919397354126,0.33270463347435
24338,0.499755859375,0.5122380256652832,1.0,0.8852980732917786
24339,0.2044270783662796,0.23054027557373047,0.5474918484687805,0.5014693140983582
24340,0.703369140625,0.7061134576797485,0.8588406443595886,0.8387294411659241
24341,0.150390625,0.22098812460899353,0.4525081515312195,0.5335321426391602
24342,0.39453125,0.39789003133773804,0.5199966430664062,0.46499285101890564
24343,0.2774251401424408,0.3207460343837738,0.8435737490653992,0.6463372707366943
24344,0.150390625,0.2308799922466278,0.19393208622932434,0.3519066274166107
24345,0.166259765625,0.20817524194717407,0.5307213068008423,0.4645763337612152
24346,0.3599446713924408,0.404867947101593,0.6497723460197449,0.6856845617294312
24347,0.12109375,0.20542579889297485,0.3910655975341797,0.6023082137107849
24348,0.46875,0.48397624492645264,0.3384338617324829,0.6376285552978516
24349,0.3599446713924408,0.42112359404563904,0.5626510977745056,0.7053543329238892
24350,0.260498046875,0.3361327648162842,0.34397661685943604,0.4022095799446106
24351,0.110107421875,0.1483735889196396,1.0,0.9052116274833679
24352,0.02083333395421505,0.051074348390102386,0.23463936150074005,0.3526637852191925
24353,0.228759765625,0.2808057963848114,0.6461858153343201,0.8440425992012024
24354,0.0,0.0,0.0,0.0
24355,0.304931640625,0.36906179785728455,0.49493172764778137,0.6213556528091431
24356,0.0625,0.1647220253944397,0.11613046377897263,0.40675783157348633
24357,0.488037109375,0.5272882580757141,0.7069194316864014,0.6655853986740112
24358,0.518798828125,0.5639299154281616,0.6967307925224304,0.7555949091911316
24359,0.323974609375,0.3849588632583618,0.47805625200271606,0.6731638312339783
24360,0.260498046875,0.32966309785842896,0.397238165140152,0.500053346157074
24361,0.606689453125,0.6225134134292603,1.0,0.9050257802009583
24362,0.0,0.0,0.0,0.0
24363,0.51953125,0.5707784295082092,0.7039180994033813,0.8507024049758911
24364,0.556884765625,0.59624183177948,0.8308104276657104,0.7046786546707153
24365,0.962158203125,0.9626958966255188,0.8420895934104919,0.8880978226661682
24366,0.08203125,0.13575157523155212,0.3631143569946289,0.635236382484436
24367,0.21875,0.21875,0.6309297680854797,0.6309297680854797
24368,0.490234375,0.5135740041732788,0.8556691408157349,0.677213191986084
24369,0.304931640625,0.3379962742328644,1.0,0.8669404983520508
24370,0.956298828125,0.960045576095581,1.0,0.8800402879714966
24371,0.5757649540901184,0.5826929211616516,0.5708760023117065,0.7002752423286438
24372,0.091796875,0.091796875,1.0,1.0
24373,0.584228515625,0.5847616791725159,0.6245770454406738,0.7699713706970215
24374,0.556884765625,0.5923542976379395,0.8308104276657104,0.6354745626449585
24375,0.567138671875,0.5966432690620422,0.7988805174827576,0.8371714949607849
24376,0.374755859375,0.4227263331413269,0.5307213068008423,0.4594040513038635
24377,0.939453125,0.9424718022346497,0.7473011612892151,0.7085087895393372
24378,0.518798828125,0.5549514293670654,1.0,0.9563114047050476
24379,0.951171875,0.9534235000610352,0.9282863140106201,0.793290376663208
24380,0.946533203125,0.9535142183303833,0.8026000261306763,0.7400752902030945
24381,0.9466145634651184,0.9543135762214661,0.5787770748138428,0.6991198062896729
24382,0.05078125,0.06377846747636795,0.5307212471961975,0.44349151849746704
24383,0.110107421875,0.17919039726257324,0.3333333134651184,0.4510155916213989
24384,0.0,0.0069444444961845875,0.0,0.06625422835350037
24385,0.499755859375,0.5844194293022156,0.4098700284957886,0.6105576157569885
24386,0.304931640625,0.37491902709007263,0.4285714626312256,0.461267352104187
24387,0.344482421875,0.3932751417160034,0.5977610945701599,0.674209475517273
24388,0.466064453125,0.5131527781486511,0.629499077796936,0.6524316668510437
24389,0.712158203125,0.7124373316764832,0.7497180104255676,0.7610466480255127
24390,0.966796875,0.9673019051551819,0.8748388290405273,0.8250994682312012
24391,0.110107421875,0.1424347460269928,0.16497723758220673,0.18622446060180664
24392,0.05078125,0.11947645246982574,0.10881868004798889,0.2169465273618698
24393,0.08203125,0.20034223794937134,0.10055973380804062,0.27339980006217957
24394,0.9444172978401184,0.9491224884986877,0.9456308484077454,0.8344577550888062
24395,0.556884765625,0.6033825874328613,0.8308104276657104,0.7302547097206116
24396,0.304931640625,0.3813648819923401,0.4285714626312256,0.5690509676933289
24397,0.431884765625,0.4753166437149048,0.7318407297134399,0.7123861312866211
24398,0.712158203125,0.7124785780906677,0.7497180104255676,0.6775239706039429
24399,0.466064453125,0.5179731249809265,0.7823625802993774,0.733921468257904
24400,0.556884765625,0.5968085527420044,0.8308104276657104,0.7705463171005249
24401,0.197998046875,0.29064351320266724,0.29449179768562317,0.41878920793533325
24402,0.261474609375,0.33295491337776184,0.4285714626312256,0.4771234393119812
24403,0.956298828125,0.9611234068870544,0.7169486284255981,0.8244389295578003
24404,0.16796875,0.22663035988807678,0.276936799287796,0.407705694437027
24405,0.3599446713924408,0.4001917243003845,0.5626510977745056,0.44888442754745483
24406,0.08203125,0.11301171779632568,0.18448074162006378,0.2706965208053589
24407,0.703369140625,0.7060733437538147,0.7838867902755737,0.7183456420898438
24408,0.966796875,0.9676553010940552,0.7653606534004211,0.835026741027832
24409,0.94140625,0.9474203586578369,0.7888506054878235,0.7715643048286438
24410,0.08203125,0.17430616915225983,0.23463936150074005,0.5459083914756775
24411,0.466064453125,0.5297209024429321,0.5450960993766785,0.5183545351028442
24412,0.606689453125,0.6353952288627625,1.0,0.7632467746734619
24413,0.304931640625,0.3379962742328644,1.0,0.8669404983520508
24414,0.02083333395421505,0.06353512406349182,0.07821311801671982,0.2762201726436615
24415,0.323974609375,0.40279334783554077,0.47805625200271606,0.6617246866226196
24416,0.091796875,0.091796875,1.0,1.0
24417,0.568359375,0.5752314329147339,0.6776539087295532,0.7686817049980164
24418,0.567138671875,0.6182708740234375,0.7988805174827576,0.6740068197250366
24419,0.606689453125,0.6284329891204834,1.0,0.8372443914413452
24420,0.2774251401424408,0.33852618932724,0.5188971757888794,0.5188671350479126
24421,0.1875,0.22512969374656677,0.2886616587638855,0.35713067650794983
24422,0.261474609375,0.3070169687271118,0.6151177287101746,0.6108884811401367
24423,0.4375,0.48519599437713623,0.6735438704490662,0.6435487866401672
24424,0.518798828125,0.566077470779419,1.0,0.9595922827720642
24425,0.08203125,0.2029542624950409,0.14433082938194275,0.52337646484375
24426,0.47265625,0.5482868552207947,0.5698384642601013,0.6571415066719055
24427,0.518798828125,0.5929344296455383,0.6967307925224304,0.7646226286888123
24428,0.966796875,0.9671273827552795,0.9422276020050049,0.8836348056793213
24429,0.9673665165901184,0.9677454829216003,1.0,0.8288910388946533
24430,0.499755859375,0.6036996841430664,0.4098700284957886,0.6563625335693359
24431,0.110107421875,0.17823269963264465,0.20503923296928406,0.33226367831230164
24432,0.0625,0.10744652897119522,0.15642623603343964,0.28726857900619507
24433,0.943359375,0.9518901109695435,0.6506248712539673,0.8166154623031616
24434,0.304931640625,0.3442551791667938,1.0,0.6948367357254028
24435,0.2044270783662796,0.22947759926319122,0.5474918484687805,0.4081975817680359
24436,0.499755859375,0.5101591944694519,0.9037794470787048,0.6556058526039124
24437,0.956298828125,0.9611527323722839,0.7169486284255981,0.8829372525215149
24438,0.455078125,0.47272253036499023,0.9385064244270325,0.9009537696838379
24439,0.580322265625,0.6118409633636475,0.86592036485672,0.7410140037536621
24440,0.21875,0.28721925616264343,0.29608193039894104,0.48446789383888245
24441,0.431884765625,0.4624605178833008,0.7318407297134399,0.6488063931465149
24442,0.580322265625,0.6115880012512207,0.86592036485672,0.8051251769065857
24443,0.0,0.14641126990318298,0.0,0.39228329062461853
24444,0.0,0.0078125,0.0,0.08671382814645767
24445,0.508056640625,0.5131216049194336,0.6509066820144653,0.6947789192199707
24446,0.261474609375,0.32237520813941956,0.4285714626312256,0.5371537208557129
24447,0.580322265625,0.6188830137252808,0.86592036485672,0.8407102823257446
24448,0.2774251401424408,0.39118796586990356,0.36153164505958557,0.49091222882270813
24449,0.956298828125,0.9582340121269226,1.0,0.771977424621582
24450,0.263671875,0.3301524817943573,0.32801172137260437,0.4129163324832916
24451,0.263671875,0.3490198254585266,0.7653606534004211,0.8410449028015137
24452,0.08203125,0.11411046981811523,0.7039180994033813,0.5884674191474915
24453,0.567138671875,0.6108651161193848,0.7988805174827576,0.9247703552246094
24454,0.962158203125,0.9624248743057251,0.9625431895256042,0.8360912799835205
24455,0.712158203125,0.7125616073608398,0.7497180104255676,0.7047979831695557
24456,0.580322265625,0.6320496797561646,0.4618985950946808,0.6029993891716003
24457,0.556884765625,0.5968034267425537,0.8308104276657104,0.6852870583534241
24458,0.580322265625,0.6041947603225708,1.0,0.8709937930107117
24459,0.1106770858168602,0.2215883731842041,0.2302355170249939,0.5417134165763855
24460,0.197998046875,0.2626592814922333,0.6871474981307983,0.6395556330680847
24461,0.03125,0.06203460693359375,0.15273310244083405,0.2655319571495056
24462,0.3059895932674408,0.3757176995277405,0.23244215548038483,0.32490795850753784
24463,0.2774251401424408,0.30796027183532715,0.8435737490653992,0.5589991807937622
24464,0.968017578125,0.9680667519569397,1.0,0.9763315916061401
24465,0.431884765625,0.4621390402317047,0.8451594114303589,0.8580282926559448
24466,0.706298828125,0.7100168466567993,0.871160089969635,0.8012218475341797
24467,0.278564453125,0.34115520119667053,0.45805788040161133,0.6004536747932434
24468,0.9673665165901184,0.9676744341850281,1.0,0.8292476534843445
24469,0.606689453125,0.6394190192222595,1.0,0.8135573267936707
24470,0.02083333395421505,0.11448415368795395,0.038710154592990875,0.2802717089653015
24471,0.110107421875,0.1466471254825592,0.20503923296928406,0.26845666766166687
24472,0.110107421875,0.17227861285209656,0.3951442539691925,0.6437536478042603
24473,0.228759765625,0.3151507079601288,0.3974803686141968,0.5421061515808105
24474,0.968017578125,0.9680771231651306,1.0,0.8720777630805969
24475,0.51953125,0.5721194744110107,0.7039180994033813,0.6874986886978149
24476,0.968017578125,0.9680711030960083,1.0,0.9447769522666931
24477,0.469970703125,0.4764041006565094,0.3877114951610565,0.4066278338432312
24478,0.956298828125,0.9611327052116394,0.8195018768310547,0.9344590306282043
24479,0.0625,0.0625,1.0,1.0
24480,0.197998046875,0.2640043795108795,0.6871474981307983,0.6996229290962219
24481,0.260498046875,0.3139885663986206,0.34397661685943604,0.38105711340904236
24482,0.703369140625,0.7090293169021606,0.6423966884613037,0.7152929306030273
24483,0.23046875,0.26773330569267273,0.47306913137435913,0.4386844336986542
24484,0.12109375,0.2708817422389984,0.10909166932106018,0.43896082043647766
24485,0.9673665165901184,0.967900276184082,0.8748590350151062,0.6704128980636597
24486,0.584228515625,0.5843803286552429,0.7689103484153748,0.6673155426979065
24487,0.393798828125,0.44764864444732666,0.5977610945701599,0.5475963354110718
24488,0.05078125,0.06691741943359375,0.5307212471961975,0.6128107309341431
24489,0.956298828125,0.959226131439209,1.0,0.7934265732765198
24490,0.9507649540901184,0.9541475176811218,0.8898733854293823,0.9315183162689209
24491,0.09375,0.1637502759695053,0.29608193039894104,0.40032684803009033
24492,0.706298828125,0.710259735584259,0.871160089969635,0.8665254712104797
24493,0.9444172978401184,0.9510717988014221,0.7589633464813232,0.7165399789810181
24494,0.431884765625,0.4497328996658325,0.7318407297134399,0.5828580856323242
24495,0.16796875,0.20319795608520508,0.3974803686141968,0.4005388915538788
24496,0.166259765625,0.26456218957901,0.22745199501514435,0.41666892170906067
24497,0.968017578125,0.9680777192115784,1.0,0.8720804452896118
24498,0.23828125,0.3190094828605652,0.30167919397354126,0.4202772378921509
24499,0.560546875,0.6169348359107971,0.7653606534004211,0.6557331085205078
24500,0.580322265625,0.6067298650741577,0.86592036485672,0.5489471554756165
24501,0.580322265625,0.6250326037406921,0.86592036485672,0.9100440740585327
24502,0.3599446713924408,0.40886107087135315,0.8075588941574097,0.8537703156471252
24503,0.606689453125,0.633629322052002,1.0,0.7690949440002441
24504,0.9668782353401184,0.9674624800682068,0.892719030380249,0.8903624415397644
24505,0.499755859375,0.5190033912658691,0.9037794470787048,0.8047398328781128
24506,0.518798828125,0.5927071571350098,0.4535067081451416,0.7209009528160095
24507,0.951904296875,0.957203209400177,0.7122209072113037,0.6972494125366211
24508,0.47265625,0.5056668519973755,0.6580725908279419,0.6021758317947388
24509,0.48828125,0.4892446994781494,0.5307213068008423,0.6976467967033386
24510,0.260498046875,0.3267709016799927,0.397238165140152,0.5229218602180481
24511,0.2774251401424408,0.3329576551914215,0.36153164505958557,0.2955988943576813
24512,0.260498046875,0.3163521885871887,0.397238165140152,0.4567665159702301
24513,0.2774251401424408,0.32446810603141785,0.36153164505958557,0.4055902659893036
24514,0.166259765625,0.2330743968486786,0.32645606994628906,0.46753236651420593
24515,0.580322265625,0.6264663934707642,0.86592036485672,0.8403916954994202
24516,0.03125,0.06960610300302505,0.09869397431612015,0.21546202898025513
24517,0.9673665165901184,0.9677484631538391,1.0,0.9040453433990479
24518,0.393798828125,0.4677085280418396,0.5977610945701599,0.7418555021286011
24519,0.518798828125,0.5842549204826355,0.4535067081451416,0.5164564847946167
24520,0.606689453125,0.6348297595977783,1.0,0.7452247142791748
24521,0.606689453125,0.6411280632019043,1.0,0.8438795804977417
24522,0.197998046875,0.28660234808921814,0.29449179768562317,0.5051249861717224
24523,0.490234375,0.5516502261161804,0.5961710214614868,0.6194067001342773
24524,0.197998046875,0.20444488525390625,0.8145672082901001,0.8154931664466858
24525,0.146728515625,0.2060329169034958,0.48975956439971924,0.5410791039466858
24526,0.263671875,0.3889926075935364,0.32801172137260437,0.6326384544372559
24527,0.1875,0.21054992079734802,0.2886616587638855,0.23715455830097198
24528,0.1875,0.26966577768325806,0.20111946761608124,0.31684815883636475
24529,0.263671875,0.3241477310657501,0.32801172137260437,0.3968304395675659
24530,0.431884765625,0.47154858708381653,0.7318407297134399,0.6632116436958313
24531,0.701171875,0.7097516655921936,0.5150786638259888,0.6796514987945557
24532,0.518798828125,0.5622315406799316,0.6967307925224304,0.7307941913604736
24533,0.488037109375,0.5534120798110962,0.6121358871459961,0.5588201284408569
24534,0.9673665165901184,0.9677245616912842,1.0,0.8337201476097107
24535,0.0,0.0128038190305233,0.0,0.2769189476966858
24536,0.466064453125,0.48646265268325806,0.3887326717376709,0.4192250967025757
24537,0.567138671875,0.6115168333053589,0.7988805174827576,0.6826304793357849
24538,0.1875,0.1875,0.5562983751296997,0.45686256885528564
24539,0.966796875,0.9673249125480652,0.8748388290405273,0.6611005067825317
24540,0.499755859375,0.5416849851608276,0.7271926999092102,0.6834390163421631
24541,0.9673665165901184,0.9678184390068054,0.8748590350151062,0.8942663669586182
24542,0.212890625,0.23992395401000977,0.5679726600646973,0.4967212677001953
24543,0.580322265625,0.6114534735679626,0.5636333227157593,0.5133613348007202
24544,0.556884765625,0.5966695547103882,0.8308104276657104,0.8605381846427917
24545,0.580322265625,0.6178081631660461,0.86592036485672,0.6933268904685974
24546,0.091796875,0.18053686618804932,0.1093372330069542,0.185928612947464
24547,0.12109375,0.18735873699188232,0.24055138230323792,0.4097430109977722
24548,0.304931640625,0.38749414682388306,0.4285714626312256,0.5642399787902832
24549,0.951904296875,0.9591214656829834,0.7122209072113037,0.8363781571388245
24550,0.968017578125,0.9680776596069336,1.0,0.7323189377784729
24551,0.03125,0.03125,0.6309297680854797,0.6309297680854797
24552,0.560546875,0.5885912179946899,0.7653606534004211,0.6147873401641846
24553,0.2774251401424408,0.3855705261230469,0.23532335460186005,0.47358471155166626
24554,0.951171875,0.9581148028373718,0.694340705871582,0.7375040650367737
24555,0.0,0.02734375,0.0,0.24738635122776031
24556,0.967041015625,0.9676513671875,0.8122885227203369,0.8713750839233398
24557,0.260498046875,0.33498117327690125,0.397238165140152,0.5452774167060852
24558,0.08203125,0.13664613664150238,0.3631143569946289,0.5320606231689453
24559,0.03125,0.06519094854593277,0.0488467775285244,0.14521560072898865
24560,0.304931640625,0.3578824996948242,0.6151177287101746,0.6308647990226746
24561,0.0625,0.0777646005153656,0.14433082938194275,0.17098546028137207
24562,0.166259765625,0.24088427424430847,0.2626707851886749,0.4264926016330719
24563,0.9673665165901184,0.9677898287773132,1.0,0.9031155109405518
24564,0.261474609375,0.3216589689254761,0.4285714626312256,0.5298405289649963
24565,0.956298828125,0.9589847326278687,1.0,0.8121992945671082
24566,0.304931640625,0.3417570888996124,0.6151177287101746,0.533585786819458
24567,0.580322265625,0.6207020878791809,0.86592036485672,0.7413735389709473
24568,0.47265625,0.5428216457366943,0.5698384642601013,0.6679559946060181
24569,0.304931640625,0.3758629262447357,0.4285714626312256,0.5325844883918762
24570,0.556884765625,0.5957105159759521,0.8308104276657104,0.8328295946121216
24571,0.02083333395421505,0.04488363862037659,0.12103812396526337,0.30413615703582764
24572,0.23828125,0.3267078995704651,0.30167919397354126,0.3828375041484833
24573,0.432373046875,0.44049620628356934,0.4040961265563965,0.6758619546890259
24574,0.212890625,0.30677109956741333,0.24341687560081482,0.3767460882663727
24575,0.03125,0.06937158107757568,0.09869397431612015,0.22004914283752441
24576,0.03125,0.037109375,0.29608193039894104,0.3591475188732147
24577,0.466064453125,0.5147530436515808,0.7823625802993774,0.8388844728469849
24578,0.263671875,0.34569332003593445,0.32801172137260437,0.3740086853504181
24579,0.606689453125,0.6383937001228333,1.0,0.7974413633346558
24580,0.05078125,0.0808488130569458,0.2737712264060974,0.3459774851799011
24581,0.0,0.09707532823085785,0.0,0.28773918747901917
24582,0.9375,0.9501185417175293,0.5364049673080444,0.7166044116020203
24583,0.0,0.0062500000931322575,0.0,0.06336908787488937
24584,0.488037109375,0.5374767184257507,0.6121358871459961,0.4666581451892853
24585,0.344482421875,0.36042529344558716,0.5977610945701599,0.4971325695514679
24586,0.05078125,0.1251017153263092,0.2097114622592926,0.5969097018241882
24587,0.431884765625,0.46456432342529297,0.7318407297134399,0.5815818905830383
24588,0.947998046875,0.9531567096710205,0.8348100185394287,0.7552466988563538
24589,0.110107421875,0.13548873364925385,0.16497723758220673,0.22343069314956665
24590,0.2774251401424408,0.33372682332992554,0.36153164505958557,0.40837544202804565
24591,0.08984375,0.20069922506809235,0.16497723758220673,0.401108980178833
24592,0.12109375,0.22234782576560974,0.10909166932106018,0.25146549940109253
24593,0.962158203125,0.9626394510269165,0.8420895934104919,0.8617253303527832
24594,0.659423828125,0.6622616648674011,0.8254533410072327,0.785051167011261
24595,0.431884765625,0.480994313955307,0.7318407297134399,0.7132977247238159
24596,0.263671875,0.2682563066482544,0.90728360414505,0.6910024881362915
24597,0.16796875,0.2026902586221695,0.3198178708553314,0.36329254508018494
24598,0.146728515625,0.1917879283428192,0.2098969668149948,0.25268933176994324
24599,0.374755859375,0.4174935519695282,0.5307213068008423,0.4416254758834839
24600,0.260498046875,0.28763651847839355,0.49370092153549194,0.4656490385532379
24601,0.946533203125,0.9541475772857666,0.575423002243042,0.6189775466918945
24602,0.606689453125,0.6370440721511841,1.0,0.7568119764328003
24603,0.946533203125,0.952765703201294,0.6577322483062744,0.5781924724578857
24604,0.0,0.015625,0.0,0.43067657947540283
24605,0.706298828125,0.7098075151443481,0.871160089969635,0.7562129497528076
24606,0.03125,0.16353297233581543,0.03016420267522335,0.35189566016197205
24607,0.518798828125,0.5502133965492249,0.6967307925224304,0.6121570467948914
24608,0.228759765625,0.2761192321777344,0.3974803686141968,0.5038076639175415
24609,0.393798828125,0.4554685056209564,0.5977610945701599,0.636958658695221
24611,0.02083333395421505,0.0702718123793602,0.07821311801671982,0.24211084842681885
24612,0.2774251401424408,0.3133108615875244,0.4175114035606384,0.36167535185813904
24613,0.567138671875,0.6154075860977173,0.7988805174827576,0.655930757522583
24614,0.2044270783662796,0.26887476444244385,0.2709710896015167,0.3361044228076935
24615,0.110107421875,0.16070058941841125,0.16497723758220673,0.2582729458808899
24616,0.374755859375,0.47748708724975586,0.3454500138759613,0.4761107861995697
24617,0.431884765625,0.4693313539028168,0.7318407297134399,0.6251816153526306
24618,0.393798828125,0.45339933037757874,0.5977610945701599,0.7169119715690613
24619,0.110107421875,0.13411152362823486,0.3333333134651184,0.25617101788520813
24620,0.518798828125,0.5476157069206238,0.4535067081451416,0.38085898756980896
24621,0.9388020634651184,0.9455069303512573,0.8427215218544006,0.8976844549179077
24622,0.110107421875,0.13650035858154297,0.5158474445343018,0.6913005113601685
24623,0.518798828125,0.5813027620315552,0.4535067081451416,0.7517266869544983
24624,0.197998046875,0.25764453411102295,0.6871474981307983,0.8152620196342468
24625,0.03125,0.07150280475616455,0.15273310244083405,0.32400277256965637
24626,0.110107421875,0.2110622525215149,0.20503923296928406,0.5877494215965271
24627,0.304931640625,0.36871036887168884,0.6151177287101746,0.6667328476905823
24629,0.518798828125,0.553272008895874,0.8046129941940308,0.7520119547843933
24630,0.05078125,0.12217073142528534,0.17690707743167877,0.5497928261756897
24631,0.9673665165901184,0.9678086638450623,0.8748590350151062,0.8035228252410889
24632,0.260498046875,0.3040201663970947,0.8026120662689209,0.9405800104141235
24633,0.571533203125,0.5769163370132446,0.6676040887832642,0.6962114572525024
24634,0.146728515625,0.2207518070936203,0.48975956439971924,0.6295261979103088
24635,0.14453125,0.19211944937705994,0.5307213068008423,0.7118111848831177
24636,0.166259765625,0.19892403483390808,0.5307213068008423,0.4343433678150177
24637,0.946533203125,0.9499303698539734,1.0,0.9066985845565796
24638,0.946533203125,0.946533203125,1.0,0.9343641400337219
24639,0.110107421875,0.13668644428253174,1.0,0.7116180062294006
24640,0.556884765625,0.585667073726654,0.8308104276657104,0.8583504557609558
24641,0.228759765625,0.30211421847343445,0.6461858153343201,0.7338377833366394
24642,0.0625,0.17270994186401367,0.11613046377897263,0.4194120466709137
24643,0.304931640625,0.3617473244667053,1.0,0.9750388860702515
24644,0.304931640625,0.36178529262542725,1.0,0.931516706943512
24645,0.166259765625,0.20165537297725677,0.32645606994628906,0.3964774012565613
24646,0.431884765625,0.47079306840896606,0.7318407297134399,0.7911151647567749
24647,0.488037109375,0.546019971370697,0.6121358871459961,0.6855446100234985
24648,0.531982421875,0.5774575471878052,0.7462155222892761,0.7758869528770447
24649,0.166259765625,0.24382524192333221,0.22745199501514435,0.43092963099479675
24650,0.110107421875,0.16584935784339905,0.3333333134651184,0.5298241376876831
24651,0.304931640625,0.4048805236816406,0.4285714626312256,0.8142885565757751
24652,0.110107421875,0.19074027240276337,0.3333333134651184,0.6328200101852417
24653,0.956298828125,0.958980917930603,1.0,0.9013058543205261
24654,0.9673665165901184,0.9676461815834045,1.0,0.9037413001060486
24655,0.518798828125,0.5390378832817078,1.0,0.759250819683075
24656,0.956298828125,0.9597911238670349,1.0,0.9572857022285461
24657,0.1106770858168602,0.16182014346122742,0.2302355170249939,0.3570949137210846
24658,0.2774251401424408,0.34302547574043274,0.8435737490653992,0.897535502910614
24659,0.712158203125,0.7124541401863098,0.8569586873054504,0.8430697917938232
24660,0.091796875,0.091796875,0.7653606534004211,0.636682391166687
24661,0.956298828125,0.9599846601486206,1.0,1.0
24662,0.567138671875,0.5868396759033203,0.9225797057151794,0.9804881811141968
24663,0.953369140625,0.956415593624115,1.0,0.9235363602638245
24664,0.110107421875,0.1425390988588333,1.0,0.8987026214599609
24665,0.947998046875,0.9505806565284729,0.9146330952644348,0.9566262364387512
24666,0.02083333395421505,0.08247645944356918,0.12103812396526337,0.5562876462936401
24668,0.499755859375,0.499755859375,1.0,0.9561583995819092
24669,0.2044270783662796,0.24191914498806,0.6490147709846497,0.680053174495697
24670,0.518798828125,0.567457914352417,0.6967307925224304,0.8253148198127747
24671,0.304931640625,0.36360111832618713,1.0,0.8122418522834778
24672,0.959228515625,0.9594621062278748,0.9394869804382324,0.9330083727836609
24673,0.606689453125,0.6147055625915527,1.0,0.9154903888702393
24674,0.110107421875,0.1588565558195114,0.3951442539691925,0.5821031928062439
24675,0.946533203125,0.9532362818717957,0.7083972692489624,0.8627938032150269
24676,0.23828125,0.2530398964881897,0.8344475626945496,0.6982108354568481
24677,0.304931640625,0.38435107469558716,0.6151177287101746,0.8401599526405334
24678,0.940673828125,0.9452981352806091,0.8770246505737305,0.8485835790634155
24679,0.197998046875,0.27359244227409363,0.29449179768562317,0.4615117907524109
24680,0.304931640625,0.33847013115882874,1.0,0.8474150896072388
24681,0.304931640625,0.38482093811035156,0.4285714626312256,0.6989998817443848
24682,0.967041015625,0.9673317670822144,0.9284793138504028,0.8943413496017456
24684,0.1875,0.2239837944507599,0.5562983751296997,0.7952475547790527
24685,0.940673828125,0.9517184495925903,0.5046601295471191,0.642485499382019
24686,0.110107421875,0.16653242707252502,0.3333333134651184,0.448533296585083
24687,0.580322265625,0.6047570109367371,0.86592036485672,0.8338397145271301
24688,0.197998046875,0.2625259757041931,0.6871474981307983,0.6948831081390381
24689,0.946533203125,0.948955774307251,1.0,0.9957094788551331
24690,0.393798828125,0.44595861434936523,0.5977610945701599,0.756039023399353
24691,0.228759765625,0.31769052147865295,0.3974803686141968,0.641588032245636
24692,0.12109375,0.20546364784240723,0.3910655975341797,0.6909986138343811
24694,0.110107421875,0.17823269963264465,0.3951442539691925,0.7505086064338684
24695,0.304931640625,0.3612669110298157,0.6151177287101746,0.7221500873565674
24696,0.9388020634651184,0.940237820148468,0.9608869552612305,0.9341732263565063
24697,0.393798828125,0.4617146849632263,0.5977610945701599,0.7603373527526855
24698,0.263671875,0.33228904008865356,0.7653606534004211,0.8061272501945496
24699,0.556884765625,0.5879861116409302,0.8308104276657104,0.8843974471092224
24700,0.228759765625,0.2507568895816803,1.0,0.8673762679100037
24701,0.304931640625,0.3648746609687805,1.0,0.9594380259513855
24702,0.488037109375,0.5384458899497986,0.7069194316864014,0.8737481832504272
24703,0.393798828125,0.44050005078315735,0.690318763256073,0.7403548955917358
24704,0.260498046875,0.32182878255844116,0.8026120662689209,0.7433012127876282
24705,0.703369140625,0.7101681232452393,0.6423966884613037,0.7804736495018005
24706,0.943115234375,0.9475902318954468,0.9313938021659851,0.8831331729888916
24707,0.967041015625,0.9674472212791443,0.9284793138504028,0.9073839783668518
24708,0.212890625,0.2538304030895233,0.67329341173172,0.7338612079620361
24709,0.431884765625,0.4469543993473053,0.8451594114303589,0.835083544254303
24710,0.946533203125,0.9515917301177979,1.0,0.9487147927284241
24711,0.953369140625,0.9574586153030396,0.912726640701294,0.9479426741600037
24712,0.9507649540901184,0.9531030058860779,0.8898733854293823,0.727757453918457
24713,0.2774251401424408,0.34239038825035095,0.8435737490653992,0.7490618824958801
24714,0.9444172978401184,0.9455098509788513,1.0,0.9769695401191711
24715,0.110107421875,0.14191046357154846,1.0,0.8317212462425232
24716,0.09375,0.1193389892578125,0.4581993520259857,0.45551711320877075
24717,0.518798828125,0.5659055113792419,0.8046129941940308,0.8889754414558411
24718,0.110107421875,0.17679227888584137,0.5158474445343018,0.7818142175674438
24719,0.05078125,0.13559183478355408,0.17690707743167877,0.543992817401886
24720,0.531982421875,0.5694557428359985,0.7462155222892761,0.8423513174057007
24721,0.197998046875,0.22509831190109253,0.8145672082901001,0.8458527326583862
24722,0.9668782353401184,0.9670184254646301,1.0,0.9926533102989197
24723,0.0625,0.12128111720085144,0.23463936150074005,0.4634048342704773
24724,0.23828125,0.24859619140625,0.7039180994033813,0.5257869958877563
24725,0.02083333395421505,0.02083333395421505,0.05323231965303421,0.0489700622856617
24726,0.580322265625,0.6216289401054382,0.86592036485672,0.9057337045669556
24727,0.304931640625,0.35213592648506165,1.0,0.8415361046791077
24728,0.146728515625,0.21806713938713074,0.48975956439971924,0.5913119912147522
24729,0.956298828125,0.9589788317680359,1.0,0.9078131318092346
24730,0.110107421875,0.15066374838352203,0.5158474445343018,0.6019705533981323
24731,0.197998046875,0.2750924229621887,0.34009110927581787,0.514128565788269
24733,0.166259765625,0.2791683077812195,0.32645606994628906,0.6907328963279724
24734,0.2774251401424408,0.3347240388393402,0.8435737490653992,0.8907705545425415
24735,0.431884765625,0.46851846575737,0.7318407297134399,0.7788688540458679
24736,0.08984375,0.20599529147148132,0.1428571492433548,0.43014660477638245
24737,0.263671875,0.3085371255874634,0.7653606534004211,0.6212068796157837
24738,0.580322265625,0.6180513501167297,0.86592036485672,0.8863843679428101
24739,0.3059895932674408,0.36704549193382263,0.4357588291168213,0.5929028987884521
24740,0.150390625,0.19988584518432617,0.22396063804626465,0.2787686288356781
24741,0.304931640625,0.38094016909599304,0.6151177287101746,0.8083144426345825
24742,0.580322265625,0.6277188658714294,0.86592036485672,0.9243884682655334
24743,0.951171875,0.9583377242088318,0.6074502468109131,0.7198326587677002
24744,0.940673828125,0.9496033787727356,0.7038999795913696,0.7464269995689392
24745,0.0625,0.0625,0.23463936150074005,0.2080351859331131
24746,0.228759765625,0.28656119108200073,0.6461858153343201,0.7258925437927246
24747,0.946533203125,0.9524769186973572,0.8793432712554932,0.935309648513794
24748,0.943115234375,0.9546789526939392,0.6126077175140381,0.869327962398529
24749,0.580322265625,0.6243640780448914,0.86592036485672,0.9031379818916321
24750,0.953369140625,0.9564935564994812,0.912726640701294,0.8029313683509827
24751,0.499755859375,0.5401513576507568,0.9037794470787048,0.7811550498008728
24752,0.05078125,0.14485275745391846,0.08755692839622498,0.3805532455444336
24753,0.2774251401424408,0.3341212570667267,0.8435737490653992,0.9611832499504089
24754,0.146728515625,0.1980275809764862,0.58057701587677,0.7956300973892212
24755,0.304931640625,0.3742768466472626,0.6151177287101746,0.7353098392486572
24756,0.166259765625,0.2198442667722702,0.5307213068008423,0.6464593410491943
24757,0.956298828125,0.9592751264572144,1.0,0.9587148427963257
24758,0.146728515625,0.2108045071363449,0.48975956439971924,0.640160322189331
24759,0.03125,0.1290140151977539,0.0488467775285244,0.39540910720825195
24760,0.09375,0.11968376487493515,0.35098522901535034,0.43487057089805603
24761,0.0,0.0062500000931322575,0.0,0.1772392839193344
24762,0.0625,0.10268592834472656,0.24207624793052673,0.47702282667160034
24763,0.228759765625,0.29766836762428284,0.3974803686141968,0.514279305934906
24764,0.957763671875,0.9586461782455444,0.7236568927764893,0.8731184601783752
24765,0.94140625,0.9436792135238647,0.7888506054878235,0.7811299562454224
24767,0.967041015625,0.9676188826560974,0.9284793138504028,0.970189094543457
24768,0.260498046875,0.371012419462204,0.27896419167518616,0.6332055330276489
24769,0.03125,0.11713288724422455,0.09869397431612015,0.4338575005531311
24770,0.706298828125,0.7094832062721252,0.871160089969635,0.8767051696777344
24771,0.260498046875,0.3187958598136902,0.8026120662689209,0.8084961175918579
24772,0.146728515625,0.21394197642803192,0.48975956439971924,0.6748316287994385
24773,0.9673665165901184,0.9676803350448608,1.0,0.9308672547340393
24774,0.110107421875,0.1543932408094406,0.5158474445343018,0.6461459398269653
24775,0.146728515625,0.23188500106334686,0.24239754676818848,0.4427573084831238
24776,0.956298828125,0.9602739810943604,0.7169486284255981,0.8870595097541809
24777,0.943359375,0.9476926326751709,0.9184463024139404,0.9019415974617004
24778,0.197998046875,0.26561444997787476,0.29449179768562317,0.39965054392814636
24779,0.953369140625,0.9566061496734619,0.912726640701294,0.9528593420982361
24780,0.166259765625,0.19981789588928223,0.6291344165802002,0.6610980033874512
24781,0.3599446713924408,0.43076011538505554,0.5626510977745056,0.7258870005607605
24782,0.9507649540901184,0.9546388387680054,0.8898733854293823,0.8399380445480347
24783,0.166259765625,0.17741775512695312,0.8213136792182922,0.8381840586662292
24784,0.146728515625,0.2045220583677292,0.48975956439971924,0.5857823491096497
24785,0.08984375,0.17899993062019348,0.20503923296928406,0.44953453540802
24786,0.1106770858168602,0.15320530533790588,0.37429505586624146,0.46640002727508545
24787,0.1458333432674408,0.26057228446006775,0.15272833406925201,0.49057281017303467
24788,0.304931640625,0.37532487511634827,1.0,0.9558305144309998
24789,0.091796875,0.091796875,1.0,1.0
24790,0.110107421875,0.110107421875,0.5158474445343018,0.46714457869529724
24791,0.2044270783662796,0.24949294328689575,0.5474918484687805,0.6116446852684021
24792,0.956298828125,0.9595417976379395,1.0,0.9982799291610718
24793,0.2774251401424408,0.3355270028114319,0.8435737490653992,0.7878311276435852
24794,0.304931640625,0.37751761078834534,0.49493172764778137,0.6763128638267517
24795,0.344482421875,0.3932437300682068,0.5977610945701599,0.8193391561508179
24796,0.9673665165901184,0.9678077697753906,0.8748590350151062,0.8128542900085449
24797,0.956298828125,0.9603694677352905,0.8195018768310547,0.8608630299568176
24798,0.365234375,0.4205983281135559,0.4972013831138611,0.7077443599700928
24799,0.110107421875,0.15885654091835022,0.5158474445343018,0.6943559050559998
24800,0.166259765625,0.2266794890165329,0.5307213068008423,0.4891005754470825
24801,0.091796875,0.1919027864933014,0.255120187997818,0.7095240950584412
24802,0.946533203125,0.9531035423278809,0.8026000261306763,0.8449068665504456
24803,0.110107421875,0.19367626309394836,0.3333333134651184,0.6614070534706116
24804,0.953369140625,0.9591925740242004,0.7479812502861023,0.8877009153366089
24805,0.0,0.01835937425494194,0.0,0.08556071668863297
24806,0.488037109375,0.5133866667747498,0.8785831332206726,0.7993890047073364
24807,0.9673665165901184,0.9678031206130981,0.8748590350151062,0.835864245891571
24808,0.146728515625,0.1965431123971939,0.58057701587677,0.761074960231781
24809,0.0,0.012500000186264515,0.0,0.1815418004989624
24810,0.943115234375,0.9462518095970154,0.9313938021659851,0.917232096195221
24811,0.510498046875,0.5185605883598328,0.43686550855636597,0.6870390176773071
24812,0.0,0.015625,0.0,0.20210735499858856
24813,0.956298828125,0.9585443735122681,1.0,0.9177349209785461
24814,0.0,0.01982421800494194,0.0,0.27417081594467163
24815,0.956298828125,0.957993745803833,1.0,0.8853625655174255
24816,0.967041015625,0.9674193859100342,1.0,0.9938924312591553
24817,0.091796875,0.16943973302841187,0.30242785811424255,0.663899302482605
24818,0.499755859375,0.5735130906105042,0.629690945148468,0.7129670977592468
24819,0.146728515625,0.22170187532901764,0.48975956439971924,0.7393710613250732
24820,0.556884765625,0.6011680960655212,0.8308104276657104,0.8475463390350342
24821,0.166259765625,0.30445998907089233,0.1844630092382431,0.5393478274345398
24822,0.260498046875,0.3409833312034607,0.49370092153549194,0.7272406816482544
24823,0.957763671875,0.9579803347587585,0.9265733957290649,0.9330443739891052
24824,0.091796875,0.17452114820480347,0.255120187997818,0.6234060525894165
24825,0.633056640625,0.6380710601806641,0.715326726436615,0.799226701259613
24826,0.9444172978401184,0.9506292343139648,0.9456308484077454,0.9363680481910706
24827,0.953369140625,0.9556684494018555,1.0,0.9068523049354553
24828,0.374755859375,0.43640848994255066,0.6128985285758972,0.7596604824066162
24829,0.02083333395421505,0.0325520858168602,0.3065735995769501,0.5437713265419006
24830,0.212890625,0.2506459355354309,0.67329341173172,0.7247152924537659
24831,0.951904296875,0.9575411677360535,0.8690900206565857,0.8692236542701721
24832,0.344482421875,0.3938387632369995,0.5977610945701599,0.6583620309829712
24833,0.1875,0.24199645221233368,0.2886616587638855,0.3259502053260803
24834,0.197998046875,0.34649592638015747,0.23883214592933655,0.6017410159111023
24835,0.703369140625,0.7054924964904785,0.7838867902755737,0.7612439393997192
24836,0.110107421875,0.20124629139900208,0.3333333134651184,0.6818299293518066
24837,0.091796875,0.10922050476074219,0.7653606534004211,0.51352858543396
24838,0.228759765625,0.24828624725341797,1.0,1.0
24839,0.0,0.025390625,0.0,0.4824755787849426
24840,0.518798828125,0.5673299431800842,0.8046129941940308,0.8949646949768066
24841,0.260498046875,0.36110442876815796,0.49370092153549194,0.725662887096405
24842,0.44921875,0.49885332584381104,0.7216541767120361,0.6746986508369446
24843,0.9507649540901184,0.9542673826217651,0.8898733854293823,0.8979598879814148
24844,0.166259765625,0.2284201830625534,0.5307213068008423,0.5724092721939087
24845,0.3599446713924408,0.41799187660217285,0.5626510977745056,0.7627292275428772
24846,0.304931640625,0.3592365086078644,1.0,1.0
24847,0.150390625,0.19834259152412415,0.5364180207252502,0.714137852191925
24848,0.957763671875,0.958246111869812,0.8271697163581848,0.7743481993675232
24849,0.3599446713924408,0.40397900342941284,0.8075588941574097,0.871221125125885
24850,0.166259765625,0.18476343154907227,0.6291344165802002,0.7382784485816956
24851,0.260498046875,0.30837100744247437,0.8026120662689209,0.9054334759712219
24852,0.166259765625,0.28364813327789307,0.32645606994628906,0.6320984959602356
24853,0.2774251401424408,0.3281523883342743,0.8435737490653992,0.6300247311592102
24854,0.9444172978401184,0.9472339153289795,0.9456308484077454,0.9519355893135071
24855,0.9388020634651184,0.9452359080314636,0.7410414814949036,0.7640279531478882
24856,0.946533203125,0.9510703086853027,1.0,0.9598761796951294
24857,0.580322265625,0.6162917613983154,0.86592036485672,0.9355970025062561
24858,0.518798828125,0.578011691570282,0.8046129941940308,0.918337345123291
24860,0.466064453125,0.5072951316833496,0.629499077796936,0.6579461693763733
24861,0.110107421875,0.1680646389722824,0.5158474445343018,0.7572245597839355
24862,0.44921875,0.48975908756256104,0.7216541767120361,0.738609790802002
24863,0.953369140625,0.9548407793045044,1.0,0.984731137752533
24864,0.08984375,0.13490961492061615,0.5158474445343018,0.6943560242652893
24865,0.08203125,0.10620657354593277,0.7039180994033813,0.6028078198432922
24866,0.304931640625,0.37389469146728516,0.6151177287101746,0.780655026435852
24867,0.499755859375,0.5704817771911621,0.7271926999092102,0.8752913475036621
24868,0.967041015625,0.967041015625,1.0,1.0
24869,0.08203125,0.12056922912597656,0.27814918756484985,0.38127654790878296
24870,0.2122395932674408,0.27949488162994385,0.4175114035606384,0.6643136143684387
24871,0.703369140625,0.7073549628257751,0.7838867902755737,0.807979166507721
24872,0.943115234375,0.9486874938011169,0.7475366592407227,0.760273814201355
24873,0.14453125,0.22174501419067383,0.5307213068008423,0.6742368936538696
24874,0.556884765625,0.5997838973999023,0.8308104276657104,0.8849717378616333
24875,0.951904296875,0.9555051922798157,0.8690900206565857,0.8312624096870422
24876,0.946533203125,0.953056812286377,0.8793432712554932,0.9653230309486389
24877,0.260498046875,0.3322158753871918,0.8026120662689209,0.8146708011627197
24878,0.0,0.0800396129488945,0.0,0.44913655519485474
24879,0.488037109375,0.5557553172111511,0.6121358871459961,0.8831697106361389
24880,0.959228515625,0.9598711729049683,0.7631344795227051,0.9207113981246948
24881,0.110107421875,0.1588565558195114,0.5158474445343018,0.6943559050559998
24882,0.3599446713924408,0.4286956787109375,0.5626510977745056,0.7424566745758057
24883,0.951904296875,0.9572477340698242,0.8690900206565857,0.875974714756012
24884,0.146728515625,0.20928451418876648,0.48975956439971924,0.6277125477790833
24885,0.05078125,0.06819772720336914,0.5307212471961975,0.6906961798667908
24886,0.23828125,0.3031100928783417,0.43299248814582825,0.6355491280555725
24887,0.2774251401424408,0.3728083670139313,0.36153164505958557,0.6376766562461853
24888,0.304931640625,0.381539911031723,0.4285714626312256,0.6096781492233276
24890,0.44921875,0.4770767092704773,0.7984848022460938,0.8114321827888489
24891,0.703369140625,0.7073971033096313,0.7838867902755737,0.8102313280105591
24892,0.304931640625,0.4053895175457001,0.4285714626312256,0.6309328675270081
24893,0.197998046875,0.2817510962486267,0.42267662286758423,0.6596841216087341
24894,0.146728515625,0.18351887166500092,0.3012597858905792,0.342334121465683
24895,0.0625,0.13428637385368347,0.24207624793052673,0.5629792213439941
24896,0.518798828125,0.569050669670105,1.0,1.0
24897,0.518798828125,0.5783024430274963,0.6967307925224304,0.7527841329574585
24898,0.1106770858168602,0.16076213121414185,0.4437016248703003,0.5951706767082214
24900,0.2044270783662796,0.28820285201072693,0.5474918484687805,0.804038405418396
24901,0.2774251401424408,0.34597569704055786,0.8435737490653992,0.7414998412132263
24902,0.150390625,0.23978115618228912,0.4525081515312195,0.7133198976516724
24903,0.518798828125,0.5625056028366089,0.8046129941940308,0.8253360390663147
24904,0.08203125,0.17048349976539612,0.23463936150074005,0.5174038410186768
24905,0.531982421875,0.5680912137031555,0.8617600202560425,0.8972955942153931
24906,0.146728515625,0.21147561073303223,0.2098969668149948,0.37709948420524597
24907,0.94140625,0.9442952871322632,0.8970906734466553,0.8705050349235535
24908,0.943115234375,0.9494286179542542,0.819014847278595,0.9251024127006531
24909,0.953369140625,0.9574401378631592,0.912726640701294,0.919489324092865
24910,0.940673828125,0.9436261653900146,0.8770246505737305,0.8412926197052002
24911,0.197998046875,0.24779284000396729,0.6871474981307983,0.818340539932251
24912,0.091796875,0.091796875,1.0,1.0
24913,0.967041015625,0.9674590826034546,1.0,0.982587456703186
24914,0.3125,0.3164249658584595,0.4312131702899933,0.5213726758956909
24915,0.0625,0.07421875,0.4692787230014801,0.4703652560710907
24916,0.518798828125,0.5830231308937073,0.6967307925224304,0.8808924555778503
24917,0.304931640625,0.3819575011730194,0.6151177287101746,0.7466004490852356
24918,0.499755859375,0.5807332992553711,0.629690945148468,0.7968515753746033
24919,0.304931640625,0.37751761078834534,1.0,1.0
24920,0.966796875,0.9671027064323425,0.9422276020050049,0.9245795011520386
24921,0.959228515625,0.9599827527999878,0.7631344795227051,0.8446981310844421
24923,0.94140625,0.9487703442573547,0.7200049757957458,0.7842540740966797
24924,0.556884765625,0.5799444913864136,0.8308104276657104,0.7617561221122742
24925,0.606689453125,0.6357277631759644,1.0,0.9743093848228455
24926,0.304931640625,0.3964432179927826,0.6151177287101746,0.8708334565162659
24927,0.9507649540901184,0.9546895027160645,0.8898733854293823,0.8512864112854004
24928,0.967041015625,0.9674315452575684,1.0,0.9538018703460693
24929,0.946533203125,0.9519168734550476,0.8793432712554932,0.8879517912864685
24930,0.488037109375,0.5368387699127197,0.8785831332206726,0.8144217729568481
24931,0.946533203125,0.953418493270874,0.8793432712554932,0.9407479166984558
24932,0.953369140625,0.958027720451355,0.912726640701294,0.7984253168106079
24933,0.9507649540901184,0.9546895027160645,0.8898733854293823,0.9043034911155701
24934,0.9507649540901184,0.954357385635376,0.974961519241333,0.9376044869422913
24935,0.946533203125,0.9538409113883972,0.8026000261306763,0.9134728312492371
24936,0.9668782353401184,0.967300534248352,0.892719030380249,0.810958206653595
24937,0.3599446713924408,0.4051475524902344,0.8075588941574097,0.81036776304245
24938,0.606689453125,0.6357277631759644,1.0,0.9743093848228455
24939,0.953369140625,0.9564935564994812,0.912726640701294,0.8029313683509827
24940,0.943115234375,0.95250004529953,0.7475366592407227,0.8914127349853516
24941,0.9668782353401184,0.967300534248352,0.892719030380249,0.810958206653595
24942,0.3599446713924408,0.40664589405059814,0.8075588941574097,0.816627025604248
24943,0.967041015625,0.9674156308174133,0.9284793138504028,0.8398792743682861
24944,0.943115234375,0.9476304650306702,0.9313938021659851,0.8714255690574646
24945,0.9668782353401184,0.967300534248352,0.892719030380249,0.810958206653595
24946,0.556884765625,0.5799444913864136,0.8308104276657104,0.7405002117156982
24947,0.953369140625,0.9564935564994812,0.912726640701294,0.8029313683509827
24948,0.606689453125,0.6357277631759644,1.0,0.9743093848228455
24949,0.956298828125,0.9592944383621216,1.0,0.8904699087142944
24950,0.967041015625,0.9674698710441589,0.9284793138504028,0.8547932505607605
24951,0.956298828125,0.9588656425476074,1.0,0.8982727527618408
24952,0.967041015625,0.9674156308174133,0.9284793138504028,0.8398792743682861
24953,0.9507649540901184,0.9554492831230164,0.8898733854293823,0.9325470924377441
24954,0.946533203125,0.9538409113883972,0.8026000261306763,0.9134728312492371
24955,0.9507649540901184,0.9554492831230164,0.8898733854293823,0.9325470924377441
24956,0.9668782353401184,0.967300534248352,0.892719030380249,0.810958206653595
24957,0.08984375,0.1658218950033188,0.3333333134651184,0.4886484146118164
24958,0.0,0.14830510318279266,0.0,0.38030439615249634
24959,0.606689453125,0.6361888647079468,1.0,0.8909218311309814
24960,0.110107421875,0.1549457609653473,0.5158474445343018,0.6483519673347473
24961,0.9673665165901184,0.9679083228111267,0.8748590350151062,0.939235508441925
24962,0.3599446713924408,0.4049627184867859,0.5626510977745056,0.6332204341888428
24963,0.2774251401424408,0.3254466950893402,0.8435737490653992,0.7622992992401123
24964,0.110107421875,0.18559043109416962,0.3333333134651184,0.48429256677627563
24965,0.2774251401424408,0.32498735189437866,0.8435737490653992,0.9556935429573059
24966,0.228759765625,0.2948615252971649,0.6461858153343201,0.7643488645553589
24967,0.374755859375,0.47642141580581665,0.3454500138759613,0.591062605381012
24968,0.946533203125,0.9509735107421875,0.8793432712554932,0.8533561825752258
24969,0.946533203125,0.9511842727661133,1.0,0.9720118045806885
24970,0.260498046875,0.3334132432937622,0.8026120662689209,0.9393271803855896
24971,0.03125,0.13204433023929596,0.09869397431612015,0.4225614368915558
24972,0.23828125,0.3208898901939392,0.7039180994033813,0.7698144912719727
24973,0.3599446713924408,0.4274155795574188,0.5626510977745056,0.8476065993309021
24974,0.2774251401424408,0.34024086594581604,0.8435737490653992,0.7754564881324768
24975,0.0,0.02531738206744194,0.0,0.29999473690986633
24976,0.23828125,0.30122077465057373,0.7039180994033813,0.890487790107727
24977,0.228759765625,0.2777877151966095,0.3974803686141968,0.4715680181980133
24978,0.05078125,0.057647705078125,0.5307212471961975,0.6787621974945068
24979,0.466064453125,0.5560247898101807,0.5450960993766785,0.7970356941223145
24980,0.228759765625,0.29873043298721313,0.3974803686141968,0.5232555270195007
24981,0.261474609375,0.31471478939056396,0.6151177287101746,0.766933798789978
24982,0.197998046875,0.24826812744140625,0.6871474981307983,0.6508190631866455
24983,0.304931640625,0.39310336112976074,0.49493172764778137,0.7017984390258789
24984,0.261474609375,0.317916601896286,0.6151177287101746,0.7934444546699524
24985,0.304931640625,0.3668407201766968,1.0,0.9929330945014954
24986,0.580322265625,0.5982555150985718,1.0,0.9713161587715149
24987,0.951904296875,0.9550023078918457,0.9521908760070801,0.9042694568634033
24988,0.490234375,0.5643690824508667,0.5961710214614868,0.7656749486923218
24989,0.260498046875,0.2864389419555664,0.8026120662689209,0.7749566435813904
24990,0.2774251401424408,0.3421708941459656,0.8435737490653992,0.9611261487007141
24992,0.146728515625,0.2098710983991623,0.48975956439971924,0.6456232666969299
24993,0.323974609375,0.36101019382476807,0.47805625200271606,0.47704342007637024
24994,0.9507649540901184,0.9541423916816711,0.974961519241333,0.9401770830154419
24995,0.228759765625,0.3345741331577301,0.3198178708553314,0.5672740936279297
24996,0.03125,0.0536041259765625,0.29608193039894104,0.48526284098625183
24997,0.146728515625,0.18897776305675507,0.58057701587677,0.7102192640304565
24998,0.951171875,0.9544902443885803,0.9282863140106201,0.8557869791984558
24999,0.571533203125,0.5788466334342957,0.6093400716781616,0.7852832674980164
25000,0.146728515625,0.20005886256694794,0.48975956439971924,0.4841737747192383
25001,0.166259765625,0.2021588236093521,0.6291344165802002,0.786235511302948
25002,0.05078125,0.16441017389297485,0.08755692839622498,0.3934433162212372
25003,0.110107421875,0.1588565558195114,0.5158474445343018,0.6943559050559998
25004,0.940673828125,0.9485653042793274,0.5768473744392395,0.7035512328147888
25005,0.703369140625,0.7069993615150452,0.8588406443595886,0.8532111644744873
25006,0.943115234375,0.9475699663162231,0.9313938021659851,0.8815190196037292
25007,0.05078125,0.09905082732439041,0.5307212471961975,0.7162874937057495
25008,0.110107421875,0.16524408757686615,0.3333333134651184,0.43814536929130554
25009,0.08203125,0.11415553838014603,0.7039180994033813,0.8750832080841064
25010,0.304931640625,0.3434629440307617,0.4285714626312256,0.4275487959384918
25011,0.940673828125,0.945249080657959,0.8770246505737305,0.9168993234634399
25012,0.580322265625,0.6226938366889954,0.86592036485672,0.9032097458839417
25013,0.943115234375,0.9488401412963867,0.7475366592407227,0.6831710934638977
25014,0.9444172978401184,0.9476379752159119,0.9456308484077454,0.94077467918396
25015,0.940673828125,0.949908971786499,0.771205723285675,0.8706772923469543
25017,0.212890625,0.3404580354690552,0.24341687560081482,0.5554664134979248
25018,0.304931640625,0.37751761078834534,1.0,1.0
25019,0.946533203125,0.9511842727661133,1.0,0.9469296336174011
25020,0.518798828125,0.5892904996871948,0.6967307925224304,0.8675506711006165
25021,0.580322265625,0.596490204334259,1.0,0.9854637980461121
25022,0.304931640625,0.3787940442562103,0.6151177287101746,0.8298351168632507
25023,0.110107421875,0.11654472351074219,1.0,0.9550236463546753
25024,0.110107421875,0.18747994303703308,0.16497723758220673,0.4289316236972809
25025,0.1875,0.23512746393680573,0.5562983751296997,0.7766672968864441
25026,0.947998046875,0.9544175267219543,0.8348100185394287,0.8898630142211914
25027,0.946533203125,0.9567060470581055,0.575423002243042,0.8955832123756409
25028,0.393798828125,0.46301037073135376,0.5977610945701599,0.8767791986465454
25029,0.091796875,0.1815895140171051,0.255120187997818,0.7226043343544006
25030,0.580322265625,0.6032161116600037,1.0,0.9742670059204102
25031,0.304931640625,0.4065081477165222,0.4285714626312256,0.6648601293563843
25032,0.943115234375,0.9514461755752563,0.7475366592407227,0.7903688549995422
25033,0.47265625,0.5063832998275757,0.8178747296333313,0.9201288819313049
25034,0.967041015625,0.9675866961479187,0.8122885227203369,0.9362672567367554
25035,0.304931640625,0.3603269159793854,0.6151177287101746,0.6340978741645813
25036,0.0,0.012500000186264515,0.0,0.1815418004989624
25037,0.304931640625,0.3488110899925232,0.4285714626312256,0.39709559082984924
25038,0.197998046875,0.2792209982872009,0.6871474981307983,0.8091026544570923
25039,0.967041015625,0.9673970341682434,1.0,0.9392051100730896
25040,0.946533203125,0.951636791229248,1.0,0.9493732452392578
25041,0.08203125,0.1150883287191391,0.3631143569946289,0.6328588128089905
25042,0.499755859375,0.5412126779556274,0.7271926999092102,0.7083485722541809
25043,0.0,0.02083333395421505,0.0,0.3010300099849701
25044,0.580322265625,0.625225305557251,0.86592036485672,0.9443066716194153
25045,0.606689453125,0.6348185539245605,1.0,0.8814310431480408
25046,0.531982421875,0.5621801018714905,0.7462155222892761,0.8432560563087463
25047,0.967041015625,0.9674550890922546,1.0,0.9809970855712891
25048,0.706298828125,0.7106408476829529,0.7139173746109009,0.8625036478042603
25049,0.968017578125,0.9680537581443787,1.0,0.9650951027870178
25050,0.951904296875,0.9576374888420105,0.8690900206565857,0.8902925848960876
25051,0.09375,0.14135387539863586,0.10290931165218353,0.18146070837974548
25052,0.957763671875,0.958244264125824,0.8908864855766296,0.8965395092964172
25053,0.260498046875,0.3328729271888733,0.8026120662689209,0.8839031457901001
25054,0.466064453125,0.5522292256355286,0.5450960993766785,0.5714991688728333
25055,0.957763671875,0.9584959149360657,0.8271697163581848,0.838333249092102
25056,0.953369140625,0.9569758176803589,1.0,0.9644815921783447
25057,0.0625,0.0907309353351593,0.4692787230014801,0.704230010509491
25058,0.9388020634651184,0.9428133368492126,0.8427215218544006,0.9299281239509583
25059,0.110107421875,0.16584935784339905,0.3333333134651184,0.5298241376876831
25060,0.3599446713924408,0.40722328424453735,0.6497723460197449,0.7401989102363586
25061,0.110107421875,0.17823269963264465,0.3951442539691925,0.7505086064338684
25062,0.580322265625,0.6107309460639954,0.86592036485672,0.8343135714530945
25063,0.23828125,0.3050587475299835,0.7039180994033813,0.7380032539367676
25064,0.946533203125,0.9532780051231384,0.8793432712554932,0.9193636775016785
25065,0.197998046875,0.261746346950531,0.6871474981307983,0.6936448812484741
25066,0.556884765625,0.5916745066642761,0.8308104276657104,0.8860849142074585
25067,0.304931640625,0.3481072187423706,1.0,0.9688593745231628
25068,0.260498046875,0.33966660499572754,0.49370092153549194,0.7061023116111755
25070,0.344482421875,0.3905400037765503,0.5977610945701599,0.8062303066253662
25071,0.212890625,0.2961421012878418,0.5679726600646973,0.6428048014640808
25072,0.374755859375,0.4055353105068207,0.5307213068008423,0.4963260591030121
25073,0.110107421875,0.1399383246898651,1.0,0.9424720406532288
25074,0.091796875,0.1593751311302185,0.17363634705543518,0.43931835889816284
25075,0.304931640625,0.3488449156284332,1.0,0.7572061419487
25076,0.150390625,0.150390625,0.2783457934856415,0.2311207801103592
25077,0.197998046875,0.2548530697822571,0.6871474981307983,0.6206667423248291
25078,0.110107421875,0.17436359822750092,0.3333333134651184,0.5222741365432739
25079,0.323974609375,0.3744978606700897,0.47805625200271606,0.5578131675720215
25080,0.518798828125,0.6082677841186523,0.4535067081451416,0.7508218884468079
25081,0.166259765625,0.22551192343235016,0.5307213068008423,0.6030298471450806
25082,0.02083333395421505,0.02083333395421505,0.5,0.5
25083,0.9668782353401184,0.9672921895980835,0.892719030380249,0.8849935531616211
25084,0.946533203125,0.9483914971351624,1.0,0.9290493726730347
25085,0.304931640625,0.37751761078834534,1.0,1.0
25086,0.304931640625,0.3591740131378174,1.0,0.7996492981910706
25087,0.0625,0.091796875,0.27541154623031616,0.5697222948074341
25088,0.940673828125,0.9454824924468994,0.8770246505737305,0.9098824262619019
25089,0.23828125,0.3205152750015259,0.7039180994033813,0.8020779490470886
25090,0.260498046875,0.3274499177932739,0.8026120662689209,0.8294675350189209
25091,0.02083333395421505,0.05024805665016174,0.23463936150074005,0.456823468208313
25092,0.150390625,0.2251780927181244,0.22396063804626465,0.5638083815574646
25093,0.956298828125,0.9596059918403625,0.8195018768310547,0.7888548970222473
25094,0.304931640625,0.3642081916332245,1.0,0.8480411171913147
25095,0.946533203125,0.9565070271492004,0.6577322483062744,0.8526179790496826
25096,0.518798828125,0.5728719830513,0.6967307925224304,0.8146786093711853
25097,0.110107421875,0.1512162685394287,0.2620770037174225,0.3749648928642273
25099,0.03125,0.09030571579933167,0.15273310244083405,0.5202892422676086
25100,0.05078125,0.0782470703125,0.2737712264060974,0.3361399173736572
25101,0.09375,0.1411794275045395,0.29608193039894104,0.36262333393096924
25102,0.962158203125,0.962597131729126,0.8420895934104919,0.9418836236000061
25103,0.304931640625,0.3841036558151245,0.6151177287101746,0.8320347666740417
25104,0.968017578125,0.9680294990539551,1.0,0.9374769926071167
25105,0.0,0.10115407407283783,0.0,0.33917322754859924
25106,0.2774251401424408,0.33612263202667236,0.8435737490653992,0.848556399345398
25107,0.3599446713924408,0.3946041464805603,0.8075588941574097,0.8415277004241943
25108,0.1875,0.25401952862739563,0.4692787230014801,0.737123429775238
25109,0.956298828125,0.9580255150794983,0.8195018768310547,0.7304021120071411
25110,0.518798828125,0.5601881742477417,1.0,0.9019579291343689
25111,0.393798828125,0.44271522760391235,0.8579513430595398,0.8834753036499023
25112,0.940673828125,0.9473098516464233,0.771205723285675,0.832494854927063
25113,0.278564453125,0.32160356640815735,0.39664164185523987,0.40754687786102295
25115,0.304931640625,0.3706616461277008,0.6151177287101746,0.7284075617790222
25116,0.2774251401424408,0.33638715744018555,0.4175114035606384,0.5247811079025269
25117,0.110107421875,0.18444277346134186,0.20503923296928406,0.39299944043159485
25118,0.110107421875,0.17394839227199554,0.20503923296928406,0.37839943170547485
25119,0.0,0.015625,0.0,0.10893649607896805
25120,0.967041015625,0.9676939249038696,0.8122885227203369,0.7980241179466248
25121,0.499755859375,0.5825403928756714,0.4490610957145691,0.7252872586250305
25122,0.2774251401424408,0.3360447883605957,0.8435737490653992,0.7345427870750427
25123,0.706298828125,0.7099366784095764,0.871160089969635,0.9028829336166382
25124,0.0,0.0351911261677742,0.0,0.5400753617286682
25125,0.304931640625,0.3245866298675537,0.6151177287101746,0.44069594144821167
25126,0.166259765625,0.2486831247806549,0.32645606994628906,0.534086287021637
25127,0.166259765625,0.26532015204429626,0.2626707851886749,0.5541288256645203
25128,0.951904296875,0.9566807150840759,0.8690900206565857,0.925556480884552
25129,0.278564453125,0.30069321393966675,0.7276545763015747,0.7245748043060303
25130,0.304931640625,0.37751758098602295,1.0,1.0
25131,0.455078125,0.5115483403205872,0.5115761756896973,0.608924925327301
25132,0.304931640625,0.3665643334388733,1.0,0.8546557426452637
25133,0.9388020634651184,0.9421164989471436,0.6763683557510376,0.599713921546936
25134,0.968017578125,0.9680665731430054,1.0,0.9198146462440491
25135,0.110107421875,0.17982248961925507,0.5158474445343018,0.8259897232055664
25137,0.0625,0.1046142578125,0.1854327917098999,0.4024428129196167
25138,0.166259765625,0.2568587064743042,0.32645606994628906,0.5803564190864563
25139,0.110107421875,0.16778317093849182,0.5158474445343018,0.7907759547233582
25140,0.953369140625,0.9574181437492371,0.912726640701294,0.9276907444000244
25141,0.304931640625,0.3756915330886841,0.4285714626312256,0.574471652507782
25142,0.606689453125,0.6293085813522339,1.0,0.9467288851737976
25143,0.606689453125,0.6323660016059875,1.0,0.8569484353065491
25144,0.967041015625,0.9675745964050293,0.9284793138504028,0.9919912219047546
25145,0.304931640625,0.37751758098602295,0.6151177287101746,0.7731227278709412
25146,0.304931640625,0.37462419271469116,1.0,1.0
25147,0.606689453125,0.6367865204811096,1.0,0.9142223000526428
25148,0.956298828125,0.9594406485557556,1.0,0.9211777448654175
25149,0.05078125,0.15082506835460663,0.17690707743167877,0.4925011098384857
25150,0.393798828125,0.4284715950489044,0.8579513430595398,0.8550756573677063
25151,0.560546875,0.5910710096359253,0.8838695287704468,0.865252673625946
25152,0.956298828125,0.9598557949066162,1.0,0.9767032861709595
25153,0.953369140625,0.9560284614562988,1.0,0.932669460773468
25154,0.9507649540901184,0.9548127055168152,0.8898733854293823,0.9393957853317261
25155,0.9668782353401184,0.9672835469245911,0.9614850282669067,0.8998405933380127
25156,0.9507649540901184,0.9547333717346191,0.8898733854293823,0.8809998035430908
25157,0.304931640625,0.3615441620349884,1.0,0.9307339787483215
25158,0.580322265625,0.6168753504753113,0.86592036485672,0.9395063519477844
25160,0.518798828125,0.5780425071716309,0.6967307925224304,0.6801369190216064
25161,0.580322265625,0.618716835975647,0.86592036485672,0.7958760261535645
25162,0.967041015625,0.9674162864685059,1.0,0.9427846670150757
25163,0.9673665165901184,0.967597246170044,1.0,0.9568144679069519
25164,0.571533203125,0.5757402777671814,0.7592076063156128,0.7211173176765442
25165,0.580322265625,0.6017714738845825,0.86592036485672,0.8242652416229248
25166,0.08203125,0.08203125,0.7039180994033813,0.5855700373649597
25167,0.967041015625,0.9672631621360779,1.0,0.9665420651435852
25168,0.110107421875,0.15885654091835022,1.0,1.0
25169,0.1458333432674408,0.21710285544395447,0.2709710896015167,0.5232883095741272
25170,0.219970703125,0.2864534556865692,0.34397661685943604,0.5595458149909973
25171,0.943115234375,0.9526854157447815,0.6597968339920044,0.8789215683937073
25173,0.556884765625,0.5904290676116943,0.9594535827636719,0.9427098035812378
25174,0.23828125,0.2855757176876068,0.7039180994033813,0.6749597191810608
25175,0.08203125,0.13908106088638306,0.27814918756484985,0.6407590508460999
25176,0.228759765625,0.2787454128265381,0.6461858153343201,0.814781129360199
25177,0.146728515625,0.18196137249469757,0.48975956439971924,0.4803847670555115
25178,0.110107421875,0.19738687574863434,0.3333333134651184,0.6144619584083557
25179,0.0625,0.1181231290102005,0.14433082938194275,0.31200069189071655
25180,0.304931640625,0.327651709318161,1.0,0.9198413491249084
25181,0.499755859375,0.5560284852981567,0.629690945148468,0.6921897530555725
25182,0.166259765625,0.25296729803085327,0.5307213068008423,0.708172082901001
25183,0.304931640625,0.3742768168449402,1.0,0.9510906934738159
25184,0.9673665165901184,0.967849850654602,0.8748590350151062,0.8763939142227173
25185,0.953369140625,0.9560970664024353,1.0,0.985731303691864
25186,0.3599446713924408,0.40685659646987915,0.6497723460197449,0.7155569195747375
25187,0.946533203125,0.952377438545227,0.8026000261306763,0.9061017632484436
25188,0.23828125,0.3292318880558014,0.43299248814582825,0.6762530207633972
25189,0.953369140625,0.957331657409668,0.912726640701294,0.9777975082397461
25190,0.228759765625,0.24726343154907227,0.6461858153343201,0.5506579279899597
25191,0.2044270783662796,0.2758576571941376,0.5474918484687805,0.788509726524353
25192,0.146728515625,0.21378470957279205,0.3012597858905792,0.5813087821006775
25193,0.166259765625,0.2503926753997803,0.5307213068008423,0.6694534420967102
25194,0.166259765625,0.21720576286315918,0.6291344165802002,0.8349753022193909
25195,0.23828125,0.3349859416484833,0.43299248814582825,0.6496448516845703
25196,0.571533203125,0.5752341747283936,0.7592076063156128,0.6846634745597839
25198,0.9444172978401184,0.947132408618927,0.9456308484077454,0.880226731300354
25199,0.9673665165901184,0.9676023125648499,1.0,0.956899881362915
25200,0.0,0.012500000186264515,0.0,0.23719771206378937
25201,0.9668782353401184,0.9674875736236572,0.892719030380249,0.9434784650802612
25202,0.263671875,0.3340931534767151,0.4707868993282318,0.6018763184547424
25203,0.02083333395421505,0.0403645858168602,0.09271639585494995,0.240937277674675
25204,0.956298828125,0.9595988392829895,1.0,0.9722118377685547
25205,0.110107421875,0.21148324012756348,0.2620770037174225,0.5808542370796204
25206,0.556884765625,0.5957459211349487,0.8308104276657104,0.8356979489326477
25207,0.304931640625,0.3987914025783539,0.4285714626312256,0.6680331230163574
25208,0.953369140625,0.9560996294021606,1.0,0.9957123398780823
25209,0.110107421875,0.16273626685142517,0.5158474445343018,0.7381539940834045
25210,0.166259765625,0.22809118032455444,0.5307213068008423,0.6878215074539185
25211,0.580322265625,0.6083440184593201,1.0,0.9374925494194031
25212,0.968017578125,0.9680559635162354,1.0,0.9661116003990173
25213,0.956298828125,0.9585281014442444,1.0,0.9178300499916077
25214,0.260498046875,0.32223400473594666,0.397238165140152,0.5038915276527405
25215,0.518798828125,0.5613152980804443,0.8046129941940308,0.7639865875244141
25216,0.146728515625,0.15695667266845703,0.48975956439971924,0.4561505615711212
25217,0.2774251401424408,0.34235507249832153,0.8435737490653992,0.8249635696411133
25218,0.571533203125,0.5754066705703735,0.7592076063156128,0.7525925636291504
25219,0.946533203125,0.9534698128700256,0.8026000261306763,0.8879386186599731
25220,0.110107421875,0.2013320028781891,0.3333333134651184,0.5752317309379578
25221,0.212890625,0.27257758378982544,0.5679726600646973,0.5767782330513
25222,0.02083333395421505,0.02083333395421505,0.3065735995769501,0.3065735995769501
25223,0.9507649540901184,0.9528857469558716,0.974961519241333,0.9622827172279358
25224,0.951904296875,0.956426203250885,0.8690900206565857,0.7502907514572144
25225,0.556884765625,0.6014794707298279,0.8308104276657104,0.8507168292999268
25226,0.03125,0.09467193484306335,0.09869397431612015,0.3746533989906311
25227,0.951904296875,0.9565843939781189,0.8690900206565857,0.8636698126792908
25228,0.956298828125,0.960158109664917,0.8195018768310547,0.9116307497024536
25229,0.968017578125,0.9680681824684143,1.0,0.9784753918647766
25230,0.556884765625,0.600017786026001,0.8308104276657104,0.869088888168335
25231,0.0,0.11735372245311737,0.0,0.44482889771461487
25232,0.956298828125,0.957316517829895,1.0,0.8204425573348999
25233,0.953369140625,0.957568347454071,0.912726640701294,0.9389678835868835
25234,0.146728515625,0.2071482390165329,0.3012597858905792,0.4435388445854187
25235,0.110107421875,0.16714602708816528,0.5158474445343018,0.7124338150024414
25236,0.228759765625,0.2572758197784424,1.0,0.8504475355148315
25237,0.431884765625,0.4713791012763977,0.7318407297134399,0.7934777736663818
25238,0.228759765625,0.3559015393257141,0.3198178708553314,0.6594399809837341
25239,0.95703125,0.9573891162872314,0.8665862679481506,0.9028939604759216
25240,0.146728515625,0.2455042451620102,0.24239754676818848,0.6225796937942505
25241,0.0625,0.12494012713432312,0.24207624793052673,0.499825119972229
25242,0.05078125,0.08443194627761841,0.5307212471961975,0.6067216396331787
25243,0.2044270783662796,0.2941688299179077,0.5474918484687805,0.7930933237075806
25244,0.580322265625,0.6139865517616272,0.86592036485672,0.8368715643882751
25245,0.02083333395421505,0.02083333395421505,0.5,0.5
25246,0.304931640625,0.3624143600463867,1.0,0.9044673442840576
25247,0.08984375,0.14308568835258484,0.20503923296928406,0.3556876480579376
25248,0.304931640625,0.37751758098602295,1.0,1.0
25249,0.304931640625,0.36185184121131897,0.6151177287101746,0.7520007491111755
25250,0.300537109375,0.33446797728538513,0.6655102372169495,0.7736966013908386
25251,0.9507649540901184,0.9553483724594116,0.8898733854293823,0.9321907758712769
25252,0.260498046875,0.3331475853919983,0.8026120662689209,0.8657596707344055
25253,0.466064453125,0.5229868292808533,0.5450960993766785,0.516250729560852
25254,0.959228515625,0.959522008895874,0.8722942471504211,0.8439558148384094
25255,0.967041015625,0.9674716591835022,0.8122885227203369,0.7968212962150574
25256,0.146728515625,0.1799035668373108,0.11196307837963104,0.1388087272644043
25257,0.0625,0.0849958136677742,0.4692787230014801,0.598281979560852
25258,0.304931640625,0.3701927065849304,0.6151177287101746,0.7540637254714966
25259,0.943115234375,0.9482746124267578,0.9313938021659851,0.9407324194908142
25260,0.02083333395421505,0.02083333395421505,0.5,0.5
25261,0.953369140625,0.9579899907112122,0.912726640701294,0.9902306795120239
25262,0.03125,0.056884765625,0.29608193039894104,0.6797310709953308
25265,0.953369140625,0.957762598991394,0.912726640701294,0.9724572896957397
25267,0.967041015625,0.967557430267334,0.9284793138504028,0.9863426089286804
25269,0.374755859375,0.4407240152359009,0.5307213068008423,0.8043990731239319
25271,0.531982421875,0.5501319169998169,0.8617600202560425,0.9255965948104858
25274,0.197998046875,0.2513895630836487,0.6871474981307983,0.7131041884422302
25275,0.110107421875,0.1310286521911621,1.0,0.9896062016487122
25276,0.0625,0.0625,1.0,1.0
25278,0.431884765625,0.4720713198184967,0.7318407297134399,0.8684254884719849
25280,0.304931640625,0.3918883204460144,0.6151177287101746,0.783833920955658
25281,0.304931640625,0.3215063512325287,1.0,0.9505486488342285
25282,0.304931640625,0.3732230067253113,1.0,0.9897118806838989
25284,0.228759765625,0.28192681074142456,0.7660098671913147,0.9296072125434875
25285,0.3599446713924408,0.3972276747226715,0.8075588941574097,0.8464359641075134
25286,0.110107421875,0.1204071044921875,1.0,0.9828919768333435
25287,0.110107421875,0.1588565558195114,0.5158474445343018,0.6943559050559998
25288,0.304931640625,0.36840879917144775,1.0,0.9819728136062622
25289,0.2774251401424408,0.318838894367218,0.8435737490653992,0.842933714389801
25290,0.304931640625,0.36548948287963867,1.0,0.8905526995658875
25291,0.2774251401424408,0.3254888951778412,0.8435737490653992,0.7446965575218201
25292,0.518798828125,0.5362052917480469,1.0,1.0
25293,0.0625,0.15860651433467865,0.23463936150074005,0.6293450593948364
25294,0.2774251401424408,0.32859480381011963,0.8435737490653992,0.9434269666671753
25295,0.0625,0.0625,1.0,1.0
25296,0.304931640625,0.3704817295074463,1.0,0.9917359948158264
25297,0.9444172978401184,0.9450123906135559,1.0,0.9975411295890808
25298,0.304931640625,0.3232811987400055,1.0,0.9946154356002808
25299,0.2774251401424408,0.3140411674976349,1.0,1.0
25300,0.05078125,0.05078125,0.6934263706207275,0.6934263706207275
25301,0.466064453125,0.4932160973548889,1.0,1.0
25303,0.09375,0.18150024116039276,0.29608193039894104,0.7211421728134155
25305,0.939453125,0.9443248510360718,0.8498401045799255,0.9056676030158997
25306,0.260498046875,0.3657820522785187,0.397238165140152,0.7176593542098999
25307,0.9444172978401184,0.9486926198005676,0.9456308484077454,0.9704796671867371
25308,0.9668782353401184,0.9677805304527283,0.7810032963752747,0.9562398195266724
25309,0.580322265625,0.6134507060050964,0.86592036485672,0.9526625275611877
25310,0.2774251401424408,0.34449729323387146,0.8435737490653992,0.9618849158287048
25311,0.212890625,0.30283212661743164,0.3493700623512268,0.696811318397522
25312,0.956298828125,0.9588302969932556,1.0,0.9926660656929016
25313,0.2774251401424408,0.2774251401424408,1.0,1.0
25314,0.518798828125,0.5814083218574524,0.6967307925224304,0.9060596227645874
25315,0.939453125,0.94219970703125,0.8987017273902893,0.9729871153831482
25316,0.946533203125,0.9486284255981445,1.0,0.9956333041191101
25317,0.951904296875,0.9556381106376648,0.8690900206565857,0.9628753662109375
25318,0.110107421875,0.1204071044921875,1.0,0.9828919768333435
25319,0.560546875,0.6104778051376343,0.7653606534004211,0.936060905456543
25320,0.150390625,0.21304041147232056,0.4525081515312195,0.7784762978553772
25321,0.23828125,0.2718048095703125,0.7039180994033813,0.8926893472671509
25322,0.518798828125,0.5283249616622925,1.0,0.985412061214447
25323,0.110107421875,0.12298202514648438,1.0,1.0
25324,0.12109375,0.14764279127120972,0.46358197927474976,0.5593671798706055
25325,0.2774251401424408,0.332275927066803,0.8435737490653992,0.9632758498191833
25326,0.0625,0.09296874701976776,0.3065735995769501,0.5437713265419006
25327,0.197998046875,0.28831779956817627,0.34009110927581787,0.6925784945487976
25328,0.967041015625,0.967282235622406,1.0,0.9848436117172241
25329,0.946533203125,0.9513590335845947,1.0,0.9893587827682495
25330,0.110107421875,0.110107421875,1.0,1.0
25331,0.228759765625,0.26438742876052856,1.0,1.0
25332,0.580322265625,0.5923728942871094,1.0,1.0
25333,0.212890625,0.27733832597732544,0.67329341173172,0.8846306204795837
25334,0.953369140625,0.9553908109664917,1.0,0.9937686324119568
25335,0.304931640625,0.34221068024635315,1.0,0.9637506604194641
25336,0.946533203125,0.9513764977455139,1.0,0.998481273651123
25337,0.09375,0.09375,0.6309297680854797,0.6309297680854797
25338,0.951171875,0.9516220092773438,0.974895179271698,0.9832614660263062
25339,0.956298828125,0.9602741599082947,0.8195018768310547,0.9351943135261536
25340,0.0,0.012500000186264515,0.0,0.38685280084609985
25341,0.951904296875,0.9541149735450745,0.9521908760070801,0.9602903127670288
25342,0.228759765625,0.2834407687187195,0.7660098671913147,0.9444922208786011
25344,0.091796875,0.15493419766426086,0.3948093354701996,0.7530946135520935
25345,0.1875,0.2001953125,0.8262346386909485,0.9448479413986206
25346,0.304931640625,0.37751761078834534,1.0,1.0
25347,0.0625,0.0625,1.0,1.0
25348,0.0625,0.0625,1.0,1.0
25349,0.146728515625,0.16014467179775238,0.7579237222671509,0.772052526473999
25350,0.03125,0.0396205373108387,0.38685283064842224,0.5912352204322815
25351,0.499755859375,0.5232399702072144,0.9037794470787048,0.9751363396644592
25352,0.431884765625,0.4638288617134094,0.8451594114303589,0.891417920589447
25354,0.300537109375,0.35326430201530457,0.6655102372169495,0.8126293420791626
25355,0.4375,0.4375,1.0,1.0
25356,0.212890625,0.3169025480747223,0.3493700623512268,0.7101927995681763
25357,0.946533203125,0.9499675631523132,1.0,0.9989211559295654
25358,0.110107421875,0.1204071044921875,1.0,0.9828919768333435
25359,0.110107421875,0.1979856640100479,0.3333333134651184,0.7525237798690796
25360,0.304931640625,0.35733169317245483,1.0,0.9821520447731018
25361,0.228759765625,0.30231547355651855,0.6461858153343201,0.8805144429206848
25362,0.02083333395421505,0.0663938969373703,0.12103812396526337,0.5017548203468323
25363,0.304931640625,0.39435142278671265,0.49493172764778137,0.8012958765029907
25364,0.091796875,0.091796875,1.0,1.0
25365,0.110107421875,0.1504150927066803,0.5158474445343018,0.7338443994522095
25366,0.3599446713924408,0.37009844183921814,0.8075588941574097,0.8215928673744202
25367,0.0,0.0351911261677742,0.0,0.5400753617286682
25368,0.0625,0.0708705335855484,0.6131471991539001,0.8175296187400818
25369,0.150390625,0.22044086456298828,0.4525081515312195,0.6977408528327942
25370,0.05078125,0.08932650834321976,0.5307212471961975,0.7982650399208069
25371,0.304931640625,0.35542553663253784,1.0,0.982587993144989
25374,0.455078125,0.5237439274787903,0.5907889604568481,0.8654053211212158
25375,0.261474609375,0.3234823942184448,0.49493172764778137,0.7535467147827148
25376,0.1458333432674408,0.16934408247470856,0.37262624502182007,0.5275828242301941
25377,0.263671875,0.3078465461730957,0.7653606534004211,0.8980895280838013
25378,0.431884765625,0.4808292090892792,0.7318407297134399,0.8914104700088501
25379,0.05078125,0.08286046981811523,0.5307212471961975,0.7816511392593384
25380,0.943115234375,0.9480352401733398,0.9313938021659851,0.9711250066757202
25381,0.518798828125,0.564949095249176,0.8046129941940308,0.9174090027809143
25382,0.304931640625,0.3526989817619324,1.0,0.9981260299682617
25383,0.0625,0.0625,1.0,1.0
25385,0.150390625,0.1998763084411621,0.5364180207252502,0.7934986352920532
25386,0.518798828125,0.5399767160415649,1.0,1.0
25387,0.946533203125,0.9529159665107727,0.8793432712554932,0.9685108661651611
25388,0.091796875,0.1501702070236206,0.3948093354701996,0.7388931512832642
25389,0.1106770858168602,0.1421957015991211,0.5792374610900879,0.6513256430625916
25390,0.260498046875,0.32811444997787476,0.8026120662689209,0.8697988390922546
25391,0.0625,0.0777587890625,0.4692787230014801,0.7720911502838135
25392,0.02083333395421505,0.11045027524232864,0.09271639585494995,0.5689187049865723
25393,0.1875,0.2001953125,0.8262346386909485,0.9448479413986206
25394,0.25390625,0.3210590183734894,0.39664164185523987,0.7167260050773621
25395,0.953369140625,0.9561251401901245,1.0,0.9982059001922607
25396,0.304931640625,0.37751761078834534,1.0,1.0
25397,0.166259765625,0.20295563340187073,0.6291344165802002,0.7900615930557251
25398,0.304931640625,0.36701491475105286,1.0,1.0
25399,0.228759765625,0.2600777745246887,1.0,1.0
25400,0.110107421875,0.16502565145492554,0.3951442539691925,0.7043685913085938
25401,0.110107421875,0.15885654091835022,1.0,1.0
25402,0.197998046875,0.2567172944545746,0.6871474981307983,0.8440337181091309
25403,0.304931640625,0.32504576444625854,1.0,0.9828920364379883
25404,0.0625,0.0625,1.0,1.0
25405,0.228759765625,0.25848710536956787,1.0,0.992773711681366
25406,0.956298828125,0.9587621688842773,1.0,0.9969441890716553
25407,0.2774251401424408,0.34217092394828796,0.8435737490653992,0.9611261487007141
25408,0.2774251401424408,0.3329687714576721,0.8435737490653992,0.9741708636283875
25409,0.1875,0.2255859375,0.4692787230014801,0.6713860630989075
25410,0.5694172978401184,0.5789874792098999,0.4993056654930115,0.7357560992240906
25411,0.946533203125,0.9538260698318481,0.6577322483062744,0.8722264766693115
25412,0.9673665165901184,0.9677139520645142,1.0,0.9952525496482849
25413,0.110107421875,0.17982250452041626,0.5158474445343018,0.8259897232055664
25414,0.228759765625,0.3091922402381897,0.3974803686141968,0.6839559078216553
25415,0.260498046875,0.3169180452823639,0.8026120662689209,0.9071456789970398
25416,0.0625,0.15609492361545563,0.23463936150074005,0.6847284436225891
25417,0.518798828125,0.554295539855957,1.0,0.9925876259803772
25418,0.0,0.046875,0.0,0.43067657947540283
25419,0.110107421875,0.15885654091835022,1.0,1.0
25420,0.431884765625,0.47852981090545654,0.7318407297134399,0.8905477523803711
25421,0.228759765625,0.2600777745246887,1.0,1.0
25422,0.110107421875,0.20439434051513672,0.3333333134651184,0.7670527100563049
25423,0.08984375,0.12406158447265625,0.3951442539691925,0.6233792901039124
25424,0.953369140625,0.9571319222450256,1.0,1.0
25425,0.531982421875,0.5609610676765442,0.8617600202560425,0.9229462146759033
25426,0.02083333395421505,0.02083333395421505,0.5,0.5
25427,0.9668782353401184,0.9670118689537048,1.0,1.0
25428,0.518798828125,0.569050669670105,1.0,1.0
25429,0.9375,0.9375,1.0,1.0
25430,0.166259765625,0.22935527563095093,0.5307213068008423,0.6908589601516724
25431,0.304931640625,0.3366655111312866,1.0,1.0
25432,0.531982421875,0.578994631767273,0.7462155222892761,0.9249011278152466
25433,0.953369140625,0.9547942280769348,1.0,1.0
25434,0.110107421875,0.16805106401443481,0.5158474445343018,0.7940199971199036
25435,0.197998046875,0.22708174586296082,0.8145672082901001,0.8195658326148987
25436,0.08984375,0.12686170637607574,0.3951442539691925,0.6311652660369873
25437,0.02083333395421505,0.09210167825222015,0.09271639585494995,0.5485547184944153
25438,0.2774251401424408,0.3303983509540558,0.8435737490653992,0.927556574344635
25439,0.3059895932674408,0.3059895932674408,0.7309292554855347,0.7309292554855347
25440,0.946533203125,0.95086669921875,0.8793432712554932,0.9484164714813232
25442,0.263671875,0.2971954345703125,0.7653606534004211,0.9502537846565247
25443,0.260498046875,0.3444370925426483,0.49370092153549194,0.7236533164978027
25444,0.2774251401424408,0.3378642499446869,0.5188971757888794,0.7610340714454651
25445,0.304931640625,0.3650248646736145,1.0,0.987617552280426
25446,0.431884765625,0.47869980335235596,0.7318407297134399,0.8790608048439026
25447,0.580322265625,0.6008664965629578,1.0,0.9983397126197815
25448,0.9375,0.9427569508552551,0.8155369758605957,0.9265222549438477
25449,0.228759765625,0.2679787874221802,1.0,1.0
25450,0.02083333395421505,0.0325520858168602,0.3065735995769501,0.5437713265419006
25451,0.228759765625,0.30393436551094055,0.6461858153343201,0.8848962187767029
25453,0.146728515625,0.20327995717525482,0.48975956439971924,0.7709293365478516
25454,0.374755859375,0.4230707883834839,0.6128985285758972,0.8027114272117615
25455,0.946533203125,0.9508765935897827,1.0,0.9866093397140503
25456,0.278564453125,0.30024614930152893,0.7276545763015747,0.7702405452728271
25457,0.499755859375,0.5360076427459717,0.9037794470787048,0.9891727566719055
25458,0.267578125,0.2911791205406189,0.5766665935516357,0.7034584283828735
25459,0.556884765625,0.5699396133422852,0.9594535827636719,0.958112359046936
25460,0.580322265625,0.6105807423591614,0.86592036485672,0.9446024894714355
25461,0.260498046875,0.34091252088546753,0.8026120662689209,0.9457466006278992
25462,0.197998046875,0.24808578193187714,0.6871474981307983,0.7632027864456177
25463,0.9668782353401184,0.9673236608505249,0.892719030380249,0.9649843573570251
25464,0.967041015625,0.9676182270050049,0.8122885227203369,0.9531118273735046
25465,0.499755859375,0.5249136686325073,0.9037794470787048,0.9804353713989258
25466,0.0,0.0445949025452137,0.0,0.41404831409454346
25467,0.304931640625,0.371407151222229,1.0,0.9850161075592041
25468,0.197998046875,0.26701751351356506,0.6871474981307983,0.8112185597419739
25469,0.260498046875,0.31930962204933167,0.8026120662689209,0.9328303933143616
25470,0.197998046875,0.2688916027545929,0.6871474981307983,0.8703875541687012
25471,0.47265625,0.4877992272377014,0.8178747296333313,0.9068688750267029
25472,0.09375,0.1318359375,0.38685283064842224,0.6509209871292114
25473,0.9375,0.9386742115020752,0.9298905730247498,0.9726371169090271
25474,0.580322265625,0.5854165554046631,1.0,0.9582968354225159
25475,0.2774251401424408,0.35971599817276,0.5188971757888794,0.6800333261489868
25477,0.9507649540901184,0.9539060592651367,0.974961519241333,0.9793710112571716
25478,0.9388020634651184,0.9388020634651184,0.9916236400604248,0.9916236400604248
25479,0.110107421875,0.110107421875,1.0,1.0
25480,0.580322265625,0.6151120066642761,1.0,1.0
25481,0.146728515625,0.20546269416809082,0.48975956439971924,0.7789220809936523
25483,0.556884765625,0.5904401540756226,0.8308104276657104,0.802023708820343
25484,0.393798828125,0.4440506398677826,0.8579513430595398,0.9162663817405701
25485,0.146728515625,0.19042181968688965,0.58057701587677,0.775438129901886
25486,0.166259765625,0.2447870373725891,0.5307213068008423,0.8385661244392395
25487,0.304931640625,0.3482896685600281,1.0,0.9933390021324158
25488,0.499755859375,0.601954996585846,0.4490610957145691,0.7635388970375061
25489,0.146728515625,0.1931302845478058,0.58057701587677,0.7791749835014343
25490,0.606689453125,0.6323715448379517,0.6509066820144653,0.7690289616584778
25491,0.0625,0.0625,1.0,1.0
25492,0.488037109375,0.5360658168792725,0.8785831332206726,0.9403887391090393
25493,0.260498046875,0.2944878935813904,0.9514426589012146,0.9651613831520081
25494,0.4375,0.443359375,0.9173194169998169,0.9639987945556641
25495,0.939453125,0.939453125,1.0,1.0
25496,0.03125,0.072364941239357,0.29608193039894104,0.7251244187355042
25497,0.466064453125,0.5217951536178589,0.7823625802993774,0.892701268196106
25498,0.499755859375,0.5417698621749878,0.9037794470787048,0.9830841422080994
25499,0.260498046875,0.2774209976196289,0.9514426589012146,0.957834780216217
25500,0.703369140625,0.7065780758857727,0.8588406443595886,0.8839298486709595
25501,0.08203125,0.11142826080322266,0.7039180994033813,0.8881111145019531
25502,0.304931640625,0.36871036887168884,1.0,0.9441357851028442
25503,0.228759765625,0.27100902795791626,1.0,1.0
25504,0.3599446713924408,0.41983693838119507,0.5626510977745056,0.7434436082839966
25505,0.946533203125,0.9532471299171448,0.8793432712554932,0.9638606309890747
25506,0.197998046875,0.23191949725151062,0.6871474981307983,0.8298313021659851
25507,0.518798828125,0.5768148899078369,0.6967307925224304,0.870403528213501
25508,0.518798828125,0.5847930312156677,0.6967307925224304,0.9102779030799866
25509,0.580322265625,0.6191867589950562,0.86592036485672,0.8636550903320312
25510,0.556884765625,0.568159282207489,0.9594535827636719,0.9636901617050171
25511,0.488037109375,0.5193971395492554,0.8785831332206726,0.9434884786605835
25512,0.05078125,0.08932650834321976,0.5307212471961975,0.7982650399208069
25513,0.304931640625,0.3540682792663574,1.0,0.9227686524391174
25514,0.344482421875,0.38863593339920044,0.5977610945701599,0.7673915028572083
25515,0.304931640625,0.3746241629123688,1.0,1.0
25516,0.9444172978401184,0.9473671317100525,0.9456308484077454,0.9817430377006531
25517,0.110107421875,0.18551987409591675,0.3951442539691925,0.76581209897995
25518,0.304931640625,0.3639741837978363,1.0,0.903145432472229
25519,0.091796875,0.10552978515625,0.7653606534004211,0.9674680233001709
25522,0.2774251401424408,0.34684979915618896,0.5188971757888794,0.6708263158798218
25523,0.146728515625,0.20839975774288177,0.48975956439971924,0.7863136529922485
25524,0.02083333395421505,0.04045722633600235,0.23463936150074005,0.5556779503822327
25525,0.110107421875,0.18069741129875183,0.3951442539691925,0.752754271030426
25526,0.967041015625,0.9674085974693298,0.9284793138504028,0.9711623787879944
25527,0.2774251401424408,0.3381120562553406,0.8435737490653992,0.9466875791549683
25528,0.166259765625,0.17741775512695312,0.8213136792182922,0.8381840586662292
25529,0.953369140625,0.9582425355911255,0.912726640701294,0.9908041954040527
25530,0.08203125,0.0911865234375,0.7039180994033813,0.8710785508155823
25531,0.466064453125,0.5143622159957886,0.7823625802993774,0.9262607097625732
25532,0.951171875,0.9570144414901733,0.8472716808319092,0.9305920600891113
25533,0.304931640625,0.37099727988243103,1.0,0.9911365509033203
25534,0.091796875,0.1437959522008896,0.7653606534004211,0.8899540901184082
25535,0.197998046875,0.26511478424072266,0.6871474981307983,0.807752251625061
25536,0.580322265625,0.6197115778923035,0.86592036485672,0.9220913648605347
25537,0.166259765625,0.25029945373535156,0.5307213068008423,0.8265388607978821
25538,0.706298828125,0.7095988392829895,0.871160089969635,0.9047865271568298
25539,0.466064453125,0.466064453125,1.0,1.0
25540,0.466064453125,0.5043020248413086,0.7823625802993774,0.9440870881080627
25541,0.110107421875,0.2176210582256317,0.3333333134651184,0.7018108367919922
25542,0.606689453125,0.6348438858985901,1.0,0.998358964920044
25543,0.490234375,0.5027313232421875,0.9467676877975464,0.9884819984436035
25544,0.300537109375,0.36008843779563904,0.5354781746864319,0.7551464438438416
25545,0.968017578125,0.9680561423301697,1.0,0.9786289930343628
25546,0.05078125,0.09463068097829819,0.5307212471961975,0.8118374347686768
25547,0.940673828125,0.9497628211975098,0.6461690664291382,0.8457056283950806
25548,0.110107421875,0.15094850957393646,1.0,0.9148569107055664
25549,0.466064453125,0.4995096027851105,0.8656565546989441,0.9420833587646484
25550,0.03125,0.0642416775226593,0.29608193039894104,0.6955762505531311
25551,0.455078125,0.518886148929596,0.5115761756896973,0.821557879447937
25552,0.606689453125,0.6417991518974304,1.0,0.9925042390823364
25553,0.304931640625,0.3574789762496948,1.0,0.851664662361145
25554,0.14453125,0.2166191041469574,0.5307213068008423,0.7891505360603333
25555,0.23828125,0.25136834383010864,0.7039180994033813,0.721510112285614
25556,0.304931640625,0.304931640625,1.0,1.0
25557,0.08203125,0.1340303272008896,0.7039180994033813,0.919646143913269
25558,0.228759765625,0.28509092330932617,0.6461858153343201,0.8977141976356506
25559,0.05078125,0.08674009144306183,0.5307212471961975,0.7815682291984558
25562,0.968017578125,0.9680505990982056,1.0,1.0
25563,0.304931640625,0.36945822834968567,1.0,0.8803485631942749
25564,0.304931640625,0.3680685758590698,1.0,0.9858860969543457
25565,0.304931640625,0.33997049927711487,1.0,0.8677465915679932
25566,0.304931640625,0.373099148273468,1.0,0.9538741111755371
25567,0.146728515625,0.20546269416809082,0.48975956439971924,0.7789220809936523
25568,0.14453125,0.18218079209327698,0.5307213068008423,0.7432692050933838
25569,0.304931640625,0.3610042631626129,1.0,0.8800456523895264
25570,0.393798828125,0.393798828125,0.8579513430595398,0.8579513430595398
25571,0.304931640625,0.3742768466472626,1.0,0.9510906934738159
25572,0.0625,0.0833740234375,0.4692787230014801,0.8179810047149658
25573,0.267578125,0.29229736328125,0.5766665935516357,0.7142220735549927
25574,0.08203125,0.09576416015625,0.7039180994033813,0.9060254693031311
25575,0.365234375,0.365234375,0.8339911699295044,0.8339911699295044
25576,0.12109375,0.17465943098068237,0.46358197927474976,0.7386005520820618
25577,0.110107421875,0.15885654091835022,0.5158474445343018,0.6943559050559998
25578,0.146728515625,0.17687906324863434,0.7579237222671509,0.7736161947250366
25579,0.110107421875,0.14548586308956146,1.0,0.915685772895813
25580,0.374755859375,0.4222184419631958,0.7617307901382446,0.8639079928398132
25581,0.304931640625,0.3332333564758301,1.0,0.9780501127243042
25582,0.146728515625,0.24827034771442413,0.3012597858905792,0.6803936958312988
25583,0.091796875,0.091796875,1.0,1.0
25584,0.304931640625,0.37066736817359924,1.0,1.0
25585,0.110107421875,0.15885654091835022,1.0,1.0
25586,0.197998046875,0.2588758170604706,0.6871474981307983,0.8482264280319214
25587,0.304931640625,0.36309948563575745,1.0,0.9683884978294373
25588,0.304931640625,0.3434629440307617,1.0,0.9798603057861328
25589,0.228759765625,0.28998202085494995,0.6461858153343201,0.7668996453285217
25590,0.499755859375,0.537046492099762,0.9037794470787048,0.9717763662338257
25591,0.967041015625,0.9672471880912781,1.0,1.0
25592,0.228759765625,0.26438742876052856,1.0,1.0
25594,0.110107421875,0.1462436020374298,1.0,1.0
25596,0.518798828125,0.5637661814689636,1.0,0.9931716918945312
25597,0.260498046875,0.32409751415252686,0.8026120662689209,0.9423754811286926
25598,0.091796875,0.20100753009319305,0.255120187997818,0.748264729976654
25599,0.518798828125,0.5387569665908813,1.0,0.9753647446632385
25600,0.567138671875,0.6092184782028198,0.7988805174827576,0.8578287959098816
25602,0.940673828125,0.947775661945343,0.8770246505737305,0.9530887007713318
25603,0.580322265625,0.5997939705848694,1.0,0.9897897839546204
25604,0.304931640625,0.36518868803977966,1.0,1.0
25606,0.166259765625,0.2295491248369217,0.5307213068008423,0.8208250999450684
25607,0.2774251401424408,0.33030062913894653,0.8435737490653992,0.9501103162765503
25608,0.940673828125,0.947702169418335,0.7038999795913696,0.8848879337310791
25609,0.531982421875,0.5737821459770203,0.7462155222892761,0.8933433294296265
25610,0.166259765625,0.22394762933254242,0.5307213068008423,0.8058062195777893
25611,0.940673828125,0.9477525353431702,0.771205723285675,0.9022918343544006
25613,0.518798828125,0.5464950799942017,1.0,0.9887180924415588
25615,0.197998046875,0.2563559412956238,0.6871474981307983,0.8614212274551392
25616,0.110107421875,0.17145399749279022,0.3951442539691925,0.6733749508857727
25617,0.110107421875,0.15836742520332336,0.5158474445343018,0.7635095715522766
25618,0.14453125,0.20391124486923218,0.5307213068008423,0.7634994387626648
25619,0.08203125,0.1302037239074707,0.3631143569946289,0.6842838525772095
25620,0.260498046875,0.35984838008880615,0.34397661685943604,0.7433433532714844
25621,0.518798828125,0.5619925260543823,0.8046129941940308,0.9080632925033569
25622,0.518798828125,0.5839194059371948,0.6967307925224304,0.9355067610740662
25623,0.304931640625,0.3621583580970764,1.0,1.0
25624,0.488037109375,0.5495231747627258,0.7069194316864014,0.8976653814315796
25625,0.580322265625,0.6124609112739563,1.0,1.0
25626,0.953369140625,0.9570620656013489,1.0,0.9967894554138184
25627,0.2774251401424408,0.3613591194152832,0.5188971757888794,0.7415779829025269
25628,0.146728515625,0.146728515625,0.7579237222671509,0.7579237222671509
25629,0.09375,0.09375,0.6309297680854797,0.6309297680854797
25630,0.2044270783662796,0.25216469168663025,0.5474918484687805,0.7906925082206726
25631,0.499755859375,0.5551499724388123,0.629690945148468,0.7205798029899597
25632,0.9444172978401184,0.946792483329773,1.0,1.0
25633,0.946533203125,0.9512544870376587,1.0,0.9940059185028076
25634,0.393798828125,0.453011691570282,0.690318763256073,0.8696720600128174
25635,0.228759765625,0.2855256497859955,0.6461858153343201,0.8887569904327393
25636,0.943115234375,0.9491766095161438,0.9313938021659851,0.9675227403640747
25637,0.567138671875,0.592755913734436,0.9225797057151794,0.9811849594116211
25638,0.146728515625,0.2070654332637787,0.48975956439971924,0.7771543264389038
25639,0.366455078125,0.3756667971611023,0.398443341255188,0.6315954923629761
25640,0.946533203125,0.9506361484527588,0.8793432712554932,0.9398817420005798
25642,0.304931640625,0.3295130729675293,1.0,0.9427730441093445
25643,0.946533203125,0.9493510723114014,1.0,0.9967659711837769
25645,0.946533203125,0.9511683583259583,1.0,1.0
25646,0.110107421875,0.17982248961925507,0.5158474445343018,0.8259897232055664
25647,0.518798828125,0.565500020980835,1.0,0.9967904090881348
25648,0.556884765625,0.6008730530738831,0.8308104276657104,0.9356658458709717
25649,0.260498046875,0.31435707211494446,0.8026120662689209,0.9300109148025513
25650,0.091796875,0.091796875,1.0,1.0
25651,0.304931640625,0.3551953434944153,1.0,0.9781854152679443
25652,0.946533203125,0.951589822769165,1.0,1.0
25653,0.0625,0.15413442254066467,0.15642623603343964,0.6563255786895752
25654,0.2774251401424408,0.34401705861091614,0.8435737490653992,0.955543577671051
25656,0.228759765625,0.2446599006652832,1.0,0.9849510788917542
25657,0.03125,0.11434568464756012,0.09869397431612015,0.5800377130508423
25659,0.110107421875,0.20530161261558533,0.3333333134651184,0.7643800377845764
25660,0.2774251401424408,0.32742130756378174,0.8435737490653992,0.9496821761131287
25661,0.1106770858168602,0.1463826596736908,0.4437016248703003,0.6832863092422485
25662,0.431884765625,0.46107786893844604,0.8451594114303589,0.8522955179214478
25663,0.946533203125,0.9508495926856995,1.0,0.9953184127807617
25664,0.304931640625,0.34289342164993286,1.0,0.9841177463531494
25665,0.947998046875,0.9538317322731018,0.8348100185394287,0.9454514980316162
25666,0.567138671875,0.5893821716308594,0.9225797057151794,0.8994513154029846
25667,0.228759765625,0.2679787874221802,1.0,0.9558244943618774
25668,0.110107421875,0.15848776698112488,0.5158474445343018,0.7688271999359131
25669,0.228759765625,0.27300670742988586,0.7660098671913147,0.9125570058822632
25670,0.14453125,0.18138836324214935,0.5307213068008423,0.6727087497711182
25672,0.466064453125,0.5300994515419006,0.5450960993766785,0.8200368285179138
25673,0.962158203125,0.9625548124313354,0.9625431895256042,0.9699468016624451
25674,0.2774251401424408,0.3073183000087738,1.0,0.9955229759216309
25675,0.518798828125,0.5586720108985901,1.0,0.9510917663574219
25677,0.110107421875,0.1512162685394287,1.0,1.0
25678,0.304931640625,0.36295658349990845,1.0,0.8878829479217529
25679,0.091796875,0.10552978515625,0.7653606534004211,0.9674680233001709
25680,0.110107421875,0.1512162685394287,1.0,1.0
25681,0.518798828125,0.5550946593284607,1.0,0.991421103477478
25682,0.05078125,0.09721120446920395,0.5307212471961975,0.7545493245124817
25683,0.580322265625,0.6244902014732361,0.86592036485672,0.9452242851257324
25684,0.110107421875,0.13263797760009766,1.0,1.0
25685,0.2044270783662796,0.2044270783662796,0.963940441608429,0.963940441608429
25686,0.110107421875,0.1499060094356537,1.0,0.9918291568756104
25687,0.228759765625,0.27245306968688965,0.7660098671913147,0.9203686714172363
25689,0.0625,0.0625,1.0,1.0
25690,0.091796875,0.1158294677734375,0.7653606534004211,0.9558295607566833
25691,0.606689453125,0.6392685770988464,1.0,0.9782831072807312
25692,0.374755859375,0.4195798635482788,0.7617307901382446,0.867793619632721
25693,0.212890625,0.30504095554351807,0.5679726600646973,0.892259955406189
25694,0.953369140625,0.9567221999168396,1.0,0.9986283779144287
25695,0.0625,0.0625,1.0,1.0
25696,0.2774251401424408,0.34224000573158264,0.8435737490653992,0.9661604166030884
25697,0.304931640625,0.37751761078834534,1.0,1.0
25698,0.466064453125,0.5000068545341492,0.8656565546989441,0.9441104531288147
25699,0.166259765625,0.18578624725341797,0.8213136792182922,0.8508342504501343
25700,0.2774251401424408,0.3383028209209442,0.8435737490653992,0.9524919986724854
25701,0.166259765625,0.19757778942584991,0.8213136792182922,0.8690776824951172
25702,0.110107421875,0.15885654091835022,1.0,1.0
25703,0.260498046875,0.30969515442848206,0.8026120662689209,0.9137594699859619
25704,0.110107421875,0.2061108499765396,0.3333333134651184,0.7682077884674072
25705,0.08203125,0.08203125,0.9197208285331726,0.9197208285331726
25706,0.304931640625,0.3397778272628784,1.0,1.0
25707,0.606689453125,0.6348413228988647,1.0,0.9720688462257385
25708,0.946533203125,0.9504539966583252,1.0,0.9968686103820801
25709,0.953369140625,0.9556574821472168,1.0,0.9938093423843384
25710,0.05078125,0.08932650834321976,0.5307212471961975,0.7982650399208069
25711,0.304931640625,0.3398453891277313,1.0,0.9899959564208984
25712,0.2774251401424408,0.3105714023113251,0.8435737490653992,0.9471848011016846
25713,0.956298828125,0.9589093327522278,1.0,0.9798905253410339
25714,0.956298828125,0.9585280418395996,1.0,1.0
25715,0.228759765625,0.2950543761253357,0.6461858153343201,0.9093233942985535
25716,0.146728515625,0.17738983035087585,0.7579237222671509,0.8194628953933716
25717,0.304931640625,0.37462419271469116,1.0,0.9363793134689331
25718,0.091796875,0.091796875,1.0,1.0
25719,0.09375,0.11459359526634216,0.4581993520259857,0.6352574825286865
25720,0.9444172978401184,0.949984610080719,0.9456308484077454,0.9808366298675537
25721,0.0,0.02734375,0.0,0.5012658834457397
25722,0.393798828125,0.43551525473594666,0.8579513430595398,0.9010136723518372
25723,0.08203125,0.1479814052581787,0.27814918756484985,0.6730889081954956
25725,0.304931640625,0.3635978698730469,0.6151177287101746,0.8051066398620605
25726,0.706298828125,0.7090324759483337,0.871160089969635,0.889752209186554
25727,0.304931640625,0.32453638315200806,1.0,0.9854159355163574
25728,0.228759765625,0.2740585505962372,0.6461858153343201,0.8598945140838623
25729,0.0,0.0,0.0,0.0
25730,0.304931640625,0.304931640625,1.0,1.0
25731,0.02083333395421505,0.02083333395421505,0.5,0.5
25732,0.110107421875,0.16475296020507812,0.5158474445343018,0.7811062932014465
25733,0.304931640625,0.3753248453140259,1.0,0.9558305144309998
25734,0.23828125,0.3279606103897095,0.43299248814582825,0.7110556364059448
25736,0.946533203125,0.9489742517471313,1.0,1.0
25737,0.946533203125,0.9488862752914429,1.0,1.0
25738,0.9444172978401184,0.9491782188415527,0.8315341472625732,0.9245316386222839
25739,0.278564453125,0.30919694900512695,0.6298989057540894,0.7462978363037109
25740,0.518798828125,0.5342570543289185,1.0,0.9965762495994568
25741,0.9444172978401184,0.9516977071762085,0.8315341472625732,0.9471501708030701
25742,0.951904296875,0.9548834562301636,0.9521908760070801,0.9872027039527893
25743,0.967041015625,0.9673157930374146,1.0,0.9913602471351624
25745,0.946533203125,0.9483426809310913,1.0,1.0
25746,0.03125,0.03125,0.6309297680854797,0.6309297680854797
25748,0.304931640625,0.35125359892845154,1.0,0.9935719966888428
25750,0.091796875,0.1628432273864746,0.30242785811424255,0.7050256133079529
25751,0.2044270783662796,0.24626071751117706,0.8472668528556824,0.9445869326591492
25752,0.304931640625,0.38501372933387756,0.49493172764778137,0.687870442867279
25753,0.304931640625,0.37099727988243103,1.0,0.9454194903373718
25754,0.08984375,0.15429145097732544,0.3333333134651184,0.6138166189193726
25755,0.2774251401424408,0.3248153626918793,0.8435737490653992,0.9831233620643616
25756,0.09375,0.09375,0.6309297680854797,0.6309297680854797
25757,0.14453125,0.20012986660003662,0.5307213068008423,0.7683147192001343
25758,0.110107421875,0.1462436020374298,1.0,1.0
25759,0.260498046875,0.29199114441871643,0.8026120662689209,0.9183156490325928
25760,0.110107421875,0.17320090532302856,0.5158474445343018,0.808742105960846
25762,0.967041015625,0.9672382473945618,1.0,0.998088538646698
25763,0.518798828125,0.5837934017181396,0.6967307925224304,0.9300245642662048
25764,0.374755859375,0.41649389266967773,0.7617307901382446,0.8617719411849976
25765,0.518798828125,0.5660768151283264,0.8046129941940308,0.9224153757095337
25766,0.110107421875,0.13263797760009766,1.0,1.0
25767,0.940673828125,0.944753110408783,0.8770246505737305,0.9523003697395325
25768,0.9388020634651184,0.9397175908088684,0.9608869552612305,0.987585723400116
25769,0.943359375,0.94415283203125,0.97125244140625,0.9960142970085144
25770,0.304931640625,0.3746241629123688,1.0,1.0
25771,0.9444172978401184,0.9534956812858582,0.6698823571205139,0.8635326027870178
25772,0.956298828125,0.9585252404212952,1.0,0.997063934803009
25773,0.0625,0.0625,1.0,1.0
25774,0.9444172978401184,0.945477306842804,1.0,0.9959105253219604
25775,0.228759765625,0.2600777745246887,1.0,1.0
25776,0.957763671875,0.9581037759780884,0.8908864855766296,0.9175022840499878
25777,0.260498046875,0.3323673605918884,0.8026120662689209,0.9378489851951599
25778,0.110107421875,0.1479802131652832,0.5158474445343018,0.7371376156806946
25779,0.956298828125,0.9597036242485046,1.0,0.9853960275650024
25780,0.946533203125,0.9518674612045288,1.0,0.9739895462989807
25781,0.488037109375,0.5430587530136108,0.6121358871459961,0.82005375623703
25782,0.490234375,0.5604366064071655,0.6884825229644775,0.9036591053009033
25783,0.110107421875,0.1462436020374298,1.0,1.0
25784,0.488037109375,0.5105390548706055,0.8785831332206726,0.9566176533699036
25785,0.110107421875,0.1549457609653473,1.0,0.9337458610534668
25786,0.110107421875,0.110107421875,1.0,1.0
25787,0.110107421875,0.1588565558195114,1.0,1.0
25788,0.197998046875,0.23300671577453613,0.6871474981307983,0.7217302918434143
25789,0.2774251401424408,0.35330355167388916,0.8435737490653992,0.957413375377655
25790,0.304931640625,0.3195981979370117,1.0,1.0
25791,0.263671875,0.27192384004592896,0.90728360414505,0.9790188074111938
25792,0.05078125,0.0748138427734375,0.5307212471961975,0.7606395483016968
25793,0.518798828125,0.5500730276107788,1.0,1.0
25794,0.091796875,0.091796875,1.0,1.0
25795,0.967041015625,0.967127799987793,1.0,1.0
25796,0.146728515625,0.18586865067481995,0.58057701587677,0.7640388011932373
25797,0.365234375,0.4076542556285858,0.7136205434799194,0.841975212097168
25798,0.0625,0.0625,1.0,1.0
25799,0.956298828125,0.9584617614746094,1.0,1.0
25800,0.0625,0.08655030280351639,0.4692787230014801,0.7827140688896179
25801,0.518798828125,0.5589945912361145,1.0,0.9430496692657471
25802,0.261474609375,0.2731904983520508,0.6806060075759888,0.7061794996261597
25803,0.1875,0.2849535346031189,0.31939393281936646,0.6824756264686584
25804,0.0625,0.0936606228351593,0.4692787230014801,0.7190932631492615
25805,0.304931640625,0.3574824333190918,1.0,1.0
25806,0.110107421875,0.12298202514648438,1.0,1.0
25807,0.110107421875,0.110107421875,1.0,1.0
25808,0.278564453125,0.32672372460365295,0.5692896842956543,0.7572957873344421
25809,0.947998046875,0.953843891620636,0.8348100185394287,0.9437961578369141
25810,0.556884765625,0.5920194983482361,0.8308104276657104,0.9475768804550171
25811,0.968017578125,0.9680752158164978,1.0,0.9986030459403992
25812,0.9375,0.9375,1.0,1.0
25813,0.304931640625,0.43292877078056335,0.34757038950920105,0.6936852931976318
25814,0.943115234375,0.9497352838516235,0.819014847278595,0.9446352124214172
25815,0.03125,0.0458984375,0.38685283064842224,0.6509209871292114
25816,0.304931640625,0.37462419271469116,1.0,1.0
25817,0.304931640625,0.304931640625,1.0,1.0
25819,0.110107421875,0.1512162685394287,1.0,1.0
25820,0.304931640625,0.35843613743782043,1.0,0.9659827351570129
25821,0.304931640625,0.3530694544315338,1.0,1.0
25822,0.499755859375,0.5377295017242432,0.9037794470787048,0.9745092988014221
25823,0.304931640625,0.3536849617958069,1.0,0.9937778115272522
25824,0.466064453125,0.5077017545700073,0.7823625802993774,0.945809006690979
25825,0.228759765625,0.23991775512695312,1.0,1.0
25826,0.2122395932674408,0.2532564401626587,0.5188971757888794,0.6867557168006897
25827,0.110107421875,0.1558879315853119,0.5158474445343018,0.7484850287437439
25828,0.300537109375,0.32716187834739685,0.6655102372169495,0.7692956924438477
25829,0.05078125,0.09905082732439041,0.5307212471961975,0.8232007026672363
25830,0.278564453125,0.3351954221725464,0.5692896842956543,0.7738013863563538
25831,0.03125,0.07802273333072662,0.29608193039894104,0.7424242496490479
25832,0.260498046875,0.294487863779068,0.9514426589012146,0.9651613831520081
25833,0.0625,0.0936606228351593,0.4692787230014801,0.8276904225349426
25834,0.212890625,0.212890625,1.0,1.0
25835,0.940673828125,0.948269784450531,0.771205723285675,0.9325014352798462
25836,0.304931640625,0.35593631863594055,1.0,0.9815686345100403
25837,0.966796875,0.9672631025314331,0.8748388290405273,0.9780720472335815
25838,0.3599446713924408,0.38112252950668335,0.8075588941574097,0.8343228101730347
25839,0.9375,0.9375,1.0,1.0
25840,0.110107421875,0.1588565558195114,1.0,1.0
25841,0.943115234375,0.95038241147995,0.819014847278595,0.9426401853561401
25842,0.197998046875,0.197998046875,0.8145672082901001,0.8145672082901001
25843,0.228759765625,0.27317753434181213,0.6461858153343201,0.8704661130905151
25844,0.531982421875,0.5495321154594421,0.9340764880180359,0.9451761245727539
25845,0.304931640625,0.3569512963294983,1.0,0.9787898659706116
25846,0.05078125,0.06451416015625,0.5307212471961975,0.732828676700592
25847,0.374755859375,0.4087163209915161,0.7617307901382446,0.83756422996521
25848,0.455078125,0.4818572998046875,0.8124242424964905,0.9387893080711365
25849,0.05078125,0.0865849107503891,0.2737712264060974,0.561557948589325
25850,0.946533203125,0.9506921172142029,1.0,0.9979436993598938
25851,0.706298828125,0.7072257995605469,0.871160089969635,0.878036379814148
25852,0.1106770858168602,0.17482933402061462,0.37429505586624146,0.721408486366272
25853,0.08203125,0.09576416015625,0.7039180994033813,0.9060254693031311
25854,0.260498046875,0.31036677956581116,0.8026120662689209,0.8918055295944214
25855,0.212890625,0.2508934736251831,0.8789618015289307,0.9672694206237793
25856,0.02083333395421505,0.0988689661026001,0.09271639585494995,0.5642552971839905
25857,0.091796875,0.118263378739357,0.7653606534004211,0.8192424178123474
25858,0.260498046875,0.3297351896762848,0.8026120662689209,0.9319779872894287
25859,0.260498046875,0.3105265200138092,0.8026120662689209,0.9348061680793762
25860,0.263671875,0.3077518939971924,0.7653606534004211,0.893248975276947
25861,0.03125,0.03125,0.6309297680854797,0.6309297680854797
25862,0.228759765625,0.228759765625,1.0,1.0
25863,0.393798828125,0.43560153245925903,0.690318763256073,0.8323426842689514
25864,0.580322265625,0.6129122376441956,0.86592036485672,0.9642569422721863
25865,0.606689453125,0.6368751525878906,1.0,0.981624186038971
25866,0.110107421875,0.1512162685394287,1.0,1.0
25867,0.166259765625,0.18439149856567383,0.8213136792182922,0.8446413278579712
25868,0.110107421875,0.110107421875,1.0,1.0
25869,0.556884765625,0.5866138339042664,0.8308104276657104,0.9264357089996338
25870,0.263671875,0.27398681640625,0.90728360414505,0.9871451258659363
25871,0.110107421875,0.17103008925914764,0.3951442539691925,0.7271279692649841
25872,0.518798828125,0.5652213096618652,1.0,1.0
25873,0.518798828125,0.5521249771118164,1.0,1.0
25874,0.219970703125,0.2615453898906708,0.49370092153549194,0.6862282156944275
25875,0.518798828125,0.5559176206588745,1.0,0.9901958703994751
25876,0.05078125,0.10867816209793091,0.12040402740240097,0.3359675407409668
25877,0.110107421875,0.18176203966140747,0.3951442539691925,0.7238187789916992
25878,0.09375,0.1022135391831398,0.5212960839271545,0.6193996071815491
25879,0.304931640625,0.3482896685600281,1.0,0.9933390021324158
25880,0.393798828125,0.40250205993652344,0.8579513430595398,0.8440782427787781
25881,0.518798828125,0.569050669670105,1.0,1.0
25882,0.110107421875,0.1512162685394287,1.0,1.0
25883,0.212890625,0.23582826554775238,0.8789618015289307,0.9512704610824585
25884,0.08984375,0.1345686912536621,0.3951442539691925,0.6567089557647705
25885,0.110107421875,0.110107421875,1.0,1.0
25886,0.0,0.012500000186264515,0.0,0.38685280084609985
25887,0.219970703125,0.275510311126709,0.49370092153549194,0.7131287455558777
25888,0.488037109375,0.5358197689056396,0.8785831332206726,0.9454556703567505
25889,0.300537109375,0.33870935440063477,0.6655102372169495,0.7774527072906494
25890,0.943115234375,0.9467606544494629,0.9313938021659851,0.9801879525184631
25891,0.488037109375,0.5349917411804199,0.7069194316864014,0.8710216283798218
25892,0.953369140625,0.955317497253418,1.0,0.9364849925041199
25893,0.304931640625,0.3574824333190918,1.0,1.0
25894,0.0625,0.0625,1.0,1.0
25895,0.05078125,0.07309722900390625,0.5307212471961975,0.7486761212348938
25896,0.304931640625,0.35718148946762085,1.0,0.9895544052124023
25897,0.0625,0.093048095703125,0.27814918756484985,0.5348042249679565
25898,0.2774251401424408,0.352297306060791,0.8435737490653992,0.9701124429702759
25899,0.584228515625,0.5849937796592712,0.6245770454406738,0.8118599057197571
25900,0.2774251401424408,0.3101195693016052,1.0,0.9941104650497437
25901,0.2774251401424408,0.3064359128475189,0.8435737490653992,0.9796808958053589
25902,0.110107421875,0.15950404107570648,0.5158474445343018,0.7627642750740051
25903,0.260498046875,0.3430282473564148,0.49370092153549194,0.7725743651390076
25904,0.212890625,0.2563323974609375,0.67329341173172,0.9117958545684814
25905,0.580322265625,0.6092028617858887,1.0,1.0
25906,0.0625,0.0625,1.0,1.0
25907,0.946533203125,0.951589822769165,1.0,1.0
25908,0.2774251401424408,0.2774251401424408,1.0,1.0
25909,0.940673828125,0.9448481202125549,0.9274492263793945,0.9784055948257446
25910,0.943115234375,0.9444169998168945,0.9849443435668945,0.9856202602386475
25911,0.9466145634651184,0.9478172659873962,0.9288777112960815,0.9468967914581299
25912,0.146728515625,0.21182872354984283,0.48975956439971924,0.7750967144966125
25913,0.571533203125,0.5761153697967529,0.6676040887832642,0.7002006769180298
25914,0.946533203125,0.9481704831123352,1.0,0.9913967251777649
25915,0.260498046875,0.30665841698646545,0.8026120662689209,0.9244065284729004
25916,0.9444172978401184,0.9492372870445251,0.9456308484077454,0.9895556569099426
25917,0.967041015625,0.9673671722412109,1.0,1.0
25919,0.05078125,0.09356984496116638,0.5307212471961975,0.8045806884765625
25923,0.110107421875,0.1462436020374298,1.0,1.0
25924,0.110107421875,0.15194988250732422,0.5158474445343018,0.75218665599823
25925,0.228759765625,0.30105912685394287,0.6461858153343201,0.9288164973258972
25927,0.0,0.010416666977107525,0.0,0.3562071919441223
25928,0.08984375,0.1273358166217804,0.5158474445343018,0.6986573338508606
25929,0.393798828125,0.4399496912956238,0.690318763256073,0.7792444229125977
25930,0.962158203125,0.9625284075737,0.9625431895256042,0.9698624014854431
25931,0.2774251401424408,0.30830246210098267,1.0,1.0
25932,0.110107421875,0.1549457609653473,1.0,0.997187614440918
25933,0.0625,0.0625,1.0,1.0
25934,0.110107421875,0.12298202514648438,1.0,1.0
25935,0.518798828125,0.5764093995094299,0.496870219707489,0.7285616993904114
25936,0.304931640625,0.36455661058425903,1.0,0.985113799571991
25937,0.304931640625,0.36582908034324646,1.0,0.9340088367462158
25938,0.2044270783662796,0.25249046087265015,0.5474918484687805,0.6827424764633179
25939,0.08203125,0.14148932695388794,0.27814918756484985,0.5753386616706848
25940,0.431884765625,0.45953720808029175,0.7318407297134399,0.8530375957489014
25941,0.304931640625,0.3680547773838043,1.0,0.9368077516555786
25943,0.304931640625,0.36036354303359985,1.0,0.9922856688499451
25944,0.560546875,0.5633719563484192,0.9580413699150085,0.9860137701034546
25946,0.940673828125,0.9449359178543091,0.8770246505737305,0.938975989818573
25947,0.091796875,0.091796875,1.0,1.0
25948,0.110107421875,0.110107421875,1.0,1.0
25949,0.455078125,0.4694976806640625,0.9385064244270325,0.9867843985557556
25950,0.946533203125,0.9548545479774475,0.7083972692489624,0.9020178914070129
25951,0.260498046875,0.30268120765686035,0.8026120662689209,0.9301117658615112
25952,0.091796875,0.15493419766426086,0.3948093354701996,0.7530946135520935
25953,0.531982421875,0.5463099479675293,0.9340764880180359,0.9404703378677368
25954,0.166259765625,0.2117307484149933,0.6291344165802002,0.8175907731056213
25955,0.518798828125,0.5502170920372009,1.0,0.9464210867881775
25956,0.146728515625,0.18586865067481995,0.58057701587677,0.7640388011932373
25957,0.3599446713924408,0.37735113501548767,0.8075588941574097,0.8288376927375793
25959,0.110107421875,0.14873123168945312,0.5158474445343018,0.7503846287727356
25960,0.260498046875,0.3537423014640808,0.49370092153549194,0.7994851469993591
25961,0.110107421875,0.14018169045448303,1.0,1.0
25962,0.2774251401424408,0.3127215802669525,0.8435737490653992,0.9807710647583008
25963,0.304931640625,0.34790122509002686,1.0,0.9843795895576477
25964,0.197998046875,0.2706475853919983,0.6871474981307983,0.8739790916442871
25965,0.166259765625,0.25553372502326965,0.5307213068008423,0.8432962894439697
25966,0.091796875,0.1143440306186676,0.7653606534004211,0.8940042853355408
25967,0.08203125,0.13993674516677856,0.3631143569946289,0.6783169507980347
25969,0.05078125,0.0916120707988739,0.5307212471961975,0.6784171462059021
25970,0.300537109375,0.3423892557621002,0.6655102372169495,0.7970846891403198
25971,0.580322265625,0.6254630088806152,0.86592036485672,0.9646632075309753
25972,0.263671875,0.263671875,1.0,1.0
25973,0.0625,0.0863037109375,0.4692787230014801,0.8385465741157532
25974,0.2774251401424408,0.2851613461971283,1.0,0.9924746155738831
25975,0.23828125,0.30504110455513,0.7039180994033813,0.8626974821090698
25976,0.0625,0.0771484375,0.6131471991539001,0.8772153258323669
25977,0.518798828125,0.5637661218643188,1.0,0.9757198691368103
25978,0.304931640625,0.35188597440719604,1.0,0.9555189609527588
25979,0.260498046875,0.3442510664463043,0.8026120662689209,0.9074249863624573
25980,0.606689453125,0.638934850692749,1.0,0.9148750305175781
25981,0.166259765625,0.26388686895370483,0.32645606994628906,0.6887755990028381
25983,0.940673828125,0.9446573257446289,0.8770246505737305,0.9501581192016602
25984,0.9673665165901184,0.9676836133003235,1.0,0.9926264882087708
25985,0.946533203125,0.950575590133667,1.0,1.0
25986,0.2774251401424408,0.315356969833374,0.8435737490653992,0.9722415804862976
25987,0.304931640625,0.34247642755508423,1.0,0.976163387298584
25988,0.197998046875,0.22846035659313202,0.8145672082901001,0.8594055771827698
25989,0.166259765625,0.22508592903614044,0.5307213068008423,0.8101562261581421
25990,0.304931640625,0.37269333004951477,1.0,0.9976812601089478
25991,0.304931640625,0.3195981979370117,1.0,1.0
25992,0.967041015625,0.967418372631073,1.0,0.9782792329788208
25993,0.518798828125,0.5781562328338623,0.6967307925224304,0.8346693515777588
25994,0.580322265625,0.5986628532409668,1.0,1.0
25995,0.03125,0.03125,0.6309297680854797,0.6309297680854797
25996,0.091796875,0.10552978515625,0.7653606534004211,0.9674680233001709
25997,0.518798828125,0.542923092842102,1.0,1.0
25998,0.110107421875,0.13263797760009766,1.0,1.0
25999,0.212890625,0.25113773345947266,0.67329341173172,0.8745537996292114
26000,0.940673828125,0.9450744390487671,0.8770246505737305,0.9610178470611572
26001,0.261474609375,0.33519458770751953,0.4285714626312256,0.7412702441215515
26002,0.2774251401424408,0.350275456905365,0.8435737490653992,0.953105628490448
26003,0.940673828125,0.9438066482543945,0.9274492263793945,0.9780066013336182
26004,0.304931640625,0.3300743103027344,1.0,1.0
26005,0.304931640625,0.34915000200271606,1.0,0.9449490904808044
26006,0.2774251401424408,0.3169107735157013,0.8435737490653992,0.9594253301620483
26007,0.2774251401424408,0.3248153626918793,0.8435737490653992,0.9831233620643616
26008,0.166259765625,0.22500939667224884,0.5307213068008423,0.8085127472877502
26009,0.0625,0.0625,0.5,0.5
26010,0.580322265625,0.6060963273048401,1.0,0.9901057481765747
26011,0.2774251401424408,0.34504151344299316,0.8435737490653992,0.945270299911499
26012,0.518798828125,0.552107572555542,1.0,0.9932423830032349
26013,0.304931640625,0.31500867009162903,1.0,0.9822492003440857
26014,0.228759765625,0.29567885398864746,0.6461858153343201,0.8891485929489136
26015,0.304931640625,0.36725443601608276,0.6151177287101746,0.802837073802948
26016,0.05078125,0.11429595947265625,0.2097114622592926,0.5995709896087646
26017,0.606689453125,0.6342222690582275,1.0,1.0
26018,0.956298828125,0.9588682651519775,1.0,1.0
26019,0.499755859375,0.5656890869140625,0.7271926999092102,0.9248892068862915
26020,0.606689453125,0.6222625970840454,1.0,0.9828920960426331
26021,0.110107421875,0.1204071044921875,1.0,0.9828919768333435
26022,0.228759765625,0.27100902795791626,1.0,1.0
26023,0.4375,0.4462890625,0.9173194169998169,0.9737576842308044
26024,0.110107421875,0.110107421875,1.0,1.0
26025,0.967041015625,0.9673519730567932,1.0,1.0
26026,0.260498046875,0.3064136505126953,0.8026120662689209,0.9085618853569031
26027,0.091796875,0.091796875,1.0,1.0
26028,0.110107421875,0.12298202514648438,1.0,1.0
26030,0.110107421875,0.1512162685394287,1.0,1.0
26032,0.091796875,0.091796875,1.0,1.0
26034,0.23828125,0.2769785523414612,0.7039180994033813,0.8647140264511108
26035,0.110107421875,0.1512162685394287,1.0,1.0
26036,0.146728515625,0.23951444029808044,0.48975956439971924,0.8240432143211365
26037,0.05078125,0.0748138427734375,0.5307212471961975,0.7606395483016968
26038,0.110107421875,0.155360147356987,1.0,1.0
26039,0.2044270783662796,0.2916806936264038,0.5474918484687805,0.8705830574035645
26040,0.0,0.008928571827709675,0.0,0.3333333432674408
26041,0.556884765625,0.6059943437576294,0.8308104276657104,0.9503684043884277
26042,0.304931640625,0.36630892753601074,1.0,0.987920343875885
26043,0.9388020634651184,0.9425422549247742,0.8911738991737366,0.9616644382476807
26044,0.606689453125,0.6212308406829834,1.0,0.9911043047904968
26045,0.580322265625,0.6182806491851807,0.86592036485672,0.9842756986618042
26046,0.2774251401424408,0.2851613461971283,1.0,0.9924746155738831
26047,0.939453125,0.9410552978515625,0.9690036177635193,0.9931680560112
26048,0.304931640625,0.36736154556274414,0.6151177287101746,0.8044112920761108
26049,0.499755859375,0.528730034828186,0.9037794470787048,0.9526299238204956
26050,0.228759765625,0.25482413172721863,1.0,1.0
26051,0.304931640625,0.36789458990097046,1.0,0.9969006776809692
26052,0.166259765625,0.23358559608459473,0.5307213068008423,0.8338541984558105
26054,0.9673665165901184,0.9677470922470093,1.0,0.9900236129760742
26055,0.466064453125,0.4841090142726898,1.0,1.0
26056,0.968017578125,0.9680492281913757,1.0,0.9952806234359741
26057,0.304931640625,0.35559210181236267,1.0,0.9795264005661011
26058,0.228759765625,0.3280605673789978,0.3974803686141968,0.7559555172920227
26059,0.091796875,0.091796875,1.0,1.0
26060,0.260498046875,0.31720036268234253,0.49370092153549194,0.7329698801040649
26061,0.304931640625,0.37751758098602295,1.0,1.0
26063,0.518798828125,0.5289525985717773,1.0,1.0
26064,0.304931640625,0.37223631143569946,0.6151177287101746,0.8149222135543823
26065,0.146728515625,0.2295243889093399,0.3012597858905792,0.6504727005958557
26066,0.9673665165901184,0.9678115248680115,0.8748590350151062,0.9676392078399658
26067,0.228759765625,0.29354482889175415,0.3974803686141968,0.6497516632080078
26068,0.9375,0.9422507286071777,0.8155369758605957,0.9197388291358948
26070,0.304931640625,0.3433075547218323,1.0,0.967531681060791
26071,0.304931640625,0.3621583580970764,1.0,1.0
26072,0.110107421875,0.1462436020374298,1.0,1.0
26073,0.946533203125,0.9489497542381287,1.0,0.9906225800514221
26074,0.228759765625,0.2920491099357605,0.6461858153343201,0.9106742739677429
26075,0.228759765625,0.2903653383255005,0.6461858153343201,0.7822168469429016
26076,0.951904296875,0.9537839889526367,0.9521908760070801,0.993620753288269
26077,0.393798828125,0.43930816650390625,0.8579513430595398,0.9069201946258545
26078,0.166259765625,0.24370215833187103,0.5307213068008423,0.7662646770477295
26079,0.304931640625,0.3611045181751251,1.0,0.9956689476966858
26080,0.228759765625,0.228759765625,1.0,1.0
26081,0.531982421875,0.5579376220703125,0.7462155222892761,0.9017223715782166
26082,0.304931640625,0.35718148946762085,1.0,0.9895544052124023
26083,0.091796875,0.0972900390625,0.7653606534004211,0.901012659072876
26084,0.4375,0.45803070068359375,0.8609101176261902,0.9546965956687927
26085,0.703369140625,0.7066753506660461,0.8588406443595886,0.8853516578674316
26086,0.2774251401424408,0.28709539771080017,1.0,1.0
26087,0.940673828125,0.9421758651733398,1.0,1.0
26088,0.110107421875,0.16475296020507812,0.5158474445343018,0.7811062932014465
26089,0.946533203125,0.946533203125,1.0,1.0
26090,0.304931640625,0.35010552406311035,1.0,1.0
26091,0.228759765625,0.28399181365966797,0.6461858153343201,0.913068950176239
26093,0.304931640625,0.4049038589000702,0.4285714626312256,0.7078243494033813
26094,0.110107421875,0.15885654091835022,1.0,1.0
26095,0.166259765625,0.2039840966463089,0.8213136792182922,0.8749046325683594
26096,0.9507649540901184,0.9576548933982849,0.7292529344558716,0.921591579914093
26097,0.518798828125,0.5362052917480469,1.0,1.0
26098,0.212890625,0.24868595600128174,0.8789618015289307,0.957482635974884
26099,0.146728515625,0.20140953361988068,0.58057701587677,0.8058983087539673
26100,0.05078125,0.0691244900226593,0.5307212471961975,0.7226386666297913
26101,0.393798828125,0.4521191716194153,0.690318763256073,0.8717247247695923
26102,0.166259765625,0.22094078361988068,0.6291344165802002,0.8421905040740967
26103,0.304931640625,0.3589973449707031,1.0,0.995535671710968
26104,0.2774251401424408,0.28709539771080017,1.0,1.0
26105,0.110107421875,0.1499060094356537,1.0,0.9918291568756104
26106,0.44921875,0.46260833740234375,0.9224036931991577,0.9679121971130371
26107,0.2774251401424408,0.38227248191833496,0.4175114035606384,0.7745597958564758
26108,0.08984375,0.1176457405090332,0.5158474445343018,0.6678172945976257
26109,0.606689453125,0.6384331583976746,1.0,0.9787396192550659
26110,0.9444172978401184,0.9480994343757629,0.9456308484077454,0.9887257218360901
26111,0.166259765625,0.2711872160434723,0.32645606994628906,0.7040776610374451
26112,0.0,0.02734375,0.0,0.5012658834457397
26113,0.197998046875,0.2629280090332031,0.6871474981307983,0.8534009456634521
26114,0.166259765625,0.23135997354984283,0.5307213068008423,0.8049851059913635
26115,0.304931640625,0.3720511496067047,1.0,0.994810938835144
26116,0.956298828125,0.9584661722183228,1.0,0.9821314811706543
26117,0.953369140625,0.9554996490478516,1.0,0.9937223792076111
26118,0.518798828125,0.5525200963020325,1.0,0.9772963523864746
26119,0.0625,0.1143798828125,0.24207624793052673,0.6410752534866333
26120,0.518798828125,0.5429698824882507,1.0,0.9931316375732422
26121,0.1458333432674408,0.2180684506893158,0.15272833406925201,0.46103477478027344
26122,0.260498046875,0.2967466711997986,0.8026120662689209,0.9246577620506287
26123,0.2774251401424408,0.2960619628429413,1.0,0.9851759076118469
26124,0.228759765625,0.24514806270599365,1.0,0.9855737090110779
26125,0.091796875,0.14789949357509613,0.3948093354701996,0.7362181544303894
26126,0.304931640625,0.38094016909599304,0.6151177287101746,0.8378974199295044
26127,0.261474609375,0.2876599431037903,0.6151177287101746,0.7226016521453857
26128,0.228759765625,0.27856260538101196,0.7660098671913147,0.93034428358078
26129,0.05078125,0.10688386857509613,0.2737712264060974,0.6351765990257263
26130,0.943115234375,0.949176549911499,0.9313938021659851,0.9442713260650635
26131,0.9444172978401184,0.9492160081863403,0.9456308484077454,0.984521210193634
26132,0.946533203125,0.9497243762016296,1.0,1.0
26133,0.9507649540901184,0.9544579386711121,0.974961519241333,0.9777977466583252
26134,0.488037109375,0.4947319030761719,0.9721211791038513,0.9733434319496155
26135,0.110107421875,0.110107421875,1.0,1.0
26136,0.606689453125,0.6346418261528015,1.0,1.0
26137,0.197998046875,0.24375773966312408,0.6871474981307983,0.8308142423629761
26138,0.197998046875,0.2833297550678253,0.42267662286758423,0.6914258003234863
26139,0.488037109375,0.5158728361129761,0.8785831332206726,0.965373694896698
26140,0.110107421875,0.12298202514648438,1.0,1.0
26141,0.260498046875,0.30465126037597656,0.8026120662689209,0.9493020176887512
26142,0.0625,0.0625,1.0,1.0
26143,0.03125,0.03125,0.6309297680854797,0.6309297680854797
26144,0.943115234375,0.9483504295349121,0.9313938021659851,0.9751958847045898
26145,0.967041015625,0.9675842523574829,0.8122885227203369,0.9478278756141663
26146,0.304931640625,0.3502877652645111,1.0,0.977301299571991
26147,0.393798828125,0.4337228238582611,0.8579513430595398,0.8886440992355347
26148,0.146728515625,0.18897776305675507,0.7579237222671509,0.8471779823303223
26149,0.110107421875,0.12735497951507568,1.0,0.8395706415176392
26150,0.304931640625,0.3957902789115906,0.49493172764778137,0.8052288889884949
26152,0.03125,0.03125,0.6309297680854797,0.6309297680854797
26154,0.228759765625,0.27100902795791626,1.0,1.0
26155,0.946533203125,0.9500080943107605,1.0,1.0
26156,0.304931640625,0.3482896685600281,1.0,0.9933390021324158
26157,0.263671875,0.2795126736164093,0.90728360414505,0.9713801741600037
26158,0.946533203125,0.9504824280738831,1.0,0.8904922604560852
26159,0.146728515625,0.18235617876052856,0.7579237222671509,0.8320305943489075
26160,0.953369140625,0.9583378434181213,0.912726640701294,0.9818337559700012
26161,0.2044270783662796,0.2044270783662796,0.963940441608429,0.963940441608429
26162,0.197998046875,0.20766830444335938,0.8145672082901001,0.8282809257507324
26163,0.503173828125,0.5089380145072937,0.5241767168045044,0.6852390766143799
26164,0.260498046875,0.3148046135902405,0.8026120662689209,0.9256651997566223
26165,0.2774251401424408,0.3127215802669525,0.8435737490653992,0.9807710647583008
26166,0.110107421875,0.17164242267608643,0.5158474445343018,0.8039339184761047
26167,0.304931640625,0.3639143705368042,1.0,1.0
26169,0.197998046875,0.24538826942443848,0.6871474981307983,0.8613995909690857
26170,0.260498046875,0.3228815495967865,0.8026120662689209,0.9375775456428528
26171,0.940673828125,0.940673828125,1.0,1.0
26172,0.304931640625,0.36295658349990845,1.0,0.930817723274231
26173,0.300537109375,0.3640609085559845,0.5354781746864319,0.782210648059845
26174,0.2774251401424408,0.3380606770515442,0.8435737490653992,0.9687461256980896
26175,0.946533203125,0.9537426233291626,0.8026000261306763,0.9474462270736694
26176,0.02083333395421505,0.02083333395421505,0.5,0.5
26177,0.2774251401424408,0.2992047965526581,1.0,0.9965165853500366
26179,0.260498046875,0.329073041677475,0.8026120662689209,0.8466810584068298
26180,0.260498046875,0.3083658218383789,0.8026120662689209,0.9395225048065186
26181,0.943115234375,0.9492701292037964,0.9313938021659851,0.9460974335670471
26182,0.228759765625,0.3001420497894287,0.6461858153343201,0.898804783821106
26183,0.0625,0.0625,1.0,1.0
26185,0.228759765625,0.2615828514099121,0.7660098671913147,0.9094051122665405
26187,0.518798828125,0.5807048082351685,0.6967307925224304,0.9317734837532043
26188,0.304931640625,0.38970479369163513,0.49493172764778137,0.8096181154251099
26189,0.02083333395421505,0.1403554379940033,0.04811027646064758,0.49920138716697693
26191,0.304931640625,0.3168744146823883,1.0,0.9896718859672546
26192,0.4375,0.4848739504814148,0.6735438704490662,0.9062526226043701
26193,0.0,0.109375,0.0,0.4306766092777252
26194,0.9444172978401184,0.9479681253433228,0.9456308484077454,0.981631338596344
26195,0.946533203125,0.9526089429855347,0.7083972692489624,0.8685469627380371
26196,0.606689453125,0.6204549670219421,1.0,1.0
26197,0.08203125,0.12993431091308594,0.3631143569946289,0.6781307458877563
26198,0.518798828125,0.5442302227020264,1.0,0.9636198282241821
26199,0.278564453125,0.3533618748188019,0.39664164185523987,0.732081949710846
26200,0.05078125,0.10575221478939056,0.2097114622592926,0.5817968845367432
26201,0.0625,0.0625,1.0,1.0
26203,0.940673828125,0.9458855986595154,0.8770246505737305,0.9484686255455017
26204,0.146728515625,0.146728515625,0.7579237222671509,0.7579237222671509
26205,0.365234375,0.4210147559642792,0.5741883516311646,0.8050377368927002
26206,0.0,0.015625,0.0,0.43067657947540283
26207,0.212890625,0.212890625,1.0,1.0
26208,0.567138671875,0.6175169944763184,0.7988805174827576,0.9602695107460022
26209,0.518798828125,0.5613349676132202,1.0,0.9976534247398376
26211,0.499755859375,0.5153944492340088,1.0,1.0
26214,0.9444172978401184,0.9504045844078064,0.9456308484077454,0.9822889566421509
26215,0.05078125,0.08932650834321976,0.5307212471961975,0.7982650399208069
26216,0.0625,0.0625,0.5,0.5
26217,0.12109375,0.1695961356163025,0.46358197927474976,0.7231330871582031
26218,0.110107421875,0.155360147356987,1.0,1.0
26219,0.304931640625,0.3753248453140259,1.0,0.9981665015220642
26220,0.951904296875,0.9534492492675781,0.9521908760070801,0.9935051202774048
26221,0.110107421875,0.110107421875,1.0,1.0
26222,0.09375,0.12206897884607315,0.4581993520259857,0.6572437882423401
26223,0.947998046875,0.9525811672210693,0.8348100185394287,0.9490144848823547
26224,0.03125,0.0716959685087204,0.15273310244083405,0.5065490007400513
26225,0.946533203125,0.9517239332199097,0.8793432712554932,0.9500735998153687
26226,0.606689453125,0.6340250372886658,1.0,0.986485481262207
26227,0.499755859375,0.5634640455245972,0.629690945148468,0.8881847262382507
26228,0.110107421875,0.1886264681816101,0.2620770037174225,0.5973619818687439
26229,0.606689453125,0.6379415988922119,1.0,0.8714869022369385
26230,0.606689453125,0.6095821261405945,1.0,0.9673753380775452
26231,0.304931640625,0.37751758098602295,1.0,1.0
26232,0.1875,0.2001953125,0.8262346386909485,0.9448479413986206
26233,0.212890625,0.2541581988334656,0.67329341173172,0.8733997941017151
26234,0.0625,0.072265625,0.6131471991539001,0.8315545916557312
26235,0.304931640625,0.3300743103027344,1.0,1.0
26236,0.304931640625,0.36835190653800964,1.0,0.9148568511009216
26237,0.304931640625,0.3605692982673645,1.0,0.9276461601257324
26238,0.4375,0.4375,1.0,1.0
26239,0.556884765625,0.5952588319778442,0.8308104276657104,0.9521045088768005
26240,0.304931640625,0.37462419271469116,1.0,1.0
26241,0.091796875,0.10552978515625,0.7653606534004211,0.9674680233001709
26242,0.278564453125,0.3415094017982483,0.5692896842956543,0.7864936590194702
26243,0.0,0.02226562425494194,0.0,0.455605149269104
26245,0.518798828125,0.5464950799942017,1.0,0.9887180924415588
26246,0.228759765625,0.2376861572265625,1.0,0.9903929233551025
26247,0.110107421875,0.110107421875,1.0,1.0
26249,0.9375,0.9398437738418579,0.8879528045654297,0.9566541910171509
26250,0.304931640625,0.3300743103027344,1.0,1.0
26251,0.518798828125,0.5323523283004761,1.0,1.0
26252,0.08984375,0.17315673828125,0.22686867415905,0.5478314757347107
26253,0.091796875,0.1158294677734375,0.7653606534004211,0.9558295607566833
26254,0.110107421875,0.1512162685394287,1.0,1.0
26255,0.3059895932674408,0.3100702166557312,0.6920201778411865,0.7275084257125854
26256,0.2774251401424408,0.2774251401424408,1.0,1.0
26257,0.0625,0.0625,1.0,1.0
26258,0.166259765625,0.21274256706237793,0.6291344165802002,0.822272539138794
26259,0.304931640625,0.3574824333190918,1.0,1.0
26260,0.0,0.01875000074505806,0.0,0.28906482458114624
26261,0.304931640625,0.3775714039802551,0.6151177287101746,0.8273319005966187
26262,0.1875,0.1875,1.0,1.0
26264,0.02083333395421505,0.0325520858168602,0.3065735995769501,0.5437713265419006
26266,0.304931640625,0.3398453891277313,1.0,0.9899959564208984
26267,0.166259765625,0.1961073875427246,0.6291344165802002,0.7806787490844727
26268,0.0625,0.07421875,0.6131471991539001,0.8503448963165283
26269,0.212890625,0.22479248046875,0.8789618015289307,0.9832184314727783
26270,0.44921875,0.45745849609375,0.9224036931991577,0.9753714203834534
26271,0.304931640625,0.40871986746788025,0.4285714626312256,0.8069730997085571
26272,0.344482421875,0.39662081003189087,0.5977610945701599,0.8136191368103027
26273,0.2774251401424408,0.3252929151058197,0.8435737490653992,0.9719643592834473
26274,0.365234375,0.38665771484375,0.7136205434799194,0.8379403352737427
26275,0.03125,0.0751953125,0.17376534640789032,0.5296052694320679
26276,0.110107421875,0.21008352935314178,0.16497723758220673,0.5881761908531189
26277,0.304931640625,0.3397778272628784,1.0,1.0
26278,0.212890625,0.2718048095703125,0.5679726600646973,0.8915583491325378
26279,0.09375,0.09375,0.6309297680854797,0.6309297680854797
26280,0.466064453125,0.466064453125,1.0,1.0
26281,0.150390625,0.1781926155090332,0.7002755999565125,0.8217762112617493
26282,0.393798828125,0.41497668623924255,0.8579513430595398,0.8777069449424744
26283,0.606689453125,0.6274681091308594,1.0,0.9867955446243286
26284,0.110107421875,0.14018169045448303,1.0,1.0
26285,0.110107421875,0.12298202514648438,1.0,1.0
26286,0.304931640625,0.34641703963279724,1.0,1.0
26287,0.304931640625,0.37066736817359924,1.0,1.0
26288,0.1875,0.1875,1.0,1.0
26289,0.518798828125,0.5608665943145752,0.8046129941940308,0.9237925410270691
26290,0.5694172978401184,0.5739392638206482,0.6197949647903442,0.733903169631958
26291,0.940673828125,0.9436907172203064,1.0,1.0
26292,0.02083333395421505,0.0394185408949852,0.23463936150074005,0.5642221570014954
26293,0.08203125,0.11411046981811523,0.7039180994033813,0.9068250060081482
26294,0.304931640625,0.3709383010864258,1.0,0.9946876764297485
26295,0.263671875,0.3085942566394806,0.7653606534004211,0.9214242100715637
26296,0.3599446713924408,0.38018694519996643,0.8075588941574097,0.8224247097969055
26297,0.08203125,0.10434722900390625,0.7039180994033813,0.8927537798881531
26298,0.166259765625,0.19757778942584991,0.8213136792182922,0.8690776824951172
26299,0.228759765625,0.26438742876052856,1.0,1.0
26300,0.228759765625,0.27856260538101196,0.7660098671913147,0.93034428358078
26301,0.393798828125,0.45112448930740356,0.690318763256073,0.87283855676651
26302,0.091796875,0.1311318576335907,0.3948093354701996,0.6850265860557556
26303,0.9388020634651184,0.9404042363166809,0.9608869552612305,0.9852624535560608
26304,0.940673828125,0.9443899393081665,0.9274492263793945,0.9654776453971863
26305,0.956298828125,0.9585204124450684,1.0,1.0
26307,0.110107421875,0.13263797760009766,1.0,1.0
26308,0.3599446713924408,0.3883787989616394,0.8075588941574097,0.8470559120178223
26309,0.567138671875,0.6172938346862793,0.7988805174827576,0.9453865885734558
26310,0.518798828125,0.5797555446624756,0.6967307925224304,0.9214054942131042
26311,0.260498046875,0.2682342529296875,0.9514426589012146,0.9475083947181702
26312,0.110107421875,0.16692909598350525,0.3951442539691925,0.6306695938110352
26313,0.260498046875,0.34202536940574646,0.8026120662689209,0.947006106376648
26314,0.110107421875,0.13263797760009766,1.0,1.0
26315,0.518798828125,0.5500730276107788,1.0,1.0
26316,0.962158203125,0.9624139666557312,0.9625431895256042,0.9666054248809814
26317,0.943115234375,0.9486825466156006,0.9313938021659851,0.9423913359642029
26318,0.9673665165901184,0.9677641987800598,1.0,0.9942905902862549
26319,0.091796875,0.13668084144592285,0.3948093354701996,0.6879441738128662
26320,0.518798828125,0.5551801919937134,1.0,1.0
26321,0.469970703125,0.4768616259098053,0.47730761766433716,0.6864756941795349
26322,0.219970703125,0.25209498405456543,0.5462626218795776,0.6822084784507751
26323,0.146728515625,0.21669259667396545,0.48975956439971924,0.7893016934394836
26324,0.560546875,0.618026852607727,0.7653606534004211,0.9512311816215515
26325,0.260498046875,0.2774209976196289,0.9514426589012146,0.957834780216217
26326,0.488037109375,0.488037109375,0.9721211791038513,0.9721211791038513
26327,0.606689453125,0.6360118985176086,1.0,0.9619460701942444
26328,0.304931640625,0.34641703963279724,1.0,1.0
26329,0.110107421875,0.13263797760009766,1.0,1.0
26331,0.304931640625,0.373099148273468,1.0,1.0
26332,0.946533203125,0.9492136836051941,1.0,1.0
26333,0.304931640625,0.3612675070762634,0.6151177287101746,0.7855700254440308
26334,0.469970703125,0.47316068410873413,0.6737852096557617,0.708934485912323
26335,0.166259765625,0.17741775512695312,0.8213136792182922,0.8381840586662292
26336,0.946533203125,0.9503635764122009,1.0,0.9618164300918579
26337,0.706298828125,0.7106277346611023,0.7139173746109009,0.8756918907165527
26338,0.304931640625,0.37751761078834534,1.0,1.0
26342,0.110107421875,0.12298202514648438,1.0,1.0
26343,0.94140625,0.9471858143806458,0.8970906734466553,0.9470385909080505
26344,0.304931640625,0.36518868803977966,1.0,1.0
26345,0.2774251401424408,0.3181942105293274,0.8435737490653992,0.9547490477561951
26346,0.2774251401424408,0.2912052571773529,1.0,0.9880087971687317
26347,0.110107421875,0.16805106401443481,0.5158474445343018,0.7940199971199036
26348,0.393798828125,0.4499970078468323,0.690318763256073,0.8722278475761414
26350,0.1106770858168602,0.1773274838924408,0.2547474503517151,0.5430504679679871
26351,0.300537109375,0.3299538791179657,0.6655102372169495,0.7266674637794495
26352,0.946533203125,0.9531116485595703,0.7083972692489624,0.8775679469108582
26353,0.260498046875,0.2971140742301941,0.8026120662689209,0.8566950559616089
26354,0.946533203125,0.949766218662262,1.0,0.995954692363739
26355,0.518798828125,0.5406022071838379,1.0,0.9929474592208862
26356,0.1106770858168602,0.1524265706539154,0.4437016248703003,0.6890049576759338
26357,0.304931640625,0.38990160822868347,0.6151177287101746,0.8484700322151184
26358,0.940673828125,0.940673828125,1.0,1.0
26359,0.304931640625,0.36982083320617676,1.0,1.0
26360,0.08203125,0.14466938376426697,0.27814918756484985,0.6583110690116882
26361,0.943115234375,0.9466660022735596,0.9313938021659851,0.9688125848770142
26362,0.110107421875,0.13263797760009766,1.0,1.0
26363,0.110107421875,0.1444081962108612,1.0,0.9888008832931519
26364,0.304931640625,0.3726833164691925,0.6151177287101746,0.8215456604957581
26365,0.431884765625,0.46076536178588867,0.8451594114303589,0.8853061199188232
26366,0.02083333395421505,0.02083333395421505,0.5,0.5
26367,0.304931640625,0.3397778272628784,1.0,1.0
26368,0.571533203125,0.5760929584503174,0.7592076063156128,0.7824192643165588
26370,0.110107421875,0.13263797760009766,1.0,1.0
26371,0.940673828125,0.944643497467041,0.8770246505737305,0.9625858068466187
26372,0.304931640625,0.36509969830513,1.0,0.9824542999267578
26373,0.0625,0.0708705335855484,0.6131471991539001,0.8175296187400818
26374,0.1875,0.20654296875,0.4692787230014801,0.6173197031021118
26375,0.9668782353401184,0.9670751094818115,1.0,0.9990253448486328
26376,0.110107421875,0.125587597489357,1.0,0.9565913081169128
26377,0.02083333395421505,0.07453155517578125,0.12103812396526337,0.5222117304801941
26378,0.304931640625,0.3600511848926544,1.0,1.0
26379,0.146728515625,0.18096524477005005,0.58057701587677,0.7454251646995544
26380,0.323974609375,0.3306694030761719,0.7591918706893921,0.7697492837905884
26381,0.9507649540901184,0.9537003040313721,0.974961519241333,0.9788576364517212
26382,0.488037109375,0.5363370180130005,0.8785831332206726,0.9619510173797607
26383,0.1875,0.20654296875,0.6131471991539001,0.8065735697746277
26384,0.0625,0.0625,1.0,1.0
26385,0.953369140625,0.9562638998031616,1.0,0.9957331418991089
26386,0.150390625,0.18609619140625,0.5364180207252502,0.7760027050971985
26387,0.166259765625,0.25139421224594116,0.5307213068008423,0.829821765422821
26388,0.110107421875,0.17145399749279022,0.5158474445343018,0.8032286167144775
26389,0.940673828125,0.947083055973053,0.8770246505737305,0.9499266147613525
26390,0.518798828125,0.5475195050239563,1.0,1.0
26391,0.110107421875,0.12298202514648438,1.0,1.0
26392,0.166259765625,0.20547880232334137,0.8213136792182922,0.8819824457168579
26393,0.0,0.04191472381353378,0.0,0.4282037317752838
26394,0.110107421875,0.15094850957393646,1.0,0.9770153164863586
26395,0.267578125,0.34153467416763306,0.41934773325920105,0.7188055515289307
26396,0.9673665165901184,0.9675425887107849,1.0,0.9952118396759033
26397,0.0625,0.1005859375,0.3065735995769501,0.5706417560577393
26398,0.08203125,0.08203125,0.9197208285331726,0.9197208285331726
26399,0.263671875,0.27398681640625,0.90728360414505,0.9871451258659363
26400,0.110107421875,0.14279887080192566,1.0,0.9803771376609802
26401,0.3599446713924408,0.3963260054588318,0.8075588941574097,0.856259822845459
26402,0.374755859375,0.43310192227363586,0.6128985285758972,0.8249772191047668
26403,0.197998046875,0.23191949725151062,0.6871474981307983,0.8298313021659851
26404,0.304931640625,0.3709382712841034,1.0,0.9946876764297485
26405,0.228759765625,0.25942108035087585,1.0,0.9968307614326477
26406,0.518798828125,0.5500730276107788,1.0,1.0
26407,0.940673828125,0.9421758651733398,1.0,1.0
26408,0.08203125,0.08203125,0.9197208285331726,0.9197208285331726
26409,0.1875,0.1875,1.0,1.0
26410,0.2122395932674408,0.28313925862312317,0.36153164505958557,0.6147103905677795
26411,0.9444172978401184,0.9518260359764099,0.8315341472625732,0.9490532279014587
26412,0.518798828125,0.5563945174217224,1.0,0.9529849290847778
26413,0.304931640625,0.34641703963279724,1.0,1.0
26414,0.0625,0.0625,1.0,1.0
26415,0.146728515625,0.20276518166065216,0.48975956439971924,0.7708211541175842
26416,0.518798828125,0.5323523283004761,1.0,1.0
26417,0.323974609375,0.39045441150665283,0.47805625200271606,0.7736804485321045
26418,0.580322265625,0.6127101182937622,0.86592036485672,0.9477683305740356
26419,0.580322265625,0.604751706123352,1.0,0.9958254098892212
26420,0.374755859375,0.41808557510375977,0.7617307901382446,0.860323429107666
26421,0.2774251401424408,0.3483186960220337,0.8435737490653992,0.9650594592094421
26422,0.9668782353401184,0.9673283696174622,0.892719030380249,0.8877901434898376
26423,0.08203125,0.1336369514465332,0.3631143569946289,0.6966698169708252
26424,0.260498046875,0.2881964445114136,0.8026120662689209,0.9187973737716675
26425,0.3599446713924408,0.410233736038208,0.6497723460197449,0.8222881555557251
26426,0.946533203125,0.9484672546386719,1.0,1.0
26427,0.08203125,0.11296094954013824,0.7039180994033813,0.8990671038627625
26428,0.567138671875,0.5883008241653442,0.9225797057151794,0.9903874397277832
26429,0.0,0.06381632387638092,0.0,0.45675069093704224
26430,0.110107421875,0.15885654091835022,1.0,1.0
26431,0.580322265625,0.6103856563568115,1.0,0.9609320759773254
26432,0.556884765625,0.5850028991699219,0.8308104276657104,0.9505808353424072
26433,0.953369140625,0.9587736129760742,0.912726640701294,0.947947084903717
26434,0.9673665165901184,0.9676159620285034,1.0,0.9923785924911499
26435,0.110107421875,0.1462436020374298,1.0,1.0
26436,0.2774251401424408,0.3533819913864136,0.5188971757888794,0.784445583820343
26437,0.228759765625,0.28750938177108765,0.6461858153343201,0.9019498229026794
26439,0.580322265625,0.5986628532409668,1.0,1.0
26440,0.260498046875,0.2907823622226715,0.8026120662689209,0.9142654538154602
26441,0.091796875,0.091796875,1.0,1.0
26442,0.946533203125,0.9511683583259583,1.0,1.0
26443,0.956298828125,0.9580066204071045,1.0,0.9976478815078735
26444,0.304931640625,0.37241131067276,0.6151177287101746,0.8126211166381836
26445,0.946533203125,0.9517104625701904,0.8793432712554932,0.9550331234931946
26446,0.962158203125,0.9622868895530701,0.9625431895256042,0.95904940366745
26447,0.0625,0.12541547417640686,0.23463936150074005,0.6124281287193298
26448,0.567138671875,0.5935738682746887,0.7988805174827576,0.9350231289863586
26449,0.110107421875,0.12298202514648438,1.0,1.0
26450,0.197998046875,0.2149209976196289,0.8145672082901001,0.8389776349067688
26451,0.14453125,0.22240905463695526,0.32645606994628906,0.6326831579208374
26452,0.08203125,0.093017578125,0.7039180994033813,0.885459840297699
26453,0.197998046875,0.25012174248695374,0.6871474981307983,0.8544954657554626
26454,0.580322265625,0.6031064391136169,1.0,0.9934629201889038
26455,0.05078125,0.09905082732439041,0.5307212471961975,0.8232007026672363
26456,0.556884765625,0.5950533747673035,0.8308104276657104,0.9537633061408997
26457,0.110107421875,0.18126654624938965,0.3951442539691925,0.7553439736366272
26458,0.940673828125,0.9454063773155212,0.8770246505737305,0.9599592685699463
26459,0.166259765625,0.21952173113822937,0.5307213068008423,0.7999240159988403
26460,0.518798828125,0.5684733390808105,0.8046129941940308,0.932027280330658
26461,0.518798828125,0.5704352855682373,0.8046129941940308,0.9501194953918457
26462,0.166259765625,0.2080851048231125,0.6291344165802002,0.8067592978477478
26463,0.091796875,0.11740124225616455,0.7653606534004211,0.9121559262275696
26464,0.304931640625,0.3300743103027344,1.0,1.0
26465,0.946533203125,0.9497243762016296,1.0,1.0
26466,0.146728515625,0.1556549072265625,0.7579237222671509,0.7711718678474426
26467,0.455078125,0.46331787109375,0.9385064244270325,0.9914740920066833
26468,0.166259765625,0.19232413172721863,0.8213136792182922,0.8608506917953491
26469,0.556884765625,0.586424708366394,0.9594535827636719,0.9621800780296326
26470,0.580322265625,0.6169610619544983,0.86592036485672,0.9619154334068298
26471,0.166259765625,0.17741775512695312,0.8213136792182922,0.8381840586662292
26472,0.2774251401424408,0.2943480908870697,1.0,1.0
26473,0.2774251401424408,0.30885347723960876,0.8435737490653992,0.9686151742935181
26474,0.228759765625,0.2888121008872986,0.6461858153343201,0.9071072340011597
26475,0.0625,0.0625,1.0,1.0
26476,0.0,0.012500000186264515,0.0,0.38685280084609985
26477,0.05078125,0.05078125,0.6934263706207275,0.6934263706207275
26478,0.0625,0.0697544664144516,0.41311731934547424,0.5049211978912354
26479,0.946533203125,0.948955774307251,1.0,0.9957094788551331
26480,0.518798828125,0.5302590727806091,1.0,0.9918504357337952
26481,0.946533203125,0.9479851722717285,1.0,0.998831033706665
26482,0.466064453125,0.4981825649738312,0.8656565546989441,0.962096631526947
26483,0.9444172978401184,0.9485287070274353,0.9456308484077454,0.9861478805541992
26485,0.556884765625,0.5883912444114685,0.9594535827636719,0.971512496471405
26486,0.05078125,0.05078125,0.6934263706207275,0.6934263706207275
26487,0.228759765625,0.2600777745246887,1.0,1.0
26488,0.03125,0.03125,0.6309297680854797,0.6309297680854797
26489,0.146728515625,0.204522043466568,0.58057701587677,0.8136721253395081
26490,0.03125,0.04296875,0.38685283064842224,0.6240505576133728
26491,0.150390625,0.2290254533290863,0.4525081515312195,0.7955611348152161
26492,0.304931640625,0.3746241629123688,1.0,1.0
26493,0.9444172978401184,0.9496524930000305,0.9456308484077454,0.9870172739028931
26494,0.110107421875,0.19437852501869202,0.22686867415905,0.6032559275627136
26495,0.08203125,0.0911865234375,0.7039180994033813,0.8710785508155823
26496,0.25390625,0.2986832559108734,0.5692896842956543,0.7347170114517212
26497,0.228759765625,0.2694864273071289,0.7660098671913147,0.9355095028877258
26498,0.455078125,0.455078125,1.0,1.0
26499,0.304931640625,0.37751761078834534,1.0,1.0
26500,0.304931640625,0.3719862997531891,1.0,1.0
26501,0.556884765625,0.5768968462944031,0.9594535827636719,0.955263614654541
26502,0.03125,0.1038447767496109,0.11699506640434265,0.5683578252792358
26503,0.228759765625,0.31803372502326965,0.6461858153343201,0.9112410545349121
26504,0.393798828125,0.45209890604019165,0.5977610945701599,0.8478383421897888
26505,0.0,0.012500000186264515,0.0,0.38685280084609985
26507,0.03125,0.03125,0.6309297680854797,0.6309297680854797
26508,0.228759765625,0.23991775512695312,1.0,1.0
26509,0.110107421875,0.1543932557106018,1.0,0.9305687546730042
26510,0.25390625,0.31889498233795166,0.45805788040161133,0.7291237115859985
26511,0.606689453125,0.6387724280357361,1.0,1.0
26512,0.110107421875,0.110107421875,1.0,1.0
26513,0.455078125,0.533261239528656,0.5907889604568481,0.8683232665061951
26515,0.518798828125,0.563440203666687,0.8046129941940308,0.9234476685523987
26516,0.503173828125,0.5057487487792969,0.6303730607032776,0.6876314282417297
26517,0.946533203125,0.9496925473213196,1.0,1.0
26518,0.08203125,0.0898786261677742,0.7039180994033813,0.8603443503379822
26519,0.967041015625,0.9674953818321228,0.9284793138504028,0.979537844657898
26520,0.393798828125,0.4119953215122223,0.8579513430595398,0.8434640765190125
26521,0.146728515625,0.1735076904296875,0.58057701587677,0.736930251121521
26522,0.940673828125,0.9430829286575317,1.0,1.0
26523,0.940673828125,0.9438991546630859,0.9274492263793945,0.9737078547477722
26524,0.110107421875,0.155360147356987,1.0,1.0
26525,0.499755859375,0.5643627643585205,0.7271926999092102,0.9335171580314636
26526,0.228759765625,0.25482413172721863,1.0,1.0
26527,0.166259765625,0.3044317364692688,0.1844630092382431,0.5518865585327148
26528,0.957763671875,0.9578208923339844,0.9265733957290649,0.9278187155723572
26529,0.946533203125,0.9502361416816711,1.0,1.0
26530,0.0625,0.0625,1.0,1.0
26531,0.431884765625,0.45948928594589233,0.8451594114303589,0.8808006644248962
26532,0.091796875,0.091796875,1.0,1.0
26533,0.304931640625,0.35590165853500366,1.0,0.9930782914161682
26534,0.518798828125,0.5406022071838379,1.0,0.9929474592208862
26535,0.580322265625,0.617534875869751,0.86592036485672,0.9849604964256287
26536,0.110107421875,0.1462436020374298,1.0,1.0
26537,0.08203125,0.0911865234375,0.7039180994033813,0.8710785508155823
26538,0.567138671875,0.5918296575546265,0.9225797057151794,0.9833349585533142
26539,0.3599446713924408,0.4037964642047882,0.6497723460197449,0.8007413744926453
26540,0.2044270783662796,0.2325286865234375,0.6490147709846497,0.8362119793891907
26541,0.110107421875,0.14022395014762878,1.0,0.9683310389518738
26542,0.0625,0.0625,1.0,1.0
26543,0.14453125,0.20186519622802734,0.5307213068008423,0.7419943809509277
26544,0.110107421875,0.1310286521911621,1.0,0.9896062016487122
26545,0.943115234375,0.9472586512565613,0.9313938021659851,0.9700649380683899
26547,0.091796875,0.091796875,1.0,1.0
26548,0.939453125,0.942337155342102,0.9690036177635193,0.9887192249298096
26549,0.2774251401424408,0.33362722396850586,0.8435737490653992,0.9606437683105469
26550,0.0625,0.0625,1.0,1.0
26551,0.110107421875,0.1462436020374298,1.0,1.0
26552,0.946533203125,0.9492136836051941,1.0,1.0
26554,0.946533203125,0.9549774527549744,0.6577322483062744,0.8839169144630432
26555,0.228759765625,0.2859678268432617,0.6461858153343201,0.9018033742904663
26556,0.2774251401424408,0.3552605211734772,0.8435737490653992,0.8732154369354248
26557,0.701904296875,0.7079262137413025,0.6066363453865051,0.8136499524116516
26558,0.304931640625,0.3585473895072937,1.0,0.9799893498420715
26559,0.2774251401424408,0.29676565527915955,0.8435737490653992,0.9469397664070129
26560,0.146728515625,0.20821401476860046,0.3333333134651184,0.6104374527931213
26561,0.2774251401424408,0.3425764739513397,0.8435737490653992,0.9415135383605957
26562,0.166259765625,0.26289787888526917,0.5307213068008423,0.853836178779602
26563,0.197998046875,0.22058716416358948,0.8145672082901001,0.8477124571800232
26565,0.304931640625,0.4328882396221161,0.34757038950920105,0.6955554485321045
26566,0.03125,0.03125,0.6309297680854797,0.6309297680854797
26567,0.304931640625,0.33916983008384705,1.0,0.9972859025001526
26568,0.228759765625,0.292778342962265,0.6461858153343201,0.9062455892562866
26569,0.091796875,0.091796875,1.0,1.0
26570,0.518798828125,0.572550356388092,0.8046129941940308,0.9512699246406555
26571,0.0625,0.0625,1.0,1.0
26572,0.228759765625,0.2600777745246887,1.0,1.0
26573,0.146728515625,0.17279288172721863,0.7579237222671509,0.8114867210388184
26574,0.304931640625,0.35382914543151855,1.0,0.9810011982917786
26575,0.567138671875,0.6211242079734802,0.7988805174827576,0.9294580221176147
26576,0.146728515625,0.2629885971546173,0.24239754676818848,0.6559381484985352
26577,0.466064453125,0.5178396701812744,0.7823625802993774,0.9371791481971741
26578,0.9375,0.9375,1.0,1.0
26579,0.304931640625,0.304931640625,1.0,1.0
26580,0.3599446713924408,0.40839266777038574,0.6497723460197449,0.8177503943443298
26581,0.943359375,0.9478318095207214,0.9184463024139404,0.978769063949585
26582,0.146728515625,0.22823414206504822,0.3012597858905792,0.6344339847564697
26583,0.228759765625,0.2859678268432617,0.6461858153343201,0.9018033742904663
26584,0.260498046875,0.3313916027545929,0.8026120662689209,0.9402686953544617
26585,0.166259765625,0.23401272296905518,0.5307213068008423,0.8081409335136414
26586,0.344482421875,0.36313772201538086,0.690318763256073,0.7636443376541138
26587,0.304931640625,0.34678947925567627,1.0,0.9667569994926453
26588,0.228759765625,0.24828624725341797,1.0,1.0
26589,0.304931640625,0.39170074462890625,0.6151177287101746,0.8564162850379944
26590,0.943115234375,0.9444169998168945,0.9849443435668945,0.9856202602386475
26591,0.110107421875,0.13263797760009766,1.0,1.0
26592,0.466064453125,0.4963136613368988,0.8656565546989441,0.9495915174484253
26593,0.091796875,0.091796875,1.0,1.0
26594,0.393798828125,0.4630128741264343,0.5977610945701599,0.852441132068634
26595,0.940673828125,0.9442494511604309,0.9274492263793945,0.9741715788841248
26596,0.946533203125,0.9490277767181396,1.0,0.9875346422195435
26597,0.9507649540901184,0.956010103225708,0.8898733854293823,0.9462337493896484
26598,0.110107421875,0.1462436020374298,1.0,1.0
26599,0.431884765625,0.45707184076309204,0.8451594114303589,0.8783286809921265
26600,0.0625,0.0625,1.0,1.0
26601,0.580322265625,0.6059648990631104,1.0,0.9869644045829773
26602,0.956298828125,0.9574266672134399,1.0,1.0
26603,0.110107421875,0.1462436020374298,1.0,1.0
26604,0.197998046875,0.2510189712047577,0.6871474981307983,0.850996196269989
26605,0.943359375,0.9554718732833862,0.6506248712539673,0.8991045951843262
26606,0.518798828125,0.5508041381835938,1.0,0.9770137667655945
26607,0.518798828125,0.5643081665039062,1.0,1.0
26608,0.166259765625,0.23582316935062408,0.5307213068008423,0.8149892091751099
26609,0.110107421875,0.1499060094356537,1.0,0.9918291568756104
26610,0.393798828125,0.4250260591506958,0.8579513430595398,0.8830195665359497
26611,0.1875,0.1875,1.0,1.0
26613,0.374755859375,0.4167343080043793,0.7617307901382446,0.8663897514343262
26614,0.260498046875,0.2957944869995117,0.8026120662689209,0.9444537162780762
26615,0.110107421875,0.1512162685394287,1.0,1.0
26616,0.3599446713924408,0.3682127594947815,0.8075588941574097,0.8149499893188477
26617,0.606689453125,0.6210763454437256,1.0,0.99654221534729
26618,0.518798828125,0.5354178547859192,1.0,0.9846755266189575
26619,0.469970703125,0.4727090001106262,0.6737852096557617,0.7032282948493958
26620,0.304931640625,0.36518868803977966,1.0,1.0
26621,0.228759765625,0.28344079852104187,0.7660098671913147,0.9444922208786011
26622,0.9507649540901184,0.952974259853363,0.974961519241333,0.9775893092155457
26623,0.940673828125,0.94461989402771,0.9274492263793945,0.9699480533599854
26624,0.03125,0.03125,0.6309297680854797,0.6309297680854797
26625,0.304931640625,0.36025428771972656,1.0,0.8992581367492676
26626,0.510498046875,0.5123081803321838,0.7011242508888245,0.7299208641052246
26627,0.466064453125,0.5047987699508667,0.7823625802993774,0.9030523896217346
26628,0.02083333395421505,0.0756886824965477,0.12103812396526337,0.527999222278595
26629,0.9444172978401184,0.9475101232528687,0.9456308484077454,0.992914080619812
26630,0.304931640625,0.3585476875305176,1.0,0.986483097076416
26631,0.0625,0.0771484375,0.6131471991539001,0.8772153258323669
26632,0.166259765625,0.18578624725341797,0.8213136792182922,0.8508342504501343
26633,0.946533203125,0.9502834677696228,1.0,0.9971950054168701
26634,0.08203125,0.114990234375,0.3631143569946289,0.6440579891204834
26635,0.197998046875,0.22887535393238068,0.8145672082901001,0.8614060878753662
26636,0.263671875,0.2744012475013733,0.90728360414505,0.951596200466156
26637,0.150390625,0.18435940146446228,0.5364180207252502,0.7412170171737671
26638,0.9444172978401184,0.9465051889419556,1.0,1.0
26639,0.304931640625,0.36518868803977966,1.0,1.0
26640,0.2774251401424408,0.3482252359390259,0.5188971757888794,0.7797154188156128
26641,0.488037109375,0.5520976781845093,0.6121358871459961,0.8722067475318909
26642,0.2044270783662796,0.2252553254365921,0.8472668528556824,0.9464931488037109
26643,0.110107421875,0.1462436020374298,1.0,1.0
26645,0.488037109375,0.5097951889038086,0.8785831332206726,0.9564549326896667
26646,0.197998046875,0.23910260200500488,0.6871474981307983,0.8432701826095581
26647,0.110107421875,0.15956999361515045,0.3951442539691925,0.6038238406181335
26648,0.499755859375,0.5379132032394409,0.9037794470787048,0.9808667302131653
26649,0.304931640625,0.338664710521698,1.0,0.9747428894042969
26650,0.94140625,0.9443023800849915,0.8970906734466553,0.965756356716156
26651,0.488037109375,0.5159267783164978,0.8785831332206726,0.9589781165122986
26653,0.03125,0.041015625,0.38685283064842224,0.6052602529525757
26654,0.9444172978401184,0.9444172978401184,1.0,1.0
26655,0.3059895932674408,0.34293368458747864,0.625433623790741,0.7660499215126038
26656,0.490234375,0.5429000854492188,0.6884825229644775,0.9188255071640015
26657,0.03125,0.03125,0.6309297680854797,0.6309297680854797
26659,0.110107421875,0.1204071044921875,1.0,0.9828919768333435
26662,0.304931640625,0.3482896387577057,1.0,0.9933390021324158
26663,0.110107421875,0.11869049072265625,1.0,0.9709285497665405
26664,0.0,0.008928571827709675,0.0,0.3333333432674408
26666,0.304931640625,0.3300743103027344,1.0,1.0
26668,0.2044270783662796,0.2805681824684143,0.5474918484687805,0.8591541647911072
26669,0.197998046875,0.2535416781902313,0.6871474981307983,0.8600314855575562
26671,0.110107421875,0.155360147356987,1.0,1.0
26672,0.166259765625,0.25858569145202637,0.32645606994628906,0.6874529123306274
26673,0.21875,0.2584381103515625,0.3706210255622864,0.5966005325317383
26674,0.560546875,0.5825376510620117,0.8838695287704468,0.950600802898407
26675,0.304931640625,0.356215238571167,1.0,0.8924737572669983
26676,0.567138671875,0.5810432434082031,0.9225797057151794,0.9896122813224792
26677,0.228759765625,0.228759765625,1.0,1.0
26678,0.304931640625,0.3680547773838043,1.0,0.9368077516555786
26679,0.263671875,0.2705484926700592,0.90728360414505,0.9733361601829529
26680,0.02083333395421505,0.1190144345164299,0.07821311801671982,0.6111471056938171
26681,0.1875,0.228759765625,0.5562983751296997,0.8513655662536621
26682,0.228759765625,0.228759765625,1.0,1.0
26683,0.110107421875,0.12298202514648438,1.0,1.0
26684,0.606689453125,0.6374539732933044,1.0,0.9909496307373047
26685,0.4375,0.5058658719062805,0.5419421792030334,0.8477790951728821
26686,0.606689453125,0.6133636236190796,1.0,0.9918887615203857
26687,0.260498046875,0.2957944869995117,0.8026120662689209,0.9444537162780762
26688,0.946533203125,0.9525847434997559,0.8026000261306763,0.9123153686523438
26689,0.0,0.02087053656578064,0.0,0.4415801167488098
26690,0.946533203125,0.9484672546386719,1.0,1.0
26691,0.110107421875,0.20066875219345093,0.3333333134651184,0.7556368112564087
26692,0.228759765625,0.25709235668182373,1.0,0.987338125705719
26693,0.5694172978401184,0.5765236020088196,0.6197949647903442,0.7757861018180847
26694,0.946533203125,0.951636791229248,1.0,0.9712815880775452
26695,0.110107421875,0.12298202514648438,1.0,1.0
26696,0.304931640625,0.3679976463317871,0.6151177287101746,0.7730292677879333
26697,0.3599446713924408,0.43534305691719055,0.40125197172164917,0.7078139781951904
26698,0.08203125,0.0985434353351593,0.7039180994033813,0.7426049709320068
26699,0.110107421875,0.16691550612449646,0.5158474445343018,0.788594126701355
26700,0.110107421875,0.12298202514648438,1.0,1.0
26701,0.304931640625,0.3663727343082428,1.0,0.9968176484107971
26702,0.499755859375,0.5551499128341675,0.9037794470787048,0.9361656904220581
26703,0.146728515625,0.22673429548740387,0.48975956439971924,0.8004657626152039
26704,0.197998046875,0.28385037183761597,0.42267662286758423,0.7396820783615112
26705,0.110107421875,0.1483735889196396,1.0,0.9052116274833679
26706,0.23828125,0.23828125,0.9197207689285278,0.9197207689285278
26707,0.23828125,0.28968068957328796,0.7039180994033813,0.8777341842651367
26708,0.466064453125,0.4932160973548889,1.0,1.0
26709,0.374755859375,0.42734137177467346,0.6128985285758972,0.8208296298980713
26711,0.228759765625,0.2859678268432617,0.6461858153343201,0.9018033742904663
26712,0.3599446713924408,0.4118380546569824,0.6497723460197449,0.8277103900909424
26713,0.323974609375,0.3844713568687439,0.5520787835121155,0.7862440943717957
26714,0.304931640625,0.3300743103027344,1.0,1.0
26715,0.2774251401424408,0.2774251401424408,1.0,1.0
26716,0.956298828125,0.9594385623931885,1.0,0.988205075263977
26717,0.946533203125,0.9521034359931946,0.8793432712554932,0.9495061635971069
26719,0.304931640625,0.3633233606815338,1.0,0.9052115678787231
26720,0.110107421875,0.110107421875,1.0,1.0
26721,0.0,0.12425744533538818,0.0,0.6237800121307373
26722,0.9507649540901184,0.9576451182365417,0.7292529344558716,0.9299044609069824
26723,0.212890625,0.241455078125,0.67329341173172,0.8884990215301514
26724,0.556884765625,0.589806318283081,0.9594535827636719,0.9270573258399963
26725,0.304931640625,0.35928866267204285,1.0,0.9898664355278015
26726,0.110107421875,0.15885654091835022,1.0,1.0
26727,0.580322265625,0.6216289401054382,0.86592036485672,0.986369252204895
26728,0.304931640625,0.4362419843673706,0.22860826551914215,0.6752879023551941
26729,0.951171875,0.955571174621582,0.9282863140106201,0.9752587080001831
26730,0.304931640625,0.3168744146823883,1.0,0.9896718859672546
26731,0.0,0.060791015625,0.0,0.3520773947238922
26732,0.967041015625,0.9673258662223816,1.0,1.0
26733,0.05078125,0.09197998046875,0.2737712264060974,0.586540937423706
26734,0.9444172978401184,0.9494966268539429,0.9456308484077454,0.9868384003639221
26735,0.166259765625,0.1982235461473465,0.8213136792182922,0.7818189859390259
26736,0.431884765625,0.4699990451335907,0.7318407297134399,0.8760973215103149
26737,0.12109375,0.15679931640625,0.46358197927474976,0.703166663646698
26738,0.0625,0.0625,0.5,0.5
26739,0.08203125,0.09576416015625,0.7039180994033813,0.9060254693031311
26740,0.3059895932674408,0.3658089339733124,0.5032320022583008,0.7477211952209473
26741,0.166259765625,0.24351190030574799,0.5307213068008423,0.7701263427734375
26742,0.260498046875,0.34125274419784546,0.8026120662689209,0.8992793560028076
26743,0.2774251401424408,0.3481675982475281,0.5188971757888794,0.7672877907752991
26744,0.9444172978401184,0.9516648054122925,0.6698823571205139,0.8578363656997681
26745,0.946533203125,0.9518941640853882,1.0,1.0
26746,0.304931640625,0.37751758098602295,1.0,1.0
26747,0.606689453125,0.63691246509552,1.0,0.9886231422424316
26749,0.263671875,0.263671875,1.0,1.0
26750,0.46875,0.4771094024181366,0.3645033836364746,0.5962918400764465
26751,0.304931640625,0.359236478805542,1.0,1.0
26752,0.946533203125,0.9513404965400696,1.0,0.9972543716430664
26753,0.14453125,0.20952273905277252,0.5307213068008423,0.7736529111862183
26754,0.956298828125,0.9589038491249084,1.0,1.0
26755,0.9444172978401184,0.9497655630111694,0.9456308484077454,0.9850168824195862
26756,0.466064453125,0.52116858959198,0.7823625802993774,0.9176822304725647
26757,0.091796875,0.091796875,1.0,1.0
26758,0.05078125,0.061767578125,0.5307212471961975,0.7122630476951599
26759,0.556884765625,0.6078623533248901,0.8308104276657104,0.9490737915039062
26760,0.940673828125,0.9467743635177612,0.8770246505737305,0.9093612432479858
26761,0.499755859375,0.5381669998168945,0.9037794470787048,0.9702534675598145
26762,0.304931640625,0.3847713768482208,0.49493172764778137,0.7183235287666321
26763,0.571533203125,0.5816159248352051,0.43686550855636597,0.7566822171211243
26764,0.03125,0.03125,0.6309297680854797,0.6309297680854797
26765,0.431884765625,0.47724026441574097,0.7318407297134399,0.8841339945793152
26766,0.580322265625,0.5923728942871094,1.0,1.0
26767,0.110107421875,0.13263797760009766,1.0,1.0
26768,0.953369140625,0.9572346210479736,1.0,1.0
26769,0.110107421875,0.155360147356987,1.0,1.0
26770,0.706298828125,0.7091108560562134,0.871160089969635,0.8927363753318787
26771,0.962158203125,0.9623172283172607,0.9625431895256042,0.9630230069160461
26772,0.304931640625,0.35332122445106506,1.0,0.8615639209747314
26773,0.9444172978401184,0.948740541934967,0.9456308484077454,0.9827356338500977
26774,0.304931640625,0.35769230127334595,1.0,0.9820793271064758
26775,0.606689453125,0.6380894184112549,1.0,0.998447835445404
26776,0.956298828125,0.9593254923820496,1.0,1.0
26778,0.466064453125,0.5587467551231384,0.5450960993766785,0.8718034625053406
26779,0.304931640625,0.34826165437698364,1.0,0.976607620716095
26780,0.110107421875,0.110107421875,1.0,1.0
26781,0.304931640625,0.37558865547180176,1.0,0.9575862288475037
26782,0.606689453125,0.6320451498031616,1.0,0.996995210647583
26783,0.3599446713924408,0.40587711334228516,0.8075588941574097,0.8405242562294006
26784,0.304931640625,0.37462419271469116,1.0,1.0
26785,0.2774251401424408,0.3152926564216614,0.8435737490653992,0.9635961055755615
26786,0.228759765625,0.24707932770252228,1.0,0.968191921710968
26787,0.0625,0.091796875,0.27541154623031616,0.5697222948074341
26788,0.1875,0.1875,1.0,1.0
26789,0.567138671875,0.5884169340133667,0.9225797057151794,0.9620003700256348
26790,0.606689453125,0.6307781338691711,1.0,0.9167277216911316
26791,0.304931640625,0.3574824333190918,1.0,1.0
26792,0.966796875,0.9674633145332336,0.8748388290405273,0.9495113492012024
26793,0.9444172978401184,0.947586715221405,0.9456308484077454,0.9671008586883545
26794,0.197998046875,0.2758334279060364,0.6871474981307983,0.83512282371521
26795,0.0,0.16433507204055786,0.0,0.5533992648124695
26796,0.946533203125,0.9502360820770264,1.0,1.0
26797,0.499755859375,0.5307192802429199,0.9037794470787048,0.9736380577087402
26798,0.166259765625,0.2175588309764862,0.6291344165802002,0.8291785717010498
26799,0.393798828125,0.46126970648765564,0.5977610945701599,0.8712460994720459
26800,0.304931640625,0.3688770532608032,1.0,0.8990684151649475
26801,0.14453125,0.19517125189304352,0.5307213068008423,0.7470881342887878
26802,0.940673828125,0.9466471076011658,0.771205723285675,0.900316596031189
26803,0.2774251401424408,0.3083024322986603,1.0,1.0
26804,0.953369140625,0.9562103152275085,0.912726640701294,0.9717148542404175
26805,0.584228515625,0.5847519040107727,0.7139173746109009,0.8154911994934082
26806,0.951904296875,0.9549639821052551,0.9521908760070801,0.9835496544837952
26807,0.0625,0.0708705335855484,0.6131471991539001,0.8175296187400818
26808,0.967041015625,0.9670807123184204,1.0,0.9983395934104919
26809,0.2044270783662796,0.2322290688753128,0.8472668528556824,0.94448322057724
26810,0.304931640625,0.3391525149345398,1.0,0.9785508513450623
26812,0.946533203125,0.9540391564369202,0.7083972692489624,0.8919260501861572
26813,0.956298828125,0.9583584666252136,1.0,0.9758028388023376
26815,0.197998046875,0.27490055561065674,0.6871474981307983,0.8787615299224854
26816,0.304931640625,0.3826035261154175,0.6151177287101746,0.82228022813797
26817,0.580322265625,0.6053650975227356,1.0,0.9936176538467407
26818,0.580322265625,0.6063500642776489,1.0,1.0
26819,0.946533203125,0.9516106247901917,1.0,0.9973260164260864
26820,0.951171875,0.9519546627998352,0.974895179271698,0.9907791614532471
26822,0.374755859375,0.4538789391517639,0.5307213068008423,0.8295217752456665
26823,0.323974609375,0.38206034898757935,0.5520787835121155,0.7804450988769531
26824,0.304931640625,0.40573734045028687,0.4285714626312256,0.8076801896095276
26825,0.110107421875,0.13772621750831604,1.0,0.95219486951828
26826,0.304931640625,0.3597394526004791,0.6151177287101746,0.7786499857902527
26828,0.518798828125,0.5604536533355713,1.0,0.9868907928466797
26829,0.940673828125,0.9458973407745361,0.8770246505737305,0.9539573192596436
26830,0.110107421875,0.110107421875,1.0,1.0
26831,0.606689453125,0.6401675939559937,1.0,0.9888008832931519
26832,0.260498046875,0.3529294729232788,0.49370092153549194,0.7926865220069885
26833,0.228759765625,0.2376861572265625,1.0,0.9903929233551025
26834,0.567138671875,0.6022158265113831,0.9225797057151794,0.909378707408905
26835,0.2774251401424408,0.31376415491104126,0.8435737490653992,0.9700926542282104
26836,0.466064453125,0.5204294919967651,0.7823625802993774,0.9420124888420105
26837,0.304931640625,0.35550081729888916,1.0,1.0
26838,0.150390625,0.1621508002281189,0.7002755999565125,0.7732260227203369
26839,0.110107421875,0.16805106401443481,0.5158474445343018,0.7940199971199036
26840,0.0625,0.0833740234375,0.4692787230014801,0.8179810047149658
26841,0.260498046875,0.3493112325668335,0.49370092153549194,0.7698478102684021
26842,0.47265625,0.5196850299835205,0.8178747296333313,0.9071184992790222
26843,0.606689453125,0.6411712169647217,1.0,0.9472213983535767
26844,0.166259765625,0.19068965315818787,0.8213136792182922,0.8531702160835266
26845,0.967041015625,0.9675745368003845,0.8122885227203369,0.9356246590614319
26846,0.23828125,0.30638107657432556,0.7039180994033813,0.6908833384513855
26847,0.110107421875,0.16475296020507812,0.3333333134651184,0.5548202395439148
26848,0.0,0.015625,0.0,0.43067657947540283
26849,0.304931640625,0.37751761078834534,1.0,1.0
26850,0.14453125,0.2568196654319763,0.2626707851886749,0.6461354494094849
26851,0.304931640625,0.3355218768119812,1.0,1.0
26852,0.228759765625,0.30561119318008423,0.6461858153343201,0.8387306332588196
26853,0.2774251401424408,0.3625759184360504,0.5188971757888794,0.7974390387535095
26854,0.110107421875,0.14712190628051758,0.5158474445343018,0.7336077690124512
26855,0.580322265625,0.6187799572944641,0.86592036485672,0.9276463389396667
26856,0.08203125,0.08203125,0.9197208285331726,0.9197208285331726
26857,0.606689453125,0.6171395778656006,1.0,0.9948294758796692
26858,0.03125,0.03125,0.6309297680854797,0.6309297680854797
26859,0.466064453125,0.466064453125,1.0,1.0
26860,0.606689453125,0.6235755681991577,1.0,0.9826810359954834
26861,0.0,0.2015950083732605,0.0,0.6273021697998047
26862,0.9668782353401184,0.9671165943145752,0.9614850282669067,0.9917624592781067
26863,0.3599446713924408,0.41342854499816895,0.6497723460197449,0.8335118293762207
26864,0.1106770858168602,0.1893969476222992,0.37429505586624146,0.6911404132843018
26865,0.518798828125,0.5589699745178223,1.0,0.9854342937469482
26866,0.2044270783662796,0.2322290688753128,0.8472668528556824,0.94448322057724
26867,0.499755859375,0.5531288981437683,0.9037794470787048,0.9710733294487
26868,0.946533203125,0.9514392614364624,1.0,0.9972876310348511
26869,0.323974609375,0.39385536313056946,0.47805625200271606,0.791446328163147
26871,0.304931640625,0.37967705726623535,0.49493172764778137,0.769090473651886
26872,0.393798828125,0.43551525473594666,0.8579513430595398,0.9010136723518372
26873,0.51953125,0.5423791408538818,0.8129132390022278,0.8785869479179382
26874,0.02083333395421505,0.02083333395421505,0.5,0.5
26875,0.490234375,0.5354405045509338,0.8556691408157349,0.941707968711853
26876,0.110107421875,0.1761167049407959,0.3951442539691925,0.7426412105560303
26877,0.0625,0.0625,1.0,1.0
26878,0.304931640625,0.36295658349990845,1.0,0.930817723274231
26879,0.0625,0.084014892578125,0.4692787230014801,0.8194270730018616
26880,0.2774251401424408,0.3552895784378052,0.5188971757888794,0.7811377644538879
26881,0.091796875,0.091796875,1.0,1.0
26882,0.304931640625,0.37751761078834534,1.0,1.0
26883,0.166259765625,0.20547878742218018,0.8213136792182922,0.8819824457168579
26884,0.14453125,0.17746704816818237,0.6291344165802002,0.7558594346046448
26885,0.09375,0.15256991982460022,0.29608193039894104,0.6446810364723206
26886,0.212890625,0.29266276955604553,0.5679726600646973,0.8851731419563293
26887,0.166259765625,0.25499340891838074,0.5307213068008423,0.8406387567520142
26888,0.091796875,0.091796875,1.0,1.0
26889,0.606689453125,0.6315467357635498,1.0,0.8843644857406616
26890,0.0,0.015625,0.0,0.43067657947540283
26891,0.304931640625,0.39906689524650574,0.4285714626312256,0.7458667159080505
26892,0.0,0.0351911261677742,0.0,0.5400753617286682
26893,0.946533203125,0.951259434223175,1.0,0.9984616041183472
26894,0.166259765625,0.2167055308818817,0.5307213068008423,0.759557843208313
26895,0.03125,0.0751953125,0.17376534640789032,0.5296052694320679
26897,0.110107421875,0.19060364365577698,0.3333333134651184,0.7440258860588074
26898,0.110107421875,0.155360147356987,1.0,1.0
26899,0.2774251401424408,0.3140411674976349,1.0,1.0
26900,0.110107421875,0.1715635359287262,0.3951442539691925,0.7295770645141602
26901,0.166259765625,0.26899126172065735,0.32645606994628906,0.6952030062675476
26902,0.110107421875,0.13716420531272888,1.0,0.8189080953598022
26903,0.304931640625,0.35593631863594055,1.0,0.9815686345100403
26904,0.197998046875,0.22887535393238068,0.8145672082901001,0.8614060878753662
26905,0.23828125,0.3025887608528137,0.7039180994033813,0.8963134288787842
26906,0.304931640625,0.37558865547180176,1.0,1.0
26907,0.05078125,0.09839769452810287,0.2097114622592926,0.44837936758995056
26908,0.374755859375,0.39683008193969727,0.8428282141685486,0.8659799098968506
26909,0.5694172978401184,0.5742046236991882,0.6197949647903442,0.7381517291069031
26910,0.08984375,0.18320702016353607,0.20503923296928406,0.5598037242889404
26912,0.146728515625,0.2025890350341797,0.48975956439971924,0.7695885300636292
26913,0.228759765625,0.228759765625,1.0,1.0
26914,0.150390625,0.18978895246982574,0.5364180207252502,0.7608982920646667
26915,0.110107421875,0.16778317093849182,0.5158474445343018,0.7907759547233582
26916,0.606689453125,0.6338350772857666,1.0,0.9933517575263977
26917,0.943115234375,0.9461817145347595,0.9313938021659851,0.9492632746696472
26919,0.0625,0.0625,1.0,1.0
26920,0.110107421875,0.14018169045448303,1.0,1.0
26921,0.05078125,0.09463068097829819,0.5307212471961975,0.8118374347686768
26922,0.0,0.0062500000931322575,0.0,0.1772392839193344
26923,0.9507649540901184,0.9533613324165344,0.974961519241333,0.9759987592697144
26924,0.110107421875,0.1444081962108612,1.0,0.9888008832931519
26925,0.146728515625,0.2423231303691864,0.2098969668149948,0.6195431351661682
26926,0.02083333395421505,0.0878487154841423,0.07821311801671982,0.5242710709571838
26927,0.959228515625,0.9595217704772949,0.9394869804382324,0.9435379505157471
26928,0.03125,0.03125,0.6309297680854797,0.6309297680854797
26929,0.304931640625,0.3663727343082428,1.0,0.9968176484107971
26930,0.0,0.045989990234375,0.0,0.37997105717658997
26931,0.2774251401424408,0.3218843340873718,0.8435737490653992,0.9621445536613464
26932,0.956298828125,0.9587010741233826,1.0,0.9811750650405884
26933,0.304931640625,0.36701491475105286,1.0,1.0
26934,0.304931640625,0.36948367953300476,1.0,0.938636302947998
26935,0.518798828125,0.5479378700256348,1.0,0.9815183877944946
26936,0.0625,0.0625,1.0,1.0
26937,0.518798828125,0.5670474767684937,1.0,1.0
26938,0.518798828125,0.5793074369430542,0.8046129941940308,0.9555858969688416
26939,0.228759765625,0.2649032473564148,0.7660098671913147,0.8498277068138123
26940,0.943359375,0.9478704333305359,0.9184463024139404,0.9482434988021851
26941,0.150390625,0.1999722719192505,0.5364180207252502,0.787869393825531
26942,0.304931640625,0.3621583580970764,1.0,1.0
26943,0.110107421875,0.15066374838352203,1.0,0.866948127746582
26944,0.967041015625,0.9674144983291626,1.0,0.9740570187568665
26945,0.580322265625,0.6162537932395935,0.86592036485672,0.9626123309135437
26946,0.304931640625,0.3663727343082428,1.0,0.9968176484107971
26947,0.146728515625,0.24497845768928528,0.3012597858905792,0.6367617845535278
26948,0.9668782353401184,0.9671161770820618,0.9614850282669067,0.9948909878730774
26950,0.556884765625,0.5711112022399902,0.9594535827636719,0.962017834186554
26951,0.1875,0.1875,1.0,1.0
26952,0.0,0.012500000186264515,0.0,0.38685280084609985
26953,0.304931640625,0.37751758098602295,1.0,1.0
26954,0.943115234375,0.9486621022224426,0.9313938021659851,0.9711422920227051
26955,0.431884765625,0.4793050289154053,0.7318407297134399,0.790985107421875
26956,0.110107421875,0.16243132948875427,0.3951442539691925,0.6695311069488525
26958,0.110107421875,0.20988698303699493,0.3333333134651184,0.7673029899597168
26959,0.0625,0.0625,1.0,1.0
26960,0.166259765625,0.2545914053916931,0.5307213068008423,0.8368306756019592
26961,0.110107421875,0.13263797760009766,1.0,1.0
26962,0.2774251401424408,0.28709539771080017,1.0,1.0
26963,0.967041015625,0.9674230217933655,0.9284793138504028,0.9728405475616455
26964,0.260498046875,0.40732982754707336,0.27896419167518616,0.641664445400238
26965,0.9507649540901184,0.9550689458847046,0.8898733854293823,0.9004366397857666
26966,0.946533203125,0.9542689323425293,0.8026000261306763,0.9446135759353638
26967,0.940673828125,0.946199357509613,0.8770246505737305,0.9533290863037109
26969,0.260498046875,0.2958983778953552,0.8026120662689209,0.9127541184425354
26970,0.466064453125,0.48729151487350464,1.0,0.9981460571289062
26971,0.9444172978401184,0.9496785402297974,0.9456308484077454,0.9743652939796448
26972,0.0,0.015625,0.0,0.43067657947540283
26973,0.393798828125,0.4320273995399475,0.8579513430595398,0.8879340291023254
26974,0.110107421875,0.12577152252197266,1.0,0.9560290575027466
26975,0.499755859375,0.5694775581359863,0.629690945148468,0.8147692084312439
26976,0.0625,0.0625,1.0,1.0
26977,0.304931640625,0.3398453891277313,1.0,0.9899959564208984
26978,0.304931640625,0.38562819361686707,0.6151177287101746,0.8464578986167908
26979,0.23828125,0.28934019804000854,0.7039180994033813,0.904717206954956
26980,0.110107421875,0.1512162685394287,1.0,1.0
26981,0.146728515625,0.19726935029029846,0.58057701587677,0.7644572854042053
26982,0.150390625,0.23236548900604248,0.4525081515312195,0.7201401591300964
26983,0.946533203125,0.950751006603241,1.0,0.9924927353858948
26984,0.518798828125,0.5500730276107788,1.0,1.0
26985,0.21875,0.23568856716156006,0.5431737899780273,0.6415737271308899
26986,0.219970703125,0.26063281297683716,0.49370092153549194,0.674212634563446
26987,0.02083333395421505,0.06585970520973206,0.12103812396526337,0.5016844272613525
26988,0.304931640625,0.34265080094337463,1.0,0.9903436899185181
26989,0.110107421875,0.155360147356987,1.0,1.0
26990,0.393798828125,0.4503868818283081,0.5977610945701599,0.8415480256080627
26991,0.091796875,0.16548538208007812,0.255120187997818,0.6117714047431946
26992,0.228759765625,0.2446599006652832,1.0,0.9849510788917542
26993,0.323974609375,0.3835006654262543,0.5520787835121155,0.7842492461204529
26994,0.304931640625,0.3546351492404938,1.0,0.9791005253791809
26995,0.091796875,0.091796875,1.0,1.0
26996,0.08203125,0.1281413584947586,0.23463936150074005,0.36114951968193054
26997,0.260498046875,0.2861069142818451,0.9514426589012146,0.9440813064575195
26998,0.943115234375,0.9459318518638611,0.9849443435668945,0.9867784976959229
26999,0.03125,0.0550537109375,0.29608193039894104,0.6653497219085693
27000,0.374755859375,0.40732407569885254,0.7617307901382446,0.8421393632888794
27001,0.260498046875,0.30002814531326294,0.8026120662689209,0.8892427086830139
27002,0.304931640625,0.37462419271469116,1.0,1.0
27003,0.531982421875,0.5643903017044067,0.8617600202560425,0.8875533938407898
27004,0.0,0.008928571827709675,0.0,0.3333333432674408
27005,0.580322265625,0.621066153049469,0.86592036485672,0.9823637008666992
27006,0.393798828125,0.43932586908340454,0.8579513430595398,0.902096152305603
27007,0.197998046875,0.2817510962486267,0.6871474981307983,0.8910656571388245
27009,0.580322265625,0.6092028617858887,1.0,1.0
27010,0.3599446713924408,0.4105043113231659,0.6497723460197449,0.8219726085662842
27011,0.304931640625,0.36701491475105286,1.0,1.0
27012,0.260498046875,0.29192638397216797,0.8026120662689209,0.932297945022583
27013,0.304931640625,0.3742768466472626,1.0,0.9932168126106262
27014,0.947998046875,0.9532210826873779,0.8348100185394287,0.9271458387374878
27015,0.110107421875,0.1588565558195114,1.0,1.0
27016,0.518798828125,0.5644957423210144,1.0,0.9960023760795593
27017,0.2774251401424408,0.3097391724586487,0.8435737490653992,0.7928622961044312
27018,0.304931640625,0.3534148037433624,1.0,0.9923123121261597
27019,0.23046875,0.2572479248046875,0.5234342813491821,0.6624690890312195
27020,0.606689453125,0.6307746171951294,1.0,0.927851140499115
27021,0.212890625,0.2208251953125,0.8789618015289307,0.965191125869751
27022,0.08984375,0.1770973652601242,0.3333333134651184,0.7269981503486633
27023,0.304931640625,0.37462419271469116,1.0,1.0
27024,0.110107421875,0.110107421875,1.0,1.0
27025,0.1875,0.1875,1.0,1.0
27026,0.0625,0.07421875,0.6131471991539001,0.8503448963165283
27027,0.606689453125,0.6287471055984497,1.0,0.9650766253471375
27028,0.953369140625,0.9569772481918335,0.912726640701294,0.9890332221984863
27029,0.260498046875,0.30899369716644287,0.8026120662689209,0.9445620179176331
27030,0.197998046875,0.24641048908233643,0.6871474981307983,0.8315504193305969
27031,0.02083333395421505,0.07232088595628738,0.23463936150074005,0.7211558222770691
27032,0.110107421875,0.15885654091835022,1.0,1.0
27033,0.110107421875,0.14018169045448303,1.0,1.0
27034,0.304931640625,0.36341002583503723,0.6151177287101746,0.7433238625526428
27036,0.940673828125,0.9481075406074524,0.8770246505737305,0.911751925945282
27037,0.567138671875,0.6046127080917358,0.9225797057151794,0.9783058762550354
27038,0.166259765625,0.21274256706237793,0.6291344165802002,0.822272539138794
27039,0.05078125,0.11348401755094528,0.2737712264060974,0.6596744656562805
27040,0.2774251401424408,0.35064005851745605,0.8435737490653992,0.8899256587028503
27041,0.1875,0.1875,1.0,1.0
27042,0.110107421875,0.110107421875,1.0,1.0
27043,0.946533203125,0.9501056671142578,1.0,0.9580308198928833
27044,0.9375,0.9375,1.0,1.0
27045,0.946533203125,0.9516600370407104,1.0,0.9988051056861877
27046,0.567138671875,0.567138671875,1.0,1.0
27047,0.9668782353401184,0.9669354557991028,1.0,1.0
27048,0.110107421875,0.13263797760009766,1.0,1.0
27049,0.953369140625,0.9564167261123657,1.0,1.0
27050,0.0625,0.07421875,0.6131471991539001,0.8503448963165283
27051,0.146728515625,0.16625499725341797,0.7579237222671509,0.7979168891906738
27053,0.4375,0.4660217761993408,0.7452524900436401,0.8967666029930115
27054,0.091796875,0.10552978515625,0.7653606534004211,0.9674680233001709
27055,0.947998046875,0.9520934820175171,0.9146330952644348,0.9545747637748718
27056,0.304931640625,0.4136534035205841,0.34757038950920105,0.6916326284408569
27057,0.943115234375,0.9454904198646545,0.9849443435668945,0.9863723516464233
27058,0.490234375,0.5335801839828491,0.8556691408157349,0.7977539300918579
27060,0.110107421875,0.17345169186592102,0.3951442539691925,0.7341054677963257
27061,0.110107421875,0.14381882548332214,1.0,0.9848331809043884
27062,0.0625,0.0625,1.0,1.0
27063,0.3599446713924408,0.3893479108810425,0.8075588941574097,0.8362884521484375
27064,0.110107421875,0.14018169045448303,1.0,1.0
27065,0.531982421875,0.5529763102531433,0.8617600202560425,0.9286463856697083
27066,0.110107421875,0.20808342099189758,0.3333333134651184,0.7751390933990479
27067,0.2774251401424408,0.3086200952529907,0.8435737490653992,0.9387630820274353
27068,0.556884765625,0.5764205455780029,0.9594535827636719,0.9655038714408875
27069,0.304931640625,0.3373226821422577,1.0,0.9809607267379761
27070,0.03125,0.0733642578125,0.15273310244083405,0.5156775712966919
27071,0.488037109375,0.5349006652832031,0.7069194316864014,0.9099796414375305
27072,0.2774251401424408,0.34491926431655884,0.5188971757888794,0.7290388941764832
27073,0.2774251401424408,0.3045674264431,1.0,1.0
27074,0.940673828125,0.940673828125,1.0,1.0
27075,0.393798828125,0.41158705949783325,0.8579513430595398,0.7881215810775757
27076,0.940673828125,0.9439237713813782,1.0,1.0
27077,0.304931640625,0.35010552406311035,1.0,1.0
27078,0.09375,0.16608476638793945,0.29608193039894104,0.6734787821769714
27079,0.228759765625,0.2600777745246887,1.0,1.0
27081,0.568359375,0.56915283203125,0.7166156768798828,0.7413774728775024
27082,0.166259765625,0.17741775512695312,0.8213136792182922,0.8381840586662292
27083,0.959228515625,0.9595948457717896,0.9394869804382324,0.9468631148338318
27084,0.5694173574447632,0.5731383562088013,0.7048385143280029,0.7664980888366699
27085,0.304931640625,0.38040223717689514,0.4285714626312256,0.6383281350135803
27086,0.940673828125,0.9434144496917725,1.0,1.0
27087,0.966796875,0.9675511717796326,0.7653606534004211,0.9459162950515747
27088,0.110107421875,0.16778317093849182,0.5158474445343018,0.7907759547233582
27090,0.14453125,0.22167633473873138,0.5307213068008423,0.7973561882972717
27091,0.9466145634651184,0.9510588049888611,0.8072783350944519,0.9081077575683594
27092,0.606689453125,0.6427099704742432,1.0,1.0
27093,0.091796875,0.14240632951259613,0.3948093354701996,0.7185060977935791
27096,0.228759765625,0.2622337341308594,0.7660098671913147,0.9312254190444946
27097,0.606689453125,0.6284116506576538,1.0,0.9898104071617126
27098,0.110107421875,0.1479802131652832,0.5158474445343018,0.7371376156806946
27099,0.091796875,0.091796875,1.0,1.0
27100,0.091796875,0.091796875,1.0,1.0
27101,0.212890625,0.27218571305274963,0.5679726600646973,0.8694045543670654
27102,0.091796875,0.12185773253440857,0.7653606534004211,0.8978714942932129
27103,0.304931640625,0.3530694544315338,1.0,1.0
27104,0.110107421875,0.14018169045448303,1.0,1.0
27105,0.150390625,0.21047240495681763,0.4525081515312195,0.769277036190033
27106,0.466064453125,0.49072974920272827,1.0,1.0
27107,0.2774251401424408,0.35190826654434204,0.8435737490653992,0.862022876739502
27108,0.228759765625,0.228759765625,1.0,1.0
27109,0.166259765625,0.22281120717525482,0.5307213068008423,0.7293246388435364
27110,0.0,0.0332380011677742,0.0,0.5256940722465515
27111,0.212890625,0.212890625,1.0,1.0
27112,0.110107421875,0.1588565558195114,1.0,1.0
27113,0.05078125,0.10278032720088959,0.5307212471961975,0.8328978419303894
27114,0.9668782353401184,0.9673081636428833,0.9614850282669067,0.9878734350204468
27115,0.580322265625,0.6206978559494019,0.86592036485672,0.9859620332717896
27116,0.943115234375,0.9459318518638611,0.9313938021659851,0.9393495321273804
27117,0.110107421875,0.13263797760009766,1.0,1.0
27118,0.490234375,0.570970892906189,0.5961710214614868,0.8600091338157654
27119,0.580322265625,0.6130536198616028,1.0,0.9646521210670471
27121,0.9444172978401184,0.9484453201293945,0.9456308484077454,0.993336021900177
27122,0.3059895932674408,0.351382851600647,0.5032320022583008,0.7104964256286621
27123,0.260498046875,0.29230111837387085,0.8026120662689209,0.9100738167762756
27124,0.21875,0.21875,0.6309297680854797,0.6309297680854797
27127,0.556884765625,0.5963693857192993,0.8308104276657104,0.9112555980682373
27128,0.03125,0.03125,0.6309297680854797,0.6309297680854797
27130,0.580322265625,0.6269147396087646,0.86592036485672,0.9574649930000305
27131,0.0,0.15153275430202484,0.0,0.5454460382461548
27132,0.03125,0.03125,0.6309297680854797,0.6309297680854797
27133,0.953369140625,0.9571933746337891,0.912726640701294,0.9687226414680481
27135,0.228759765625,0.30373314023017883,0.6461858153343201,0.9019957184791565
27136,0.9668782353401184,0.9673821330070496,0.892719030380249,0.9518360495567322
27137,0.304931640625,0.3366655111312866,1.0,1.0
27138,0.08203125,0.08203125,0.9197208285331726,0.9197208285331726
27139,0.4375,0.4375,1.0,1.0
27140,0.091796875,0.1158294677734375,0.7653606534004211,0.9558295607566833
27141,0.374755859375,0.3814506530761719,0.8428282141685486,0.8497189283370972
27143,0.940673828125,0.9503993988037109,0.7038999795913696,0.8934439420700073
27144,0.957763671875,0.9579647779464722,0.9265733957290649,0.9323297739028931
27145,0.1106770858168602,0.1201985701918602,0.5792374610900879,0.6728852987289429
27146,0.05078125,0.12191175669431686,0.2737712264060974,0.6913365721702576
27147,0.3599446713924408,0.40156954526901245,0.8075588941574097,0.8594513535499573
27149,0.556884765625,0.5839459896087646,0.8308104276657104,0.9077373147010803
27150,0.197998046875,0.2382051646709442,0.6871474981307983,0.8495152592658997
27151,0.197998046875,0.2458658218383789,0.6871474981307983,0.8480743169784546
27152,0.946533203125,0.949485182762146,1.0,0.9856241345405579
27153,0.466064453125,0.4846590459346771,0.8656565546989441,0.9321728348731995
27154,0.946533203125,0.9499444961547852,1.0,0.9857140779495239
27155,0.166259765625,0.166259765625,0.8213136792182922,0.8213136792182922
27156,0.953369140625,0.9582425355911255,0.912726640701294,0.9908041954040527
27157,0.567138671875,0.5950580835342407,0.9225797057151794,0.9615487456321716
27158,0.02083333395421505,0.07966035604476929,0.12103812396526337,0.5665781497955322
27159,0.946533203125,0.9470489621162415,1.0,0.9976717829704285
27160,0.260498046875,0.2971140742301941,0.9514426589012146,0.9664515256881714
27161,0.03125,0.07653194665908813,0.29608193039894104,0.7326491475105286
27162,0.9375,0.9384765625,0.9596357941627502,0.9871886372566223
27163,0.940673828125,0.9492141604423523,0.7038999795913696,0.9090943932533264
27164,0.946533203125,0.9510459899902344,0.8793432712554932,0.9639322757720947
27165,0.9507649540901184,0.9541553258895874,0.8898733854293823,0.95284104347229
27166,0.518798828125,0.5517092943191528,1.0,0.9922717809677124
27167,0.959228515625,0.9595186710357666,0.8722942471504211,0.9133400917053223
27168,0.3599446713924408,0.3838665783405304,0.8075588941574097,0.6870490312576294
27169,0.2774251401424408,0.3218843340873718,0.8435737490653992,0.8114653825759888
27170,0.940673828125,0.9455018639564514,0.8770246505737305,0.9589246511459351
27171,0.166259765625,0.20547880232334137,0.8213136792182922,0.8430204391479492
27172,0.110107421875,0.12298202514648438,1.0,1.0
27173,0.228759765625,0.24828624725341797,1.0,1.0
27174,0.518798828125,0.5373821258544922,1.0,0.9806749224662781
27175,0.110107421875,0.155360147356987,1.0,1.0
27176,0.393798828125,0.45138803124427795,0.5977610945701599,0.73554927110672
27177,0.304931640625,0.36918145418167114,1.0,0.9008240699768066
27178,0.567138671875,0.61690753698349,0.7988805174827576,0.9666654467582703
27179,0.466064453125,0.47861719131469727,1.0,0.9965752363204956
27180,0.943115234375,0.9478740692138672,0.9313938021659851,0.9683199524879456
27181,0.2774251401424408,0.33791816234588623,0.8435737490653992,0.9570198655128479
27183,0.946533203125,0.9530723094940186,0.8793432712554932,0.9664999842643738
27184,0.518798828125,0.5511142015457153,1.0,0.9893782734870911
27185,0.499755859375,0.5551544427871704,0.7271926999092102,0.9081522822380066
27187,0.166259765625,0.20990753173828125,0.6291344165802002,0.7750380039215088
27188,0.260498046875,0.3202119469642639,0.8026120662689209,0.9432246088981628
27189,0.584228515625,0.5844389796257019,0.7689103484153748,0.7847782969474792
27190,0.166259765625,0.20850901305675507,0.8213136792182922,0.8871959447860718
27191,0.3599446713924408,0.42070454359054565,0.5626510977745056,0.8205752372741699
27192,0.197998046875,0.23424667119979858,0.6871474981307983,0.7234504222869873
27193,0.466064453125,0.4795827865600586,1.0,1.0
27194,0.580322265625,0.602523922920227,1.0,0.9961832761764526
27195,0.968017578125,0.968066930770874,1.0,0.9698330163955688
27196,0.1875,0.1875,1.0,1.0
27197,0.304931640625,0.3316919803619385,1.0,1.0
27198,0.580322265625,0.6221709251403809,0.86592036485672,0.9141845107078552
27199,0.228759765625,0.3004578649997711,0.6461858153343201,0.8743262887001038
27200,0.197998046875,0.28104811906814575,0.42267662286758423,0.7284332513809204
27201,0.0625,0.0625,1.0,1.0
27202,0.260498046875,0.31238704919815063,0.8026120662689209,0.9193248748779297
27203,0.633056640625,0.6388548612594604,0.5862115621566772,0.7954891920089722
27204,0.304931640625,0.304931640625,1.0,1.0
27205,0.580322265625,0.6091435551643372,0.86592036485672,0.9128033518791199
27206,0.946533203125,0.9490970969200134,1.0,0.9973801374435425
27207,0.091796875,0.1158294677734375,0.7653606534004211,0.9558295607566833
27209,0.580322265625,0.6230205297470093,0.86592036485672,0.9719343781471252
27210,0.2774251401424408,0.3192935287952423,0.8435737490653992,0.9520897269248962
27212,0.560546875,0.560546875,1.0,1.0
27213,0.091796875,0.1009521484375,0.7653606534004211,0.9325210452079773
27214,0.9668782353401184,0.9675043821334839,0.892719030380249,0.9479502439498901
27215,0.03125,0.0607757568359375,0.29608193039894104,0.6710021495819092
27216,0.518798828125,0.5936145782470703,0.496870219707489,0.7655519247055054
27217,0.393798828125,0.43677955865859985,0.8579513430595398,0.9030640721321106
27218,0.150390625,0.19545650482177734,0.7002755999565125,0.8107849359512329
27219,0.110107421875,0.1588565558195114,1.0,1.0
27220,0.518798828125,0.5500730276107788,1.0,1.0
27221,0.940673828125,0.9497042298316956,0.5768473744392395,0.8264500498771667
27222,0.2774251401424408,0.32879045605659485,0.8435737490653992,0.9590269327163696
27223,0.304931640625,0.3589973449707031,1.0,0.995535671710968
27224,0.110107421875,0.19074027240276337,0.3951442539691925,0.7837281823158264
27225,0.146728515625,0.22151489555835724,0.48975956439971924,0.799322247505188
27226,0.488037109375,0.5428327322006226,0.7069194316864014,0.8929196000099182
27227,0.946533203125,0.9531288146972656,0.7083972692489624,0.8807656764984131
27228,0.967041015625,0.9674301147460938,1.0,0.9774291515350342
27229,0.940673828125,0.9453215003013611,0.9274492263793945,0.979777991771698
27230,0.304931640625,0.36299222707748413,1.0,0.9741165637969971
27232,0.08203125,0.11038219928741455,0.7039180994033813,0.8826131224632263
27233,0.571533203125,0.581699788570404,0.43686550855636597,0.7863643765449524
27234,0.166259765625,0.19757778942584991,0.8213136792182922,0.8690776824951172
27235,0.110107421875,0.12845373153686523,1.0,0.9747428894042969
27236,0.4375,0.4375,1.0,1.0
27237,0.0625,0.06982421875,0.6131471991539001,0.8065736293792725
27238,0.490234375,0.490234375,1.0,1.0
27239,0.304931640625,0.3633233904838562,1.0,0.9052115678787231
27240,0.304931640625,0.36684074997901917,1.0,0.9929330945014954
27241,0.940673828125,0.9430323839187622,1.0,0.9989869594573975
27242,0.518798828125,0.5553255081176758,1.0,0.9829700589179993
27243,0.263671875,0.3310343623161316,0.4707868993282318,0.7124546766281128
27244,0.567138671875,0.598677396774292,0.7988805174827576,0.9439343214035034
27245,0.940673828125,0.9442494511604309,0.9274492263793945,0.9581782221794128
27246,0.304931640625,0.36582908034324646,1.0,0.9791740775108337
27247,0.23828125,0.28125202655792236,0.7039180994033813,0.8961544036865234
27248,0.05078125,0.07309722900390625,0.5307212471961975,0.7486761212348938
27249,0.091796875,0.11411285400390625,0.7653606534004211,0.9438661336898804
27250,0.3599446713924408,0.40547168254852295,0.6497723460197449,0.7313039898872375
27251,0.12109375,0.2211216390132904,0.19355076551437378,0.581595778465271
27252,0.146728515625,0.18235617876052856,0.7579237222671509,0.8320305943489075
27253,0.260498046875,0.33017563819885254,0.8026120662689209,0.9359376430511475
27254,0.304931640625,0.36982083320617676,1.0,0.949324905872345
27255,0.08203125,0.12057650834321976,0.7039180994033813,0.909946620464325
27256,0.580322265625,0.5970236659049988,1.0,1.0
27258,0.304931640625,0.3518127501010895,0.6151177287101746,0.774623453617096
27259,0.3599446713924408,0.43410930037498474,0.5626510977745056,0.8504627346992493
27260,0.499755859375,0.5556573867797852,0.7271926999092102,0.9296143054962158
27261,0.2774251401424408,0.3164111375808716,0.8435737490653992,0.9566734433174133
27262,0.304931640625,0.3746241629123688,1.0,1.0
27263,0.499755859375,0.5329289436340332,0.9037794470787048,0.9408462643623352
27264,0.946533203125,0.9508541822433472,1.0,0.9979724884033203
27265,0.0,0.02226562425494194,0.0,0.455605149269104
27266,0.110107421875,0.13596020638942719,1.0,0.944740355014801
27268,0.9375,0.942230224609375,0.7171369194984436,0.8738015294075012
27269,0.304931640625,0.37031567096710205,0.6151177287101746,0.8167592287063599
27270,0.962158203125,0.9624395370483398,0.9625431895256042,0.9591116309165955
27271,0.953369140625,0.956824779510498,1.0,1.0
27273,0.03125,0.041015625,0.38685283064842224,0.6052602529525757
27274,0.110107421875,0.14018169045448303,1.0,1.0
27275,0.228759765625,0.228759765625,1.0,1.0
27276,0.9375,0.9458082914352417,0.6545500159263611,0.8758496046066284
27277,0.518798828125,0.5570273995399475,1.0,0.9848697781562805
27278,0.2774251401424408,0.31376415491104126,0.8435737490653992,0.9700926542282104
27279,0.166259765625,0.20818939805030823,0.6291344165802002,0.8132506608963013
27280,0.228759765625,0.2674142122268677,0.7660098671913147,0.9268916845321655
27281,0.556884765625,0.5850028991699219,0.8308104276657104,0.9505808353424072
27282,0.228759765625,0.30346643924713135,0.6461858153343201,0.9058640599250793
27283,0.197998046875,0.23433706164360046,0.6871474981307983,0.8379316329956055
27284,0.3599446713924408,0.44936519861221313,0.40125197172164917,0.7313486933708191
27285,0.3599446713924408,0.4101964831352234,0.8075588941574097,0.886561393737793
27286,0.9673665165901184,0.967491865158081,1.0,1.0
27287,0.110107421875,0.14381884038448334,1.0,0.9848331809043884
27288,0.967041015625,0.9674001932144165,1.0,0.9953027367591858
27289,0.110107421875,0.15094850957393646,1.0,0.9148569107055664
27290,0.968017578125,0.9680320024490356,1.0,1.0
27291,0.518798828125,0.5690506100654602,1.0,1.0
27292,0.260498046875,0.3165889382362366,0.8026120662689209,0.9004591703414917
27293,0.556884765625,0.6023396253585815,0.8308104276657104,0.948737621307373
27294,0.110107421875,0.14018169045448303,1.0,1.0
27295,0.1875,0.1875,1.0,1.0
27296,0.1875,0.19765624403953552,0.8262346386909485,0.9327783584594727
27297,0.488037109375,0.5223619341850281,0.8785831332206726,0.9500758051872253
27299,0.304931640625,0.3653959631919861,1.0,1.0
27300,0.304931640625,0.3574206531047821,1.0,0.9306273460388184
27301,0.946533203125,0.9565303325653076,0.575423002243042,0.8468723893165588
27302,0.166259765625,0.23909614980220795,0.5307213068008423,0.8070493340492249
27303,0.9375,0.9375,1.0,1.0
27304,0.1458333432674408,0.17116819322109222,0.4304550588130951,0.5628048777580261
27305,0.567138671875,0.6005771160125732,0.9225797057151794,0.9830474853515625
27306,0.488037109375,0.5437086820602417,0.8785831332206726,0.959174394607544
27307,0.05078125,0.05078125,0.6934263706207275,0.6934263706207275
27309,0.966796875,0.9669681787490845,0.9799711108207703,0.9936235547065735
27310,0.304931640625,0.3585473895072937,1.0,0.9799893498420715
27311,0.260498046875,0.3075462877750397,0.8026120662689209,0.9174107313156128
27312,0.304931640625,0.39240938425064087,0.49493172764778137,0.8104607462882996
27313,0.228759765625,0.27367067337036133,0.6461858153343201,0.8820844888687134
27314,0.166259765625,0.21624541282653809,0.6291344165802002,0.8246000409126282
27315,0.05078125,0.08107948303222656,0.2737712264060974,0.5401993989944458
27316,0.110107421875,0.15611149370670319,0.5158474445343018,0.7133196592330933
27317,0.9673665165901184,0.9676433205604553,1.0,0.9613319635391235
27318,0.967041015625,0.9674368500709534,0.9284793138504028,0.9569783806800842
27319,0.091796875,0.091796875,1.0,1.0
27320,0.304931640625,0.37751758098602295,1.0,1.0
27321,0.146728515625,0.2352313995361328,0.48975956439971924,0.8117995262145996
27322,0.968017578125,0.9680747985839844,1.0,1.0
27323,0.110107421875,0.110107421875,1.0,1.0
27324,0.9444172978401184,0.9509581923484802,0.8315341472625732,0.934609055519104
27325,0.633056640625,0.6388777494430542,0.5862115621566772,0.7914018630981445
27326,0.304931640625,0.37238895893096924,1.0,0.9498288631439209
27327,0.388427734375,0.39591482281684875,0.4002777338027954,0.6370750069618225
27328,0.14453125,0.2076365053653717,0.5307213068008423,0.7024045586585999
27329,0.2774251401424408,0.3045674264431,1.0,1.0
27330,0.197998046875,0.2667961120605469,0.6871474981307983,0.8614688515663147
27331,0.0625,0.0625,1.0,1.0
27332,0.47265625,0.5215640068054199,0.6580725908279419,0.8736767172813416
27333,0.499755859375,0.5416849255561829,0.9037794470787048,0.9789573550224304
27334,0.08203125,0.12448307871818542,0.7039180994033813,0.904406726360321
27335,0.166259765625,0.22581514716148376,0.5307213068008423,0.8092805743217468
27336,0.260498046875,0.3346291780471802,0.8026120662689209,0.9434291124343872
27338,0.518798828125,0.5599786639213562,0.8046129941940308,0.9114416241645813
27339,0.304931640625,0.34247642755508423,1.0,0.976163387298584
27340,0.03125,0.0594809390604496,0.29608193039894104,0.6665048599243164
27341,0.0625,0.0625,1.0,1.0
27342,0.02083333395421505,0.02083333395421505,0.5,0.5
27343,0.110107421875,0.110107421875,1.0,1.0
27344,0.304931640625,0.37066736817359924,1.0,1.0
27345,0.959228515625,0.9597196578979492,0.8722942471504211,0.9400252103805542
27346,0.2774251401424408,0.3248153626918793,0.8435737490653992,0.9831233620643616
27347,0.304931640625,0.3658290505409241,1.0,0.8943939805030823
27348,0.2774251401424408,0.34597569704055786,0.8435737490653992,0.8551203608512878
27349,0.518798828125,0.569050669670105,1.0,1.0
27350,0.228759765625,0.2615828514099121,0.7660098671913147,0.9094051122665405
27351,0.580322265625,0.608976423740387,1.0,0.9861229658126831
27352,0.9668782353401184,0.9676201343536377,0.7810032963752747,0.950482189655304
27353,0.518798828125,0.5590688586235046,1.0,0.9760749340057373
27354,0.393798828125,0.4378088116645813,0.690318763256073,0.8188399076461792
27355,0.946533203125,0.9490277767181396,1.0,0.9875346422195435
27356,0.110107421875,0.1715635359287262,0.3951442539691925,0.7295770645141602
27358,0.0,0.02226562425494194,0.0,0.455605149269104
27359,0.323974609375,0.3582994341850281,0.6861420273780823,0.793350875377655
27360,0.0,0.046875,0.0,0.43067657947540283
27361,0.3599446713924408,0.41453689336776733,0.6497723460197449,0.8348867893218994
27362,0.110107421875,0.1746726632118225,0.5158474445343018,0.8125951886177063
27363,0.968017578125,0.9680760502815247,1.0,0.9894322752952576
27364,0.110107421875,0.1204071044921875,1.0,0.9828919768333435
27365,0.606689453125,0.6274072527885437,1.0,1.0
27366,0.263671875,0.34757035970687866,0.7653606534004211,0.9496982097625732
27367,0.110107421875,0.155360147356987,1.0,1.0
27368,0.091796875,0.091796875,1.0,1.0
27369,0.260498046875,0.30887091159820557,0.8026120662689209,0.9284559488296509
27370,0.110107421875,0.12298202514648438,1.0,1.0
27371,0.12109375,0.1743568778038025,0.46358197927474976,0.7364807724952698
27372,0.946533203125,0.950294554233551,1.0,0.9912489652633667
27373,0.0,0.025390625,0.0,0.4824755787849426
27374,0.110107421875,0.1990969181060791,0.3333333134651184,0.7698388695716858
27375,0.304931640625,0.32380735874176025,1.0,0.9969769716262817
27376,0.2044270783662796,0.30174216628074646,0.3367719352245331,0.7117237448692322
27377,0.304931640625,0.35382914543151855,1.0,0.9810011982917786
27378,0.951904296875,0.9556275606155396,0.9521908760070801,0.9524277448654175
27379,0.951904296875,0.9536893367767334,0.9521908760070801,0.9643799066543579
27380,0.518798828125,0.5578895807266235,1.0,0.9798375964164734
27381,0.304931640625,0.35232338309288025,1.0,0.9598475694656372
27382,0.9673665165901184,0.9676142334938049,1.0,1.0
27383,0.300537109375,0.3625239133834839,0.5354781746864319,0.744250476360321
27384,0.959228515625,0.9598764181137085,0.7631344795227051,0.9143775701522827
27385,0.260498046875,0.2959161400794983,0.8026120662689209,0.9202813506126404
27386,0.110107421875,0.12472546100616455,1.0,0.950531005859375
27387,0.166259765625,0.24315020442008972,0.5307213068008423,0.80752032995224
27389,0.3599446713924408,0.43086519837379456,0.5626510977745056,0.8288498520851135
27390,0.091796875,0.091796875,1.0,1.0
27391,0.1875,0.27249962091445923,0.4692787230014801,0.7948895692825317
27392,0.03125,0.03125,0.6309297680854797,0.6309297680854797
27393,0.110107421875,0.110107421875,1.0,1.0
27394,0.584228515625,0.5847764015197754,0.7139173746109009,0.8087085485458374
27395,0.956298828125,0.9598668813705444,1.0,0.995638370513916
27396,0.939453125,0.940185546875,0.9690036177635193,0.9929856657981873
27397,0.228759765625,0.2600777745246887,1.0,1.0
27398,0.110107421875,0.1512162685394287,1.0,1.0
27399,0.304931640625,0.35593628883361816,1.0,0.9815686345100403
27400,0.197998046875,0.261746346950531,0.6871474981307983,0.7999325394630432
27401,0.2044270783662796,0.2044270783662796,0.963940441608429,0.963940441608429
27402,0.110107421875,0.1588565558195114,1.0,1.0
27403,0.12109375,0.12109375,0.6885288953781128,0.6885288953781128
27404,0.150390625,0.1646728515625,0.4525081515312195,0.5510372519493103
27405,0.300537109375,0.3161757290363312,0.7363635897636414,0.7656484246253967
27406,0.946533203125,0.9483426809310913,1.0,1.0
27407,0.091796875,0.091796875,1.0,1.0
27408,0.9375,0.941943347454071,0.7531440854072571,0.889723539352417
27409,0.606689453125,0.6376502513885498,1.0,0.9632986187934875
27410,0.110107421875,0.14548586308956146,1.0,0.9950883388519287
27411,0.110107421875,0.15358412265777588,0.5158474445343018,0.7504766583442688
27412,0.606689453125,0.6403005719184875,1.0,0.9961358904838562
27413,0.304931640625,0.37066736817359924,1.0,1.0
27414,0.091796875,0.13205760717391968,0.3948093354701996,0.6818262934684753
27415,0.166259765625,0.24976924061775208,0.5307213068008423,0.8341768383979797
27416,0.499755859375,0.5251054167747498,1.0,1.0
27417,0.304931640625,0.3600511848926544,1.0,1.0
27418,0.556884765625,0.574567973613739,0.9594535827636719,0.9510343074798584
27419,0.393798828125,0.457684189081192,0.5977610945701599,0.8518601059913635
27420,0.228759765625,0.228759765625,1.0,1.0
27421,0.263671875,0.32572484016418457,0.7653606534004211,0.9100973010063171
27422,0.9444172978401184,0.9484268426895142,0.9456308484077454,0.9889222979545593
27423,0.228759765625,0.24689149856567383,1.0,0.9938070774078369
27425,0.1106770858168602,0.1695912778377533,0.37429505586624146,0.7101051211357117
27426,0.946533203125,0.9518821239471436,0.8793432712554932,0.9488312005996704
27427,0.260498046875,0.3176584243774414,0.49370092153549194,0.7190749049186707
27428,0.2774251401424408,0.33559978008270264,0.8435737490653992,0.8905438184738159
27429,0.9668782353401184,0.967094898223877,1.0,1.0
27430,0.110107421875,0.15885654091835022,1.0,1.0
27431,0.110107421875,0.163970485329628,0.5158474445343018,0.7090146541595459
27432,0.304931640625,0.4021379351615906,0.49493172764778137,0.8238588571548462
27433,0.2774251401424408,0.3199160397052765,0.8435737490653992,0.9548074007034302
27434,0.304931640625,0.39374470710754395,0.6151177287101746,0.817154586315155
27435,0.2774251401424408,0.3399571180343628,0.8435737490653992,0.9106394052505493
27436,0.9466145634651184,0.9540009498596191,0.6615661382675171,0.8825567960739136
27437,0.0625,0.0895058810710907,0.3631143569946289,0.5744066834449768
27438,0.940673828125,0.9421758651733398,1.0,1.0
27439,0.1875,0.2069963812828064,0.7262287139892578,0.9111773371696472
27440,0.110107421875,0.15885654091835022,1.0,1.0
27441,0.091796875,0.1158294677734375,0.7653606534004211,0.9558295607566833
27442,0.110107421875,0.1549457609653473,1.0,0.9337458610534668
27443,0.228759765625,0.3026924133300781,0.6461858153343201,0.859501302242279
27444,0.110107421875,0.17671337723731995,0.3951442539691925,0.7429246306419373
27446,0.304931640625,0.3653959631919861,1.0,1.0
27448,0.2774251401424408,0.3327181935310364,0.8435737490653992,0.9564507603645325
27449,0.03125,0.03125,0.6309297680854797,0.6309297680854797
27451,0.488037109375,0.5228394865989685,0.8785831332206726,0.9395895600318909
27452,0.455078125,0.4907386302947998,0.7342523336410522,0.8987014293670654
27453,0.374755859375,0.42340174317359924,0.7617307901382446,0.8042735457420349
27454,0.2774251401424408,0.3482450842857361,0.8435737490653992,0.9573107361793518
27455,0.2774251401424408,0.3045674264431,1.0,1.0
27456,0.956298828125,0.9596234560012817,1.0,1.0
27457,0.12109375,0.1843126118183136,0.3910655975341797,0.7281346917152405
27458,0.110107421875,0.12781000137329102,1.0,0.9668342471122742
27459,0.703369140625,0.7069704532623291,0.7838867902755737,0.86864173412323
27460,0.1875,0.1875,1.0,1.0
27461,0.260498046875,0.3205207586288452,0.8026120662689209,0.897616446018219
27462,0.518798828125,0.5581590533256531,1.0,0.9905776977539062
27463,0.2774251401424408,0.35607996582984924,0.8435737490653992,0.9687746167182922
27464,0.499755859375,0.5185467004776001,1.0,1.0
27465,0.580322265625,0.6316665410995483,0.86592036485672,0.970061719417572
27466,0.110107421875,0.1588565558195114,1.0,1.0
27467,0.556884765625,0.5803208351135254,0.9594535827636719,0.9571639895439148
27468,0.959228515625,0.959556519985199,0.9394869804382324,0.9451566934585571
27469,0.091796875,0.10552978515625,0.7653606534004211,0.9674680233001709
27470,0.9375,0.9375,1.0,1.0
27471,0.02083333395421505,0.06488913297653198,0.23463936150074005,0.6861078143119812
27472,0.943359375,0.9481077790260315,0.9184463024139404,0.9149719476699829
27473,0.946533203125,0.9548876285552979,0.7083972692489624,0.9055561423301697
27475,0.110107421875,0.110107421875,1.0,1.0
27476,0.2774251401424408,0.3045674264431,1.0,1.0
27477,0.580322265625,0.6085352301597595,1.0,0.9877049922943115
27478,0.228759765625,0.25588107109069824,1.0,0.981608510017395
27479,0.110107421875,0.12298202514648438,1.0,1.0
27480,0.9444172978401184,0.9495304226875305,0.8315341472625732,0.9308546781539917
27481,0.9668782353401184,0.9670574069023132,0.9614850282669067,0.9737837910652161
27482,0.3599446713924408,0.3973747789859772,0.8075588941574097,0.8564118146896362
27483,0.304931640625,0.3610042631626129,1.0,0.9190249443054199
27484,0.560546875,0.5871947407722473,0.8838695287704468,0.9746434688568115
27485,0.304931640625,0.304931640625,1.0,1.0
27486,0.02083333395421505,0.0464681014418602,0.23463936150074005,0.6182885766029358
27487,0.228759765625,0.28758591413497925,0.6461858153343201,0.9000054597854614
27488,0.488037109375,0.5549745559692383,0.7069194316864014,0.9133540391921997
27490,0.12109375,0.13299560546875,0.605190634727478,0.7094471454620361
27491,0.110107421875,0.13263797760009766,1.0,1.0
27492,0.110107421875,0.152557834982872,0.5158474445343018,0.6399196982383728
27493,0.499755859375,0.5472308397293091,0.9037794470787048,0.9531861543655396
27494,0.0625,0.1164834201335907,0.24207624793052673,0.6411268711090088
27495,0.166259765625,0.19757778942584991,0.8213136792182922,0.8230265378952026
27496,0.393798828125,0.42379653453826904,0.8579513430595398,0.8767756223678589
27497,0.606689453125,0.6150321960449219,1.0,1.0
27499,0.488037109375,0.5284839272499084,0.7069194316864014,0.8458371162414551
27500,0.261474609375,0.281649649143219,0.6151177287101746,0.7045584321022034
27501,0.146728515625,0.22291794419288635,0.48975956439971924,0.8043623566627502
27502,0.499755859375,0.5447399020195007,0.9037794470787048,0.968198299407959
27503,0.08203125,0.14473402500152588,0.3631143569946289,0.7292490601539612
27504,0.304931640625,0.3381659984588623,1.0,0.9746137261390686
27505,0.2774251401424408,0.3114149570465088,1.0,1.0
27506,0.30078125,0.3171467185020447,0.6128985285758972,0.6919071078300476
27507,0.05078125,0.061767578125,0.5307212471961975,0.7122630476951599
27508,0.2774251401424408,0.34113940596580505,0.8435737490653992,0.9466280937194824
27509,0.278564453125,0.3426828384399414,0.45805788040161133,0.74099200963974
27510,0.278564453125,0.3476537764072418,0.45805788040161133,0.7483623623847961
27511,0.05078125,0.05078125,0.6934263706207275,0.6934263706207275
27512,0.091796875,0.091796875,1.0,1.0
27513,0.967041015625,0.9673702120780945,1.0,0.9938639998435974
27514,0.2774251401424408,0.32954883575439453,0.8435737490653992,0.973149299621582
27515,0.263671875,0.3281402587890625,0.4707868993282318,0.7420390844345093
27516,0.9668782353401184,0.9672743678092957,0.9614850282669067,0.9816510081291199
27517,0.9673665165901184,0.9677640199661255,1.0,0.990261435508728
27518,0.953369140625,0.957141637802124,0.912726640701294,0.9134482145309448
27519,0.110107421875,0.1901828497648239,0.2620770037174225,0.6206215023994446
27520,0.304931640625,0.36471623182296753,1.0,0.9786790013313293
27521,0.228759765625,0.23991775512695312,1.0,1.0
27522,0.518798828125,0.5589700937271118,1.0,0.880431592464447
27523,0.212890625,0.2272011935710907,0.8789618015289307,0.9471378922462463
27524,0.580322265625,0.6239208579063416,0.86592036485672,0.9689574837684631
27525,0.110107421875,0.16778317093849182,0.3951442539691925,0.6629354357719421
27526,0.304931640625,0.3469277620315552,1.0,0.8702958226203918
27527,0.0625,0.1005859375,0.3065735995769501,0.5706417560577393
27528,0.943115234375,0.9484819173812866,0.9313938021659851,0.9755154848098755
27529,0.393798828125,0.43013736605644226,0.8579513430595398,0.8935235142707825
27530,0.490234375,0.49737548828125,0.9467676877975464,0.992619514465332
27531,0.706298828125,0.7097667455673218,0.7139173746109009,0.8269162178039551
27532,0.110107421875,0.2252562940120697,0.20503923296928406,0.6498470306396484
27533,0.12109375,0.18345580995082855,0.3910655975341797,0.6197188496589661
27534,0.946533203125,0.9529027342796326,0.8793432712554932,0.9642210602760315
27535,0.1106770858168602,0.1315053403377533,0.5792374610900879,0.703769326210022
27536,0.110107421875,0.17145399749279022,0.5158474445343018,0.8032286167144775
27537,0.953369140625,0.9565850496292114,1.0,0.9968358874320984
27538,0.4375,0.4375,1.0,1.0
27539,0.946533203125,0.9499741792678833,1.0,0.9882945418357849
27540,0.146728515625,0.16375607252120972,0.7579237222671509,0.7735890746116638
27541,0.228759765625,0.2944318652153015,0.6461858153343201,0.90660560131073
27542,0.488037109375,0.5242889523506165,0.8785831332206726,0.9687236547470093
27543,0.940673828125,0.9461530447006226,0.8770246505737305,0.9535619616508484
27544,0.2774251401424408,0.3358825743198395,0.8435737490653992,0.9417669773101807
27545,0.110107421875,0.20206217467784882,0.3333333134651184,0.7452568411827087
27546,0.12109375,0.12109375,0.6885288953781128,0.6885288953781128
27547,0.228759765625,0.24828624725341797,1.0,1.0
27549,0.966796875,0.9671396613121033,0.9422276020050049,0.9672781825065613
27550,0.091796875,0.1158294677734375,0.7653606534004211,0.9558295607566833
27551,0.943115234375,0.9447438716888428,0.9849443435668945,0.9837018251419067
27552,0.940673828125,0.946682333946228,0.8770246505737305,0.9604360461235046
27554,0.431884765625,0.4569275975227356,0.8451594114303589,0.8743645548820496
27555,0.466064453125,0.4932160973548889,1.0,1.0
27556,0.0625,0.1421710103750229,0.23463936150074005,0.6656603813171387
27557,0.304931640625,0.35242775082588196,1.0,0.8776359558105469
27558,0.304931640625,0.3574824333190918,1.0,1.0
27560,0.05078125,0.079994335770607,0.5307212471961975,0.6812024116516113
27561,0.304931640625,0.36730533838272095,1.0,0.8952484130859375
27562,0.951904296875,0.9565579295158386,0.8690900206565857,0.9462642669677734
27563,0.393798828125,0.393798828125,0.8579513430595398,0.8579513430595398
27564,0.466064453125,0.4892970025539398,1.0,0.9944565296173096
27565,0.2774251401424408,0.3000142574310303,1.0,1.0
27566,0.4375,0.473405659198761,0.7452524900436401,0.917417049407959
27567,0.9444172978401184,0.9468348622322083,0.9456308484077454,0.98822021484375
27568,0.431884765625,0.4783053994178772,0.7318407297134399,0.8657059073448181
27569,0.091796875,0.098663330078125,0.7653606534004211,0.759833574295044
27570,0.260498046875,0.2967466711997986,0.8026120662689209,0.9246577620506287
27572,0.110107421875,0.152557834982872,1.0,0.9216017723083496
27574,0.518798828125,0.5226669311523438,1.0,0.9931195974349976
27575,0.518798828125,0.5546312928199768,1.0,0.9689873456954956
27577,0.0,0.0078125,0.0,0.31546488404273987
27578,0.393798828125,0.4324854910373688,0.8579513430595398,0.8736893534660339
27579,0.260498046875,0.3016026020050049,0.8026120662689209,0.9331194758415222
27580,0.228759765625,0.26714080572128296,1.0,0.9957790374755859
27581,0.304931640625,0.37751761078834534,1.0,1.0
27582,0.939453125,0.939453125,1.0,1.0
27583,0.2774251401424408,0.3637728691101074,0.5188971757888794,0.8022132515907288
27585,0.393798828125,0.452540785074234,0.690318763256073,0.8718841075897217
27586,0.518798828125,0.5605152249336243,1.0,1.0
27587,0.228759765625,0.2679787874221802,1.0,1.0
27588,0.197998046875,0.22887535393238068,0.6871474981307983,0.7298104763031006
27589,0.197998046875,0.227303147315979,0.6871474981307983,0.8059600591659546
27590,0.9668782353401184,0.9671881198883057,0.9614850282669067,0.9951140284538269
27591,0.580322265625,0.5923728942871094,1.0,1.0
27592,0.940673828125,0.9451000690460205,0.8770246505737305,0.9595360159873962
27593,0.365234375,0.39155128598213196,0.7136205434799194,0.8332569599151611
27594,0.304931640625,0.36355727910995483,1.0,0.9057947397232056
27596,0.2774251401424408,0.341109961271286,0.8435737490653992,0.9059320688247681
27597,0.5757649540901184,0.5799265503883362,0.6966133713722229,0.6952983736991882
27598,0.0,0.015625,0.0,0.43067657947540283
27599,0.466064453125,0.5078935027122498,0.7823625802993774,0.8906316757202148
27600,0.02083333395421505,0.0480702742934227,0.23463936150074005,0.5247389674186707
27601,0.953369140625,0.9575038552284241,0.912726640701294,0.9895114302635193
27602,0.219970703125,0.28831252455711365,0.397238165140152,0.6960315108299255
27603,0.0625,0.1507015824317932,0.15642623603343964,0.5233765244483948
27604,0.212890625,0.212890625,1.0,1.0
27605,0.278564453125,0.3326377868652344,0.4964968264102936,0.7233425378799438
27606,0.47265625,0.5091412663459778,0.8178747296333313,0.9048680663108826
27607,0.94140625,0.9426392316818237,0.9486689567565918,0.9598187208175659
27608,0.393798828125,0.43272507190704346,0.690318763256073,0.8280910849571228
27610,0.219970703125,0.24899891018867493,0.5462626218795776,0.6698863506317139
27611,0.488037109375,0.5198553800582886,0.8785831332206726,0.936863362789154
27612,0.228759765625,0.27706944942474365,0.7660098671913147,0.9124031662940979
27613,0.967041015625,0.9671897888183594,1.0,1.0
27614,0.939453125,0.9398600459098816,0.9690036177635193,0.9876652956008911
27615,0.1106770858168602,0.16424277424812317,0.4437016248703003,0.7230625152587891
27616,0.08203125,0.09576416015625,0.7039180994033813,0.9060254693031311
27617,0.05078125,0.08176171779632568,0.5307212471961975,0.7519773840904236
27618,0.9444172978401184,0.9451611638069153,1.0,1.0
27619,0.228759765625,0.2546132206916809,1.0,0.8750635385513306
27620,0.0,0.02294921875,0.0,0.4574945271015167
27622,0.0625,0.0625,1.0,1.0
27623,0.197998046875,0.2166348695755005,0.8145672082901001,0.8328883647918701
27624,0.212890625,0.22479248046875,0.8789618015289307,0.9832184314727783
27625,0.967041015625,0.9673522114753723,1.0,1.0
27626,0.962158203125,0.96268230676651,0.8420895934104919,0.956107497215271
27627,0.197998046875,0.2822350561618805,0.34009110927581787,0.6704891920089722
27628,0.304931640625,0.3358922004699707,1.0,0.7856443524360657
27629,0.260498046875,0.30807623267173767,0.8026120662689209,0.9088810682296753
27630,0.47265625,0.4982914626598358,0.8178747296333313,0.8099960088729858
27631,0.110107421875,0.18815132975578308,0.16497723758220673,0.31386682391166687
27632,0.606689453125,0.6266837120056152,1.0,1.0
27633,0.466064453125,0.5476713180541992,0.629499077796936,0.8632302284240723
27634,0.95703125,0.9572025537490845,0.901299774646759,0.9184849262237549
27635,0.1106770858168602,0.19328230619430542,0.37429505586624146,0.7224054932594299
27636,0.304931640625,0.3742768168449402,1.0,0.9510906934738159
27637,0.091796875,0.17858147621154785,0.20058341324329376,0.5590322613716125
27638,0.05078125,0.13982859253883362,0.17690707743167877,0.5844757556915283
27639,0.518798828125,0.5429698824882507,1.0,0.9931316375732422
27640,0.946533203125,0.9508907198905945,1.0,0.9305937886238098
27641,0.940673828125,0.9460602402687073,0.8770246505737305,0.9694486260414124
27642,0.166259765625,0.22275790572166443,0.6291344165802002,0.8426212072372437
27643,0.1875,0.1875,1.0,1.0
27644,0.091796875,0.091796875,1.0,1.0
27645,0.304931640625,0.3574824333190918,1.0,1.0
27646,0.260498046875,0.28267621994018555,0.9514426589012146,0.9020181894302368
27647,0.946533203125,0.9500938653945923,1.0,0.9925760626792908
27648,0.9444172978401184,0.9461549520492554,1.0,0.9823631644248962
27649,0.304931640625,0.37532487511634827,1.0,0.9558305144309998
27650,0.393798828125,0.4627557098865509,0.5977610945701599,0.8591111302375793
27651,0.304931640625,0.3455577492713928,1.0,0.9825509786605835
27652,0.0,0.0062500000931322575,0.0,0.28906482458114624
27653,0.110107421875,0.1588565558195114,1.0,1.0
27654,0.110107421875,0.15094850957393646,1.0,0.9770153164863586
27655,0.166259765625,0.2113766074180603,0.6291344165802002,0.8158566355705261
27656,0.166259765625,0.18457934260368347,0.8213136792182922,0.8290426135063171
27657,0.304931640625,0.33642545342445374,1.0,0.9896001815795898
27658,0.580322265625,0.605509340763092,1.0,1.0
27659,0.518798828125,0.5880128741264343,0.6967307925224304,0.8937760591506958
27660,0.9466145634651184,0.950054943561554,0.8844688534736633,0.9407972097396851
27661,0.197998046875,0.2542518675327301,0.6871474981307983,0.8581435680389404
27662,0.228759765625,0.27883630990982056,0.6461858153343201,0.873550295829773
27663,0.110107421875,0.1512162685394287,1.0,1.0
27664,0.228759765625,0.25482413172721863,1.0,1.0
27665,0.110107421875,0.1483735889196396,1.0,0.9667147397994995
27666,0.0625,0.088134765625,0.24207624793052673,0.3426284193992615
27667,0.2774251401424408,0.3113465905189514,0.8435737490653992,0.9619923830032349
27668,0.9507649540901184,0.956511378288269,0.7292529344558716,0.9079490303993225
27669,0.959228515625,0.9593448042869568,0.9394869804382324,0.9380710124969482
27670,0.946533203125,0.9514752626419067,1.0,0.9984996318817139
27671,0.953369140625,0.9577990770339966,0.912726640701294,0.961903989315033
27673,0.518798828125,0.5620195269584656,0.8046129941940308,0.9270800948143005
27674,0.304931640625,0.3192988932132721,1.0,0.9619991183280945
27675,0.263671875,0.263671875,1.0,1.0
27676,0.518798828125,0.548851490020752,1.0,1.0
27677,0.323974609375,0.3682066798210144,0.6861420273780823,0.6965867280960083
27678,0.21875,0.2237723171710968,0.4702019691467285,0.48351991176605225
27679,0.951171875,0.951171875,1.0,1.0
27680,0.166259765625,0.22530168294906616,0.5307213068008423,0.7365326285362244
27681,0.393798828125,0.4530116617679596,0.690318763256073,0.8696720600128174
27682,0.260498046875,0.3302645683288574,0.8026120662689209,0.947373628616333
27683,0.374755859375,0.4167343080043793,0.7617307901382446,0.8663897514343262
27684,0.9668782353401184,0.9671614766120911,0.9614850282669067,0.9918136596679688
27685,0.2774251401424408,0.32218459248542786,0.8435737490653992,0.7146767973899841
27686,0.940673828125,0.9488820433616638,0.771205723285675,0.9312511682510376
27687,0.953369140625,0.9544117450714111,1.0,1.0
27688,0.956298828125,0.9589730501174927,1.0,1.0
27689,0.21875,0.28428834676742554,0.42495885491371155,0.7011203169822693
27690,0.150390625,0.2093048095703125,0.4525081515312195,0.7833816409111023
27691,0.953369140625,0.9562183618545532,1.0,0.991025984287262
27693,0.0625,0.072265625,0.6131471991539001,0.8315545916557312
27694,0.197998046875,0.20766830444335938,0.8145672082901001,0.8282809257507324
27695,0.939453125,0.9420228004455566,0.9690036177635193,0.9903687238693237
27696,0.943115234375,0.9468599557876587,0.9313938021659851,0.9359678030014038
27698,0.110107421875,0.21115440130233765,0.20503923296928406,0.6235483884811401
27699,0.146728515625,0.18594755232334137,0.7579237222671509,0.8401150703430176
27700,0.197998046875,0.27084267139434814,0.34009110927581787,0.5604528784751892
27701,0.580322265625,0.6072453260421753,1.0,0.9973224401473999
27702,0.304931640625,0.36518868803977966,1.0,1.0
27703,0.197998046875,0.23518158495426178,0.6871474981307983,0.8370574712753296
27704,0.304931640625,0.36518868803977966,1.0,1.0
27705,0.556884765625,0.5973917245864868,0.8308104276657104,0.7941076159477234
27706,0.110107421875,0.1588565558195114,1.0,1.0
27707,0.228759765625,0.26235800981521606,1.0,0.9008494019508362
27708,0.9444172978401184,0.9450123906135559,1.0,0.9975411295890808
27710,0.304931640625,0.3777149021625519,0.6151177287101746,0.7375859618186951
27711,0.956298828125,0.9603120684623718,0.8195018768310547,0.9354784488677979
27712,0.304931640625,0.3658406734466553,1.0,0.9854778051376343
27713,0.951171875,0.9547155499458313,0.9282863140106201,0.9789254665374756
27714,0.304931640625,0.3600511848926544,1.0,1.0
27716,0.531982421875,0.5594698190689087,0.8617600202560425,0.9198358058929443
27717,0.0,0.014787946827709675,0.0,0.38162168860435486
27718,0.571533203125,0.5733426809310913,0.7592076063156128,0.7774434685707092
27719,0.304931640625,0.3720511198043823,1.0,0.994810938835144
27720,0.2774251401424408,0.3380606770515442,0.8435737490653992,0.9687461256980896
27721,0.9444172978401184,0.9493977427482605,0.9456308484077454,0.8986321687698364
27722,0.4375,0.4806468188762665,0.6735438704490662,0.8616757988929749
27723,0.110107421875,0.14018169045448303,1.0,1.0
27724,0.518798828125,0.5560706853866577,1.0,0.8437470197677612
27725,0.228759765625,0.3294559717178345,0.3974803686141968,0.7493188977241516
27726,0.260498046875,0.3085618019104004,0.8026120662689209,0.8179823160171509
27727,0.03125,0.0488630011677742,0.29608193039894104,0.6196686625480652
27728,0.08203125,0.12749086320400238,0.3631143569946289,0.6734685301780701
27729,0.3599446713924408,0.3963260054588318,0.8075588941574097,0.856259822845459
27730,0.488037109375,0.5611380934715271,0.7069194316864014,0.9241559505462646
27731,0.499755859375,0.5414938926696777,0.9037794470787048,0.9708439111709595
27732,0.304931640625,0.3574824333190918,1.0,1.0
27733,0.9507649540901184,0.9552755355834961,0.8898733854293823,0.9477201104164124
27734,0.3599446713924408,0.3941504657268524,0.8075588941574097,0.761256992816925
27735,0.9673665165901184,0.9676753878593445,1.0,0.9551551342010498
27736,0.260498046875,0.2971140742301941,0.8026120662689209,0.8566950559616089
27737,0.9673665165901184,0.967890739440918,0.8748590350151062,0.950562596321106
27738,0.2774251401424408,0.33798936009407043,0.8435737490653992,0.970250129699707
27739,0.110107421875,0.2462695837020874,0.1428571492433548,0.6247620582580566
27741,0.110107421875,0.17164242267608643,0.5158474445343018,0.7684197425842285
27742,0.344482421875,0.3780868649482727,0.5977610945701599,0.7755502462387085
27743,0.110107421875,0.1543932408094406,1.0,0.9305687546730042
27744,0.606689453125,0.6266837120056152,1.0,1.0
27745,0.967041015625,0.9675509929656982,0.9284793138504028,0.9916954636573792
27746,0.197998046875,0.2474563717842102,0.6871474981307983,0.8348618149757385
27747,0.260498046875,0.30495721101760864,0.8026120662689209,0.736152172088623
27748,0.08984375,0.1176457405090332,0.5158474445343018,0.6678172945976257
27749,0.110107421875,0.14961132407188416,0.5158474445343018,0.7342315912246704
27750,0.110107421875,0.13263797760009766,1.0,1.0
27751,0.03125,0.07640409469604492,0.11699506640434265,0.36172574758529663
27752,0.946533203125,0.9500580430030823,1.0,0.9158608317375183
27753,0.110107421875,0.1445469856262207,0.5158474445343018,0.7247516512870789
27754,0.947998046875,0.9488992691040039,0.9605564475059509,0.9621117115020752
27755,0.499755859375,0.5148341059684753,1.0,0.9978352785110474
27756,0.05078125,0.06451416015625,0.5307212471961975,0.732828676700592
27757,0.951904296875,0.9543206095695496,0.9521908760070801,0.9743401408195496
27758,0.953369140625,0.9585267305374146,0.912726640701294,0.9816611409187317
27759,0.110107421875,0.14882834255695343,1.0,0.986043393611908
27760,0.304931640625,0.36518868803977966,1.0,1.0
27761,0.2774251401424408,0.3333672285079956,0.8435737490653992,0.9667255878448486
27762,0.304931640625,0.3924430012702942,0.4285714626312256,0.6534647941589355
27763,0.431884765625,0.47220614552497864,0.7318407297134399,0.8603094220161438
27764,0.9507649540901184,0.9555091857910156,0.8898733854293823,0.9614340662956238
27765,0.0,0.02734375,0.0,0.5012658834457397
27766,0.518798828125,0.5246009826660156,1.0,1.0
27768,0.940673828125,0.9427116513252258,0.9274492263793945,0.954597532749176
27769,0.606689453125,0.6192052364349365,1.0,0.9950200915336609
27770,0.146728515625,0.19694633781909943,0.58057701587677,0.7937509417533875
27771,0.02083333395421505,0.10786624997854233,0.09271639585494995,0.6064929366111755
27772,0.09375,0.09375,0.6309297680854797,0.6309297680854797
27773,0.951171875,0.9583290815353394,0.694340705871582,0.9041405916213989
27774,0.946533203125,0.9492495059967041,1.0,0.9922484755516052
27775,0.959228515625,0.9594227075576782,0.9394869804382324,0.9392886757850647
27776,0.967041015625,0.9674253463745117,1.0,0.9965222477912903
27777,0.08203125,0.1177702322602272,0.7039180994033813,0.8009400963783264
27778,0.943115234375,0.9495577812194824,0.9313938021659851,0.9507676959037781
27779,0.05078125,0.1797545999288559,0.10881868004798889,0.5568031668663025
27780,0.374755859375,0.43412789702415466,0.6128985285758972,0.8290032148361206
27781,0.940673828125,0.9455814957618713,0.8770246505737305,0.9605156779289246
27782,0.953369140625,0.9574233889579773,0.7479812502861023,0.8880704045295715
27784,0.228759765625,0.23991775512695312,1.0,1.0
27785,0.567138671875,0.6141824722290039,0.7988805174827576,0.9629392623901367
27786,0.0625,0.0892333984375,0.24207624793052673,0.4517486095428467
27788,0.263671875,0.33526307344436646,0.7653606534004211,0.7744963765144348
27789,0.0,0.11576920747756958,0.0,0.3863474130630493
27790,0.08203125,0.11049842834472656,0.3631143569946289,0.5663585066795349
27791,0.431884765625,0.4616406559944153,0.8451594114303589,0.8873441219329834
27793,0.2774251401424408,0.35783958435058594,0.8435737490653992,0.9672785401344299
27794,0.304931640625,0.37066733837127686,1.0,1.0
27796,0.499755859375,0.5415983200073242,0.7271926999092102,0.9124364256858826
27798,0.2774251401424408,0.30914559960365295,0.8435737490653992,0.9127484560012817
27799,0.518798828125,0.5289525985717773,1.0,1.0
27800,0.946533203125,0.9564386010169983,0.7083972692489624,0.9234474301338196
27801,0.3599446713924408,0.3846074044704437,0.8075588941574097,0.8356662392616272
27802,0.304931640625,0.36178529262542725,1.0,0.9871983528137207
27803,0.499755859375,0.5360034108161926,0.9037794470787048,0.9429423809051514
27804,0.2774251401424408,0.2924521565437317,1.0,0.9702839255332947
27806,0.110107421875,0.16805106401443481,0.5158474445343018,0.7940199971199036
27807,0.146728515625,0.17889189720153809,0.58057701587677,0.6236234307289124
27808,0.228759765625,0.2600511610507965,0.6461858153343201,0.6250498294830322
27809,0.110107421875,0.14710646867752075,0.5158474445343018,0.721828818321228
27810,0.499755859375,0.5276455283164978,0.9037794470787048,0.9809834361076355
27811,0.9444172978401184,0.9488858580589294,0.8315341472625732,0.9229165315628052
27812,0.2774251401424408,0.3184700012207031,0.8435737490653992,0.9566633701324463
27813,0.365234375,0.4020230174064636,0.7136205434799194,0.8300708532333374
27814,0.110107421875,0.16584935784339905,0.5158474445343018,0.7827069163322449
27815,0.9507649540901184,0.954955518245697,0.8898733854293823,0.9683703184127808
27816,0.946533203125,0.9484672546386719,1.0,1.0
27817,0.304931640625,0.35417619347572327,1.0,0.9650079607963562
27818,0.946533203125,0.948799192905426,1.0,1.0
27819,0.703369140625,0.7077928781509399,0.7838867902755737,0.8660925030708313
27820,0.260498046875,0.29192638397216797,0.8026120662689209,0.932297945022583
27821,0.9444172978401184,0.9505679607391357,0.9456308484077454,0.9257495403289795
27822,0.939453125,0.9457022547721863,0.8498401045799255,0.8947492837905884
27823,0.304931640625,0.3681248128414154,1.0,0.993105947971344
27824,0.393798828125,0.46030962467193604,0.5977610945701599,0.8660009503364563
27826,0.0,0.046875,0.0,0.43067657947540283
27827,0.23828125,0.2530398964881897,0.8344475626945496,0.8299408555030823
27828,0.110107421875,0.2305111289024353,0.20503923296928406,0.647735059261322
27829,0.146728515625,0.3224668502807617,0.12058758735656738,0.5747954845428467
27830,0.946533203125,0.9520160555839539,0.8793432712554932,0.9636546969413757
27831,0.488037109375,0.5112060308456421,0.8785831332206726,0.937735915184021
27832,0.953369140625,0.9571569561958313,0.912726640701294,0.9717201590538025
27833,0.946533203125,0.9521319270133972,0.8793432712554932,0.9572026133537292
27834,0.946533203125,0.9522705674171448,0.8793432712554932,0.966705858707428
27835,0.499755859375,0.5198402404785156,0.9037794470787048,0.9871901273727417
27836,0.0,0.04475446790456772,0.0,0.411435067653656
27838,0.946533203125,0.9521167278289795,1.0,1.0
27839,0.518798828125,0.5523330569267273,1.0,0.9679638743400574
27840,0.488037109375,0.5216068625450134,0.8785831332206726,0.9408293962478638
27841,0.228759765625,0.30105912685394287,0.6461858153343201,0.9288164973258972
27842,0.946533203125,0.9502834677696228,1.0,0.9971950054168701
27843,0.23828125,0.335595041513443,0.3483913838863373,0.6485543251037598
27844,0.953369140625,0.9580646753311157,0.912726640701294,0.8226279616355896
27845,0.2774251401424408,0.3611781597137451,0.8435737490653992,0.9676790237426758
27846,0.953369140625,0.957080602645874,1.0,0.9691985845565796
27847,0.946533203125,0.9521127343177795,0.8793432712554932,0.9662380814552307
27848,0.9673665165901184,0.9677858948707581,0.8748590350151062,0.8558626770973206
27849,0.946533203125,0.950579047203064,1.0,0.9299674034118652
27850,0.946533203125,0.9497708678245544,1.0,0.9882850050926208
27851,0.953369140625,0.9580646753311157,0.912726640701294,0.8226279616355896
27852,0.946533203125,0.9519508481025696,0.8793432712554932,0.9037164449691772
27853,0.953369140625,0.9580646753311157,0.912726640701294,0.8226279616355896
27854,0.9444172978401184,0.952646017074585,0.7589633464813232,0.9165324568748474
27855,0.518798828125,0.542923092842102,1.0,1.0
27856,0.946533203125,0.9518674612045288,1.0,0.9739895462989807
27857,0.953369140625,0.9580646753311157,0.912726640701294,0.8226279616355896
27858,0.05078125,0.07517862319946289,0.2737712264060974,0.33056238293647766
27859,0.1106770858168602,0.15282756090164185,0.37429505586624146,0.36115989089012146
27860,0.304931640625,0.35718148946762085,0.6151177287101746,0.5751504898071289
27861,0.606689453125,0.6352614164352417,1.0,0.8303491473197937
27862,0.166259765625,0.25095200538635254,0.22745199501514435,0.3366996645927429
27863,0.110107421875,0.18258607387542725,0.20503923296928406,0.3784399926662445
27864,0.956298828125,0.9601093530654907,1.0,0.8990069627761841
27865,0.304931640625,0.3740133047103882,0.49493172764778137,0.6654215455055237
27866,0.943115234375,0.948724091053009,0.7475366592407227,0.6724470257759094
27867,0.606689453125,0.6306301951408386,1.0,0.6449193954467773
27868,0.08984375,0.20947250723838806,0.1428571492433548,0.3305734395980835
27869,0.0625,0.18826824426651,0.10055973380804062,0.3612699806690216
27870,0.580322265625,0.626558244228363,0.86592036485672,0.8550849556922913
27871,0.567138671875,0.6092818975448608,0.7988805174827576,0.8006231784820557
27872,0.518798828125,0.5747401714324951,0.6967307925224304,0.7203121781349182
27873,0.940673828125,0.9500457644462585,0.771205723285675,0.8912115693092346
27874,0.393798828125,0.469432532787323,0.38908666372299194,0.5553982853889465
27875,0.580322265625,0.6309084892272949,0.86592036485672,0.8191646337509155
27876,0.300537109375,0.34118887782096863,0.6655102372169495,0.6429607272148132
27877,0.228759765625,0.3156883418560028,0.276936799287796,0.4525275230407715
27878,0.499755859375,0.5502356290817261,0.7271926999092102,0.7312584519386292
27879,0.9673665165901184,0.9677844643592834,1.0,0.9916738271713257
27880,0.2774251401424408,0.3297440707683563,0.8435737490653992,0.6882590055465698
27881,0.110107421875,0.14464408159255981,0.3333333134651184,0.28053030371665955
27882,0.956298828125,0.9599563479423523,1.0,0.9351916909217834
27883,0.967041015625,0.9676966071128845,0.8122885227203369,0.9317672252655029
27884,0.943359375,0.9491890072822571,0.7371450066566467,0.6530173420906067
27885,0.197998046875,0.23824907839298248,0.6871474981307983,0.5220487713813782
27886,0.1875,0.2890438437461853,0.23226092755794525,0.38435807824134827
27887,0.44921875,0.4996282756328583,0.7216541767120361,0.6489058136940002
27888,0.219970703125,0.2832429111003876,0.34397661685943604,0.4812576174736023
27889,0.518798828125,0.586269736289978,0.6967307925224304,0.6779485940933228
27890,0.261474609375,0.3438156247138977,0.4285714626312256,0.5949405431747437
27891,0.943115234375,0.9473548531532288,0.819014847278595,0.7613788843154907
27892,0.02083333395421505,0.02083333395421505,0.07821311801671982,0.05678321421146393
27893,0.08203125,0.09404754638671875,0.7039180994033813,0.5323254466056824
27894,0.518798828125,0.5770139098167419,0.6967307925224304,0.6375133991241455
27895,0.0,0.010416666977107525,0.0,0.12081130594015121
27896,0.197998046875,0.2514939308166504,0.42267662286758423,0.49075111746788025
27897,0.4375,0.4850437641143799,0.4692787528038025,0.4415328800678253
27898,0.946533203125,0.9499781727790833,1.0,0.8725470304489136
27899,0.968017578125,0.9680771231651306,1.0,0.9472603797912598
27900,0.146728515625,0.27165618538856506,0.2098969668149948,0.49898406863212585
27901,0.091796875,0.18127143383026123,0.12626707553863525,0.401231974363327
27902,0.260498046875,0.37134939432144165,0.34397661685943604,0.5197930335998535
27903,0.08203125,0.13925905525684357,0.08155369758605957,0.18139530718326569
27904,0.09375,0.19976641237735748,0.29608193039894104,0.6235748529434204
27905,0.567138671875,0.5976622104644775,0.7988805174827576,0.7777885794639587
27906,0.956298828125,0.9582986831665039,1.0,0.7869153022766113
27907,0.2774251401424408,0.36609798669815063,0.5188971757888794,0.6901650428771973
27908,0.9673665165901184,0.9677186012268066,0.8748590350151062,0.7531272768974304
27909,0.2044270783662796,0.2867651879787445,0.23463937640190125,0.3820266127586365
27910,0.580322265625,0.6231822967529297,0.86592036485672,0.7871637344360352
27911,0.9673665165901184,0.9678288698196411,0.8748590350151062,0.9201490879058838
27912,0.08203125,0.08203125,0.9197208285331726,0.9197208285331726
27913,0.146728515625,0.17115840315818787,0.7579237222671509,0.6516215801239014
27914,0.706298828125,0.7092878222465515,0.7139173746109009,0.6218289136886597
27915,0.9673665165901184,0.9678149819374084,0.8748590350151062,0.8450093865394592
27916,0.166259765625,0.2843402326107025,0.22745199501514435,0.45045769214630127
27917,0.518798828125,0.5840038657188416,0.6967307925224304,0.7881020903587341
27918,0.344482421875,0.38675791025161743,0.5977610945701599,0.7249898314476013
27919,0.508056640625,0.5138137340545654,0.5334192514419556,0.654972493648529
27920,0.531982421875,0.5904751420021057,0.48571667075157166,0.6336556673049927
27921,0.518798828125,0.5699858665466309,0.6967307925224304,0.7070470452308655
27922,0.393798828125,0.43685269355773926,0.5977610945701599,0.6801658272743225
27923,0.2774251401424408,0.31613385677337646,0.8435737490653992,0.8360850811004639
27924,0.701171875,0.7041921615600586,0.7871269583702087,0.7424496412277222
27925,0.518798828125,0.5735378265380859,0.6967307925224304,0.8559930920600891
27926,0.304931640625,0.36047112941741943,0.4285714626312256,0.5372361540794373
27927,0.431884765625,0.47967103123664856,0.7318407297134399,0.6918532848358154
27928,0.0625,0.072265625,0.4692787230014801,0.5294361710548401
27929,0.3059895932674408,0.3395676612854004,0.4357588291168213,0.3466759920120239
27930,0.606689453125,0.631945788860321,1.0,0.8471207618713379
27931,0.956298828125,0.9592245221138,1.0,0.8172377943992615
27932,0.580322265625,0.6031174659729004,1.0,0.8676484227180481
27933,0.946533203125,0.9483693838119507,1.0,0.8964843153953552
27934,0.606689453125,0.6402913331985474,1.0,0.8011916279792786
27935,0.08203125,0.1751123070716858,0.10055973380804062,0.23636066913604736
27936,0.956298828125,0.9593592286109924,0.7169486284255981,0.6360160112380981
27937,0.580322265625,0.6145777702331543,0.86592036485672,0.9044333100318909
27938,0.146728515625,0.2699522078037262,0.11196307837963104,0.38326236605644226
27939,0.2044270783662796,0.2862367630004883,0.3367719352245331,0.48920658230781555
27940,0.260498046875,0.3156128227710724,0.34397661685943604,0.4259273111820221
27941,0.706298828125,0.7093124985694885,0.7139173746109009,0.6514462828636169
27942,0.146728515625,0.2527611255645752,0.2098969668149948,0.4323110580444336
27943,0.091796875,0.19400230050086975,0.255120187997818,0.5079288482666016
27944,0.606689453125,0.6385800838470459,1.0,0.8442627787590027
27945,0.455078125,0.488796204328537,0.7342523336410522,0.7724317908287048
27946,0.706298828125,0.7091549038887024,0.871160089969635,0.6730836033821106
27947,0.0,0.0495540089905262,0.0,0.257697194814682
27948,0.606689453125,0.6314054727554321,1.0,0.7898011207580566
27949,0.260498046875,0.3675684332847595,0.34397661685943604,0.5749118328094482
27950,0.560546875,0.6187148094177246,0.7653606534004211,0.7901371121406555
27951,0.304931640625,0.38595402240753174,0.4285714626312256,0.6289176940917969
27952,0.2774251401424408,0.3476914167404175,0.5188971757888794,0.6347569227218628
27954,0.953369140625,0.9581001996994019,0.7479812502861023,0.7942962050437927
27955,0.488037109375,0.5655872821807861,0.6121358871459961,0.8367454409599304
27956,0.212890625,0.26491260528564453,0.5679726600646973,0.6736999750137329
27957,0.260498046875,0.3205118775367737,0.49370092153549194,0.5819588899612427
27958,0.150390625,0.2485489696264267,0.2783457934856415,0.5973215699195862
27959,0.466064453125,0.5051403045654297,0.7823625802993774,0.7835471034049988
27960,0.953369140625,0.9583441615104675,0.7479812502861023,0.7171306014060974
27961,0.08203125,0.10756587982177734,0.23463936150074005,0.2892731726169586
27962,0.0,0.08146972209215164,0.0,0.3219280242919922
27963,0.091796875,0.12026405334472656,0.255120187997818,0.23561576008796692
27964,0.431884765625,0.4760620594024658,0.7318407297134399,0.6922886371612549
27965,0.956298828125,0.9597930312156677,1.0,0.9064762592315674
27966,0.0,0.0,0.0,0.0
27967,0.260498046875,0.3230852782726288,0.397238165140152,0.48110324144363403
27968,0.374755859375,0.43079236149787903,0.5307213068008423,0.6282843351364136
27969,0.606689453125,0.6390624046325684,1.0,0.7734537720680237
27970,0.30078125,0.33300331234931946,0.5307213068008423,0.41886454820632935
27971,0.2774251401424408,0.3383110761642456,0.36153164505958557,0.43369096517562866
27972,0.956298828125,0.9589749574661255,0.7169486284255981,0.6172558069229126
27973,0.956298828125,0.9595668315887451,1.0,0.8986408114433289
27974,0.261474609375,0.3558248281478882,0.20000000298023224,0.623955249786377
27975,0.393798828125,0.4466857314109802,0.5977610945701599,0.62306147813797
27976,0.197998046875,0.293334424495697,0.29449179768562317,0.5014710426330566
27977,0.962158203125,0.962594747543335,0.9625431895256042,0.9015322923660278
27978,0.228759765625,0.2670414447784424,0.6461858153343201,0.543627142906189
27979,0.110107421875,0.1461256593465805,0.16497723758220673,0.2491597682237625
27980,0.703369140625,0.707918643951416,0.6423966884613037,0.6634827852249146
27981,0.956298828125,0.9597222805023193,1.0,0.9168429374694824
27982,0.606689453125,0.6268896460533142,1.0,0.7201215028762817
27983,0.02083333395421505,0.10492648929357529,0.04811027646064758,0.21916337311267853
27984,0.606689453125,0.6264998316764832,1.0,0.7487276196479797
27985,0.9673665165901184,0.9675794839859009,1.0,0.8484343886375427
27986,0.706298828125,0.7100764513015747,0.7139173746109009,0.7262390851974487
27987,0.956298828125,0.9571995735168457,1.0,0.9487695097923279
27988,0.580322265625,0.6284707188606262,0.86592036485672,0.7892253398895264
27989,0.518798828125,0.5492742657661438,0.6967307925224304,0.6012405157089233
27990,0.94140625,0.9508711099624634,0.5900454521179199,0.6356025338172913
27991,0.939453125,0.9458974003791809,0.7473011612892151,0.7993840575218201
27992,0.9444172978401184,0.9518713355064392,0.6219719052314758,0.7938891649246216
27993,0.953369140625,0.9588585495948792,0.912726640701294,0.980054497718811
27994,0.531982421875,0.5799380540847778,0.7462155222892761,0.6449136137962341
27995,0.9668782353401184,0.9674467444419861,0.892719030380249,0.8163019418716431
27996,0.323974609375,0.37362539768218994,0.6861420273780823,0.7165651917457581
27997,0.304931640625,0.39080145955085754,0.4285714626312256,0.6466423869132996
27998,0.02083333395421505,0.0384463369846344,0.23463936150074005,0.4643728733062744
27999,0.9444172978401184,0.9507126212120056,0.6219719052314758,0.6774148344993591
28000,0.0,0.015625,0.0,0.2640681564807892
28001,0.606689453125,0.6425411701202393,1.0,0.9621404409408569
28002,0.304931640625,0.3687254786491394,0.6151177287101746,0.6790362000465393
28003,0.0625,0.09386784583330154,0.4692787230014801,0.5142842531204224
28004,0.951904296875,0.9561551809310913,0.8690900206565857,0.7508699893951416
28005,0.953369140625,0.9577799439430237,0.7479812502861023,0.7040424346923828
28006,0.968017578125,0.9680445790290833,1.0,0.9533892869949341
28007,0.953369140625,0.9567406177520752,0.912726640701294,0.7823492884635925
28008,0.12109375,0.1612415909767151,0.3910655975341797,0.40993577241897583
28009,0.947998046875,0.952777624130249,0.8348100185394287,0.8667876720428467
28010,0.956298828125,0.9600374698638916,1.0,0.8985803127288818
28011,0.951904296875,0.9575226306915283,0.8690900206565857,0.9212021827697754
28012,0.9673665165901184,0.9677616953849792,0.8748590350151062,0.7887616753578186
28013,0.110107421875,0.110107421875,1.0,1.0
28014,0.9673665165901184,0.9677958488464355,0.8748590350151062,0.8406380414962769
28015,0.580322265625,0.6114853024482727,0.86592036485672,0.8727763295173645
28016,0.228759765625,0.32193827629089355,0.6461858153343201,0.787773609161377
28017,0.2044270783662796,0.29101282358169556,0.3367719352245331,0.5934552550315857
28018,0.9668782353401184,0.9677735567092896,0.7810032963752747,0.806398332118988
28019,0.956298828125,0.9599899053573608,1.0,0.9355539679527283
28020,0.967041015625,0.9675505757331848,0.9284793138504028,0.9211112856864929
28021,0.967041015625,0.9676215052604675,0.9284793138504028,0.9621123671531677
28022,0.166259765625,0.19281671941280365,0.6291344165802002,0.7588311433792114
28023,0.9507649540901184,0.9537150263786316,0.974961519241333,0.9130886793136597
28024,0.606689453125,0.6336246728897095,1.0,0.9274209141731262
28025,0.947998046875,0.9538920521736145,0.5985158681869507,0.7135800123214722
28026,0.110107421875,0.18738782405853271,0.20503923296928406,0.34023430943489075
28027,0.05078125,0.07577943801879883,0.5307212471961975,0.7346671223640442
28028,0.02083333395421505,0.0647786483168602,0.13770577311515808,0.4935457110404968
28029,0.953369140625,0.9558948278427124,1.0,0.9824548363685608
28030,0.344482421875,0.3800143003463745,0.690318763256073,0.7344581484794617
28031,0.466064453125,0.4787472188472748,0.7823625802993774,0.6326615810394287
28032,0.260498046875,0.343807578086853,0.397238165140152,0.6909451484680176
28033,0.606689453125,0.6273638010025024,1.0,0.753006637096405
28034,0.953369140625,0.9569993019104004,1.0,0.9580815434455872
28035,0.393798828125,0.4660472571849823,0.5977610945701599,0.6890164017677307
28036,0.580322265625,0.62662672996521,0.86592036485672,0.7501496076583862
28037,0.518798828125,0.5726486444473267,0.8046129941940308,0.9373902678489685
28038,0.556884765625,0.6080083250999451,0.8308104276657104,0.8892748951911926
28039,0.304931640625,0.3630608320236206,1.0,0.810123860836029
28040,0.0625,0.14561998844146729,0.23463936150074005,0.4634043574333191
28041,0.9507649540901184,0.9566110372543335,0.6379934549331665,0.8074697256088257
28042,0.556884765625,0.6030442714691162,0.8308104276657104,0.8143651485443115
28043,0.9668782353401184,0.9670881032943726,0.9614850282669067,0.927290141582489
28044,0.556884765625,0.594325065612793,0.8308104276657104,0.9211655855178833
28045,0.606689453125,0.638543426990509,1.0,0.9389592409133911
28046,0.05078125,0.08796432614326477,0.17690707743167877,0.26799824833869934
28047,0.606689453125,0.6417106986045837,1.0,0.9954151511192322
28048,0.556884765625,0.5979783535003662,0.8308104276657104,0.9588685035705566
28049,0.946533203125,0.9506757855415344,0.575423002243042,0.5715456604957581
28050,0.300537109375,0.350960910320282,0.5354781746864319,0.65956050157547
28051,0.25390625,0.320838987827301,0.39664164185523987,0.6578693985939026
28052,0.951904296875,0.9580560922622681,0.8690900206565857,0.9191388487815857
28053,0.23828125,0.32558131217956543,0.43299248814582825,0.708058774471283
28054,0.3599446713924408,0.3913629353046417,0.8075588941574097,0.8536596894264221
28055,0.606689453125,0.6302143931388855,1.0,0.7470377683639526
28056,0.956298828125,0.9597592949867249,1.0,0.8916213512420654
28057,0.946533203125,0.9504539966583252,1.0,0.9968686103820801
28058,0.953369140625,0.9586930871009827,0.912726640701294,0.9858020544052124
28059,0.110107421875,0.1204071044921875,1.0,0.9828919768333435
28060,0.110107421875,0.16921375691890717,0.3951442539691925,0.635591447353363
28061,0.9668782353401184,0.9676229357719421,0.7810032963752747,0.8579721450805664
28062,0.9673665165901184,0.9678453803062439,0.8748590350151062,0.9484327435493469
28063,0.08203125,0.14235413074493408,0.27814918756484985,0.5172854661941528
28064,0.263671875,0.3904578387737274,0.32801172137260437,0.6767553687095642
28065,0.197998046875,0.2767609655857086,0.34009110927581787,0.6136349439620972
28066,0.431884765625,0.458576500415802,0.8451594114303589,0.8050065636634827
28067,0.968017578125,0.9680653810501099,1.0,0.8909552097320557
28068,0.9507649540901184,0.9553740620613098,0.7292529344558716,0.8386234045028687
28069,0.943115234375,0.9508442282676697,0.5359453558921814,0.6645345687866211
28070,0.304931640625,0.3517615795135498,1.0,0.7632126808166504
28071,0.304931640625,0.36264464259147644,1.0,0.9130436182022095
28072,0.1875,0.22132310271263123,0.7262287139892578,0.9025693535804749
28073,0.12109375,0.219337597489357,0.19355076551437378,0.45113256573677063
28075,0.606689453125,0.6421669125556946,0.5334192514419556,0.6739139556884766
28076,0.556884765625,0.6035953760147095,0.8308104276657104,0.8483713865280151
28077,0.9507649540901184,0.9554258584976196,0.8898733854293823,0.7485023140907288
28078,0.09375,0.1302490234375,0.1821252405643463,0.25939977169036865
28079,0.9673665165901184,0.967746913433075,1.0,0.8697497844696045
28080,0.956298828125,0.9595481753349304,1.0,0.8811354041099548
28081,0.091796875,0.17427396774291992,0.12626707553863525,0.39691972732543945
28082,0.556884765625,0.5894517302513123,0.8308104276657104,0.863481879234314
28083,0.9444172978401184,0.9507090449333191,0.7589633464813232,0.7574583292007446
28084,0.110107421875,0.110107421875,1.0,1.0
28085,0.1875,0.1875,1.0,1.0
28086,0.9668782353401184,0.9676312804222107,0.7810032963752747,0.8693276047706604
28087,0.21875,0.2547101080417633,0.42495885491371155,0.4830620288848877
28088,0.606689453125,0.6343260407447815,1.0,0.9085620045661926
28090,0.44921875,0.4828718900680542,0.7216541767120361,0.6899467706680298
28091,0.091796875,0.15074028074741364,0.255120187997818,0.5224592089653015
28092,0.304931640625,0.37491902709007263,0.49493172764778137,0.6450080275535583
28093,0.2774251401424408,0.31168049573898315,0.8435737490653992,0.7757898569107056
28094,0.08203125,0.14507800340652466,0.08155369758605957,0.19296060502529144
28095,0.946533203125,0.9518674612045288,0.8793432712554932,0.8866825103759766
28096,0.9375,0.9390869140625,0.9298905730247498,0.9786716103553772
28097,0.968017578125,0.968066394329071,1.0,0.9533734917640686
28098,0.110107421875,0.22878465056419373,0.1428571492433548,0.3900149464607239
28099,0.953369140625,0.9590251445770264,0.7479812502861023,0.8109472393989563
28100,0.556884765625,0.5713560581207275,0.9594535827636719,0.7877991795539856
28101,0.567138671875,0.5933731198310852,0.9225797057151794,0.7913756370544434
28102,0.488037109375,0.5685826539993286,0.6121358871459961,0.817775309085846
28103,0.05078125,0.15168075263500214,0.07581732422113419,0.4020450711250305
28104,0.953369140625,0.9573996663093567,0.912726640701294,0.8853748440742493
28105,0.05078125,0.11965082585811615,0.10881868004798889,0.26243990659713745
28106,0.166259765625,0.23317846655845642,0.5307213068008423,0.5545421838760376
28107,0.488037109375,0.527658998966217,0.8785831332206726,0.8053786754608154
28108,0.556884765625,0.5940533876419067,0.8308104276657104,0.8527815341949463
28109,0.606689453125,0.6259765625,1.0,0.8466836810112
28110,0.212890625,0.2883983254432678,0.5679726600646973,0.6311538815498352
28111,0.166259765625,0.23614157736301422,0.32645606994628906,0.5110071301460266
28112,0.966796875,0.9671629071235657,0.9422276020050049,0.8706409335136414
28113,0.956298828125,0.9591794610023499,1.0,0.8976123929023743
28114,0.44921875,0.4777635931968689,0.7984848022460938,0.9289350509643555
28115,0.374755859375,0.4353433847427368,0.5307213068008423,0.6665993332862854
28116,0.03125,0.07709074020385742,0.09869397431612015,0.2706884443759918
28117,0.14453125,0.21445825695991516,0.5307213068008423,0.6530929803848267
28118,0.962158203125,0.9625804424285889,0.9625431895256042,0.9400373697280884
28119,0.2774251401424408,0.30074456334114075,0.5188971757888794,0.44226396083831787
28120,0.659423828125,0.6629539728164673,0.8254533410072327,0.836682140827179
28121,0.2774251401424408,0.3476914167404175,0.8435737490653992,0.8210299611091614
28122,0.518798828125,0.5675325989723206,0.8046129941940308,0.8449083566665649
28123,0.967041015625,0.9675024151802063,0.8122885227203369,0.7478401064872742
28124,0.580322265625,0.6054797172546387,0.86592036485672,0.7629594206809998
28125,0.956298828125,0.9598555564880371,1.0,0.9264707565307617
28126,0.146728515625,0.19876345992088318,0.48975956439971924,0.5731472969055176
28127,0.09375,0.17395958304405212,0.29608193039894104,0.593798816204071
28128,0.344482421875,0.3992599546909332,0.5977610945701599,0.6286875605583191
28129,0.9673665165901184,0.967799961566925,1.0,0.9673923254013062
28130,0.567138671875,0.5809144973754883,0.9225797057151794,0.8192819952964783
28131,0.260498046875,0.32597601413726807,0.49370092153549194,0.5876066088676453
28132,0.518798828125,0.5630181431770325,0.6967307925224304,0.7363542318344116
28133,0.02083333395421505,0.02815755270421505,0.23463936150074005,0.38268032670021057
28134,0.5694173574447632,0.57483971118927,0.6197949647903442,0.6461450457572937
28135,0.957763671875,0.9581195116043091,0.8908864855766296,0.9187775254249573
28136,0.9673665165901184,0.9677414298057556,1.0,1.0
28137,0.08203125,0.1431063413619995,0.23463936150074005,0.5379201769828796
28138,0.567138671875,0.6016683578491211,0.7988805174827576,0.9036374092102051
28139,0.1875,0.23866765201091766,0.5562983751296997,0.7532891631126404
28140,0.35546875,0.36660444736480713,0.2659246027469635,0.40179356932640076
28141,0.03125,0.04982757568359375,0.11699506640434265,0.19684907793998718
28142,0.0,0.17054668068885803,0.0,0.3730762302875519
28143,0.606689453125,0.6364718675613403,1.0,0.8382144570350647
28144,0.518798828125,0.5675325989723206,1.0,0.9658516645431519
28145,0.51953125,0.5392967462539673,0.8129132390022278,0.8143740296363831
28146,0.304931640625,0.38327518105506897,0.6151177287101746,0.8250232934951782
28147,0.47265625,0.532861053943634,0.6580725908279419,0.7521812319755554
28148,0.166259765625,0.27124398946762085,0.2626707851886749,0.592194676399231
28149,0.9388020634651184,0.9483197331428528,0.6763683557510376,0.8478707671165466
28150,0.260498046875,0.35793060064315796,0.397238165140152,0.6204512715339661
28151,0.556884765625,0.6076000928878784,0.8308104276657104,0.8348647952079773
28152,0.02083333395421505,0.05518706887960434,0.23463936150074005,0.41310757398605347
28153,0.374755859375,0.4272870719432831,0.5307213068008423,0.5796315670013428
28154,0.968017578125,0.9680564999580383,1.0,0.9542602300643921
28155,0.947998046875,0.9484200477600098,0.9605564475059509,0.9350780844688416
28156,0.212890625,0.212890625,1.0,1.0
28157,0.197998046875,0.2787383198738098,0.29449179768562317,0.4678722023963928
28158,0.9444172978401184,0.9460455775260925,1.0,0.9596579074859619
28159,0.943115234375,0.9495014548301697,0.819014847278595,0.8615475296974182
28160,0.606689453125,0.6397722959518433,1.0,0.883163332939148
28161,0.499755859375,0.5826635956764221,0.629690945148468,0.8383955359458923
28162,0.323974609375,0.33317995071411133,0.6861420273780823,0.6130741238594055
28163,0.260498046875,0.33687376976013184,0.49370092153549194,0.6145423650741577
28164,0.499755859375,0.5722531676292419,0.629690945148468,0.750015139579773
28165,0.110107421875,0.15611065924167633,0.3333333134651184,0.5073201060295105
28166,0.44921875,0.4881345331668854,0.7216541767120361,0.849379301071167
28167,0.959228515625,0.959730327129364,0.8722942471504211,0.8985375165939331
28168,0.953369140625,0.9579350352287292,0.912726640701294,0.9295575022697449
28169,0.110107421875,0.20720168948173523,0.16497723758220673,0.40195801854133606
28170,0.956298828125,0.9601364135742188,0.8195018768310547,0.7769791483879089
28171,0.110107421875,0.19115757942199707,0.3333333134651184,0.514620840549469
28172,0.701904296875,0.7059822678565979,0.7402501106262207,0.8360919952392578
28173,0.9673665165901184,0.9678969383239746,0.8748590350151062,0.919878363609314
28174,0.304931640625,0.35564449429512024,1.0,0.8100148439407349
28175,0.09375,0.14655883610248566,0.29608193039894104,0.4396194517612457
28176,0.03125,0.0377604179084301,0.29608193039894104,0.25617367029190063
28177,0.02083333395421505,0.0718587264418602,0.07821311801671982,0.31205686926841736
28178,0.0,0.025390625,0.0,0.17250145971775055
28179,0.962158203125,0.9625116586685181,0.9625431895256042,0.9301185607910156
28180,0.9444172978401184,0.9496923089027405,0.6219719052314758,0.6175689697265625
28182,0.580322265625,0.6107462048530579,1.0,0.9303061962127686
28183,0.556884765625,0.5947835445404053,0.8308104276657104,0.7779439687728882
28184,0.518798828125,0.5750297904014587,0.8046129941940308,0.8551840782165527
28185,0.197998046875,0.27177783846855164,0.42267662286758423,0.6493430733680725
28186,0.2774251401424408,0.3574388325214386,0.5188971757888794,0.6785905361175537
28187,0.212890625,0.212890625,1.0,1.0
28188,0.110107421875,0.1483735889196396,0.3951442539691925,0.526926577091217
28189,0.374755859375,0.42104342579841614,0.7617307901382446,0.6979262232780457
28190,0.940673828125,0.9466538429260254,0.8770246505737305,0.8812192678451538
28191,0.556884765625,0.5903280973434448,0.8308104276657104,0.7446602582931519
28192,0.580322265625,0.6057010889053345,0.86592036485672,0.6940661072731018
28193,0.0,0.0,0.0,0.0
28194,0.956298828125,0.9601954221725464,0.7169486284255981,0.7609862685203552
28195,0.03125,0.2520773708820343,0.03911304473876953,0.4411281943321228
28196,0.556884765625,0.5940533876419067,0.8308104276657104,0.8008787631988525
28197,0.0,0.0,0.0,0.0
28198,0.946533203125,0.9518941640853882,1.0,0.9661657810211182
28199,0.584228515625,0.5849902033805847,0.6245770454406738,0.8027821779251099
28200,0.967041015625,0.9672288298606873,1.0,0.9705398678779602
28201,0.44140625,0.441802978515625,0.6036984324455261,0.5460861325263977
28202,0.939453125,0.9442557096481323,0.8498401045799255,0.8131081461906433
28203,0.967041015625,0.9674050211906433,0.9284793138504028,0.9009676575660706
28204,0.9507649540901184,0.9517043232917786,0.974961519241333,0.930917501449585
28205,0.956298828125,0.9590908288955688,1.0,0.9058821201324463
28206,0.091796875,0.15915822982788086,0.255120187997818,0.3828674852848053
28207,0.2774251401424408,0.340097039937973,0.5188971757888794,0.5779537558555603
28208,0.12109375,0.1863502562046051,0.3910655975341797,0.5328270792961121
28209,0.197998046875,0.2600620985031128,0.6871474981307983,0.6715602278709412
28210,0.9507649540901184,0.9563599824905396,0.8898733854293823,0.8961737751960754
28211,0.531982421875,0.5621984601020813,0.7462155222892761,0.6770990490913391
28212,0.0625,0.1515452116727829,0.09622055292129517,0.39890173077583313
28213,0.968017578125,0.9680777788162231,1.0,0.8873032927513123
28214,0.110107421875,0.22162461280822754,0.20503923296928406,0.5449090003967285
28215,0.956298828125,0.9596683382987976,0.8195018768310547,0.7497557401657104
28216,0.0625,0.0625,1.0,1.0
28217,0.02083333395421505,0.11611741036176682,0.07821311801671982,0.4229600131511688
28218,0.304931640625,0.3712785243988037,1.0,0.9048032164573669
28219,0.9444172978401184,0.9534838795661926,0.544137716293335,0.6964523792266846
28220,0.166259765625,0.21368809044361115,0.6291344165802002,0.7594388127326965
28221,0.9507649540901184,0.9544780850410461,0.8898733854293823,0.8937890529632568
28222,0.278564453125,0.3600451946258545,0.39664164185523987,0.6668727993965149
28223,0.606689453125,0.6420828700065613,0.6509066820144653,0.7340492606163025
28224,0.260498046875,0.32106226682662964,0.49370092153549194,0.5171285271644592
28225,0.03125,0.03125,0.29608193039894104,0.21398626267910004
28226,0.9673665165901184,0.967715859413147,1.0,0.8808931708335876
28227,0.466064453125,0.5140620470046997,0.629499077796936,0.7359757423400879
28228,0.1875,0.25530192255973816,0.4692787230014801,0.5218104124069214
28229,0.3599446713924408,0.4336272180080414,0.5626510977745056,0.7132861018180847
28230,0.959228515625,0.9598546028137207,0.7631344795227051,0.8113894462585449
28231,0.228759765625,0.3009759187698364,0.3974803686141968,0.489935964345932
28232,0.393798828125,0.42794832587242126,0.8579513430595398,0.8842242360115051
28233,0.9668782353401184,0.9675894975662231,0.892719030380249,0.8939123153686523
28234,0.939453125,0.9429346919059753,0.8498401045799255,0.7823953032493591
28235,0.968017578125,0.9680548310279846,1.0,0.8394153118133545
28236,0.606689453125,0.6427099704742432,1.0,1.0
28237,0.606689453125,0.6399061679840088,1.0,0.9454175233840942
28238,0.304931640625,0.34990209341049194,1.0,0.7445530891418457
28239,0.0625,0.12669911980628967,0.1854327917098999,0.4922817051410675
28240,0.947998046875,0.9545807242393494,0.8348100185394287,0.9142724275588989
28241,0.304931640625,0.36124497652053833,1.0,0.8056273460388184
28242,0.946533203125,0.9518674612045288,0.8793432712554932,0.8866825103759766
28244,0.959228515625,0.9599927663803101,0.7631344795227051,0.9226064085960388
28245,0.968017578125,0.9680777788162231,1.0,0.8675339818000793
28246,0.02083333395421505,0.0446370467543602,0.23463936150074005,0.6039072275161743
28247,0.197998046875,0.22646108269691467,0.6871474981307983,0.5492806434631348
28248,0.08984375,0.10382843017578125,0.5158474445343018,0.6153199076652527
28249,0.091796875,0.13890515267848969,0.30242785811424255,0.5045782327651978
28250,0.110107421875,0.14779695868492126,0.3333333134651184,0.370853453874588
28251,0.228759765625,0.2950543761253357,0.3974803686141968,0.486731618642807
28252,0.228759765625,0.2752039432525635,0.3974803686141968,0.4853798449039459
28253,0.556884765625,0.5863707661628723,0.8308104276657104,0.7599145174026489
28254,0.518798828125,0.5726486444473267,0.6967307925224304,0.8527668714523315
28255,0.323974609375,0.38106703758239746,0.47805625200271606,0.44809412956237793
28257,0.228759765625,0.2821246385574341,0.6461858153343201,0.7003939747810364
28258,0.939453125,0.9407501220703125,0.9690036177635193,0.9654350280761719
28259,0.959228515625,0.9595494866371155,0.8722942471504211,0.8209731578826904
28260,0.556884765625,0.5935472249984741,0.8308104276657104,0.7842421531677246
28261,0.2774251401424408,0.34871816635131836,0.5188971757888794,0.5911071300506592
28262,0.968017578125,0.9680528044700623,1.0,0.8745298385620117
28263,0.571533203125,0.5777219533920288,0.6093400716781616,0.7409692406654358
28264,0.12109375,0.17033341526985168,0.24055138230323792,0.32775819301605225
28265,0.14453125,0.20898288488388062,0.5307213068008423,0.6235373020172119
28266,0.0625,0.0625,0.4692787230014801,0.4692787230014801
28267,0.393798828125,0.44253259897232056,0.8579513430595398,0.8821179270744324
28268,0.091796875,0.16254431009292603,0.30242785811424255,0.589831531047821
28269,0.9668782353401184,0.9672836661338806,0.7810032963752747,0.7824586629867554
28270,0.956298828125,0.958441972732544,1.0,0.9960126280784607
28271,0.110107421875,0.12577152252197266,1.0,0.9560290575027466
28272,0.488037109375,0.5419231653213501,0.6121358871459961,0.6339055895805359
28273,0.110107421875,0.1714639961719513,0.1428571492433548,0.23571696877479553
28274,0.606689453125,0.637054443359375,1.0,0.8892993927001953
28275,0.466064453125,0.4812932312488556,0.5450960993766785,0.42542338371276855
28276,0.946533203125,0.9522592425346375,0.8026000261306763,0.7825396656990051
28277,0.580322265625,0.6195032000541687,0.86592036485672,0.7643248438835144
28278,0.940673828125,0.9542117118835449,0.5046601295471191,0.8360655903816223
28279,0.12109375,0.12109375,0.6885288953781128,0.6885288953781128
28281,0.518798828125,0.579613208770752,0.6967307925224304,0.7591325640678406
28282,0.499755859375,0.540878415107727,0.7271926999092102,0.6750156283378601
28283,0.05078125,0.0763397216796875,0.2737712264060974,0.4806252717971802
28284,0.03125,0.041015625,0.38685283064842224,0.6052602529525757
28285,0.228759765625,0.3240187466144562,0.276936799287796,0.558025062084198
28286,0.0625,0.11195385456085205,0.23463936150074005,0.287786602973938
28287,0.518798828125,0.5821530222892761,0.6967307925224304,0.8735684752464294
28288,0.110107421875,0.16889126598834991,0.5158474445343018,0.7980405688285828
28289,0.9673665165901184,0.9676148295402527,1.0,0.9419355988502502
28290,0.518798828125,0.518798828125,1.0,1.0
28291,0.946533203125,0.9500995874404907,0.8026000261306763,0.7512096762657166
28292,0.3059895932674408,0.3059895932674408,0.6920201778411865,0.6366108059883118
28294,0.431884765625,0.4596955180168152,0.8451594114303589,0.799470841884613
28295,0.0625,0.0625,1.0,1.0
28297,0.146728515625,0.22357994318008423,0.48975956439971924,0.8024134635925293
28298,0.166259765625,0.1899954080581665,0.8213136792182922,0.8507615327835083
28299,0.09375,0.09375,0.6309297680854797,0.6309297680854797
28300,0.03125,0.052764892578125,0.29608193039894104,0.6462302803993225
28301,0.606689453125,0.6279075741767883,1.0,0.8702324628829956
28302,0.263671875,0.31500402092933655,0.7653606534004211,0.721613883972168
28303,0.943115234375,0.9453468322753906,0.9313938021659851,0.9787229895591736
28304,0.606689453125,0.641781210899353,1.0,0.8643145561218262
28305,0.228759765625,0.305388480424881,0.276936799287796,0.41970929503440857
28306,0.146728515625,0.2494828999042511,0.2098969668149948,0.47507143020629883
28307,0.1875,0.20559081435203552,0.7262287139892578,0.9061059355735779
28308,0.260498046875,0.2774209976196289,0.9514426589012146,0.957834780216217
28309,0.146728515625,0.146728515625,0.7579237222671509,0.7579237222671509
28310,0.956298828125,0.95986008644104,1.0,0.9554263949394226
28311,0.499755859375,0.5578963160514832,0.629690945148468,0.6269612312316895
28312,0.556884765625,0.600204586982727,0.8308104276657104,0.7006357908248901
28313,0.02083333395421505,0.05803530663251877,0.09271639585494995,0.27527281641960144
28314,0.197998046875,0.2896917462348938,0.34009110927581787,0.666755735874176
28316,0.304931640625,0.3732230067253113,1.0,0.9477344751358032
28317,0.197998046875,0.24606400728225708,0.6871474981307983,0.6535837650299072
28318,0.08203125,0.17969755828380585,0.14433082938194275,0.3951583206653595
28319,0.05078125,0.09905082732439041,0.17690707743167877,0.2753482162952423
28320,0.499755859375,0.5530058741569519,0.7271926999092102,0.7438207864761353
28321,0.146728515625,0.19037628173828125,0.48975956439971924,0.657281219959259
28322,0.393798828125,0.44968700408935547,0.5977610945701599,0.6720676422119141
28323,0.9507649540901184,0.9554407596588135,0.6379934549331665,0.8271545171737671
28324,0.166259765625,0.18771207332611084,0.8213136792182922,0.7140494585037231
28325,0.703369140625,0.7057838439941406,0.8588406443595886,0.7954610586166382
28326,0.261474609375,0.2922540307044983,0.6151177287101746,0.5372502207756042
28327,0.091796875,0.19236764311790466,0.12626707553863525,0.4221253991127014
28328,0.150390625,0.19184118509292603,0.7002755999565125,0.7647808790206909
28329,0.94140625,0.9459963440895081,0.8970906734466553,0.7757058143615723
28330,0.946533203125,0.9530848264694214,0.8793432712554932,0.9040764570236206
28331,0.584228515625,0.5845702886581421,0.7689103484153748,0.7342145442962646
28332,0.393798828125,0.43888673186302185,0.690318763256073,0.711547315120697
28333,0.499755859375,0.5479941964149475,0.9037794470787048,0.802463710308075
28334,0.968017578125,0.9680777788162231,1.0,0.8675339818000793
28335,0.518798828125,0.5705782175064087,0.4535067081451416,0.649040937423706
28336,0.956298828125,0.9590544700622559,1.0,0.8837912082672119
28337,0.0625,0.10355126857757568,0.4692787230014801,0.8201468586921692
28338,0.560546875,0.5841589570045471,0.8838695287704468,0.7435466647148132
28339,0.1106770858168602,0.171904519200325,0.37429505586624146,0.48644495010375977
28340,0.518798828125,0.5916466116905212,0.6967307925224304,0.8372185230255127
28341,0.197998046875,0.27158892154693604,0.6871474981307983,0.7156615853309631
28342,0.967041015625,0.9673871397972107,0.9284793138504028,0.8784025311470032
28343,0.110107421875,0.1549457609653473,1.0,0.9337458610534668
28344,0.304931640625,0.3267818093299866,1.0,0.9692496657371521
28345,0.0,0.0062500000931322575,0.0,0.13565197587013245
28346,0.110107421875,0.1158294677734375,1.0,0.7359168529510498
28347,0.304931640625,0.3642082214355469,1.0,0.9284274578094482
28348,0.212890625,0.2812156677246094,0.5679726600646973,0.7464096546173096
28349,0.110107421875,0.19661515951156616,0.3333333134651184,0.6951014399528503
28350,0.490234375,0.5580223798751831,0.5961710214614868,0.6755490303039551
28352,0.110107421875,0.1851334422826767,0.3333333134651184,0.7074943780899048
28353,0.110107421875,0.16714602708816528,0.5158474445343018,0.7124338150024414
28354,0.0625,0.103614941239357,0.4692787230014801,0.5517855286598206
28355,0.05078125,0.08171094954013824,0.5307212471961975,0.7738932371139526
28356,0.499755859375,0.5215139389038086,0.9037794470787048,0.9798137545585632
28357,0.197998046875,0.27614209055900574,0.6871474981307983,0.7799082398414612
28358,0.3599446713924408,0.40722331404685974,0.8075588941574097,0.8461536765098572
28359,0.166259765625,0.21624541282653809,0.5307213068008423,0.7309531569480896
28360,0.560546875,0.5853399038314819,0.8838695287704468,0.9526200294494629
28362,0.953369140625,0.9590578079223633,0.912726640701294,0.9137528538703918
28363,0.091796875,0.16945287585258484,0.255120187997818,0.6148087382316589
28365,0.374755859375,0.4287390410900116,0.5307213068008423,0.5890682339668274
28366,0.946533203125,0.9516160488128662,0.8026000261306763,0.8057764172554016
28367,0.393798828125,0.4544757604598999,0.5977610945701599,0.8401163816452026
28368,0.110107421875,0.22106006741523743,0.1428571492433548,0.41442570090293884
28369,0.968017578125,0.9680526256561279,1.0,0.8091323971748352
28370,0.962158203125,0.9624456763267517,0.9625431895256042,0.8989604711532593
28371,0.110107421875,0.17456188797950745,0.3333333134651184,0.5179418325424194
28372,0.606689453125,0.6369664072990417,1.0,0.9374680519104004
28373,0.304931640625,0.3799791932106018,0.49493172764778137,0.7047528028488159
28374,0.12109375,0.21531414985656738,0.3910655975341797,0.6192129254341125
28375,0.946533203125,0.954102098941803,0.8026000261306763,0.8783014416694641
28376,0.260498046875,0.3341599702835083,0.49370092153549194,0.7017359733581543
28377,0.146728515625,0.2789444029331207,0.2098969668149948,0.5585193634033203
28378,0.966796875,0.967717707157135,0.7653606534004211,0.9041949510574341
28379,0.556884765625,0.590749979019165,0.9594535827636719,0.9453296065330505
28380,0.580322265625,0.6306438446044922,0.5636333227157593,0.6803789138793945
28381,0.08203125,0.11415553838014603,0.11613046377897263,0.15240994095802307
28382,0.0625,0.0625,0.4692787230014801,0.4692787230014801
28383,0.110107421875,0.1158294677734375,1.0,0.8248239755630493
28384,0.166259765625,0.235870361328125,0.5307213068008423,0.8148244023323059
28385,0.166259765625,0.23516835272312164,0.32645606994628906,0.48842859268188477
28386,0.0625,0.11170095205307007,0.23463936150074005,0.5148277878761292
28387,0.943115234375,0.9512489438056946,0.5359453558921814,0.7625202536582947
28388,0.2774251401424408,0.35330355167388916,0.8435737490653992,0.8302010893821716
28389,0.0,0.02213541604578495,0.0,0.3433743715286255
28390,0.9388020634651184,0.9402897953987122,0.8427215218544006,0.7618629932403564
28391,0.0625,0.0625,1.0,1.0
28392,0.953369140625,0.958452045917511,0.7479812502861023,0.882986307144165
28393,0.304931640625,0.3621371388435364,1.0,0.8463507890701294
28394,0.518798828125,0.552891194820404,0.6967307925224304,0.6182755827903748
28395,0.110107421875,0.18050381541252136,0.3951442539691925,0.7587857246398926
28396,0.12109375,0.2035466432571411,0.3910655975341797,0.5590946674346924
28397,0.518798828125,0.562710165977478,1.0,0.8922528624534607
28398,0.150390625,0.21613118052482605,0.4525081515312195,0.4703250527381897
28399,0.260498046875,0.30536937713623047,0.8026120662689209,0.8231935501098633
28400,0.0,0.05451175197958946,0.0,0.279703289270401
28401,0.05078125,0.2587636411190033,0.06148766726255417,0.39676156640052795
28402,0.466064453125,0.52995365858078,0.629499077796936,0.8581000566482544
28403,0.08203125,0.08203125,0.9197208285331726,0.9197208285331726
28404,0.488037109375,0.526029109954834,0.8785831332206726,0.7486801743507385
28405,0.3599446713924408,0.4317474961280823,0.3001289367675781,0.6771398782730103
28406,0.518798828125,0.5852594971656799,0.6967307925224304,0.8663830757141113
28407,0.1106770858168602,0.1484324038028717,0.5792374610900879,0.6752542853355408
28408,0.946533203125,0.9519683718681335,1.0,0.9774438738822937
28409,0.499755859375,0.5527285933494568,0.9037794470787048,0.8568106889724731
28410,0.260498046875,0.3265043795108795,0.8026120662689209,0.7537757754325867
28411,0.304931640625,0.35191816091537476,1.0,0.9036838412284851
28412,0.260498046875,0.3633597791194916,0.34397661685943604,0.6870364546775818
28413,0.2774251401424408,0.30880653858184814,0.8435737490653992,0.8220490217208862
28414,0.499755859375,0.5501796007156372,0.9037794470787048,0.8944253325462341
28415,0.466064453125,0.5277920961380005,0.5450960993766785,0.6294792294502258
28416,0.374755859375,0.4491059482097626,0.5307213068008423,0.786810040473938
28417,0.953369140625,0.9584000110626221,0.912726640701294,0.9461095929145813
28418,0.466064453125,0.5498292446136475,0.5450960993766785,0.7857008576393127
28419,0.304931640625,0.34729230403900146,1.0,0.7883569598197937
28420,0.2044270783662796,0.2725253403186798,0.23463937640190125,0.3347781300544739
28421,0.374755859375,0.43012648820877075,0.6128985285758972,0.741966187953949
28422,0.300537109375,0.3449510931968689,0.6655102372169495,0.6807736158370972
28423,0.2774251401424408,0.3624574542045593,0.5188971757888794,0.6883766651153564
28424,0.953369140625,0.9556106328964233,0.912726640701294,0.8714261651039124
28425,0.956298828125,0.960400402545929,0.7169486284255981,0.8776698112487793
28426,0.304931640625,0.35963988304138184,1.0,0.8382547497749329
28427,0.228759765625,0.2891795039176941,0.6461858153343201,0.5432534217834473
28428,0.9444172978401184,0.9486706256866455,0.7589633464813232,0.7045669555664062
28429,0.466064453125,0.5455353856086731,0.5450960993766785,0.77958083152771
28430,0.3599446713924408,0.42005670070648193,0.5626510977745056,0.689761757850647
28431,0.110107421875,0.14173802733421326,1.0,0.7791714668273926
28432,0.518798828125,0.553272008895874,0.8046129941940308,0.7079761028289795
28433,0.966796875,0.9673954844474792,0.7653606534004211,0.7890550494194031
28434,0.956298828125,0.9594981670379639,1.0,0.888124942779541
28435,0.304931640625,0.3732230067253113,1.0,0.9477344751358032
28436,0.23828125,0.3364940285682678,0.43299248814582825,0.66402268409729
28437,0.2774251401424408,0.350340336561203,0.8435737490653992,0.7877872586250305
28438,0.2774251401424408,0.3205244839191437,0.8435737490653992,0.731655478477478
28439,0.946533203125,0.9519897103309631,0.8026000261306763,0.8337007164955139
28440,0.260498046875,0.2823134660720825,0.9514426589012146,0.8987863063812256
28441,0.393798828125,0.4532374143600464,0.5977610945701599,0.7628576159477234
28442,0.304931640625,0.37015411257743835,0.4285714626312256,0.45192694664001465
28443,0.197998046875,0.2549811899662018,0.6871474981307983,0.6833832263946533
28444,0.14453125,0.1839836835861206,0.5307213068008423,0.48408272862434387
28445,0.556884765625,0.5895567536354065,0.9594535827636719,0.9154571890830994
28446,0.166259765625,0.224053293466568,0.6291344165802002,0.8170871138572693
28447,0.951904296875,0.9590730667114258,0.6230928897857666,0.7473651170730591
28448,0.197998046875,0.26297497749328613,0.6871474981307983,0.721356987953186
28449,0.02083333395421505,0.07629901170730591,0.09271639585494995,0.37315481901168823
28450,0.518798828125,0.5609666109085083,1.0,0.8875389099121094
28451,0.0,0.015625,0.0,0.2640681564807892
28452,0.0625,0.0625,0.4692787230014801,0.4692787230014801
28453,0.304931640625,0.40895727276802063,0.34757038950920105,0.6183796525001526
28454,0.110107421875,0.19414940476417542,0.3333333134651184,0.6861871480941772
28455,0.943115234375,0.947216808795929,0.9313938021659851,0.9551429748535156
28456,0.947998046875,0.9529668688774109,0.8348100185394287,0.8137106895446777
28457,0.146728515625,0.23076820373535156,0.48975956439971924,0.6975049376487732
28458,0.556884765625,0.5814504623413086,0.8308104276657104,0.7122842669487
28459,0.3599446713924408,0.42553406953811646,0.5626510977745056,0.7464463114738464
28460,0.0,0.0069444444961845875,0.0,0.3010300099849701
28461,0.518798828125,0.5824095010757446,0.496870219707489,0.7477535009384155
28462,0.260498046875,0.3370521366596222,0.397238165140152,0.5493203997612
28463,0.212890625,0.28783512115478516,0.3493700623512268,0.552837073802948
28464,0.110107421875,0.1712833046913147,0.1428571492433548,0.23916207253932953
28465,0.304931640625,0.4058888554573059,0.4285714626312256,0.6568506956100464
28466,0.263671875,0.3492357134819031,0.32801172137260437,0.513841450214386
28467,0.197998046875,0.27158889174461365,0.42267662286758423,0.5532942414283752
28468,0.567138671875,0.5957550406455994,0.9225797057151794,0.8628328442573547
28469,0.05078125,0.0586286261677742,0.5307212471961975,0.6871475577354431
28470,0.466064453125,0.5306305289268494,0.5450960993766785,0.709201991558075
28471,0.508056640625,0.5148711800575256,0.5334192514419556,0.7223959565162659
28472,0.304931640625,0.37751758098602295,1.0,1.0
28473,0.260498046875,0.36854568123817444,0.34397661685943604,0.6676712036132812
28474,0.228759765625,0.29320624470710754,0.6461858153343201,0.6536251306533813
28475,0.0,0.0069444444961845875,0.0,0.11751610785722733
28476,0.9444172978401184,0.9495766758918762,0.6219719052314758,0.5729508399963379
28477,0.366455078125,0.37721577286720276,0.3265250623226166,0.5534548759460449
28478,0.09375,0.13197734951972961,0.4581993520259857,0.6485670804977417
28479,0.304931640625,0.35843613743782043,0.6151177287101746,0.6475922465324402
28480,0.951171875,0.95941162109375,0.694340705871582,0.9253577589988708
28481,0.304931640625,0.37751761078834534,1.0,1.0
28482,0.263671875,0.3657293915748596,0.32801172137260437,0.6531745195388794
28483,0.228759765625,0.283584326505661,0.6461858153343201,0.6416301131248474
28484,0.560546875,0.5822148323059082,0.7653606534004211,0.7360864281654358
28485,0.300537109375,0.3449814021587372,0.6655102372169495,0.7581449747085571
28486,0.110107421875,0.23101994395256042,0.20503923296928406,0.5714763402938843
28487,0.9673665165901184,0.9676928520202637,1.0,0.9363861680030823
28488,0.580322265625,0.6200454831123352,0.86592036485672,0.8250636458396912
28489,0.580322265625,0.6186792850494385,0.86592036485672,0.7163417339324951
28491,0.0625,0.10286712646484375,0.23463936150074005,0.29484397172927856
28492,0.0,0.0078125,0.0,0.14804096519947052
28493,0.0,0.092437744140625,0.0,0.3389278054237366
28494,0.1106770858168602,0.1362091302871704,0.5792374610900879,0.5694063305854797
28495,0.0,0.0,0.0,0.0
28496,0.0625,0.13676758110523224,0.11613046377897263,0.3089331388473511
28497,0.968017578125,0.9680495262145996,1.0,0.9336585402488708
28498,0.0625,0.14116303622722626,0.23463936150074005,0.4611632823944092
28499,0.951904296875,0.9546774625778198,0.9521908760070801,0.8604785799980164
28500,0.304931640625,0.3540682792663574,1.0,0.788469672203064
28501,0.2044270783662796,0.29883015155792236,0.5474918484687805,0.8003045916557312
28503,0.466064453125,0.5208662152290344,0.629499077796936,0.6793976426124573
28504,0.531982421875,0.5613776445388794,0.8617600202560425,0.8004059791564941
28505,0.0625,0.072265625,0.4692787230014801,0.3430427014827728
28506,0.304931640625,0.3726564645767212,1.0,0.9266360998153687
28507,0.606689453125,0.6386753916740417,1.0,0.8910815715789795
28508,0.0625,0.08288682997226715,0.1854327917098999,0.2685760259628296
28509,0.0,0.034210205078125,0.0,0.5316901206970215
28510,0.2774251401424408,0.32630282640457153,0.8435737490653992,0.7904164791107178
28511,0.940673828125,0.9443939328193665,0.8770246505737305,0.8167098760604858
28512,0.567138671875,0.5950211882591248,0.7988805174827576,0.834278404712677
28513,0.706298828125,0.7086212635040283,0.871160089969635,0.857172966003418
28514,0.943359375,0.9487143754959106,0.8076295852661133,0.8522813320159912
28515,0.466064453125,0.5411534905433655,0.629499077796936,0.7793420553207397
28516,0.260498046875,0.3442510664463043,0.8026120662689209,0.9074249863624573
28517,0.304931640625,0.31500867009162903,1.0,0.7552304267883301
28518,0.967041015625,0.9673774242401123,0.9284793138504028,0.8282099962234497
28519,0.304931640625,0.36645182967185974,1.0,0.890972375869751
28521,0.953369140625,0.9570270776748657,0.912726640701294,0.9022896885871887
28522,0.951904296875,0.9553464651107788,0.9521908760070801,0.8980563879013062
28523,0.260498046875,0.3346291780471802,0.8026120662689209,0.8061231970787048
28524,0.0625,0.1373332142829895,0.23463936150074005,0.6205700635910034
28525,0.091796875,0.12666773796081543,0.7653606534004211,0.9279640913009644
28526,0.946533203125,0.9503227472305298,0.8793432712554932,0.9217554926872253
28527,0.110107421875,0.1543932557106018,0.3951442539691925,0.54168701171875
28528,0.9507649540901184,0.9532098770141602,0.8898733854293823,0.8255270719528198
28529,0.9466145634651184,0.9518172144889832,0.8072783350944519,0.8798646330833435
28530,0.08203125,0.21446774899959564,0.14433082938194275,0.5148711204528809
28531,0.9375,0.9375,1.0,1.0
28532,0.23828125,0.33517301082611084,0.3483913838863373,0.5308011174201965
28533,0.0,0.1420961171388626,0.0,0.4988071918487549
28534,0.212890625,0.2859632074832916,0.5679726600646973,0.7452378273010254
28535,0.9673665165901184,0.9678955674171448,0.8748590350151062,0.9210374355316162
28536,0.2774251401424408,0.3537451922893524,0.8435737490653992,0.8482377529144287
28537,0.951904296875,0.9562459588050842,0.9521908760070801,0.9439472556114197
28538,0.968017578125,0.9680763483047485,1.0,0.9786703586578369
28539,0.946533203125,0.9546520113945007,0.8026000261306763,0.9433119297027588
28540,0.263671875,0.3427451252937317,0.7653606534004211,0.7878785133361816
28541,0.197998046875,0.25350141525268555,0.6871474981307983,0.6790777444839478
28542,0.2774251401424408,0.35895246267318726,0.8435737490653992,0.8842222690582275
28543,0.110107421875,0.19175556302070618,0.16497723758220673,0.41207456588745117
28544,0.943115234375,0.9497691988945007,0.7475366592407227,0.8193082213401794
28545,0.518798828125,0.5519746541976929,1.0,0.808011531829834
28546,0.967041015625,0.9674277305603027,0.8122885227203369,0.5478721857070923
28547,0.968017578125,0.9680561423301697,1.0,0.9282968640327454
28548,0.968017578125,0.9680609107017517,1.0,0.9547590017318726
28549,0.5757650136947632,0.5803694725036621,0.6966133713722229,0.7820151448249817
28550,0.03125,0.063568115234375,0.15273310244083405,0.39692702889442444
28551,0.110107421875,0.20012924075126648,0.3333333134651184,0.534136176109314
28552,0.943115234375,0.9544178247451782,0.5359453558921814,0.667511522769928
28553,0.304931640625,0.3626556098461151,0.6151177287101746,0.6249678730964661
28554,0.2774251401424408,0.3387751281261444,0.8435737490653992,0.7370234131813049
28555,0.940673828125,0.9436180591583252,0.9274492263793945,0.9309797883033752
28556,0.323974609375,0.37157121300697327,0.47805625200271606,0.6167538166046143
28557,0.260498046875,0.3603087067604065,0.34397661685943604,0.5648266673088074
28558,0.110107421875,0.18240904808044434,0.3333333134651184,0.4777478575706482
28559,0.967041015625,0.9675535559654236,0.9284793138504028,0.8984885215759277
28560,0.0625,0.068359375,0.24207624793052673,0.2825901210308075
28561,0.951904296875,0.9532122015953064,1.0,0.9784507751464844
28562,0.304931640625,0.37751761078834534,0.49493172764778137,0.6763128638267517
28563,0.091796875,0.14006644487380981,0.3948093354701996,0.5737695097923279
28564,0.0,0.07556827366352081,0.0,0.3472096025943756
28565,0.943115234375,0.947661817073822,0.9313938021659851,0.9278952479362488
28566,0.2774251401424408,0.3121528625488281,0.8435737490653992,0.692763090133667
28567,0.2774251401424408,0.36327749490737915,0.5188971757888794,0.7468874454498291
28568,0.260498046875,0.32713642716407776,0.8026120662689209,0.8557650446891785
28569,0.091796875,0.16679319739341736,0.255120187997818,0.4394805133342743
28570,0.304931640625,0.36871039867401123,0.6151177287101746,0.6667328476905823
28571,0.228759765625,0.32915669679641724,0.3974803686141968,0.6405211687088013
28572,0.567138671875,0.5717735290527344,1.0,0.9696205258369446
28573,0.4375,0.5118498206138611,0.5419421792030334,0.6873435974121094
28574,0.304931640625,0.33277738094329834,1.0,0.877082109451294
28575,0.0,0.06308364868164062,0.0,0.3057711720466614
28576,0.9444172978401184,0.946926474571228,0.9456308484077454,0.7857564091682434
28577,0.23828125,0.27077436447143555,0.7039180994033813,0.7407042980194092
28578,0.606689453125,0.6163745522499084,1.0,0.7686107754707336
28579,0.939453125,0.9429261684417725,0.8987017273902893,0.9590456485748291
28580,0.228759765625,0.29878830909729004,0.3974803686141968,0.484919011592865
28581,0.466064453125,0.4953139126300812,0.7823625802993774,0.8233669996261597
28582,0.304931640625,0.38154101371765137,0.4285714626312256,0.5606462955474854
28583,0.304931640625,0.38230443000793457,0.4285714626312256,0.679082453250885
28584,0.110107421875,0.1723799854516983,0.3333333134651184,0.5445981025695801
28585,0.260498046875,0.29677677154541016,0.8026120662689209,0.6212475895881653
28586,0.518798828125,0.5558381676673889,1.0,0.8463922142982483
28587,0.951904296875,0.9564908742904663,0.8690900206565857,0.9454872012138367
28588,0.9673665165901184,0.9677401781082153,1.0,0.9802075028419495
28589,0.300537109375,0.36780643463134766,0.4636814594268799,0.59552001953125
28590,0.261474609375,0.30562329292297363,0.49493172764778137,0.7032092809677124
28591,0.940673828125,0.945671021938324,0.8770246505737305,0.8849418759346008
28592,0.518798828125,0.5513827800750732,1.0,0.8059845566749573
28593,0.304931640625,0.39414703845977783,0.49493172764778137,0.7687512040138245
28594,0.08203125,0.16827580332756042,0.14433082938194275,0.4992608428001404
28595,0.0,0.015625,0.0,0.43067657947540283
28596,0.304931640625,0.3732230067253113,0.6151177287101746,0.7327150702476501
28597,0.940673828125,0.9460460543632507,0.771205723285675,0.8812442421913147
28598,0.943115234375,0.9514105916023254,0.7475366592407227,0.9056643843650818
28599,0.110107421875,0.12975460290908813,1.0,0.6830838918685913
28600,0.146728515625,0.2131119817495346,0.2098969668149948,0.3384183347225189
28601,0.08203125,0.09576416015625,0.7039180994033813,0.7536975741386414
28602,0.08203125,0.1255950629711151,0.23463936150074005,0.40040990710258484
28603,0.946533203125,0.9509549736976624,0.8026000261306763,0.7713986039161682
28604,0.556884765625,0.6012117862701416,0.8308104276657104,0.9053717851638794
28605,0.606689453125,0.6385356187820435,1.0,0.9273592829704285
28606,0.150390625,0.16165487468242645,0.7002755999565125,0.7706030011177063
28607,0.393798828125,0.45838040113449097,0.5977610945701599,0.7425196170806885
28608,0.946533203125,0.956498920917511,0.575423002243042,0.7145397663116455
28609,0.300537109375,0.33961424231529236,0.6655102372169495,0.7293161153793335
28610,0.9444172978401184,0.9511189460754395,0.7589633464813232,0.6948204636573792
28611,0.304931640625,0.3674263060092926,1.0,0.994396984577179
28612,0.9444172978401184,0.9538143873214722,0.6219719052314758,0.8125541806221008
28613,0.2774251401424408,0.350340336561203,0.8435737490653992,0.7877872586250305
28614,0.09375,0.1064453125,0.35098522901535034,0.353834867477417
28615,0.9507649540901184,0.9549256563186646,0.8898733854293823,0.8784010410308838
28616,0.956298828125,0.959128737449646,1.0,0.7898769974708557
28617,0.03125,0.03125,0.15273310244083405,0.15273310244083405
28618,0.706298828125,0.709585428237915,0.871160089969635,0.8759540915489197
28619,0.304931640625,0.3726933002471924,1.0,0.9516623020172119
28620,0.08203125,0.18423666059970856,0.14433082938194275,0.3852650821208954
28621,0.956298828125,0.9595670104026794,1.0,0.9593082070350647
28622,0.946533203125,0.9503653049468994,1.0,0.8791178464889526
28623,0.508056640625,0.5129300355911255,0.6509066820144653,0.7918282151222229
28624,0.0,0.02734375,0.0,0.5012658834457397
28625,0.304931640625,0.3905939757823944,0.4285714626312256,0.6104000210762024
28626,0.946533203125,0.9520319104194641,0.8026000261306763,0.8452943563461304
28627,0.304931640625,0.3454027771949768,0.6151177287101746,0.5445886850357056
28628,0.455078125,0.5807424783706665,0.33298835158348083,0.5265674591064453
28629,0.0,0.0062500000931322575,0.0,0.07945707440376282
28630,0.14453125,0.14453125,0.5307213068008423,0.36179304122924805
28631,0.02083333395421505,0.08045943826436996,0.07821311801671982,0.2544094920158386
28632,0.967041015625,0.9673234224319458,1.0,0.9570426344871521
28633,0.08203125,0.11368227005004883,0.27814918756484985,0.3675061762332916
28634,0.703369140625,0.7101709842681885,0.6423966884613037,0.8273033499717712
28635,0.567138671875,0.6045422554016113,0.7988805174827576,0.8515756130218506
28636,0.946533203125,0.9496722221374512,0.8026000261306763,0.7653026580810547
28637,0.940673828125,0.9443417191505432,0.8770246505737305,0.8928819894790649
28638,0.304931640625,0.3963276147842407,0.4285714626312256,0.741946816444397
28639,0.110107421875,0.15942126512527466,0.3333333134651184,0.4062068462371826
28640,0.505615234375,0.5109381675720215,0.5719858407974243,0.6480109095573425
28641,0.946533203125,0.956668496131897,0.575423002243042,0.7776758670806885
28642,0.05078125,0.09721120446920395,0.17690707743167877,0.3645739257335663
28643,0.2044270783662796,0.24949294328689575,0.8472668528556824,0.9035800695419312
28644,0.14453125,0.25716087222099304,0.2626707851886749,0.6129373908042908
28645,0.518798828125,0.586269736289978,0.6967307925224304,0.8172511458396912
28646,0.197998046875,0.2709132432937622,0.6871474981307983,0.7144232988357544
28647,0.946533203125,0.9511439800262451,0.8026000261306763,0.7587943077087402
28648,0.304931640625,0.3632703721523285,0.49493172764778137,0.6224479675292969
28649,0.9507649540901184,0.954513669013977,0.7292529344558716,0.7678184509277344
28650,0.946533203125,0.956668496131897,0.575423002243042,0.7776758670806885
28651,0.968017578125,0.9680577516555786,1.0,0.8922082185745239
28652,0.9673665165901184,0.967625081539154,1.0,0.9755309820175171
28653,0.962158203125,0.9625917077064514,0.9625431895256042,0.9179584980010986
28654,0.946533203125,0.9543960094451904,0.6577322483062744,0.847161591053009
28655,0.967041015625,0.9674698710441589,0.9284793138504028,0.9257174730300903
28656,0.940673828125,0.9421848058700562,0.7038999795913696,0.5386939644813538
28657,0.304931640625,0.39510780572891235,0.49493172764778137,0.7331032752990723
28658,0.9673665165901184,0.9676251411437988,1.0,0.9755309820175171
28659,0.946533203125,0.9518675804138184,0.8793432712554932,0.8846470713615417
28660,0.968017578125,0.9680577516555786,1.0,0.8922082185745239
28661,0.110107421875,0.155360147356987,1.0,0.9363793134689331
28662,0.2044270783662796,0.2361518144607544,0.8472668528556824,0.7584254145622253
28663,0.943115234375,0.9465952515602112,0.819014847278595,0.8193455338478088
28664,0.08203125,0.12322998046875,0.3631143569946289,0.6758840680122375
28665,0.261474609375,0.2835249602794647,0.6151177287101746,0.4912651479244232
28666,0.968017578125,0.9680425524711609,1.0,0.9242821931838989
28667,0.1106770858168602,0.1775159388780594,0.37429505586624146,0.5568111538887024
28668,0.966796875,0.9672125577926636,0.8748388290405273,0.8489863872528076
28669,0.150390625,0.17570863664150238,0.5364180207252502,0.5339033007621765
28670,0.110107421875,0.17145399749279022,0.3333333134651184,0.5969021916389465
28671,0.260498046875,0.29550671577453613,0.8026120662689209,0.6527267694473267
28672,0.0,0.0078125,0.0,0.06943123042583466
28673,0.110107421875,0.13061673939228058,1.0,0.6870166063308716
28674,0.9444172978401184,0.9516221880912781,0.7589633464813232,0.7795328497886658
28675,0.304931640625,0.3596237599849701,1.0,0.8005154728889465
28676,0.0625,0.0625,1.0,1.0
28677,0.956298828125,0.9599065780639648,1.0,0.8911535739898682
28678,0.304931640625,0.3542586863040924,1.0,0.9185869693756104
28679,0.03125,0.03125,0.6309297680854797,0.6309297680854797
28680,0.712158203125,0.7124879360198975,0.8569586873054504,0.8517817258834839
28681,0.02083333395421505,0.0409749373793602,0.12103812396526337,0.19501838088035583
28682,0.712158203125,0.7125753164291382,0.8569586873054504,0.8384692072868347
28683,0.146728515625,0.2219293713569641,0.48975956439971924,0.5323777794837952
28684,0.946533203125,0.9514987468719482,1.0,0.9461941123008728
28685,0.531982421875,0.5601259469985962,0.7462155222892761,0.6512621641159058
28686,0.0,0.234375,0.0,0.43067657947540283
28687,0.166259765625,0.2207396775484085,0.6291344165802002,0.8355008363723755
28688,0.940673828125,0.9439237713813782,1.0,1.0
28689,0.304931640625,0.3830411434173584,0.4285714626312256,0.6457735896110535
28690,0.304931640625,0.34316617250442505,1.0,0.9273473024368286
28691,0.953369140625,0.9584341645240784,0.912726640701294,0.8316023349761963
28692,0.304931640625,0.3751583993434906,0.6151177287101746,0.7211723923683167
28693,0.9507649540901184,0.9554430246353149,0.8898733854293823,0.9531044363975525
28694,0.2044270783662796,0.2044270783662796,0.963940441608429,0.963940441608429
28695,0.9668782353401184,0.9675467014312744,0.7810032963752747,0.6948034167289734
28696,0.0,0.015625,0.0,0.43067657947540283
28697,0.5694173574447632,0.5734846591949463,0.7048385143280029,0.6852892637252808
28698,0.967041015625,0.9674401879310608,1.0,0.9628638625144958
28699,0.219970703125,0.2791878879070282,0.397238165140152,0.5220678448677063
28700,0.499755859375,0.5434577465057373,0.9037794470787048,0.8182317614555359
28701,0.228759765625,0.3172626495361328,0.6461858153343201,0.7772990465164185
28702,0.02083333395421505,0.10034888982772827,0.04811027646064758,0.3112179934978485
28703,0.968017578125,0.9680564403533936,1.0,0.9052400588989258
28704,0.9673665165901184,0.9677546620368958,0.8748590350151062,0.8571686744689941
28705,0.260498046875,0.30302783846855164,0.8026120662689209,0.6058573126792908
28706,0.02083333395421505,0.0409749373793602,0.12103812396526337,0.18640334904193878
28707,0.260498046875,0.33498117327690125,0.8026120662689209,0.8062502145767212
28708,0.23046875,0.2808311879634857,0.47306913137435913,0.6298481225967407
28709,0.08203125,0.10091400146484375,0.7039180994033813,0.5217403173446655
28710,0.968017578125,0.9680778384208679,1.0,0.8640704154968262
28711,0.959228515625,0.9597627520561218,0.7631344795227051,0.8040274381637573
28712,0.9444172978401184,0.9478863477706909,0.544137716293335,0.4947102665901184
28713,0.968017578125,0.9680586457252502,1.0,0.8267484903335571
28714,0.304931640625,0.37751761078834534,1.0,1.0
28715,0.943359375,0.9490926861763,0.9184463024139404,0.8631836771965027
28716,0.260498046875,0.3024088442325592,0.8026120662689209,0.7114583253860474
28717,0.2122395932674408,0.2684672176837921,0.36153164505958557,0.464136004447937
28718,0.166259765625,0.1751861572265625,0.8213136792182922,0.8285769820213318
28719,0.0625,0.14224916696548462,0.15642623603343964,0.4643939137458801
28720,0.02083333395421505,0.061948277056217194,0.23463936150074005,0.6807183027267456
28721,0.953369140625,0.9580751657485962,0.912726640701294,0.8739623427391052
28722,0.14453125,0.22103026509284973,0.5307213068008423,0.6526007056236267
28723,0.9444172978401184,0.9470759630203247,0.9456308484077454,0.7788168787956238
28724,0.091796875,0.12667372822761536,0.15692895650863647,0.22710810601711273
28725,0.260498046875,0.31155094504356384,0.8026120662689209,0.6651744246482849
28726,0.2044270783662796,0.2555047273635864,0.3367719352245331,0.3790900409221649
28727,0.1875,0.24880540370941162,0.4692787230014801,0.7174198627471924
28728,0.110107421875,0.17467264831066132,0.3333333134651184,0.44986996054649353
28729,0.606689453125,0.6385433673858643,1.0,0.822562575340271
28730,0.304931640625,0.3688770532608032,1.0,0.8990684151649475
28731,0.228759765625,0.3003721535205841,0.6461858153343201,0.7972785234451294
28732,0.261474609375,0.28334107995033264,0.6151177287101746,0.5073635578155518
28733,0.633056640625,0.6346724033355713,0.7837249636650085,0.6881570816040039
28734,0.03125,0.03125,0.6309297680854797,0.6309297680854797
28735,0.9444172978401184,0.9492316842079163,0.8315341472625732,0.7799209952354431
28736,0.2044270783662796,0.23703405261039734,0.6490147709846497,0.6652357578277588
28737,0.466064453125,0.5071213245391846,0.629499077796936,0.7038276195526123
28738,0.091796875,0.10552978515625,0.3948093354701996,0.3150588870048523
28740,0.03125,0.14508619904518127,0.04229741916060448,0.2965783476829529
28741,0.450927734375,0.45747703313827515,0.5321600437164307,0.646710991859436
28742,0.499755859375,0.5322717428207397,0.9037794470787048,0.8422095775604248
28743,0.03125,0.0377604179084301,0.29608193039894104,0.3638184666633606
28744,0.946533203125,0.9511619210243225,1.0,0.9109593629837036
28745,0.3599446713924408,0.41379451751708984,0.5626510977745056,0.5311297178268433
28746,0.166259765625,0.23182202875614166,0.5307213068008423,0.6960194110870361
28747,0.1875,0.2588043212890625,0.4692787230014801,0.7423437833786011
28748,0.110107421875,0.13749468326568604,1.0,0.7155506610870361
28749,0.110107421875,0.1588565558195114,1.0,1.0
28750,0.556884765625,0.5984863042831421,0.8308104276657104,0.8363394737243652
28751,0.110107421875,0.16692909598350525,0.3333333134651184,0.5590466856956482
28752,0.304931640625,0.39291897416114807,0.4285714626312256,0.6921511292457581
28753,0.967041015625,0.9673764705657959,1.0,0.9275535941123962
28754,0.940673828125,0.9449451565742493,0.8770246505737305,0.8537723422050476
28755,0.393798828125,0.44248631596565247,0.5977610945701599,0.49355876445770264
28756,0.571533203125,0.5815531015396118,0.49935534596443176,0.7013106942176819
28757,0.9507649540901184,0.9543797373771667,0.8898733854293823,0.908635139465332
28758,0.9668782353401184,0.9675419926643372,0.892719030380249,0.8826199769973755
28759,0.1106770858168602,0.19612282514572144,0.37429505586624146,0.5584591031074524
28760,0.08203125,0.15599584579467773,0.11613046377897263,0.27524837851524353
28761,0.09375,0.16860240697860718,0.12689225375652313,0.24704447388648987
28762,0.518798828125,0.5640016794204712,1.0,0.9238064885139465
28763,0.518798828125,0.5806177854537964,0.6967307925224304,0.7639450430870056
28764,0.968017578125,0.9680777788162231,1.0,0.9698516726493835
28765,0.110107421875,0.1499060094356537,1.0,0.8630154132843018
28766,0.110107421875,0.16584935784339905,0.20503923296928406,0.29049867391586304
28767,0.304931640625,0.3643421232700348,1.0,0.8148636817932129
28768,0.2774251401424408,0.36379319429397583,0.5188971757888794,0.7260183691978455
28769,0.260498046875,0.33175602555274963,0.8026120662689209,0.7464914917945862
28770,0.518798828125,0.562499463558197,1.0,0.9511446356773376
28771,0.228759765625,0.26676666736602783,0.6461858153343201,0.5936236381530762
28772,0.2774251401424408,0.3369066119194031,0.5188971757888794,0.6027505397796631
28773,0.197998046875,0.27875274419784546,0.29449179768562317,0.34585055708885193
28774,0.967041015625,0.9676616787910461,0.8122885227203369,0.8169474005699158
28775,0.9668782353401184,0.9674184918403625,0.892719030380249,0.8451136350631714
28776,0.946533203125,0.9530079364776611,0.8026000261306763,0.8422046303749084
28777,0.2774251401424408,0.35902583599090576,0.5188971757888794,0.7099427580833435
28778,0.110107421875,0.14764979481697083,0.5158474445343018,0.7226884961128235
28779,0.0625,0.0708705335855484,0.4692787230014801,0.29345571994781494
28780,0.110107421875,0.15885654091835022,1.0,1.0
28781,0.531982421875,0.5670595765113831,0.7462155222892761,0.743381142616272
28782,0.166259765625,0.19506770372390747,0.3612121045589447,0.4093642830848694
28783,0.953369140625,0.9559859037399292,1.0,0.8813989758491516
28784,0.9444172978401184,0.9511391520500183,0.8315341472625732,0.9209805130958557
28785,0.946533203125,0.9540411829948425,0.6577322483062744,0.7470231652259827
28786,0.508056640625,0.5107871294021606,0.6509066820144653,0.5641714930534363
28787,0.228759765625,0.31673192977905273,0.3974803686141968,0.5692261457443237
28788,0.2774251401424408,0.4265187382698059,0.2932012677192688,0.6718772053718567
28789,0.146728515625,0.23750510811805725,0.3012597858905792,0.6075538396835327
28790,0.9388020634651184,0.949653148651123,0.6763683557510376,0.8582911491394043
28791,0.228759765625,0.2614240348339081,1.0,0.8973537683486938
28792,0.304931640625,0.36397314071655273,0.49493172764778137,0.5603407621383667
28793,0.228759765625,0.3172626495361328,0.6461858153343201,0.7772990465164185
28794,0.304931640625,0.3732230067253113,0.49493172764778137,0.6409649848937988
28795,0.212890625,0.27437061071395874,0.28110769391059875,0.3503980338573456
28796,0.2774251401424408,0.348539799451828,0.8435737490653992,0.8158971071243286
28797,0.374755859375,0.4211888015270233,0.7617307901382446,0.7261525392532349
28798,0.967041015625,0.9673130512237549,1.0,0.9675942659378052
28799,0.304931640625,0.3719201683998108,0.6151177287101746,0.7138109803199768
28800,0.02083333395421505,0.02734375,0.05323231965303421,0.07142281532287598
28801,0.23828125,0.25652042031288147,0.43299248814582825,0.38231226801872253
28802,0.490234375,0.5484234690666199,0.8556691408157349,0.8745133280754089
28803,0.9444172978401184,0.952338695526123,0.7589633464813232,0.8204280138015747
28804,0.44921875,0.4975278675556183,0.5027986764907837,0.45876893401145935
28805,0.228759765625,0.3030092418193817,0.3198178708553314,0.44488194584846497
28807,0.300537109375,0.3360491991043091,0.5354781746864319,0.5160382390022278
28808,0.2774251401424408,0.32769522070884705,0.8435737490653992,0.6678329706192017
28809,0.228759765625,0.2709185481071472,0.6461858153343201,0.7372750639915466
28810,0.2774251401424408,0.38716697692871094,0.36153164505958557,0.7048372030258179
28811,0.219970703125,0.24545612931251526,0.5462626218795776,0.639883279800415
28812,0.05078125,0.0599365234375,0.5307212471961975,0.6978816986083984
28813,0.2774251401424408,0.3741705119609833,0.36153164505958557,0.47828349471092224
28814,0.110107421875,0.1588565558195114,0.3333333134651184,0.4700182378292084
28815,0.9388020634651184,0.9480662941932678,0.7410414814949036,0.8625757694244385
28816,0.47265625,0.5292980670928955,0.8178747296333313,0.8487582802772522
28817,0.968017578125,0.9680641889572144,1.0,0.9731541275978088
28818,0.0,0.0062500000931322575,0.0,0.28906482458114624
28819,0.584228515625,0.5846037864685059,0.7689103484153748,0.7843324542045593
28820,0.1875,0.21054992079734802,0.5562983751296997,0.6511887907981873
28821,0.197998046875,0.2503618001937866,0.6871474981307983,0.7343316078186035
28822,0.228759765625,0.31546729803085327,0.6461858153343201,0.7010091543197632
28823,0.94140625,0.947964608669281,0.7200049757957458,0.6951586604118347
28824,0.304931640625,0.3599364757537842,1.0,0.8216443061828613
28825,0.197998046875,0.2712409198284149,0.6871474981307983,0.7502226233482361
28826,0.12109375,0.1258544921875,0.46358197927474976,0.4491017460823059
28827,0.940673828125,0.9450955390930176,0.8770246505737305,0.9182167053222656
28828,0.518798828125,0.5554965734481812,0.8046129941940308,0.7463392615318298
28829,0.967041015625,0.9677330851554871,0.8122885227203369,0.824286699295044
28830,0.304931640625,0.38033366203308105,0.6151177287101746,0.7491856217384338
28831,0.606689453125,0.6501942873001099,0.6509066820144653,0.824828028678894
28832,0.9444172978401184,0.9506643414497375,0.7589633464813232,0.7512853145599365
28834,0.580322265625,0.6135587692260742,1.0,0.9669220447540283
28835,0.30078125,0.3428206443786621,0.5307213068008423,0.5874609351158142
28836,0.110107421875,0.16929864883422852,0.3951442539691925,0.6675139665603638
28837,0.9673665165901184,0.967775285243988,0.8748590350151062,0.9137606024742126
28838,0.146728515625,0.1952367126941681,0.48975956439971924,0.4301929175853729
28839,0.03125,0.05725342780351639,0.29608193039894104,0.3668006956577301
28840,0.304931640625,0.35534968972206116,0.6151177287101746,0.5840786099433899
28841,0.304931640625,0.37532487511634827,0.4285714626312256,0.5456531643867493
28842,0.518798828125,0.5447914004325867,1.0,0.9831399321556091
28843,0.580322265625,0.6241828799247742,0.86592036485672,0.8604727983474731
28844,0.260498046875,0.30362701416015625,0.34397661685943604,0.3776147663593292
28845,0.304931640625,0.3720511496067047,1.0,0.9489243626594543
28846,0.2774251401424408,0.3502696752548218,0.4175114035606384,0.5801510214805603
28847,0.110107421875,0.21735195815563202,0.1321021020412445,0.4467400014400482
28848,0.228759765625,0.3117339015007019,0.3198178708553314,0.519561767578125
28849,0.0,0.0761667937040329,0.0,0.32557132840156555
28850,0.556884765625,0.6022005081176758,0.8308104276657104,0.9447337985038757
28851,0.0625,0.078369140625,0.24207624793052673,0.25326237082481384
28852,0.505615234375,0.5099860429763794,0.6504693627357483,0.651980996131897
28853,0.263671875,0.36357975006103516,0.37880125641822815,0.6725831031799316
28854,0.0625,0.12455205619335175,0.23463936150074005,0.41775310039520264
28855,0.4375,0.4466421902179718,0.8609101176261902,0.9407039880752563
28856,0.580322265625,0.6143366098403931,0.86592036485672,0.8461500406265259
28857,0.9375,0.9396381378173828,0.8155369758605957,0.7445960640907288
28858,0.2774251401424408,0.32859480381011963,0.8435737490653992,0.8177155256271362
28859,0.110107421875,0.1966419368982315,0.3333333134651184,0.5571109652519226
28860,0.393798828125,0.43758732080459595,0.8579513430595398,0.7956479787826538
28861,0.08203125,0.15089228749275208,0.23463936150074005,0.5305815935134888
28862,0.947998046875,0.9526323676109314,0.8348100185394287,0.8343942761421204
28863,0.499755859375,0.5468477606773376,0.629690945148468,0.6574959754943848
28864,0.110107421875,0.13767682015895844,0.5158474445343018,0.5299273133277893
28865,0.110107421875,0.18044079840183258,0.3951442539691925,0.6918151378631592
28866,0.606689453125,0.6229937672615051,1.0,0.9248881936073303
28867,0.518798828125,0.5560818314552307,0.6967307925224304,0.6946811676025391
28868,0.9507649540901184,0.9545745253562927,0.8898733854293823,0.9305804371833801
28869,0.951904296875,0.9571154713630676,0.8690900206565857,0.8587053418159485
28870,0.9507649540901184,0.9576599597930908,0.7292529344558716,0.8225640058517456
28871,0.967041015625,0.9676385521888733,0.8122885227203369,0.8920431137084961
28872,0.110107421875,0.14030113816261292,0.3333333134651184,0.3983806073665619
28873,0.16796875,0.2255273461341858,0.3974803686141968,0.5016980171203613
28874,0.260498046875,0.30899369716644287,0.8026120662689209,0.9445620179176331
28875,0.228759765625,0.3118016719818115,0.6461858153343201,0.72195965051651
28876,0.9507649540901184,0.9559761881828308,0.8898733854293823,0.8214042782783508
28877,0.03125,0.03125,0.6309297680854797,0.6309297680854797
28878,0.150390625,0.159912109375,0.7002755999565125,0.7189664840698242
28879,0.431884765625,0.46528807282447815,0.7318407297134399,0.6867012977600098
28880,0.110107421875,0.1692245900630951,0.3333333134651184,0.41336846351623535
28881,0.94140625,0.9448995590209961,0.8970906734466553,0.8682994246482849
28882,0.968017578125,0.9680507183074951,1.0,0.8531227111816406
28883,0.488037109375,0.5266914963722229,0.7069194316864014,0.6680940389633179
28884,0.953369140625,0.9564647674560547,0.912726640701294,0.8020256757736206
28885,0.146728515625,0.2131119817495346,0.24239754676818848,0.37200093269348145
28886,0.2774251401424408,0.39402681589126587,0.36153164505958557,0.6891536712646484
28887,0.940673828125,0.9419053792953491,0.9274492263793945,0.8887297511100769
28888,0.12109375,0.14455735683441162,0.46358197927474976,0.4860815703868866
28889,0.0,0.0299479179084301,0.0,0.20277497172355652
28890,0.518798828125,0.569050669670105,0.8046129941940308,0.8747807145118713
28891,0.08203125,0.12284848839044571,0.3631143569946289,0.5321191549301147
28892,0.260498046875,0.31778624653816223,0.8026120662689209,0.7650061249732971
28893,0.1875,0.21352538466453552,0.23226092755794525,0.28692200779914856
28894,0.260498046875,0.287071168422699,0.9514426589012146,0.8481455445289612
28895,0.05078125,0.08243227750062943,0.5307212471961975,0.5501126646995544
28896,0.518798828125,0.5837157964706421,0.6967307925224304,0.8561322689056396
28897,0.9375,0.9404899477958679,0.8155369758605957,0.7217662334442139
28898,0.374755859375,0.3940538763999939,0.8428282141685486,0.8176938891410828
28899,0.567138671875,0.6013661026954651,0.7988805174827576,0.7382637858390808
28900,0.146728515625,0.18897776305675507,0.48975956439971924,0.4690157175064087
28901,0.9507649540901184,0.9539392590522766,0.8898733854293823,0.6932108402252197
28902,0.02083333395421505,0.0403994619846344,0.23463936150074005,0.5726073980331421
28903,0.0,0.0553385429084301,0.0,0.25188693404197693
28904,0.304931640625,0.3924480378627777,0.49493172764778137,0.6988379955291748
28905,0.260498046875,0.3442510962486267,0.8026120662689209,0.9074249863624573
28906,0.0,0.03186384215950966,0.0,0.1969975233078003
28907,0.228759765625,0.32543569803237915,0.3198178708553314,0.5351759791374207
28908,0.146728515625,0.23990699648857117,0.48975956439971924,0.7144096493721008
28909,0.580322265625,0.6151120066642761,0.86592036485672,0.8440889120101929
28910,0.02083333395421505,0.11056216806173325,0.038710154592990875,0.2511155903339386
28911,0.304931640625,0.3643037974834442,0.6151177287101746,0.656074047088623
28912,0.197998046875,0.2311755120754242,0.6871474981307983,0.599601686000824
28913,0.560546875,0.5928904414176941,0.4981783330440521,0.6496390700340271
28914,0.431884765625,0.46441954374313354,0.7318407297134399,0.822921633720398
28915,0.110107421875,0.14191046357154846,1.0,0.9726646542549133
28916,0.9444172978401184,0.9512660503387451,0.7589633464813232,0.6685985922813416
28917,0.110107421875,0.1888723075389862,0.3333333134651184,0.5443950295448303
28918,0.228759765625,0.3172626495361328,0.6461858153343201,0.8117274641990662
28919,0.110107421875,0.17467264831066132,0.3951442539691925,0.6812273263931274
28920,0.2774251401424408,0.33133479952812195,0.8435737490653992,0.834147572517395
28921,0.946533203125,0.9566162824630737,0.575423002243042,0.7917986512184143
28922,0.0,0.008928571827709675,0.0,0.3333333432674408
28923,0.23828125,0.31023839116096497,0.2446610927581787,0.3656427562236786
28924,0.967041015625,0.9674655795097351,0.9284793138504028,0.7558512091636658
28926,0.166259765625,0.24675960838794708,0.5307213068008423,0.7808927297592163
28927,0.146728515625,0.21052822470664978,0.48975956439971924,0.722467839717865
28928,0.943359375,0.9495653510093689,0.9184463024139404,0.8802311420440674
28929,0.580322265625,0.6033897399902344,1.0,0.9626001715660095
28930,0.940673828125,0.9469857811927795,0.5768473744392395,0.6075727939605713
28931,0.0625,0.0625,1.0,1.0
28932,0.503173828125,0.5069451928138733,0.6303730607032776,0.7057985067367554
28933,0.304931640625,0.37688302993774414,0.49493172764778137,0.6707325577735901
28934,0.946533203125,0.9521167278289795,1.0,1.0
28935,0.2774251401424408,0.35926389694213867,0.36153164505958557,0.4091578423976898
28936,0.580322265625,0.6133755445480347,0.86592036485672,0.7979384064674377
28937,0.606689453125,0.6347945332527161,0.6509066820144653,0.7110892534255981
28938,0.9668782353401184,0.9672516584396362,0.9614850282669067,0.8879848718643188
28939,0.9444172978401184,0.9516423344612122,0.7589633464813232,0.805118203163147
28940,0.967041015625,0.9672892093658447,1.0,0.8844718933105469
28941,0.9507649540901184,0.9534377455711365,0.8898733854293823,0.8616951107978821
28942,0.9668782353401184,0.9674399495124817,0.7810032963752747,0.8017163276672363
28943,0.9444172978401184,0.9516222476959229,0.7589633464813232,0.7795328497886658
28944,0.968017578125,0.968040406703949,1.0,0.9199036955833435
28945,0.518798828125,0.5640016794204712,1.0,0.9238064885139465
28946,0.9668782353401184,0.9674399495124817,0.7810032963752747,0.8017163276672363
28947,0.951904296875,0.9578945636749268,0.8690900206565857,0.7317463755607605
28948,0.967041015625,0.9674145579338074,1.0,0.9740570187568665
28949,0.943115234375,0.9502996206283569,0.6126077175140381,0.6939957141876221
28950,0.9668782353401184,0.9674829840660095,0.7810032963752747,0.6849161386489868
28951,0.606689453125,0.6354399919509888,0.6509066820144653,0.7155711054801941
28952,0.9668782353401184,0.9674399495124817,0.7810032963752747,0.8017163276672363
28953,0.953369140625,0.95723956823349,0.912726640701294,0.9362850189208984
28954,0.503173828125,0.5051069259643555,0.6796846985816956,0.700089156627655
28955,0.166259765625,0.21829470992088318,0.5307213068008423,0.7093122601509094
28956,0.466064453125,0.4892387390136719,0.8656565546989441,0.959229588508606
28957,0.304931640625,0.349387526512146,1.0,0.7245950102806091
28958,0.05078125,0.08024129271507263,0.5307212471961975,0.5423247814178467
28959,0.1106770858168602,0.1866549402475357,0.37429505586624146,0.5017498135566711
28960,0.146728515625,0.17988398671150208,0.58057701587677,0.6532052755355835
28961,0.091796875,0.10552978515625,0.7653606534004211,0.4537426233291626
28962,0.580322265625,0.6140609979629517,1.0,0.9701275825500488
28963,0.110107421875,0.11869049072265625,1.0,0.9709285497665405
28964,0.110107421875,0.16219821572303772,0.3333333134651184,0.3896673917770386
28965,0.212890625,0.23820863664150238,0.8789618015289307,0.7980473637580872
28966,0.1875,0.2613506019115448,0.2886616587638855,0.5036801099777222
28967,0.499755859375,0.5289595723152161,0.9037794470787048,0.9513956904411316
28968,0.556884765625,0.5996825098991394,0.8308104276657104,0.8384347558021545
28969,0.556884765625,0.6020254492759705,0.8308104276657104,0.8383685350418091
28970,0.0,0.0177408866584301,0.0,0.41183388233184814
28971,0.09375,0.1612473875284195,0.29608193039894104,0.5513342618942261
28972,0.304931640625,0.3542586863040924,0.49493172764778137,0.5083208680152893
28973,0.260498046875,0.32071900367736816,0.49370092153549194,0.5284783840179443
28974,0.0625,0.11045381426811218,0.1854327917098999,0.4398939311504364
28975,0.304931640625,0.35031357407569885,1.0,0.7406041026115417
28976,0.110107421875,0.15998603403568268,0.5158474445343018,0.659008264541626
28977,0.05078125,0.13695526123046875,0.10881868004798889,0.36878105998039246
28978,0.466064453125,0.49950963258743286,0.7823625802993774,0.8685142397880554
28979,0.12109375,0.1849977970123291,0.3910655975341797,0.5142717957496643
28980,0.518798828125,0.6089276075363159,0.4535067081451416,0.7795443534851074
28981,0.08984375,0.10938462615013123,0.3951442539691925,0.40176382660865784
28982,0.0,0.03007812425494194,0.0,0.1916460543870926
28984,0.580322265625,0.6256380081176758,0.86592036485672,0.966667652130127
28986,0.260498046875,0.30899369716644287,0.49370092153549194,0.6085756421089172
28987,0.2774251401424408,0.3429817259311676,0.36153164505958557,0.47505369782447815
28988,0.12109375,0.15846222639083862,0.19355076551437378,0.25454363226890564
28989,0.556884765625,0.5955765843391418,0.8308104276657104,0.8464608788490295
28990,0.1875,0.21105782687664032,0.7262287139892578,0.6512919068336487
28991,0.946533203125,0.9514392614364624,1.0,0.9715532064437866
28992,0.606689453125,0.6349506378173828,0.6509066820144653,0.5521289706230164
28993,0.956298828125,0.9584195017814636,1.0,0.9973657131195068
28994,0.0625,0.11592403799295425,0.23463936150074005,0.4750422239303589
28995,0.943359375,0.9480870366096497,0.9184463024139404,0.9482654929161072
28996,0.606689453125,0.638826847076416,0.46666663885116577,0.47338351607322693
28997,0.946533203125,0.9500241279602051,1.0,0.9655219316482544
28998,0.0,0.0234375,0.0,0.26064804196357727
28999,0.940673828125,0.9474685788154602,0.771205723285675,0.7839352488517761
29000,0.166259765625,0.23005947470664978,0.5307213068008423,0.5819684267044067
29001,0.304931640625,0.3637956976890564,1.0,0.8296371698379517
29002,0.518798828125,0.5542722940444946,1.0,0.8274857997894287
29003,0.228759765625,0.27100902795791626,0.6461858153343201,0.5255664587020874
29004,0.260498046875,0.33637645840644836,0.8026120662689209,0.810990035533905
29005,0.556884765625,0.5869481563568115,0.8308104276657104,0.7416814565658569
29006,0.2774251401424408,0.32367467880249023,0.8435737490653992,0.9122120141983032
29007,0.9507649540901184,0.9522184729576111,0.974961519241333,0.7888756394386292
29008,0.393798828125,0.45461320877075195,0.5977610945701599,0.7918016314506531
29009,0.1875,0.2379884272813797,0.5562983751296997,0.8554304838180542
29010,0.943115234375,0.9526724815368652,0.5359453558921814,0.7956565022468567
29011,0.967041015625,0.9674929976463318,0.9284793138504028,0.8938317894935608
29012,0.197998046875,0.2754436135292053,0.6871474981307983,0.7619490623474121
29013,0.146728515625,0.18149425089359283,0.7579237222671509,0.7529640793800354
29014,0.943115234375,0.949969470500946,0.6126077175140381,0.6221438050270081
29015,0.968017578125,0.9680459499359131,1.0,0.9103689193725586
29016,0.957763671875,0.9582143425941467,0.8271697163581848,0.8191322088241577
29017,0.946533203125,0.952333927154541,0.8026000261306763,0.7518754005432129
29018,0.9507649540901184,0.9545802474021912,0.8898733854293823,0.8135595321655273
29019,0.580322265625,0.6265625953674316,0.86592036485672,0.8684991598129272
29021,0.166259765625,0.23626354336738586,0.5307213068008423,0.5571544766426086
29022,0.946533203125,0.9536339640617371,0.8026000261306763,0.7427752614021301
29023,0.08203125,0.09404754638671875,0.27814918756484985,0.2696242034435272
29024,0.393798828125,0.4604514241218567,0.5977610945701599,0.8244084715843201
29025,0.946533203125,0.9526390433311462,0.8793432712554932,0.9385594129562378
29026,0.304931640625,0.35788583755493164,0.30563369393348694,0.36044031381607056
29027,0.9444172978401184,0.9510367512702942,0.8315341472625732,0.8213353753089905
29028,0.518798828125,0.5508311986923218,1.0,0.8450199961662292
29030,0.09375,0.10919596254825592,0.35098522901535034,0.35766544938087463
29031,0.228759765625,0.27100902795791626,0.6461858153343201,0.4800611436367035
29032,0.518798828125,0.5690506100654602,1.0,1.0
29033,0.9668782353401184,0.9672359228134155,0.892719030380249,0.8230534791946411
29034,0.503173828125,0.5066868662834167,0.5961002111434937,0.6459947228431702
29035,0.166259765625,0.24858710169792175,0.2626707851886749,0.47890806198120117
29036,0.531982421875,0.5664286613464355,0.8617600202560425,0.8032305836677551
29037,0.2044270783662796,0.26722243428230286,0.2709710896015167,0.36749517917633057
29038,0.9375,0.9438883662223816,0.7171369194984436,0.7360497713088989
29039,0.02083333395421505,0.09235566854476929,0.038710154592990875,0.1996634304523468
29040,0.967041015625,0.967474639415741,0.8122885227203369,0.7376354932785034
29041,0.962158203125,0.9626938700675964,0.8420895934104919,0.9635047316551208
29042,0.02083333395421505,0.0423482283949852,0.23463936150074005,0.48646873235702515
29043,0.580322265625,0.6077262759208679,1.0,0.880689263343811
29044,0.3599446713924408,0.419734925031662,0.5626510977745056,0.6995514631271362
29045,0.962158203125,0.9623889327049255,0.9625431895256042,0.7886947393417358
29046,0.166259765625,0.23630665242671967,0.5307213068008423,0.6136663556098938
29047,0.304931640625,0.3726564645767212,1.0,0.9266360998153687
29048,0.09375,0.12347453087568283,0.4581993520259857,0.6170593500137329
29049,0.956298828125,0.9586380124092102,1.0,0.893547773361206
29050,0.08984375,0.1929243952035904,0.3333333134651184,0.6873332262039185
29051,0.51953125,0.5530689358711243,0.8129132390022278,0.7500758171081543
29052,0.212890625,0.2598463296890259,0.5679726600646973,0.7142661213874817
29053,0.943115234375,0.9515977501869202,0.6126077175140381,0.7987608909606934
29054,0.431884765625,0.47436946630477905,0.7318407297134399,0.7319673895835876
29055,0.953369140625,0.9569568037986755,0.7479812502861023,0.7570261359214783
29056,0.967041015625,0.9674339890480042,0.8122885227203369,0.584473729133606
29057,0.110107421875,0.110107421875,1.0,0.46900010108947754
29058,0.946533203125,0.9514871835708618,0.8026000261306763,0.8210846781730652
29059,0.03125,0.0545850470662117,0.29608193039894104,0.490669846534729
29060,0.9673665165901184,0.9676520228385925,1.0,0.9092080593109131
29061,0.212890625,0.326038122177124,0.24341687560081482,0.5105829834938049
29062,0.0,0.008928571827709675,0.0,0.3333333432674408
29063,0.3599446713924408,0.40886104106903076,0.6497723460197449,0.7468617558479309
29064,0.1875,0.2092633992433548,0.4692787230014801,0.3681943714618683
29065,0.9507649540901184,0.9560180902481079,0.8898733854293823,0.9044565558433533
29066,0.518798828125,0.5866166353225708,0.496870219707489,0.7342432141304016
29067,0.940673828125,0.943388819694519,0.8770246505737305,0.8378597497940063
29068,0.962158203125,0.9624374508857727,0.8420895934104919,0.8057318925857544
29069,0.499755859375,0.5559487342834473,0.629690945148468,0.5523874759674072
29070,0.0625,0.0625,1.0,1.0
29071,0.260498046875,0.3532807230949402,0.34397661685943604,0.6162347197532654
29073,0.304931640625,0.3601992726325989,0.6151177287101746,0.6457666754722595
29074,0.0,0.015625,0.0,0.11861331015825272
29075,0.323974609375,0.374398410320282,0.6861420273780823,0.7661342024803162
29076,0.110107421875,0.21420195698738098,0.3333333134651184,0.5986319780349731
29077,0.0,0.0,0.0,0.0
29078,0.956298828125,0.959967315196991,1.0,0.8817575573921204
29079,0.03125,0.03125,0.6309297680854797,0.6309297680854797
29080,0.304931640625,0.3706929087638855,0.6151177287101746,0.6985666751861572
29081,0.05078125,0.0983821377158165,0.17690707743167877,0.38996511697769165
29082,0.0625,0.1512211561203003,0.10646463930606842,0.4340011179447174
29083,0.304931640625,0.3560255169868469,0.6151177287101746,0.7042223811149597
29084,0.2774251401424408,0.3544606566429138,0.4175114035606384,0.6476584672927856
29085,0.110107421875,0.19551891088485718,0.3333333134651184,0.529461681842804
29086,0.197998046875,0.2601363956928253,0.6871474981307983,0.6889050602912903
29087,0.304931640625,0.3717467784881592,1.0,0.9069212675094604
29088,0.1106770858168602,0.17145702242851257,0.2302355170249939,0.3147154152393341
29089,0.959228515625,0.9595521092414856,0.7631344795227051,0.6516023874282837
29090,0.228759765625,0.25850170850753784,0.7660098671913147,0.7166471481323242
29091,0.02083333395421505,0.0415852889418602,0.23463936150074005,0.48083367943763733
29092,0.947998046875,0.9557719230651855,0.6841284036636353,0.6974745988845825
29093,0.14453125,0.1790594458580017,0.5307213068008423,0.5069147944450378
29094,0.0,0.04179687425494194,0.0,0.14816302061080933
29095,0.02083333395421505,0.0336507186293602,0.23463936150074005,0.2430979162454605
29096,0.556884765625,0.5904290676116943,0.9594535827636719,0.9427098035812378
29097,0.110107421875,0.16185224056243896,0.20503923296928406,0.3038152754306793
29098,0.953369140625,0.9581467509269714,0.912726640701294,0.9698808789253235
29099,0.197998046875,0.2817510962486267,0.6871474981307983,0.8532721400260925
29100,0.9673665165901184,0.9677785038948059,1.0,0.9081521034240723
29101,0.9444172978401184,0.9487954378128052,0.9456308484077454,0.9467224478721619
29102,0.0625,0.1935780942440033,0.11613046377897263,0.48795315623283386
29103,0.323974609375,0.36930015683174133,0.6861420273780823,0.6827991008758545
29104,0.606689453125,0.6348297595977783,1.0,0.9926584362983704
29105,0.518798828125,0.5590688586235046,0.8046129941940308,0.7966950535774231
29106,0.968017578125,0.9680620431900024,1.0,0.9317206144332886
29107,0.466064453125,0.4962821304798126,0.629499077796936,0.6662944555282593
29108,0.166259765625,0.21456944942474365,0.5307213068008423,0.5400834679603577
29109,0.304931640625,0.3732230067253113,0.49493172764778137,0.6409649848937988
29110,0.0,0.07312794029712677,0.0,0.4276396334171295
29111,0.304931640625,0.39347004890441895,0.49493172764778137,0.7264404892921448
29112,0.263671875,0.37552374601364136,0.37880125641822815,0.6978585720062256
29113,0.499755859375,0.5779710412025452,0.629690945148468,0.8036310076713562
29114,0.567138671875,0.6114507913589478,0.7988805174827576,0.6691296100616455
29115,0.304931640625,0.36124497652053833,1.0,0.8056273460388184
29116,0.091796875,0.14838333427906036,0.255120187997818,0.31848418712615967
29117,0.520263671875,0.5204038619995117,0.6423966884613037,0.6271123290061951
29118,0.943359375,0.9509920477867126,0.8076295852661133,0.8251933455467224
29119,0.263671875,0.2682563066482544,0.90728360414505,0.6654119491577148
29120,0.304931640625,0.37658751010894775,0.4285714626312256,0.588063657283783
29121,0.431884765625,0.4696776270866394,0.7318407297134399,0.6503245830535889
29122,0.0,0.05396575853228569,0.0,0.1588757485151291
29123,0.940673828125,0.9435038566589355,1.0,0.9807906746864319
29124,0.2774251401424408,0.3568302392959595,0.5188971757888794,0.7188742160797119
29125,0.08203125,0.16445112228393555,0.23463936150074005,0.5613768696784973
29126,0.2774251401424408,0.32639020681381226,0.8435737490653992,0.7471998333930969
29127,0.9673665165901184,0.9678922891616821,0.8748590350151062,0.9358357191085815
29128,0.946533203125,0.9519481062889099,0.7083972692489624,0.7538323998451233
29129,0.393798828125,0.4440506398677826,0.5977610945701599,0.5079213976860046
29130,0.956298828125,0.9592389464378357,1.0,0.8014898300170898
29131,0.455078125,0.5005158185958862,0.5907889604568481,0.6021394729614258
29132,0.304931640625,0.3813754916191101,0.6151177287101746,0.8387050032615662
29133,0.228759765625,0.2859337031841278,0.3974803686141968,0.443107545375824
29134,0.956298828125,0.958284318447113,1.0,0.9848530292510986
29135,0.166259765625,0.3402542471885681,0.14805001020431519,0.5707202553749084
29136,0.953369140625,0.9571179151535034,1.0,0.9786157608032227
29137,0.150390625,0.2238949090242386,0.22396063804626465,0.35006558895111084
29138,0.946533203125,0.952887773513794,0.575423002243042,0.6153597235679626
29139,0.3599446713924408,0.412193238735199,0.36623337864875793,0.5276559591293335
29140,0.499755859375,0.5251054167747498,0.9037794470787048,0.8175227642059326
29141,0.518798828125,0.5695806741714478,0.6967307925224304,0.7589858174324036
29142,0.091796875,0.18348360061645508,0.17363634705543518,0.5439018607139587
29143,0.110107421875,0.16535967588424683,0.3333333134651184,0.5786643028259277
29144,0.9668782353401184,0.96748948097229,0.7810032963752747,0.7294787764549255
29145,0.374755859375,0.43665385246276855,0.5307213068008423,0.529732882976532
29146,0.455078125,0.5116654634475708,0.5115761756896973,0.5360116958618164
29147,0.518798828125,0.5795586705207825,0.6967307925224304,0.6789189577102661
29148,0.02083333395421505,0.14009463787078857,0.015642624348402023,0.19445326924324036
29149,0.212890625,0.3002565801143646,0.5679726600646973,0.6883515119552612
29150,0.304931640625,0.37238895893096924,1.0,0.909542977809906
29151,0.146728515625,0.22392374277114868,0.48975956439971924,0.5889707207679749
29152,0.0,0.0,0.0,0.0
29153,0.9375,0.9469411373138428,0.5364049673080444,0.5130389332771301
29154,0.953369140625,0.956918478012085,1.0,0.9467889666557312
29156,0.0625,0.11143309623003006,0.23463936150074005,0.42800372838974
29157,0.9668782353401184,0.967228353023529,0.9614850282669067,0.8705722093582153
29158,0.228759765625,0.24142873287200928,1.0,0.9705246686935425
29159,0.9444172978401184,0.9525527358055115,0.6698823571205139,0.8259067535400391
29160,0.44921875,0.5110160112380981,0.5027986764907837,0.7822849750518799
29161,0.455078125,0.4795684516429901,0.7342523336410522,0.7033762335777283
29162,0.967041015625,0.9673414826393127,1.0,0.9091940522193909
29163,0.304931640625,0.362488329410553,1.0,0.8481065034866333
29164,0.9388020634651184,0.9415773749351501,0.8427215218544006,0.8400189876556396
29165,0.263671875,0.32737404108047485,0.7653606534004211,0.7210904955863953
29166,0.0,0.0,0.0,0.0
29167,0.146728515625,0.20379579067230225,0.48975956439971924,0.6915568709373474
29168,0.0625,0.0625,1.0,1.0
29169,0.08203125,0.12223342806100845,0.14433082938194275,0.21388377249240875
29170,0.110107421875,0.110107421875,1.0,1.0
29171,0.940673828125,0.946911633014679,0.8770246505737305,0.834392786026001
29172,0.146728515625,0.21253003180027008,0.48975956439971924,0.47905319929122925
29173,0.12109375,0.1564686894416809,0.3910655975341797,0.4018646478652954
29174,0.0,0.0,0.0,0.0
29175,0.02083333395421505,0.06488912552595139,0.07821311801671982,0.2032977193593979
29176,0.393798828125,0.44253259897232056,0.8579513430595398,0.8821179270744324
29177,0.110107421875,0.15857863426208496,0.3951442539691925,0.5811644792556763
29178,0.110107421875,0.1588565558195114,1.0,1.0
29179,0.431884765625,0.480994313955307,0.7318407297134399,0.7132977247238159
29180,0.556884765625,0.588942289352417,0.8308104276657104,0.7699021697044373
29181,0.260498046875,0.33191078901290894,0.49370092153549194,0.6358007192611694
29182,0.0,0.07515062391757965,0.0,0.2605654001235962
29183,0.706298828125,0.7069752216339111,0.871160089969635,0.8409359455108643
29184,0.260498046875,0.32166504859924316,0.8026120662689209,0.6695087552070618
29185,0.05078125,0.10278032720088959,0.2737712264060974,0.5415339469909668
29186,0.556884765625,0.5929026007652283,0.8308104276657104,0.8885732889175415
29187,0.2774251401424408,0.33652257919311523,0.5188971757888794,0.5406199097633362
29188,0.3599446713924408,0.4030259847640991,0.5626510977745056,0.6149364709854126
29189,0.2044270783662796,0.24496778845787048,0.6490147709846497,0.8770541548728943
29190,0.580322265625,0.6230200529098511,0.86592036485672,0.7684719562530518
29191,0.228759765625,0.318975031375885,0.3974803686141968,0.5762546062469482
29192,0.580322265625,0.6210228204727173,0.86592036485672,0.9076948761940002
29193,0.703369140625,0.7066377401351929,0.8588406443595886,0.8257303237915039
29194,0.939453125,0.9506248235702515,0.5589672327041626,0.7585486769676208
29195,0.12109375,0.16656172275543213,0.3910655975341797,0.5304601192474365
29196,0.0,0.014787946827709675,0.0,0.12577615678310394
29197,0.0,0.06975746154785156,0.0,0.4293656051158905
29198,0.959228515625,0.9596965909004211,0.7631344795227051,0.8211346864700317
29199,0.0,0.05034179612994194,0.0,0.38402172923088074
29200,0.05078125,0.12007611989974976,0.13908983767032623,0.46251747012138367
29201,0.166259765625,0.2654968500137329,0.2626707851886749,0.46409350633621216
29202,0.212890625,0.255330890417099,0.67329341173172,0.7351034283638
29203,0.197998046875,0.2745521068572998,0.6871474981307983,0.7580754160881042
29204,0.9444172978401184,0.9502848386764526,0.8315341472625732,0.8252554535865784
29205,0.939453125,0.9412841796875,0.8987017273902893,0.8431808352470398
29206,0.260498046875,0.3349168002605438,0.8026120662689209,0.7889052629470825
29207,0.580322265625,0.6129740476608276,0.86592036485672,0.8008332252502441
29208,0.946533203125,0.9511032104492188,0.7083972692489624,0.6959598064422607
29209,0.228759765625,0.3147018253803253,0.6461858153343201,0.7328863143920898
29210,0.490234375,0.5615968108177185,0.5961710214614868,0.7176674008369446
29211,0.940673828125,0.9480681419372559,0.7038999795913696,0.826598584651947
29212,0.0625,0.0797119140625,0.1854327917098999,0.21471206843852997
29213,0.03125,0.0550537109375,0.29608193039894104,0.6653497219085693
29214,0.9668782353401184,0.9670906662940979,0.9614850282669067,0.8785026669502258
29215,0.9388020634651184,0.9433692097663879,0.8427215218544006,0.80594801902771
29216,0.2044270783662796,0.2372894287109375,0.5474918484687805,0.5634698867797852
29217,0.304931640625,0.36995771527290344,1.0,0.8824665546417236
29218,0.946533203125,0.9562357068061829,0.7083972692489624,0.8214995265007019
29219,0.166259765625,0.22789153456687927,0.5307213068008423,0.6619284749031067
29220,0.9673665165901184,0.9676061868667603,1.0,0.9236195683479309
29221,0.9673665165901184,0.9676852226257324,1.0,0.8843947052955627
29222,0.947998046875,0.951766312122345,0.6841284036636353,0.7495350241661072
29223,0.263671875,0.31645631790161133,0.7653606534004211,0.6443703770637512
29224,0.304931640625,0.3469596803188324,1.0,0.7864145636558533
29225,0.0625,0.12998336553573608,0.1854327917098999,0.543934166431427
29226,0.703369140625,0.7101674675941467,0.6423966884613037,0.7322224974632263
29227,0.212890625,0.24282154440879822,0.28110769391059875,0.2982468903064728
29228,0.2774251401424408,0.30182743072509766,0.8435737490653992,0.7247636914253235
29229,0.091796875,0.10552978515625,0.7653606534004211,0.5666868090629578
29230,0.9668782353401184,0.9677460193634033,0.7810032963752747,0.8017340898513794
29231,0.304931640625,0.3670400083065033,1.0,0.9187982678413391
29232,0.304931640625,0.3407217562198639,1.0,0.6534856557846069
29233,0.0,0.02762858010828495,0.0,0.2246633917093277
29234,0.947998046875,0.9519491791725159,0.8348100185394287,0.757982075214386
29235,0.703369140625,0.7054210901260376,0.8588406443595886,0.8429369330406189
29236,0.580322265625,0.6256380081176758,0.86592036485672,0.966667652130127
29237,0.393798828125,0.4387221038341522,0.5977610945701599,0.6474235653877258
29238,0.9507649540901184,0.9541928172111511,0.8898733854293823,0.8227292895317078
29239,0.2774251401424408,0.33030062913894653,0.8435737490653992,0.7770594358444214
29240,0.946533203125,0.9549034237861633,0.6577322483062744,0.8179031610488892
29241,0.967041015625,0.967485249042511,0.9284793138504028,0.8869693875312805
29242,0.9444172978401184,0.9493027329444885,0.8315341472625732,0.7959901094436646
29243,0.968017578125,0.9680503010749817,1.0,0.7881682515144348
29244,0.968017578125,0.9680450558662415,1.0,0.8469979763031006
29245,0.940673828125,0.9471696019172668,0.7038999795913696,0.6423178315162659
29246,0.968017578125,0.9680451154708862,1.0,0.8469979763031006
29247,0.9668782353401184,0.96748948097229,0.7810032963752747,0.8416546583175659
29248,0.968017578125,0.9680427312850952,1.0,0.8170765042304993
29249,0.956298828125,0.9597365856170654,1.0,0.8639258742332458
29250,0.968017578125,0.9680502414703369,1.0,0.8512884378433228
29251,0.956298828125,0.9600669145584106,0.8195018768310547,0.8025661706924438
29252,0.9668782353401184,0.96748948097229,0.7810032963752747,0.7294787764549255
29253,0.940673828125,0.9464924335479736,0.5768473744392395,0.5758411288261414
29254,0.968017578125,0.9680506587028503,1.0,0.7990227937698364
29255,0.9668782353401184,0.967431366443634,0.7810032963752747,0.7770248055458069
29256,0.956298828125,0.9597365856170654,1.0,0.8639258742332458
29257,0.956298828125,0.9596120715141296,1.0,0.8438569903373718
29258,0.946533203125,0.9519481062889099,0.8026000261306763,0.6287820935249329
29259,0.947998046875,0.9512274861335754,0.9146330952644348,0.8385123610496521
29260,0.946533203125,0.9519480466842651,0.8026000261306763,0.6287820935249329
29261,0.9668782353401184,0.96748948097229,0.7810032963752747,0.7516361474990845
29262,0.947998046875,0.9532316327095032,0.8348100185394287,0.8685919642448425
29263,0.0625,0.0625,1.0,1.0
29265,0.03125,0.03125,0.6309297680854797,0.6309297680854797
29266,0.304931640625,0.38822048902511597,0.6151177287101746,0.82674241065979
29267,0.110107421875,0.1588565558195114,0.5158474445343018,0.6943559050559998
29268,0.946533203125,0.9522530436515808,0.8793432712554932,0.9488418102264404
29269,0.304931640625,0.35580283403396606,1.0,0.8484495282173157
29270,0.146728515625,0.20514792203903198,0.48975956439971924,0.5013766288757324
29271,0.0,0.008928571827709675,0.0,0.15642625093460083
29272,0.23828125,0.2441755086183548,0.7039180994033813,0.40892672538757324
29273,0.05078125,0.07669904828071594,0.5307212471961975,0.6003311276435852
29274,0.946533203125,0.9536864161491394,0.8026000261306763,0.9098193645477295
29275,0.946533203125,0.9526606798171997,0.6577322483062744,0.7514792680740356
29276,0.02083333395421505,0.0346970334649086,0.23463936150074005,0.5267176032066345
29277,0.166259765625,0.21624541282653809,0.5307213068008423,0.5771013498306274
29278,0.556884765625,0.6041142344474792,0.8308104276657104,0.7924190759658813
29279,0.518798828125,0.572086751461029,0.8046129941940308,0.9345254898071289
29280,0.946533203125,0.952206552028656,0.8026000261306763,0.8123659491539001
29281,0.940673828125,0.9433270692825317,1.0,0.9664357900619507
29282,0.2774251401424408,0.35622286796569824,0.8435737490653992,0.8743705153465271
29283,0.304931640625,0.3742474317550659,0.6151177287101746,0.7617496252059937
29284,0.03125,0.0537458136677742,0.29608193039894104,0.3070147633552551
29285,0.0625,0.08870887756347656,0.23463936150074005,0.3167676329612732
29286,0.946533203125,0.9522913694381714,0.8026000261306763,0.7210046052932739
29287,0.278564453125,0.34530574083328247,0.25817668437957764,0.5032009482383728
29288,0.968017578125,0.9680662155151367,1.0,0.9161728024482727
29289,0.0,0.0078125,0.0,0.07414861768484116
29290,0.08203125,0.0985107421875,0.3631143569946289,0.5189387798309326
29291,0.9673665165901184,0.9679031372070312,0.8748590350151062,0.814749538898468
29292,0.431884765625,0.47343793511390686,0.7318407297134399,0.7318363189697266
29293,0.431884765625,0.47830259799957275,0.7318407297134399,0.8641570210456848
29294,0.499755859375,0.5342952013015747,0.9037794470787048,0.9207499027252197
29295,0.0,0.0,0.0,0.0
29296,0.197998046875,0.2336355447769165,0.6871474981307983,0.8349086046218872
29297,0.9507649540901184,0.9545137286186218,0.974961519241333,0.9600141048431396
29298,0.939453125,0.9420921802520752,0.8498401045799255,0.8347652554512024
29299,0.197998046875,0.26787248253822327,0.6871474981307983,0.7060531377792358
29300,0.9375,0.938281238079071,0.8155369758605957,0.7863865494728088
29301,0.146728515625,0.2770872116088867,0.24239754676818848,0.6413747072219849
29302,0.556884765625,0.5889085531234741,0.9594535827636719,0.9110643863677979
29303,0.304931640625,0.3807782530784607,0.6151177287101746,0.805105984210968
29304,0.0,0.04648437350988388,0.0,0.18890926241874695
29305,0.0,0.0,0.0,0.0
29306,0.05078125,0.14685972034931183,0.10881868004798889,0.3661794662475586
29307,0.560546875,0.56549072265625,0.9580413699150085,0.9595049619674683
29308,0.228759765625,0.32552045583724976,0.3974803686141968,0.6678693890571594
29309,0.110107421875,0.1588565558195114,0.3333333134651184,0.5159958004951477
29310,0.03125,0.12636598944664001,0.060708411037921906,0.38166603446006775
29311,0.940673828125,0.9468830227851868,0.5768473744392395,0.6433230042457581
29312,0.228759765625,0.2623178958892822,0.7660098671913147,0.7556656002998352
29313,0.431884765625,0.47326260805130005,0.7318407297134399,0.7751840353012085
29314,0.9444172978401184,0.9558423161506653,0.6698823571205139,0.8418793082237244
29315,0.946533203125,0.9516962170600891,0.8793432712554932,0.8661482930183411
29316,0.967041015625,0.9675751328468323,0.8122885227203369,0.8019126653671265
29317,0.304931640625,0.36178526282310486,1.0,0.9871983528137207
29318,0.606689453125,0.6421343088150024,1.0,0.9217230081558228
29319,0.110107421875,0.1588565558195114,1.0,1.0
29320,0.197998046875,0.2571592330932617,0.6871474981307983,0.611373782157898
29321,0.946533203125,0.9526606798171997,0.8793432712554932,0.9395849704742432
29322,0.2774251401424408,0.3385222852230072,0.8435737490653992,0.742631733417511
29323,0.110107421875,0.21619783341884613,0.20503923296928406,0.5253722667694092
29324,0.2774251401424408,0.3239493668079376,0.8435737490653992,0.8155182003974915
29325,0.110107421875,0.1483735889196396,0.3333333134651184,0.42546597123146057
29326,0.1106770858168602,0.17036406695842743,0.37429505586624146,0.534374475479126
29327,0.703369140625,0.7064592242240906,0.8588406443595886,0.82261723279953
29328,0.9444172978401184,0.9500781893730164,0.9456308484077454,0.8878014087677002
29329,0.304931640625,0.3691786527633667,1.0,0.8645073771476746
29330,0.2044270783662796,0.24675655364990234,0.5474918484687805,0.4696674644947052
29331,0.959228515625,0.9599950909614563,0.7631344795227051,0.8619728088378906
29332,0.567138671875,0.6389930844306946,0.5199966430664062,0.7568967342376709
29333,0.499755859375,0.5230717658996582,1.0,0.9745006561279297
29334,0.304931640625,0.37422847747802734,1.0,0.933745801448822
29335,0.166259765625,0.20518100261688232,0.5307213068008423,0.4922531843185425
29336,0.966796875,0.9668375849723816,0.9422276020050049,0.8932455778121948
29337,0.2774251401424408,0.3378485441207886,0.5188971757888794,0.5314563512802124
29338,0.580322265625,0.6124919652938843,1.0,0.9382370710372925
29339,0.228759765625,0.2743788957595825,0.6461858153343201,0.5690351724624634
29340,0.263671875,0.32409119606018066,0.4707868993282318,0.589867889881134
29341,0.02083333395421505,0.0817505270242691,0.09271639585494995,0.4132545292377472
29342,0.323974609375,0.3494337499141693,0.6861420273780823,0.6627258062362671
29343,0.95703125,0.9576488137245178,0.8046074509620667,0.8887405395507812
29344,0.0,0.0,0.0,0.0
29345,0.110107421875,0.17595428228378296,0.5158474445343018,0.777779757976532
29346,0.260498046875,0.32901784777641296,0.49370092153549194,0.6148827075958252
29347,0.567138671875,0.6011170744895935,0.9225797057151794,0.8407028317451477
29348,0.212890625,0.25606638193130493,0.5679726600646973,0.4877162575721741
29349,0.706298828125,0.7085952758789062,0.871160089969635,0.8484798669815063
29350,0.374755859375,0.41760408878326416,0.6128985285758972,0.759752631187439
29351,0.0625,0.09644094854593277,0.1854327917098999,0.3324741721153259
29352,0.968017578125,0.9680504202842712,1.0,0.9431344866752625
29353,0.08203125,0.12057650834321976,0.7039180994033813,0.909946620464325
29354,0.580322265625,0.6259629130363464,0.86592036485672,0.8539829254150391
29355,0.9668782353401184,0.9673436880111694,0.9614850282669067,0.9687711596488953
29356,0.03125,0.06714407354593277,0.11699506640434265,0.2891165316104889
29357,0.1106770858168602,0.1225789412856102,0.5792374610900879,0.5007921457290649
29358,0.940673828125,0.9426788091659546,1.0,0.9331899881362915
29359,0.466064453125,0.4995096027851105,0.7823625802993774,0.6308145523071289
29360,0.228759765625,0.2915745973587036,0.6461858153343201,0.6644030213356018
29361,0.110107421875,0.16758579015731812,0.3951442539691925,0.6329588294029236
29362,0.304931640625,0.40700578689575195,0.4285714626312256,0.7121046781539917
29363,0.166259765625,0.25139421224594116,0.5307213068008423,0.6789766550064087
29364,0.304931640625,0.3813754916191101,0.4285714626312256,0.6674492955207825
29365,0.9444172978401184,0.9489017724990845,0.9456308484077454,0.8702864050865173
29366,0.943115234375,0.9523285627365112,0.6597968339920044,0.8536684513092041
29367,0.05078125,0.11112334579229355,0.2737712264060974,0.633542001247406
29368,0.393798828125,0.4697421193122864,0.38908666372299194,0.7367332577705383
29369,0.946533203125,0.9504114985466003,0.8793432712554932,0.7919793725013733
29370,0.02083333395421505,0.02083333395421505,0.5,0.5
29371,0.518798828125,0.5825942754745483,0.6967307925224304,0.8733456134796143
29372,0.9444172978401184,0.9481394290924072,0.8315341472625732,0.7386033535003662
29373,0.0,0.0328369140625,0.0,0.3348580598831177
29374,0.08984375,0.17421364784240723,0.3333333134651184,0.5021969676017761
29375,0.9668782353401184,0.9671509265899658,0.9614850282669067,0.9359367489814758
29376,0.951904296875,0.9562942385673523,0.8690900206565857,0.7510772347450256
29377,0.278564453125,0.34846001863479614,0.39664164185523987,0.7139856815338135
29378,0.263671875,0.3199160695075989,0.7653606534004211,0.7302258014678955
29379,0.16796875,0.21041719615459442,0.3974803686141968,0.5197923183441162
29380,0.110107421875,0.15885654091835022,1.0,1.0
29381,0.9444172978401184,0.9459592700004578,0.9456308484077454,0.7848756909370422
29382,0.08203125,0.10042864829301834,0.7039180994033813,0.5333765745162964
29383,0.05078125,0.08771297335624695,0.17690707743167877,0.31014740467071533
29384,0.03125,0.03857421875,0.09869397431612015,0.1197989284992218
29385,0.110107421875,0.25325673818588257,0.16497723758220673,0.498441606760025
29386,0.166259765625,0.2542169690132141,0.2626707851886749,0.4634290933609009
29387,0.374755859375,0.4092510938644409,0.7617307901382446,0.643690288066864
29388,0.228759765625,0.298641562461853,0.6461858153343201,0.6218959093093872
29389,0.02083333395421505,0.06488913297653198,0.23463936150074005,0.6232429146766663
29390,0.2774251401424408,0.30616727471351624,0.8435737490653992,0.6239439845085144
29391,0.091796875,0.12953388690948486,0.7653606534004211,0.6867152452468872
29392,0.959228515625,0.9596798419952393,0.8722942471504211,0.875938355922699
29393,0.9444172978401184,0.9476858377456665,0.9456308484077454,0.8814224600791931
29394,0.968017578125,0.968048095703125,1.0,0.9682464599609375
29395,0.9375,0.9375,0.6008664965629578,0.6008664965629578
29396,0.2774251401424408,0.33612263202667236,0.8435737490653992,0.7750856280326843
29397,0.393798828125,0.44766712188720703,0.5977610945701599,0.5630663633346558
29398,0.9673665165901184,0.9678986072540283,0.8748590350151062,0.9215293526649475
29399,0.518798828125,0.5749970078468323,0.8046129941940308,0.9454764127731323
29400,0.946533203125,0.9526153206825256,0.8793432712554932,0.9577193856239319
29401,0.946533203125,0.950580358505249,1.0,0.9115907549858093
29402,0.946533203125,0.9554944634437561,0.6577322483062744,0.8173975348472595
29403,0.212890625,0.22528839111328125,0.67329341173172,0.5689197182655334
29404,0.606689453125,0.6364777088165283,1.0,0.8641979694366455
29405,0.304931640625,0.37107568979263306,1.0,0.9216016530990601
29406,0.0625,0.0625,1.0,1.0
29407,0.943115234375,0.9493582844734192,0.6126077175140381,0.7117690443992615
29408,0.304931640625,0.3753248453140259,1.0,0.9558305144309998
29409,0.304931640625,0.37532487511634827,1.0,0.9558305144309998
29410,0.05078125,0.08762036263942719,0.5307212471961975,0.6637257933616638
29411,0.580322265625,0.5994624495506287,0.86592036485672,0.726980984210968
29412,0.0,0.0,0.0,0.0
29413,0.2774251401424408,0.3503403067588806,0.8435737490653992,0.7877872586250305
29414,0.219970703125,0.26901841163635254,0.397238165140152,0.47558364272117615
29415,0.0625,0.08288682997226715,0.24207624793052673,0.3653129041194916
29416,0.580322265625,0.6121833324432373,1.0,0.9616110324859619
29417,0.953369140625,0.9553302526473999,0.7479812502861023,0.6798281073570251
29419,0.951904296875,0.9579172134399414,0.8690900206565857,0.9174084663391113
29420,0.304931640625,0.35918834805488586,1.0,0.8133018016815186
29421,0.2044270783662796,0.23703405261039734,0.8472668528556824,0.7935197949409485
29422,0.2774251401424408,0.3235032260417938,0.8435737490653992,0.6525800824165344
29423,0.304931640625,0.3726933002471924,1.0,0.9112986922264099
29424,0.0,0.012500000186264515,0.0,0.38685280084609985
29425,0.580322265625,0.6241828203201294,0.86592036485672,0.987483561038971
29426,0.946533203125,0.9555171132087708,0.6577322483062744,0.8508565425872803
29427,0.606689453125,0.6390275359153748,1.0,0.8255478739738464
29428,0.110107421875,0.14698871970176697,1.0,0.8482378125190735
29429,0.567138671875,0.6159394979476929,0.7988805174827576,0.8430085182189941
29430,0.951904296875,0.9572172164916992,0.8690900206565857,0.9130926728248596
29431,0.166259765625,0.21942681074142456,0.5307213068008423,0.6242850422859192
29432,0.956298828125,0.9598796963691711,0.8195018768310547,0.8765975832939148
29434,0.518798828125,0.5841966271400452,0.6967307925224304,0.8526878356933594
29435,0.02083333395421505,0.0431874617934227,0.23463936150074005,0.37250927090644836
29436,0.0625,0.0868072509765625,0.4692787230014801,0.4409203827381134
29437,0.712158203125,0.7124989628791809,0.8569586873054504,0.8373251557350159
29438,0.488037109375,0.4947319030761719,0.9721211791038513,0.8099336624145508
29439,0.946533203125,0.9502490758895874,1.0,0.8656147122383118
29440,0.146728515625,0.18897777795791626,0.48975956439971924,0.6295621991157532
29441,0.304931640625,0.35031357407569885,1.0,0.7764170169830322
29442,0.14453125,0.22981968522071838,0.5307213068008423,0.7136540412902832
29443,0.304931640625,0.36645182967185974,1.0,0.890972375869751
29444,0.0,0.0069444444961845875,0.0,0.3010300099849701
29445,0.1458333432674408,0.1516927182674408,0.37262624502182007,0.3925505578517914
29446,0.110107421875,0.11654472351074219,1.0,0.9550236463546753
29447,0.228759765625,0.27100902795791626,0.7660098671913147,0.838335394859314
29448,0.228759765625,0.32850971817970276,0.276936799287796,0.5131315588951111
29450,0.967041015625,0.9673389792442322,1.0,0.9292969107627869
29451,0.304931640625,0.37751758098602295,1.0,1.0
29452,0.967041015625,0.9674193859100342,1.0,0.9585635662078857
29453,0.2044270783662796,0.2591460943222046,0.5474918484687805,0.680609405040741
29454,0.110107421875,0.16678979992866516,0.3333333134651184,0.32604214549064636
29455,0.3599446713924408,0.4299056828022003,0.5626510977745056,0.6607335805892944
29456,0.9444172978401184,0.945602297782898,1.0,0.990134596824646
29457,0.228759765625,0.27624669671058655,0.6461858153343201,0.6175469160079956
29458,0.946533203125,0.9481264352798462,1.0,0.8908764123916626
29459,0.943115234375,0.9475902318954468,0.819014847278595,0.7471600770950317
29460,0.0,0.0,0.0,0.0
29461,0.23828125,0.2864565849304199,0.7039180994033813,0.7347138524055481
29462,0.3599446713924408,0.41677895188331604,0.5626510977745056,0.71701979637146
29463,0.212890625,0.25972580909729004,0.67329341173172,0.7774203419685364
29464,0.953369140625,0.9574946165084839,0.912726640701294,0.9200845956802368
29465,0.304931640625,0.34075313806533813,1.0,0.8296332359313965
29466,0.956298828125,0.9609910845756531,0.8195018768310547,0.9513958096504211
29467,0.110107421875,0.14621666073799133,0.3951442539691925,0.5076468586921692
29468,0.956298828125,0.9588791728019714,1.0,0.9790766835212708
29469,0.466064453125,0.5337649583816528,0.5450960993766785,0.578063428401947
29470,0.110107421875,0.14882834255695343,0.5158474445343018,0.595744252204895
29471,0.967041015625,0.9673190712928772,0.9284793138504028,0.8593956232070923
29472,0.940673828125,0.9463717937469482,0.7038999795913696,0.6865503191947937
29473,0.946533203125,0.9514752626419067,0.8793432712554932,0.844763994216919
29474,0.9375,0.9455746412277222,0.8155369758605957,0.8725714683532715
29475,0.2774251401424408,0.35155630111694336,0.8435737490653992,0.791143536567688
29476,0.953369140625,0.9556962847709656,0.912726640701294,0.6930695176124573
29478,0.08203125,0.16254645586013794,0.23463936150074005,0.6131167411804199
29479,0.14453125,0.18243759870529175,0.5307213068008423,0.51548832654953
29480,0.95703125,0.9572269916534424,0.8665862679481506,0.8726184368133545
29481,0.953369140625,0.9603215456008911,0.6543781161308289,0.8178470134735107
29482,0.2774251401424408,0.3128432035446167,0.8435737490653992,0.8031764030456543
29483,0.946533203125,0.9514846205711365,0.8793432712554932,0.8507859706878662
29484,0.956298828125,0.9598146080970764,1.0,0.8095647692680359
29485,0.953369140625,0.956337571144104,0.912726640701294,0.7091143727302551
29486,0.304931640625,0.35472625494003296,1.0,0.7533618211746216
29487,0.490234375,0.5166239738464355,0.8556691408157349,0.824751615524292
29488,0.606689453125,0.6255544424057007,1.0,0.8817136883735657
29489,0.946533203125,0.9530839323997498,0.6577322483062744,0.7702867984771729
29490,0.9668782353401184,0.967686116695404,0.7810032963752747,0.8649736046791077
29491,0.580322265625,0.6169610619544983,0.86592036485672,0.6953210830688477
29492,0.956298828125,0.9599387645721436,1.0,0.8757910132408142
29493,0.304931640625,0.36840879917144775,1.0,0.896950364112854
29494,0.23828125,0.3104054033756256,0.7039180994033813,0.7079404592514038
29495,0.956298828125,0.9610539078712463,0.8195018768310547,0.8378310203552246
29496,0.393798828125,0.46342039108276367,0.5977610945701599,0.7685575485229492
29497,0.304931640625,0.37751761078834534,0.6151177287101746,0.7731227278709412
29498,0.304931640625,0.3897385001182556,0.6151177287101746,0.860890805721283
29499,0.08984375,0.11982503533363342,0.20503923296928406,0.24604374170303345
29500,0.9668782353401184,0.9671880602836609,0.9614850282669067,0.9951140284538269
29501,0.304931640625,0.37558865547180176,1.0,0.9575862288475037
29502,0.304931640625,0.36178529262542725,1.0,0.8077453374862671
29503,0.110107421875,0.19025060534477234,0.3333333134651184,0.47962239384651184
29504,0.580322265625,0.6209362149238586,0.86592036485672,0.8784604668617249
29505,0.466064453125,0.5199152231216431,0.7823625802993774,0.8847126364707947
29506,0.166259765625,0.166259765625,0.5307213068008423,0.28704872727394104
29507,0.947998046875,0.9510191679000854,0.8348100185394287,0.9252722859382629
29508,0.212890625,0.2694443166255951,0.5679726600646973,0.47805657982826233
29509,0.946533203125,0.9527652263641357,0.575423002243042,0.5110962986946106
29510,0.9444172978401184,0.9482601284980774,0.9456308484077454,0.8786606788635254
29511,0.556884765625,0.6059943437576294,0.8308104276657104,0.8206158876419067
29512,0.197998046875,0.2679131031036377,0.6871474981307983,0.7459104061126709
29513,0.518798828125,0.537247896194458,1.0,0.843542218208313
29514,0.518798828125,0.5775113105773926,0.6967307925224304,0.6513292789459229
29515,0.9507649540901184,0.9535408616065979,0.8898733854293823,0.8751781582832336
29516,0.166259765625,0.2397715449333191,0.2626707851886749,0.43980368971824646
29518,0.23046875,0.33096379041671753,0.214540034532547,0.4457082748413086
29519,0.304931640625,0.34175705909729004,0.6151177287101746,0.533585786819458
29520,0.2774251401424408,0.3574388325214386,0.8435737490653992,0.8777267932891846
29521,0.219970703125,0.272701233625412,0.34397661685943604,0.4600238800048828
29522,0.9507649540901184,0.9557608962059021,0.7292529344558716,0.8073914051055908
29523,0.1106770858168602,0.17044952511787415,0.37429505586624146,0.578725278377533
29524,0.228759765625,0.32539787888526917,0.6461858153343201,0.8340610861778259
29525,0.110107421875,0.15885654091835022,1.0,1.0
29526,0.261474609375,0.2908913791179657,0.6151177287101746,0.7346482872962952
29527,0.9444172978401184,0.9517766237258911,0.6219719052314758,0.6590436100959778
29528,0.943115234375,0.9503545761108398,0.7475366592407227,0.8739446401596069
29529,0.304931640625,0.3296191096305847,1.0,0.7284653782844543
29530,0.2774251401424408,0.3327181935310364,0.8435737490653992,0.6783075332641602
29531,0.110107421875,0.1461876481771469,1.0,0.8454256653785706
29532,0.0625,0.0777369886636734,0.1854327917098999,0.21123763918876648
29533,0.0625,0.150390625,0.06199270486831665,0.3221892714500427
29534,0.580322265625,0.6081125736236572,0.5636333227157593,0.5907480120658875
29535,0.03125,0.05078125,0.17376534640789032,0.4224867522716522
29536,0.946533203125,0.9513899087905884,1.0,0.9359790682792664
29537,0.0,0.0078125,0.0,0.19342641532421112
29538,0.606689453125,0.6343253254890442,1.0,0.7897642850875854
29539,0.0,0.02226562425494194,0.0,0.17465293407440186
29540,0.05078125,0.15710856020450592,0.17690707743167877,0.6783753037452698
29541,0.304931640625,0.35681915283203125,1.0,0.7751947045326233
29542,0.110107421875,0.13910400867462158,1.0,0.7222955822944641
29543,0.940673828125,0.9460602402687073,0.8770246505737305,0.9179748892784119
29544,0.9507649540901184,0.953535258769989,0.974961519241333,0.8749397993087769
29545,0.212890625,0.25754135847091675,0.5679726600646973,0.5971792340278625
29546,0.2774251401424408,0.3377543091773987,0.8435737490653992,0.7245950102806091
29547,0.08203125,0.0985434353351593,0.7039180994033813,0.7426049709320068
29548,0.606689453125,0.6223706603050232,1.0,0.7842784523963928
29549,0.228759765625,0.281363844871521,0.6461858153343201,0.7951694130897522
29550,0.344482421875,0.3767746090888977,0.5977610945701599,0.6708540320396423
29551,0.2774251401424408,0.35895246267318726,0.8435737490653992,0.8842222690582275
29552,0.580322265625,0.6118409633636475,0.86592036485672,0.7890371680259705
29553,0.571533203125,0.575446367263794,0.7592076063156128,0.7466091513633728
29554,0.146728515625,0.21673819422721863,0.48975956439971924,0.6630850434303284
29555,0.02083333395421505,0.0384463369846344,0.12103812396526337,0.24038603901863098
29556,0.0,0.046875,0.0,0.23958468437194824
29557,0.0625,0.0771484375,0.6131471991539001,0.8772153258323669
29558,0.304931640625,0.35385042428970337,1.0,0.7723407745361328
29559,0.968017578125,0.9680272340774536,1.0,0.9478318095207214
29560,0.146728515625,0.22242121398448944,0.48975956439971924,0.5684424638748169
29562,0.344482421875,0.37939122319221497,0.5977610945701599,0.6902938485145569
29563,0.560546875,0.5963118076324463,0.7653606534004211,0.7751274108886719
29564,0.146728515625,0.18897777795791626,0.7579237222671509,0.8471779823303223
29565,0.580322265625,0.6063500046730042,1.0,0.866569459438324
29566,0.946533203125,0.9514754414558411,0.8793432712554932,0.862346351146698
29567,0.956298828125,0.9610270261764526,0.8195018768310547,0.8992790579795837
29568,0.946533203125,0.9514520764350891,1.0,0.9463235139846802
29569,0.518798828125,0.5652661919593811,1.0,0.9293960928916931
29570,0.959228515625,0.9596409201622009,0.8722942471504211,0.8331446647644043
29571,0.953369140625,0.9574567675590515,0.912726640701294,0.9377836585044861
29572,0.946533203125,0.9522913694381714,0.8026000261306763,0.7210046052932739
29573,0.9668782353401184,0.967597484588623,0.7810032963752747,0.7240316271781921
29574,0.946533203125,0.9516962170600891,0.8793432712554932,0.8661482930183411
29575,0.946533203125,0.9526606798171997,0.6577322483062744,0.7514792680740356
29576,0.959228515625,0.9599950909614563,0.7631344795227051,0.8619728088378906
29577,0.9444172978401184,0.9483119249343872,0.8315341472625732,0.7492955327033997
29578,0.962158203125,0.9622881412506104,0.9625431895256042,0.8898231983184814
29579,0.946533203125,0.9514520764350891,1.0,0.9463235139846802
29580,0.951904296875,0.9573221802711487,0.8690900206565857,0.7939330339431763
29581,0.9444172978401184,0.9525128602981567,0.7589633464813232,0.8528479337692261
29582,0.9668782353401184,0.9675974249839783,0.7810032963752747,0.7240316271781921
29583,0.946533203125,0.9526606798171997,0.6577322483062744,0.7514792680740356
29584,0.959228515625,0.9599950909614563,0.7631344795227051,0.8619728088378906
29585,0.9444172978401184,0.9483119249343872,0.8315341472625732,0.7492955327033997
29586,0.957763671875,0.9581364393234253,0.8271697163581848,0.812242329120636
29587,0.9507649540901184,0.9556383490562439,0.8898733854293823,0.9734362363815308
29588,0.946533203125,0.9526606798171997,0.6577322483062744,0.7514792680740356
29589,0.968017578125,0.9680466651916504,1.0,0.9649056792259216
29590,0.967041015625,0.9675385355949402,0.9284793138504028,0.9494202733039856
29591,0.968017578125,0.9680483341217041,1.0,0.8522289395332336
29592,0.953369140625,0.9574567079544067,0.912726640701294,0.9377836585044861
29593,0.9444172978401184,0.9483119249343872,0.8315341472625732,0.7492955327033997
29594,0.968017578125,0.9680483341217041,1.0,0.8522289395332336
29595,0.9668782353401184,0.967597484588623,0.7810032963752747,0.7240316271781921
29596,0.962158203125,0.9624348878860474,0.9625431895256042,0.8230868577957153
29597,0.940673828125,0.9446765184402466,0.8770246505737305,0.8199378252029419
29598,0.9444172978401184,0.9492316842079163,0.9456308484077454,0.9218561053276062
29599,0.9444172978401184,0.9475241899490356,0.9456308484077454,0.938393235206604
29600,0.166259765625,0.2521275281906128,0.5307213068008423,0.6613885164260864
29601,0.260498046875,0.33929577469825745,0.8026120662689209,0.8551595211029053
29602,0.0625,0.0625,1.0,1.0
29603,0.0,0.0294887013733387,0.0,0.4110993444919586
29604,0.9388020634651184,0.9413178563117981,0.9608869552612305,0.9161778688430786
29605,0.0625,0.0625,1.0,1.0
29606,0.0,0.0308034997433424,0.0,0.1039373055100441
29607,0.9444172978401184,0.9531896710395813,0.6219719052314758,0.8315466046333313
29608,0.0625,0.072265625,0.4692787230014801,0.3727892339229584
29609,0.9507649540901184,0.9575921893119812,0.7292529344558716,0.7723713517189026
29610,0.166259765625,0.24283185601234436,0.5307213068008423,0.6433520913124084
29611,0.091796875,0.097900390625,0.7653606534004211,0.5846157073974609
29612,0.02083333395421505,0.02083333395421505,0.23463936150074005,0.13743816316127777
29613,0.488037109375,0.5091264247894287,0.8785831332206726,0.8542500138282776
29615,0.940673828125,0.9451356530189514,0.8770246505737305,0.8569623827934265
29616,0.05078125,0.0779060423374176,0.5307212471961975,0.749681293964386
29617,0.110107421875,0.15885654091835022,1.0,1.0
29618,0.9507649540901184,0.954170286655426,0.8898733854293823,0.8706827163696289
29619,0.091796875,0.12003076076507568,0.7653606534004211,0.6473363041877747
29620,0.110107421875,0.2176210582256317,0.16497723758220673,0.4335474669933319
29621,0.166259765625,0.25078463554382324,0.22745199501514435,0.38997337222099304
29622,0.110107421875,0.1588565558195114,1.0,1.0
29623,0.2774251401424408,0.35873401165008545,0.36153164505958557,0.6229591369628906
29624,0.9668782353401184,0.9672065377235413,0.9614850282669067,0.9513285160064697
29627,0.260498046875,0.32749101519584656,0.49370092153549194,0.5814733505249023
29628,0.9507649540901184,0.9553309679031372,0.8898733854293823,0.9286057949066162
29629,0.956298828125,0.9592767953872681,1.0,0.9592037796974182
29630,0.110107421875,0.15094850957393646,1.0,0.9148569107055664
29632,0.260498046875,0.3171941637992859,0.8026120662689209,0.7252469658851624
29634,0.260498046875,0.33463242650032043,0.8026120662689209,0.8082491159439087
29635,0.304931640625,0.3624783754348755,1.0,0.8248974084854126
29636,0.304931640625,0.35843291878700256,1.0,0.801315188407898
29637,0.08203125,0.11690809577703476,0.7039180994033813,0.6929852962493896
29638,0.197998046875,0.2703729271888733,0.6871474981307983,0.7123053073883057
29639,0.05078125,0.09606168419122696,0.5307212471961975,0.7015100121498108
29640,0.263671875,0.3207341432571411,0.7653606534004211,0.6714468002319336
29641,0.197998046875,0.26171231269836426,0.6871474981307983,0.7613685727119446
29642,0.110107421875,0.1588565558195114,0.3333333134651184,0.4700182378292084
29643,0.197998046875,0.2606523036956787,0.6871474981307983,0.6181743741035461
29644,0.228759765625,0.30231547355651855,0.6461858153343201,0.7383638620376587
29645,0.393798828125,0.4449504017829895,0.5977610945701599,0.6214656233787537
29646,0.260498046875,0.33672764897346497,0.8026120662689209,0.8127456903457642
29647,0.567138671875,0.5818414688110352,1.0,0.9730024337768555
29648,0.304931640625,0.37751761078834534,1.0,1.0
29649,0.110107421875,0.17296884953975677,0.10187789052724838,0.20101025700569153
29650,0.518798828125,0.550524115562439,1.0,0.8622539639472961
29651,0.23828125,0.2782432436943054,0.7039180994033813,0.691164493560791
29652,0.0,0.0265066958963871,0.0,0.2631809115409851
29653,0.304931640625,0.37751758098602295,1.0,1.0
29654,0.212890625,0.2246507853269577,0.5679726600646973,0.4843941032886505
29655,0.957763671875,0.9586430191993713,0.7236568927764893,0.8157385587692261
29656,0.518798828125,0.5839163661003113,0.6967307925224304,0.8381746411323547
29657,0.08203125,0.10910463333129883,0.7039180994033813,0.8454923629760742
29658,0.9375,0.9499252438545227,0.5364049673080444,0.8056966066360474
29659,0.110107421875,0.15885654091835022,0.5158474445343018,0.6943559050559998
29660,0.304931640625,0.37532487511634827,0.49493172764778137,0.6464404463768005
29661,0.946533203125,0.9514122009277344,1.0,0.9258834719657898
29662,0.946533203125,0.9509966373443604,1.0,0.9203476905822754
29663,0.9507649540901184,0.9554387331008911,0.8898733854293823,0.8767613172531128
29664,0.091796875,0.1194772720336914,0.30242785811424255,0.3483276963233948
29665,0.110107421875,0.18372246623039246,0.3333333134651184,0.6190206408500671
29667,0.466064453125,0.5120941400527954,0.7823625802993774,0.8467254042625427
29668,0.946533203125,0.9530079364776611,0.8793432712554932,0.902032196521759
29669,0.951171875,0.9566601514816284,0.694340705871582,0.7457023859024048
29670,0.2774251401424408,0.30668604373931885,0.8435737490653992,0.540858805179596
29671,0.9668782353401184,0.967129647731781,0.9614850282669067,0.8576167821884155
29672,0.503173828125,0.5060038566589355,0.4784300625324249,0.4704466164112091
29673,0.0625,0.0625,0.6131471991539001,0.6131471991539001
29674,0.1106770858168602,0.1712200790643692,0.37429505586624146,0.6345701217651367
29675,0.580322265625,0.6196736693382263,0.86592036485672,0.9503603577613831
29676,0.110107421875,0.19153741002082825,0.3333333134651184,0.5371332764625549
29677,0.0625,0.088134765625,0.4692787230014801,0.40002328157424927
29678,0.05078125,0.07631587982177734,0.17690707743167877,0.24735918641090393
29679,0.304931640625,0.37532487511634827,0.6151177287101746,0.7389742732048035
29680,0.228759765625,0.2868645191192627,0.6461858153343201,0.7869406342506409
29681,0.146728515625,0.16818082332611084,0.7579237222671509,0.6740314960479736
29682,0.304931640625,0.37751758098602295,1.0,1.0
29684,0.580322265625,0.5987634062767029,1.0,0.9725853800773621
29685,0.304931640625,0.383965402841568,0.4285714626312256,0.5583270788192749
29686,0.2774251401424408,0.34162241220474243,0.8435737490653992,0.7310251593589783
29687,0.946533203125,0.9510462284088135,0.8793432712554932,0.8194601535797119
29688,0.951904296875,0.9546676278114319,0.9521908760070801,0.8986156582832336
29689,0.946533203125,0.9504773020744324,1.0,0.8713557720184326
29690,0.967041015625,0.9674710631370544,0.9284793138504028,0.804758608341217
29691,0.968017578125,0.9680599570274353,1.0,0.953689455986023
29692,0.2774251401424408,0.3489450216293335,0.8435737490653992,0.7830474376678467
29693,0.0625,0.0771484375,0.6131471991539001,0.8772153258323669
29694,0.260498046875,0.29803359508514404,0.8026120662689209,0.5786600708961487
29695,0.0625,0.09296874701976776,0.23463936150074005,0.3007851541042328
29696,0.518798828125,0.5645366311073303,1.0,0.9268012046813965
29697,0.304931640625,0.37751758098602295,1.0,1.0
29698,0.580322265625,0.6196736693382263,0.86592036485672,0.7403865456581116
29699,0.110107421875,0.19090358912944794,0.3951442539691925,0.7545467019081116
29700,0.166259765625,0.1924276500940323,0.8213136792182922,0.7289257049560547
29701,0.0,0.02697405219078064,0.0,0.2807081341743469
29702,0.110107421875,0.19414940476417542,0.3333333134651184,0.5754088163375854
29703,0.560546875,0.6158757209777832,0.7653606534004211,0.784644603729248
29705,0.166259765625,0.23855914175510406,0.5307213068008423,0.7126569151878357
29706,0.9507649540901184,0.9538329243659973,0.8898733854293823,0.8697298765182495
29707,0.953369140625,0.9580017924308777,0.912726640701294,0.77288419008255
29708,0.110107421875,0.1855904459953308,0.3951442539691925,0.772499144077301
29709,0.488037109375,0.5252453088760376,0.7069194316864014,0.6854949593544006
29710,0.261474609375,0.31431156396865845,0.4285714626312256,0.5261130332946777
29711,0.0,0.0069444444961845875,0.0,0.3010300099849701
29712,0.951904296875,0.9555213451385498,0.7122209072113037,0.7054244875907898
29713,0.2774251401424408,0.34008458256721497,0.8435737490653992,0.6925905346870422
29714,0.08203125,0.1340303272008896,0.7039180994033813,0.8611376285552979
29715,0.9507649540901184,0.9545145034790039,0.8898733854293823,0.8940345048904419
29716,0.110107421875,0.21501563489437103,0.3333333134651184,0.6350677609443665
29717,0.260498046875,0.3493112325668335,0.49370092153549194,0.7698478102684021
29718,0.12109375,0.14222154021263123,0.605190634727478,0.6665170788764954
29719,0.304931640625,0.37422850728034973,1.0,0.933745801448822
29720,0.304931640625,0.37751758098602295,1.0,1.0
29721,0.560546875,0.5878962278366089,0.8838695287704468,0.7777951955795288
29722,0.580322265625,0.6151120066642761,1.0,1.0
29723,0.110107421875,0.1588565558195114,1.0,1.0
29724,0.939453125,0.9490882754325867,0.5589672327041626,0.6066765785217285
29725,0.02083333395421505,0.02083333395421505,0.5,0.5
29726,0.110107421875,0.15885654091835022,1.0,1.0
29727,0.946533203125,0.9512272477149963,0.8793432712554932,0.8471391201019287
29728,0.304931640625,0.3753248453140259,1.0,0.9558305144309998
29729,0.968017578125,0.9680192470550537,1.0,0.984244167804718
29730,0.94140625,0.9505423903465271,0.7200049757957458,0.7011212706565857
29731,0.260498046875,0.35724881291389465,0.49370092153549194,0.7149699926376343
29732,0.110107421875,0.1968473643064499,0.3333333134651184,0.5310623049736023
29733,0.304931640625,0.34688907861709595,1.0,0.9614894986152649
29734,0.0625,0.10538232326507568,0.4692787230014801,0.6032622456550598
29735,0.110107421875,0.1588565558195114,1.0,1.0
29736,0.2774251401424408,0.3083024322986603,1.0,1.0
29737,0.967041015625,0.9673942923545837,0.9284793138504028,0.8849050402641296
29738,0.968017578125,0.9680424928665161,1.0,0.8418545126914978
29739,0.0625,0.09843698889017105,0.23463936150074005,0.31451311707496643
29741,0.946533203125,0.9534951448440552,0.8026000261306763,0.8141976594924927
29742,0.278564453125,0.32129785418510437,0.5692896842956543,0.6715546250343323
29743,0.953369140625,0.9580769538879395,0.7479812502861023,0.7500098347663879
29744,0.23828125,0.314691424369812,0.7039180994033813,0.6849750876426697
29745,0.304931640625,0.40353143215179443,0.4285714626312256,0.7725391387939453
29746,0.508056640625,0.5148888230323792,0.5334192514419556,0.7034645676612854
29747,0.228759765625,0.27100902795791626,1.0,1.0
29748,0.953369140625,0.9577714204788208,0.912726640701294,0.8212037682533264
29749,0.110107421875,0.15885654091835022,0.3333333134651184,0.4351869225502014
29750,0.228759765625,0.2891795039176941,0.6461858153343201,0.5432534217834473
29751,0.08203125,0.08203125,0.9197208285331726,0.9197208285331726
29752,0.304931640625,0.36244580149650574,1.0,0.8634438514709473
29753,0.304931640625,0.3706929087638855,1.0,0.9035650491714478
29754,0.2774251401424408,0.35895246267318726,0.8435737490653992,0.8842222690582275
29755,0.260498046875,0.3240088224411011,0.34397661685943604,0.4250416159629822
29756,0.0,0.0,0.0,0.0
29757,0.957763671875,0.958214521408081,0.8271697163581848,0.9047214984893799
29758,0.12109375,0.24889522790908813,0.16759954392910004,0.4901300370693207
29759,0.03125,0.07013675570487976,0.15273310244083405,0.36815157532691956
29760,0.166259765625,0.23700210452079773,0.3612121045589447,0.6542951464653015
29761,0.518798828125,0.5821530222892761,0.6967307925224304,0.7208141088485718
29762,0.110107421875,0.16584935784339905,0.3333333134651184,0.4333231747150421
29763,0.967041015625,0.9678071141242981,0.8122885227203369,0.9165949821472168
29764,0.260498046875,0.3331066966056824,0.8026120662689209,0.7646299004554749
29765,0.946533203125,0.9518941640853882,1.0,0.9661657810211182
29767,0.3599446713924408,0.4212404787540436,0.6497723460197449,0.8256744146347046
29768,0.166259765625,0.23609520494937897,0.32645606994628906,0.47673746943473816
29769,0.957763671875,0.9582371115684509,0.7236568927764893,0.7576724886894226
29770,0.219970703125,0.2395889163017273,0.49370092153549194,0.41211843490600586
29771,0.968017578125,0.9680620431900024,1.0,0.9446237683296204
29772,0.9444172978401184,0.9513211250305176,0.8315341472625732,0.9196622371673584
29774,0.946533203125,0.9521710872650146,0.7083972692489624,0.8054008483886719
29775,0.556884765625,0.6005687713623047,0.8308104276657104,0.7722257971763611
29776,0.2774251401424408,0.32931414246559143,0.8435737490653992,0.876278281211853
29777,0.150390625,0.21231165528297424,0.4525081515312195,0.5252423286437988
29778,0.260498046875,0.3218480348587036,0.8026120662689209,0.6865523457527161
29779,0.260498046875,0.3133735656738281,0.8026120662689209,0.8000292181968689
29781,0.956298828125,0.9594599604606628,1.0,0.957592248916626
29782,0.146728515625,0.15230751037597656,0.7579237222671509,0.5510269403457642
29783,0.166259765625,0.2266794890165329,0.5307213068008423,0.5354626774787903
29784,0.12109375,0.2108355164527893,0.3910655975341797,0.5755609273910522
29785,0.518798828125,0.5627445578575134,1.0,0.9203299880027771
29786,0.2122395932674408,0.28651416301727295,0.36153164505958557,0.5790660977363586
29787,0.228759765625,0.30105912685394287,0.6461858153343201,0.8460547924041748
29788,0.228759765625,0.298641562461853,0.3198178708553314,0.40275707840919495
29789,0.9673665165901184,0.9678391218185425,0.8748590350151062,0.8447659015655518
29790,0.19921875,0.205810546875,0.5534422397613525,0.6010201573371887
29791,0.08203125,0.1845841407775879,0.11613046377897263,0.5091884136199951
29792,0.580322265625,0.6127121448516846,0.86592036485672,0.9017069339752197
29794,0.946533203125,0.9540140628814697,0.575423002243042,0.7014874219894409
29795,0.05078125,0.08443194627761841,0.17690707743167877,0.3130658268928528
29796,0.531982421875,0.5614110231399536,0.7462155222892761,0.6129950881004333
29797,0.110107421875,0.16584935784339905,0.3951442539691925,0.6561709046363831
29798,0.9668782353401184,0.9673891663551331,0.892719030380249,0.7872279286384583
29799,0.02083333395421505,0.0360921248793602,0.23463936150074005,0.3884306848049164
29800,0.956298828125,0.9598696231842041,1.0,0.8597415089607239
29801,0.110107421875,0.155360147356987,1.0,1.0
29802,0.02083333395421505,0.0386556014418602,0.23463936150074005,0.30046629905700684
29803,0.1875,0.1875,0.6131471991539001,0.6131471991539001
29804,0.263671875,0.3228535056114197,0.4707868993282318,0.48096662759780884
29805,0.260498046875,0.3237602710723877,0.8026120662689209,0.7038586735725403
29806,0.9507649540901184,0.9556383490562439,0.8898733854293823,0.8781992793083191
29807,0.21875,0.29988667368888855,0.29608193039894104,0.3579236567020416
29808,0.967041015625,0.9674025177955627,0.9284793138504028,0.8860851526260376
29809,0.1875,0.23803755640983582,0.4692787230014801,0.6195587515830994
29810,0.518798828125,0.5407684445381165,1.0,1.0
29811,0.488037109375,0.5057663321495056,0.6121358871459961,0.5226423740386963
29812,0.323974609375,0.35396599769592285,0.6861420273780823,0.7045812010765076
29813,0.02083333395421505,0.10015358775854111,0.12103812396526337,0.5767476558685303
29814,0.606689453125,0.6302241683006287,1.0,0.8864260315895081
29815,0.466064453125,0.5303008556365967,0.5450960993766785,0.6545708775520325
29816,0.110107421875,0.1588565558195114,1.0,1.0
29817,0.110107421875,0.14946399629116058,0.5158474445343018,0.5974112749099731
29818,0.263671875,0.30937036871910095,0.7653606534004211,0.6656311750411987
29819,0.2774251401424408,0.3421243131160736,0.8435737490653992,0.8831475377082825
29820,0.091796875,0.10552978515625,0.7653606534004211,0.8048099875450134
29821,0.2774251401424408,0.3140411376953125,1.0,1.0
29822,0.166259765625,0.2095145881175995,0.5307213068008423,0.44218936562538147
29823,0.03125,0.060664720833301544,0.15273310244083405,0.29601094126701355
29824,0.110107421875,0.13772621750831604,1.0,0.7624165415763855
29825,0.518798828125,0.5650554299354553,0.8046129941940308,0.811830461025238
29826,0.946533203125,0.9510929584503174,0.8793432712554932,0.8367920517921448
29827,0.703369140625,0.707775354385376,0.7838867902755737,0.8526766896247864
29828,0.091796875,0.18901166319847107,0.255120187997818,0.5212048292160034
29829,0.304931640625,0.35458141565322876,1.0,0.7913443446159363
29830,0.0,0.0,0.0,0.0
29832,0.2774251401424408,0.3192935287952423,0.8435737490653992,0.8029851913452148
29833,0.606689453125,0.6307746171951294,1.0,0.6965714693069458
29834,0.947998046875,0.9490132927894592,0.9146330952644348,0.7954709529876709
29835,0.08203125,0.10631418228149414,0.7039180994033813,0.8549453616142273
29836,0.951171875,0.9514857530593872,0.9282863140106201,0.8164299130439758
29837,0.943115234375,0.9489104747772217,0.9313938021659851,0.898356020450592
29838,0.2044270783662796,0.2396933138370514,0.6490147709846497,0.6997208595275879
29839,0.304931640625,0.36509969830513,1.0,0.8519148230552673
29840,0.0,0.0162527896463871,0.0,0.25327786803245544
29841,0.488037109375,0.5133866667747498,0.6121358871459961,0.5085959434509277
29842,0.466064453125,0.49950963258743286,0.8656565546989441,0.9420833587646484
29843,0.556884765625,0.5906235575675964,0.9594535827636719,0.9441422820091248
29844,0.304931640625,0.36178529262542725,1.0,0.8077453374862671
29845,0.166259765625,0.22613167762756348,0.5307213068008423,0.8118594884872437
29846,0.110107421875,0.16524408757686615,0.5158474445343018,0.7467783093452454
29847,0.05078125,0.09749683737754822,0.10881868004798889,0.2657834589481354
29848,0.197998046875,0.26436054706573486,0.6871474981307983,0.7167159914970398
29849,0.197998046875,0.27384695410728455,0.6871474981307983,0.7233971357345581
29850,0.2774251401424408,0.35738304257392883,0.8435737490653992,0.8603819012641907
29851,0.505615234375,0.5091012120246887,0.5719858407974243,0.5396639108657837
29852,0.5757650136947632,0.5788114070892334,0.763222336769104,0.7476291656494141
29853,0.228759765625,0.27983593940734863,0.6461858153343201,0.6283954977989197
29854,0.0,0.0,0.0,0.0
29855,0.9444172978401184,0.9491221308708191,0.6698823571205139,0.6508838534355164
29856,0.567138671875,0.5778777599334717,0.7988805174827576,0.6641804575920105
29857,0.943115234375,0.9516390562057495,0.7475366592407227,0.8437339067459106
29858,0.2774251401424408,0.3556117117404938,0.8435737490653992,0.8379347920417786
29859,0.304931640625,0.37751761078834534,1.0,1.0
29860,0.091796875,0.1418052464723587,0.255120187997818,0.3562180995941162
29861,0.197998046875,0.27952536940574646,0.6871474981307983,0.8108583688735962
29862,0.02083333395421505,0.02083333395421505,0.23463936150074005,0.23463936150074005
29863,0.580322265625,0.6303403973579407,0.86592036485672,0.8455218076705933
29864,0.304931640625,0.39333653450012207,0.4285714626312256,0.6466180086135864
29865,0.23828125,0.3003898859024048,0.7039180994033813,0.6879509091377258
29866,0.606689453125,0.6404831409454346,1.0,0.8738122582435608
29867,0.228759765625,0.3054389953613281,0.6461858153343201,0.7055139541625977
29868,0.488037109375,0.5581150054931641,0.6121358871459961,0.7055599689483643
29869,0.518798828125,0.5740724802017212,0.8046129941940308,0.9167913794517517
29870,0.304931640625,0.37751758098602295,1.0,1.0
29871,0.44140625,0.4477890431880951,0.40440693497657776,0.5425518751144409
29872,0.940673828125,0.9429616928100586,0.6212818622589111,0.6017434000968933
29873,0.518798828125,0.5577849745750427,1.0,0.8497260808944702
29874,0.374755859375,0.38983410596847534,0.6128985285758972,0.591512143611908
29875,0.0,0.015625,0.0,0.09478837251663208
29876,0.110107421875,0.17661219835281372,0.3333333134651184,0.4987102150917053
29878,0.956298828125,0.9588710069656372,1.0,0.9149957895278931
29879,0.951904296875,0.9542719721794128,0.8690900206565857,0.7626020312309265
29880,0.0,0.0950910896062851,0.0,0.3916027545928955
29881,0.959228515625,0.9599165320396423,0.7631344795227051,0.8793160915374756
29882,0.304931640625,0.37751761078834534,1.0,1.0
29883,0.110107421875,0.15363550186157227,1.0,0.9266361594200134
29884,0.606689453125,0.6414196491241455,1.0,0.885769784450531
29885,0.03125,0.0694405734539032,0.15273310244083405,0.49906593561172485
29886,0.344482421875,0.39656782150268555,0.5977610945701599,0.748622477054596
29887,0.518798828125,0.5384434461593628,1.0,0.7065946459770203
29888,0.110107421875,0.18755888938903809,0.3333333134651184,0.624390721321106
29889,0.166259765625,0.2726212441921234,0.2626707851886749,0.6580470204353333
29891,0.2774251401424408,0.3498130440711975,0.8435737490653992,0.8209646940231323
29892,0.9673665165901184,0.9678977131843567,0.8748590350151062,0.9666069149971008
29893,0.1875,0.24088189005851746,0.4692787230014801,0.4188287854194641
29894,0.2122395932674408,0.26877182722091675,0.36153164505958557,0.44575411081314087
29895,0.556884765625,0.595791220664978,0.8308104276657104,0.8818283677101135
29896,0.466064453125,0.5837846398353577,0.3887326717376709,0.6464602947235107
29897,0.703369140625,0.7065322399139404,0.7838867902755737,0.7058395147323608
29898,0.947998046875,0.9532216191291809,0.8348100185394287,0.783823549747467
29899,0.951171875,0.9545313119888306,0.8472716808319092,0.75636887550354
29900,0.431884765625,0.46725475788116455,0.7318407297134399,0.7333076000213623
29901,0.9444172978401184,0.9502779841423035,0.8315341472625732,0.9107895493507385
29902,0.518798828125,0.5804449319839478,0.6967307925224304,0.7726126313209534
29903,0.943115234375,0.9464476108551025,0.9313938021659851,0.7871228456497192
29904,0.9673665165901184,0.9678438901901245,0.8748590350151062,0.9169762134552002
29905,0.967041015625,0.9674357175827026,0.9284793138504028,0.8152526021003723
29906,0.9668782353401184,0.9675961136817932,0.7810032963752747,0.7584843635559082
29907,0.951904296875,0.9555013179779053,0.8690900206565857,0.8159997463226318
29908,0.9668782353401184,0.9675961136817932,0.7810032963752747,0.7584843635559082
29909,0.304931640625,0.3712784945964813,1.0,0.9048032164573669
29910,0.940673828125,0.9461236000061035,0.5768473744392395,0.584773600101471
29911,0.9668782353401184,0.9673999547958374,0.892719030380249,0.9556110501289368
29912,0.304931640625,0.3712784945964813,1.0,0.9048032164573669
29913,0.951904296875,0.95562744140625,0.8690900206565857,0.8193367719650269
29914,0.9668782353401184,0.9672896265983582,0.7810032963752747,0.7226192355155945
29915,0.959228515625,0.9599926471710205,0.7631344795227051,0.8622227311134338
29916,0.968017578125,0.968043863773346,1.0,0.9333687424659729
29917,0.9668782353401184,0.9676225185394287,0.7810032963752747,0.8229483962059021
29918,0.9668782353401184,0.9673998951911926,0.892719030380249,0.9556110501289368
29919,0.956298828125,0.9577711224555969,1.0,0.9187910556793213
29920,0.968017578125,0.968043863773346,1.0,0.9333687424659729
29921,0.951904296875,0.95562744140625,0.8690900206565857,0.8193367719650269
