qid,err@3,err@10,ndcg@3,ndcg@10
22939,0.110107421875,0.13772621750831604,1.0,0.8142176270484924
22941,0.304931640625,0.3543400466442108,1.0,0.7720121741294861
22942,0.531982421875,0.5587431192398071,0.8617600202560425,0.8748866319656372
22943,0.05078125,0.09905082732439041,0.5307212471961975,0.7649544477462769
22944,0.44921875,0.4547119140625,0.9224036931991577,0.9662126302719116
22945,0.304931640625,0.359155535697937,1.0,0.8164141774177551
22946,0.05078125,0.0672934353351593,0.5307212471961975,0.7106752395629883
22947,0.580322265625,0.6223037242889404,0.86592036485672,0.9206246733665466
22948,0.703369140625,0.7086409330368042,0.7838867902755737,0.8837904334068298
22949,0.3599446713924408,0.41824477910995483,0.5626510977745056,0.8241987824440002
22950,0.228759765625,0.2830401062965393,0.6461858153343201,0.6925332546234131
22951,0.304931640625,0.35615676641464233,1.0,0.9658821225166321
22952,0.968017578125,0.9680359363555908,1.0,0.8807602524757385
22953,0.606689453125,0.637054443359375,1.0,1.0
22954,0.110107421875,0.20758292078971863,0.3333333134651184,0.6139543056488037
22955,0.374755859375,0.41878628730773926,0.7617307901382446,0.8696802258491516
22956,0.490234375,0.5683193206787109,0.5961710214614868,0.7720204591751099
22957,0.25390625,0.30991774797439575,0.5692896842956543,0.7633172273635864
22958,0.228759765625,0.2674481272697449,0.7660098671913147,0.8641611933708191
22959,0.0625,0.088134765625,0.4692787230014801,0.8529279232025146
22960,0.466064453125,0.5374852418899536,0.5450960993766785,0.7145980000495911
22961,0.953369140625,0.9575250744819641,0.912726640701294,0.9137613773345947
22962,0.432373046875,0.4396378695964813,0.4040961265563965,0.6997561454772949
22963,0.946533203125,0.948039174079895,1.0,0.8833082914352417
22964,0.940673828125,0.9485346674919128,0.7038999795913696,0.8321449756622314
22965,0.110107421875,0.20659640431404114,0.3333333134651184,0.6916285753250122
22966,0.1106770858168602,0.15574294328689575,0.37429505586624146,0.46026813983917236
22967,0.263671875,0.263671875,1.0,1.0
22968,0.2774251401424408,0.3417421281337738,0.8435737490653992,0.7793514132499695
22969,0.260498046875,0.3442510664463043,0.8026120662689209,0.9476170539855957
22970,0.146728515625,0.20793741941452026,0.48975956439971924,0.5833884477615356
22971,0.219970703125,0.24892669916152954,0.5462626218795776,0.6701615452766418
22972,0.146728515625,0.21577276289463043,0.48975956439971924,0.7007012963294983
22973,0.967041015625,0.9675247669219971,0.9284793138504028,0.9866970777511597
22974,0.304931640625,0.35791003704071045,1.0,0.815110981464386
22975,0.967041015625,0.9675201773643494,0.9284793138504028,0.9782005548477173
22976,0.508056640625,0.5117900967597961,0.6509066820144653,0.700079619884491
22977,0.1875,0.2317139208316803,0.7262287139892578,0.9066335558891296
22978,0.166259765625,0.2608874440193176,0.32645606994628906,0.6955276131629944
22979,0.1875,0.21257537603378296,0.7262287139892578,0.8243928551673889
22980,0.606689453125,0.6272567510604858,1.0,0.9360833764076233
22981,0.110107421875,0.13263797760009766,1.0,1.0
22982,0.1875,0.1875,1.0,1.0
22983,0.260498046875,0.31322455406188965,0.8026120662689209,0.8193253874778748
22984,0.304931640625,0.3488110899925232,1.0,0.9052326679229736
22985,0.150390625,0.20056796073913574,0.5364180207252502,0.7491638660430908
22986,0.9388020634651184,0.9424278140068054,0.8911738991737366,0.916790783405304
22987,0.263671875,0.3218468725681305,0.7653606534004211,0.7378273010253906
22988,0.110107421875,0.13668644428253174,1.0,0.817834198474884
22989,0.08984375,0.19235572218894958,0.20503923296928406,0.5260910987854004
22990,0.0625,0.113525390625,0.1854327917098999,0.5681008696556091
22991,0.304931640625,0.39663058519363403,0.49493172764778137,0.8081607222557068
22992,0.956298828125,0.9583158493041992,1.0,0.9861138463020325
22993,0.166259765625,0.24071505665779114,0.5307213068008423,0.7595992088317871
22994,0.14453125,0.2169092297554016,0.5307213068008423,0.576043426990509
22995,0.365234375,0.41626250743865967,0.5741883516311646,0.6638467311859131
22996,0.703369140625,0.7090404033660889,0.6423966884613037,0.8058899641036987
22997,0.962158203125,0.9624038934707642,0.9625431895256042,0.9469595551490784
22998,0.946533203125,0.9513012170791626,1.0,0.9938667416572571
22999,0.940673828125,0.9456976652145386,0.8770246505737305,0.8380435705184937
23000,0.9444172978401184,0.9527400135993958,0.7589633464813232,0.9382323622703552
23001,0.962158203125,0.9626917839050293,0.8420895934104919,0.9150761961936951
23002,0.02083333395421505,0.11857976764440536,0.07821311801671982,0.5771253705024719
23003,0.560546875,0.5739493370056152,0.8838695287704468,0.8880943059921265
23004,0.943115234375,0.9494237899780273,0.819014847278595,0.9052501916885376
23005,0.967041015625,0.9672437310218811,1.0,0.9803420305252075
23006,0.567138671875,0.6058853268623352,0.7988805174827576,0.8917543888092041
23007,0.606689453125,0.6497610807418823,0.6509066820144653,0.8459497094154358
23008,0.304931640625,0.37532487511634827,1.0,0.9558305144309998
23009,0.518798828125,0.5625090003013611,1.0,0.937676727771759
23010,0.091796875,0.10552978515625,0.7653606534004211,0.9674680233001709
23011,0.606689453125,0.6272896528244019,1.0,0.9417844414710999
23012,0.304931640625,0.3255845606327057,1.0,0.9656913876533508
23013,0.488037109375,0.5552716255187988,0.7069194316864014,0.8362893462181091
23014,0.212890625,0.3331529200077057,0.3493700623512268,0.6486160755157471
23015,0.05078125,0.0892668142914772,0.5307212471961975,0.6678212285041809
23016,0.110107421875,0.13399794697761536,1.0,0.746704638004303
23017,0.606689453125,0.6438831090927124,0.6509066820144653,0.8368037939071655
23018,0.02083333395421505,0.05297263711690903,0.07821311801671982,0.19112789630889893
23019,0.9673665165901184,0.9677697420120239,1.0,0.982671320438385
23020,0.946533203125,0.951350212097168,0.8793432712554932,0.9263880848884583
23021,0.166259765625,0.24590420722961426,0.32645606994628906,0.6695284247398376
23022,0.08203125,0.11855942010879517,0.3631143569946289,0.5680214166641235
23023,0.02083333395421505,0.02083333395421505,0.3065735995769501,0.3065735995769501
23024,0.956298828125,0.9594351053237915,1.0,0.919908881187439
23025,0.23046875,0.234588623046875,0.5234342813491821,0.512420117855072
23026,0.05078125,0.05078125,0.6934263706207275,0.6934263706207275
23027,0.304931640625,0.36982083320617676,1.0,1.0
23028,0.300537109375,0.3506428003311157,0.5354781746864319,0.6069604754447937
23029,0.2774251401424408,0.3467634916305542,0.8435737490653992,0.7620837688446045
23030,0.9507649540901184,0.9533918499946594,0.974961519241333,0.8988179564476013
23031,0.304931640625,0.341217577457428,1.0,0.898766279220581
23032,0.304931640625,0.35188642144203186,1.0,0.8621063232421875
23033,0.9444172978401184,0.9484452605247498,0.8315341472625732,0.804887056350708
23034,0.9444172978401184,0.947043776512146,0.9456308484077454,0.9641798734664917
23035,0.9444172978401184,0.9516481161117554,0.8315341472625732,0.905453622341156
23036,0.531982421875,0.5346308946609497,0.9340764880180359,0.9284921288490295
23037,0.146728515625,0.18149425089359283,0.7579237222671509,0.7529640793800354
23038,0.0,0.0597686767578125,0.0,0.2802131474018097
23039,0.110107421875,0.13296198844909668,0.5158474445343018,0.4839232861995697
23041,0.228759765625,0.3004578649997711,0.6461858153343201,0.8184767961502075
23042,0.466064453125,0.504737138748169,0.7823625802993774,0.8616920709609985
23043,0.9668782353401184,0.9672516584396362,0.9614850282669067,0.8879848718643188
23044,0.2774251401424408,0.35365474224090576,0.8435737490653992,0.8319567441940308
23045,0.431884765625,0.47162488102912903,0.7318407297134399,0.8514553308486938
23046,0.260498046875,0.3689522445201874,0.34397661685943604,0.6390143632888794
23047,0.967041015625,0.9673619866371155,1.0,0.9917612671852112
23048,0.956298828125,0.9596447944641113,1.0,0.9910880327224731
23049,0.304931640625,0.35285231471061707,1.0,0.9186667799949646
23050,0.304931640625,0.37751758098602295,1.0,1.0
23051,0.499755859375,0.5450260043144226,0.9037794470787048,0.9369838237762451
23052,0.567138671875,0.6020474433898926,0.9225797057151794,0.9344499111175537
23053,0.0625,0.09862000495195389,0.23463936150074005,0.39163637161254883
23054,0.4375,0.46464475989341736,0.6735438704490662,0.7022066116333008
23055,0.953369140625,0.9573192000389099,0.912726640701294,0.9832909107208252
23056,0.701904296875,0.7068043947219849,0.7402501106262207,0.7446532249450684
23057,0.228759765625,0.28471627831459045,0.6461858153343201,0.8309956192970276
23058,0.580322265625,0.5991531610488892,1.0,0.9435107111930847
23059,0.943115234375,0.9478330016136169,0.9313938021659851,0.9051639437675476
23060,0.304931640625,0.3679234981536865,0.30563369393348694,0.4708848297595978
23061,0.455078125,0.5341771245002747,0.5115761756896973,0.7802937030792236
23062,0.12109375,0.207075297832489,0.16759954392910004,0.31180620193481445
23063,0.466064453125,0.5153466463088989,0.7823625802993774,0.8393079042434692
23064,0.304931640625,0.3377501666545868,1.0,0.9830001592636108
23065,0.943115234375,0.9481926560401917,0.9313938021659851,0.9595359563827515
23066,0.9444172978401184,0.9481413960456848,0.9456308484077454,0.9375206232070923
23067,0.110107421875,0.15378910303115845,0.3951442539691925,0.6762216091156006
23068,0.09375,0.10866699367761612,0.35098522901535034,0.3722839653491974
23069,0.606689453125,0.6415198445320129,1.0,1.0
23070,0.953369140625,0.9572346210479736,1.0,1.0
23071,0.606689453125,0.6348555088043213,0.6509066820144653,0.7304584383964539
23072,0.488037109375,0.5041464567184448,0.8785831332206726,0.9373507499694824
23073,0.393798828125,0.44099172949790955,0.8579513430595398,0.9102591872215271
23074,0.110107421875,0.16778317093849182,0.3951442539691925,0.6629354357719421
23075,0.967041015625,0.967337965965271,0.9284793138504028,0.9332003593444824
23076,0.953369140625,0.9575780034065247,0.912726640701294,0.9237443208694458
23077,0.946533203125,0.9546637535095215,0.6577322483062744,0.8675428628921509
23078,0.946533203125,0.9534927606582642,0.8026000261306763,0.7767385840415955
23079,0.518798828125,0.562499463558197,1.0,0.9833911061286926
23080,0.263671875,0.30899548530578613,0.7653606534004211,0.9285052418708801
23081,0.110107421875,0.16778317093849182,0.5158474445343018,0.7907759547233582
23082,0.967041015625,0.9675349593162537,0.9284793138504028,0.9707198143005371
23083,0.08203125,0.11595448851585388,0.3631143569946289,0.4648855924606323
23084,0.091796875,0.12902593612670898,0.3948093354701996,0.6662813425064087
23085,0.939453125,0.9448153972625732,0.7473011612892151,0.7582476735115051
23086,0.488037109375,0.548495888710022,0.7069194316864014,0.8391463160514832
23087,0.940673828125,0.9453223347663879,0.7038999795913696,0.7520323991775513
23088,0.556884765625,0.6004766821861267,0.8308104276657104,0.9135947823524475
23089,0.263671875,0.2893916070461273,0.90728360414505,0.961548924446106
23090,0.956298828125,0.9597505927085876,1.0,0.9326745271682739
23091,0.323974609375,0.37040916085243225,0.6861420273780823,0.6908455491065979
23092,0.304931640625,0.37491902709007263,1.0,0.9959547519683838
23093,0.2774251401424408,0.34245041012763977,0.5188971757888794,0.7567816972732544
23094,0.953369140625,0.9572346210479736,0.912726640701294,0.933674693107605
23095,0.9668782353401184,0.9675964713096619,0.7810032963752747,0.9017890095710754
23096,0.2774251401424408,0.3165511190891266,0.8435737490653992,0.893490195274353
23097,0.9444172978401184,0.9491001963615417,0.9456308484077454,0.9097205400466919
23098,0.943115234375,0.9459318518638611,0.9313938021659851,0.9393495321273804
23099,0.1875,0.2202962189912796,0.4692787230014801,0.4443361461162567
23100,0.946533203125,0.9528168439865112,0.6577322483062744,0.7925586700439453
23101,0.943115234375,0.9470031261444092,0.9313938021659851,0.9646232724189758
23102,0.146728515625,0.2185959666967392,0.48975956439971924,0.7656619548797607
23103,0.0625,0.0625,1.0,1.0
23104,0.091796875,0.1009521484375,0.7653606534004211,0.6739577054977417
23105,0.9388020634651184,0.9444642663002014,0.7410414814949036,0.8887553215026855
23106,0.2774251401424408,0.3662383258342743,0.5188971757888794,0.784700334072113
23107,0.02083333395421505,0.04847899079322815,0.23463936150074005,0.42690345644950867
23108,0.606689453125,0.6349506378173828,1.0,0.9204402565956116
23109,0.2774251401424408,0.3839831054210663,0.4175114035606384,0.7556489706039429
23110,0.431884765625,0.4753968417644501,0.7318407297134399,0.7563506960868835
23111,0.1875,0.2332068383693695,0.4692787230014801,0.7706524133682251
23112,0.166259765625,0.18120765686035156,0.5307213068008423,0.4901774525642395
23113,0.531982421875,0.5857439041137695,0.7462155222892761,0.7555228471755981
23114,0.518798828125,0.5907422304153442,0.6967307925224304,0.9190647602081299
23115,0.228759765625,0.31389421224594116,0.6461858153343201,0.7331295609474182
23116,0.02083333395421505,0.1290404051542282,0.07821311801671982,0.44626519083976746
23117,0.0625,0.128610298037529,0.23463936150074005,0.5147784352302551
23118,0.580322265625,0.6013375520706177,0.86592036485672,0.7506352066993713
23119,0.263671875,0.263671875,0.90728360414505,0.90728360414505
23120,0.261474609375,0.30817756056785583,0.49493172764778137,0.5589082837104797
23121,0.260498046875,0.3185063600540161,0.8026120662689209,0.9209858775138855
23122,0.9375,0.9400882124900818,0.8624263405799866,0.8416670560836792
23123,0.956298828125,0.9581891894340515,1.0,0.9269332885742188
23124,0.5694173574447632,0.5785807371139526,0.4635950028896332,0.6667768359184265
23125,0.703369140625,0.7085354328155518,0.7838867902755737,0.8739156126976013
23126,0.951904296875,0.9572675228118896,0.8690900206565857,0.9319833517074585
23127,0.05078125,0.09123407304286957,0.2737712264060974,0.4808353781700134
23128,0.0625,0.0625,1.0,1.0
23129,0.531982421875,0.5845926403999329,0.48571667075157166,0.7191689014434814
23130,0.619873046875,0.6219491958618164,0.6602633595466614,0.6358265280723572
23132,0.490234375,0.5584414005279541,0.5961710214614868,0.7176035642623901
23133,0.166259765625,0.21942681074142456,0.6291344165802002,0.8350395560264587
23134,0.3599446713924408,0.448605477809906,0.36623337864875793,0.6516888737678528
23135,0.05078125,0.0757150650024414,0.5307212471961975,0.5978614091873169
23136,0.197998046875,0.27118366956710815,0.6871474981307983,0.713905930519104
23137,0.19921875,0.2793492078781128,0.3483913838863373,0.6409059166908264
23138,0.08984375,0.20976075530052185,0.20503923296928406,0.6333669424057007
23139,0.947998046875,0.951383650302887,0.9146330952644348,0.8776398301124573
23140,0.02083333395421505,0.0512346550822258,0.12103812396526337,0.43598657846450806
23141,0.166259765625,0.25077077746391296,0.5307213068008423,0.67685866355896
23142,0.304931640625,0.3709383010864258,1.0,0.887470006942749
23143,0.344482421875,0.3828379809856415,0.5977610945701599,0.7537709474563599
23144,0.2774251401424408,0.34674322605133057,0.5188971757888794,0.7521243691444397
23145,0.2774251401424408,0.35120832920074463,0.8435737490653992,0.8622769713401794
23146,0.2774251401424408,0.33504748344421387,0.8435737490653992,0.802820086479187
23148,0.0,0.008928571827709675,0.0,0.3333333432674408
23149,0.953369140625,0.9571447372436523,0.912726640701294,0.9465758800506592
23150,0.518798828125,0.5623615384101868,0.8046129941940308,0.9131858944892883
23151,0.953369140625,0.9584351181983948,0.912726640701294,0.9681446552276611
23152,0.0,0.0279947929084301,0.0,0.3369389474391937
23153,0.02083333395421505,0.0550992451608181,0.23463936150074005,0.5200270414352417
23154,0.304931640625,0.36840879917144775,0.6151177287101746,0.6934527158737183
23155,0.304931640625,0.371407151222229,1.0,0.943237841129303
23156,0.946533203125,0.9540727138519287,0.7083972692489624,0.8651622533798218
23157,0.967041015625,0.9673750996589661,1.0,0.9358446002006531
23158,0.951904296875,0.9545899629592896,0.9521908760070801,0.9254457354545593
23159,0.9507649540901184,0.9530687928199768,0.974961519241333,0.9669532179832458
23160,0.110107421875,0.17456188797950745,0.3951442539691925,0.7400690913200378
23161,0.4375,0.5409417152404785,0.4692787528038025,0.7707898616790771
23162,0.953369140625,0.9580021500587463,0.912726640701294,0.7900619506835938
23163,0.260498046875,0.31796881556510925,0.8026120662689209,0.716675877571106
23164,0.1875,0.1875,0.8262346386909485,0.8262346386909485
23165,0.304931640625,0.37751761078834534,1.0,1.0
23167,0.3599446713924408,0.4159373342990875,0.6497723460197449,0.8360688090324402
23168,0.956298828125,0.9592477679252625,1.0,0.9861197471618652
23169,0.946533203125,0.9565149545669556,0.6577322483062744,0.9107666611671448
23170,0.488037109375,0.5239602327346802,0.7069194316864014,0.7290369272232056
23171,0.0,0.015625,0.0,0.43067657947540283
23172,0.946533203125,0.9515429735183716,1.0,0.9506852626800537
23173,0.260498046875,0.303818941116333,0.8026120662689209,0.7829612493515015
23174,0.967041015625,0.9678232073783875,0.8122885227203369,0.965981662273407
23175,0.03125,0.09813295304775238,0.15273310244083405,0.6061185598373413
23176,0.260498046875,0.32956627011299133,0.8026120662689209,0.758661150932312
23177,0.556884765625,0.5826883912086487,0.9594535827636719,0.8620555400848389
23178,0.260498046875,0.3148046135902405,0.8026120662689209,0.9256651997566223
23179,0.9507649540901184,0.9543231725692749,0.974961519241333,0.9773021936416626
23180,0.962158203125,0.9624834060668945,0.9625431895256042,0.937990128993988
23181,0.228759765625,0.31591659784317017,0.3974803686141968,0.6929215788841248
23182,0.304931640625,0.35814931988716125,1.0,0.8596634268760681
23183,0.393798828125,0.45500218868255615,0.5977610945701599,0.8559775948524475
23184,0.091796875,0.10552978515625,0.7653606534004211,0.9674680233001709
23185,0.260498046875,0.30837100744247437,0.8026120662689209,0.8383350968360901
23186,0.02083333395421505,0.04185231775045395,0.23463936150074005,0.3975541591644287
23188,0.947998046875,0.9528481960296631,0.8348100185394287,0.9171874523162842
23189,0.166259765625,0.3368772268295288,0.1844630092382431,0.6082233190536499
23190,0.260498046875,0.3383334279060364,0.8026120662689209,0.8169680833816528
23191,0.956298828125,0.9604459404945374,0.8195018768310547,0.8903111815452576
23193,0.393798828125,0.46649348735809326,0.5977610945701599,0.8630847334861755
23194,0.499755859375,0.5254983305931091,0.7271926999092102,0.6411645412445068
23195,0.365234375,0.38568857312202454,0.7136205434799194,0.7169686555862427
23196,0.0625,0.0954916775226593,0.4692787230014801,0.8396538496017456
23197,0.03125,0.03125,0.6309297680854797,0.6309297680854797
23198,0.466064453125,0.5131640434265137,0.629499077796936,0.8198885321617126
23199,0.260498046875,0.3314828872680664,0.8026120662689209,0.8740779757499695
23200,0.953369140625,0.9573814272880554,0.912726640701294,0.9720492959022522
23201,0.560546875,0.5955928564071655,0.7653606534004211,0.7476205825805664
23202,0.466064453125,0.4845297336578369,0.8656565546989441,0.9197261333465576
23203,0.967041015625,0.9675383567810059,0.8122885227203369,0.9088367223739624
23204,0.304931640625,0.37532487511634827,1.0,0.9558305144309998
23205,0.946533203125,0.9527774453163147,0.8793432712554932,0.9609691500663757
23206,0.304931640625,0.38220009207725525,0.4285714626312256,0.6469632387161255
23207,0.2774251401424408,0.34432485699653625,0.5188971757888794,0.6247336864471436
23208,0.962158203125,0.962418258190155,0.9625431895256042,0.9303423762321472
23209,0.0625,0.0797119140625,0.24207624793052673,0.3159326910972595
23210,0.556884765625,0.6072168946266174,0.5407800078392029,0.7781493067741394
23211,0.946533203125,0.9522028565406799,0.8026000261306763,0.9005244374275208
23212,0.466064453125,0.49531394243240356,1.0,1.0
23213,0.488037109375,0.5225265026092529,0.8785831332206726,0.8381913304328918
23214,0.110107421875,0.1639411747455597,0.3333333134651184,0.578342080116272
23215,0.110107421875,0.2033536434173584,0.3333333134651184,0.5720693469047546
23216,0.228759765625,0.2981584668159485,0.3198178708553314,0.5036230087280273
23217,0.518798828125,0.5480076670646667,1.0,0.8091249465942383
23218,0.091796875,0.13544312119483948,0.3948093354701996,0.6440437436103821
23219,0.0625,0.0625,1.0,1.0
23220,0.03125,0.03125,0.6309297680854797,0.6309297680854797
23221,0.166259765625,0.2531883418560028,0.5307213068008423,0.7857598066329956
23222,0.304931640625,0.37640294432640076,0.4285714626312256,0.6099672317504883
23223,0.14453125,0.21736076474189758,0.5307213068008423,0.7438297271728516
23224,0.304931640625,0.36765652894973755,1.0,0.9906634092330933
23225,0.0625,0.0708705335855484,0.24207624793052673,0.32276833057403564
23226,0.9507649540901184,0.9520174264907837,0.8898733854293823,0.8073689341545105
23227,0.9444172978401184,0.9484452605247498,0.9456308484077454,0.9538463950157166
23228,0.197998046875,0.24850180745124817,0.6871474981307983,0.7459847331047058
23229,0.197998046875,0.284345805644989,0.42267662286758423,0.7362192273139954
23230,0.946533203125,0.9519481062889099,0.8793432712554932,0.8889772891998291
23231,0.946533203125,0.9533371925354004,0.8793432712554932,0.9296307563781738
23232,0.304931640625,0.36402982473373413,1.0,0.830696165561676
23234,0.701171875,0.7039706707000732,0.7871269583702087,0.8020195364952087
23235,0.9444172978401184,0.9558814167976379,0.544137716293335,0.7440434098243713
23236,0.300537109375,0.33813396096229553,0.6655102372169495,0.7853919863700867
23237,0.488037109375,0.549724817276001,0.7069194316864014,0.8687154054641724
23238,0.393798828125,0.4382794499397278,0.8579513430595398,0.8998250961303711
23239,0.703369140625,0.7050787210464478,0.7838867902755737,0.7357619404792786
23240,0.2774251401424408,0.35276326537132263,0.8435737490653992,0.8647608160972595
23241,0.659423828125,0.6627643704414368,0.8254533410072327,0.837177038192749
23242,0.556884765625,0.5797576308250427,0.9594535827636719,0.9318014979362488
23243,0.503173828125,0.5046219825744629,0.6796846985816956,0.6456794738769531
23244,0.946533203125,0.9518681168556213,0.8026000261306763,0.8589460849761963
23245,0.518798828125,0.5609586238861084,1.0,0.9842379093170166
23246,0.05078125,0.1396626979112625,0.17690707743167877,0.6402764320373535
23247,0.967041015625,0.9674228429794312,1.0,0.9508783221244812
23248,0.304931640625,0.34094488620758057,1.0,0.9764242768287659
23249,0.110107421875,0.1462436020374298,1.0,1.0
23250,0.228759765625,0.2749335765838623,0.6461858153343201,0.7057560682296753
23251,0.323974609375,0.36295267939567566,0.6861420273780823,0.7582027316093445
23252,0.166259765625,0.25904569029808044,0.5307213068008423,0.8467533588409424
23253,0.518798828125,0.5494052171707153,0.8046129941940308,0.8536385893821716
23254,0.304931640625,0.36982083320617676,1.0,0.8671292066574097
23255,0.228759765625,0.2548607587814331,1.0,0.9795652031898499
23256,0.166259765625,0.19958844780921936,0.5307213068008423,0.6317229866981506
23257,0.518798828125,0.566077470779419,1.0,0.9595922827720642
23258,0.1875,0.21796874701976776,0.5562983751296997,0.7715040445327759
23259,0.953369140625,0.9570469260215759,0.912726640701294,0.9483363032341003
23260,0.9466145634651184,0.9515568017959595,0.8072783350944519,0.8420100212097168
23261,0.228759765625,0.3156883418560028,0.6461858153343201,0.735508143901825
23262,0.5694173574447632,0.5731232762336731,0.7048385143280029,0.7663997411727905
23263,0.953369140625,0.9577723145484924,0.912726640701294,0.951725423336029
23264,0.304931640625,0.36982083320617676,1.0,1.0
23265,0.956298828125,0.9596447348594666,1.0,0.9910880327224731
23266,0.606689453125,0.6376268863677979,1.0,0.9920727610588074
23267,0.304931640625,0.37532487511634827,1.0,0.9558305144309998
23268,0.9673665165901184,0.9677295684814453,1.0,0.9920122027397156
23269,0.9673665165901184,0.9677314162254333,0.8748590350151062,0.787345826625824
23270,0.943115234375,0.9486786127090454,0.819014847278595,0.8412489295005798
23271,0.967041015625,0.9675247073173523,0.9284793138504028,0.9866970777511597
23272,0.956298828125,0.9588554501533508,1.0,0.9778915643692017
23273,0.967041015625,0.9675247073173523,0.9284793138504028,0.9866970777511597
23274,0.606689453125,0.6388248801231384,1.0,0.9713272452354431
23275,0.953369140625,0.9575250744819641,0.912726640701294,0.9137613773345947
23276,0.953369140625,0.9580572247505188,0.912726640701294,0.9282164573669434
23277,0.967041015625,0.9675247073173523,0.9284793138504028,0.9866970777511597
23278,0.606689453125,0.637054443359375,1.0,1.0
23279,0.947998046875,0.9510290622711182,0.9146330952644348,0.9500858187675476
23280,0.947998046875,0.9518811106681824,0.9146330952644348,0.9532493948936462
23281,0.956298828125,0.9586145877838135,1.0,0.9287703633308411
23282,0.9507649540901184,0.9539135098457336,0.974961519241333,0.9293610453605652
23283,0.943115234375,0.9483883380889893,0.9313938021659851,0.9734769463539124
23284,0.967041015625,0.9675247669219971,0.9284793138504028,0.9866970777511597
23285,0.956298828125,0.9588554501533508,1.0,0.9778915643692017
23286,0.606689453125,0.6309232115745544,1.0,0.714288055896759
23287,0.2774251401424408,0.3163479268550873,0.8435737490653992,0.6834074258804321
23288,0.110107421875,0.19850990176200867,0.20503923296928406,0.3960171937942505
23289,0.488037109375,0.5127450823783875,0.8785831332206726,0.7582377195358276
23290,0.518798828125,0.5687016844749451,0.6967307925224304,0.7326781749725342
23291,0.166259765625,0.24471910297870636,0.22745199501514435,0.37161070108413696
23292,0.606689453125,0.6355514526367188,1.0,0.7491320967674255
23293,0.0,0.025390625,0.0,0.4824755787849426
23294,0.606689453125,0.6406036019325256,1.0,0.8354294300079346
23295,0.580322265625,0.631029486656189,0.86592036485672,0.8050500154495239
23296,0.05078125,0.15953904390335083,0.07581732422113419,0.24063676595687866
23297,0.2774251401424408,0.39288681745529175,0.23532335460186005,0.39652886986732483
23298,0.261474609375,0.290526419878006,0.6151177287101746,0.6080787777900696
23299,0.150390625,0.23002037405967712,0.2783457934856415,0.48186567425727844
23300,0.1106770858168602,0.19842231273651123,0.37429505586624146,0.5444791316986084
23301,0.966796875,0.966796875,0.9799711108207703,0.9241785407066345
23302,0.9444172978401184,0.9512491226196289,0.7589633464813232,0.8567506074905396
23303,0.431884765625,0.47381195425987244,0.4763599932193756,0.5396841764450073
23304,0.1875,0.1991373747587204,0.23226092755794525,0.1794394850730896
23305,0.146728515625,0.22008298337459564,0.48975956439971924,0.5629682540893555
23306,0.706298828125,0.7097742557525635,0.871160089969635,0.8095155358314514
23307,0.091796875,0.13450990617275238,0.255120187997818,0.32754606008529663
23308,0.431884765625,0.4757453501224518,0.7318407297134399,0.6750693321228027
23309,0.091796875,0.11458492279052734,0.7653606534004211,0.5797828435897827
23310,0.2774251401424408,0.3486791253089905,0.4175114035606384,0.5238743424415588
23311,0.956298828125,0.958561897277832,1.0,0.9142359495162964
23312,0.393798828125,0.4204677939414978,0.5977610945701599,0.5684303045272827
23313,0.951904296875,0.958617627620697,0.7122209072113037,0.6801155209541321
23314,0.3599446713924408,0.41849154233932495,0.5626510977745056,0.5225235819816589
23315,0.606689453125,0.6379407048225403,1.0,0.8501870632171631
23316,0.51953125,0.5645196437835693,0.7039180994033813,0.8304305672645569
23317,0.567138671875,0.626937985420227,0.7988805174827576,0.8693202137947083
23318,0.197998046875,0.25012174248695374,0.42267662286758423,0.49451929330825806
23319,0.946533203125,0.9517602920532227,0.8026000261306763,0.7401964664459229
23320,0.14453125,0.19226807355880737,0.22745199501514435,0.2980152368545532
23321,0.488037109375,0.5521335601806641,0.6121358871459961,0.6312369704246521
23322,0.166259765625,0.18339525163173676,0.6291344165802002,0.5325530171394348
23323,0.228759765625,0.28360775113105774,0.6461858153343201,0.7759332656860352
23324,0.304931640625,0.3975948095321655,0.4285714626312256,0.6916952729225159
23325,0.0,0.0,0.0,0.0
23326,0.091796875,0.091796875,0.3948093354701996,0.24924199283123016
23327,0.44921875,0.4681161344051361,0.5027986764907837,0.37179648876190186
23328,0.556884765625,0.5880255103111267,0.8308104276657104,0.813805103302002
23329,0.580322265625,0.6274834871292114,0.86592036485672,0.7840925455093384
23330,0.951904296875,0.9571154713630676,0.8690900206565857,0.8587053418159485
23331,0.556884765625,0.6049649119377136,0.8308104276657104,0.7908808588981628
23332,0.947998046875,0.9514145851135254,0.9146330952644348,0.8601469993591309
23333,0.261474609375,0.3136317729949951,0.30563369393348694,0.4364267885684967
23334,0.0,0.0062500000931322575,0.0,0.28906482458114624
23335,0.940673828125,0.9451357126235962,0.8770246505737305,0.8569623827934265
23336,0.580322265625,0.6311219930648804,0.4040961265563965,0.5177245736122131
23337,0.388427734375,0.4001135230064392,0.3251410126686096,0.6791734099388123
23338,0.323974609375,0.40582388639450073,0.3111700117588043,0.5654770135879517
23339,0.166259765625,0.24471910297870636,0.22745199501514435,0.37161070108413696
23340,0.518798828125,0.5821530222892761,0.8046129941940308,0.9602560997009277
23341,0.05078125,0.14042603969573975,0.08755692839622498,0.3058449625968933
23342,0.304931640625,0.3875998556613922,0.4285714626312256,0.5424607396125793
23343,0.580322265625,0.6189697980880737,0.86592036485672,0.7809385061264038
23344,0.323974609375,0.3819086253643036,0.47805625200271606,0.560862123966217
23345,0.2774251401424408,0.3748992681503296,0.36153164505958557,0.47852134704589844
23346,0.499755859375,0.548944354057312,0.629690945148468,0.7170730829238892
23347,0.95703125,0.9577562808990479,0.7039180397987366,0.802531898021698
23348,0.606689453125,0.6336264610290527,1.0,0.8339341282844543
23349,0.09375,0.18431127071380615,0.29608193039894104,0.5430493354797363
23350,0.95703125,0.9575686454772949,0.8046074509620667,0.8140409588813782
23351,0.431884765625,0.47636014223098755,0.7318407297134399,0.7598857879638672
23352,0.580322265625,0.6225741505622864,0.86592036485672,0.7923763990402222
23353,0.393798828125,0.42601871490478516,0.5977610945701599,0.614561140537262
23354,0.488037109375,0.5434312224388123,0.6121358871459961,0.5332790017127991
23355,0.304931640625,0.36299219727516174,1.0,0.844684898853302
23356,0.14453125,0.2110118269920349,0.5307213068008423,0.5610809326171875
23357,0.1875,0.21937713027000427,0.5562983751296997,0.6406244039535522
23358,0.4375,0.4707793891429901,0.5419421792030334,0.5548526644706726
23359,0.956298828125,0.9602407813072205,0.8195018768310547,0.8574397563934326
23360,0.228759765625,0.26714080572128296,0.6461858153343201,0.6442785859107971
23361,0.260498046875,0.3415416479110718,0.34397661685943604,0.4694381058216095
23362,0.47265625,0.5308453440666199,0.8178747296333313,0.8522346615791321
23363,0.488037109375,0.5563580393791199,0.6121358871459961,0.6742649078369141
23364,0.556884765625,0.5947039723396301,0.8308104276657104,0.7573654651641846
23365,0.260498046875,0.35173580050468445,0.34397661685943604,0.5074769258499146
23366,0.0625,0.0625,1.0,1.0
23367,0.466064453125,0.5191500782966614,0.7823625802993774,0.7250993251800537
23368,0.488037109375,0.5534577965736389,0.6121358871459961,0.6790982484817505
23369,0.14453125,0.19489489495754242,0.5307213068008423,0.6496397256851196
23370,0.09375,0.19107511639595032,0.29608193039894104,0.570686399936676
23371,0.499755859375,0.5339660048484802,0.629690945148468,0.5565923452377319
23372,0.567138671875,0.6123949289321899,0.7988805174827576,0.6788829565048218
23373,0.518798828125,0.565500020980835,0.6967307925224304,0.6449558734893799
23374,0.212890625,0.24825647473335266,0.5679726600646973,0.41073086857795715
23375,0.968017578125,0.9680777192115784,1.0,0.9341118931770325
23376,0.571533203125,0.5773357152938843,0.6093400716781616,0.642795205116272
23377,0.110107421875,0.15857863426208496,0.3333333134651184,0.4692603349685669
23378,0.146728515625,0.23552951216697693,0.2098969668149948,0.31774866580963135
23379,0.197998046875,0.2756970226764679,0.29449179768562317,0.4362340271472931
23380,0.9444172978401184,0.9467770457267761,1.0,0.9804672598838806
23381,0.110107421875,0.16483241319656372,0.20503923296928406,0.273617684841156
23382,0.374755859375,0.4466521143913269,0.5307213068008423,0.6787045001983643
23383,0.110107421875,0.2702653408050537,0.09298666566610336,0.35239189863204956
23384,0.219970703125,0.2979256510734558,0.34397661685943604,0.42685315012931824
23385,0.300537109375,0.3536965250968933,0.4636814594268799,0.5563434958457947
23386,0.968017578125,0.9680647850036621,1.0,0.8310776352882385
23387,0.431884765625,0.4837108254432678,0.7318407297134399,0.8378785252571106
23388,0.110107421875,0.16973662376403809,0.3333333134651184,0.5370550751686096
23389,0.0625,0.091796875,0.1854327917098999,0.26502376794815063
23390,0.518798828125,0.5546312928199768,1.0,0.8694477081298828
23391,0.466064453125,0.5462700128555298,0.5450960993766785,0.5442835688591003
23392,0.956298828125,0.9602042436599731,1.0,0.9189516305923462
23393,0.304931640625,0.304931640625,1.0,1.0
23394,0.2044270783662796,0.3043937683105469,0.5474918484687805,0.7436041831970215
23395,0.967041015625,0.9673967361450195,0.9284793138504028,0.9007925987243652
23396,0.943359375,0.9484792351722717,0.7371450066566467,0.7226800322532654
23397,0.518798828125,0.5806177854537964,0.6967307925224304,0.6692436933517456
23398,0.567138671875,0.6153457164764404,0.7988805174827576,0.8105078339576721
23399,0.3599446713924408,0.4188542366027832,0.5626510977745056,0.5747230648994446
23400,0.967041015625,0.9676880240440369,0.8122885227203369,0.9130532145500183
23401,0.09375,0.15137989819049835,0.29608193039894104,0.3788045346736908
23402,0.9388020634651184,0.9488874673843384,0.6763683557510376,0.724277675151825
23403,0.580322265625,0.608441948890686,0.86592036485672,0.5532203316688538
23404,0.9673665165901184,0.9677185416221619,1.0,0.9154082536697388
23405,0.146728515625,0.23553448915481567,0.3012597858905792,0.6250309944152832
23406,0.499755859375,0.5542092323303223,0.629690945148468,0.6974005103111267
23407,0.580322265625,0.6198940277099609,0.86592036485672,0.8273566365242004
23408,0.962158203125,0.9625498056411743,0.9625431895256042,0.9085115194320679
23409,0.09375,0.09375,0.6309297680854797,0.6309297680854797
23410,0.02083333395421505,0.06725384294986725,0.09271639585494995,0.29248353838920593
23411,0.23046875,0.2446933537721634,0.47306913137435913,0.33678367733955383
23412,0.05078125,0.09241022169589996,0.10881868004798889,0.2274039089679718
23413,0.606689453125,0.6349853873252869,1.0,0.7997395396232605
23414,0.431884765625,0.49394088983535767,0.4763599932193756,0.5922808051109314
23415,0.228759765625,0.2830401062965393,0.6461858153343201,0.6925332546234131
23416,0.0,0.12392215430736542,0.0,0.31680992245674133
23417,0.344482421875,0.3858068883419037,0.5977610945701599,0.6385989785194397
23418,0.556884765625,0.5882729887962341,0.8308104276657104,0.6644003987312317
23419,0.633056640625,0.6393008828163147,0.5862115621566772,0.7092532515525818
23420,0.560546875,0.560546875,1.0,1.0
23421,0.150390625,0.19509382545948029,0.4525081515312195,0.4733401834964752
23422,0.228759765625,0.2810679078102112,0.276936799287796,0.2561971843242645
23423,0.469970703125,0.47587764263153076,0.4431702494621277,0.44726574420928955
23424,0.518798828125,0.5750250816345215,0.4535067081451416,0.44920778274536133
23425,0.431884765625,0.4757453501224518,0.7318407297134399,0.6485472917556763
23426,0.706298828125,0.7091012597084045,0.871160089969635,0.7291135191917419
23427,0.304931640625,0.3835192322731018,0.4285714626312256,0.4677576720714569
23428,0.2774251401424408,0.3625759184360504,0.5188971757888794,0.7155217528343201
23429,0.110107421875,0.16757221519947052,0.3333333134651184,0.3987234830856323
23430,0.580322265625,0.6025436520576477,0.86592036485672,0.5400421023368835
23431,0.0,0.0548095703125,0.0,0.28824540972709656
23432,0.12109375,0.17573988437652588,0.3910655975341797,0.40740856528282166
23433,0.46875,0.4696044921875,0.5145465135574341,0.43486902117729187
23434,0.966796875,0.9677273035049438,0.7653606534004211,0.8148269653320312
23435,0.2774251401424408,0.37878239154815674,0.36153164505958557,0.4836425185203552
23436,0.518798828125,0.5860955119132996,0.6967307925224304,0.7311936616897583
23437,0.05078125,0.127773255109787,0.17690707743167877,0.39758002758026123
23438,0.393798828125,0.4398203194141388,0.5977610945701599,0.5728517174720764
23439,0.0,0.0,0.0,0.0
23440,0.393798828125,0.44672149419784546,0.38908666372299194,0.49672839045524597
23441,0.166259765625,0.27618128061294556,0.22745199501514435,0.5195999145507812
23442,0.488037109375,0.5759408473968506,0.2856633961200714,0.492787629365921
23443,0.166259765625,0.2007518708705902,0.2626707851886749,0.25716572999954224
23444,0.956298828125,0.9602000117301941,1.0,0.9072045683860779
23445,0.261474609375,0.31447356939315796,0.4285714626312256,0.5165233612060547
23446,0.953369140625,0.9561709761619568,1.0,0.9195156097412109
23447,0.3599446713924408,0.44991442561149597,0.36623337864875793,0.5814264416694641
23448,0.9507649540901184,0.9555124640464783,0.7292529344558716,0.7080705165863037
23449,0.2774251401424408,0.3705361783504486,0.4175114035606384,0.5691648125648499
23450,0.05078125,0.09197998046875,0.17690707743167877,0.25064826011657715
23451,0.953369140625,0.958306074142456,0.7479812502861023,0.7493661046028137
23452,0.9507649540901184,0.9552430510520935,0.8898733854293823,0.8085575699806213
23453,0.567138671875,0.5912988185882568,0.7988805174827576,0.7339029908180237
23454,0.05078125,0.0983072817325592,0.2737712264060974,0.5279615521430969
23455,0.393798828125,0.46144768595695496,0.5977610945701599,0.6133031249046326
23456,0.567138671875,0.5801017880439758,0.9225797057151794,0.7697448134422302
23457,0.431884765625,0.4712409973144531,0.7318407297134399,0.7046579122543335
23458,0.951904296875,0.9568318128585815,0.7122209072113037,0.5893093943595886
23459,0.260498046875,0.2966175675392151,0.8026120662689209,0.5520097613334656
23460,0.706298828125,0.7096356749534607,0.871160089969635,0.7842052578926086
23461,0.606689453125,0.6264027953147888,1.0,0.772123396396637
23462,0.228759765625,0.29636555910110474,0.6461858153343201,0.5743120312690735
23463,0.110107421875,0.12577152252197266,0.5158474445343018,0.4999668002128601
23464,0.166259765625,0.2266794890165329,0.5307213068008423,0.6896585822105408
23465,0.3599446713924408,0.43419259786605835,0.36623337864875793,0.574378252029419
23466,0.956298828125,0.9603502154350281,0.8195018768310547,0.8638740181922913
23467,0.962158203125,0.9626964926719666,0.8420895934104919,0.8319992423057556
23468,0.962158203125,0.9625701308250427,0.8420895934104919,0.7908578515052795
23469,0.95703125,0.9577171206474304,0.8046074509620667,0.8426682353019714
23470,0.110107421875,0.17462125420570374,0.3333333134651184,0.42058977484703064
23471,0.05078125,0.1151605099439621,0.2097114622592926,0.5406913757324219
23472,0.12109375,0.2125481814146042,0.16759954392910004,0.3627297878265381
23473,0.968017578125,0.9680585265159607,1.0,0.8914963603019714
23474,0.091796875,0.17006638646125793,0.255120187997818,0.6741488575935364
23475,0.0,0.148623526096344,0.0,0.282833993434906
23476,0.0625,0.1038961410522461,0.14433082938194275,0.20725983381271362
23477,0.3599446713924408,0.42476069927215576,0.5626510977745056,0.6696393489837646
23478,0.365234375,0.3774762749671936,0.7136205434799194,0.4773785471916199
23479,0.0,0.08460827171802521,0.0,0.41944998502731323
23480,0.580322265625,0.6343544721603394,0.5636333227157593,0.7749894857406616
23481,0.150390625,0.21174535155296326,0.19393208622932434,0.2332959920167923
23482,0.166259765625,0.19438615441322327,0.2626707851886749,0.2495100349187851
23483,0.304931640625,0.35116156935691833,0.4285714626312256,0.4477594494819641
23484,0.606689453125,0.6424985527992249,1.0,0.9454678297042847
23485,0.197998046875,0.2392967939376831,0.6871474981307983,0.6603001952171326
23486,0.951904296875,0.9561751484870911,0.8690900206565857,0.7087198495864868
23487,0.146728515625,0.2546367943286896,0.24239754676818848,0.5015213489532471
23488,0.5757650136947632,0.577414333820343,0.763222336769104,0.7143795490264893
23489,0.110107421875,0.18146097660064697,0.1428571492433548,0.26094862818717957
23490,0.323974609375,0.37200331687927246,0.47805625200271606,0.4568954110145569
23491,0.580322265625,0.6249638199806213,0.86592036485672,0.7806601524353027
23492,0.304931640625,0.3821116089820862,0.4285714626312256,0.5422632694244385
23493,0.21875,0.24270018935203552,0.42495885491371155,0.5071645379066467
23494,0.03125,0.09717699140310287,0.09869397431612015,0.23675785958766937
23495,0.0625,0.12414312362670898,0.24207624793052673,0.6573292016983032
23496,0.304931640625,0.3752325475215912,0.4285714626312256,0.526175856590271
23497,0.953369140625,0.9554384350776672,0.912726640701294,0.7309884428977966
23498,0.25390625,0.3146427571773529,0.39664164185523987,0.5442087054252625
23499,0.150390625,0.17841577529907227,0.4525081515312195,0.3280685544013977
23500,0.488037109375,0.5387182831764221,0.6121358871459961,0.6634410619735718
23501,0.110107421875,0.1918596625328064,0.3333333134651184,0.5650107860565186
23502,0.212890625,0.2482655644416809,0.5679726600646973,0.5376078486442566
23503,0.967041015625,0.9676153659820557,0.9284793138504028,0.8259873390197754
23504,0.967041015625,0.9677391052246094,0.8122885227203369,0.8898536562919617
23505,0.466064453125,0.5562536120414734,0.5450960993766785,0.6008061170578003
23506,0.606689453125,0.6489661931991577,0.6509066820144653,0.6781571507453918
23507,0.12109375,0.16936568915843964,0.3910655975341797,0.4864996373653412
23508,0.278564453125,0.3354329466819763,0.45805788040161133,0.7197283506393433
23509,0.606689453125,0.633629322052002,1.0,0.7411347031593323
23510,0.03125,0.0979854017496109,0.09869397431612015,0.3659297525882721
23511,0.488037109375,0.5303834676742554,0.8785831332206726,0.8297234177589417
23512,0.560546875,0.6008316278457642,0.7653606534004211,0.7514304518699646
23513,0.14453125,0.24760395288467407,0.2626707851886749,0.5631064772605896
23514,0.968017578125,0.9680614471435547,1.0,0.8783228397369385
23515,0.953369140625,0.9564414024353027,0.912726640701294,0.7334006428718567
23516,0.606689453125,0.632688045501709,1.0,0.8295419216156006
23517,0.953369140625,0.9583559632301331,0.912726640701294,0.8757238984107971
23518,0.580322265625,0.6428977847099304,0.5636333227157593,0.6795633435249329
23519,0.946533203125,0.9534780979156494,0.6577322483062744,0.768680214881897
23520,0.531982421875,0.562536358833313,0.7462155222892761,0.6369046568870544
23521,0.304931640625,0.3448222577571869,1.0,0.6765113472938538
23522,0.962158203125,0.9624964594841003,0.9625431895256042,0.8576879501342773
23523,0.518798828125,0.5418134927749634,0.8046129941940308,0.6590508222579956
23524,0.393798828125,0.4750385880470276,0.38908666372299194,0.6082525253295898
23525,0.455078125,0.517430305480957,0.7342523336410522,0.7775231599807739
23526,0.659423828125,0.6642414927482605,0.6764605641365051,0.8148215413093567
23527,0.110107421875,0.1583201289176941,0.3333333134651184,0.41787004470825195
23528,0.94140625,0.9471485018730164,0.7200049757957458,0.6778592467308044
23529,0.12109375,0.1732337921857834,0.19355076551437378,0.3111652135848999
23530,0.531982421875,0.5574198961257935,0.7462155222892761,0.6012849807739258
23531,0.946533203125,0.9543657302856445,0.8026000261306763,0.8176433444023132
23532,0.1875,0.2354191392660141,0.2886616587638855,0.42116808891296387
23533,0.0,0.03664398193359375,0.0,0.30306166410446167
23534,0.9507649540901184,0.9556187391281128,0.8898733854293823,0.7955721616744995
23535,0.304931640625,0.38522443175315857,0.4285714626312256,0.6268527507781982
23536,0.0625,0.1208125501871109,0.15642623603343964,0.39242589473724365
23537,0.9507649540901184,0.9556136727333069,0.8898733854293823,0.9023794531822205
23538,0.19921875,0.23077960312366486,0.30167919397354126,0.28895679116249084
23539,0.2774251401424408,0.34495994448661804,0.5188971757888794,0.6078625917434692
23540,0.02083333395421505,0.0409749373793602,0.12103812396526337,0.18640334904193878
23541,0.304931640625,0.39809250831604004,0.4285714626312256,0.5567360520362854
23542,0.518798828125,0.5758850574493408,0.6967307925224304,0.6947827339172363
23543,0.166259765625,0.22426371276378632,0.2626707851886749,0.3524300456047058
23544,0.304931640625,0.4030323326587677,0.4285714626312256,0.6348168849945068
23545,0.12109375,0.19947920739650726,0.3910655975341797,0.5474722385406494
23546,0.0,0.15183627605438232,0.0,0.35141104459762573
23547,0.580322265625,0.6174233555793762,0.5636333227157593,0.5420277118682861
23548,0.606689453125,0.638681173324585,1.0,0.8739526867866516
23549,0.431884765625,0.4756348431110382,0.7318407297134399,0.6142730712890625
23550,0.939453125,0.9410062432289124,0.8498401045799255,0.7269700169563293
23551,0.197998046875,0.27333614230155945,0.29449179768562317,0.32345107197761536
23552,0.518798828125,0.5631109476089478,0.6967307925224304,0.7229113578796387
23553,0.947998046875,0.9560006260871887,0.5985158681869507,0.8040435314178467
23554,0.580322265625,0.6426994800567627,0.5636333227157593,0.6644402742385864
23555,0.23828125,0.2506837248802185,0.8344475626945496,0.8911429047584534
23556,0.2774251401424408,0.32511118054389954,0.4175114035606384,0.45445677638053894
23557,0.02083333395421505,0.1207011416554451,0.038710154592990875,0.29403725266456604
23558,0.323974609375,0.3591386377811432,0.47805625200271606,0.436351478099823
23559,0.146728515625,0.22279970347881317,0.2098969668149948,0.29131564497947693
23560,0.946533203125,0.9532288312911987,0.575423002243042,0.6804352402687073
23561,0.567138671875,0.6111912131309509,0.7988805174827576,0.6281156539916992
23562,0.21875,0.24301758408546448,0.42495885491371155,0.3879191279411316
23563,0.450927734375,0.4560985863208771,0.48571667075157166,0.44760921597480774
23564,0.953369140625,0.9583627581596375,0.912726640701294,0.9607093930244446
23565,0.606689453125,0.6374408602714539,1.0,0.8613612651824951
23566,0.166259765625,0.24714627861976624,0.32645606994628906,0.46223172545433044
23567,0.51953125,0.5692070722579956,0.7039180994033813,0.6403675675392151
23568,0.0,0.0386149063706398,0.0,0.15314443409442902
23569,0.531982421875,0.5711906552314758,0.7462155222892761,0.8219859600067139
23570,0.0625,0.09318651258945465,0.24207624793052673,0.4226098358631134
23571,0.956298828125,0.9602348208427429,1.0,0.9229230880737305
23572,0.08984375,0.20127537846565247,0.16497723758220673,0.44737496972084045
23573,0.0625,0.10762786865234375,0.23463936150074005,0.3030872941017151
23574,0.556884765625,0.5846495032310486,0.8308104276657104,0.759130597114563
23575,0.943115234375,0.9508355259895325,0.7475366592407227,0.8987477421760559
23576,0.968017578125,0.9680772423744202,1.0,0.9514806866645813
23577,0.2774251401424408,0.3428148925304413,0.36153164505958557,0.33116286993026733
23578,0.518798828125,0.594432532787323,0.4535067081451416,0.6155683398246765
23579,0.166259765625,0.22949425876140594,0.22745199501514435,0.331991583108902
23580,0.580322265625,0.6289716958999634,0.86592036485672,0.7489150166511536
23581,0.956298828125,0.9597712159156799,1.0,0.8547091484069824
23582,0.344482421875,0.39417824149131775,0.2789551615715027,0.4354613125324249
23583,0.943115234375,0.9547311663627625,0.6126077175140381,0.7387610077857971
23584,0.374755859375,0.43489736318588257,0.5307213068008423,0.4800572097301483
23585,0.9673665165901184,0.9677749872207642,1.0,0.8706738948822021
23586,0.1875,0.1875,1.0,1.0
23587,0.9444172978401184,0.9548075199127197,0.544137716293335,0.661266028881073
23588,0.0,0.0,0.0,0.0
23589,0.956298828125,0.9598298072814941,0.8195018768310547,0.8036879897117615
23590,0.580322265625,0.612047553062439,0.86592036485672,0.7798424363136292
23591,0.966796875,0.967343270778656,0.7653606534004211,0.5621498823165894
23592,0.518798828125,0.5770989656448364,0.6967307925224304,0.6369967460632324
23593,0.499755859375,0.5697978734970093,0.629690945148468,0.6640886068344116
23594,0.323974609375,0.40056633949279785,0.47805625200271606,0.6187586784362793
23595,0.228759765625,0.2628687918186188,1.0,0.9030553102493286
23596,0.556884765625,0.596267580986023,0.8308104276657104,0.8456275463104248
23597,0.0625,0.11162382364273071,0.14433082938194275,0.22994574904441833
23598,0.580322265625,0.6071261763572693,0.86592036485672,0.587152898311615
23599,0.490234375,0.5283498167991638,0.8556691408157349,0.783341646194458
23600,0.531982421875,0.5843536853790283,0.7462155222892761,0.7485332489013672
23601,0.953369140625,0.9564787745475769,0.912726640701294,0.8036726117134094
23602,0.518798828125,0.5737515687942505,0.6967307925224304,0.6257383823394775
23603,0.12109375,0.1666688174009323,0.16759954392910004,0.19913627207279205
23605,0.968017578125,0.9680594801902771,1.0,0.9011788964271545
23606,0.23046875,0.2606242597103119,0.32960182428359985,0.2944673001766205
23607,0.30078125,0.34462523460388184,0.5307213068008423,0.5481492280960083
23608,0.2774251401424408,0.3712082505226135,0.36153164505958557,0.5647571682929993
23609,0.23828125,0.29839080572128296,0.7039180994033813,0.7260066866874695
23610,0.260498046875,0.34633669257164,0.34397661685943604,0.47583964467048645
23611,0.962158203125,0.9625869393348694,0.8420895934104919,0.7856116890907288
23612,0.228759765625,0.3381115794181824,0.3198178708553314,0.5581510066986084
23613,0.166259765625,0.24852092564105988,0.5307213068008423,0.6178430318832397
23614,0.0625,0.1492396742105484,0.07742030918598175,0.24960961937904358
23615,0.344482421875,0.41707170009613037,0.31885725259780884,0.6612489223480225
23616,0.488037109375,0.5611380934715271,0.6121358871459961,0.7576934695243835
23617,0.304931640625,0.37903398275375366,0.4285714626312256,0.5525042414665222
23618,0.9673665165901184,0.9676463007926941,1.0,0.7639997601509094
23619,0.962158203125,0.9626937508583069,0.8420895934104919,0.870790958404541
23620,0.518798828125,0.5761722922325134,0.6967307925224304,0.6017782092094421
23621,0.9673665165901184,0.9677903652191162,0.8748590350151062,0.8606228828430176
23622,0.968017578125,0.9680764675140381,1.0,0.9368271231651306
23623,0.956298828125,0.9603390693664551,0.7169486284255981,0.6499199867248535
23624,0.606689453125,0.6340739130973816,1.0,0.8373556733131409
23625,0.968017578125,0.9680713415145874,1.0,0.8594700694084167
23627,0.968017578125,0.9680624604225159,1.0,0.8162164092063904
23628,0.706298828125,0.7111321687698364,0.7139173746109009,0.8903278112411499
23629,0.946533203125,0.9530479907989502,0.8793432712554932,0.9203894734382629
23630,0.110107421875,0.1896173357963562,0.3333333134651184,0.6768936514854431
23631,0.263671875,0.3209080398082733,0.32801172137260437,0.34975117444992065
23632,0.0625,0.1182054802775383,0.07742030918598175,0.1451987326145172
23633,0.518798828125,0.577139675617218,0.6967307925224304,0.6002740859985352
23634,0.261474609375,0.3332708775997162,0.4285714626312256,0.45393818616867065
23635,0.2122395932674408,0.2523428797721863,0.4175114035606384,0.45697492361068726
23636,0.606689453125,0.6293495893478394,1.0,0.8980143666267395
23637,0.706298828125,0.7111777663230896,0.6245770454406738,0.6989520788192749
23638,0.962158203125,0.9626949429512024,0.8420895934104919,0.8949652314186096
23639,0.3599446713924408,0.4096449017524719,0.6497723460197449,0.7595329880714417
23640,0.3059895932674408,0.3388209939002991,0.5032320022583008,0.4752955734729767
23641,0.619873046875,0.6279082894325256,0.4733748733997345,0.6334936022758484
23642,0.567138671875,0.5979597568511963,0.7988805174827576,0.7782565951347351
23643,0.0,0.013671875,0.0,0.20503242313861847
23644,0.968017578125,0.9680777788162231,1.0,0.7779767513275146
23645,0.9375,0.9460209608078003,0.6545500159263611,0.719329833984375
23646,0.03125,0.13422076404094696,0.0488467775285244,0.31639522314071655
23647,0.3599446713924408,0.40481075644493103,0.6497723460197449,0.6953303813934326
23648,0.9507649540901184,0.9554947018623352,0.8898733854293823,0.9604656100273132
23649,0.110107421875,0.15272581577301025,0.3951442539691925,0.5077961087226868
23650,0.606689453125,0.6397249698638916,1.0,0.8333948850631714
23651,0.560546875,0.6188896894454956,0.7653606534004211,0.6604697108268738
23652,0.9668782353401184,0.9674390554428101,0.892719030380249,0.9113790392875671
23653,0.956298828125,0.9604672789573669,0.7169486284255981,0.7973084449768066
23654,0.260498046875,0.33333244919776917,0.8026120662689209,0.8442327976226807
23655,0.44921875,0.4992449879646301,0.5806522965431213,0.6031653881072998
23656,0.212890625,0.30228114128112793,0.3493700623512268,0.5200746059417725
23657,0.1106770858168602,0.16516602039337158,0.2302355170249939,0.3351750373840332
23658,0.47265625,0.5370497107505798,0.6580725908279419,0.6884002089500427
23659,0.951904296875,0.9568699598312378,0.7122209072113037,0.6653651595115662
23660,0.393798828125,0.4224604368209839,0.5977610945701599,0.5784581303596497
23661,0.947998046875,0.9516716599464417,0.8348100185394287,0.7729770541191101
23662,0.09375,0.25145477056503296,0.0904926061630249,0.3582742214202881
23663,0.0,0.08323799818754196,0.0,0.22376000881195068
23664,0.560546875,0.6054117679595947,0.7653606534004211,0.7301784157752991
23665,0.146728515625,0.19974760711193085,0.3012597858905792,0.34123674035072327
23666,0.968017578125,0.9680688381195068,1.0,0.912500262260437
23667,0.05078125,0.0973750501871109,0.17690707743167877,0.27069970965385437
23668,0.197998046875,0.22700881958007812,0.6871474981307983,0.8331277966499329
23669,0.374755859375,0.43771231174468994,0.5307213068008423,0.6385272741317749
23670,0.488037109375,0.5911751389503479,0.4365417957305908,0.7412791848182678
23671,0.560546875,0.6152721643447876,0.7653606534004211,0.7789598107337952
23672,0.3599446713924408,0.4264053702354431,0.5626510977745056,0.6630569100379944
23673,0.580322265625,0.6069284677505493,0.86592036485672,0.6026445627212524
23674,0.1106770858168602,0.15379475057125092,0.37429505586624146,0.4527145326137543
23675,0.2122395932674408,0.292888343334198,0.36153164505958557,0.5635867714881897
23676,0.323974609375,0.38376784324645996,0.5520787835121155,0.6788343787193298
23677,0.374755859375,0.4174935817718506,0.5307213068008423,0.5212603807449341
23679,0.956298828125,0.9591506123542786,1.0,0.8646208643913269
23680,0.946533203125,0.9516466856002808,0.8793432712554932,0.8828806281089783
23681,0.23046875,0.27474549412727356,0.47306913137435913,0.49046590924263
23682,0.304931640625,0.3915722370147705,0.6151177287101746,0.7817979454994202
23683,0.09375,0.1143798828125,0.29608193039894104,0.40645453333854675
23684,0.393798828125,0.4482629895210266,0.5977610945701599,0.5998523235321045
23685,0.431884765625,0.4642549753189087,0.7318407297134399,0.6165401339530945
23686,0.323974609375,0.3663371503353119,0.47805625200271606,0.4942246675491333
23687,0.110107421875,0.15066374838352203,0.5158474445343018,0.6019705533981323
23688,0.560546875,0.6079604029655457,0.4981783330440521,0.6301564574241638
23689,0.23828125,0.3405416011810303,0.30167919397354126,0.6031096577644348
23690,0.47265625,0.5382413864135742,0.5698384642601013,0.7647244334220886
23691,0.953369140625,0.9584764838218689,0.912726640701294,0.8790773153305054
23692,0.953369140625,0.9587323069572449,0.912726640701294,0.8462978005409241
23693,0.953369140625,0.9584845304489136,0.912726640701294,0.8994225263595581
23694,0.146728515625,0.26184147596359253,0.2098969668149948,0.4851488471031189
23695,0.304931640625,0.38715606927871704,0.4285714626312256,0.5737443566322327
23696,0.2774251401424408,0.33928945660591125,0.36153164505958557,0.4354184567928314
23697,0.16796875,0.21181266009807587,0.3198178708553314,0.43608662486076355
23698,0.580322265625,0.6182184815406799,0.86592036485672,0.675610363483429
23699,0.518798828125,0.5621921420097351,0.6967307925224304,0.5310871005058289
23700,0.300537109375,0.3523716628551483,0.6655102372169495,0.7001023292541504
23701,0.150390625,0.23049616813659668,0.2783457934856415,0.43999144434928894
23702,0.580322265625,0.6091602444648743,0.86592036485672,0.6159341931343079
23703,0.30078125,0.33158648014068604,0.5307213068008423,0.50439453125
23704,0.580322265625,0.6265897750854492,0.86592036485672,0.8463449478149414
23705,0.956298828125,0.9610635042190552,0.8195018768310547,0.8283754587173462
23706,0.580322265625,0.6150863170623779,0.86592036485672,0.7707703709602356
23707,0.968017578125,0.9680768847465515,1.0,0.9335080981254578
23708,0.706298828125,0.7097846269607544,0.871160089969635,0.7569080591201782
23710,0.606689453125,0.641800045967102,1.0,0.8838634490966797
23711,0.9673665165901184,0.9677006006240845,1.0,0.9320623874664307
23712,0.110107421875,0.20023465156555176,0.1428571492433548,0.3073677718639374
23714,0.0,0.0458286851644516,0.0,0.17451928555965424
23715,0.263671875,0.3291656970977783,0.37880125641822815,0.4637678563594818
23716,0.08203125,0.13300500810146332,0.27814918756484985,0.526926577091217
23717,0.304931640625,0.35207489132881165,0.6151177287101746,0.5635347366333008
23718,0.2774251401424408,0.32924532890319824,0.8435737490653992,0.6865034699440002
23719,0.968017578125,0.9680625796318054,1.0,0.8742289543151855
23720,0.2774251401424408,0.32687896490097046,0.8435737490653992,0.6276021599769592
23721,0.166259765625,0.2004963755607605,0.2626707851886749,0.27768948674201965
23722,0.304931640625,0.3679234981536865,0.4285714626312256,0.45025259256362915
23723,0.150390625,0.20755955576896667,0.4525081515312195,0.423536479473114
23724,0.304931640625,0.3919834494590759,0.4285714626312256,0.644782304763794
23725,0.951171875,0.9558199644088745,0.6074502468109131,0.5635073184967041
23726,0.518798828125,0.563659131526947,0.6967307925224304,0.8166420459747314
23727,0.959228515625,0.9598062634468079,0.7631344795227051,0.7039597034454346
23728,0.9673665165901184,0.9678186774253845,0.8748590350151062,0.8661445379257202
23729,0.166259765625,0.2367699295282364,0.32645606994628906,0.447719544172287
23730,0.219970703125,0.27895569801330566,0.34397661685943604,0.38697898387908936
23731,0.02083333395421505,0.02083333395421505,0.23463936150074005,0.15130119025707245
23732,0.278564453125,0.3150560259819031,0.5692896842956543,0.5241804718971252
23733,0.166259765625,0.21680060029029846,0.32645606994628906,0.35329148173332214
23734,0.712158203125,0.7126063704490662,0.7497180104255676,0.840961217880249
23735,0.374755859375,0.41373395919799805,0.6128985285758972,0.6090254783630371
23736,0.556884765625,0.5935184955596924,0.8308104276657104,0.8369340896606445
23737,0.531982421875,0.5665924549102783,0.7462155222892761,0.7417489886283875
23738,0.212890625,0.26567476987838745,0.3493700623512268,0.37736910581588745
23739,0.0,0.015625,0.0,0.43067657947540283
23740,0.16796875,0.2282954603433609,0.34665608406066895,0.605725109577179
23741,0.706298828125,0.7089362144470215,0.871160089969635,0.7616137266159058
23742,0.431884765625,0.47809165716171265,0.390377938747406,0.48714783787727356
23743,0.47265625,0.48784705996513367,0.8178747296333313,0.7512614130973816
23744,0.166259765625,0.21456944942474365,0.5307213068008423,0.4890652596950531
23745,0.580322265625,0.6240280866622925,0.4618985950946808,0.5507814288139343
23746,0.23046875,0.2525722086429596,0.47306913137435913,0.401775062084198
23747,0.0,0.0347086600959301,0.0,0.1388305425643921
23748,0.968017578125,0.9680769443511963,1.0,0.8508017659187317
23749,0.967041015625,0.9676442742347717,0.8122885227203369,0.8803836703300476
23750,0.968017578125,0.968064546585083,1.0,0.9665533900260925
23751,0.260498046875,0.31511929631233215,0.8026120662689209,0.7594703435897827
23752,0.4778645932674408,0.48635491728782654,0.4635950028896332,0.6613375544548035
23753,0.606689453125,0.6389458179473877,1.0,0.89466792345047
23754,0.946533203125,0.9518674612045288,0.8793432712554932,0.8866825103759766
23755,0.488037109375,0.5305451154708862,0.6121358871459961,0.4432528018951416
23756,0.110107421875,0.14030113816261292,0.5158474445343018,0.5360856652259827
23757,0.9668782353401184,0.9677697420120239,0.7810032963752747,0.8015274405479431
23758,0.44921875,0.482177734375,0.5806522965431213,0.6073523759841919
23759,0.146728515625,0.1957564651966095,0.48975956439971924,0.4508667290210724
23760,0.365234375,0.41479751467704773,0.4972013831138611,0.5478314757347107
23761,0.3599446713924408,0.40587714314460754,0.40125197172164917,0.5090885162353516
23762,0.518798828125,0.5800352692604065,0.6967307925224304,0.8202974200248718
23763,0.228759765625,0.3122105002403259,0.276936799287796,0.37132859230041504
23764,0.278564453125,0.32579243183135986,0.5692896842956543,0.6147449016571045
23765,0.606689453125,0.6401497721672058,1.0,0.8697495460510254
23766,0.499755859375,0.5379122495651245,0.629690945148468,0.5736886262893677
23767,0.556884765625,0.5969777703285217,0.8308104276657104,0.8269948959350586
23768,0.956298828125,0.9585056304931641,1.0,0.91596519947052
23769,0.606689453125,0.6413754820823669,1.0,0.8791712522506714
23770,0.659423828125,0.6632277369499207,0.8254533410072327,0.8303844332695007
23771,0.518798828125,0.5610389709472656,0.6967307925224304,0.5286221504211426
23772,0.374755859375,0.4386841058731079,0.5307213068008423,0.6505224108695984
23773,0.9466145634651184,0.9500136971473694,0.8844688534736633,0.822617769241333
23774,0.228759765625,0.2807213068008423,0.3974803686141968,0.4229120910167694
23775,0.23828125,0.31487733125686646,0.43299248814582825,0.5930508971214294
23776,0.9507649540901184,0.9555979371070862,0.8898733854293823,0.8172866106033325
23777,0.3599446713924408,0.4003329873085022,0.5626510977745056,0.5720881819725037
23778,0.05078125,0.10523045063018799,0.17690707743167877,0.3429015874862671
23779,0.304931640625,0.37238895893096924,0.49493172764778137,0.6151356101036072
23780,0.393798828125,0.40969473123550415,0.5977610945701599,0.39512890577316284
23781,0.968017578125,0.9680765867233276,1.0,0.872184693813324
23782,0.263671875,0.3439456820487976,0.32801172137260437,0.4944812059402466
23783,0.606689453125,0.6337215304374695,1.0,0.7338902354240417
23784,0.14453125,0.21228298544883728,0.32645606994628906,0.4619538187980652
23785,0.488037109375,0.5420167446136475,0.7069194316864014,0.8268033862113953
23786,0.956298828125,0.9611109495162964,0.7169486284255981,0.8889436721801758
23787,0.431884765625,0.46452099084854126,0.4763599932193756,0.46508005261421204
23788,0.146728515625,0.146728515625,0.7579237222671509,0.7579237222671509
23789,0.951904296875,0.9598694443702698,0.7122209072113037,0.879514217376709
23790,0.110107421875,0.15208818018436432,0.5158474445343018,0.6365401744842529
23791,0.197998046875,0.26764947175979614,0.29449179768562317,0.43326324224472046
23792,0.567138671875,0.605613112449646,0.7988805174827576,0.6857569217681885
23793,0.968017578125,0.9680664539337158,1.0,0.8158857226371765
23794,0.0625,0.0849958136677742,0.4692787230014801,0.4146226644515991
23795,0.659423828125,0.6625820398330688,0.8254533410072327,0.7990717887878418
23796,0.166259765625,0.24042093753814697,0.32645606994628906,0.43846234679222107
23797,0.219970703125,0.3014715909957886,0.34397661685943604,0.5894408226013184
23798,0.47265625,0.5457796454429626,0.5698384642601013,0.570283830165863
23799,0.556884765625,0.5915088057518005,0.5407800078392029,0.47780877351760864
23800,0.531982421875,0.5746257901191711,0.7462155222892761,0.7672156095504761
23801,0.1106770858168602,0.14825880527496338,0.18525049090385437,0.26133617758750916
23802,0.393798828125,0.4418109059333801,0.690318763256073,0.7407711148262024
23803,0.4778645932674408,0.4830739200115204,0.5657033920288086,0.5965120792388916
23804,0.518798828125,0.5648313760757446,0.6967307925224304,0.7799404263496399
23805,0.455078125,0.5164014101028442,0.5115761756896973,0.43890702724456787
23806,0.47265625,0.5406329035758972,0.3709116578102112,0.44261783361434937
23807,0.0625,0.16904449462890625,0.07742030918598175,0.2974450886249542
23808,0.110107421875,0.1616058349609375,0.2620770037174225,0.49888619780540466
23809,0.431884765625,0.4804866909980774,0.7318407297134399,0.8433518409729004
23810,0.212890625,0.29385480284690857,0.24341687560081482,0.36148661375045776
23812,0.12109375,0.1278948187828064,0.46358197927474976,0.48653727769851685
23813,0.431884765625,0.4798687994480133,0.7318407297134399,0.7241454124450684
23814,0.08984375,0.13731583952903748,0.1428571492433548,0.20040152966976166
23815,0.304931640625,0.4023895859718323,0.4285714626312256,0.5698243379592896
23816,0.712158203125,0.7126195430755615,0.7497180104255676,0.776421308517456
23817,0.166259765625,0.19593891501426697,0.5307213068008423,0.4729252755641937
23818,0.9507649540901184,0.9537336826324463,0.8898733854293823,0.7916435599327087
23819,0.0,0.012500000186264515,0.0,0.1815418004989624
23820,0.365234375,0.4048786759376526,0.4972013831138611,0.5264334082603455
23821,0.431884765625,0.4718032479286194,0.7318407297134399,0.6352859139442444
23822,0.091796875,0.2022615671157837,0.1093372330069542,0.2535490393638611
23823,0.9668782353401184,0.9674748778343201,0.892719030380249,0.853531539440155
23824,0.556884765625,0.603461503982544,0.8308104276657104,0.7313306927680969
23825,0.304931640625,0.3790172338485718,0.4285714626312256,0.6268914937973022
23826,0.08203125,0.08203125,0.7039180994033813,0.3301376700401306
23827,0.150390625,0.156341552734375,0.7002755999565125,0.490291953086853
23828,0.5757650136947632,0.579357385635376,0.6966133713722229,0.68917316198349
23829,0.48828125,0.4889080822467804,0.6066363453865051,0.6394115686416626
23830,0.393798828125,0.44005087018013,0.5977610945701599,0.6570188999176025
23831,0.580322265625,0.6214551329612732,0.86592036485672,0.7481211423873901
23832,0.228759765625,0.26002928614616394,1.0,0.8926703929901123
23833,0.5757649540901184,0.5792025923728943,0.6966133713722229,0.7237005233764648
23834,0.966796875,0.9674558043479919,0.7653606534004211,0.7821620106697083
23835,0.946533203125,0.9509285688400269,0.8793432712554932,0.8142670392990112
23836,0.518798828125,0.5710722208023071,0.6967307925224304,0.5869571566581726
23837,0.212890625,0.29581382870674133,0.3493700623512268,0.5431889295578003
23838,0.261474609375,0.3376137614250183,0.4285714626312256,0.6018054485321045
23839,0.228759765625,0.28971534967422485,0.6461858153343201,0.566931962966919
23840,0.150390625,0.1662881076335907,0.7002755999565125,0.5521422624588013
23841,0.531982421875,0.5823880434036255,0.7462155222892761,0.6896195411682129
23842,0.580322265625,0.6254403591156006,0.86592036485672,0.801354706287384
23843,0.304931640625,0.370123952627182,0.6151177287101746,0.6516227126121521
23844,0.606689453125,0.6292712688446045,1.0,0.6632790565490723
23845,0.091796875,0.1483059823513031,0.3948093354701996,0.6540455222129822
23846,0.9673665165901184,0.9675172567367554,1.0,0.7621537446975708
23847,0.3599446713924408,0.4190330505371094,0.5626510977745056,0.626909077167511
23848,0.304931640625,0.3482193946838379,0.49493172764778137,0.5119588971138
23849,0.304931640625,0.4048805236816406,0.2789600193500519,0.5397258400917053
23850,0.946533203125,0.9523156881332397,0.8026000261306763,0.8164254426956177
23851,0.466064453125,0.49881672859191895,0.35480669140815735,0.3261168599128723
23852,0.110107421875,0.12845373153686523,1.0,0.6325414776802063
23853,0.0625,0.13081254065036774,0.24207624793052673,0.5888236165046692
23854,0.228759765625,0.34887856245040894,0.276936799287796,0.6304413676261902
23855,0.968017578125,0.9680672287940979,1.0,0.88649982213974
23856,0.9673665165901184,0.9677185416221619,1.0,0.8964619040489197
23857,0.490234375,0.5501800775527954,0.5961710214614868,0.7139267325401306
23858,0.304931640625,0.4071481227874756,0.4285714626312256,0.5534741282463074
23859,0.518798828125,0.5573171973228455,0.8046129941940308,0.7424865365028381
23860,0.02083333395421505,0.1457098424434662,0.038710154592990875,0.2934888005256653
23861,0.393798828125,0.4440135657787323,0.5977610945701599,0.580888032913208
23862,0.03125,0.0458984375,0.38685283064842224,0.6509209871292114
23863,0.23828125,0.2845742404460907,0.7039180994033813,0.578091561794281
23864,0.393798828125,0.4323890209197998,0.5977610945701599,0.5736140608787537
23865,0.260498046875,0.33193162083625793,0.49370092153549194,0.5778082013130188
23866,0.580322265625,0.613798975944519,0.86592036485672,0.6895726323127747
23867,0.606689453125,0.6386460065841675,1.0,0.9488018751144409
23868,0.44921875,0.47373199462890625,0.7216541767120361,0.6904203295707703
23869,0.518798828125,0.5714781284332275,0.6967307925224304,0.664746105670929
23870,0.304931640625,0.36355727910995483,0.49493172764778137,0.5866178870201111
23871,0.02083333395421505,0.0374654158949852,0.12103812396526337,0.18733283877372742
23872,0.518798828125,0.5641359090805054,0.6967307925224304,0.7043730020523071
23873,0.556884765625,0.5892966389656067,0.8308104276657104,0.5567768812179565
23874,0.091796875,0.20446887612342834,0.1093372330069542,0.23529839515686035
23875,0.518798828125,0.5529483556747437,1.0,0.9004614353179932
23876,0.3599446713924408,0.41588422656059265,0.5626510977745056,0.7028856873512268
23877,0.14453125,0.2639656066894531,0.22745199501514435,0.4745546877384186
23878,0.488037109375,0.51993727684021,0.7069194316864014,0.6081041693687439
23879,0.304931640625,0.38666993379592896,0.4285714626312256,0.7276329398155212
23880,0.455078125,0.520552396774292,0.5115761756896973,0.6229627728462219
23881,0.560546875,0.600445032119751,0.7653606534004211,0.637076199054718
23882,0.393798828125,0.42758381366729736,0.5977610945701599,0.5872817039489746
23883,0.393798828125,0.46297726035118103,0.5977610945701599,0.6306300759315491
23884,0.323974609375,0.35550785064697266,0.6861420273780823,0.6161787509918213
23885,0.488037109375,0.5915746688842773,0.398443341255188,0.7014116644859314
23886,0.946533203125,0.9509285688400269,0.8793432712554932,0.8142670392990112
23887,0.580322265625,0.6261340975761414,0.86592036485672,0.8016902804374695
23888,0.304931640625,0.3735443949699402,0.49493172764778137,0.6389468312263489
23889,0.197998046875,0.29258155822753906,0.34009110927581787,0.5764819383621216
23890,0.374755859375,0.4373064935207367,0.5307213068008423,0.5515667200088501
23891,0.374755859375,0.44463449716567993,0.5307213068008423,0.56148761510849
23892,0.518798828125,0.558047354221344,1.0,0.8635699152946472
23893,0.968017578125,0.9680768847465515,1.0,0.7951797842979431
23894,0.166259765625,0.2299097776412964,0.32645606994628906,0.4402378499507904
23895,0.23828125,0.27630481123924255,0.7039180994033813,0.5039845705032349
23896,0.568359375,0.571704626083374,0.5958904027938843,0.5992878675460815
23897,0.567138671875,0.5864500999450684,0.7988805174827576,0.5530979037284851
23898,0.323974609375,0.385922372341156,0.5520787835121155,0.7492207288742065
23899,0.228759765625,0.2937232255935669,0.3974803686141968,0.4814882278442383
23900,0.953369140625,0.9582873582839966,0.912726640701294,0.8262010216712952
23901,0.499755859375,0.5373959541320801,0.7271926999092102,0.6864940524101257
23902,0.304931640625,0.3712784945964813,1.0,0.9048032164573669
23903,0.606689453125,0.6304261684417725,1.0,0.8883084654808044
23904,0.228759765625,0.31218427419662476,0.3198178708553314,0.5167105197906494
23905,0.956298828125,0.9599601626396179,0.8195018768310547,0.7885874509811401
23906,0.2044270783662796,0.2794484496116638,0.2709710896015167,0.4177562892436981
23907,0.304931640625,0.36918145418167114,0.49493172764778137,0.609238862991333
23908,0.091796875,0.25107714533805847,0.1093372330069542,0.5281143188476562
23909,0.9673665165901184,0.9678025245666504,1.0,0.9682329297065735
23910,0.701171875,0.7098333835601807,0.5150786638259888,0.7378862500190735
23911,0.490234375,0.5373803973197937,0.8556691408157349,0.8152084350585938
23912,0.08203125,0.1321563720703125,0.3631143569946289,0.5082557201385498
23913,0.968017578125,0.9680675864219666,1.0,0.7696553468704224
23914,0.323974609375,0.37439844012260437,0.47805625200271606,0.6096968054771423
23915,0.9673665165901184,0.9678469896316528,0.8748590350151062,0.768420398235321
23916,0.21875,0.2470274120569229,0.29608193039894104,0.31699085235595703
23917,0.9673665165901184,0.9679042100906372,0.8748590350151062,0.9886477589607239
23919,0.499755859375,0.5716427564620972,0.629690945148468,0.6450212597846985
23920,0.08203125,0.22988936305046082,0.10055973380804062,0.5461496114730835
23921,0.344482421875,0.40270063281059265,0.5977610945701599,0.6743651628494263
23922,0.556884765625,0.5823686122894287,0.9594535827636719,0.8246355652809143
23923,0.304931640625,0.37751758098602295,1.0,1.0
23924,0.03125,0.07181113213300705,0.0488467775285244,0.13135714828968048
23925,0.05078125,0.13500216603279114,0.10881868004798889,0.30385926365852356
23926,0.9507649540901184,0.9544826745986938,0.8898733854293823,0.8031025528907776
23927,0.556884765625,0.587059497833252,0.8308104276657104,0.626565158367157
23928,0.606689453125,0.6386754512786865,1.0,0.8249505758285522
23929,0.0,0.021484375,0.0,0.24410763382911682
23930,0.3599446713924408,0.4122255742549896,0.5626510977745056,0.6588329076766968
23931,0.08203125,0.2446315586566925,0.10055973380804062,0.5271696448326111
23932,0.518798828125,0.5936586856842041,0.6967307925224304,0.8214119672775269
23933,0.703369140625,0.7101323008537292,0.6423966884613037,0.7656843662261963
23934,0.956298828125,0.9583501219749451,1.0,0.8623145222663879
23935,0.962158203125,0.9624629616737366,0.8420895934104919,0.7101367115974426
23936,0.0,0.0,0.0,0.0
23937,0.967041015625,0.9674999117851257,0.9284793138504028,0.940339982509613
23938,0.580322265625,0.6161947846412659,0.4618985950946808,0.5069930553436279
23939,0.03125,0.047119140625,0.11699506640434265,0.1650349646806717
23940,0.344482421875,0.36117589473724365,0.690318763256073,0.7079342603683472
23941,0.499755859375,0.5454526543617249,0.629690945148468,0.6534996628761292
23942,0.968017578125,0.9680770039558411,1.0,0.932219386100769
23943,0.968017578125,0.9680637121200562,1.0,0.9010749459266663
23944,0.946533203125,0.95096355676651,1.0,0.899151086807251
23945,0.531982421875,0.5893552303314209,0.7462155222892761,0.8170294165611267
23946,0.110107421875,0.1496112048625946,0.5158474445343018,0.6624537706375122
23947,0.567138671875,0.5911802649497986,0.7988805174827576,0.81124347448349
23948,0.260498046875,0.3370501697063446,0.49370092153549194,0.6665297150611877
23949,0.219970703125,0.25516319274902344,0.34397661685943604,0.34856125712394714
23950,0.374755859375,0.40919139981269836,0.7617307901382446,0.6717759966850281
23951,0.263671875,0.38542959094047546,0.32801172137260437,0.46311047673225403
23952,0.25390625,0.332049161195755,0.39664164185523987,0.49781131744384766
23953,0.518798828125,0.5775113105773926,0.6967307925224304,0.7142852544784546
23954,0.0625,0.09685373306274414,0.24207624793052673,0.36325469613075256
23955,0.2044270783662796,0.2530493438243866,0.5474918484687805,0.5279659032821655
23956,0.556884765625,0.5991112589836121,0.8308104276657104,0.6644778847694397
23957,0.228759765625,0.3128926753997803,0.276936799287796,0.4277351498603821
23958,0.091796875,0.1393716037273407,0.3948093354701996,0.4976332485675812
23959,0.606689453125,0.6316249370574951,1.0,0.6983048319816589
23960,0.9673665165901184,0.9677676558494568,1.0,0.8418630361557007
23961,0.263671875,0.32245001196861267,0.7653606534004211,0.7600410580635071
23962,0.556884765625,0.605807900428772,0.8308104276657104,0.9480974674224854
23963,0.300537109375,0.3825139105319977,0.4636814594268799,0.5555478930473328
23964,0.08203125,0.17141467332839966,0.23463936150074005,0.45029088854789734
23966,0.197998046875,0.24095645546913147,0.42267662286758423,0.4435107409954071
23967,0.08984375,0.1081215962767601,0.3951442539691925,0.41956502199172974
23968,0.2774251401424408,0.3859855830669403,0.4175114035606384,0.7049804925918579
23969,0.260498046875,0.34125274419784546,0.8026120662689209,0.8611375093460083
23970,0.560546875,0.5937761068344116,0.7653606534004211,0.7322194576263428
23972,0.0,0.04384765774011612,0.0,0.10800087451934814
23973,0.260498046875,0.30268120765686035,0.49370092153549194,0.500719428062439
23974,0.146728515625,0.24336425960063934,0.2098969668149948,0.2917000651359558
23975,0.23828125,0.3132319450378418,0.43299248814582825,0.5841185450553894
23976,0.956298828125,0.9602855443954468,0.7169486284255981,0.7736859917640686
23977,0.9673665165901184,0.9677423238754272,0.8748590350151062,0.693958044052124
23978,0.606689453125,0.6420325040817261,1.0,0.903545618057251
23979,0.0,0.0069444444961845875,0.0,0.08274602144956589
23980,0.968017578125,0.9680570960044861,1.0,0.7846680283546448
23981,0.9466145634651184,0.9477439522743225,0.5787770748138428,0.4379887580871582
23982,0.968017578125,0.9680763483047485,1.0,0.8359920978546143
23983,0.304931640625,0.40440472960472107,0.4285714626312256,0.6106041073799133
23984,0.393798828125,0.43970534205436707,0.5977610945701599,0.4735207259654999
23985,0.12109375,0.1879415512084961,0.16759954392910004,0.2724807858467102
23986,0.703369140625,0.7076272964477539,0.7838867902755737,0.7472462058067322
23987,0.946533203125,0.9514967799186707,0.8026000261306763,0.6886714696884155
23988,0.110107421875,0.21106737852096558,0.16497723758220673,0.5273153781890869
23989,0.03125,0.0623779296875,0.11699506640434265,0.27954205870628357
23990,0.431884765625,0.45766523480415344,0.4763599932193756,0.46904316544532776
23991,0.703369140625,0.7103525400161743,0.6423966884613037,0.8241358399391174
23992,0.05078125,0.10292032361030579,0.10881868004798889,0.219762921333313
23993,0.580322265625,0.6316394209861755,0.5636333227157593,0.7171645760536194
23994,0.197998046875,0.2805391848087311,0.34009110927581787,0.5984347462654114
23995,0.51953125,0.56703782081604,0.7039180994033813,0.6958244442939758
23996,0.9444172978401184,0.9497417211532593,0.8315341472625732,0.8285934925079346
23997,0.701904296875,0.7036370038986206,0.8110315203666687,0.6909903287887573
23998,0.166259765625,0.2524999976158142,0.22745199501514435,0.3473120629787445
23999,0.946533203125,0.9501475691795349,0.8026000261306763,0.7521671056747437
24000,0.703369140625,0.7065286040306091,0.7838867902755737,0.7772462368011475
24001,0.959228515625,0.9598737955093384,0.7631344795227051,0.6568220257759094
24002,0.606689453125,0.6420941352844238,1.0,0.9202181696891785
24003,0.706298828125,0.7103710174560547,0.6245770454406738,0.654849112033844
24004,0.3599446713924408,0.41343820095062256,0.5626510977745056,0.5795432925224304
24005,0.946533203125,0.9546520113945007,0.8026000261306763,0.7921067476272583
24006,0.05078125,0.1120770275592804,0.10881868004798889,0.25710612535476685
24007,0.967041015625,0.9675735235214233,0.9284793138504028,0.8602820038795471
24008,0.9673665165901184,0.9676990509033203,1.0,0.861966609954834
24009,0.4375,0.5051888823509216,0.4692787528038025,0.5758668184280396
24010,0.9673665165901184,0.9679021835327148,0.8748590350151062,0.8287580013275146
24011,0.3599446713924408,0.4154995083808899,0.5626510977745056,0.521737277507782
24012,0.261474609375,0.32253924012184143,0.4285714626312256,0.5507374405860901
24013,0.3599446713924408,0.41614285111427307,0.5626510977745056,0.7143038511276245
24014,0.606689453125,0.6500706076622009,0.5334192514419556,0.7454964518547058
24015,0.968017578125,0.9680709838867188,1.0,0.8160073161125183
24016,0.9673665165901184,0.9677975177764893,0.8748590350151062,0.8055537343025208
24017,0.580322265625,0.6309232711791992,0.86592036485672,0.8982639908790588
24018,0.05078125,0.08751678466796875,0.17690707743167877,0.24772852659225464
24019,0.0,0.012500000186264515,0.0,0.07817641645669937
24020,0.606689453125,0.6307746767997742,1.0,0.6965714693069458
24021,0.953369140625,0.9589880108833313,0.7479812502861023,0.836061954498291
24022,0.150390625,0.28414082527160645,0.19393208622932434,0.5116968154907227
24023,0.23828125,0.27031856775283813,0.7039180994033813,0.4934479296207428
24024,0.14453125,0.226560577750206,0.5307213068008423,0.6699999570846558
24025,0.091796875,0.2526581883430481,0.07116833329200745,0.3608314096927643
24026,0.091796875,0.15322986245155334,0.255120187997818,0.46834033727645874
24027,0.943115234375,0.9483165144920349,0.7475366592407227,0.5950304865837097
24028,0.488037109375,0.5381428003311157,0.6121358871459961,0.5682446360588074
24029,0.9444172978401184,0.9507451057434082,0.7589633464813232,0.8029376864433289
24030,0.606689453125,0.6424985527992249,1.0,0.9454678297042847
24031,0.956298828125,0.9603210091590881,0.7169486284255981,0.7712439894676208
24032,0.02083333395421505,0.06829197704792023,0.07821311801671982,0.2476278692483902
24033,0.706298828125,0.7068427801132202,0.871160089969635,0.703142523765564
24034,0.9507649540901184,0.9545168280601501,0.7292529344558716,0.6201483607292175
24035,0.0,0.012500000186264515,0.0,0.04001881927251816
24036,0.304931640625,0.389931321144104,0.49493172764778137,0.7510724663734436
24038,0.0,0.02226562425494194,0.0,0.16354139149188995
24039,0.0,0.0,0.0,0.0
24040,0.606689453125,0.6404753923416138,1.0,0.8357442021369934
24041,0.580322265625,0.6266079545021057,0.86592036485672,0.7472100853919983
24042,0.967041015625,0.9673923254013062,0.9284793138504028,0.7126080393791199
24043,0.091796875,0.15952488780021667,0.15692895650863647,0.2979382276535034
24044,0.304931640625,0.3786705732345581,0.6151177287101746,0.7460230588912964
24045,0.567138671875,0.6119810938835144,0.7988805174827576,0.7015602588653564
24046,0.606689453125,0.6414653062820435,1.0,0.9132786989212036
24047,0.05078125,0.05078125,0.6934263706207275,0.6934263706207275
24048,0.47265625,0.5018157958984375,0.8178747296333313,0.7058137655258179
24049,0.263671875,0.3262031376361847,0.32801172137260437,0.4630313515663147
24050,0.1875,0.262381374835968,0.4692787230014801,0.6441794633865356
24051,0.951904296875,0.9576981067657471,0.8690900206565857,0.8253061175346375
24052,0.606689453125,0.6499260663986206,0.6509066820144653,0.8637351393699646
24053,0.0,0.069091796875,0.0,0.19234439730644226
24054,0.606689453125,0.6319366693496704,1.0,0.7570606470108032
24055,0.556884765625,0.6040675044059753,0.8308104276657104,0.7098753452301025
24056,0.606689453125,0.6301954984664917,1.0,0.9116529226303101
24057,0.323974609375,0.3956220746040344,0.47805625200271606,0.5746473073959351
24058,0.951904296875,0.95661860704422,0.8690900206565857,0.838982343673706
24059,0.374755859375,0.42210695147514343,0.5307213068008423,0.590541660785675
24060,0.560546875,0.6107292175292969,0.7653606534004211,0.6579422354698181
24061,0.706298828125,0.708127498626709,0.871160089969635,0.6171793937683105
24062,0.940673828125,0.946274995803833,0.8770246505737305,0.8056638240814209
24063,0.393798828125,0.4377445578575134,0.8579513430595398,0.8365963697433472
24064,0.261474609375,0.31148383021354675,0.4285714626312256,0.46525508165359497
24065,0.556884765625,0.5918607711791992,0.8308104276657104,0.7317503094673157
24066,0.968017578125,0.9680394530296326,1.0,0.8686944842338562
24067,0.947998046875,0.9532194137573242,0.5985158681869507,0.5705401301383972
24068,0.0,0.012500000186264515,0.0,0.022323833778500557
24069,0.304931640625,0.39212384819984436,0.4285714626312256,0.6344468593597412
24070,0.2774251401424408,0.3793041408061981,0.36153164505958557,0.5098851323127747
24071,0.263671875,0.3340446650981903,0.32801172137260437,0.4071882367134094
24072,0.946533203125,0.9532091021537781,0.8026000261306763,0.8635194897651672
24073,0.2044270783662796,0.2838232219219208,0.3367719352245331,0.4574144184589386
24074,0.556884765625,0.6054631471633911,0.8308104276657104,0.7687010765075684
24075,0.03125,0.11828291416168213,0.09869397431612015,0.5118407607078552
24076,0.951904296875,0.9585238695144653,0.6230928897857666,0.7224101424217224
24077,0.953369140625,0.9562184810638428,1.0,0.921390950679779
24078,0.47265625,0.5624744296073914,0.3039627969264984,0.5334519743919373
24079,0.3599446713924408,0.39942628145217896,0.5626510977745056,0.5848548412322998
24080,0.703369140625,0.7103290557861328,0.5620065331459045,0.7271193265914917
24081,0.518798828125,0.556890070438385,1.0,0.8596178889274597
24082,0.12109375,0.202249214053154,0.19355076551437378,0.35124242305755615
24083,0.02083333395421505,0.02083333395421505,0.3065735995769501,0.3065735995769501
24084,0.967041015625,0.9676289558410645,0.8122885227203369,0.7782045006752014
24085,0.606689453125,0.6291616559028625,1.0,0.8320472836494446
24086,0.323974609375,0.339486688375473,0.5520787835121155,0.4757072329521179
24087,0.959228515625,0.9598398208618164,0.7631344795227051,0.7474592924118042
24088,0.12109375,0.1611933410167694,0.3910655975341797,0.4960237145423889
24089,0.580322265625,0.6304973363876343,0.5636333227157593,0.6338260173797607
24090,0.560546875,0.6080844402313232,0.7653606534004211,0.8495593070983887
24091,0.0,0.046875,0.0,0.43067657947540283
24092,0.260498046875,0.3146737217903137,0.8026120662689209,0.602895975112915
24093,0.110107421875,0.19557718932628632,0.3333333134651184,0.5135018825531006
24094,0.3599446713924408,0.3951164484024048,0.5626510977745056,0.568178653717041
24095,0.499755859375,0.574217677116394,0.629690945148468,0.7834123373031616
24096,0.701171875,0.7017432451248169,0.7184317708015442,0.6756150126457214
24097,0.9388020634651184,0.9417775273323059,0.6763683557510376,0.5567736625671387
24098,0.518798828125,0.5740796327590942,0.6967307925224304,0.7626128792762756
24099,0.488037109375,0.5233814120292664,0.8785831332206726,0.7411386966705322
24100,0.1106770858168602,0.15614505112171173,0.37429505586624146,0.36833280324935913
24101,0.518798828125,0.5690506100654602,0.6967307925224304,0.6934518814086914
24102,0.344482421875,0.3911651372909546,0.5977610945701599,0.6083850860595703
24103,0.0,0.0069444444961845875,0.0,0.04584311693906784
24104,0.580322265625,0.5945050120353699,1.0,0.7449951767921448
24105,0.260498046875,0.30612266063690186,0.8026120662689209,0.6197234392166138
24106,0.580322265625,0.6238169074058533,0.86592036485672,0.9103184342384338
24107,0.304931640625,0.37746405601501465,0.4285714626312256,0.5141786336898804
24108,0.0625,0.0771484375,0.6131471991539001,0.8772153258323669
24109,0.953369140625,0.9583886861801147,0.6543781161308289,0.6758013963699341
24110,0.263671875,0.31595057249069214,0.7653606534004211,0.8189486265182495
24111,0.946533203125,0.9544063806533813,0.6577322483062744,0.668489396572113
24112,0.393798828125,0.45379650592803955,0.5977610945701599,0.6918092966079712
24113,0.567138671875,0.6069673299789429,0.7988805174827576,0.8377895951271057
24114,0.466064453125,0.5269578695297241,0.7823625802993774,0.7985101342201233
24115,0.212890625,0.2828032374382019,0.3493700623512268,0.4363064765930176
24116,0.968017578125,0.9680674076080322,1.0,0.9626604914665222
24117,0.9668782353401184,0.9677678346633911,0.7810032963752747,0.8506842255592346
24118,0.956298828125,0.9611227512359619,0.8195018768310547,0.8556168079376221
24119,0.197998046875,0.2670662999153137,0.6871474981307983,0.7045082449913025
24120,0.4700520932674408,0.4700520932674408,0.637450635433197,0.637450635433197
24121,0.03125,0.12759004533290863,0.09869397431612015,0.4296233355998993
24122,0.956298828125,0.9593530893325806,0.8195018768310547,0.7676019072532654
24123,0.197998046875,0.24854090809822083,0.29449179768562317,0.26941779255867004
24124,0.953369140625,0.9589032530784607,0.912726640701294,0.9724859595298767
24125,0.0,0.0069444444961845875,0.0,0.06625422835350037
24126,0.166259765625,0.21382157504558563,0.5307213068008423,0.6431748867034912
24127,0.05078125,0.08537504076957703,0.10881868004798889,0.1684819608926773
24128,0.499755859375,0.5520904660224915,0.629690945148468,0.5226840376853943
24129,0.374755859375,0.4195476174354553,0.7617307901382446,0.7668075561523438
24130,0.606689453125,0.6366113424301147,1.0,0.8267126679420471
24131,0.08203125,0.213677316904068,0.14433082938194275,0.5414514541625977
24132,0.260498046875,0.32689812779426575,0.49370092153549194,0.5661751627922058
24133,0.518798828125,0.5593493580818176,0.6967307925224304,0.6697282791137695
24134,0.956298828125,0.9590738415718079,1.0,0.9073281288146973
24135,0.490234375,0.5470442175865173,0.5961710214614868,0.6663548350334167
24136,0.701904296875,0.7034354209899902,0.6066363453865051,0.5434281826019287
24137,0.9466145634651184,0.9510269165039062,0.6615661382675171,0.6574284434318542
24138,0.531982421875,0.5668911933898926,0.7462155222892761,0.5945913195610046
24139,0.431884765625,0.47252294421195984,0.7318407297134399,0.7763454914093018
24140,0.9673665165901184,0.9677590727806091,0.8748590350151062,0.7304643988609314
24141,0.304931640625,0.3559652268886566,0.4285714626312256,0.4160604178905487
24142,0.05078125,0.17079497873783112,0.08755692839622498,0.34735605120658875
24143,0.260498046875,0.31569239497184753,0.34397661685943604,0.4048672020435333
24144,0.260498046875,0.3323673605918884,0.49370092153549194,0.5778920650482178
24145,0.619873046875,0.6244922280311584,0.6602633595466614,0.6389608979225159
24146,0.488037109375,0.5337338447570801,0.7069194316864014,0.7053563594818115
24147,0.374755859375,0.44449615478515625,0.3454500138759613,0.5492039322853088
24148,0.166259765625,0.2160743623971939,0.5307213068008423,0.6416173577308655
24149,0.3599446713924408,0.41286733746528625,0.5626510977745056,0.7030558586120605
24150,0.606689453125,0.6261569261550903,1.0,0.6952897906303406
24151,0.706298828125,0.7111330032348633,0.6245770454406738,0.8383269309997559
24152,0.2774251401424408,0.3498130440711975,0.4175114035606384,0.5552289485931396
24153,0.110107421875,0.22369247674942017,0.16497723758220673,0.43665093183517456
24154,0.197998046875,0.25286585092544556,0.6871474981307983,0.620873212814331
24155,0.393798828125,0.4596439301967621,0.5977610945701599,0.6791037917137146
24156,0.580322265625,0.6181151270866394,0.86592036485672,0.8626152873039246
24157,0.967041015625,0.9674805998802185,0.9284793138504028,0.877295732498169
24158,0.260498046875,0.3494458794593811,0.397238165140152,0.5243515968322754
24159,0.2774251401424408,0.3225429356098175,0.8435737490653992,0.8785992860794067
24160,0.518798828125,0.5811020731925964,0.6967307925224304,0.6983904838562012
24161,0.146728515625,0.22098945081233978,0.48975956439971924,0.5453142523765564
24162,0.110107421875,0.1683332622051239,0.3333333134651184,0.5620090961456299
24163,0.943115234375,0.9456170201301575,0.9313938021659851,0.7662909626960754
24164,0.951904296875,0.9553197622299194,0.8690900206565857,0.9350976347923279
24165,0.261474609375,0.34224191308021545,0.4285714626312256,0.7009227871894836
24166,0.0,0.0,0.0,0.0
24167,0.197998046875,0.2750924229621887,0.6871474981307983,0.760193407535553
24168,0.260498046875,0.3129003643989563,0.27896419167518616,0.34570735692977905
24169,0.228759765625,0.27193498611450195,0.6461858153343201,0.48068705201148987
24170,0.947998046875,0.9515657424926758,0.9146330952644348,0.8794435262680054
24171,0.953369140625,0.9562183022499084,1.0,0.9038087129592896
24172,0.580322265625,0.6194591522216797,0.5636333227157593,0.7213030457496643
24173,0.9673665165901184,0.9677077531814575,1.0,0.8274956345558167
24174,0.091796875,0.19032958149909973,0.1093372330069542,0.3456980586051941
24175,0.956298828125,0.9588554501533508,1.0,0.9250442385673523
24176,0.956298828125,0.956832230091095,1.0,0.7798088192939758
24177,0.580322265625,0.629121720790863,0.86592036485672,0.7883208394050598
24178,0.5694173574447632,0.5748224258422852,0.4993056654930115,0.565099835395813
24179,0.580322265625,0.5994623899459839,1.0,0.8745192885398865
24180,0.518798828125,0.5775113105773926,0.6967307925224304,0.680492103099823
24181,0.091796875,0.13592815399169922,0.255120187997818,0.3549538850784302
24182,0.14453125,0.18415993452072144,0.32645606994628906,0.3289954960346222
24183,0.606689453125,0.6376199722290039,1.0,0.9106478095054626
24184,0.304931640625,0.3342115879058838,1.0,0.6991823315620422
24185,0.701904296875,0.7098769545555115,0.6066363453865051,0.793908417224884
24186,0.146728515625,0.2663229703903198,0.11196307837963104,0.31989869475364685
24187,0.219970703125,0.24323102831840515,0.397238165140152,0.4497813880443573
24188,0.393798828125,0.44761329889297485,0.5977610945701599,0.7081932425498962
24189,0.580322265625,0.6284552216529846,0.86592036485672,0.8519735336303711
24190,0.110107421875,0.2056230902671814,0.20503923296928406,0.516869306564331
24191,0.08984375,0.12563908100128174,0.20503923296928406,0.25726357102394104
24192,0.606689453125,0.6423376202583313,1.0,0.9257856607437134
24193,0.09375,0.11628630757331848,0.4581993520259857,0.5917882919311523
24194,0.957763671875,0.9581929445266724,0.8271697163581848,0.8344296813011169
24195,0.263671875,0.30300527811050415,0.7653606534004211,0.5680035948753357
24196,0.344482421875,0.3894995152950287,0.5977610945701599,0.4884891211986542
24197,0.0625,0.0625,0.4692787230014801,0.23504553735256195
24198,0.14453125,0.2338678240776062,0.5307213068008423,0.7799082398414612
24199,0.580322265625,0.6329842805862427,0.5636333227157593,0.7686046957969666
24200,0.946533203125,0.9528425931930542,0.8026000261306763,0.719563901424408
24201,0.580322265625,0.6140610575675964,0.86592036485672,0.7282240986824036
24202,0.2044270783662796,0.2812879979610443,0.5474918484687805,0.5537900328636169
24203,0.701904296875,0.7075533270835876,0.7402501106262207,0.7179360389709473
24204,0.580322265625,0.6425553560256958,0.5636333227157593,0.8114352822303772
24205,0.943115234375,0.9447435140609741,0.9313938021659851,0.7552882432937622
24206,0.606689453125,0.635621190071106,1.0,0.840970516204834
24207,0.091796875,0.13652080297470093,0.3948093354701996,0.6968753337860107
24208,0.0,0.015625,0.0,0.43067657947540283
24209,0.393798828125,0.4602595269680023,0.5977610945701599,0.8671162128448486
24210,0.12109375,0.21630045771598816,0.26616159081459045,0.6006371974945068
24211,0.304931640625,0.34028851985931396,1.0,0.9052216410636902
24212,0.946533203125,0.9517768621444702,0.8793432712554932,0.868442952632904
24213,0.606689453125,0.637054443359375,1.0,0.8892993927001953
24214,0.518798828125,0.5659917593002319,1.0,0.9330604672431946
24215,0.3599446713924408,0.3972276747226715,0.6497723460197449,0.6643832325935364
24216,0.110107421875,0.1499060094356537,0.3333333134651184,0.4453122913837433
24217,0.580322265625,0.6274935007095337,0.86592036485672,0.9531242847442627
24218,0.260498046875,0.3160121440887451,0.49370092153549194,0.5751622915267944
24219,0.505615234375,0.5120679140090942,0.5220667123794556,0.622346043586731
24221,0.110107421875,0.20439434051513672,0.3333333134651184,0.6648431420326233
24222,0.263671875,0.3388899266719818,0.21350501477718353,0.30736541748046875
24223,0.956298828125,0.9600217938423157,1.0,0.8911448121070862
24224,0.2774251401424408,0.3348804712295532,0.8435737490653992,0.8877785801887512
24225,0.0625,0.18232351541519165,0.09622055292129517,0.3934206962585449
24226,0.946533203125,0.9492529630661011,1.0,0.9143908023834229
24227,0.260498046875,0.29832613468170166,0.49370092153549194,0.49227896332740784
24228,0.05078125,0.056884765625,0.13908983767032623,0.1485743671655655
24229,0.499755859375,0.5294159650802612,0.9037794470787048,0.8257145285606384
24230,0.23828125,0.2914745509624481,0.7039180994033813,0.7148813009262085
24231,0.16796875,0.21747568249702454,0.3974803686141968,0.5116845369338989
24232,0.9444172978401184,0.9507426619529724,0.8315341472625732,0.8522961735725403
24233,0.9673665165901184,0.9677445888519287,1.0,0.9802038073539734
24234,0.12109375,0.1736222356557846,0.46358197927474976,0.7040263414382935
24236,0.951904296875,0.9546929001808167,0.8690900206565857,0.727496862411499
24237,0.953369140625,0.9576920866966248,0.912726640701294,0.9809257984161377
24238,0.9444172978401184,0.9511467218399048,0.8315341472625732,0.9061413407325745
24239,0.212890625,0.212890625,1.0,1.0
24240,0.393798828125,0.4350776672363281,0.5977610945701599,0.626628041267395
24241,0.518798828125,0.5756183862686157,0.6967307925224304,0.7803928852081299
24242,0.518798828125,0.5735378265380859,0.6967307925224304,0.8559930920600891
24243,0.05078125,0.0792824923992157,0.2737712264060974,0.4584566354751587
24244,0.44921875,0.47661590576171875,0.7984848022460938,0.8894035816192627
24245,0.300537109375,0.3470025360584259,0.4636814594268799,0.4463958740234375
24246,0.110107421875,0.17427588999271393,0.20503923296928406,0.37469154596328735
24247,0.466064453125,0.4921504557132721,0.8656565546989441,0.8666830658912659
24248,0.518798828125,0.540566086769104,1.0,0.7900492548942566
24249,0.166259765625,0.19973373413085938,0.6291344165802002,0.8044726848602295
24250,0.4375,0.4644455015659332,0.7452524900436401,0.8570401072502136
24251,0.374755859375,0.4434624910354614,0.5307213068008423,0.5910680890083313
24252,0.05078125,0.11343228816986084,0.17690707743167877,0.38302287459373474
24253,0.518798828125,0.5246009826660156,1.0,1.0
24254,0.0625,0.07265625149011612,0.41311731934547424,0.5196610689163208
24255,0.2044270783662796,0.27171754837036133,0.5474918484687805,0.858284056186676
24256,0.260498046875,0.28106892108917236,0.9514426589012146,0.8663709163665771
24257,0.466064453125,0.5077017545700073,0.7823625802993774,0.945809006690979
24258,0.166259765625,0.21985512971878052,0.5307213068008423,0.7662109136581421
24259,0.146728515625,0.16088521480560303,0.7579237222671509,0.7746345400810242
24260,0.166259765625,0.2605441212654114,0.32645606994628906,0.6159875988960266
24261,0.304931640625,0.3488110899925232,1.0,0.9670019745826721
24262,0.166259765625,0.26864108443260193,0.1844630092382431,0.5075339078903198
24263,0.0625,0.11911427974700928,0.24207624793052673,0.6469924449920654
24264,0.2774251401424408,0.3754673898220062,0.5188971757888794,0.8185498714447021
24265,0.946533203125,0.9511683583259583,1.0,1.0
24267,0.23828125,0.29103678464889526,0.7039180994033813,0.8757877349853516
24268,0.091796875,0.091796875,1.0,1.0
24269,0.12109375,0.19981569051742554,0.24055138230323792,0.5862413048744202
24270,0.260498046875,0.30754101276397705,0.8026120662689209,0.902446985244751
24271,0.091796875,0.13822683691978455,0.3948093354701996,0.5670042634010315
24272,0.228759765625,0.298370361328125,0.6461858153343201,0.8251405954360962
24273,0.374755859375,0.44497764110565186,0.5307213068008423,0.8299649953842163
24274,0.091796875,0.13637876510620117,0.3948093354701996,0.6945111751556396
24275,0.518798828125,0.5467804670333862,1.0,0.7939513921737671
24276,0.304931640625,0.36086025834083557,1.0,0.8984619379043579
24277,0.166259765625,0.19232413172721863,0.8213136792182922,0.8608506917953491
24278,0.518798828125,0.5376558303833008,1.0,0.9927393198013306
24279,0.110107421875,0.21545523405075073,0.20503923296928406,0.5759996175765991
24280,0.12109375,0.14117547869682312,0.605190634727478,0.7091603875160217
24281,0.567138671875,0.6221473217010498,0.4261382520198822,0.7374321222305298
24282,0.091796875,0.11411285400390625,0.7653606534004211,0.9438661336898804
24283,0.0625,0.1329912692308426,0.23463936150074005,0.45009270310401917
24284,0.0625,0.09699249267578125,0.15642623603343964,0.2312411516904831
24285,0.146728515625,0.23895524442195892,0.3012597858905792,0.559607982635498
24286,0.0,0.03485412523150444,0.0,0.09947886317968369
24287,0.518798828125,0.5655732750892639,0.6967307925224304,0.7260079979896545
24288,0.3059895932674408,0.3749881982803345,0.4357588291168213,0.6236253976821899
24289,0.260498046875,0.33213257789611816,0.34397661685943604,0.44991534948349
24290,0.3599446713924408,0.42405393719673157,0.5626510977745056,0.6446996331214905
24291,0.953369140625,0.9576238989830017,0.912726640701294,0.754737138748169
24292,0.3599446713924408,0.40261349081993103,0.5626510977745056,0.5716580152511597
24293,0.606689453125,0.6366733312606812,1.0,0.7627643942832947
24294,0.940673828125,0.9498329162597656,0.7038999795913696,0.738579273223877
24295,0.150390625,0.20192095637321472,0.4525081515312195,0.45075854659080505
24296,0.197998046875,0.28834837675094604,0.23883214592933655,0.5740607380867004
24297,0.9507649540901184,0.9554008841514587,0.8898733854293823,0.8116297125816345
24298,0.2774251401424408,0.35922127962112427,0.36153164505958557,0.46362584829330444
24299,0.47265625,0.4780350625514984,0.4784300625324249,0.5400407910346985
24300,0.260498046875,0.3524652123451233,0.34397661685943604,0.6182615756988525
24301,0.956298828125,0.9583009481430054,1.0,0.7737361788749695
24302,0.166259765625,0.19172638654708862,0.5307213068008423,0.5132615566253662
24303,0.9466145634651184,0.951734185218811,0.8072783350944519,0.7634338140487671
24304,0.584228515625,0.5850109457969666,0.6245770454406738,0.7631619572639465
24305,0.150390625,0.19222426414489746,0.4525081515312195,0.3680194020271301
24306,0.393798828125,0.46126970648765564,0.5977610945701599,0.8083866834640503
24307,0.2774251401424408,0.321925550699234,0.8435737490653992,0.8253933787345886
24308,0.499755859375,0.5653169751167297,0.629690945148468,0.7319783568382263
24309,0.304931640625,0.357526957988739,1.0,0.9102045297622681
24310,0.0,0.03859710693359375,0.0,0.1032688319683075
24311,0.431884765625,0.47006362676620483,0.7318407297134399,0.644505500793457
24312,0.9673665165901184,0.9679076671600342,0.8748590350151062,0.929904580116272
24313,0.556884765625,0.5859438180923462,0.8308104276657104,0.6439687609672546
24314,0.499755859375,0.5619690418243408,0.629690945148468,0.6388429999351501
24315,0.967041015625,0.9674705266952515,1.0,1.0
24316,0.466064453125,0.5217240452766418,0.7823625802993774,0.7833274602890015
24317,0.260498046875,0.3337409496307373,0.8026120662689209,0.8043755292892456
24318,0.393798828125,0.43671077489852905,0.5977610945701599,0.64082932472229
24319,0.968017578125,0.9680711030960083,1.0,0.9199120998382568
24320,0.05078125,0.10656507313251495,0.08755692839622498,0.18956950306892395
24321,0.518798828125,0.5849714279174805,0.6967307925224304,0.7957891821861267
24322,0.3125,0.32336482405662537,0.32727500796318054,0.45458900928497314
24323,0.9673665165901184,0.9676245450973511,1.0,0.7765175104141235
24324,0.9673665165901184,0.9676650166511536,1.0,0.8274776935577393
24325,0.968017578125,0.9680773019790649,1.0,1.0
24327,0.393798828125,0.46545425057411194,0.5977610945701599,0.7649531364440918
24328,0.03125,0.0396205373108387,0.29608193039894104,0.3270396590232849
24329,0.228759765625,0.26761966943740845,0.3974803686141968,0.4322938323020935
24330,0.0,0.12048383802175522,0.0,0.30085399746894836
24331,0.560546875,0.5863478183746338,0.8838695287704468,0.7958961129188538
24332,0.3599446713924408,0.4219715893268585,0.5626510977745056,0.7310218811035156
24333,0.197998046875,0.24852421879768372,0.29449179768562317,0.3591737747192383
24334,0.580322265625,0.6222679615020752,0.86592036485672,0.8631019592285156
24335,0.431884765625,0.47859668731689453,0.7318407297134399,0.6865739226341248
24336,0.14453125,0.2051399201154709,0.5307213068008423,0.5694969296455383
24337,0.212890625,0.3150748610496521,0.24341687560081482,0.45166751742362976
24338,0.499755859375,0.5110518336296082,1.0,0.8811241984367371
24339,0.228759765625,0.24217592179775238,0.6461858153343201,0.49866390228271484
24340,0.703369140625,0.7060835361480713,0.8588406443595886,0.8129791617393494
24341,0.197998046875,0.23244862258434296,0.6871474981307983,0.5502046346664429
24342,0.61328125,0.6160906553268433,0.6327316761016846,0.5009711980819702
24343,0.2774251401424408,0.3218843340873718,0.8435737490653992,0.6490752100944519
24344,0.499755859375,0.5339660048484802,0.629690945148468,0.5432883501052856
24345,0.2044270783662796,0.24886564910411835,0.5474918484687805,0.4718099534511566
24346,0.3599446713924408,0.39446407556533813,0.6497723460197449,0.633078396320343
24347,0.08984375,0.18323256075382233,0.3333333134651184,0.5908982753753662
24348,0.46875,0.48394453525543213,0.3384338617324829,0.5845335125923157
24349,0.431884765625,0.4731466472148895,0.7318407297134399,0.7955762147903442
24350,0.304931640625,0.3714071214199066,0.4285714626312256,0.4788561165332794
24351,0.110107421875,0.1549457609653473,1.0,0.9337458610534668
24352,0.110107421875,0.12298202514648438,1.0,0.5637885332107544
24353,0.260498046875,0.2923485338687897,0.8026120662689209,0.8403322696685791
24354,0.0,0.0078125,0.0,0.10699313133955002
24355,0.304931640625,0.38637739419937134,0.49493172764778137,0.6326610445976257
24356,0.09375,0.19638371467590332,0.1465403288602829,0.4399109482765198
24357,0.580322265625,0.5944411158561707,1.0,0.7682808637619019
24358,0.518798828125,0.560429573059082,0.6967307925224304,0.7502623200416565
24359,0.374755859375,0.4274764657020569,0.5307213068008423,0.6248035430908203
24360,0.260498046875,0.3251338005065918,0.397238165140152,0.5209115743637085
24361,0.560546875,0.615516185760498,0.7653606534004211,0.9033637642860413
24362,0.0,0.0,0.0,0.0
24363,0.51953125,0.5734453201293945,0.7039180994033813,0.8583351373672485
24364,0.431884765625,0.47538310289382935,0.7318407297134399,0.651822566986084
24365,0.968017578125,0.968064546585083,1.0,0.9124981760978699
24366,0.08203125,0.14193633198738098,0.3631143569946289,0.6556419134140015
24367,0.21875,0.21875,0.6309297680854797,0.6309297680854797
24368,0.490234375,0.5163246393203735,0.8556691408157349,0.6836761832237244
24369,0.2774251401424408,0.3201045095920563,0.8435737490653992,0.7839200496673584
24370,0.956298828125,0.9600248336791992,1.0,0.8766000270843506
24371,0.953369140625,0.9603276252746582,0.7479812502861023,0.7951383590698242
24372,0.091796875,0.091796875,1.0,1.0
24373,0.469970703125,0.47811999917030334,0.3877114951610565,0.6805099248886108
24374,0.374755859375,0.4436969757080078,0.5307213068008423,0.6141870617866516
24375,0.531982421875,0.5622926354408264,0.7462155222892761,0.8109899163246155
24376,0.374755859375,0.4234952926635742,0.5307213068008423,0.4640011787414551
24377,0.4700520932674408,0.4735186994075775,0.4763675928115845,0.4957730174064636
24378,0.518798828125,0.5549514293670654,1.0,0.9563114047050476
24379,0.951171875,0.9535849690437317,0.9282863140106201,0.7710531949996948
24380,0.9507649540901184,0.9553222060203552,0.8898733854293823,0.7546983361244202
24381,0.9466145634651184,0.955220103263855,0.5787770748138428,0.7917808890342712
24382,0.0625,0.0797119140625,0.4692787230014801,0.42391112446784973
24383,0.110107421875,0.1918535679578781,0.3333333134651184,0.5045069456100464
24384,0.0,0.0069444444961845875,0.0,0.06625422835350037
24385,0.556884765625,0.6107631921768188,0.5407800078392029,0.6971117258071899
24386,0.304931640625,0.36309948563575745,0.4285714626312256,0.4278128445148468
24387,0.531982421875,0.5791422724723816,0.7462155222892761,0.7352831363677979
24388,0.278564453125,0.3277185559272766,0.45805788040161133,0.5287197828292847
24389,0.432373046875,0.438253253698349,0.4040961265563965,0.5270878672599792
24390,0.966796875,0.9673711657524109,0.8748388290405273,0.8188142776489258
24391,0.08203125,0.11595448851585388,0.11613046377897263,0.1442674845457077
24392,0.02083333395421505,0.07227282226085663,0.04811027646064758,0.17236243188381195
24393,0.499755859375,0.5669251084327698,0.629690945148468,0.5812230110168457
24394,0.946533203125,0.9501055479049683,1.0,0.8746350407600403
24395,0.567138671875,0.6159815788269043,0.7988805174827576,0.7433444857597351
24396,0.304931640625,0.3694836497306824,0.4285714626312256,0.4563089907169342
24397,0.556884765625,0.6080248355865479,0.8308104276657104,0.8408681750297546
24398,0.712158203125,0.7125955820083618,0.7497180104255676,0.7935757040977478
24399,0.499755859375,0.5348075032234192,0.9037794470787048,0.7427940964698792
24400,0.556884765625,0.5994519591331482,0.8308104276657104,0.8026501536369324
24401,0.580322265625,0.601281464099884,0.86592036485672,0.5804000496864319
24402,0.261474609375,0.34413230419158936,0.4285714626312256,0.5907466411590576
24403,0.956298828125,0.9611234068870544,0.7169486284255981,0.8244389295578003
24404,0.44921875,0.5166575908660889,0.5027986764907837,0.5854516625404358
24405,0.304931640625,0.3786180317401886,0.4285714626312256,0.5055009722709656
24406,0.110107421875,0.1383548527956009,0.2620770037174225,0.32991889119148254
24407,0.703369140625,0.7063465118408203,0.7838867902755737,0.7471041083335876
24408,0.966796875,0.9676533341407776,0.7653606534004211,0.8274447917938232
24409,0.943115234375,0.9488606452941895,0.819014847278595,0.8052386045455933
24410,0.2774251401424408,0.3114149570465088,0.8435737490653992,0.6739376187324524
24411,0.488037109375,0.5397220253944397,0.6121358871459961,0.5242348313331604
24412,0.606689453125,0.6419414281845093,1.0,0.8861106634140015
24413,0.2774251401424408,0.3201045095920563,0.8435737490653992,0.7839200496673584
24414,0.02083333395421505,0.0374654158949852,0.07821311801671982,0.13306261599063873
24415,0.580322265625,0.6232761144638062,0.86592036485672,0.7873736023902893
24416,0.091796875,0.091796875,1.0,1.0
24417,0.263671875,0.42226314544677734,0.2660166919231415,0.6145113110542297
24418,0.466064453125,0.5596886873245239,0.5450960993766785,0.6437897086143494
24419,0.606689453125,0.6257590055465698,1.0,0.8350284695625305
24420,0.304931640625,0.35872048139572144,0.6151177287101746,0.632637083530426
24421,0.263671875,0.2971954345703125,0.4707868993282318,0.4490172863006592
24422,0.12109375,0.20886993408203125,0.24055138230323792,0.3329958915710449
24423,0.47265625,0.5031882524490356,0.8178747296333313,0.6703304648399353
24424,0.518798828125,0.5627278089523315,1.0,0.8802003860473633
24425,0.197998046875,0.26314547657966614,0.42267662286758423,0.5787615180015564
24426,0.556884765625,0.5838753581047058,0.8308104276657104,0.7150749564170837
24427,0.518798828125,0.592963457107544,0.6967307925224304,0.765375018119812
24428,0.966796875,0.9670990109443665,0.9422276020050049,0.8947115540504456
24429,0.9673665165901184,0.9677537083625793,1.0,0.905018150806427
24430,0.953369140625,0.9574041962623596,0.912726640701294,0.795278787612915
24431,0.110107421875,0.18670372664928436,0.20503923296928406,0.36853116750717163
24432,0.02083333395421505,0.07900099456310272,0.07821311801671982,0.2433120459318161
24433,0.966796875,0.9672220945358276,0.9422276020050049,0.9159073233604431
24434,0.228759765625,0.30964627861976624,0.6461858153343201,0.6520290970802307
24435,0.212890625,0.22330474853515625,0.5679726600646973,0.3583432734012604
24436,0.490234375,0.5092598795890808,0.8556691408157349,0.654829740524292
24437,0.956298828125,0.9606437683105469,0.7169486284255981,0.866786777973175
24438,0.4375,0.46079427003860474,0.8609101176261902,0.8710103034973145
24439,0.431884765625,0.4746374189853668,0.7318407297134399,0.80473393201828
24440,0.4375,0.5210064649581909,0.4692787528038025,0.6163999438285828
24441,0.431884765625,0.4621390402317047,0.7318407297134399,0.6801720261573792
24442,0.560546875,0.6060070395469666,0.7653606534004211,0.8186619281768799
24443,0.21875,0.242836132645607,0.42495885491371155,0.3997964560985565
24444,0.0,0.0162760429084301,0.0,0.17736999690532684
24445,0.9507649540901184,0.9551618099212646,0.8898733854293823,0.7879853844642639
24446,0.261474609375,0.32729846239089966,0.4285714626312256,0.5106282234191895
24447,0.580322265625,0.6175784468650818,0.86592036485672,0.7787752151489258
24448,0.260498046875,0.3673159182071686,0.34397661685943604,0.5297404527664185
24449,0.956298828125,0.9581104516983032,1.0,0.7694624066352844
24450,0.263671875,0.3516511023044586,0.32801172137260437,0.5411720275878906
24451,0.304931640625,0.351253867149353,1.0,0.7448087334632874
24452,0.091796875,0.11619424819946289,0.7653606534004211,0.586116373538971
24453,0.606689453125,0.6293496489524841,1.0,0.9678431749343872
24454,0.962158203125,0.9624636173248291,0.9625431895256042,0.8690328598022461
24455,0.712158203125,0.7125594019889832,0.7497180104255676,0.7029856443405151
24456,0.606689453125,0.6428326368331909,0.5334192514419556,0.6370456218719482
24457,0.556884765625,0.5992037653923035,0.8308104276657104,0.69725501537323
24458,0.580322265625,0.6031224131584167,1.0,0.8535882830619812
24459,0.1106770858168602,0.2182268500328064,0.2302355170249939,0.5051681995391846
24460,0.2774251401424408,0.34271979331970215,0.8435737490653992,0.7547757029533386
24461,0.03125,0.0550537109375,0.15273310244083405,0.21667315065860748
24462,0.2122395932674408,0.3081498444080353,0.19284793734550476,0.47954261302948
24463,0.166259765625,0.24255616962909698,0.5307213068008423,0.5874607563018799
24464,0.968017578125,0.9680669903755188,1.0,1.0
24465,0.374755859375,0.44679006934165955,0.6128985285758972,0.8087056279182434
24466,0.706298828125,0.710024356842041,0.871160089969635,0.8023097515106201
24467,0.261474609375,0.31311333179473877,0.49493172764778137,0.5851298570632935
24468,0.9673665165901184,0.9676682949066162,1.0,0.8346216082572937
24469,0.606689453125,0.6336886286735535,1.0,0.7400915622711182
24470,0.02083333395421505,0.17507679760456085,0.038710154592990875,0.3736598789691925
24471,0.146728515625,0.1723187267780304,0.3012597858905792,0.29752427339553833
24472,0.110107421875,0.1420324146747589,0.3951442539691925,0.47930601239204407
24473,0.260498046875,0.3213757276535034,0.49370092153549194,0.5335745215415955
24474,0.968017578125,0.9680771231651306,1.0,0.9026174545288086
24475,0.2122395932674408,0.2994949221611023,0.36153164505958557,0.5923925638198853
24476,0.968017578125,0.9680711627006531,1.0,0.9481627345085144
24477,0.571533203125,0.577649712562561,0.43686550855636597,0.43595433235168457
24478,0.956298828125,0.9611268639564514,0.8195018768310547,0.9307294487953186
24479,0.03125,0.03125,0.6309297680854797,0.6309297680854797
24480,0.304931640625,0.35269778966903687,1.0,0.7848489284515381
24481,0.212890625,0.2886243462562561,0.24341687560081482,0.33776214718818665
24482,0.703369140625,0.7092629671096802,0.6423966884613037,0.7838749885559082
24483,0.1458333432674408,0.1963244080543518,0.3367719352245331,0.41564375162124634
24484,0.35546875,0.3618554472923279,0.3709116578102112,0.44344013929367065
24485,0.9673665165901184,0.9679061770439148,0.8748590350151062,0.8597285747528076
24486,0.967041015625,0.9671868681907654,1.0,0.8410583734512329
24487,0.304931640625,0.3875998854637146,0.4285714626312256,0.5424607396125793
24488,0.05078125,0.0599365234375,0.5307212471961975,0.5043776035308838
24489,0.953369140625,0.9581925868988037,0.912726640701294,0.8146082162857056
24490,0.9507649540901184,0.9540468454360962,0.8898733854293823,0.9288199543952942
24491,0.09375,0.178439199924469,0.29608193039894104,0.473734050989151
24492,0.706298828125,0.710259735584259,0.871160089969635,0.8665254712104797
24493,0.953369140625,0.9573386311531067,0.912726640701294,0.7712411284446716
24494,0.197998046875,0.2756088972091675,0.29449179768562317,0.4559057950973511
24495,0.455078125,0.5120474100112915,0.7342523336410522,0.6817283630371094
24496,0.146728515625,0.2420150190591812,0.2098969668149948,0.3912753164768219
24497,0.968017578125,0.9680777192115784,1.0,0.8667422533035278
24498,0.2774251401424408,0.3122028112411499,0.36153164505958557,0.31811484694480896
24499,0.25390625,0.3438030481338501,0.39664164185523987,0.6176937818527222
24500,0.580322265625,0.6143509149551392,0.86592036485672,0.6287289261817932
24501,0.580322265625,0.625062882900238,0.86592036485672,0.910545289516449
24502,0.304931640625,0.39492517709732056,0.6151177287101746,0.8366851210594177
24503,0.606689453125,0.6390945911407471,1.0,0.7900984287261963
24504,0.957763671875,0.9583479166030884,0.8271697163581848,0.8419899940490723
24505,0.300537109375,0.3380188047885895,0.6655102372169495,0.774253249168396
24506,0.393798828125,0.4831652343273163,0.38908666372299194,0.7063204646110535
24507,0.951904296875,0.9576048254966736,0.7122209072113037,0.6731621623039246
24508,0.47265625,0.5095442533493042,0.6580725908279419,0.6094691157341003
24509,0.95703125,0.957994818687439,0.7039180397987366,0.8010278940200806
24510,0.260498046875,0.32765960693359375,0.397238165140152,0.5267043113708496
24511,0.304931640625,0.3533381223678589,0.4285714626312256,0.3140212893486023
24512,0.197998046875,0.2531357407569885,0.34009110927581787,0.3968881070613861
24513,0.146728515625,0.20714110136032104,0.2098969668149948,0.33197376132011414
24514,0.197998046875,0.21917062997817993,0.42267662286758423,0.349300742149353
24515,0.531982421875,0.576826810836792,0.7462155222892761,0.7118174433708191
24516,0.08203125,0.1069650650024414,0.23463936150074005,0.26317885518074036
24517,0.967041015625,0.9676617383956909,0.9284793138504028,0.8577024340629578
24518,0.556884765625,0.6056978106498718,0.8308104276657104,0.8244343400001526
24519,0.556884765625,0.6044816374778748,0.5407800078392029,0.6012943387031555
24520,0.580322265625,0.6270328760147095,0.86592036485672,0.732651948928833
24521,0.606689453125,0.6403622627258301,1.0,0.8884634375572205
24522,0.197998046875,0.26563990116119385,0.29449179768562317,0.39886435866355896
24523,0.556884765625,0.5803685784339905,0.8308104276657104,0.6591684818267822
24524,0.260498046875,0.2660239040851593,0.9514426589012146,0.938318133354187
24525,0.197998046875,0.22873228788375854,0.6871474981307983,0.5408812761306763
24526,0.556884765625,0.6007453203201294,0.8308104276657104,0.8398739099502563
24527,0.1106770858168602,0.12815794348716736,0.2302355170249939,0.18407398462295532
24528,0.1875,0.26966577768325806,0.20111946761608124,0.31684815883636475
24529,0.304931640625,0.37995854020118713,0.4285714626312256,0.6279571056365967
24530,0.393798828125,0.4544927477836609,0.5977610945701599,0.6065406799316406
24531,0.701171875,0.7082279920578003,0.5150786638259888,0.6183679699897766
24532,0.518798828125,0.5627051591873169,0.6967307925224304,0.7434243559837341
24533,0.466064453125,0.5386070609092712,0.5450960993766785,0.5409765839576721
24534,0.9673665165901184,0.9677510261535645,1.0,0.9088025093078613
24535,0.0,0.0062500000931322575,0.0,0.13565197587013245
24536,0.466064453125,0.488263875246048,0.3887326717376709,0.43163490295410156
24537,0.518798828125,0.5835521817207336,0.6967307925224304,0.6245314478874207
24538,0.09375,0.09375,0.35098522901535034,0.288248211145401
24539,0.966796875,0.96733158826828,0.8748388290405273,0.6573828458786011
24540,0.499755859375,0.5471977591514587,0.7271926999092102,0.7429772019386292
24541,0.967041015625,0.9678135514259338,0.8122885227203369,0.8677161931991577
24542,0.12109375,0.14720693230628967,0.3910655975341797,0.3685262203216553
24543,0.580322265625,0.6129902005195618,0.5636333227157593,0.5426315069198608
24544,0.499755859375,0.5701581239700317,0.629690945148468,0.7688587307929993
24545,0.580322265625,0.6231075525283813,0.86592036485672,0.6668918132781982
24546,0.08984375,0.16505460441112518,0.1428571492433548,0.2085130363702774
24547,0.0625,0.15818265080451965,0.09622055292129517,0.3638318181037903
24548,0.3599446713924408,0.3996798098087311,0.5626510977745056,0.4314127266407013
24549,0.956298828125,0.9610742926597595,0.8195018768310547,0.8331969976425171
24550,0.968017578125,0.9680776596069336,1.0,0.7418102622032166
24551,0.0,0.012500000186264515,0.0,0.38685280084609985
24552,0.560546875,0.5930792689323425,0.7653606534004211,0.6327829360961914
24553,0.304931640625,0.3872074782848358,0.2789600193500519,0.5667582154273987
24554,0.9466145634651184,0.9532536864280701,0.6615661382675171,0.6600143909454346
24555,0.02083333395421505,0.02815755270421505,0.23463936150074005,0.24676162004470825
24556,0.967041015625,0.9677073359489441,0.8122885227203369,0.9049914479255676
24557,0.260498046875,0.32819363474845886,0.397238165140152,0.48671993613243103
24558,0.0625,0.10798904299736023,0.24207624793052673,0.45897772908210754
24559,0.02083333395421505,0.0480702742934227,0.038710154592990875,0.1009301021695137
24560,0.2774251401424408,0.35187891125679016,0.5188971757888794,0.6238982081413269
24561,0.03125,0.0831298828125,0.060708411037921906,0.1779845505952835
24562,0.304931640625,0.34781068563461304,0.49493172764778137,0.5388760566711426
24563,0.9668782353401184,0.9676143527030945,0.892719030380249,0.8880002498626709
24564,0.488037109375,0.5434312224388123,0.6121358871459961,0.5848245024681091
24565,0.953369140625,0.9581082463264465,0.912726640701294,0.8066033124923706
24566,0.304931640625,0.35030820965766907,0.6151177287101746,0.602162778377533
24567,0.580322265625,0.6185107231140137,0.86592036485672,0.7317841053009033
24568,0.580322265625,0.6119858026504517,0.86592036485672,0.7334271669387817
24569,0.393798828125,0.4418070614337921,0.5977610945701599,0.6091652512550354
24570,0.556884765625,0.600730299949646,0.8308104276657104,0.8025009632110596
24571,0.091796875,0.0972900390625,0.3948093354701996,0.38799846172332764
24572,0.23828125,0.3377699851989746,0.30167919397354126,0.4034903645515442
24573,0.432373046875,0.44049355387687683,0.4040961265563965,0.6674535870552063
24574,0.166259765625,0.2476254403591156,0.22745199501514435,0.3475261926651001
24575,0.03125,0.07802272588014603,0.09869397431612015,0.23499543964862823
24576,0.03125,0.03125,0.29608193039894104,0.24630238115787506
24577,0.488037109375,0.5236197710037231,0.8785831332206726,0.8583730459213257
24578,0.08984375,0.2044861912727356,0.1428571492433548,0.3540017902851105
24579,0.606689453125,0.6412217020988464,1.0,0.885246992111206
24580,0.05078125,0.08243227750062943,0.2737712264060974,0.3819739818572998
24581,0.0625,0.084716796875,0.14433082938194275,0.17184770107269287
24582,0.9375,0.9488738179206848,0.5364049673080444,0.7095133066177368
24583,0.0,0.0,0.0,0.0
24584,0.499755859375,0.5474785566329956,0.629690945148468,0.49020132422447205
24585,0.278564453125,0.3082024157047272,0.39664164185523987,0.3758471608161926
24586,0.110107421875,0.14435258507728577,0.3951442539691925,0.5140819549560547
24587,0.431884765625,0.46544545888900757,0.7318407297134399,0.5565086007118225
24588,0.9507649540901184,0.9550832509994507,0.8898733854293823,0.7993080615997314
24589,0.08203125,0.1255950629711151,0.11613046377897263,0.2300049066543579
24590,0.260498046875,0.3128618001937866,0.34397661685943604,0.3520072102546692
24591,0.2122395932674408,0.2503550350666046,0.4175114035606384,0.4411999583244324
24592,0.197998046875,0.2544097602367401,0.1916866898536682,0.2718069851398468
24593,0.956298828125,0.9603156447410583,0.7169486284255981,0.8772796988487244
24594,0.706298828125,0.7089038491249084,0.871160089969635,0.7639658451080322
24595,0.580322265625,0.6313332319259644,0.86592036485672,0.8555194735527039
24596,0.263671875,0.2738640308380127,0.90728360414505,0.7353502511978149
24597,0.03125,0.1710519790649414,0.0488467775285244,0.3327150046825409
24598,0.110107421875,0.2061108499765396,0.1428571492433548,0.3017127811908722
24599,0.393798828125,0.4345114529132843,0.5977610945701599,0.47460293769836426
24600,0.12109375,0.17458666861057281,0.24055138230323792,0.3646027743816376
24601,0.9673665165901184,0.9677277207374573,0.8748590350151062,0.7454890012741089
24602,0.606689453125,0.6391569375991821,1.0,0.8290131688117981
24603,0.9444172978401184,0.951954185962677,0.6219719052314758,0.5935459733009338
24604,0.0,0.0,0.0,0.0
24605,0.466064453125,0.5514308214187622,0.35480669140815735,0.6068963408470154
24606,0.02083333395421505,0.16192059218883514,0.02390456385910511,0.3367830514907837
24607,0.518798828125,0.5569431781768799,0.6967307925224304,0.6255155205726624
24608,0.228759765625,0.2777877151966095,0.3974803686141968,0.5228461623191833
24609,0.393798828125,0.4670523703098297,0.5977610945701599,0.7301961183547974
24611,0.0625,0.11291196942329407,0.23463936150074005,0.3556957244873047
24612,0.1106770858168602,0.16869476437568665,0.18525049090385437,0.26096445322036743
24613,0.567138671875,0.6090415120124817,0.7988805174827576,0.6452261209487915
24614,0.2044270783662796,0.2591460645198822,0.2709710896015167,0.32644468545913696
24615,0.091796875,0.18444707989692688,0.12626707553863525,0.38838744163513184
24616,0.469970703125,0.4766029119491577,0.5407800078392029,0.5924609899520874
24617,0.580322265625,0.6152454614639282,0.86592036485672,0.6324091553688049
24618,0.518798828125,0.5790373682975769,0.6967307925224304,0.7787368893623352
24619,0.091796875,0.12890523672103882,0.255120187997818,0.24944375455379486
24620,0.518798828125,0.5509495735168457,0.4535067081451416,0.3984638452529907
24621,0.943115234375,0.9477502107620239,0.9313938021659851,0.9444420337677002
24622,0.091796875,0.1153390109539032,0.3948093354701996,0.5316664576530457
24623,0.518798828125,0.5805441737174988,0.4535067081451416,0.7469651699066162
24624,0.197998046875,0.2646356225013733,0.6871474981307983,0.829821765422821
24625,0.08203125,0.11089181900024414,0.3631143569946289,0.3983449935913086
24626,0.110107421875,0.216206356883049,0.20503923296928406,0.5933714509010315
24627,0.304931640625,0.3655247092247009,0.6151177287101746,0.6901189684867859
24629,0.499755859375,0.5333297848701477,0.7271926999092102,0.662959098815918
24630,0.110107421875,0.19059233367443085,0.3333333134651184,0.6674967408180237
24631,0.9673665165901184,0.9677688479423523,0.8748590350151062,0.7350254654884338
24632,0.2774251401424408,0.3169107735157013,0.8435737490653992,0.9594253301620483
24633,0.568359375,0.5746706128120422,0.5958904027938843,0.6950019598007202
24634,0.110107421875,0.19946402311325073,0.3333333134651184,0.5972052216529846
24635,0.23828125,0.28125202655792236,0.7039180994033813,0.7470548152923584
24636,0.110107421875,0.16608931124210358,0.3333333134651184,0.37449005246162415
24637,0.9444172978401184,0.948921263217926,0.9456308484077454,0.8938003778457642
24638,0.946533203125,0.946533203125,1.0,0.9343641400337219
24639,0.110107421875,0.1448965072631836,1.0,0.7935841679573059
24640,0.580322265625,0.6115668416023254,0.86592036485672,0.9184360504150391
24641,0.228759765625,0.2976510226726532,0.6461858153343201,0.7264223694801331
24642,0.14453125,0.21003112196922302,0.2626707851886749,0.4016494154930115
24643,0.260498046875,0.33672764897346497,0.8026120662689209,0.9372832179069519
24644,0.304931640625,0.35789263248443604,1.0,0.9216586947441101
24645,0.091796875,0.16066645085811615,0.15692895650863647,0.35248005390167236
24646,0.431884765625,0.4718032479286194,0.7318407297134399,0.7947139143943787
24647,0.488037109375,0.5484564304351807,0.6121358871459961,0.7117617726325989
24648,0.531982421875,0.5842956900596619,0.7462155222892761,0.7946147322654724
24649,0.110107421875,0.2182927280664444,0.1428571492433548,0.4170958995819092
24650,0.110107421875,0.16929864883422852,0.3333333134651184,0.5389830470085144
24651,0.304931640625,0.39676743745803833,0.4285714626312256,0.7744338512420654
24652,0.110107421875,0.19074027240276337,0.3333333134651184,0.6328200101852417
24653,0.956298828125,0.9590657353401184,1.0,0.9193129539489746
24654,0.9673665165901184,0.967745304107666,1.0,0.9395286440849304
24655,0.499755859375,0.5375705361366272,0.9037794470787048,0.8047459721565247
24656,0.956298828125,0.9594839215278625,1.0,0.9433664679527283
24657,0.05078125,0.16906999051570892,0.10881868004798889,0.5017280578613281
24658,0.304931640625,0.3540682792663574,1.0,0.9227686524391174
24659,0.712158203125,0.7124761939048767,0.8569586873054504,0.8637351989746094
24660,0.091796875,0.097900390625,0.7653606534004211,0.7541985511779785
24661,0.956298828125,0.9598919749259949,1.0,0.996332585811615
24662,0.567138671875,0.5879983901977539,0.9225797057151794,0.9846466183662415
24663,0.953369140625,0.9560967087745667,1.0,0.8899219036102295
24664,0.03125,0.0655159056186676,0.29608193039894104,0.511649489402771
24665,0.940673828125,0.9480629563331604,0.771205723285675,0.9312829375267029
24666,0.0,0.07297566533088684,0.0,0.5258830189704895
24668,0.499755859375,0.499755859375,1.0,0.9561583995819092
24669,0.212890625,0.24872876703739166,0.67329341173172,0.6911558508872986
24670,0.488037109375,0.5498722791671753,0.6121358871459961,0.8028625845909119
24671,0.304931640625,0.3552865982055664,1.0,0.8277801871299744
24672,0.959228515625,0.9594621062278748,0.9394869804382324,0.9330083727836609
24673,0.606689453125,0.6127909421920776,1.0,0.8940987586975098
24674,0.110107421875,0.16778317093849182,0.3951442539691925,0.6629354357719421
24675,0.946533203125,0.9540684819221497,0.7083972692489624,0.8788754940032959
24676,0.14453125,0.15888698399066925,0.6291344165802002,0.5548263788223267
24677,0.3599446713924408,0.39810436964035034,0.8075588941574097,0.8596227765083313
24678,0.940673828125,0.9451043009757996,0.8770246505737305,0.8464531302452087
24679,0.197998046875,0.29449915885925293,0.29449179768562317,0.5555835962295532
24680,0.263671875,0.3211356997489929,0.7653606534004211,0.826281726360321
24681,0.304931640625,0.3964432179927826,0.4285714626312256,0.6930174231529236
24682,0.967041015625,0.9673317670822144,0.9284793138504028,0.8943413496017456
24684,0.1875,0.22229108214378357,0.5562983751296997,0.7903130054473877
24685,0.940673828125,0.9503342509269714,0.5046601295471191,0.6302029490470886
24686,0.08203125,0.1452271044254303,0.23463936150074005,0.3913710117340088
24687,0.261474609375,0.3163495659828186,0.4285714626312256,0.5624265670776367
24688,0.110107421875,0.20066875219345093,0.3333333134651184,0.5358918309211731
24689,0.946533203125,0.9492136836051941,1.0,1.0
24690,0.3599446713924408,0.4155319929122925,0.5626510977745056,0.7171282768249512
24691,0.228759765625,0.31912246346473694,0.3974803686141968,0.6738222241401672
24692,0.05078125,0.1471424698829651,0.17690707743167877,0.5354163646697998
24694,0.110107421875,0.17467264831066132,0.3951442539691925,0.6812273263931274
24695,0.304931640625,0.370283842086792,0.6151177287101746,0.7724376916885376
24696,0.939453125,0.94036865234375,0.9690036177635193,0.910625159740448
24697,0.393798828125,0.45689791440963745,0.5977610945701599,0.7520259618759155
24698,0.14453125,0.21541693806648254,0.5307213068008423,0.7214140295982361
24699,0.51953125,0.5625090003013611,0.7039180994033813,0.7798801064491272
24700,0.228759765625,0.2544762194156647,1.0,0.8792828917503357
24701,0.304931640625,0.351105660200119,1.0,0.8367919325828552
24702,0.567138671875,0.5900523066520691,0.9225797057151794,0.9316301941871643
24703,0.518798828125,0.569050669670105,0.8046129941940308,0.8747807145118713
24704,0.166259765625,0.2585832476615906,0.5307213068008423,0.7309989929199219
24705,0.633056640625,0.6398279666900635,0.5862115621566772,0.6970674991607666
24706,0.943115234375,0.9480534791946411,0.9313938021659851,0.9111214280128479
24707,0.967041015625,0.9674543142318726,0.9284793138504028,0.9222844839096069
24708,0.228759765625,0.26002928614616394,0.7660098671913147,0.7483571767807007
24709,0.19921875,0.27527838945388794,0.3483913838863373,0.6423757672309875
24710,0.946533203125,0.9512741565704346,1.0,0.9227043390274048
24711,0.953369140625,0.9582425355911255,0.912726640701294,0.9908041954040527
24712,0.9507649540901184,0.9534440040588379,0.8898733854293823,0.7199422717094421
24713,0.228759765625,0.30985167622566223,0.6461858153343201,0.6885977387428284
24714,0.9444172978401184,0.9455098509788513,1.0,0.9769695401191711
24715,0.110107421875,0.1462436020374298,1.0,0.855095624923706
24716,0.2044270783662796,0.21682484447956085,0.8472668528556824,0.6334889531135559
24717,0.499755859375,0.561443567276001,0.7271926999092102,0.8829909563064575
24718,0.166259765625,0.20850901305675507,0.8213136792182922,0.8871959447860718
24719,0.05078125,0.141311377286911,0.17690707743167877,0.5552812218666077
24720,0.606689453125,0.6183238625526428,1.0,0.8855719566345215
24721,0.197998046875,0.2258729785680771,0.8145672082901001,0.8495116233825684
24722,0.9668782353401184,0.9670107960700989,1.0,0.991509199142456
24723,0.09375,0.15253111720085144,0.29608193039894104,0.5052902698516846
24724,0.09375,0.14859771728515625,0.29608193039894104,0.46572986245155334
24725,0.0,0.015625,0.0,0.04218051955103874
24726,0.556884765625,0.596723198890686,0.8308104276657104,0.8520023226737976
24727,0.304931640625,0.35615676641464233,1.0,0.8531849980354309
24728,0.110107421875,0.19026504456996918,0.3333333134651184,0.48962822556495667
24729,0.956298828125,0.9588093757629395,1.0,0.8795628547668457
24730,0.110107421875,0.14361272752285004,0.5158474445343018,0.5803291201591492
24731,0.304931640625,0.3697076439857483,0.49493172764778137,0.6345108151435852
24733,0.146728515625,0.25665003061294556,0.3012597858905792,0.6380675435066223
24734,0.1106770858168602,0.16355375945568085,0.37429505586624146,0.5639154314994812
24735,0.374755859375,0.45028209686279297,0.5307213068008423,0.7111728191375732
24736,0.212890625,0.3360133767127991,0.24341687560081482,0.5738017559051514
24737,0.0625,0.1503753513097763,0.23463936150074005,0.4690566062927246
24738,0.556884765625,0.5944716930389404,0.8308104276657104,0.8616816997528076
24739,0.23828125,0.3403240442276001,0.30167919397354126,0.514208197593689
24740,0.166259765625,0.20689156651496887,0.2626707851886749,0.3074737787246704
24741,0.304931640625,0.37374943494796753,0.6151177287101746,0.8018883466720581
24742,0.344482421875,0.3926675617694855,0.5977610945701599,0.705316960811615
24743,0.962158203125,0.9625329971313477,0.8420895934104919,0.850220263004303
24744,0.943115234375,0.9490095973014832,0.7475366592407227,0.7714760899543762
24745,0.09375,0.1173773854970932,0.29608193039894104,0.43551668524742126
24746,0.212890625,0.2878808081150055,0.5679726600646973,0.7293591499328613
24747,0.9507649540901184,0.9541265368461609,0.974961519241333,0.9508044123649597
24748,0.959228515625,0.9596838355064392,0.8722942471504211,0.9044252038002014
24749,0.606689453125,0.6382603645324707,1.0,0.9476236701011658
24750,0.953369140625,0.9577956199645996,0.912726640701294,0.8595297336578369
24751,0.518798828125,0.5444276928901672,1.0,0.814138650894165
24752,0.08203125,0.18246246874332428,0.11613046377897263,0.43666794896125793
24753,0.2774251401424408,0.32931411266326904,0.8435737490653992,0.946413516998291
24754,0.228759765625,0.27100902795791626,0.7660098671913147,0.838335394859314
24755,0.2774251401424408,0.3656295835971832,0.5188971757888794,0.7819857001304626
24756,0.166259765625,0.21829470992088318,0.5307213068008423,0.5982285141944885
24757,0.956298828125,0.959445059299469,1.0,0.9631707668304443
24758,0.166259765625,0.22315388917922974,0.5307213068008423,0.5858842134475708
24759,0.02083333395421505,0.14670605957508087,0.038710154592990875,0.4397153854370117
24760,0.0625,0.11685943603515625,0.1854327917098999,0.3710959851741791
24761,0.0,0.015625,0.0,0.2640681564807892
24762,0.0625,0.1006905734539032,0.24207624793052673,0.43112391233444214
24763,0.228759765625,0.30373314023017883,0.3974803686141968,0.4945576786994934
24764,0.957763671875,0.9586461782455444,0.7236568927764893,0.8731184601783752
24765,0.9388020634651184,0.9430282115936279,0.7410414814949036,0.7751868367195129
24767,0.956298828125,0.9610463976860046,0.8195018768310547,0.9220000505447388
24768,0.469970703125,0.47448375821113586,0.6737852096557617,0.7373336553573608
24769,0.0625,0.14476320147514343,0.15642623603343964,0.4614027440547943
24770,0.706298828125,0.7094832062721252,0.871160089969635,0.8767051696777344
24771,0.2774251401424408,0.3373442590236664,0.8435737490653992,0.837768018245697
24772,0.166259765625,0.23630665242671967,0.5307213068008423,0.7500017881393433
24773,0.9673665165901184,0.9677332043647766,1.0,0.953986406326294
24774,0.091796875,0.15125495195388794,0.3948093354701996,0.706295907497406
24775,0.110107421875,0.21223962306976318,0.16497723758220673,0.4226562976837158
24776,0.956298828125,0.9611400961875916,0.7169486284255981,0.904548168182373
24777,0.943359375,0.9481756091117859,0.9184463024139404,0.9099786281585693
24778,0.228759765625,0.3177148103713989,0.276936799287796,0.423003226518631
24779,0.953369140625,0.9566963911056519,0.912726640701294,0.9643756747245789
24780,0.166259765625,0.19981789588928223,0.6291344165802002,0.6610980033874512
24781,0.304931640625,0.4090205729007721,0.4285714626312256,0.6223777532577515
24782,0.946533203125,0.9518501162528992,0.8026000261306763,0.7788051962852478
24783,0.150390625,0.16390419006347656,0.7002755999565125,0.7814048528671265
24784,0.228759765625,0.2899686396121979,0.6461858153343201,0.7562292218208313
24785,0.2122395932674408,0.25515976548194885,0.5188971757888794,0.5395656824111938
24786,0.05078125,0.10692787170410156,0.17690707743167877,0.3461742699146271
24787,0.1458333432674408,0.2608654201030731,0.15272833406925201,0.4905293583869934
24788,0.304931640625,0.371407151222229,1.0,0.943237841129303
24789,0.091796875,0.091796875,1.0,1.0
24790,0.091796875,0.10552978515625,0.3948093354701996,0.4519474506378174
24791,0.228759765625,0.26761966943740845,0.6461858153343201,0.645771861076355
24792,0.956298828125,0.9594865441322327,1.0,0.9946849942207336
24793,0.260498046875,0.3202188313007355,0.8026120662689209,0.7712740898132324
24794,0.304931640625,0.3813754916191101,0.49493172764778137,0.7336829304695129
24795,0.344482421875,0.3894006609916687,0.5977610945701599,0.7503722906112671
24796,0.9673665165901184,0.967889130115509,0.8748590350151062,0.8165682554244995
24797,0.956298828125,0.9603670239448547,0.8195018768310547,0.8476323485374451
24798,0.374755859375,0.43813619017601013,0.5307213068008423,0.7487545013427734
24799,0.110107421875,0.15885654091835022,0.5158474445343018,0.6943559050559998
24800,0.2774251401424408,0.3199160397052765,0.8435737490653992,0.6168056726455688
24801,0.110107421875,0.1834714114665985,0.3333333134651184,0.6932017207145691
24802,0.946533203125,0.9530079364776611,0.8026000261306763,0.8422046303749084
24803,0.146728515625,0.2272283434867859,0.48975956439971924,0.7558115124702454
24804,0.946533203125,0.9555540084838867,0.6577322483062744,0.8530471324920654
24805,0.0,0.02087053656578064,0.0,0.09116442501544952
24806,0.488037109375,0.5133866667747498,0.8785831332206726,0.7993890047073364
24807,0.9673665165901184,0.9679021835327148,0.8748590350151062,0.9204720258712769
24808,0.228759765625,0.2865533232688904,0.7660098671913147,0.9116547703742981
24809,0.02083333395421505,0.02083333395421505,0.23463936150074005,0.23463936150074005
24810,0.9444172978401184,0.9475538730621338,0.9456308484077454,0.929317831993103
24811,0.146728515625,0.32132554054260254,0.09795191138982773,0.4649902284145355
24812,0.0,0.021484375,0.0,0.3377593457698822
24813,0.956298828125,0.9587221741676331,1.0,0.9723206758499146
24814,0.0,0.0162527896463871,0.0,0.25327786803245544
24815,0.659423828125,0.6613759994506836,0.8254533410072327,0.7841739654541016
24816,0.967041015625,0.967401385307312,1.0,0.9919026494026184
24817,0.166259765625,0.20773257315158844,0.6291344165802002,0.739200234413147
24818,0.580322265625,0.6133898496627808,0.86592036485672,0.8481300473213196
24819,0.166259765625,0.24365068972110748,0.5307213068008423,0.7703227996826172
24820,0.431884765625,0.4739486575126648,0.7318407297134399,0.7385298609733582
24821,0.110107421875,0.2566989064216614,0.11585679650306702,0.5284138917922974
24822,0.260498046875,0.3458729386329651,0.49370092153549194,0.7679461240768433
24823,0.957763671875,0.9579803347587585,0.9265733957290649,0.9330443739891052
24824,0.110107421875,0.1724747121334076,0.3333333134651184,0.5677850246429443
24825,0.706298828125,0.7092611789703369,0.871160089969635,0.8694366216659546
24826,0.9444172978401184,0.9506292343139648,0.9456308484077454,0.9363680481910706
24827,0.951904296875,0.9550245404243469,0.9521908760070801,0.8963896036148071
24828,0.431884765625,0.4601399004459381,0.8451594114303589,0.7983443140983582
24829,0.03125,0.04296875,0.38685283064842224,0.6240505576133728
24830,0.228759765625,0.25709235668182373,0.7660098671913147,0.7131727337837219
24831,0.951904296875,0.9575269818305969,0.8690900206565857,0.8941561579704285
24832,0.567138671875,0.6123948693275452,0.7988805174827576,0.7445021271705627
24833,0.09375,0.135009765625,0.1821252405643463,0.197611466050148
24834,0.197998046875,0.34654977917671204,0.23883214592933655,0.6016116738319397
24835,0.703369140625,0.7059978246688843,0.7838867902755737,0.7805711627006531
24836,0.197998046875,0.25188881158828735,0.6871474981307983,0.7554868459701538
24837,0.0625,0.1020822525024414,0.4692787230014801,0.5446758270263672
24838,0.228759765625,0.2446599006652832,1.0,0.9849510788917542
24839,0.02083333395421505,0.02815755270421505,0.3065735995769501,0.5
24840,0.499755859375,0.5628076791763306,0.7271926999092102,0.9164460897445679
24841,0.3599446713924408,0.4051475524902344,0.8075588941574097,0.81036776304245
24842,0.455078125,0.4986782968044281,0.7342523336410522,0.6442199349403381
24843,0.9507649540901184,0.954014241695404,0.8898733854293823,0.8693737387657166
24844,0.166259765625,0.21624656021595,0.5307213068008423,0.47558313608169556
24845,0.304931640625,0.3905939757823944,0.4285714626312256,0.686383068561554
24846,0.304931640625,0.34688910841941833,1.0,0.9614894986152649
24847,0.260498046875,0.28505295515060425,0.9514426589012146,0.8412888050079346
24848,0.9668782353401184,0.967403769493103,0.892719030380249,0.8683196902275085
24849,0.393798828125,0.43783313035964966,0.8579513430595398,0.9049429893493652
24850,0.166259765625,0.18662309646606445,0.6291344165802002,0.745251476764679
24851,0.146728515625,0.2116919904947281,0.48975956439971924,0.7747119665145874
24852,0.166259765625,0.28364813327789307,0.32645606994628906,0.6320984959602356
24853,0.2774251401424408,0.34024086594581604,0.8435737490653992,0.7425664067268372
24854,0.943115234375,0.9459318518638611,0.9313938021659851,0.9393495321273804
24855,0.94140625,0.9463348388671875,0.7888506054878235,0.7745993137359619
24856,0.946533203125,0.9510388374328613,1.0,0.958767831325531
24857,0.556884765625,0.5939187407493591,0.8308104276657104,0.9177898168563843
24858,0.518798828125,0.5798407793045044,0.8046129941940308,0.9268530607223511
24860,0.466064453125,0.505363941192627,0.629499077796936,0.6544788479804993
24861,0.110107421875,0.16315722465515137,0.5158474445343018,0.7398352026939392
24862,0.499755859375,0.5327180624008179,0.9037794470787048,0.8849692344665527
24863,0.953369140625,0.9549043774604797,1.0,0.9864776134490967
24864,0.05078125,0.12514398992061615,0.2737712264060974,0.6731677055358887
24865,0.08203125,0.09502846747636795,0.7039180994033813,0.4671223759651184
24866,0.304931640625,0.371300607919693,0.6151177287101746,0.7754654288291931
24867,0.374755859375,0.4444775879383087,0.6128985285758972,0.7990016341209412
24868,0.967041015625,0.967041015625,1.0,1.0
24869,0.0625,0.10561561584472656,0.1854327917098999,0.35017701983451843
24870,0.2122395932674408,0.2717629671096802,0.4175114035606384,0.5932857394218445
24871,0.703369140625,0.707293689250946,0.7838867902755737,0.7902795672416687
24872,0.9444172978401184,0.9495952725410461,0.7589633464813232,0.7808168530464172
24873,0.14453125,0.2194819301366806,0.5307213068008423,0.6743021607398987
24874,0.556884765625,0.598779559135437,0.8308104276657104,0.8606988191604614
24875,0.951904296875,0.9551704525947571,0.8690900206565857,0.8263232111930847
24876,0.9507649540901184,0.9546304941177368,0.974961519241333,0.9813982844352722
24877,0.2774251401424408,0.34771057963371277,0.8435737490653992,0.7955721616744995
24878,0.09375,0.12671813368797302,0.35098522901535034,0.5389363169670105
24879,0.488037109375,0.5545679330825806,0.6121358871459961,0.8536990284919739
24880,0.967041015625,0.9678004384040833,0.8122885227203369,0.9586985111236572
24881,0.110107421875,0.1588565558195114,0.5158474445343018,0.6943559050559998
24882,0.3599446713924408,0.4171746075153351,0.5626510977745056,0.6788200736045837
24883,0.947998046875,0.9522075057029724,0.8348100185394287,0.7648268342018127
24884,0.228759765625,0.30283355712890625,0.6461858153343201,0.7362803220748901
24885,0.0,0.02762858010828495,0.0,0.3462050259113312
24886,0.23828125,0.3148258924484253,0.43299248814582825,0.661339282989502
24887,0.3599446713924408,0.4111436903476715,0.5626510977745056,0.678068220615387
24888,0.304931640625,0.3698844313621521,0.4285714626312256,0.5439583659172058
24890,0.44921875,0.4737090766429901,0.7984848022460938,0.8031865358352661
24891,0.703369140625,0.7072346806526184,0.7838867902755737,0.7905936241149902
24892,0.304931640625,0.3933682441711426,0.4285714626312256,0.6167420148849487
24893,0.197998046875,0.28620249032974243,0.42267662286758423,0.7252663373947144
24894,0.146728515625,0.21637976169586182,0.3012597858905792,0.5148842334747314
24895,0.08203125,0.12474428117275238,0.3631143569946289,0.5026022791862488
24896,0.518798828125,0.569050669670105,1.0,1.0
24897,0.580322265625,0.6166380643844604,0.86592036485672,0.8700936436653137
24898,0.12109375,0.17191994190216064,0.46358197927474976,0.6424592137336731
24900,0.260498046875,0.30478882789611816,0.8026120662689209,0.8279576897621155
24901,0.260498046875,0.3202188313007355,0.8026120662689209,0.7385613918304443
24902,0.08984375,0.16309911012649536,0.3333333134651184,0.5590339303016663
24903,0.518798828125,0.5686584115028381,0.8046129941940308,0.8453245162963867
24904,0.08203125,0.15453240275382996,0.23463936150074005,0.4873935878276825
24905,0.567138671875,0.6040892601013184,0.9225797057151794,0.9426305890083313
24906,0.228759765625,0.32199782133102417,0.276936799287796,0.502543568611145
24907,0.943115234375,0.9463548064231873,0.9313938021659851,0.9080989956855774
24908,0.943115234375,0.9499338865280151,0.819014847278595,0.9327128529548645
24909,0.953369140625,0.9577414989471436,0.912726640701294,0.9628180861473083
24910,0.9388020634651184,0.9422686696052551,0.8427215218544006,0.8267326951026917
24911,0.150390625,0.23090043663978577,0.4525081515312195,0.7842663526535034
24912,0.091796875,0.091796875,1.0,1.0
24913,0.967041015625,0.9674705266952515,1.0,1.0
24914,0.46875,0.47156497836112976,0.5441304445266724,0.5739113688468933
24915,0.0,0.01901041716337204,0.0,0.23330245912075043
24916,0.518798828125,0.5782471299171448,0.6967307925224304,0.8141669631004333
24917,0.304931640625,0.37658753991127014,0.6151177287101746,0.7117345333099365
24918,0.580322265625,0.6193248629570007,0.86592036485672,0.8693308234214783
24919,0.304931640625,0.37751761078834534,1.0,1.0
24920,0.95703125,0.9572804570198059,0.8665862679481506,0.8281813263893127
24921,0.959228515625,0.9599862694740295,0.7631344795227051,0.8702071309089661
24923,0.94140625,0.9482206106185913,0.7200049757957458,0.7347009778022766
24924,0.580322265625,0.6128345727920532,0.86592036485672,0.8767849802970886
24925,0.580322265625,0.6303410530090332,0.86592036485672,0.9684203267097473
24926,0.518798828125,0.5675325989723206,1.0,0.9658516645431519
24927,0.953369140625,0.9579240083694458,0.912726640701294,0.8941006064414978
24928,0.967041015625,0.9674705266952515,1.0,1.0
24929,0.946533203125,0.9521167278289795,0.8793432712554932,0.9103614091873169
24930,0.518798828125,0.5581590533256531,1.0,0.8513635396957397
24931,0.946533203125,0.9534558057785034,0.8793432712554932,0.9501650929450989
24932,0.956298828125,0.9597156643867493,1.0,0.9158279895782471
24933,0.9507649540901184,0.9544259309768677,0.8898733854293823,0.8796426653862
24934,0.9507649540901184,0.9544579386711121,0.974961519241333,0.9577193856239319
24935,0.953369140625,0.9575780034065247,0.912726640701294,0.9237443208694458
24936,0.9673665165901184,0.9676902890205383,1.0,0.9072164297103882
24937,0.518798828125,0.566077470779419,1.0,0.9595922827720642
24938,0.580322265625,0.6303409934043884,0.86592036485672,0.9684203267097473
24939,0.953369140625,0.9577956199645996,0.912726640701294,0.8595297336578369
24940,0.953369140625,0.9585288166999817,0.912726640701294,0.9352266788482666
24941,0.9673665165901184,0.9676902890205383,1.0,0.9072164297103882
24942,0.518798828125,0.569050669670105,1.0,1.0
24943,0.967041015625,0.9674643874168396,0.9284793138504028,0.8888481259346008
24944,0.943115234375,0.9471229314804077,0.9313938021659851,0.8444479703903198
24945,0.9673665165901184,0.9676902890205383,1.0,0.9072164297103882
24946,0.580322265625,0.6128345727920532,0.86592036485672,0.8523193597793579
24947,0.953369140625,0.9577956199645996,0.912726640701294,0.8595297336578369
24948,0.580322265625,0.6303410530090332,0.86592036485672,0.9684203267097473
24949,0.956298828125,0.9595310091972351,1.0,0.9641104936599731
24950,0.967041015625,0.9675275087356567,0.9284793138504028,0.9067486524581909
24951,0.947998046875,0.9526663422584534,0.8348100185394287,0.8557194471359253
24952,0.967041015625,0.9674643874168396,0.9284793138504028,0.8888481259346008
24953,0.9507649540901184,0.9555672407150269,0.8898733854293823,0.9542639851570129
24954,0.953369140625,0.9575780630111694,0.912726640701294,0.9237443208694458
24955,0.9507649540901184,0.9556384086608887,0.8898733854293823,0.9734362363815308
24956,0.9673665165901184,0.9676902890205383,1.0,0.9072164297103882
24957,0.1106770858168602,0.210067480802536,0.37429505586624146,0.6602568030357361
24958,0.0,0.1372290700674057,0.0,0.37249431014060974
24959,0.51953125,0.5809328556060791,0.7039180994033813,0.8355078101158142
24960,0.110107421875,0.155360147356987,0.5158474445343018,0.6501805186271667
24961,0.9673665165901184,0.9679049253463745,0.8748590350151062,0.9354779124259949
24962,0.3599446713924408,0.40312644839286804,0.5626510977745056,0.6177226901054382
24963,0.304931640625,0.33398139476776123,1.0,0.7796780467033386
24964,0.110107421875,0.19074027240276337,0.3333333134651184,0.4913322329521179
24965,0.2774251401424408,0.31999585032463074,0.8435737490653992,0.943926990032196
24966,0.110107421875,0.18401673436164856,0.3333333134651184,0.512456476688385
24967,0.300537109375,0.40220266580581665,0.30181336402893066,0.5549309849739075
24968,0.946533203125,0.9522430896759033,0.8793432712554932,0.9517783522605896
24969,0.946533203125,0.9511842727661133,1.0,0.9720118045806885
24970,0.197998046875,0.27212920784950256,0.6871474981307983,0.8772453665733337
24971,0.14453125,0.208234965801239,0.5307213068008423,0.5788418054580688
24972,0.263671875,0.3506343364715576,0.7653606534004211,0.8475403189659119
24973,0.393798828125,0.46301037073135376,0.5977610945701599,0.8767791986465454
24974,0.2774251401424408,0.34594494104385376,0.8435737490653992,0.850612223148346
24975,0.0,0.02450358122587204,0.0,0.2956266701221466
24976,0.304931640625,0.3482896387577057,1.0,0.9933390021324158
24977,0.228759765625,0.30017349123954773,0.3974803686141968,0.600744366645813
24978,0.05078125,0.057647705078125,0.5307212471961975,0.6787621974945068
24979,0.267578125,0.36643925309181213,0.36312174797058105,0.722450315952301
24980,0.499755859375,0.5380356907844543,0.9037794470787048,0.8051913380622864
24981,0.261474609375,0.312283456325531,0.6151177287101746,0.7288758754730225
24982,0.166259765625,0.24033355712890625,0.5307213068008423,0.639683187007904
24983,0.304931640625,0.39252254366874695,0.49493172764778137,0.6882947087287903
24984,0.197998046875,0.301836758852005,0.42267662286758423,0.7751335501670837
24985,0.304931640625,0.3668407201766968,1.0,0.9929330945014954
24986,0.580322265625,0.6004666090011597,1.0,0.9945864081382751
24987,0.953369140625,0.955578625202179,1.0,0.9314784407615662
24988,0.490234375,0.5582542419433594,0.5961710214614868,0.7615054249763489
24989,0.197998046875,0.22958296537399292,0.6871474981307983,0.7554259896278381
24990,0.304931640625,0.35571110248565674,1.0,0.9939622282981873
24992,0.146728515625,0.20845451951026917,0.48975956439971924,0.7078617811203003
24993,0.323974609375,0.396420955657959,0.47805625200271606,0.6468561887741089
24994,0.946533203125,0.9534184336662292,0.8793432712554932,0.9407479166984558
24995,0.3599446713924408,0.39252859354019165,0.6497723460197449,0.6237171292304993
24996,0.03125,0.06020355224609375,0.29608193039894104,0.5165054798126221
24997,0.110107421875,0.17774775624275208,0.3951442539691925,0.7167282104492188
24998,0.951904296875,0.9543660283088684,0.9521908760070801,0.8512274622917175
24999,0.571533203125,0.5784184336662292,0.6093400716781616,0.7807532548904419
25000,0.146728515625,0.19671416282653809,0.48975956439971924,0.49592339992523193
25001,0.166259765625,0.20005737245082855,0.6291344165802002,0.7784664034843445
25002,0.12109375,0.2381182610988617,0.19355076551437378,0.4920943081378937
25003,0.110107421875,0.1588565558195114,0.5158474445343018,0.6943559050559998
25004,0.957763671875,0.9581491947174072,0.8271697163581848,0.8021950721740723
25005,0.703369140625,0.7068712115287781,0.8588406443595886,0.8484415411949158
25006,0.946533203125,0.9510047435760498,1.0,0.942416250705719
25007,0.05078125,0.10278032720088959,0.5307212471961975,0.779908299446106
25008,0.08203125,0.15163302421569824,0.23463936150074005,0.4624294638633728
25009,0.08203125,0.11690212041139603,0.7039180994033813,0.8883443474769592
25010,0.2774251401424408,0.34302547574043274,0.36153164505958557,0.4518342912197113
25011,0.939453125,0.9450029134750366,0.8498401045799255,0.9150322675704956
25012,0.580322265625,0.6184940338134766,0.86592036485672,0.8855538964271545
25013,0.943115234375,0.9502226710319519,0.7475366592407227,0.7447865605354309
25014,0.9444172978401184,0.9476379752159119,0.9456308484077454,0.94077467918396
25015,0.940673828125,0.9496124982833862,0.771205723285675,0.863730788230896
25017,0.197998046875,0.2945616543292999,0.29449179768562317,0.5426885485649109
25018,0.304931640625,0.37558865547180176,1.0,0.9575862288475037
25019,0.946533203125,0.9511842727661133,1.0,0.9469296336174011
25020,0.606689453125,0.6348297595977783,1.0,0.9322423338890076
25021,0.580322265625,0.596490204334259,1.0,0.9854637980461121
25022,0.304931640625,0.3670772612094879,0.6151177287101746,0.8021965622901917
25023,0.110107421875,0.11869049072265625,1.0,0.9709285497665405
25024,0.146728515625,0.22438864409923553,0.24239754676818848,0.5708615183830261
25025,0.09375,0.11900053173303604,0.35098522901535034,0.4414496123790741
25026,0.947998046875,0.9543496370315552,0.8348100185394287,0.8842240571975708
25027,0.959228515625,0.9599980711936951,0.7631344795227051,0.9236382246017456
25028,0.518798828125,0.5852594971656799,0.6967307925224304,0.933752179145813
25029,0.08984375,0.1503395140171051,0.3333333134651184,0.6748476028442383
25030,0.567138671875,0.5974621176719666,0.9225797057151794,0.9173647165298462
25031,0.518798828125,0.5818385481834412,0.6967307925224304,0.7512140870094299
25032,0.943115234375,0.9511968493461609,0.7475366592407227,0.7855969071388245
25033,0.47265625,0.5063832998275757,0.8178747296333313,0.9201288819313049
25034,0.967041015625,0.9676889181137085,0.8122885227203369,0.9533682465553284
25035,0.2774251401424408,0.3506680428981781,0.5188971757888794,0.6367334127426147
25036,0.0,0.025390625,0.0,0.3692678213119507
25037,0.304931640625,0.36234140396118164,0.4285714626312256,0.47154301404953003
25038,0.197998046875,0.2792209982872009,0.6871474981307983,0.8091026544570923
25039,0.967041015625,0.9673992991447449,1.0,0.9395607113838196
25040,0.946533203125,0.9517768621444702,1.0,0.9539540410041809
25041,0.05078125,0.0838383287191391,0.2737712264060974,0.5519508123397827
25042,0.499755859375,0.5291726589202881,0.7271926999092102,0.6156213879585266
25043,0.0,0.0267857164144516,0.0,0.3333333432674408
25044,0.580322265625,0.617762565612793,0.86592036485672,0.8755336403846741
25045,0.606689453125,0.6328537464141846,1.0,0.8491590619087219
25046,0.466064453125,0.5465181469917297,0.5450960993766785,0.8254006505012512
25047,0.967041015625,0.9674004912376404,1.0,0.9252685904502869
25048,0.712158203125,0.71260005235672,0.8569586873054504,0.8826848864555359
25049,0.968017578125,0.9680533409118652,1.0,0.9579306244850159
25050,0.956298828125,0.9586235880851746,1.0,0.9006842374801636
25051,0.09375,0.22169671952724457,0.10290931165218353,0.4059687852859497
25052,0.943115234375,0.9524470567703247,0.6597968339920044,0.8277564644813538
25053,0.260498046875,0.32695338129997253,0.8026120662689209,0.8277799487113953
25054,0.466064453125,0.5603751540184021,0.5450960993766785,0.6392926573753357
25055,0.9673665165901184,0.9677401185035706,1.0,0.8437583446502686
25056,0.953369140625,0.957080602645874,1.0,0.9691985845565796
25057,0.08203125,0.10220146179199219,0.7039180994033813,0.7618017792701721
25058,0.9388020634651184,0.9439655542373657,0.8427215218544006,0.9465452432632446
25059,0.110107421875,0.15885654091835022,0.3333333134651184,0.4700182378292084
25060,0.304931640625,0.3941996097564697,0.49493172764778137,0.7287103533744812
25061,0.146728515625,0.18510955572128296,0.58057701587677,0.6698031425476074
25062,0.580322265625,0.610637366771698,0.86592036485672,0.8137351870536804
25063,0.304931640625,0.34540241956710815,1.0,0.8224986791610718
25064,0.9507649540901184,0.9539691805839539,0.974961519241333,0.909704327583313
25065,0.228759765625,0.31327077746391296,0.6461858153343201,0.7310115694999695
25066,0.580322265625,0.6151120066642761,0.86592036485672,0.9097244739532471
25067,0.2774251401424408,0.3365310728549957,0.8435737490653992,0.9397419095039368
25068,0.260498046875,0.33853769302368164,0.49370092153549194,0.7044316530227661
25070,0.531982421875,0.5785030126571655,0.7462155222892761,0.9237815141677856
25071,0.2044270783662796,0.2898629903793335,0.5474918484687805,0.6360114812850952
25072,0.374755859375,0.4183747172355652,0.5307213068008423,0.6038530468940735
25073,0.110107421875,0.14165493845939636,1.0,0.9502236247062683
25074,0.110107421875,0.1696859896183014,0.22686867415905,0.45558515191078186
25075,0.304931640625,0.35615676641464233,1.0,0.7725901007652283
25076,0.09375,0.1069742813706398,0.1821252405643463,0.202779620885849
25077,0.166259765625,0.25077077746391296,0.5307213068008423,0.67685866355896
25078,0.110107421875,0.1788668930530548,0.3333333134651184,0.5821720361709595
25079,0.374755859375,0.44544193148612976,0.5307213068008423,0.6957446336746216
25080,0.518798828125,0.5946968793869019,0.4535067081451416,0.7628799676895142
25081,0.166259765625,0.24040350317955017,0.5307213068008423,0.736127495765686
25082,0.0,0.015625,0.0,0.43067657947540283
25083,0.9668782353401184,0.9673312306404114,0.892719030380249,0.8779155611991882
25084,0.946533203125,0.9479881525039673,1.0,0.9119146466255188
25085,0.304931640625,0.37751761078834534,1.0,1.0
25086,0.304931640625,0.3655247092247009,1.0,0.8926382660865784
25087,0.0625,0.09765625,0.27541154623031616,0.5950427651405334
25088,0.940673828125,0.9453466534614563,0.8770246505737305,0.9055395126342773
25089,0.23828125,0.31959283351898193,0.7039180994033813,0.8004064559936523
25090,0.304931640625,0.3630608320236206,1.0,0.8869159817695618
25091,0.02083333395421505,0.0598599873483181,0.23463936150074005,0.4973682165145874
25092,0.05078125,0.17974454164505005,0.08755692839622498,0.5246362686157227
25093,0.953369140625,0.9581890106201172,0.7479812502861023,0.7802013158798218
25094,0.304931640625,0.3732230067253113,1.0,0.9477344751358032
25095,0.967041015625,0.9674964547157288,0.9284793138504028,0.9317910075187683
25096,0.518798828125,0.5729450583457947,0.6967307925224304,0.8178331255912781
25097,0.110107421875,0.17225509881973267,0.2620770037174225,0.5330942869186401
25099,0.03125,0.10205568373203278,0.15273310244083405,0.5523536205291748
25100,0.0,0.047943115234375,0.0,0.26956644654273987
25101,0.09375,0.15033169090747833,0.29608193039894104,0.41153261065483093
25102,0.962158203125,0.9625691175460815,0.8420895934104919,0.89402836561203
25103,0.304931640625,0.38199594616889954,0.6151177287101746,0.8266692161560059
25104,0.968017578125,0.9680297374725342,1.0,0.938210129737854
25105,0.0,0.06792806088924408,0.0,0.19952507317066193
25106,0.2774251401424408,0.3383110761642456,0.8435737490653992,0.7717096209526062
25107,0.393798828125,0.4277791976928711,0.8579513430595398,0.8786031007766724
25108,0.2044270783662796,0.25012651085853577,0.5474918484687805,0.671086311340332
25109,0.951171875,0.957558810710907,0.694340705871582,0.8127357363700867
25110,0.518798828125,0.5637661218643188,1.0,0.9104056358337402
25111,0.518798828125,0.5672516822814941,1.0,0.9642140865325928
25112,0.940673828125,0.9461534023284912,0.771205723285675,0.7842910289764404
25113,0.278564453125,0.346297949552536,0.39664164185523987,0.514676034450531
25115,0.304931640625,0.3768479526042938,0.6151177287101746,0.7397637963294983
25116,0.197998046875,0.2616436183452606,0.34009110927581787,0.5059556365013123
25117,0.166259765625,0.21624541282653809,0.32645606994628906,0.39125576615333557
25118,0.146728515625,0.20519500970840454,0.3012597858905792,0.42100226879119873
25119,0.0,0.02213541604578495,0.0,0.18507985770702362
25120,0.968017578125,0.9680582880973816,1.0,0.8485661149024963
25121,0.703369140625,0.7049378752708435,0.8588406443595886,0.86104816198349
25122,0.2774251401424408,0.33372682332992554,0.8435737490653992,0.7470435500144958
25123,0.956298828125,0.9600079655647278,1.0,1.0
25124,0.03125,0.0488630011677742,0.29608193039894104,0.6196686625480652
25125,0.304931640625,0.31968531012535095,0.6151177287101746,0.4328638017177582
25126,0.166259765625,0.24117892980575562,0.32645606994628906,0.5228464603424072
25127,0.146728515625,0.23664580285549164,0.24239754676818848,0.47583529353141785
25128,0.951904296875,0.9567544460296631,0.8690900206565857,0.9256546497344971
25129,0.278564453125,0.3015317916870117,0.7276545763015747,0.7276386022567749
25130,0.304931640625,0.37751758098602295,1.0,1.0
25131,0.4375,0.5056857466697693,0.4692787528038025,0.6057183146476746
25132,0.304931640625,0.36053135991096497,1.0,0.8421284556388855
25133,0.9375,0.9437502026557922,0.6545500159263611,0.6623274087905884
25134,0.968017578125,0.9680777192115784,1.0,0.9405425190925598
25135,0.110107421875,0.15022173523902893,0.5158474445343018,0.6001420021057129
25137,0.212890625,0.2196916937828064,0.67329341173172,0.6383348703384399
25138,0.228759765625,0.3117707371711731,0.3974803686141968,0.5816916227340698
25139,0.110107421875,0.16778317093849182,0.5158474445343018,0.7907759547233582
25140,0.953369140625,0.9568160772323608,0.912726640701294,0.882379412651062
25141,0.304931640625,0.3843078017234802,0.4285714626312256,0.6510931253433228
25142,0.556884765625,0.599043607711792,0.8308104276657104,0.9081896543502808
25143,0.278564453125,0.34312859177589417,0.39664164185523987,0.5325316786766052
25144,0.9673665165901184,0.9676559567451477,1.0,1.0
25145,0.304931640625,0.38271471858024597,0.6151177287101746,0.8446944952011108
25146,0.304931640625,0.37462419271469116,1.0,1.0
25147,0.606689453125,0.6350746154785156,1.0,0.925764799118042
25148,0.956298828125,0.9592252969741821,1.0,0.8553345799446106
25149,0.03125,0.13191606104373932,0.09869397431612015,0.4244005084037781
25150,0.518798828125,0.5521249771118164,1.0,0.9372902512550354
25151,0.488037109375,0.5420513153076172,0.7069194316864014,0.8346231579780579
25152,0.956298828125,0.9597817063331604,1.0,0.9743640422821045
25153,0.953369140625,0.9560284614562988,1.0,0.932669460773468
25154,0.953369140625,0.9577659964561462,0.912726640701294,0.98170405626297
25155,0.9444172978401184,0.9528684020042419,0.6698823571205139,0.7800312638282776
25156,0.9507649540901184,0.9545674324035645,0.8898733854293823,0.8948678970336914
25157,0.304931640625,0.36048275232315063,1.0,0.9252544641494751
25158,0.580322265625,0.6169333457946777,0.86592036485672,0.9391146898269653
25160,0.580322265625,0.6190090179443359,0.86592036485672,0.7743997573852539
25161,0.580322265625,0.6181168556213379,0.86592036485672,0.7826285362243652
25162,0.967041015625,0.9674162864685059,1.0,0.9427846670150757
25163,0.967041015625,0.9675002098083496,0.9284793138504028,0.9309676289558411
25164,0.946533203125,0.9510462284088135,1.0,0.9001481533050537
25165,0.560546875,0.5968583822250366,0.7653606534004211,0.790534496307373
25166,0.0625,0.068359375,0.4692787230014801,0.5032252073287964
25167,0.967041015625,0.9672589302062988,1.0,0.9655801057815552
25168,0.110107421875,0.15885654091835022,1.0,1.0
25169,0.21875,0.29005077481269836,0.3419274091720581,0.5699059367179871
25170,0.219970703125,0.3001197576522827,0.34397661685943604,0.548604428768158
25171,0.943115234375,0.9526926279067993,0.6597968339920044,0.8804934024810791
25173,0.518798828125,0.5759580135345459,0.8046129941940308,0.9184804558753967
25174,0.304931640625,0.35125359892845154,1.0,0.8494323492050171
25175,0.08203125,0.1373644471168518,0.27814918756484985,0.6363175511360168
25176,0.228759765625,0.27706944942474365,0.6461858153343201,0.8087847828865051
25177,0.091796875,0.16343578696250916,0.255120187997818,0.4554809331893921
25178,0.146728515625,0.21448148787021637,0.48975956439971924,0.6387932896614075
25179,0.1106770858168602,0.1877964287996292,0.2302355170249939,0.44600170850753784
25180,0.304931640625,0.32525718212127686,1.0,0.9128096699714661
25181,0.499755859375,0.5528645515441895,0.629690945148468,0.6608943343162537
25182,0.166259765625,0.25851887464523315,0.5307213068008423,0.781301736831665
25183,0.304931640625,0.3726933002471924,1.0,0.9112986922264099
25184,0.962158203125,0.9626977443695068,0.8420895934104919,0.8684905171394348
25185,0.953369140625,0.9561251401901245,1.0,0.9866475462913513
25186,0.304931640625,0.3924480378627777,0.49493172764778137,0.6988379955291748
25187,0.946533203125,0.9537349939346313,0.8026000261306763,0.927870512008667
25188,0.374755859375,0.4048669934272766,0.7617307901382446,0.7572347521781921
25189,0.953369140625,0.9575250744819641,0.912726640701294,0.9821670055389404
25190,0.260498046875,0.2861636281013489,0.8026120662689209,0.7031831741333008
25191,0.263671875,0.30578988790512085,0.7653606534004211,0.8383463025093079
25192,0.146728515625,0.2156526744365692,0.3012597858905792,0.5846561193466187
25193,0.260498046875,0.32904860377311707,0.8026120662689209,0.7542806267738342
25194,0.166259765625,0.21720576286315918,0.6291344165802002,0.8349753022193909
25195,0.518798828125,0.5456819534301758,1.0,0.8305146098136902
25196,0.304931640625,0.43205010890960693,0.34757038950920105,0.5675162076950073
25198,0.946533203125,0.9484168887138367,1.0,0.9283066391944885
25199,0.9673665165901184,0.9676179885864258,1.0,0.9602651596069336
25200,0.0,0.008928571827709675,0.0,0.20438240468502045
25201,0.9668782353401184,0.9674907922744751,0.892719030380249,0.9449557065963745
25202,0.263671875,0.32438209652900696,0.4707868993282318,0.531589150428772
25203,0.02083333395421505,0.02734375,0.09271639585494995,0.13755211234092712
25204,0.956298828125,0.9595988392829895,1.0,0.9722118377685547
25205,0.091796875,0.20564354956150055,0.20058341324329376,0.5712577104568481
25206,0.556884765625,0.5882507562637329,0.8308104276657104,0.8356313109397888
25207,0.304931640625,0.40675291419029236,0.4285714626312256,0.6725325584411621
25208,0.953369140625,0.9560540914535522,1.0,0.9942808151245117
25209,0.110107421875,0.16047023236751556,0.5158474445343018,0.7316563129425049
25210,0.146728515625,0.2124006152153015,0.48975956439971924,0.6688432097434998
25211,0.499755859375,0.5530759692192078,0.7271926999092102,0.8502355813980103
25212,0.968017578125,0.9680575132369995,1.0,0.9834764003753662
25213,0.953369140625,0.9578516483306885,0.912726640701294,0.9258978366851807
25214,0.260498046875,0.3313180208206177,0.397238165140152,0.5167568922042847
25215,0.518798828125,0.5628827214241028,0.8046129941940308,0.7803551554679871
25216,0.091796875,0.13592815399169922,0.255120187997818,0.41766557097435
25217,0.146728515625,0.22844386100769043,0.48975956439971924,0.675870954990387
25218,0.571533203125,0.5761345028877258,0.7592076063156128,0.7647686004638672
25219,0.946533203125,0.9535725712776184,0.8026000261306763,0.9071109294891357
25220,0.110107421875,0.19624537229537964,0.3333333134651184,0.5673789381980896
25221,0.228759765625,0.26999345421791077,0.6461858153343201,0.5507677793502808
25222,0.0625,0.0625,0.6131471991539001,0.6131471991539001
25223,0.9507649540901184,0.9531817436218262,0.974961519241333,0.9783501625061035
25224,0.953369140625,0.9574816226959229,0.912726640701294,0.7661308646202087
25225,0.606689453125,0.6344141960144043,1.0,0.915818452835083
25226,0.02083333395421505,0.08071326464414597,0.07821311801671982,0.33095067739486694
25227,0.956298828125,0.9577194452285767,1.0,0.8789413571357727
25228,0.956298828125,0.9602827429771423,0.8195018768310547,0.9169753193855286
25229,0.968017578125,0.9680777788162231,1.0,0.9968520998954773
25230,0.580322265625,0.6156431436538696,0.86592036485672,0.843669593334198
25231,0.0,0.10516420006752014,0.0,0.34900516271591187
25232,0.9466145634651184,0.9511571526527405,0.8072783350944519,0.7453581094741821
25233,0.953369140625,0.9573075175285339,0.912726640701294,0.9007726907730103
25234,0.110107421875,0.20324529707431793,0.20503923296928406,0.5461664199829102
25235,0.146728515625,0.17850881814956665,0.7579237222671509,0.7420544028282166
25236,0.228759765625,0.2539413571357727,1.0,0.8399690985679626
25237,0.556884765625,0.597784698009491,0.8308104276657104,0.8769396543502808
25238,0.560546875,0.5939769148826599,0.8838695287704468,0.8313735723495483
25239,0.966796875,0.9671595096588135,0.9422276020050049,0.9692885279655457
25240,0.197998046875,0.2902575135231018,0.34009110927581787,0.6798064708709717
25241,0.150390625,0.1662881076335907,0.7002755999565125,0.5521422624588013
25242,0.03125,0.06149101257324219,0.29608193039894104,0.3814803659915924
25243,0.08984375,0.1810820996761322,0.3333333134651184,0.6744405627250671
25244,0.580322265625,0.6195472478866577,0.86592036485672,0.9213879108428955
25245,0.0,0.015625,0.0,0.43067657947540283
25246,0.304931640625,0.3674263060092926,1.0,0.9209187030792236
25247,0.08984375,0.15687943994998932,0.20503923296928406,0.3751578629016876
25248,0.304931640625,0.37751758098602295,1.0,1.0
25249,0.304931640625,0.36185184121131897,0.6151177287101746,0.7520007491111755
25250,0.466064453125,0.5192692279815674,0.7823625802993774,0.9334133267402649
25251,0.9507649540901184,0.9550517797470093,0.8898733854293823,0.9109047651290894
25252,0.197998046875,0.27665287256240845,0.6871474981307983,0.8841691017150879
25253,0.466064453125,0.5356265306472778,0.5450960993766785,0.5914452075958252
25254,0.959228515625,0.959610104560852,0.8722942471504211,0.8639845848083496
25255,0.967041015625,0.9674716591835022,0.8122885227203369,0.7968212962150574
25256,0.146728515625,0.166458398103714,0.11196307837963104,0.11793989688158035
25257,0.08203125,0.09576416015625,0.7039180994033813,0.6548086404800415
25258,0.304931640625,0.3753248453140259,0.6151177287101746,0.7389742732048035
25259,0.943115234375,0.9488176107406616,0.9313938021659851,0.9727494716644287
25260,0.02083333395421505,0.02083333395421505,0.5,0.5
25261,0.953369140625,0.9579899907112122,0.912726640701294,0.9902306795120239
25262,0.03125,0.056884765625,0.29608193039894104,0.6797310709953308
25265,0.953369140625,0.9567936658859253,0.912726640701294,0.9541026949882507
25267,0.9673665165901184,0.9676505923271179,1.0,0.9974428415298462
25269,0.431884765625,0.45836859941482544,0.7318407297134399,0.8402562737464905
25271,0.531982421875,0.5493559837341309,0.8617600202560425,0.922424852848053
25274,0.166259765625,0.23696312308311462,0.5307213068008423,0.7298270463943481
25275,0.110107421875,0.1310286521911621,1.0,0.9896062016487122
25276,0.0625,0.0625,1.0,1.0
25278,0.556884765625,0.5970712900161743,0.8308104276657104,0.9302537441253662
25280,0.3599446713924408,0.40839746594429016,0.8075588941574097,0.8507754802703857
25281,0.23828125,0.2835904359817505,0.7039180994033813,0.8718923926353455
25282,0.304931640625,0.371407151222229,1.0,0.9850161075592041
25284,0.197998046875,0.2346140593290329,0.8145672082901001,0.8718838691711426
25285,0.3599446713924408,0.39660996198654175,0.8075588941574097,0.8150416612625122
25286,0.110107421875,0.1204071044921875,1.0,0.9828919768333435
25287,0.110107421875,0.16584935784339905,0.5158474445343018,0.7827069163322449
25288,0.304931640625,0.3676678240299225,1.0,0.9791025519371033
25289,0.304931640625,0.33151766657829285,1.0,0.8708766102790833
25290,0.304931640625,0.3665643334388733,1.0,0.8925104737281799
25291,0.260498046875,0.3138185739517212,0.8026120662689209,0.7356337308883667
25292,0.518798828125,0.5362052917480469,1.0,1.0
25293,0.0625,0.15665262937545776,0.23463936150074005,0.6235917210578918
25294,0.260498046875,0.3133735656738281,0.8026120662689209,0.923021674156189
25295,0.03125,0.03125,0.6309297680854797,0.6309297680854797
25296,0.304931640625,0.37112390995025635,1.0,0.994674563407898
25297,0.939453125,0.9427947998046875,0.8987017273902893,0.9711809754371643
25298,0.304931640625,0.32380735874176025,1.0,0.9969769716262817
25299,0.2774251401424408,0.3140411674976349,1.0,1.0
25300,0.05078125,0.05078125,0.6934263706207275,0.6934263706207275
25301,0.466064453125,0.4932160973548889,1.0,1.0
25303,0.09375,0.18150024116039276,0.29608193039894104,0.7211421728134155
25305,0.939453125,0.945877194404602,0.8498401045799255,0.9272264242172241
25306,0.393798828125,0.43429529666900635,0.690318763256073,0.7691348791122437
25307,0.943115234375,0.9474384784698486,0.9313938021659851,0.9599615931510925
25308,0.968017578125,0.9680760502815247,1.0,0.9929165244102478
25309,0.531982421875,0.5749985575675964,0.7462155222892761,0.9098273515701294
25310,0.2774251401424408,0.34449729323387146,0.8435737490653992,0.9618849158287048
25311,0.2044270783662796,0.2762413024902344,0.3367719352245331,0.5320612788200378
25312,0.956298828125,0.9588800072669983,1.0,0.9951661825180054
25313,0.2774251401424408,0.2774251401424408,1.0,1.0
25314,0.556884765625,0.5958408117294312,0.8308104276657104,0.9282381534576416
25315,0.939453125,0.94219970703125,0.8987017273902893,0.9729871153831482
25316,0.946533203125,0.9486284255981445,1.0,0.9956333041191101
25317,0.956298828125,0.9575849175453186,1.0,0.9929203391075134
25318,0.110107421875,0.1204071044921875,1.0,0.9828919768333435
25319,0.30078125,0.3510473966598511,0.5307213068008423,0.7555438280105591
25320,0.150390625,0.2177427113056183,0.4525081515312195,0.7915054559707642
25321,0.2774251401424408,0.3064359128475189,0.8435737490653992,0.9796808958053589
25322,0.518798828125,0.5299808979034424,1.0,0.991584062576294
25323,0.110107421875,0.12298202514648438,1.0,1.0
25324,0.150390625,0.17823168635368347,0.5364180207252502,0.6209760308265686
25325,0.2774251401424408,0.3312894105911255,0.8435737490653992,0.9593386650085449
25326,0.1875,0.2255859375,0.6131471991539001,0.8772153258323669
25327,0.344482421875,0.37554752826690674,0.690318763256073,0.79642653465271
25328,0.967041015625,0.967282235622406,1.0,0.9848436117172241
25329,0.946533203125,0.9515557289123535,1.0,0.9933271408081055
25330,0.110107421875,0.110107421875,1.0,1.0
25331,0.228759765625,0.26438742876052856,1.0,1.0
25332,0.556884765625,0.5689353942871094,0.9594535827636719,0.963140606880188
25333,0.260498046875,0.28924018144607544,0.9514426589012146,0.9112749099731445
25334,0.953369140625,0.9555023908615112,1.0,0.9963329434394836
25335,0.304931640625,0.3494482636451721,1.0,0.9860849380493164
25336,0.946533203125,0.9514259099960327,1.0,1.0
25337,0.09375,0.09375,0.6309297680854797,0.6309297680854797
25338,0.951171875,0.9513915777206421,0.974895179271698,0.9684668183326721
25339,0.956298828125,0.9610157012939453,0.8195018768310547,0.9508730173110962
25340,0.0,0.012500000186264515,0.0,0.38685280084609985
25341,0.951904296875,0.953792929649353,0.9521908760070801,0.9349251985549927
25342,0.260498046875,0.2913753390312195,0.9514426589012146,0.9637078642845154
25344,0.110107421875,0.16921375691890717,0.5158474445343018,0.7931988835334778
25345,0.2044270783662796,0.2044270783662796,0.963940441608429,0.963940441608429
25346,0.304931640625,0.37751761078834534,1.0,1.0
25347,0.0625,0.0625,1.0,1.0
25348,0.0625,0.0625,1.0,1.0
25349,0.110107421875,0.14183412492275238,0.5158474445343018,0.7139362692832947
25350,0.0625,0.072265625,0.6131471991539001,0.8315545916557312
25351,0.499755859375,0.5249136686325073,0.9037794470787048,0.9804353713989258
25352,0.556884765625,0.5890234112739563,0.9594535827636719,0.971971333026886
25354,0.300537109375,0.35377728939056396,0.6655102372169495,0.8149304389953613
25355,0.4375,0.4375,1.0,1.0
25356,0.455078125,0.512894868850708,0.7342523336410522,0.9037424325942993
25357,0.946533203125,0.9493712782859802,1.0,0.9883837699890137
25358,0.110107421875,0.1204071044921875,1.0,0.9828919768333435
25359,0.146728515625,0.21354961395263672,0.48975956439971924,0.7813952565193176
25360,0.304931640625,0.35733169317245483,1.0,0.9821520447731018
25361,0.110107421875,0.20927134156227112,0.3333333134651184,0.7652655243873596
25362,0.03125,0.0852334126830101,0.15273310244083405,0.560218870639801
25363,0.3599446713924408,0.39771121740341187,0.6497723460197449,0.7867191433906555
25364,0.091796875,0.091796875,1.0,1.0
25365,0.0625,0.12544530630111694,0.24207624793052673,0.6675828099250793
25366,0.3599446713924408,0.37009844183921814,0.8075588941574097,0.8215928673744202
25367,0.03125,0.0457240529358387,0.29608193039894104,0.5937751531600952
25368,0.0625,0.0690104141831398,0.6131471991539001,0.7977229356765747
25369,0.146728515625,0.21078325808048248,0.48975956439971924,0.6946861147880554
25370,0.05078125,0.08932650834321976,0.5307212471961975,0.7982650399208069
25371,0.304931640625,0.3533381223678589,1.0,0.9746361970901489
25374,0.23046875,0.2991345226764679,0.38063758611679077,0.6794273257255554
25375,0.261474609375,0.3321320414543152,0.49493172764778137,0.7726641893386841
25376,0.21875,0.24226073920726776,0.4702019691467285,0.6251584887504578
25377,0.03125,0.1325002759695053,0.09869397431612015,0.5937071442604065
25378,0.606689453125,0.6394016742706299,1.0,1.0
25379,0.05078125,0.08286046981811523,0.5307212471961975,0.7816511392593384
25380,0.943115234375,0.9480352401733398,0.9313938021659851,0.9711250066757202
25381,0.518798828125,0.5634700655937195,0.8046129941940308,0.915124773979187
25382,0.304931640625,0.3526989817619324,1.0,0.9981260299682617
25383,0.02083333395421505,0.02083333395421505,0.5,0.5
25385,0.166259765625,0.198219433426857,0.6291344165802002,0.7868648171424866
25386,0.518798828125,0.5376558303833008,1.0,0.9927393198013306
25387,0.9507649540901184,0.9539738893508911,0.974961519241333,0.979411780834198
25388,0.05078125,0.11808096617460251,0.2737712264060974,0.6766261458396912
25389,0.09375,0.13560925424098969,0.4581993520259857,0.631419837474823
25390,0.228759765625,0.316311776638031,0.6461858153343201,0.8506530523300171
25391,0.03125,0.0440673828125,0.29608193039894104,0.5797748565673828
25392,0.05078125,0.12201570719480515,0.2097114622592926,0.5892063975334167
25393,0.1875,0.2001953125,0.8262346386909485,0.9448479413986206
25394,0.365234375,0.43524566292762756,0.4972013831138611,0.7928746342658997
25395,0.953369140625,0.9560481905937195,1.0,0.9964461326599121
25396,0.304931640625,0.37751761078834534,1.0,1.0
25397,0.05078125,0.12867584824562073,0.2097114622592926,0.6495037078857422
25398,0.304931640625,0.3653492331504822,1.0,0.9913701415061951
25399,0.228759765625,0.2600777745246887,1.0,1.0
25400,0.110107421875,0.1701754927635193,0.3951442539691925,0.7177162170410156
25401,0.110107421875,0.15885654091835022,1.0,1.0
25402,0.260498046875,0.3240719139575958,0.8026120662689209,0.9265514612197876
25403,0.304931640625,0.3300743103027344,1.0,1.0
25404,0.0625,0.0625,1.0,1.0
25405,0.166259765625,0.19598710536956787,0.8213136792182922,0.861851155757904
25406,0.956298828125,0.958656370639801,1.0,0.9932499527931213
25407,0.2774251401424408,0.34217092394828796,0.8435737490653992,0.9611261487007141
25408,0.304931640625,0.3398453891277313,1.0,0.9899959564208984
25409,0.23828125,0.23828125,0.7039180994033813,0.7039180994033813
25410,0.450927734375,0.46050509810447693,0.42870715260505676,0.6743507981300354
25411,0.959228515625,0.9597219228744507,0.8722942471504211,0.9276936650276184
25412,0.9673665165901184,0.9677332043647766,1.0,0.9765143990516663
25413,0.110107421875,0.17643314599990845,0.5158474445343018,0.7799856662750244
25414,0.323974609375,0.35790547728538513,0.6861420273780823,0.7893857955932617
25415,0.260498046875,0.3169180452823639,0.8026120662689209,0.9071456789970398
25416,0.23828125,0.2926802635192871,0.7039180994033813,0.860932469367981
25417,0.518798828125,0.5506702661514282,1.0,0.9617892503738403
25418,0.09375,0.09375,0.6309297680854797,0.6309297680854797
25419,0.110107421875,0.15885654091835022,1.0,1.0
25420,0.431884765625,0.47852981090545654,0.7318407297134399,0.8905477523803711
25421,0.228759765625,0.2600777745246887,1.0,1.0
25422,0.110107421875,0.20066875219345093,0.3333333134651184,0.7556368112564087
25423,0.2044270783662796,0.2306855469942093,0.6490147709846497,0.8299605846405029
25424,0.9507649540901184,0.9543951749801636,0.974961519241333,0.9591758251190186
25425,0.567138671875,0.5942633748054504,0.9225797057151794,0.9655702114105225
25426,0.03125,0.03125,0.6309297680854797,0.6309297680854797
25427,0.9668782353401184,0.9670118689537048,1.0,1.0
25428,0.393798828125,0.4440506398677826,0.8579513430595398,0.9162663817405701
25429,0.9375,0.9375,1.0,1.0
25430,0.228759765625,0.2944318652153015,0.6461858153343201,0.7157822251319885
25431,0.2774251401424408,0.3297888934612274,0.8435737490653992,0.9842544794082642
25432,0.606689453125,0.624687910079956,1.0,0.9901055693626404
25433,0.953369140625,0.9547942280769348,1.0,1.0
25434,0.110107421875,0.17320090532302856,0.5158474445343018,0.808742105960846
25435,0.197998046875,0.22708174586296082,0.8145672082901001,0.8195658326148987
25436,0.1875,0.24038709700107574,0.5562983751296997,0.8503227829933167
25437,0.05078125,0.11058914661407471,0.2097114622592926,0.5918496251106262
25438,0.228759765625,0.3003721535205841,0.6461858153343201,0.8759333491325378
25439,0.2122395932674408,0.2122395932674408,0.6064226627349854,0.6064226627349854
25440,0.946533203125,0.951350212097168,0.8793432712554932,0.9560175538063049
25442,0.263671875,0.2971954345703125,0.7653606534004211,0.9502537846565247
25443,0.260498046875,0.3531436026096344,0.49370092153549194,0.7403987646102905
25444,0.2774251401424408,0.34946855902671814,0.5188971757888794,0.784489631652832
25445,0.304931640625,0.36120426654815674,1.0,0.9775123596191406
25446,0.393798828125,0.4588830769062042,0.5977610945701599,0.8434662818908691
25447,0.567138671875,0.593105673789978,0.9225797057151794,0.9747422337532043
25448,0.94140625,0.9437335133552551,0.8970906734466553,0.9370872378349304
25449,0.166259765625,0.20547878742218018,0.8213136792182922,0.8819824457168579
25450,0.02083333395421505,0.0325520858168602,0.3065735995769501,0.5437713265419006
25451,0.197998046875,0.2548186779022217,0.6871474981307983,0.8392939567565918
25453,0.166259765625,0.2214977890253067,0.5307213068008423,0.7966092228889465
25454,0.374755859375,0.4213970899581909,0.6128985285758972,0.7989683151245117
25455,0.9444172978401184,0.9503060579299927,0.9456308484077454,0.9795765280723572
25456,0.278564453125,0.30024614930152893,0.7276545763015747,0.7702405452728271
25457,0.499755859375,0.5360076427459717,0.9037794470787048,0.9891727566719055
25458,0.267578125,0.2961229681968689,0.5766665935516357,0.7168418169021606
25459,0.580322265625,0.5933771133422852,1.0,0.9939947724342346
25460,0.580322265625,0.611249566078186,0.86592036485672,0.9449055194854736
25461,0.304931640625,0.36471623182296753,1.0,0.9786790013313293
25462,0.197998046875,0.24649369716644287,0.6871474981307983,0.7840388417243958
25463,0.9668782353401184,0.967403769493103,0.892719030380249,0.9747473001480103
25464,0.967041015625,0.9676182270050049,0.8122885227203369,0.9531118273735046
25465,0.499755859375,0.5263806581497192,0.9037794470787048,0.9833859801292419
25466,0.0,0.0445949025452137,0.0,0.41404831409454346
25467,0.304931640625,0.3753248453140259,1.0,0.9981665015220642
25468,0.146728515625,0.22417090833187103,0.48975956439971924,0.7441098690032959
25469,0.2774251401424408,0.33623671531677246,0.8435737490653992,0.9612885117530823
25470,0.197998046875,0.265580415725708,0.6871474981307983,0.8602539300918579
25471,0.490234375,0.5053773522377014,0.8556691408157349,0.9431594610214233
25472,0.09375,0.119140625,0.38685283064842224,0.6052602529525757
25473,0.9375,0.938739001750946,0.9298905730247498,0.9734292030334473
25474,0.560546875,0.5790605545043945,0.8838695287704468,0.923836886882782
25475,0.2774251401424408,0.3709144592285156,0.5188971757888794,0.6915687322616577
25477,0.9507649540901184,0.9538499116897583,0.974961519241333,0.9775691032409668
25478,0.9388020634651184,0.9388020634651184,0.9916236400604248,0.9916236400604248
25479,0.110107421875,0.110107421875,1.0,1.0
25480,0.580322265625,0.6151120066642761,1.0,1.0
25481,0.110107421875,0.1990969181060791,0.3333333134651184,0.7698388695716858
25483,0.556884765625,0.5914808511734009,0.8308104276657104,0.849759042263031
25484,0.393798828125,0.44253259897232056,0.8579513430595398,0.8821179270744324
25485,0.146728515625,0.19042181968688965,0.58057701587677,0.775438129901886
25486,0.228759765625,0.3056502342224121,0.6461858153343201,0.9111239910125732
25487,0.304931640625,0.35010552406311035,1.0,1.0
25488,0.488037109375,0.5901246666908264,0.4365417957305908,0.7501069903373718
25489,0.110107421875,0.17193569242954254,0.3951442539691925,0.7300726771354675
25490,0.560546875,0.6208964586257935,0.4981783330440521,0.7719959616661072
25491,0.03125,0.03125,0.6309297680854797,0.6309297680854797
25492,0.488037109375,0.5419231653213501,0.8785831332206726,0.9567794799804688
25493,0.197998046875,0.2319878786802292,0.8145672082901001,0.8669568300247192
25494,0.4375,0.443359375,0.9173194169998169,0.9639987945556641
25495,0.939453125,0.939453125,1.0,1.0
25496,0.05078125,0.079994335770607,0.5307212471961975,0.76349937915802
25497,0.466064453125,0.5245263576507568,0.7823625802993774,0.9327366352081299
25498,0.499755859375,0.5417698621749878,0.9037794470787048,0.9830841422080994
25499,0.260498046875,0.2774209976196289,0.9514426589012146,0.957834780216217
25500,0.703369140625,0.7065780758857727,0.8588406443595886,0.8839298486709595
25501,0.110107421875,0.13263797760009766,1.0,1.0
25502,0.304931640625,0.36730533838272095,1.0,0.9385393857955933
25503,0.228759765625,0.27100902795791626,1.0,1.0
25504,0.304931640625,0.3860192894935608,0.4285714626312256,0.7461705207824707
25505,0.951904296875,0.9563645124435425,0.9521908760070801,0.9847017526626587
25506,0.197998046875,0.23433706164360046,0.6871474981307983,0.8379316329956055
25507,0.431884765625,0.4701903760433197,0.7318407297134399,0.839179515838623
25508,0.556884765625,0.5961737632751465,0.8308104276657104,0.9325539469718933
25509,0.580322265625,0.6268191337585449,0.86592036485672,0.8836176991462708
25510,0.556884765625,0.568159282207489,0.9594535827636719,0.9636901617050171
25511,0.518798828125,0.5370453596115112,1.0,0.9792371988296509
25512,0.05078125,0.08932650834321976,0.5307212471961975,0.7982650399208069
25513,0.2774251401424408,0.34388047456741333,0.8435737490653992,0.9007397890090942
25514,0.344482421875,0.38863593339920044,0.5977610945701599,0.7673915028572083
25515,0.304931640625,0.3746241629123688,1.0,1.0
25516,0.940673828125,0.9454546570777893,0.8770246505737305,0.9619309306144714
25517,0.110107421875,0.1771513819694519,0.3951442539691925,0.7459967732429504
25518,0.304931640625,0.3547396659851074,1.0,0.8450945019721985
25519,0.08203125,0.09576416015625,0.7039180994033813,0.9060254693031311
25522,0.2774251401424408,0.3415786623954773,0.5188971757888794,0.6623939871788025
25523,0.228759765625,0.2888121008872986,0.6461858153343201,0.9071072340011597
25524,0.0,0.04162842780351639,0.0,0.5724250078201294
25525,0.110107421875,0.18126654624938965,0.3951442539691925,0.7553439736366272
25526,0.967041015625,0.9674265384674072,0.9284793138504028,0.9744934439659119
25527,0.304931640625,0.3381223678588867,1.0,0.9362189173698425
25528,0.150390625,0.1712188720703125,0.7002755999565125,0.8133798241615295
25529,0.953369140625,0.9582425355911255,0.912726640701294,0.9908041954040527
25530,0.08203125,0.093017578125,0.7039180994033813,0.885459840297699
25531,0.466064453125,0.5093411207199097,0.7823625802993774,0.914871096611023
25532,0.951171875,0.956561267375946,0.8472716808319092,0.9237070083618164
25533,0.304931640625,0.3712784945964813,1.0,0.9905700087547302
25534,0.08203125,0.1340303272008896,0.7039180994033813,0.8611376285552979
25535,0.197998046875,0.2626972198486328,0.6871474981307983,0.802829384803772
25536,0.580322265625,0.6122269630432129,0.86592036485672,0.8283441662788391
25537,0.166259765625,0.25029945373535156,0.5307213068008423,0.8265388607978821
25538,0.706298828125,0.7095988392829895,0.871160089969635,0.9047865271568298
25539,0.466064453125,0.466064453125,1.0,1.0
25540,0.466064453125,0.5043020248413086,0.7823625802993774,0.9440870881080627
25541,0.110107421875,0.21663454174995422,0.3333333134651184,0.6989405751228333
25542,0.606689453125,0.6348438858985901,1.0,0.998358964920044
25543,0.47265625,0.48426055908203125,0.904949426651001,0.9453774094581604
25544,0.344482421875,0.37236493825912476,0.690318763256073,0.7919105291366577
25545,0.968017578125,0.9680572152137756,1.0,0.9821677803993225
25546,0.05078125,0.09463068097829819,0.5307212471961975,0.8118374347686768
25547,0.940673828125,0.9512766003608704,0.6461690664291382,0.8713718056678772
25548,0.110107421875,0.152557834982872,1.0,0.9216017723083496
25549,0.466064453125,0.4995096027851105,0.8656565546989441,0.9420833587646484
25550,0.05078125,0.0748138427734375,0.5307212471961975,0.7606395483016968
25551,0.455078125,0.5187503099441528,0.5115761756896973,0.8206789493560791
25552,0.606689453125,0.6417991518974304,1.0,0.9925042390823364
25553,0.304931640625,0.3676140010356903,1.0,0.8743705153465271
25554,0.14453125,0.22015105187892914,0.5307213068008423,0.7995961308479309
25555,0.263671875,0.2731272280216217,0.7653606534004211,0.7640833258628845
25556,0.304931640625,0.304931640625,1.0,1.0
25557,0.08203125,0.1340303272008896,0.7039180994033813,0.919646143913269
25558,0.228759765625,0.28509092330932617,0.6461858153343201,0.8977141976356506
25559,0.110107421875,0.13404613733291626,1.0,0.9617011547088623
25562,0.967041015625,0.9678064584732056,0.8122885227203369,0.9787794947624207
25563,0.304931640625,0.3639741837978363,1.0,0.8648396134376526
25564,0.304931640625,0.3680685758590698,1.0,0.9858860969543457
25565,0.2774251401424408,0.3380606770515442,0.8435737490653992,0.8698848485946655
25566,0.304931640625,0.37532487511634827,1.0,0.9981665015220642
25567,0.197998046875,0.2442176640033722,0.6871474981307983,0.8560072183609009
25568,0.14453125,0.18218079209327698,0.5307213068008423,0.7432692050933838
25569,0.304931640625,0.36563146114349365,1.0,0.8352044820785522
25570,0.393798828125,0.393798828125,0.8579513430595398,0.8579513430595398
25571,0.304931640625,0.37491902709007263,1.0,0.953712522983551
25572,0.0625,0.0833740234375,0.4692787230014801,0.8179810047149658
25573,0.267578125,0.29229736328125,0.5766665935516357,0.7142220735549927
25574,0.05078125,0.061767578125,0.5307212471961975,0.7122630476951599
25575,0.365234375,0.365234375,0.8339911699295044,0.8339911699295044
25576,0.150390625,0.20098084211349487,0.5364180207252502,0.7866447567939758
25577,0.110107421875,0.15885654091835022,0.5158474445343018,0.6943559050559998
25578,0.228759765625,0.25797632336616516,1.0,0.9377434253692627
25579,0.110107421875,0.14677700400352478,1.0,0.9752652645111084
25580,0.304931640625,0.36530712246894836,0.6151177287101746,0.7943705320358276
25581,0.2774251401424408,0.32894086837768555,0.8435737490653992,0.9704352021217346
25582,0.110107421875,0.23435145616531372,0.20503923296928406,0.6568506956100464
25583,0.091796875,0.091796875,1.0,1.0
25584,0.304931640625,0.37066736817359924,1.0,1.0
25585,0.110107421875,0.15885654091835022,1.0,1.0
25586,0.197998046875,0.2588758170604706,0.6871474981307983,0.8482264280319214
25587,0.304931640625,0.36309948563575745,1.0,0.9683884978294373
25588,0.2774251401424408,0.33559978008270264,0.8435737490653992,0.9618208408355713
25589,0.260498046875,0.3022397458553314,0.8026120662689209,0.7669925689697266
25590,0.488037109375,0.5216591358184814,0.8785831332206726,0.9430947303771973
25591,0.967041015625,0.9672471880912781,1.0,1.0
25592,0.166259765625,0.20140857994556427,0.8213136792182922,0.8735904097557068
25594,0.110107421875,0.14548586308956146,1.0,0.9950883388519287
25596,0.518798828125,0.564940333366394,1.0,0.9982136487960815
25597,0.197998046875,0.26159751415252686,0.6871474981307983,0.8649610280990601
25598,0.091796875,0.20100753009319305,0.255120187997818,0.748264729976654
25599,0.518798828125,0.5379298329353333,1.0,0.972183108329773
25600,0.567138671875,0.6160110235214233,0.7988805174827576,0.8334567546844482
25602,0.940673828125,0.9478414058685303,0.8770246505737305,0.9545890688896179
25603,0.393798828125,0.4437621235847473,0.690318763256073,0.8537282347679138
25604,0.304931640625,0.36518868803977966,1.0,1.0
25606,0.166259765625,0.2295491248369217,0.5307213068008423,0.8208250999450684
25607,0.2774251401424408,0.33030062913894653,0.8435737490653992,0.9501103162765503
25608,0.940673828125,0.9488493204116821,0.7038999795913696,0.9037091135978699
25609,0.567138671875,0.6066209673881531,0.7988805174827576,0.9268594980239868
25610,0.166259765625,0.2180451601743698,0.5307213068008423,0.7875058650970459
25611,0.366455078125,0.373904824256897,0.4365417957305908,0.6382144689559937
25613,0.3599446713924408,0.3886989951133728,0.8075588941574097,0.838662326335907
25615,0.197998046875,0.25518667697906494,0.6871474981307983,0.8578189015388489
25616,0.110107421875,0.16929864883422852,0.3951442539691925,0.6675139665603638
25617,0.110107421875,0.15836742520332336,0.5158474445343018,0.7635095715522766
25618,0.263671875,0.3230518698692322,0.7653606534004211,0.9330794811248779
25619,0.12109375,0.1488957405090332,0.605190634727478,0.7424001097679138
25620,0.567138671875,0.6091734170913696,0.7988805174827576,0.9490869641304016
25621,0.374755859375,0.42365050315856934,0.6128985285758972,0.8000531196594238
25622,0.556884765625,0.5966544151306152,0.8308104276657104,0.9587908387184143
25623,0.304931640625,0.3621583580970764,1.0,1.0
25624,0.488037109375,0.5501714944839478,0.7069194316864014,0.9006149172782898
25625,0.556884765625,0.5890234112739563,0.9594535827636719,0.971971333026886
25626,0.946533203125,0.95241379737854,0.8793432712554932,0.9542410969734192
25627,0.304931640625,0.36582908034324646,0.6151177287101746,0.6914763450622559
25628,0.150390625,0.16229248046875,0.7002755999565125,0.8045321106910706
25629,0.09375,0.09375,0.6309297680854797,0.6309297680854797
25630,0.12109375,0.1828054040670395,0.3910655975341797,0.7011216878890991
25631,0.499755859375,0.5551499724388123,0.629690945148468,0.7205798029899597
25632,0.943115234375,0.9454904198646545,0.9849443435668945,0.9863723516464233
25633,0.946533203125,0.9515246748924255,1.0,1.0
25634,0.580322265625,0.6126538515090942,1.0,0.9972172379493713
25635,0.260498046875,0.300712913274765,0.8026120662689209,0.9225256443023682
25636,0.943115234375,0.9491766095161438,0.9313938021659851,0.9675227403640747
25637,0.580322265625,0.598457932472229,1.0,0.9988309741020203
25638,0.146728515625,0.2070654332637787,0.48975956439971924,0.7771543264389038
25639,0.219970703125,0.3390457034111023,0.22389668226242065,0.6108044981956482
25640,0.946533203125,0.9506361484527588,0.8793432712554932,0.9398817420005798
25642,0.263671875,0.32159268856048584,0.7653606534004211,0.9270192980766296
25643,0.946533203125,0.9494767785072327,1.0,1.0
25645,0.946533203125,0.9511683583259583,1.0,1.0
25646,0.110107421875,0.16929864883422852,0.5158474445343018,0.7962373495101929
25647,0.518798828125,0.565500020980835,1.0,0.9967904090881348
25648,0.580322265625,0.6219407320022583,0.86592036485672,0.9399604797363281
25649,0.2774251401424408,0.3229331374168396,0.8435737490653992,0.9353987574577332
25650,0.091796875,0.091796875,1.0,1.0
25651,0.304931640625,0.35928866267204285,1.0,0.9898664355278015
25652,0.946533203125,0.951589822769165,1.0,1.0
25653,0.12109375,0.17878764867782593,0.3910655975341797,0.714009702205658
25654,0.304931640625,0.3546351492404938,1.0,0.9791005253791809
25656,0.228759765625,0.2446599006652832,1.0,0.9849510788917542
25657,0.2044270783662796,0.2400529533624649,0.5474918484687805,0.7881507277488708
25659,0.146728515625,0.2152661234140396,0.48975956439971924,0.7829924821853638
25660,0.2774251401424408,0.32840782403945923,0.8435737490653992,0.9536195397377014
25661,0.1106770858168602,0.1463826596736908,0.4437016248703003,0.6832863092422485
25662,0.556884765625,0.5859095454216003,0.9594535827636719,0.9288389086723328
25663,0.946533203125,0.9507926106452942,1.0,0.9937554597854614
25664,0.304931640625,0.3449886441230774,1.0,0.9906535148620605
25665,0.947998046875,0.9538317322731018,0.8348100185394287,0.9454514980316162
25666,0.466064453125,0.5256660580635071,0.629499077796936,0.8100060820579529
25667,0.228759765625,0.2679787874221802,1.0,0.9558244943618774
25668,0.110107421875,0.16363760828971863,0.5158474445343018,0.7853499054908752
25669,0.228759765625,0.27300670742988586,0.7660098671913147,0.9125570058822632
25670,0.14453125,0.17932537198066711,0.5307213068008423,0.6675629019737244
25672,0.278564453125,0.3489384651184082,0.39664164185523987,0.7210410237312317
25673,0.9673665165901184,0.9677643775939941,1.0,0.9992197155952454
25674,0.2774251401424408,0.3073183000087738,1.0,0.9955229759216309
25675,0.518798828125,0.5599291324615479,1.0,0.9549661874771118
25677,0.110107421875,0.1512162685394287,1.0,1.0
25678,0.304931640625,0.36871036887168884,1.0,0.900586724281311
25679,0.08203125,0.09576416015625,0.7039180994033813,0.9060254693031311
25680,0.110107421875,0.1512162685394287,1.0,1.0
25681,0.518798828125,0.5554594397544861,1.0,0.9930265545845032
25682,0.08203125,0.12846121191978455,0.7039180994033813,0.8412976264953613
25683,0.580322265625,0.6179047226905823,0.86592036485672,0.9173628687858582
25684,0.110107421875,0.13263797760009766,1.0,1.0
25685,0.2044270783662796,0.2044270783662796,0.963940441608429,0.963940441608429
25686,0.110107421875,0.1499060094356537,1.0,0.9918291568756104
25687,0.228759765625,0.27524256706237793,0.7660098671913147,0.9292516112327576
25689,0.0625,0.0625,1.0,1.0
25690,0.05078125,0.0748138427734375,0.5307212471961975,0.7606395483016968
25691,0.567138671875,0.6261789798736572,0.7988805174827576,0.9531298279762268
25692,0.374755859375,0.41587841510772705,0.7617307901382446,0.8570347428321838
25693,0.260498046875,0.31536585092544556,0.8026120662689209,0.9063825011253357
25694,0.953369140625,0.9567221999168396,1.0,0.9986283779144287
25695,0.0625,0.0625,1.0,1.0
25696,0.260498046875,0.32445794343948364,0.8026120662689209,0.9359486699104309
25697,0.304931640625,0.37751761078834534,1.0,1.0
25698,0.466064453125,0.5028724074363708,0.8656565546989441,0.9534582495689392
25699,0.146728515625,0.16625499725341797,0.7579237222671509,0.7979168891906738
25700,0.2774251401424408,0.3383028209209442,0.8435737490653992,0.9524919986724854
25701,0.166259765625,0.19757778942584991,0.8213136792182922,0.8690776824951172
25702,0.110107421875,0.15885654091835022,1.0,1.0
25703,0.260498046875,0.30969515442848206,0.8026120662689209,0.9137594699859619
25704,0.110107421875,0.2061108499765396,0.3333333134651184,0.7682077884674072
25705,0.08203125,0.08203125,0.9197208285331726,0.9197208285331726
25706,0.304931640625,0.3397778272628784,1.0,1.0
25707,0.606689453125,0.6381784081459045,1.0,0.9826931953430176
25708,0.946533203125,0.9497663974761963,1.0,0.9842276573181152
25709,0.951904296875,0.9552912712097168,0.9521908760070801,0.9880464673042297
25710,0.091796875,0.13034212589263916,0.7653606534004211,0.9495662450790405
25711,0.304931640625,0.3398453891277313,1.0,0.9899959564208984
25712,0.304931640625,0.3258289098739624,1.0,0.9891360402107239
25713,0.956298828125,0.9592801332473755,1.0,0.9886360168457031
25714,0.956298828125,0.958489179611206,1.0,0.9983469843864441
25715,0.2774251401424408,0.3207460343837738,0.8435737490653992,0.9580860137939453
25716,0.110107421875,0.1630847156047821,0.5158474445343018,0.779325544834137
25717,0.304931640625,0.37532487511634827,1.0,0.9558305144309998
25718,0.091796875,0.091796875,1.0,1.0
25719,0.09375,0.11459359526634216,0.4581993520259857,0.6352574825286865
25720,0.943115234375,0.9486168026924133,0.9313938021659851,0.9679830074310303
25721,0.02083333395421505,0.03059895895421505,0.3065735995769501,0.5249810218811035
25722,0.393798828125,0.43551525473594666,0.8579513430595398,0.9010136723518372
25723,0.08203125,0.16082334518432617,0.27814918756484985,0.7050241827964783
25725,0.304931640625,0.3635978698730469,0.6151177287101746,0.8051066398620605
25726,0.706298828125,0.7092986106872559,0.871160089969635,0.8970015645027161
25727,0.304931640625,0.3262125551700592,1.0,0.990963339805603
25728,0.212890625,0.2657739520072937,0.5679726600646973,0.8394307494163513
25729,0.0,0.0,0.0,0.0
25730,0.304931640625,0.304931640625,1.0,1.0
25731,0.0625,0.0625,1.0,1.0
25732,0.110107421875,0.16475296020507812,0.5158474445343018,0.7811062932014465
25733,0.304931640625,0.37269333004951477,1.0,0.9112986922264099
25734,0.23828125,0.3422093093395233,0.43299248814582825,0.6999908089637756
25736,0.946533203125,0.9489742517471313,1.0,1.0
25737,0.946533203125,0.9488862752914429,1.0,1.0
25738,0.943115234375,0.9480006694793701,0.819014847278595,0.9155979752540588
25739,0.278564453125,0.30919694900512695,0.6298989057540894,0.7462978363037109
25740,0.518798828125,0.5332661867141724,1.0,0.9927878975868225
25741,0.943115234375,0.9504411816596985,0.819014847278595,0.9382432699203491
25742,0.951904296875,0.9548834562301636,0.9521908760070801,0.9872027039527893
25743,0.967041015625,0.967282235622406,1.0,0.9848436117172241
25745,0.9444172978401184,0.9478136897087097,0.9456308484077454,0.9930327534675598
25746,0.02083333395421505,0.02083333395421505,0.5,0.5
25748,0.304931640625,0.3530694544315338,1.0,1.0
25750,0.166259765625,0.19833898544311523,0.6291344165802002,0.7877353429794312
25751,0.1106770858168602,0.15251073241233826,0.5792374610900879,0.758609414100647
25752,0.304931640625,0.3804042637348175,0.49493172764778137,0.6804805397987366
25753,0.304931640625,0.37269333004951477,1.0,0.9516623020172119
25754,0.12109375,0.1758127510547638,0.3910655975341797,0.6336207389831543
25755,0.197998046875,0.24538826942443848,0.6871474981307983,0.8613995909690857
25756,0.09375,0.09375,0.6309297680854797,0.6309297680854797
25757,0.14453125,0.20012986660003662,0.5307213068008423,0.7683147192001343
25758,0.110107421875,0.1462436020374298,1.0,1.0
25759,0.197998046875,0.23191949725151062,0.6871474981307983,0.8298313021659851
25760,0.110107421875,0.16116158664226532,0.5158474445343018,0.7700380682945251
25762,0.967041015625,0.9672382473945618,1.0,0.998088538646698
25763,0.556884765625,0.594325065612793,0.8308104276657104,0.9476074576377869
25764,0.323974609375,0.363034725189209,0.6861420273780823,0.7972553968429565
25765,0.518798828125,0.5650508403778076,0.8046129941940308,0.9185901880264282
25766,0.110107421875,0.13263797760009766,1.0,1.0
25767,0.940673828125,0.9449843168258667,0.8770246505737305,0.9563311338424683
25768,0.9388020634651184,0.9397175908088684,0.9608869552612305,0.987585723400116
25769,0.943359375,0.9439941644668579,0.97125244140625,0.9934945702552795
25770,0.304931640625,0.3746241629123688,1.0,1.0
25771,0.94140625,0.9512732028961182,0.6354966163635254,0.8470137715339661
25772,0.706298828125,0.708564043045044,0.871160089969635,0.8923259377479553
25773,0.0625,0.0625,1.0,1.0
25774,0.9444172978401184,0.945477306842804,1.0,0.9959105253219604
25775,0.228759765625,0.2600777745246887,1.0,1.0
25776,0.957763671875,0.9580867290496826,0.8908864855766296,0.9151260256767273
25777,0.260498046875,0.3292960822582245,0.8026120662689209,0.9294136166572571
25778,0.166259765625,0.1821599006652832,0.8213136792182922,0.8357853293418884
25779,0.956298828125,0.9594719409942627,1.0,0.9815163612365723
25780,0.946533203125,0.9513888359069824,1.0,0.9663936495780945
25781,0.499755859375,0.5704866647720337,0.629690945148468,0.8633927702903748
25782,0.490234375,0.5610582232475281,0.6884825229644775,0.9063557982444763
25783,0.110107421875,0.1462436020374298,1.0,1.0
25784,0.488037109375,0.5105390548706055,0.8785831332206726,0.9566176533699036
25785,0.110107421875,0.1588565558195114,1.0,1.0
25786,0.110107421875,0.110107421875,1.0,1.0
25787,0.110107421875,0.1588565558195114,1.0,1.0
25788,0.110107421875,0.1961948573589325,0.3333333134651184,0.6678256392478943
25789,0.304931640625,0.3617473244667053,1.0,0.9750388860702515
25790,0.2774251401424408,0.3127215802669525,0.8435737490653992,0.9807710647583008
25791,0.263671875,0.27192384004592896,0.90728360414505,0.9790188074111938
25792,0.05078125,0.0748138427734375,0.5307212471961975,0.7606395483016968
25793,0.518798828125,0.5500730276107788,1.0,1.0
25794,0.091796875,0.091796875,1.0,1.0
25795,0.967041015625,0.967127799987793,1.0,1.0
25796,0.110107421875,0.17950287461280823,0.3951442539691925,0.7522584795951843
25797,0.518798828125,0.5432766675949097,1.0,0.9833275675773621
25798,0.0625,0.0625,1.0,1.0
25799,0.956298828125,0.9584617614746094,1.0,1.0
25800,0.0625,0.08655030280351639,0.4692787230014801,0.7827140688896179
25801,0.518798828125,0.5570477843284607,1.0,0.939476728439331
25802,0.261474609375,0.2731904983520508,0.6806060075759888,0.7061794996261597
25803,0.1875,0.26718008518218994,0.31939393281936646,0.6512477397918701
25804,0.08203125,0.10642862319946289,0.7039180994033813,0.8587960004806519
25805,0.304931640625,0.3574824333190918,1.0,1.0
25806,0.110107421875,0.12298202514648438,1.0,1.0
25807,0.110107421875,0.110107421875,1.0,1.0
25808,0.261474609375,0.29315438866615295,0.6151177287101746,0.7271205186843872
25809,0.951904296875,0.957750141620636,0.8690900206565857,0.9707825183868408
25810,0.580322265625,0.6148531436920166,0.86592036485672,0.9724671244621277
25811,0.968017578125,0.9680752158164978,1.0,0.9989686012268066
25812,0.9375,0.9375,1.0,1.0
25813,0.469970703125,0.4743282198905945,0.6737852096557617,0.7327501773834229
25814,0.947998046875,0.9509559869766235,0.9146330952644348,0.9565439224243164
25815,0.05078125,0.05078125,0.6934263706207275,0.6934263706207275
25816,0.304931640625,0.37462419271469116,1.0,1.0
25817,0.304931640625,0.304931640625,1.0,1.0
25819,0.110107421875,0.1512162685394287,1.0,1.0
25820,0.304931640625,0.3571520745754242,1.0,0.9415262341499329
25821,0.304931640625,0.3530694544315338,1.0,1.0
25822,0.499755859375,0.5377295017242432,0.9037794470787048,0.9745092988014221
25823,0.2774251401424408,0.3434560000896454,0.8435737490653992,0.9708046913146973
25824,0.466064453125,0.5077017545700073,0.7823625802993774,0.945809006690979
25825,0.228759765625,0.2376861572265625,1.0,0.9903929233551025
25826,0.3059895932674408,0.3444230854511261,0.625433623790741,0.7672337889671326
25827,0.110107421875,0.15777386724948883,0.5158474445343018,0.7553284764289856
25828,0.518798828125,0.5311413407325745,1.0,0.9953728914260864
25829,0.05078125,0.09905082732439041,0.5307212471961975,0.8232007026672363
25830,0.219970703125,0.2771935760974884,0.49370092153549194,0.719662606716156
25831,0.03125,0.07802273333072662,0.29608193039894104,0.7424242496490479
25832,0.197998046875,0.231987863779068,0.8145672082901001,0.8669568300247192
25833,0.091796875,0.11411285400390625,0.7653606534004211,0.9438661336898804
25834,0.212890625,0.212890625,1.0,1.0
25835,0.951904296875,0.9539464712142944,0.9521908760070801,0.9837692379951477
25836,0.304931640625,0.3611045181751251,1.0,0.9956689476966858
25837,0.9673665165901184,0.9674054980278015,1.0,0.9949323534965515
25838,0.3599446713924408,0.38112252950668335,0.8075588941574097,0.8343228101730347
25839,0.9375,0.9375,1.0,1.0
25840,0.110107421875,0.1588565558195114,1.0,1.0
25841,0.943115234375,0.9498975872993469,0.819014847278595,0.9388824105262756
25842,0.197998046875,0.197998046875,0.8145672082901001,0.8145672082901001
25843,0.228759765625,0.27615299820899963,0.6461858153343201,0.8785663843154907
25844,0.531982421875,0.5495321154594421,0.9340764880180359,0.9451761245727539
25845,0.304931640625,0.3639143407344818,1.0,1.0
25846,0.05078125,0.06451416015625,0.5307212471961975,0.732828676700592
25847,0.365234375,0.4102284908294678,0.7136205434799194,0.8422980308532715
25848,0.267578125,0.2943572998046875,0.5766665935516357,0.7133676409721375
25849,0.05078125,0.09026336669921875,0.2737712264060974,0.5766012668609619
25850,0.946533203125,0.9507731795310974,1.0,1.0
25851,0.706298828125,0.7072257995605469,0.871160089969635,0.878036379814148
25852,0.14453125,0.18329286575317383,0.5307213068008423,0.7406373620033264
25853,0.091796875,0.10552978515625,0.7653606534004211,0.9674680233001709
25854,0.260498046875,0.3095034658908844,0.8026120662689209,0.8876857161521912
25855,0.228759765625,0.2548607587814331,1.0,0.9795652031898499
25856,0.1106770858168602,0.13931593298912048,0.4437016248703003,0.6485615372657776
25857,0.110107421875,0.12229230999946594,1.0,0.8331636190414429
25858,0.2774251401424408,0.34315258264541626,0.8435737490653992,0.9229058027267456
25859,0.260498046875,0.31262174248695374,0.8026120662689209,0.9420785903930664
25860,0.263671875,0.3077518939971924,0.7653606534004211,0.893248975276947
25861,0.03125,0.03125,0.6309297680854797,0.6309297680854797
25862,0.228759765625,0.228759765625,1.0,1.0
25863,0.3599446713924408,0.4055187702178955,0.6497723460197449,0.8107312917709351
25864,0.580322265625,0.6129122376441956,0.86592036485672,0.9642569422721863
25865,0.606689453125,0.6351858973503113,1.0,0.9730880856513977
25866,0.110107421875,0.1512162685394287,1.0,1.0
25867,0.166259765625,0.18439149856567383,0.8213136792182922,0.8446413278579712
25868,0.110107421875,0.110107421875,1.0,1.0
25869,0.580322265625,0.6108129024505615,0.86592036485672,0.9601204991340637
25870,0.263671875,0.27398681640625,0.90728360414505,0.9871451258659363
25871,0.110107421875,0.17103008925914764,0.3951442539691925,0.7271279692649841
25872,0.518798828125,0.564940333366394,1.0,0.9982136487960815
25873,0.518798828125,0.5521249771118164,1.0,1.0
25874,0.219970703125,0.2615453898906708,0.49370092153549194,0.6862282156944275
25875,0.518798828125,0.5535967350006104,1.0,0.9841772317886353
25876,0.05078125,0.14644105732440948,0.12040402740240097,0.5224080085754395
25877,0.110107421875,0.18159422278404236,0.3951442539691925,0.7239541411399841
25878,0.0625,0.0709635391831398,0.41311731934547424,0.5112208724021912
25879,0.304931640625,0.3449372947216034,1.0,0.9838137626647949
25880,0.393798828125,0.40250205993652344,0.8579513430595398,0.8440782427787781
25881,0.393798828125,0.4440506398677826,0.8579513430595398,0.9162663817405701
25882,0.110107421875,0.1512162685394287,1.0,1.0
25883,0.212890625,0.23820863664150238,0.8789618015289307,0.960126519203186
25884,0.08984375,0.133705273270607,0.3951442539691925,0.6530258059501648
25885,0.110107421875,0.110107421875,1.0,1.0
25886,0.0,0.012500000186264515,0.0,0.38685280084609985
25887,0.146728515625,0.257199764251709,0.3012597858905792,0.6926414966583252
25888,0.499755859375,0.549580991268158,0.9037794470787048,0.9691399931907654
25889,0.499755859375,0.543529748916626,0.9037794470787048,0.977432131767273
25890,0.943115234375,0.9467606544494629,0.9313938021659851,0.9801879525184631
25891,0.488037109375,0.5379220247268677,0.7069194316864014,0.8805467486381531
25892,0.9507649540901184,0.9524749517440796,0.974961519241333,0.9111757278442383
25893,0.304931640625,0.3574824333190918,1.0,1.0
25894,0.0625,0.0625,1.0,1.0
25895,0.02083333395421505,0.05505117028951645,0.23463936150074005,0.6533933281898499
25896,0.304931640625,0.35788586735725403,1.0,0.9903045296669006
25897,0.0625,0.09812621772289276,0.27814918756484985,0.551852285861969
25898,0.2774251401424408,0.35101598501205444,0.8435737490653992,0.9643195867538452
25899,0.584228515625,0.5849975347518921,0.6245770454406738,0.8207606077194214
25900,0.2774251401424408,0.3101195693016052,1.0,0.9941104650497437
25901,0.260498046875,0.2895088195800781,0.8026120662689209,0.9413045644760132
25902,0.110107421875,0.16483241319656372,0.5158474445343018,0.7837250232696533
25903,0.2774251401424408,0.36728861927986145,0.5188971757888794,0.8038544058799744
25904,0.2774251401424408,0.28709539771080017,1.0,1.0
25905,0.580322265625,0.6092028617858887,1.0,1.0
25906,0.0625,0.0625,1.0,1.0
25907,0.946533203125,0.951589822769165,1.0,1.0
25908,0.2774251401424408,0.2774251401424408,1.0,1.0
25909,0.943115234375,0.9454147219657898,0.9849443435668945,0.9846911430358887
25910,0.943115234375,0.9444169998168945,0.9849443435668945,0.9856202602386475
25911,0.9466145634651184,0.947611927986145,0.9288777112960815,0.9426088929176331
25912,0.197998046875,0.2535416781902313,0.6871474981307983,0.8600314855575562
25913,0.304931640625,0.43373507261276245,0.30563369393348694,0.6529092788696289
25914,0.946533203125,0.9482994079589844,1.0,0.9935646653175354
25915,0.260498046875,0.3105265200138092,0.8026120662689209,0.9348061680793762
25916,0.9444172978401184,0.9486706256866455,0.9456308484077454,0.9805702567100525
25917,0.959228515625,0.9595546722412109,0.9394869804382324,0.9473092555999756
25919,0.110107421875,0.14173804223537445,1.0,0.973120391368866
25923,0.110107421875,0.1462436020374298,1.0,1.0
25924,0.110107421875,0.15194988250732422,0.5158474445343018,0.75218665599823
25925,0.228759765625,0.30105912685394287,0.6461858153343201,0.9288164973258972
25927,0.0,0.010416666977107525,0.0,0.3562071919441223
25928,0.0625,0.132513165473938,0.24207624793052673,0.6912505626678467
25929,0.365234375,0.4384545683860779,0.5741883516311646,0.7891923785209656
25930,0.956298828125,0.9610635638237,0.8195018768310547,0.953905463218689
25931,0.2774251401424408,0.30830246210098267,1.0,1.0
25932,0.110107421875,0.155360147356987,1.0,1.0
25933,0.0625,0.0625,1.0,1.0
25934,0.110107421875,0.12298202514648438,1.0,1.0
25935,0.518798828125,0.5721018314361572,0.496870219707489,0.7210019826889038
25936,0.304931640625,0.3663724660873413,1.0,0.9904294013977051
25937,0.304931640625,0.3720511496067047,1.0,0.9489243626594543
25938,0.1875,0.2538341283798218,0.4692787230014801,0.6883411407470703
25939,0.110107421875,0.1620795577764511,0.3951442539691925,0.6172996163368225
25940,0.580322265625,0.6127949953079224,0.86592036485672,0.9839574694633484
25941,0.304931640625,0.3680547773838043,1.0,0.9368077516555786
25943,0.304931640625,0.3621583580970764,1.0,1.0
25944,0.560546875,0.5633719563484192,0.9580413699150085,0.9860137701034546
25946,0.940673828125,0.944764256477356,0.8770246505737305,0.9368695616722107
25947,0.0625,0.0771484375,0.6131471991539001,0.8772153258323669
25948,0.110107421875,0.110107421875,1.0,1.0
25949,0.455078125,0.4694976806640625,0.9385064244270325,0.9867843985557556
25950,0.946533203125,0.9529209733009338,0.7083972692489624,0.8721407055854797
25951,0.260498046875,0.30430012941360474,0.8026120662689209,0.9354835152626038
25952,0.08203125,0.14746759831905365,0.3631143569946289,0.7394753098487854
25953,0.567138671875,0.581937849521637,1.0,1.0
25954,0.166259765625,0.2040378451347351,0.6291344165802002,0.7909934520721436
25955,0.518798828125,0.5502170920372009,1.0,0.9464210867881775
25956,0.110107421875,0.17671337723731995,0.3951442539691925,0.7429246306419373
25957,0.393798828125,0.4112052917480469,0.8579513430595398,0.8736581206321716
25959,0.146728515625,0.1556549072265625,0.7579237222671509,0.7711718678474426
25960,0.323974609375,0.3667148947715759,0.6861420273780823,0.7683924436569214
25961,0.110107421875,0.14018169045448303,1.0,1.0
25962,0.304931640625,0.3195981979370117,1.0,1.0
25963,0.304931640625,0.34790122509002686,1.0,0.9843795895576477
25964,0.2774251401424408,0.3500746786594391,0.8435737490653992,0.9660276174545288
25965,0.166259765625,0.25553372502326965,0.5307213068008423,0.8432962894439697
25966,0.08203125,0.1045784056186676,0.7039180994033813,0.8495981097221375
25967,0.05078125,0.10906982421875,0.2737712264060974,0.6212211847305298
25969,0.110107421875,0.1372053325176239,1.0,0.812234103679657
25970,0.300537109375,0.3423892557621002,0.6655102372169495,0.7970846891403198
25971,0.580322265625,0.6226938366889954,0.86592036485672,0.9617443084716797
25972,0.263671875,0.263671875,1.0,1.0
25973,0.08203125,0.093017578125,0.7039180994033813,0.885459840297699
25974,0.2774251401424408,0.2851613461971283,1.0,0.9924746155738831
25975,0.263671875,0.32916566729545593,0.7653606534004211,0.8952619433403015
25976,0.0625,0.07421875,0.6131471991539001,0.8503448963165283
25977,0.518798828125,0.5604536533355713,1.0,0.9490402936935425
25978,0.304931640625,0.3548678159713745,1.0,0.9622024297714233
25979,0.260498046875,0.3442510664463043,0.8026120662689209,0.9074249863624573
25980,0.556884765625,0.6059658527374268,0.8308104276657104,0.9169106483459473
25981,0.228759765625,0.3280605673789978,0.3974803686141968,0.7559555172920227
25983,0.940673828125,0.94535893201828,0.8770246505737305,0.9597887396812439
25984,0.953369140625,0.9602810144424438,0.7479812502861023,0.9399745464324951
25985,0.946533203125,0.950575590133667,1.0,1.0
25986,0.304931640625,0.3205574154853821,1.0,0.9847734570503235
25987,0.2774251401424408,0.33559978008270264,0.8435737490653992,0.9618208408355713
25988,0.197998046875,0.22846035659313202,0.8145672082901001,0.8594055771827698
25989,0.110107421875,0.19639939069747925,0.3333333134651184,0.7614051103591919
25990,0.304931640625,0.36838459968566895,1.0,0.9251466989517212
25991,0.2774251401424408,0.3127215802669525,0.8435737490653992,0.9807710647583008
25992,0.967041015625,0.967440128326416,1.0,0.9983512163162231
25993,0.518798828125,0.584803581237793,0.6967307925224304,0.9343868494033813
25994,0.580322265625,0.5986628532409668,1.0,1.0
25995,0.03125,0.03125,0.6309297680854797,0.6309297680854797
25996,0.091796875,0.10552978515625,0.7653606534004211,0.9674680233001709
25997,0.518798828125,0.542923092842102,1.0,1.0
25998,0.110107421875,0.13263797760009766,1.0,1.0
25999,0.260498046875,0.2741975784301758,0.9514426589012146,0.944015383720398
26000,0.940673828125,0.9449499249458313,0.8770246505737305,0.9587189555168152
26001,0.219970703125,0.3011907637119293,0.34397661685943604,0.7079644799232483
26002,0.2774251401424408,0.34640735387802124,0.8435737490653992,0.9455041885375977
26003,0.943115234375,0.9444169998168945,0.9849443435668945,0.9856202602386475
26004,0.304931640625,0.3300743103027344,1.0,1.0
26005,0.304931640625,0.35285231471061707,1.0,0.9813527464866638
26006,0.2774251401424408,0.3169107735157013,0.8435737490653992,0.9594253301620483
26007,0.2774251401424408,0.3181700110435486,0.8435737490653992,0.9632368683815002
26008,0.228759765625,0.28993773460388184,0.6461858153343201,0.910636305809021
26009,0.0625,0.0625,0.5,0.5
26010,0.580322265625,0.6036192178726196,1.0,0.9813889861106873
26011,0.304931640625,0.35129472613334656,1.0,0.9551132321357727
26012,0.518798828125,0.5495848655700684,1.0,0.9834950566291809
26013,0.2774251401424408,0.30885347723960876,0.8435737490653992,0.9686151742935181
26014,0.228759765625,0.2912704646587372,0.6461858153343201,0.8773557543754578
26015,0.304931640625,0.3662554919719696,0.6151177287101746,0.7991966605186462
26016,0.03125,0.10117340087890625,0.11699506640434265,0.5650907158851624
26017,0.606689453125,0.6342222690582275,1.0,1.0
26018,0.956298828125,0.9588682651519775,1.0,1.0
26019,0.488037109375,0.552888035774231,0.7069194316864014,0.9051426649093628
26020,0.606689453125,0.6222625970840454,1.0,0.9828920960426331
26021,0.091796875,0.1158294677734375,0.7653606534004211,0.9558295607566833
26022,0.228759765625,0.27100902795791626,1.0,1.0
26023,0.0625,0.1650390625,0.1310456246137619,0.5261136293411255
26024,0.110107421875,0.110107421875,1.0,1.0
26025,0.967041015625,0.9673519730567932,1.0,1.0
26026,0.197998046875,0.2556079030036926,0.6871474981307983,0.8613371849060059
26027,0.091796875,0.091796875,1.0,1.0
26028,0.110107421875,0.12298202514648438,1.0,1.0
26030,0.110107421875,0.1512162685394287,1.0,1.0
26032,0.091796875,0.091796875,1.0,1.0
26034,0.2044270783662796,0.2666962742805481,0.5474918484687805,0.8473260402679443
26035,0.110107421875,0.1512162685394287,1.0,1.0
26036,0.146728515625,0.23951444029808044,0.48975956439971924,0.8240432143211365
26037,0.05078125,0.0748138427734375,0.5307212471961975,0.7606395483016968
26038,0.110107421875,0.155360147356987,1.0,1.0
26039,0.2044270783662796,0.2916806936264038,0.5474918484687805,0.8705830574035645
26040,0.0,0.008928571827709675,0.0,0.3333333432674408
26041,0.556884765625,0.6067735552787781,0.8308104276657104,0.9567784070968628
26042,0.304931640625,0.36388373374938965,1.0,0.978583812713623
26043,0.9444172978401184,0.9456260800361633,1.0,0.9983171224594116
26044,0.556884765625,0.5868067741394043,0.8308104276657104,0.9351559281349182
26045,0.606689453125,0.6249790191650391,1.0,1.0
26046,0.23828125,0.25504302978515625,0.8344475626945496,0.907858669757843
26047,0.9388020634651184,0.9404042363166809,0.9608869552612305,0.9852624535560608
26048,0.2774251401424408,0.35419926047325134,0.5188971757888794,0.7805826663970947
26049,0.499755859375,0.5278931856155396,0.9037794470787048,0.9502284526824951
26050,0.228759765625,0.25482413172721863,1.0,1.0
26051,0.304931640625,0.36789458990097046,1.0,0.9969006776809692
26052,0.166259765625,0.2295491248369217,0.5307213068008423,0.8208250999450684
26054,0.9673665165901184,0.9677660465240479,1.0,0.9903393983840942
26055,0.466064453125,0.4841090142726898,1.0,1.0
26056,0.968017578125,0.9680522680282593,1.0,1.0
26057,0.304931640625,0.3416658639907837,1.0,0.9180735945701599
26058,0.197998046875,0.2755659818649292,0.42267662286758423,0.7102281451225281
26059,0.05078125,0.05078125,0.6934263706207275,0.6934263706207275
26060,0.197998046875,0.25128549337387085,0.42267662286758423,0.6637656688690186
26061,0.304931640625,0.37751758098602295,1.0,1.0
26063,0.518798828125,0.5282273292541504,1.0,0.9972662329673767
26064,0.304931640625,0.37223631143569946,0.6151177287101746,0.8149222135543823
26065,0.146728515625,0.22894975543022156,0.3012597858905792,0.6483603119850159
26066,0.959228515625,0.9598901867866516,0.7631344795227051,0.9169711470603943
26067,0.228759765625,0.297854483127594,0.3974803686141968,0.6595908999443054
26068,0.9375,0.9432255029678345,0.8155369758605957,0.9348723888397217
26070,0.304931640625,0.34459003806114197,1.0,0.9731536507606506
26071,0.304931640625,0.36036354303359985,1.0,0.9922856688499451
26072,0.110107421875,0.1462436020374298,1.0,1.0
26073,0.946533203125,0.9489497542381287,1.0,0.9906225800514221
26074,0.260498046875,0.3016026020050049,0.8026120662689209,0.9331194758415222
26075,0.110107421875,0.19082991778850555,0.3333333134651184,0.7036945223808289
26076,0.951904296875,0.9537839889526367,0.9521908760070801,0.993620753288269
26077,0.393798828125,0.43930816650390625,0.8579513430595398,0.9069201946258545
26078,0.146728515625,0.21904225647449493,0.48975956439971924,0.6707404255867004
26079,0.260498046875,0.33213257789611816,0.8026120662689209,0.9436518549919128
26080,0.166259765625,0.166259765625,0.8213136792182922,0.8213136792182922
26081,0.567138671875,0.5930938720703125,0.7988805174827576,0.9529094696044922
26082,0.304931640625,0.35718148946762085,1.0,0.9895544052124023
26083,0.091796875,0.098663330078125,0.7653606534004211,0.9134016036987305
26084,0.4375,0.45803070068359375,0.8609101176261902,0.9546965956687927
26085,0.703369140625,0.7066753506660461,0.8588406443595886,0.8853516578674316
26086,0.2774251401424408,0.28709539771080017,1.0,1.0
26087,0.940673828125,0.9421758651733398,1.0,1.0
26088,0.110107421875,0.16364791989326477,0.5158474445343018,0.7764903903007507
26089,0.946533203125,0.946533203125,1.0,1.0
26090,0.2774251401424408,0.3380606770515442,0.8435737490653992,0.9687461256980896
26091,0.260498046875,0.29192638397216797,0.8026120662689209,0.932297945022583
26093,0.304931640625,0.3960747718811035,0.4285714626312256,0.7399424314498901
26094,0.110107421875,0.15885654091835022,1.0,1.0
26095,0.228759765625,0.26714080572128296,1.0,0.9957790374755859
26096,0.9507649540901184,0.9576548933982849,0.7292529344558716,0.921591579914093
26097,0.518798828125,0.5362052917480469,1.0,1.0
26098,0.228759765625,0.25709235668182373,1.0,0.987338125705719
26099,0.166259765625,0.21647758781909943,0.6291344165802002,0.8300430774688721
26100,0.091796875,0.10922050476074219,0.7653606534004211,0.9108532071113586
26101,0.3599446713924408,0.41362327337265015,0.6497723460197449,0.8323507308959961
26102,0.166259765625,0.22094078361988068,0.6291344165802002,0.8421905040740967
26103,0.304931640625,0.3600511848926544,1.0,1.0
26104,0.2774251401424408,0.28709539771080017,1.0,1.0
26105,0.110107421875,0.1499060094356537,1.0,0.9918291568756104
26106,0.44921875,0.4596729278564453,0.9224036931991577,0.9580349326133728
26107,0.3599446713924408,0.4171154797077179,0.6497723460197449,0.8351956009864807
26108,0.1106770858168602,0.138479083776474,0.5792374610900879,0.7207346558570862
26109,0.606689453125,0.6406631469726562,1.0,0.9979429244995117
26110,0.946533203125,0.9486284255981445,1.0,0.9956333041191101
26111,0.166259765625,0.2724732756614685,0.32645606994628906,0.7088049054145813
26112,0.0,0.02734375,0.0,0.5012658834457397
26113,0.197998046875,0.2673363983631134,0.6871474981307983,0.8641262650489807
26114,0.166259765625,0.22103598713874817,0.5307213068008423,0.7755386233329773
26115,0.304931640625,0.373099148273468,1.0,1.0
26116,0.956298828125,0.9590258002281189,1.0,0.9985334277153015
26117,0.9507649540901184,0.95289546251297,0.974961519241333,0.971648097038269
26118,0.488037109375,0.5374911427497864,0.8785831332206726,0.9544748663902283
26119,0.0625,0.1143798828125,0.24207624793052673,0.6410752534866333
26120,0.499755859375,0.5382091403007507,0.9037794470787048,0.982266902923584
26121,0.1458333432674408,0.2180684506893158,0.15272833406925201,0.46103477478027344
26122,0.260498046875,0.2967466711997986,0.8026120662689209,0.9246577620506287
26123,0.2774251401424408,0.2992047965526581,1.0,0.9965165853500366
26124,0.228759765625,0.24514806270599365,1.0,0.9855737090110779
26125,0.166259765625,0.18439149856567383,0.8213136792182922,0.8446413278579712
26126,0.304931640625,0.37965577840805054,0.6151177287101746,0.8335525989532471
26127,0.261474609375,0.2876599431037903,0.6151177287101746,0.7226016521453857
26128,0.166259765625,0.21468397974967957,0.6291344165802002,0.8223958611488342
26129,0.03125,0.09227357804775238,0.15273310244083405,0.588406503200531
26130,0.9444172978401184,0.9503175020217896,0.9456308484077454,0.9522771835327148
26131,0.9444172978401184,0.9493095874786377,0.9456308484077454,0.9866455793380737
26132,0.946533203125,0.9497243762016296,1.0,1.0
26133,0.9507649540901184,0.9544017910957336,0.974961519241333,0.976138710975647
26134,0.488037109375,0.4947319030761719,0.9721211791038513,0.9733434319496155
26135,0.110107421875,0.110107421875,1.0,1.0
26136,0.606689453125,0.6346418261528015,1.0,1.0
26137,0.260498046875,0.3160416781902313,0.8026120662689209,0.9442822933197021
26138,0.197998046875,0.2815518379211426,0.42267662286758423,0.6586347222328186
26139,0.488037109375,0.5158728361129761,0.8785831332206726,0.965373694896698
26140,0.110107421875,0.12298202514648438,1.0,1.0
26141,0.260498046875,0.30465126037597656,0.8026120662689209,0.9493020176887512
26142,0.0625,0.0625,1.0,1.0
26143,0.03125,0.03125,0.6309297680854797,0.6309297680854797
26144,0.943115234375,0.9477323889732361,0.9313938021659851,0.9647936820983887
26145,0.967041015625,0.9675842523574829,0.8122885227203369,0.9478278756141663
26146,0.304931640625,0.3496643304824829,1.0,0.9744573831558228
26147,0.393798828125,0.43665897846221924,0.8579513430595398,0.8996962308883667
26148,0.110107421875,0.16778317093849182,0.5158474445343018,0.7907759547233582
26149,0.0625,0.10132376104593277,0.4692787230014801,0.7338014841079712
26150,0.304931640625,0.39602145552635193,0.49493172764778137,0.8046839237213135
26152,0.03125,0.03125,0.6309297680854797,0.6309297680854797
26154,0.228759765625,0.27100902795791626,1.0,1.0
26155,0.946533203125,0.9500080943107605,1.0,1.0
26156,0.304931640625,0.3482896685600281,1.0,0.9933390021324158
26157,0.263671875,0.2795126736164093,0.90728360414505,0.9713801741600037
26158,0.943115234375,0.9487907886505127,0.9313938021659851,0.8970910906791687
26159,0.166259765625,0.20188742876052856,0.8213136792182922,0.8760149478912354
26160,0.956298828125,0.9590702652931213,1.0,0.9912657737731934
26161,0.1106770858168602,0.1106770858168602,0.6590018272399902,0.6590018272399902
26162,0.197998046875,0.20766830444335938,0.8145672082901001,0.8282809257507324
26163,0.110107421875,0.3083468973636627,0.10187789052724838,0.5662180781364441
26164,0.228759765625,0.30283355712890625,0.6461858153343201,0.900249719619751
26165,0.2774251401424408,0.3127215802669525,0.8435737490653992,0.9807710647583008
26166,0.110107421875,0.17164242267608643,0.5158474445343018,0.8039339184761047
26167,0.304931640625,0.3639143705368042,1.0,1.0
26169,0.197998046875,0.24538826942443848,0.6871474981307983,0.8613995909690857
26170,0.197998046875,0.2544182240962982,0.6871474981307983,0.8445427417755127
26171,0.940673828125,0.940673828125,1.0,1.0
26172,0.2774251401424408,0.3586480915546417,0.8435737490653992,0.9661160707473755
26173,0.323974609375,0.3880811929702759,0.5520787835121155,0.7966211438179016
26174,0.260498046875,0.3211335837841034,0.8026120662689209,0.9402880072593689
26175,0.953369140625,0.9574047327041626,0.912726640701294,0.9747964143753052
26176,0.02083333395421505,0.02083333395421505,0.5,0.5
26177,0.2774251401424408,0.2992047965526581,1.0,0.9965165853500366
26179,0.23828125,0.3164069950580597,0.7039180994033813,0.8299476504325867
26180,0.197998046875,0.2458658218383789,0.6871474981307983,0.8480743169784546
26181,0.943115234375,0.9493271112442017,0.9313938021659851,0.9475239515304565
26182,0.228759765625,0.3001420497894287,0.6461858153343201,0.898804783821106
26183,0.0625,0.0625,1.0,1.0
26185,0.260498046875,0.2742781639099121,0.9514426589012146,0.9458435773849487
26187,0.518798828125,0.5807048082351685,0.6967307925224304,0.9317734837532043
26188,0.304931640625,0.39422571659088135,0.49493172764778137,0.8192465305328369
26189,0.0625,0.1396636962890625,0.14433082938194275,0.4921914041042328
26191,0.304931640625,0.3168744146823883,1.0,0.9896718859672546
26192,0.47265625,0.49311044812202454,0.8178747296333313,0.9233540892601013
26193,0.1458333432674408,0.1458333432674408,0.5,0.5
26194,0.9444172978401184,0.9479681253433228,0.9456308484077454,0.981631338596344
26195,0.940673828125,0.9493387341499329,0.6212818622589111,0.837935209274292
26196,0.580322265625,0.6138631701469421,0.86592036485672,0.9840351939201355
26197,0.08203125,0.12993431091308594,0.3631143569946289,0.6781307458877563
26198,0.518798828125,0.5442302227020264,1.0,0.9636198282241821
26199,0.278564453125,0.3595416843891144,0.39664164185523987,0.7424228191375732
26200,0.05078125,0.10849879682064056,0.2097114622592926,0.5884706974029541
26201,0.0625,0.0625,1.0,1.0
26203,0.9444172978401184,0.94814133644104,0.9456308484077454,0.9709987640380859
26204,0.146728515625,0.146728515625,0.7579237222671509,0.7579237222671509
26205,0.490234375,0.5517276525497437,0.6884825229644775,0.9181951880455017
26206,0.02083333395421505,0.02083333395421505,0.5,0.5
26207,0.1875,0.19765624403953552,0.8262346386909485,0.9327783584594727
26208,0.606689453125,0.6310211420059204,1.0,0.9969015121459961
26209,0.518798828125,0.5617795586585999,1.0,1.0
26211,0.499755859375,0.5153944492340088,1.0,1.0
26214,0.9444172978401184,0.9504045844078064,0.9456308484077454,0.9822889566421509
26215,0.05078125,0.08932650834321976,0.5307212471961975,0.7982650399208069
26216,0.09375,0.09375,0.6309297680854797,0.6309297680854797
26217,0.08203125,0.151361882686615,0.27814918756484985,0.6793374419212341
26218,0.110107421875,0.155360147356987,1.0,1.0
26219,0.304931640625,0.3714071214199066,1.0,0.9850161075592041
26220,0.951904296875,0.9534492492675781,0.9521908760070801,0.9935051202774048
26221,0.110107421875,0.110107421875,1.0,1.0
26222,0.1875,0.21581897139549255,0.7262287139892578,0.8809923529624939
26223,0.951904296875,0.9564874172210693,0.8690900206565857,0.9800834655761719
26224,0.0625,0.1029459685087204,0.24207624793052673,0.595892071723938
26225,0.946533203125,0.9521827101707458,0.8793432712554932,0.9592587351799011
26226,0.606689453125,0.6340250372886658,1.0,0.986485481262207
26227,0.518798828125,0.571125864982605,0.6967307925224304,0.9021013975143433
26228,0.110107421875,0.1886264681816101,0.2620770037174225,0.5973619818687439
26229,0.606689453125,0.6395550966262817,1.0,0.8816190958023071
26230,0.560546875,0.5997195839881897,0.7653606534004211,0.9593545198440552
26231,0.304931640625,0.37751758098602295,1.0,1.0
26232,0.1875,0.2001953125,0.8262346386909485,0.9448479413986206
26233,0.12109375,0.1612415909767151,0.46358197927474976,0.6962539553642273
26234,0.0625,0.07421875,0.6131471991539001,0.8503448963165283
26235,0.304931640625,0.3300743103027344,1.0,1.0
26236,0.23828125,0.3276178240776062,0.7039180994033813,0.8611375689506531
26237,0.304931640625,0.3653959631919861,1.0,0.9435963034629822
26238,0.4375,0.4375,1.0,1.0
26239,0.580322265625,0.6186963319778442,0.86592036485672,0.9777969717979431
26240,0.304931640625,0.37462419271469116,1.0,1.0
26241,0.091796875,0.10552978515625,0.7653606534004211,0.9674680233001709
26242,0.278564453125,0.3398357033729553,0.5692896842956543,0.7826192378997803
26243,0.0,0.02226562425494194,0.0,0.455605149269104
26245,0.499755859375,0.5417343378067017,0.9037794470787048,0.978215754032135
26246,0.166259765625,0.17369842529296875,0.8213136792182922,0.821858823299408
26247,0.110107421875,0.110107421875,1.0,1.0
26249,0.9375,0.9398437738418579,0.8879528045654297,0.9566541910171509
26250,0.304931640625,0.3300743103027344,1.0,1.0
26251,0.488037109375,0.5158728361129761,0.8785831332206726,0.965373694896698
26252,0.1106770858168602,0.1939900815486908,0.2547474503517151,0.5757102370262146
26253,0.091796875,0.11136627197265625,0.7653606534004211,0.9267581105232239
26254,0.110107421875,0.1512162685394287,1.0,1.0
26255,0.3059895932674408,0.3100702166557312,0.6920201778411865,0.7275084257125854
26256,0.260498046875,0.260498046875,0.9514426589012146,0.9514426589012146
26257,0.0625,0.0625,1.0,1.0
26258,0.197998046875,0.22514033317565918,0.8145672082901001,0.8550695180892944
26259,0.304931640625,0.3574824333190918,1.0,1.0
26260,0.0,0.02083333395421505,0.0,0.3010300099849701
26261,0.304931640625,0.3812031149864197,0.6151177287101746,0.8355511426925659
26262,0.1875,0.1875,1.0,1.0
26264,0.0,0.02087053656578064,0.0,0.4415801167488098
26266,0.304931640625,0.3431977331638336,1.0,1.0
26267,0.146728515625,0.1765761375427246,0.58057701587677,0.7385134696960449
26268,0.02083333395421505,0.0354817733168602,0.3065735995769501,0.5706417560577393
26269,0.2044270783662796,0.2163289338350296,0.8472668528556824,0.9515233635902405
26270,0.44921875,0.455810546875,0.9224036931991577,0.9699816107749939
26271,0.304931640625,0.40871986746788025,0.4285714626312256,0.8069730997085571
26272,0.531982421875,0.580694317817688,0.7462155222892761,0.9040209650993347
26273,0.2774251401424408,0.3252929151058197,0.8435737490653992,0.9719643592834473
26274,0.393798828125,0.393798828125,0.8579513430595398,0.8579513430595398
26275,0.03125,0.06640625,0.17376534640789032,0.4933965504169464
26276,0.110107421875,0.2157476246356964,0.16497723758220673,0.6008201241493225
26277,0.304931640625,0.3397778272628784,1.0,1.0
26278,0.212890625,0.2718048095703125,0.5679726600646973,0.8915583491325378
26279,0.0625,0.0625,0.5,0.5
26280,0.466064453125,0.466064453125,1.0,1.0
26281,0.212890625,0.2406926155090332,0.8789618015289307,0.970941960811615
26282,0.393798828125,0.41497668623924255,0.8579513430595398,0.8777069449424744
26283,0.606689453125,0.6308051943778992,1.0,1.0
26284,0.110107421875,0.14018169045448303,1.0,1.0
26285,0.110107421875,0.12298202514648438,1.0,1.0
26286,0.304931640625,0.34641703963279724,1.0,1.0
26287,0.304931640625,0.37066736817359924,1.0,1.0
26288,0.1875,0.1875,1.0,1.0
26289,0.556884765625,0.5780621767044067,0.9594535827636719,0.9561255574226379
26290,0.5694172978401184,0.5752601623535156,0.6197949647903442,0.7546381950378418
26291,0.940673828125,0.9436907172203064,1.0,1.0
26292,0.0,0.02913207933306694,0.0,0.49674320220947266
26293,0.08203125,0.11411046981811523,0.7039180994033813,0.9068250060081482
26294,0.304931640625,0.3709383010864258,1.0,0.9946876764297485
26295,0.263671875,0.30500245094299316,0.7653606534004211,0.9084952473640442
26296,0.3599446713924408,0.3826651871204376,0.8075588941574097,0.8316037654876709
26297,0.08203125,0.10434722900390625,0.7039180994033813,0.8927537798881531
26298,0.228759765625,0.2600777745246887,1.0,1.0
26299,0.228759765625,0.26438742876052856,1.0,1.0
26300,0.228759765625,0.2830258011817932,0.7660098671913147,0.9424916505813599
26301,0.556884765625,0.5902876853942871,0.9594535827636719,0.9728463292121887
26302,0.091796875,0.13219451904296875,0.3948093354701996,0.6900409460067749
26303,0.9388020634651184,0.9404042363166809,0.9608869552612305,0.9852624535560608
26304,0.940673828125,0.9443899393081665,0.9274492263793945,0.9654776453971863
26305,0.956298828125,0.9585204124450684,1.0,1.0
26307,0.110107421875,0.13263797760009766,1.0,1.0
26308,0.304931640625,0.3746255338191986,0.6151177287101746,0.8258507251739502
26309,0.567138671875,0.616400957107544,0.7988805174827576,0.9172521233558655
26310,0.518798828125,0.5809004306793213,0.6967307925224304,0.9269840717315674
26311,0.2774251401424408,0.2851613461971283,1.0,0.9924746155738831
26312,0.110107421875,0.18354973196983337,0.3951442539691925,0.7305833101272583
26313,0.304931640625,0.3655247092247009,1.0,0.9772519469261169
26314,0.110107421875,0.13263797760009766,1.0,1.0
26315,0.518798828125,0.5500730276107788,1.0,1.0
26316,0.9673665165901184,0.9676222801208496,1.0,1.0
26317,0.943115234375,0.9484902024269104,0.9313938021659851,0.9388135075569153
26318,0.9673665165901184,0.9677786827087402,1.0,1.0
26319,0.091796875,0.14062942564487457,0.3948093354701996,0.7016813158988953
26320,0.518798828125,0.5551801919937134,1.0,1.0
26321,0.304931640625,0.4359886646270752,0.24621793627738953,0.6637356281280518
26322,0.219970703125,0.25209498405456543,0.5462626218795776,0.6822084784507751
26323,0.146728515625,0.21669259667396545,0.48975956439971924,0.7893016934394836
26324,0.560546875,0.618026852607727,0.7653606534004211,0.9512311816215515
26325,0.2774251401424408,0.2943480908870697,1.0,1.0
26326,0.499755859375,0.499755859375,1.0,1.0
26327,0.518798828125,0.5920425653457642,0.6967307925224304,0.9078178405761719
26328,0.304931640625,0.34641703963279724,1.0,1.0
26329,0.110107421875,0.13263797760009766,1.0,1.0
26331,0.304931640625,0.373099148273468,1.0,1.0
26332,0.946533203125,0.948955774307251,1.0,0.9957094788551331
26333,0.2774251401424408,0.35439085960388184,0.5188971757888794,0.7758386135101318
26334,0.469970703125,0.47365814447402954,0.6737852096557617,0.7167418599128723
26335,0.166259765625,0.17741775512695312,0.8213136792182922,0.8381840586662292
26336,0.946533203125,0.9499085545539856,1.0,0.9543500542640686
26337,0.956298828125,0.9606277346611023,0.8195018768310547,0.9505163431167603
26338,0.304931640625,0.37751761078834534,1.0,1.0
26342,0.110107421875,0.12298202514648438,1.0,1.0
26343,0.943359375,0.9491389393806458,0.9184463024139404,0.9639477133750916
26344,0.304931640625,0.36518868803977966,1.0,1.0
26345,0.2774251401424408,0.3201045095920563,0.8435737490653992,0.9610333442687988
26346,0.263671875,0.2877669334411621,0.90728360414505,0.9768461585044861
26347,0.110107421875,0.16805106401443481,0.5158474445343018,0.7940199971199036
26348,0.393798828125,0.4525112807750702,0.690318763256073,0.878309965133667
26350,0.0625,0.141845703125,0.15969696640968323,0.49385178089141846
26351,0.219970703125,0.26644158363342285,0.49370092153549194,0.6611541509628296
26352,0.946533203125,0.9532989859580994,0.7083972692489624,0.8829250335693359
26353,0.260498046875,0.2971140742301941,0.8026120662689209,0.8566950559616089
26354,0.946533203125,0.949766218662262,1.0,0.995954692363739
26355,0.518798828125,0.5406022071838379,1.0,0.9929474592208862
26356,0.08984375,0.1345686912536621,0.3951442539691925,0.6567089557647705
26357,0.304931640625,0.38445404171943665,0.6151177287101746,0.8414160013198853
26358,0.940673828125,0.940673828125,1.0,1.0
26359,0.304931640625,0.36982083320617676,1.0,1.0
26360,0.08203125,0.1428595334291458,0.27814918756484985,0.6524062752723694
26361,0.940673828125,0.9460556507110596,0.8770246505737305,0.9620254635810852
26362,0.110107421875,0.13263797760009766,1.0,1.0
26363,0.110107421875,0.14279887080192566,1.0,0.9803771376609802
26364,0.393798828125,0.4202907383441925,0.8579513430595398,0.8843148946762085
26365,0.393798828125,0.45124387741088867,0.690318763256073,0.8694041967391968
26366,0.02083333395421505,0.02083333395421505,0.5,0.5
26367,0.304931640625,0.3397778272628784,1.0,1.0
26368,0.571533203125,0.5762741565704346,0.7592076063156128,0.7861067056655884
26370,0.110107421875,0.13263797760009766,1.0,1.0
26371,0.940673828125,0.9449224472045898,0.8770246505737305,0.9673717021942139
26372,0.2774251401424408,0.35365474224090576,0.8435737490653992,0.9594380259513855
26373,0.0625,0.0708705335855484,0.6131471991539001,0.8175296187400818
26374,0.1875,0.21796874701976776,0.4692787230014801,0.6508205533027649
26375,0.9668782353401184,0.9670751094818115,1.0,0.9990253448486328
26376,0.08203125,0.111244335770607,0.7039180994033813,0.8886733651161194
26377,0.0625,0.08494821935892105,0.3631143569946289,0.5526061058044434
26378,0.304931640625,0.3600511848926544,1.0,1.0
26379,0.146728515625,0.1830666959285736,0.58057701587677,0.7535886168479919
26380,0.374755859375,0.3814506530761719,0.8428282141685486,0.8497189283370972
26381,0.946533203125,0.9526423811912537,0.8793432712554932,0.9676634073257446
26382,0.518798828125,0.550524115562439,1.0,0.9822735786437988
26383,0.0625,0.0842633917927742,0.3065735995769501,0.5109559893608093
26384,0.0625,0.0625,1.0,1.0
26385,0.953369140625,0.956045925617218,1.0,0.9908148646354675
26386,0.212890625,0.24859619140625,0.67329341173172,0.9128780961036682
26387,0.228759765625,0.31220996379852295,0.6461858153343201,0.869014322757721
26388,0.110107421875,0.16778317093849182,0.5158474445343018,0.7907759547233582
26389,0.940673828125,0.947083055973053,0.8770246505737305,0.9499266147613525
26390,0.393798828125,0.4225195050239563,0.8579513430595398,0.8850728869438171
26391,0.110107421875,0.12298202514648438,1.0,1.0
26392,0.146728515625,0.18594755232334137,0.7579237222671509,0.8401150703430176
26393,0.0,0.049220357090234756,0.0,0.4573456943035126
26394,0.110107421875,0.1483735889196396,1.0,0.9667147397994995
26395,0.344482421875,0.36076074838638306,0.690318763256073,0.7512611746788025
26396,0.9668782353401184,0.9674069285392761,0.892719030380249,0.9783990979194641
26397,0.0625,0.1005859375,0.3065735995769501,0.5706417560577393
26398,0.08203125,0.08203125,0.9197208285331726,0.9197208285331726
26399,0.263671875,0.27398681640625,0.90728360414505,0.9871451258659363
26400,0.110107421875,0.1444081962108612,1.0,0.9888008832931519
26401,0.3599446713924408,0.3963260054588318,0.8075588941574097,0.856259822845459
26402,0.393798828125,0.43786266446113586,0.690318763256073,0.8327869176864624
26403,0.166259765625,0.22398492693901062,0.5307213068008423,0.8115076422691345
26404,0.304931640625,0.3709382712841034,1.0,0.9946876764297485
26405,0.166259765625,0.19757778942584991,0.8213136792182922,0.8690776824951172
26406,0.518798828125,0.5500730276107788,1.0,1.0
26407,0.940673828125,0.9420685768127441,1.0,0.9981918334960938
26408,0.03125,0.0458984375,0.38685283064842224,0.6509209871292114
26409,0.09375,0.09375,0.6309297680854797,0.6309297680854797
26410,0.365234375,0.44441652297973633,0.4972013831138611,0.7072415947914124
26411,0.9444172978401184,0.9524211287498474,0.8315341472625732,0.9555518627166748
26412,0.518798828125,0.5563945174217224,1.0,0.9529849290847778
26413,0.304931640625,0.34641703963279724,1.0,1.0
26414,0.0625,0.0625,1.0,1.0
26415,0.228759765625,0.28479641675949097,0.6461858153343201,0.8925448656082153
26416,0.499755859375,0.5249136686325073,0.9037794470787048,0.9804353713989258
26417,0.323974609375,0.3995670974254608,0.47805625200271606,0.7964776754379272
26418,0.580322265625,0.6160000562667847,0.86592036485672,0.9584478139877319
26419,0.580322265625,0.605509340763092,1.0,1.0
26420,0.261474609375,0.30516356229782104,0.6151177287101746,0.7556238174438477
26421,0.197998046875,0.26963260769844055,0.6871474981307983,0.8737707734107971
26422,0.9668782353401184,0.967379629611969,0.892719030380249,0.9400155544281006
26423,0.110107421875,0.1479802131652832,0.5158474445343018,0.7371376156806946
26424,0.260498046875,0.2939985990524292,0.8026120662689209,0.937031090259552
26425,0.393798828125,0.4440878927707672,0.690318763256073,0.8523218035697937
26426,0.946533203125,0.9484672546386719,1.0,1.0
26427,0.05078125,0.08171094954013824,0.5307212471961975,0.7738932371139526
26428,0.567138671875,0.5864468812942505,0.9225797057151794,0.9843108057975769
26429,0.09375,0.1302490234375,0.35098522901535034,0.6290042400360107
26430,0.110107421875,0.15885654091835022,1.0,1.0
26431,0.580322265625,0.6102173328399658,1.0,0.9596706628799438
26432,0.556884765625,0.5850028991699219,0.8308104276657104,0.9505808353424072
26433,0.956298828125,0.9589133262634277,1.0,0.905385434627533
26434,0.9673665165901184,0.9676159620285034,1.0,0.9923785924911499
26435,0.110107421875,0.1462436020374298,1.0,1.0
26436,0.3599446713924408,0.3817480802536011,0.8075588941574097,0.8320188522338867
26437,0.197998046875,0.23294396698474884,0.6871474981307983,0.8260632753372192
26439,0.580322265625,0.5986628532409668,1.0,1.0
26440,0.260498046875,0.29199114441871643,0.8026120662689209,0.9183156490325928
26441,0.091796875,0.091796875,1.0,1.0
26442,0.946533203125,0.9511683583259583,1.0,1.0
26443,0.953369140625,0.957341194152832,0.912726640701294,0.9893588423728943
26444,0.393798828125,0.4309176206588745,0.8579513430595398,0.8888223767280579
26445,0.946533203125,0.9517104625701904,0.8793432712554932,0.9550331234931946
26446,0.9673665165901184,0.9675095677375793,1.0,0.9971104264259338
26447,0.14453125,0.1714237779378891,0.5307213068008423,0.706893801689148
26448,0.567138671875,0.5935738682746887,0.7988805174827576,0.9350231289863586
26449,0.110107421875,0.12298202514648438,1.0,1.0
26450,0.260498046875,0.2774209976196289,0.9514426589012146,0.957834780216217
26451,0.23828125,0.31615906953811646,0.43299248814582825,0.7274395227432251
26452,0.0625,0.088134765625,0.4692787230014801,0.8529279232025146
26453,0.260498046875,0.3105265200138092,0.8026120662689209,0.9348061680793762
26454,0.580322265625,0.600495457649231,1.0,0.9843668937683105
26455,0.091796875,0.14006644487380981,0.7653606534004211,0.9496720433235168
26456,0.556884765625,0.5950533747673035,0.8308104276657104,0.9537633061408997
26457,0.110107421875,0.18405604362487793,0.3951442539691925,0.7642269134521484
26458,0.940673828125,0.9454063773155212,0.8770246505737305,0.9599592685699463
26459,0.146728515625,0.20445367693901062,0.48975956439971924,0.7768999338150024
26460,0.518798828125,0.5684733390808105,0.8046129941940308,0.932027280330658
26461,0.580322265625,0.6033942699432373,1.0,1.0
26462,0.166259765625,0.2080851048231125,0.6291344165802002,0.8067592978477478
26463,0.091796875,0.1143440306186676,0.7653606534004211,0.8940042853355408
26464,0.304931640625,0.3300743103027344,1.0,1.0
26465,0.946533203125,0.9497243762016296,1.0,1.0
26466,0.110107421875,0.14873123168945312,0.5158474445343018,0.7503846287727356
26467,0.466064453125,0.466064453125,1.0,1.0
26468,0.146728515625,0.17279288172721863,0.7579237222671509,0.8114867210388184
26469,0.556884765625,0.586424708366394,0.9594535827636719,0.9621800780296326
26470,0.518798828125,0.5775113105773926,0.6967307925224304,0.8656560778617859
26471,0.166259765625,0.17741775512695312,0.8213136792182922,0.8381840586662292
26472,0.2774251401424408,0.2943480908870697,1.0,1.0
26473,0.2774251401424408,0.305227130651474,0.8435737490653992,0.9558644890785217
26474,0.197998046875,0.23424667119979858,0.6871474981307983,0.8312206268310547
26475,0.03125,0.03125,0.6309297680854797,0.6309297680854797
26476,0.0,0.010416666977107525,0.0,0.3562071919441223
26477,0.08203125,0.08203125,0.9197208285331726,0.9197208285331726
26478,0.09375,0.1010044664144516,0.5212960839271545,0.6130998730659485
26479,0.946533203125,0.948955774307251,1.0,0.9957094788551331
26480,0.518798828125,0.5283250212669373,1.0,0.985412061214447
26481,0.946533203125,0.9479851722717285,1.0,0.998831033706665
26482,0.488037109375,0.5036756992340088,0.9721211791038513,0.9752179980278015
26483,0.9444172978401184,0.9485287070274353,0.9456308484077454,0.9861478805541992
26485,0.518798828125,0.574228048324585,0.8046129941940308,0.9468939900398254
26486,0.05078125,0.05078125,0.6934263706207275,0.6934263706207275
26487,0.228759765625,0.2600777745246887,1.0,1.0
26488,0.03125,0.03125,0.6309297680854797,0.6309297680854797
26489,0.146728515625,0.19726935029029846,0.58057701587677,0.7938569188117981
26490,0.02083333395421505,0.0354817733168602,0.3065735995769501,0.5706417560577393
26491,0.12109375,0.1949678361415863,0.3910655975341797,0.7426302433013916
26492,0.304931640625,0.3746241629123688,1.0,1.0
26493,0.9444172978401184,0.9495589137077332,0.9456308484077454,0.9849520921707153
26494,0.219970703125,0.25341588258743286,0.5462626218795776,0.6879627704620361
26495,0.091796875,0.102783203125,0.7653606534004211,0.9469023942947388
26496,0.365234375,0.4100113809108734,0.7136205434799194,0.8514904975891113
26497,0.166259765625,0.2069864273071289,0.6291344165802002,0.8166524767875671
26498,0.267578125,0.267578125,0.7098097205162048,0.7098097205162048
26499,0.304931640625,0.37751761078834534,1.0,1.0
26500,0.304931640625,0.3719862997531891,1.0,1.0
26501,0.556884765625,0.579086422920227,0.9594535827636719,0.9635704159736633
26502,0.0625,0.1022578626871109,0.27814918756484985,0.5644205808639526
26503,0.228759765625,0.31803372502326965,0.6461858153343201,0.9112410545349121
26504,0.3599446713924408,0.42915621399879456,0.5626510977745056,0.8531396389007568
26505,0.0,0.012500000186264515,0.0,0.38685280084609985
26507,0.02083333395421505,0.02083333395421505,0.5,0.5
26508,0.228759765625,0.2376861572265625,1.0,0.9903929233551025
26509,0.110107421875,0.155360147356987,1.0,0.9363793134689331
26510,0.580322265625,0.6034461855888367,1.0,0.9902324080467224
26511,0.580322265625,0.6291216015815735,0.86592036485672,0.9756842255592346
26512,0.110107421875,0.110107421875,1.0,1.0
26513,0.560546875,0.5913515090942383,0.8838695287704468,0.9453151226043701
26515,0.374755859375,0.43199577927589417,0.6128985285758972,0.8235780596733093
26516,0.943115234375,0.9438591003417969,0.9849443435668945,0.9853081107139587
26517,0.946533203125,0.9496925473213196,1.0,1.0
26518,0.08203125,0.09576416015625,0.7039180994033813,0.9060254693031311
26519,0.946533203125,0.9565231800079346,0.6577322483062744,0.9132593274116516
26520,0.393798828125,0.41365307569503784,0.8579513430595398,0.8486620187759399
26521,0.1106770858168602,0.1493581235408783,0.4437016248703003,0.6841328740119934
26522,0.940673828125,0.9430829286575317,1.0,1.0
26523,0.940673828125,0.9438991546630859,0.9274492263793945,0.9737078547477722
26524,0.110107421875,0.155360147356987,1.0,1.0
26525,0.499755859375,0.559006929397583,0.7271926999092102,0.9228114485740662
26526,0.228759765625,0.25482413172721863,1.0,1.0
26527,0.228759765625,0.39817410707473755,0.2245950698852539,0.6198103427886963
26528,0.957763671875,0.9578208923339844,0.9265733957290649,0.9278187155723572
26529,0.946533203125,0.950002908706665,1.0,0.9950294494628906
26530,0.03125,0.03125,0.6309297680854797,0.6309297680854797
26531,0.431884765625,0.45948928594589233,0.8451594114303589,0.8808006644248962
26532,0.091796875,0.091796875,1.0,1.0
26533,0.263671875,0.3378344178199768,0.7653606534004211,0.9495662450790405
26534,0.499755859375,0.5281918048858643,0.9037794470787048,0.9582933783531189
26535,0.580322265625,0.6143213510513306,0.86592036485672,0.9754531979560852
26536,0.110107421875,0.1462436020374298,1.0,1.0
26537,0.08203125,0.093017578125,0.7039180994033813,0.885459840297699
26538,0.567138671875,0.5918296575546265,0.9225797057151794,0.9833349585533142
26539,0.304931640625,0.3728586435317993,0.49493172764778137,0.7556849122047424
26540,0.02083333395421505,0.0851818323135376,0.09271639585494995,0.4794447124004364
26541,0.110107421875,0.14022395014762878,1.0,0.9683310389518738
26542,0.03125,0.03125,0.6309297680854797,0.6309297680854797
26543,0.263671875,0.32054710388183594,0.7653606534004211,0.9017903208732605
26544,0.110107421875,0.12845373153686523,1.0,0.9747428894042969
26545,0.943115234375,0.9467751383781433,0.9313938021659851,0.9629985094070435
26547,0.091796875,0.091796875,1.0,1.0
26548,0.939453125,0.9422832727432251,0.9690036177635193,0.987706184387207
26549,0.197998046875,0.25420016050338745,0.6871474981307983,0.8540080189704895
26550,0.0625,0.0625,1.0,1.0
26551,0.110107421875,0.1462436020374298,1.0,1.0
26552,0.946533203125,0.9491668939590454,1.0,0.9988803267478943
26554,0.946533203125,0.9565447568893433,0.6577322483062744,0.9030212759971619
26555,0.260498046875,0.3007831573486328,0.8026120662689209,0.9382072687149048
26556,0.197998046875,0.27422764897346497,0.6871474981307983,0.7921926975250244
26557,0.567138671875,0.6265130639076233,0.4261382520198822,0.755120038986206
26558,0.2774251401424408,0.3483183979988098,0.8435737490653992,0.9591591954231262
26559,0.2774251401424408,0.29676565527915955,0.8435737490653992,0.9469397664070129
26560,0.166259765625,0.22774526476860046,0.3612121045589447,0.6337857842445374
26561,0.2774251401424408,0.34544676542282104,0.8435737490653992,0.9474160671234131
26562,0.260498046875,0.33929577469825745,0.8026120662689209,0.9362205862998962
26563,0.197998046875,0.22058716416358948,0.8145672082901001,0.8477124571800232
26565,0.469970703125,0.47400832176208496,0.6737852096557617,0.729894757270813
26566,0.0,0.015625,0.0,0.43067657947540283
26567,0.304931640625,0.33916983008384705,1.0,0.9972859025001526
26568,0.228759765625,0.292778342962265,0.6461858153343201,0.9062455892562866
26569,0.091796875,0.091796875,1.0,1.0
26570,0.3599446713924408,0.41369619965553284,0.6497723460197449,0.8295985460281372
26571,0.0625,0.0625,1.0,1.0
26572,0.228759765625,0.2600777745246887,1.0,1.0
26573,0.166259765625,0.19232413172721863,0.8213136792182922,0.8608506917953491
26574,0.2774251401424408,0.34695249795913696,0.8435737490653992,0.9674712419509888
26575,0.567138671875,0.6183127164840698,0.7988805174827576,0.929177463054657
26576,0.146728515625,0.24735745787620544,0.24239754676818848,0.6327494382858276
26577,0.499755859375,0.5360229015350342,0.9037794470787048,0.9713051319122314
26578,0.9375,0.9375,1.0,1.0
26579,0.304931640625,0.304931640625,1.0,1.0
26580,0.3599446713924408,0.40839266777038574,0.6497723460197449,0.8177503943443298
26581,0.943359375,0.947219729423523,0.9184463024139404,0.9692386388778687
26582,0.261474609375,0.28663238883018494,0.6151177287101746,0.7210661768913269
26583,0.228759765625,0.28434890508651733,0.6461858153343201,0.8960124254226685
26584,0.260498046875,0.3313916027545929,0.8026120662689209,0.9402686953544617
26585,0.228759765625,0.30283355712890625,0.6461858153343201,0.900249719619751
26586,0.344482421875,0.36742496490478516,0.690318763256073,0.7789511680603027
26587,0.304931640625,0.34678947925567627,1.0,0.9667569994926453
26588,0.228759765625,0.24828624725341797,1.0,1.0
26589,0.304931640625,0.38499605655670166,0.6151177287101746,0.8453638553619385
26590,0.943115234375,0.9444169998168945,0.9849443435668945,0.9856202602386475
26591,0.110107421875,0.1310286521911621,1.0,0.9896062016487122
26592,0.466064453125,0.49502044916152954,0.8656565546989441,0.9453944563865662
26593,0.091796875,0.091796875,1.0,1.0
26594,0.518798828125,0.5878775119781494,0.6967307925224304,0.9167466163635254
26595,0.940673828125,0.9440348744392395,0.9274492263793945,0.9709285497665405
26596,0.946533203125,0.9492735266685486,1.0,0.992933452129364
26597,0.9507649540901184,0.956308126449585,0.8898733854293823,0.9275820255279541
26598,0.110107421875,0.1462436020374298,1.0,1.0
26599,0.556884765625,0.582071840763092,0.9594535827636719,0.9681392908096313
26600,0.0625,0.0625,1.0,1.0
26601,0.580322265625,0.6081830263137817,1.0,0.9937570095062256
26602,0.956298828125,0.9574266672134399,1.0,1.0
26603,0.110107421875,0.1462436020374298,1.0,1.0
26604,0.197998046875,0.2410123348236084,0.6871474981307983,0.8205808401107788
26605,0.943359375,0.9554718732833862,0.6506248712539673,0.8991045951843262
26606,0.518798828125,0.5536038279533386,1.0,0.9856851100921631
26607,0.518798828125,0.5643081665039062,1.0,1.0
26608,0.146728515625,0.21182872354984283,0.48975956439971924,0.7750967144966125
26609,0.110107421875,0.1512162685394287,1.0,1.0
26610,0.499755859375,0.5429444313049316,0.9037794470787048,0.975372314453125
26611,0.1875,0.1875,1.0,1.0
26613,0.488037109375,0.5300155878067017,0.8785831332206726,0.9583803415298462
26614,0.260498046875,0.2957944869995117,0.8026120662689209,0.9444537162780762
26615,0.110107421875,0.1512162685394287,1.0,1.0
26616,0.3599446713924408,0.3682127594947815,0.8075588941574097,0.8149499893188477
26617,0.606689453125,0.6210763454437256,1.0,0.99654221534729
26618,0.393798828125,0.4080969989299774,0.8579513430595398,0.8547665476799011
26619,0.469970703125,0.4728087782859802,0.6737852096557617,0.7053860425949097
26620,0.304931640625,0.36518868803977966,1.0,1.0
26621,0.228759765625,0.27618807554244995,0.7660098671913147,0.9238502979278564
26622,0.9507649540901184,0.952974259853363,0.974961519241333,0.9775893092155457
26623,0.940673828125,0.9447636008262634,0.9274492263793945,0.9722579121589661
26624,0.03125,0.03125,0.6309297680854797,0.6309297680854797
26625,0.304931640625,0.36025428771972656,1.0,0.8992581367492676
26626,0.951904296875,0.9537144303321838,1.0,1.0
26627,0.455078125,0.5017064809799194,0.7342523336410522,0.8980742692947388
26628,0.0625,0.1173553466796875,0.24207624793052673,0.6376097798347473
26629,0.9444172978401184,0.9474561810493469,0.9456308484077454,0.991745114326477
26630,0.304931640625,0.3585476875305176,1.0,0.986483097076416
26631,0.0625,0.0771484375,0.6131471991539001,0.8772153258323669
26632,0.166259765625,0.18578624725341797,0.8213136792182922,0.8508342504501343
26633,0.946533203125,0.9500255584716797,1.0,0.9931837916374207
26634,0.08203125,0.12322998046875,0.3631143569946289,0.6758840680122375
26635,0.166259765625,0.22094078361988068,0.6291344165802002,0.8421905040740967
26636,0.263671875,0.2744012475013733,0.90728360414505,0.951596200466156
26637,0.166259765625,0.1931086778640747,0.6291344165802002,0.7691837549209595
26638,0.9444172978401184,0.9465051889419556,1.0,1.0
26639,0.304931640625,0.36264464259147644,1.0,0.9888009428977966
26640,0.260498046875,0.3318161964416504,0.49370092153549194,0.7583970427513123
26641,0.488037109375,0.5452609062194824,0.6121358871459961,0.857495129108429
26642,0.212890625,0.23223114013671875,0.8789618015289307,0.9684776067733765
26643,0.110107421875,0.1462436020374298,1.0,1.0
26645,0.374755859375,0.39919185638427734,0.7617307901382446,0.8559427261352539
26646,0.260498046875,0.3078882694244385,0.8026120662689209,0.9512487649917603
26647,0.110107421875,0.16969843208789825,0.3951442539691925,0.68986976146698
26648,0.374755859375,0.4124922752380371,0.7617307901382446,0.863389253616333
26649,0.304931640625,0.338664710521698,1.0,0.9747428894042969
26650,0.94140625,0.9443023800849915,0.8970906734466553,0.965756356716156
26651,0.488037109375,0.5159267783164978,0.8785831332206726,0.9589781165122986
26653,0.03125,0.0396205373108387,0.38685283064842224,0.5912352204322815
26654,0.9444172978401184,0.9444172978401184,1.0,1.0
26655,0.2122395932674408,0.2463272511959076,0.5188971757888794,0.6670695543289185
26656,0.490234375,0.5429000854492188,0.6884825229644775,0.9188255071640015
26657,0.03125,0.03125,0.6309297680854797,0.6309297680854797
26659,0.110107421875,0.1204071044921875,1.0,0.9828919768333435
26662,0.304931640625,0.3482896387577057,1.0,0.9933390021324158
26663,0.110107421875,0.11869049072265625,1.0,0.9709285497665405
26664,0.0,0.008928571827709675,0.0,0.3333333432674408
26666,0.304931640625,0.3300743103027344,1.0,1.0
26668,0.2774251401424408,0.31831449270248413,0.8435737490653992,0.9287903308868408
26669,0.166259765625,0.23824073374271393,0.5307213068008423,0.8219849467277527
26671,0.110107421875,0.155360147356987,1.0,1.0
26672,0.166259765625,0.2727225422859192,0.32645606994628906,0.708288848400116
26673,0.1458333432674408,0.18814100325107574,0.29371020197868347,0.5293232202529907
26674,0.560546875,0.5825376510620117,0.8838695287704468,0.950600802898407
26675,0.304931640625,0.3595234453678131,1.0,0.9033147692680359
26676,0.580322265625,0.5835357904434204,1.0,0.9967166781425476
26677,0.166259765625,0.166259765625,0.8213136792182922,0.8213136792182922
26678,0.304931640625,0.3680547773838043,1.0,0.9368077516555786
26679,0.263671875,0.2705484926700592,0.90728360414505,0.9733361601829529
26680,0.02083333395421505,0.10868610441684723,0.07821311801671982,0.5867401957511902
26681,0.09375,0.14008788764476776,0.35098522901535034,0.6623051166534424
26682,0.228759765625,0.228759765625,1.0,1.0
26683,0.110107421875,0.12298202514648438,1.0,1.0
26684,0.606689453125,0.6374539732933044,1.0,0.9909496307373047
26685,0.51953125,0.5363712310791016,0.8129132390022278,0.9071198105812073
26686,0.606689453125,0.6150321960449219,1.0,1.0
26687,0.304931640625,0.3195981979370117,1.0,1.0
26688,0.946533203125,0.9533519744873047,0.8026000261306763,0.9235938787460327
26689,0.03125,0.0396205373108387,0.38685283064842224,0.5912352204322815
26690,0.946533203125,0.9484672546386719,1.0,1.0
26691,0.110107421875,0.20532621443271637,0.3333333134651184,0.7667096853256226
26692,0.166259765625,0.19692108035087585,0.8213136792182922,0.8659082651138306
26693,0.9444172978401184,0.9515236020088196,0.8315341472625732,0.9477587938308716
26694,0.946533203125,0.9518674612045288,1.0,0.9964659214019775
26695,0.110107421875,0.12298202514648438,1.0,1.0
26696,0.304931640625,0.37642449140548706,0.6151177287101746,0.8276972770690918
26697,0.304931640625,0.43471986055374146,0.30563369393348694,0.7059869170188904
26698,0.08203125,0.10160064697265625,0.7039180994033813,0.7607567310333252
26699,0.110107421875,0.16435356438159943,0.5158474445343018,0.78130042552948
26700,0.110107421875,0.12298202514648438,1.0,1.0
26701,0.304931640625,0.3663727343082428,1.0,0.9968176484107971
26702,0.518798828125,0.557618260383606,1.0,0.9380192160606384
26703,0.146728515625,0.22673429548740387,0.48975956439971924,0.8004657626152039
26704,0.146728515625,0.24920526146888733,0.3012597858905792,0.7035012245178223
26705,0.091796875,0.1437959522008896,0.7653606534004211,0.8899540901184082
26706,0.23828125,0.23828125,0.9197207689285278,0.9197207689285278
26707,0.263671875,0.3191869258880615,0.7653606534004211,0.9406731128692627
26708,0.466064453125,0.4932160973548889,1.0,1.0
26709,0.518798828125,0.5527504682540894,0.8046129941940308,0.916542112827301
26711,0.146728515625,0.21081732213497162,0.48975956439971924,0.794072151184082
26712,0.3599446713924408,0.4105042815208435,0.6497723460197449,0.8219726085662842
26713,0.323974609375,0.38421279191970825,0.5520787835121155,0.7847660183906555
26714,0.304931640625,0.3300743103027344,1.0,1.0
26715,0.263671875,0.2705485224723816,0.90728360414505,0.9733361601829529
26716,0.956298828125,0.959685742855072,1.0,0.9938555955886841
26717,0.946533203125,0.9515892863273621,0.8793432712554932,0.9388051629066467
26719,0.304931640625,0.37107568979263306,1.0,0.9216016530990601
26720,0.110107421875,0.110107421875,1.0,1.0
26721,0.0,0.12425744533538818,0.0,0.6237800121307373
26722,0.508056640625,0.5149282217025757,0.5334192514419556,0.7685514688491821
26723,0.260498046875,0.260498046875,0.9514426589012146,0.9514426589012146
26724,0.580322265625,0.613243818283081,1.0,0.9530426859855652
26725,0.304931640625,0.3611045181751251,1.0,0.9956689476966858
26726,0.110107421875,0.15885654091835022,1.0,1.0
26727,0.431884765625,0.4699779450893402,0.7318407297134399,0.8794398307800293
26728,0.571533203125,0.5799596905708313,0.49935534596443176,0.7627109885215759
26729,0.953369140625,0.9564104080200195,1.0,0.9887402057647705
26730,0.2774251401424408,0.31167396903038025,0.8435737490653992,0.9765208959579468
26731,0.02083333395421505,0.0851818323135376,0.07821311801671982,0.409180611371994
26732,0.967041015625,0.9673236608505249,1.0,0.9993860125541687
26733,0.08203125,0.12322998046875,0.3631143569946289,0.6758840680122375
26734,0.946533203125,0.9500255584716797,1.0,0.9931837916374207
26735,0.166259765625,0.1982235461473465,0.8213136792182922,0.7818189859390259
26736,0.556884765625,0.598212480545044,0.8308104276657104,0.9559409022331238
26737,0.12109375,0.149658203125,0.46358197927474976,0.6787875890731812
26738,0.1875,0.1875,1.0,1.0
26739,0.110107421875,0.110107421875,1.0,1.0
26740,0.365234375,0.4225238561630249,0.5741883516311646,0.7938553094863892
26741,0.146728515625,0.23086141049861908,0.48975956439971924,0.7600014805793762
26742,0.304931640625,0.37022465467453003,1.0,0.9413742423057556
26743,0.304931640625,0.3618040680885315,0.6151177287101746,0.7890181541442871
26744,0.9444172978401184,0.9518144726753235,0.6698823571205139,0.8578112721443176
26745,0.946533203125,0.9518941640853882,1.0,1.0
26746,0.304931640625,0.37751758098602295,1.0,1.0
26747,0.606689453125,0.6381638646125793,1.0,0.9965065121650696
26749,0.263671875,0.263671875,1.0,1.0
26750,0.46875,0.4798692464828491,0.3645033836364746,0.6268189549446106
26751,0.304931640625,0.3540682792663574,1.0,0.9857345223426819
26752,0.946533203125,0.9514259099960327,1.0,1.0
26753,0.1106770858168602,0.19543664157390594,0.37429505586624146,0.7451217770576477
26754,0.953369140625,0.9581714272499084,0.912726640701294,0.9906244277954102
26755,0.946533203125,0.9505524039268494,1.0,0.9951887130737305
26756,0.466064453125,0.5242584943771362,0.7823625802993774,0.9235789179801941
26757,0.091796875,0.091796875,1.0,1.0
26758,0.05078125,0.061767578125,0.5307212471961975,0.7122630476951599
26759,0.580322265625,0.6308156847953796,0.86592036485672,0.9648971557617188
26760,0.940673828125,0.9470740556716919,0.8770246505737305,0.9158263206481934
26761,0.518798828125,0.5429277420043945,1.0,0.9806174635887146
26762,0.304931640625,0.40004122257232666,0.49493172764778137,0.8243979215621948
26763,0.584228515625,0.5847698450088501,0.6245770454406738,0.7776930332183838
26764,0.03125,0.03125,0.6309297680854797,0.6309297680854797
26765,0.431884765625,0.47724026441574097,0.7318407297134399,0.8841339945793152
26766,0.580322265625,0.5923728942871094,1.0,1.0
26767,0.110107421875,0.13263797760009766,1.0,1.0
26768,0.953369140625,0.9571319222450256,1.0,0.9794657230377197
26769,0.110107421875,0.155360147356987,1.0,1.0
26770,0.956298828125,0.9591108560562134,1.0,0.9939886927604675
26771,0.962158203125,0.9623209238052368,0.9625431895256042,0.9640229344367981
26772,0.228759765625,0.31470179557800293,0.6461858153343201,0.802357017993927
26773,0.946533203125,0.9496145248413086,1.0,0.99590003490448
26774,0.304931640625,0.3590877056121826,1.0,0.9826467037200928
26775,0.606689453125,0.6381915807723999,1.0,1.0
26776,0.956298828125,0.9593254923820496,1.0,1.0
26778,0.531982421875,0.5752262473106384,0.7462155222892761,0.8912404775619507
26779,0.2774251401424408,0.34138500690460205,0.8435737490653992,0.9625324010848999
26780,0.110107421875,0.110107421875,1.0,1.0
26781,0.304931640625,0.37532487511634827,1.0,0.9558305144309998
26782,0.606689453125,0.6272194385528564,1.0,0.9756636023521423
26783,0.2774251401424408,0.37184861302375793,0.5188971757888794,0.7896575331687927
26784,0.304931640625,0.37462419271469116,1.0,1.0
26785,0.2774251401424408,0.3152926564216614,0.8435737490653992,0.9635961055755615
26786,0.212890625,0.23837700486183167,0.8789618015289307,0.9364604353904724
26787,0.02083333395421505,0.0501302108168602,0.13770577311515808,0.432016521692276
26788,0.09375,0.09375,0.6309297680854797,0.6309297680854797
26789,0.567138671875,0.5889896154403687,0.9225797057151794,0.9646582007408142
26790,0.606689453125,0.6333074569702148,1.0,0.9252148270606995
26791,0.304931640625,0.3574824333190918,1.0,1.0
26792,0.9673665165901184,0.9676057696342468,1.0,0.9632965326309204
26793,0.9444172978401184,0.9478588700294495,0.9456308484077454,0.9708096385002136
26794,0.304931640625,0.3655247092247009,1.0,0.9772519469261169
26795,0.14453125,0.22765283286571503,0.22745199501514435,0.6045280694961548
26796,0.946533203125,0.9502360820770264,1.0,1.0
26797,0.499755859375,0.5291651487350464,0.9037794470787048,0.9679535627365112
26798,0.166259765625,0.21942679584026337,0.6291344165802002,0.8350395560264587
26799,0.556884765625,0.6007453203201294,0.8308104276657104,0.9638441205024719
26800,0.304931640625,0.3655247092247009,1.0,0.8926382660865784
26801,0.14453125,0.18550464510917664,0.5307213068008423,0.7176246643066406
26802,0.943359375,0.9489514827728271,0.8076295852661133,0.9213171005249023
26803,0.2774251401424408,0.3083024322986603,1.0,1.0
26804,0.951904296875,0.9561788439750671,0.8690900206565857,0.9734814763069153
26805,0.584228515625,0.584750235080719,0.7139173746109009,0.8146426677703857
26806,0.951904296875,0.9549639821052551,0.9521908760070801,0.9835496544837952
26807,0.03125,0.0396205373108387,0.38685283064842224,0.5912352204322815
26808,0.959228515625,0.9592781066894531,0.9394869804382324,0.9404743313789368
26809,0.1106770858168602,0.138479083776474,0.5792374610900879,0.7207346558570862
26810,0.304931640625,0.34265080094337463,1.0,0.9903436899185181
26812,0.946533203125,0.9540391564369202,0.7083972692489624,0.8919260501861572
26813,0.953369140625,0.9581111073493958,0.912726640701294,0.9795877933502197
26815,0.2774251401424408,0.3523706793785095,0.8435737490653992,0.9584211707115173
26816,0.304931640625,0.370123952627182,0.6151177287101746,0.7955796718597412
26817,0.580322265625,0.6053650975227356,1.0,0.9936176538467407
26818,0.518798828125,0.5725207328796387,0.8046129941940308,0.9491691589355469
26819,0.946533203125,0.9515295624732971,1.0,0.9954325556755066
26820,0.951171875,0.9519546627998352,0.974895179271698,0.9907791614532471
26822,0.431884765625,0.4644370675086975,0.7318407297134399,0.8371366262435913
26823,0.261474609375,0.3189775347709656,0.49493172764778137,0.7316309213638306
26824,0.3599446713924408,0.41697636246681213,0.5626510977745056,0.8152700662612915
26825,0.110107421875,0.13772621750831604,1.0,0.95219486951828
26826,0.2774251401424408,0.3458559811115265,0.5188971757888794,0.7514939308166504
26828,0.518798828125,0.561710774898529,1.0,0.9907651543617249
26829,0.940673828125,0.9462406635284424,0.8770246505737305,0.958115816116333
26830,0.110107421875,0.110107421875,1.0,1.0
26831,0.606689453125,0.6387076377868652,1.0,0.9803771376609802
26832,0.260498046875,0.3403581380844116,0.49370092153549194,0.7716372609138489
26833,0.212890625,0.2337188720703125,0.8789618015289307,0.9751957654953003
26834,0.580322265625,0.6077402830123901,1.0,0.9518212080001831
26835,0.228759765625,0.28890249133110046,0.6461858153343201,0.9171613454818726
26836,0.466064453125,0.5187751650810242,0.7823625802993774,0.9359214305877686
26837,0.304931640625,0.3552306592464447,1.0,0.998534619808197
26838,0.150390625,0.1613006591796875,0.7002755999565125,0.7693089246749878
26839,0.110107421875,0.1626770794391632,0.5158474445343018,0.7760408520698547
26840,0.091796875,0.1009521484375,0.7653606534004211,0.9325210452079773
26841,0.197998046875,0.28620249032974243,0.42267662286758423,0.7252663373947144
26842,0.25390625,0.3009350299835205,0.5692896842956543,0.7374807596206665
26843,0.606689453125,0.6406310200691223,1.0,0.9823272824287415
26844,0.166259765625,0.18929490447044373,0.8213136792182922,0.8473931550979614
26845,0.967041015625,0.9676613211631775,0.8122885227203369,0.9472742080688477
26846,0.304931640625,0.34935009479522705,1.0,0.7516776919364929
26847,0.110107421875,0.16273626685142517,0.3333333134651184,0.548543393611908
26848,0.02083333395421505,0.02083333395421505,0.5,0.5
26849,0.304931640625,0.37751761078834534,1.0,1.0
26850,0.14453125,0.24740253388881683,0.2626707851886749,0.5951269268989563
26851,0.304931640625,0.3355218768119812,1.0,1.0
26852,0.2774251401424408,0.334957480430603,0.8435737490653992,0.93475741147995
26853,0.2774251401424408,0.3524472117424011,0.5188971757888794,0.7466778755187988
26854,0.110107421875,0.14712190628051758,0.5158474445343018,0.7336077690124512
26855,0.606689453125,0.6248646378517151,1.0,0.9399599432945251
26856,0.08203125,0.08203125,0.9197208285331726,0.9197208285331726
26857,0.567138671875,0.6072518825531006,0.7988805174827576,0.9702926278114319
26858,0.03125,0.03125,0.6309297680854797,0.6309297680854797
26859,0.466064453125,0.466064453125,1.0,1.0
26860,0.606689453125,0.6235755681991577,1.0,0.9826810359954834
26861,0.0,0.2015950083732605,0.0,0.6273021697998047
26862,0.9668782353401184,0.9671022891998291,0.9614850282669067,0.9895312786102295
26863,0.3599446713924408,0.4131367802619934,0.6497723460197449,0.8311941623687744
26864,0.14453125,0.2003093808889389,0.5307213068008423,0.7087482810020447
26865,0.488037109375,0.5424904823303223,0.8785831332206726,0.9601171016693115
26866,0.212890625,0.2406926155090332,0.8789618015289307,0.970941960811615
26867,0.518798828125,0.5578896403312683,1.0,0.9798375964164734
26868,0.946533203125,0.950960636138916,1.0,0.9891142845153809
26869,0.3599446713924408,0.4161525070667267,0.5626510977745056,0.8128081560134888
26871,0.304931640625,0.38512465357780457,0.49493172764778137,0.7800542116165161
26872,0.304931640625,0.38790783286094666,0.6151177287101746,0.8473049402236938
26873,0.47265625,0.5356042385101318,0.6580725908279419,0.875160276889801
26874,0.02083333395421505,0.02083333395421505,0.5,0.5
26875,0.518798828125,0.5467488765716553,1.0,0.9694669842720032
26876,0.110107421875,0.17424874007701874,0.3951442539691925,0.7360109090805054
26877,0.0625,0.0625,1.0,1.0
26878,0.304931640625,0.36630895733833313,1.0,0.9378573298454285
26879,0.02083333395421505,0.0446370467543602,0.23463936150074005,0.6039072275161743
26880,0.2774251401424408,0.3514214754104614,0.5188971757888794,0.7752410173416138
26881,0.091796875,0.091796875,1.0,1.0
26882,0.304931640625,0.37751761078834534,1.0,1.0
26883,0.228759765625,0.2679787874221802,1.0,1.0
26884,0.14453125,0.17746704816818237,0.6291344165802002,0.7558594346046448
26885,0.09375,0.1629999577999115,0.29608193039894104,0.6713976860046387
26886,0.212890625,0.29008403420448303,0.5679726600646973,0.8781774044036865
26887,0.166259765625,0.25499340891838074,0.5307213068008423,0.8406387567520142
26888,0.091796875,0.091796875,1.0,1.0
26889,0.606689453125,0.6373687982559204,1.0,0.9835125207901001
26890,0.0,0.015625,0.0,0.43067657947540283
26891,0.304931640625,0.4034232497215271,0.4285714626312256,0.7463514804840088
26892,0.02083333395421505,0.0384463369846344,0.23463936150074005,0.5582260489463806
26893,0.946533203125,0.951259434223175,1.0,0.9984616041183472
26894,0.166259765625,0.21583163738250732,0.5307213068008423,0.7588179707527161
26895,0.0625,0.1064453125,0.27541154623031616,0.6312515139579773
26897,0.110107421875,0.19060364365577698,0.3333333134651184,0.7440258860588074
26898,0.110107421875,0.155360147356987,1.0,1.0
26899,0.2774251401424408,0.3140411674976349,1.0,1.0
26900,0.146728515625,0.19312134385108948,0.58057701587677,0.786720335483551
26901,0.228759765625,0.3356829881668091,0.3974803686141968,0.7623818516731262
26902,0.110107421875,0.1425390988588333,1.0,0.8987026214599609
26903,0.2774251401424408,0.34905970096588135,0.8435737490653992,0.9684426188468933
26904,0.197998046875,0.22887535393238068,0.8145672082901001,0.8614060878753662
26905,0.304931640625,0.3495785892009735,1.0,0.9975141286849976
26906,0.304931640625,0.37558865547180176,1.0,1.0
26907,0.08984375,0.11771050095558167,0.3951442539691925,0.48666346073150635
26908,0.323974609375,0.3470032215118408,0.7591918706893921,0.8013034462928772
26909,0.5694172978401184,0.5742842555046082,0.6197949647903442,0.7408545017242432
26910,0.12109375,0.2142263948917389,0.24055138230323792,0.5858789086341858
26912,0.166259765625,0.22281120717525482,0.5307213068008423,0.8006677031517029
26913,0.228759765625,0.228759765625,1.0,1.0
26914,0.05078125,0.123939648270607,0.2097114622592926,0.6307005882263184
26915,0.110107421875,0.16364791989326477,0.5158474445343018,0.7421885132789612
26916,0.606689453125,0.6338350772857666,1.0,0.9933517575263977
26917,0.943115234375,0.9463304877281189,0.9313938021659851,0.9513132572174072
26919,0.0625,0.0625,1.0,1.0
26920,0.110107421875,0.14018169045448303,1.0,1.0
26921,0.03125,0.08273755013942719,0.29608193039894104,0.757145345211029
26922,0.0,0.0062500000931322575,0.0,0.1772392839193344
26923,0.946533203125,0.9523033499717712,0.8793432712554932,0.9646221995353699
26924,0.110107421875,0.14022395014762878,1.0,0.9683310389518738
26925,0.146728515625,0.23671922087669373,0.2098969668149948,0.6118765473365784
26926,0.02083333395421505,0.0917723998427391,0.07821311801671982,0.5337882041931152
26927,0.959228515625,0.9594969153404236,0.9394869804382324,0.939386785030365
26928,0.0625,0.0625,1.0,1.0
26929,0.304931640625,0.36701491475105286,1.0,1.0
26930,0.0,0.0612894706428051,0.0,0.43048471212387085
26931,0.2774251401424408,0.3192935287952423,0.8435737490653992,0.9520897269248962
26932,0.953369140625,0.9578989148139954,0.912726640701294,0.9680425524711609
26933,0.304931640625,0.36701491475105286,1.0,1.0
26934,0.2774251401424408,0.3574388325214386,0.8435737490653992,0.9166033864021301
26935,0.518798828125,0.5525511503219604,1.0,0.9955747723579407
26936,0.0625,0.0625,1.0,1.0
26937,0.518798828125,0.5670474767684937,1.0,1.0
26938,0.518798828125,0.5786852836608887,0.8046129941940308,0.9513041377067566
26939,0.146728515625,0.1843663901090622,0.58057701587677,0.7215390205383301
26940,0.943359375,0.9481059908866882,0.9184463024139404,0.9502728581428528
26941,0.08203125,0.157934308052063,0.27814918756484985,0.6976044774055481
26942,0.304931640625,0.3621583580970764,1.0,1.0
26943,0.110107421875,0.1549457609653473,1.0,0.9337458610534668
26944,0.967041015625,0.9674450755119324,1.0,0.9785429239273071
26945,0.580322265625,0.618268609046936,0.86592036485672,0.9729804396629333
26946,0.304931640625,0.3653188943862915,1.0,0.992743730545044
26947,0.146728515625,0.23905201256275177,0.3012597858905792,0.5689561367034912
26948,0.9668782353401184,0.967093288898468,0.9614850282669067,0.9916612505912781
26950,0.518798828125,0.5620248913764954,0.8046129941940308,0.9451188445091248
26951,0.1875,0.1875,1.0,1.0
26952,0.0,0.008928571827709675,0.0,0.3333333432674408
26953,0.304931640625,0.3753248453140259,1.0,0.9558305144309998
26954,0.9444172978401184,0.949964165687561,0.9456308484077454,0.9825953245162964
26955,0.431884765625,0.4754880964756012,0.7318407297134399,0.7371010184288025
26956,0.110107421875,0.16067363321781158,0.3951442539691925,0.6668844819068909
26958,0.110107421875,0.21150588989257812,0.3333333134651184,0.7718095779418945
26959,0.0625,0.0625,1.0,1.0
26960,0.166259765625,0.253811776638031,0.5307213068008423,0.8353173136711121
26961,0.110107421875,0.13263797760009766,1.0,1.0
26962,0.260498046875,0.2701683044433594,0.9514426589012146,0.9550337791442871
26963,0.967041015625,0.9674158096313477,0.9284793138504028,0.9714300632476807
26964,0.197998046875,0.3174300491809845,0.23883214592933655,0.5691367983818054
26965,0.9507649540901184,0.9552358388900757,0.8898733854293823,0.9371681213378906
26966,0.946533203125,0.9542215466499329,0.8026000261306763,0.9423714280128479
26967,0.940673828125,0.9458767771720886,0.8770246505737305,0.950793981552124
26969,0.260498046875,0.29710716009140015,0.8026120662689209,0.9164844155311584
26970,0.466064453125,0.48729151487350464,1.0,0.9981460571289062
26971,0.9444172978401184,0.9498234391212463,0.9456308484077454,0.9781893491744995
26972,0.0,0.015625,0.0,0.43067657947540283
26973,0.323974609375,0.3764854073524475,0.6861420273780823,0.8272472620010376
26974,0.110107421875,0.125587597489357,1.0,0.9565913081169128
26975,0.499755859375,0.5719393491744995,0.629690945148468,0.8683586120605469
26976,0.0625,0.0625,1.0,1.0
26977,0.304931640625,0.3398453891277313,1.0,0.9899959564208984
26978,0.304931640625,0.3819964826107025,0.6151177287101746,0.838873028755188
26979,0.304931640625,0.3300743103027344,1.0,1.0
26980,0.110107421875,0.1512162685394287,1.0,1.0
26981,0.146728515625,0.2042108029127121,0.58057701587677,0.782005786895752
26982,0.197998046875,0.25111711025238037,0.6871474981307983,0.7555875778198242
26983,0.946533203125,0.9506574869155884,1.0,0.9904918670654297
26984,0.393798828125,0.4250730574131012,0.8579513430595398,0.8881738781929016
26985,0.21875,0.23568856716156006,0.5431737899780273,0.6415737271308899
26986,0.278564453125,0.3165706992149353,0.5692896842956543,0.726942241191864
26987,0.0625,0.10975387692451477,0.24207624793052673,0.6109592318534851
26988,0.304931640625,0.3460031747817993,1.0,1.0
26989,0.110107421875,0.155360147356987,1.0,1.0
26990,0.518798828125,0.5781035423278809,0.6967307925224304,0.9203066229820251
26991,0.05078125,0.11621759831905365,0.17690707743167877,0.4833357632160187
26992,0.228759765625,0.24689149856567383,1.0,0.9938070774078369
26993,0.431884765625,0.4539199769496918,0.8451594114303589,0.865409255027771
26994,0.304931640625,0.35788586735725403,1.0,0.9903045296669006
26995,0.091796875,0.091796875,1.0,1.0
26996,0.05078125,0.11502816528081894,0.17690707743167877,0.4266378581523895
26997,0.2044270783662796,0.2657415270805359,0.6490147709846497,0.8971118927001953
26998,0.943115234375,0.9459318518638611,0.9849443435668945,0.9867784976959229
26999,0.091796875,0.1009521484375,0.7653606534004211,0.9325210452079773
27000,0.374755859375,0.40732407569885254,0.7617307901382446,0.8421393632888794
27001,0.2774251401424408,0.31670624017715454,0.8435737490653992,0.9179027676582336
27002,0.304931640625,0.37462419271469116,1.0,1.0
27003,0.499755859375,0.5676623582839966,0.7271926999092102,0.8973739743232727
27004,0.0,0.015625,0.0,0.43067657947540283
27005,0.580322265625,0.6140760779380798,0.86592036485672,0.9602108001708984
27006,0.393798828125,0.43932586908340454,0.8579513430595398,0.902096152305603
27007,0.260498046875,0.3442510962486267,0.8026120662689209,0.9476170539855957
27009,0.580322265625,0.6092028617858887,1.0,1.0
27010,0.518798828125,0.569154679775238,0.8046129941940308,0.9278320670127869
27011,0.304931640625,0.36701491475105286,1.0,1.0
27012,0.260498046875,0.29192638397216797,0.8026120662689209,0.932297945022583
27013,0.304931640625,0.3732230067253113,1.0,0.9897118806838989
27014,0.951904296875,0.9575791358947754,0.8690900206565857,0.961025059223175
27015,0.110107421875,0.1588565558195114,1.0,1.0
27016,0.518798828125,0.5644957423210144,1.0,0.9960023760795593
27017,0.260498046875,0.2948842942714691,0.8026120662689209,0.7713101506233215
27018,0.304931640625,0.3552306592464447,1.0,0.998534619808197
27019,0.47265625,0.4851531982421875,0.904949426651001,0.9484971165657043
27020,0.580322265625,0.6182185411453247,0.86592036485672,0.8999304175376892
27021,0.1875,0.20559081435203552,0.7262287139892578,0.9061059355735779
27022,0.150390625,0.2361476570367813,0.4525081515312195,0.8021023273468018
27023,0.304931640625,0.37462419271469116,1.0,1.0
27024,0.110107421875,0.110107421875,1.0,1.0
27025,0.0625,0.0625,0.5,0.5
27026,0.0625,0.07421875,0.6131471991539001,0.8503448963165283
27027,0.580322265625,0.6231074929237366,0.86592036485672,0.9573917388916016
27028,0.953369140625,0.9569772481918335,0.912726640701294,0.9890332221984863
27029,0.260498046875,0.3128618001937866,0.8026120662689209,0.9545159339904785
27030,0.110107421875,0.20367500185966492,0.3333333134651184,0.764066219329834
27031,0.02083333395421505,0.07232088595628738,0.23463936150074005,0.7211558222770691
27032,0.110107421875,0.15885654091835022,1.0,1.0
27033,0.110107421875,0.14018169045448303,1.0,1.0
27034,0.14453125,0.22668373584747314,0.32645606994628906,0.6269587874412537
27036,0.943115234375,0.9495577812194824,0.9313938021659851,0.9507676959037781
27037,0.580322265625,0.6075534820556641,1.0,0.983916163444519
27038,0.228759765625,0.27188393473625183,0.7660098671913147,0.9177789688110352
27039,0.08984375,0.12324964255094528,0.5158474445343018,0.6858112215995789
27040,0.2774251401424408,0.3510058522224426,0.8435737490653992,0.9293009042739868
27041,0.1875,0.1875,1.0,1.0
27042,0.110107421875,0.110107421875,1.0,1.0
27043,0.946533203125,0.9504115581512451,1.0,0.9630633592605591
27044,0.9375,0.9375,1.0,1.0
27045,0.946533203125,0.9516600370407104,1.0,0.9988051056861877
27046,0.567138671875,0.567138671875,1.0,1.0
27047,0.9668782353401184,0.9669354557991028,1.0,1.0
27048,0.110107421875,0.13263797760009766,1.0,1.0
27049,0.953369140625,0.9564167261123657,1.0,1.0
27050,0.0625,0.07421875,0.6131471991539001,0.8503448963165283
27051,0.110107421875,0.15194988250732422,0.5158474445343018,0.75218665599823
27053,0.4375,0.4660217761993408,0.7452524900436401,0.8967666029930115
27054,0.091796875,0.10552978515625,0.7653606534004211,0.9674680233001709
27055,0.943115234375,0.9508976936340332,0.819014847278595,0.9450399279594421
27056,0.304931640625,0.4136534035205841,0.34757038950920105,0.6916326284408569
27057,0.943115234375,0.9454904198646545,0.9849443435668945,0.9863723516464233
27058,0.4375,0.5115981698036194,0.6735438704490662,0.7747722268104553
27060,0.110107421875,0.17345169186592102,0.3951442539691925,0.7341054677963257
27061,0.110107421875,0.14279887080192566,1.0,0.9803771376609802
27062,0.0625,0.0625,1.0,1.0
27063,0.3599446713924408,0.3904944658279419,0.8075588941574097,0.8413154482841492
27064,0.110107421875,0.14018169045448303,1.0,1.0
27065,0.567138671875,0.5873566269874573,0.9225797057151794,0.9778370261192322
27066,0.110107421875,0.20880275964736938,0.3333333134651184,0.7781255841255188
27067,0.091796875,0.1756725311279297,0.255120187997818,0.7034602165222168
27068,0.556884765625,0.5749632120132446,0.9594535827636719,0.9608108401298523
27069,0.2774251401424408,0.32657796144485474,0.8435737490653992,0.9551315903663635
27070,0.0625,0.1006905734539032,0.24207624793052673,0.5884090065956116
27071,0.267578125,0.32353973388671875,0.41934773325920105,0.6894329190254211
27072,0.260498046875,0.33108454942703247,0.49370092153549194,0.7174188494682312
27073,0.197998046875,0.22514033317565918,0.8145672082901001,0.8550695180892944
27074,0.940673828125,0.940673828125,1.0,1.0
27075,0.263671875,0.36101025342941284,0.4707868993282318,0.787574052810669
27076,0.940673828125,0.9439237713813782,1.0,1.0
27077,0.304931640625,0.3482896685600281,1.0,0.9933390021324158
27078,0.0,0.09534034878015518,0.0,0.45763733983039856
27079,0.228759765625,0.2600777745246887,1.0,1.0
27081,0.44140625,0.44219970703125,0.6036984324455261,0.6284602284431458
27082,0.146728515625,0.15788650512695312,0.7579237222671509,0.7807790040969849
27083,0.959228515625,0.9595983028411865,0.9394869804382324,0.9474059343338013
27084,0.5694173574447632,0.5730232000350952,0.7048385143280029,0.764258623123169
27085,0.304931640625,0.39233818650245667,0.4285714626312256,0.6781282424926758
27086,0.366455078125,0.3691956698894501,0.5660510659217834,0.6101030707359314
27087,0.966796875,0.967722475528717,0.7653606534004211,0.9650314450263977
27088,0.110107421875,0.16929864883422852,0.5158474445343018,0.7962373495101929
27090,0.14453125,0.2175503522157669,0.5307213068008423,0.7895511388778687
27091,0.943359375,0.9518693089485168,0.7371450066566467,0.9157842993736267
27092,0.606689453125,0.6427099704742432,1.0,1.0
27093,0.091796875,0.14641176164150238,0.3948093354701996,0.7300251722335815
27096,0.166259765625,0.19973373413085938,0.6291344165802002,0.8044726848602295
27097,0.606689453125,0.6299198865890503,1.0,0.9931777715682983
27098,0.110107421875,0.1479802131652832,0.5158474445343018,0.7371376156806946
27099,0.091796875,0.091796875,1.0,1.0
27100,0.091796875,0.091796875,1.0,1.0
27101,0.150390625,0.20671024918556213,0.4525081515312195,0.7637507915496826
27102,0.091796875,0.11597219854593277,0.7653606534004211,0.8684152364730835
27103,0.304931640625,0.3530694544315338,1.0,1.0
27104,0.110107421875,0.14018169045448303,1.0,1.0
27105,0.197998046875,0.22237426042556763,0.6871474981307983,0.7967625856399536
27106,0.466064453125,0.49072974920272827,1.0,1.0
27107,0.2774251401424408,0.3586480915546417,0.8435737490653992,0.9215531349182129
27108,0.228759765625,0.228759765625,1.0,1.0
27109,0.166259765625,0.2272699624300003,0.5307213068008423,0.7432160973548889
27110,0.02083333395421505,0.0384463369846344,0.23463936150074005,0.5582260489463806
27111,0.212890625,0.212890625,1.0,1.0
27112,0.110107421875,0.1588565558195114,1.0,1.0
27113,0.05078125,0.10278032720088959,0.5307212471961975,0.8328978419303894
27114,0.9668782353401184,0.9673125147819519,0.9614850282669067,0.989047646522522
27115,0.580322265625,0.6204848289489746,0.86592036485672,0.9841528534889221
27116,0.943115234375,0.9459318518638611,0.9313938021659851,0.9393495321273804
27117,0.110107421875,0.13263797760009766,1.0,1.0
27118,0.490234375,0.5550901889801025,0.5961710214614868,0.8273169994354248
27119,0.580322265625,0.6140610575675964,1.0,0.9701275825500488
27121,0.946533203125,0.9489743113517761,1.0,1.0
27122,0.2044270783662796,0.325992226600647,0.2709710896015167,0.6845950484275818
27123,0.12109375,0.18556848168373108,0.3910655975341797,0.7352858185768127
27124,0.21875,0.21875,0.6309297680854797,0.6309297680854797
27127,0.518798828125,0.5854103565216064,0.6967307925224304,0.8216814398765564
27128,0.0625,0.0625,1.0,1.0
27130,0.580322265625,0.6291250586509705,0.86592036485672,0.9482283592224121
27131,0.0,0.15153275430202484,0.0,0.5454460382461548
27132,0.03125,0.03125,0.6309297680854797,0.6309297680854797
27133,0.953369140625,0.9570210576057434,0.912726640701294,0.9635516405105591
27135,0.228759765625,0.30445247888565063,0.6461858153343201,0.9049822092056274
27136,0.9668782353401184,0.96748286485672,0.892719030380249,0.9610052108764648
27137,0.2774251401424408,0.3297888934612274,0.8435737490653992,0.9842544794082642
27138,0.05078125,0.05078125,0.6934263706207275,0.6934263706207275
27139,0.4375,0.4375,1.0,1.0
27140,0.091796875,0.1158294677734375,0.7653606534004211,0.9558295607566833
27141,0.323974609375,0.3306694030761719,0.7591918706893921,0.7697492837905884
27143,0.943115234375,0.9516726732254028,0.7475366592407227,0.9131078124046326
27144,0.957763671875,0.9579647779464722,0.9265733957290649,0.9323297739028931
27145,0.1875,0.209716796875,0.7262287139892578,0.9241331219673157
27146,0.1106770858168602,0.15251071751117706,0.5792374610900879,0.758609414100647
27147,0.3599446713924408,0.40587714314460754,0.8075588941574097,0.8712860345840454
27149,0.556884765625,0.587007462978363,0.8308104276657104,0.9202786684036255
27150,0.2774251401424408,0.317632257938385,0.8435737490653992,0.9816763401031494
27151,0.197998046875,0.2458658218383789,0.6871474981307983,0.8480743169784546
27152,0.9444172978401184,0.9490548372268677,0.9456308484077454,0.9816751480102539
27153,0.466064453125,0.48620399832725525,0.8656565546989441,0.9364649653434753
27154,0.946533203125,0.950570821762085,1.0,0.9972687363624573
27155,0.166259765625,0.166259765625,0.8213136792182922,0.8213136792182922
27156,0.953369140625,0.9578855037689209,0.912726640701294,0.9849909543991089
27157,0.567138671875,0.5964275002479553,0.9225797057151794,0.9677627682685852
27158,0.03125,0.09300671517848969,0.15273310244083405,0.5975738763809204
27159,0.943359375,0.9462555050849915,0.9184463024139404,0.9866233468055725
27160,0.2774251401424408,0.3140411376953125,1.0,1.0
27161,0.05078125,0.08416134119033813,0.5307212471961975,0.7668877840042114
27162,0.9375,0.9384765625,0.9596357941627502,0.9871886372566223
27163,0.940673828125,0.9501582980155945,0.7038999795913696,0.9207301139831543
27164,0.946533203125,0.9510459899902344,0.8793432712554932,0.9639322757720947
27165,0.946533203125,0.952890157699585,0.8026000261306763,0.9373008608818054
27166,0.518798828125,0.5517092943191528,1.0,0.9922717809677124
27167,0.967041015625,0.9672797322273254,0.9284793138504028,0.956061065196991
27168,0.3599446713924408,0.382456511259079,0.8075588941574097,0.6820525527000427
27169,0.2774251401424408,0.3199160099029541,0.8435737490653992,0.8052772879600525
27170,0.940673828125,0.9455018639564514,0.8770246505737305,0.9589246511459351
27171,0.228759765625,0.26761966943740845,1.0,0.9539960026741028
27172,0.110107421875,0.12298202514648438,1.0,1.0
27173,0.228759765625,0.24828624725341797,1.0,1.0
27174,0.518798828125,0.5362838506698608,1.0,0.9775837659835815
27175,0.110107421875,0.155360147356987,1.0,1.0
27176,0.556884765625,0.5872849225997925,0.8308104276657104,0.8217834830284119
27177,0.304931640625,0.3742768466472626,1.0,0.9510906934738159
27178,0.567138671875,0.6167521476745605,0.7988805174827576,0.9652890563011169
27179,0.466064453125,0.47861719131469727,1.0,0.9965752363204956
27180,0.943115234375,0.9480352401733398,0.9313938021659851,0.9711250066757202
27181,0.304931640625,0.341651976108551,1.0,0.9619187116622925
27183,0.571533203125,0.578128457069397,0.6676040887832642,0.8001163005828857
27184,0.393798828125,0.42521628737449646,0.8579513430595398,0.8794874548912048
27185,0.556884765625,0.5789200067520142,0.9594535827636719,0.9524326324462891
27187,0.146728515625,0.19876345992088318,0.58057701587677,0.7666381001472473
27188,0.2774251401424408,0.3371390402317047,0.8435737490653992,0.9711482524871826
27189,0.967041015625,0.9672514796257019,1.0,0.9920402765274048
27190,0.110107421875,0.17982248961925507,0.5158474445343018,0.8259897232055664
27191,0.3599446713924408,0.4234881103038788,0.5626510977745056,0.8281272649765015
27192,0.146728515625,0.20507341623306274,0.48975956439971924,0.6734197735786438
27193,0.466064453125,0.4795827865600586,1.0,1.0
27194,0.580322265625,0.6019411087036133,1.0,0.9933344721794128
27195,0.967041015625,0.967822790145874,0.8122885227203369,0.9505718946456909
27196,0.1875,0.1875,1.0,1.0
27197,0.304931640625,0.3316919803619385,1.0,1.0
27198,0.580322265625,0.6257807016372681,0.86592036485672,0.9189692139625549
27199,0.228759765625,0.3083975911140442,0.6461858153343201,0.893291175365448
27200,0.2774251401424408,0.3627563714981079,0.5188971757888794,0.7999283075332642
27201,0.0625,0.0625,1.0,1.0
27202,0.304931640625,0.34486597776412964,1.0,0.9845927953720093
27203,0.703369140625,0.7102372646331787,0.6423966884613037,0.8564243316650391
27204,0.304931640625,0.304931640625,1.0,1.0
27205,0.580322265625,0.6091435551643372,0.86592036485672,0.9128033518791199
27206,0.946533203125,0.9486751556396484,1.0,0.9900694489479065
27207,0.08203125,0.1060638427734375,0.7039180994033813,0.904717206954956
27209,0.580322265625,0.6230205297470093,0.86592036485672,0.9719343781471252
27210,0.166259765625,0.2319318652153015,0.5307213068008423,0.8227776288986206
27212,0.51953125,0.51953125,0.9197208285331726,0.9197208285331726
27213,0.091796875,0.1009521484375,0.7653606534004211,0.9325210452079773
27214,0.9668782353401184,0.967535138130188,0.892719030380249,0.9712986946105957
27215,0.0625,0.0890960693359375,0.4692787230014801,0.7979719638824463
27216,0.518798828125,0.6074711680412292,0.496870219707489,0.7841157913208008
27217,0.518798828125,0.5613349676132202,1.0,0.9976534247398376
27218,0.150390625,0.19545650482177734,0.7002755999565125,0.8107849359512329
27219,0.110107421875,0.1588565558195114,1.0,1.0
27220,0.518798828125,0.5500730276107788,1.0,1.0
27221,0.943115234375,0.9507727026939392,0.6126077175140381,0.8419095873832703
27222,0.260498046875,0.31500619649887085,0.8026120662689209,0.9396320581436157
27223,0.304931640625,0.3600511848926544,1.0,1.0
27224,0.110107421875,0.18372246623039246,0.3951442539691925,0.7666381001472473
27225,0.260498046875,0.3153488039970398,0.8026120662689209,0.9344261288642883
27226,0.488037109375,0.5453581809997559,0.7069194316864014,0.9011500477790833
27227,0.946533203125,0.9564688205718994,0.7083972692489624,0.9086204767227173
27228,0.967041015625,0.9674122333526611,1.0,0.9735700488090515
27229,0.940673828125,0.9449781775474548,0.9274492263793945,0.9753525257110596
27230,0.304931640625,0.35843613743782043,1.0,0.9659827351570129
27232,0.08203125,0.11038219928741455,0.7039180994033813,0.8826131224632263
27233,0.959228515625,0.959873616695404,0.7631344795227051,0.9235959053039551
27234,0.146728515625,0.17804653942584991,0.7579237222671509,0.8226321339607239
27235,0.110107421875,0.1310286521911621,1.0,0.9896062016487122
27236,0.4375,0.4375,1.0,1.0
27237,0.0625,0.0708705335855484,0.6131471991539001,0.8175296187400818
27238,0.490234375,0.490234375,1.0,1.0
27239,0.304931640625,0.37107568979263306,1.0,0.9216016530990601
27240,0.304931640625,0.36381563544273376,1.0,0.982014536857605
27241,0.940673828125,0.9430323839187622,1.0,0.9989869594573975
27242,0.518798828125,0.550582766532898,1.0,0.969871997833252
27243,0.23828125,0.3226569890975952,0.43299248814582825,0.7213997840881348
27244,0.567138671875,0.6072518825531006,0.7988805174827576,0.9702926278114319
27245,0.940673828125,0.9442494511604309,0.9274492263793945,0.9581782221794128
27246,0.304931640625,0.3655247092247009,1.0,0.9772519469261169
27247,0.23828125,0.28537797927856445,0.7039180994033813,0.9077380299568176
27248,0.03125,0.06546783447265625,0.29608193039894104,0.7045057415962219
27249,0.091796875,0.1101401150226593,0.7653606534004211,0.9178286194801331
27250,0.3599446713924408,0.4056415557861328,0.6497723460197449,0.7200972437858582
27251,0.12109375,0.2211216390132904,0.19355076551437378,0.581595778465271
27252,0.146728515625,0.18235617876052856,0.7579237222671509,0.8320305943489075
27253,0.197998046875,0.2688916027545929,0.6871474981307983,0.8703875541687012
27254,0.304931640625,0.36982083320617676,1.0,0.949324905872345
27255,0.110107421875,0.13491976261138916,1.0,0.970543622970581
27256,0.580322265625,0.5970236659049988,1.0,1.0
27258,0.2774251401424408,0.33367523550987244,0.5188971757888794,0.7391451597213745
27259,0.3599446713924408,0.43410930037498474,0.5626510977745056,0.8504627346992493
27260,0.499755859375,0.5556573867797852,0.7271926999092102,0.9296143054962158
27261,0.260498046875,0.2994840443134308,0.8026120662689209,0.9247989654541016
27262,0.304931640625,0.3746241629123688,1.0,1.0
27263,0.499755859375,0.5342679023742676,0.9037794470787048,0.944010317325592
27264,0.946533203125,0.9509352445602417,1.0,1.0
27265,0.0,0.02734375,0.0,0.5012658834457397
27266,0.110107421875,0.13882634043693542,1.0,0.9594516158103943
27268,0.46875,0.473480224609375,0.4524630308151245,0.6091275811195374
27269,0.304931640625,0.37031567096710205,0.6151177287101746,0.8167592287063599
27270,0.962158203125,0.9624329209327698,0.9625431895256042,0.9440104961395264
27271,0.953369140625,0.956824779510498,1.0,1.0
27273,0.03125,0.041015625,0.38685283064842224,0.6052602529525757
27274,0.110107421875,0.14018169045448303,1.0,1.0
27275,0.2044270783662796,0.2163289338350296,0.8472668528556824,0.9515233635902405
27276,0.9375,0.9438268542289734,0.6545500159263611,0.8504075407981873
27277,0.518798828125,0.5593482255935669,1.0,0.9906249642372131
27278,0.260498046875,0.29683706164360046,0.8026120662689209,0.9354850649833679
27279,0.228759765625,0.2706893980503082,0.7660098671913147,0.925660252571106
27280,0.2044270783662796,0.24144503474235535,0.6490147709846497,0.8516162037849426
27281,0.606689453125,0.6150321960449219,1.0,1.0
27282,0.166259765625,0.2365032434463501,0.5307213068008423,0.8178055286407471
27283,0.197998046875,0.23433706164360046,0.6871474981307983,0.8379316329956055
27284,0.3599446713924408,0.44936519861221313,0.40125197172164917,0.7313486933708191
27285,0.518798828125,0.5677152276039124,1.0,0.9672089219093323
27286,0.9673665165901184,0.9674854874610901,1.0,0.9981945753097534
27287,0.110107421875,0.1444081962108612,1.0,0.9888008832931519
27288,0.967041015625,0.9674045443534851,1.0,0.996451735496521
27289,0.110107421875,0.1483735889196396,1.0,0.9052116274833679
27290,0.968017578125,0.9680320024490356,1.0,1.0
27291,0.518798828125,0.5690506100654602,1.0,1.0
27292,0.260498046875,0.31297606229782104,0.8026120662689209,0.888531506061554
27293,0.606689453125,0.631817102432251,1.0,0.981572687625885
27294,0.110107421875,0.14018169045448303,1.0,1.0
27295,0.1875,0.1875,1.0,1.0
27296,0.1875,0.2001953125,0.8262346386909485,0.9448479413986206
27297,0.488037109375,0.5250398516654968,0.8785831332206726,0.9569441080093384
27299,0.304931640625,0.3639143407344818,1.0,0.9740815758705139
27300,0.304931640625,0.35620465874671936,1.0,0.9265254735946655
27301,0.946533203125,0.9565257430076599,0.575423002243042,0.8481897711753845
27302,0.110107421875,0.21112896502017975,0.3333333134651184,0.7714536190032959
27303,0.9375,0.9375,1.0,1.0
27304,0.1458333432674408,0.17300251126289368,0.4304550588130951,0.5685568451881409
27305,0.431884765625,0.45543545484542847,0.8451594114303589,0.8733250498771667
27306,0.499755859375,0.5554274320602417,0.9037794470787048,0.975377082824707
27307,0.05078125,0.05078125,0.6934263706207275,0.6934263706207275
27309,0.9668782353401184,0.9669999480247498,1.0,0.9979524612426758
27310,0.304931640625,0.3551950454711914,1.0,0.971921443939209
27311,0.228759765625,0.29855942726135254,0.6461858153343201,0.897506594657898
27312,0.304931640625,0.38575083017349243,0.49493172764778137,0.7986671924591064
27313,0.228759765625,0.2666172385215759,0.6461858153343201,0.8598166108131409
27314,0.166259765625,0.2146213948726654,0.6291344165802002,0.790611743927002
27315,0.05078125,0.0865849107503891,0.2737712264060974,0.561557948589325
27316,0.110107421875,0.15611149370670319,0.5158474445343018,0.7133196592330933
27317,0.967041015625,0.967557430267334,0.9284793138504028,0.9248818159103394
27318,0.9668782353401184,0.9673961400985718,0.892719030380249,0.9528260231018066
27319,0.091796875,0.091796875,1.0,1.0
27320,0.304931640625,0.37751758098602295,1.0,1.0
27321,0.228759765625,0.3172626495361328,0.6461858153343201,0.8964051008224487
27322,0.968017578125,0.9680747985839844,1.0,1.0
27323,0.110107421875,0.110107421875,1.0,1.0
27324,0.9444172978401184,0.9512388110160828,0.8315341472625732,0.9398188591003418
27325,0.393798828125,0.46799930930137634,0.31885725259780884,0.6903442740440369
27326,0.304931640625,0.37269333004951477,1.0,0.9516623020172119
27327,0.505615234375,0.5134114623069763,0.4607907235622406,0.6947029829025269
27328,0.263671875,0.3247792720794678,0.7653606534004211,0.8894765973091125
27329,0.2774251401424408,0.30399829149246216,1.0,0.997410237789154
27330,0.260498046875,0.3254280090332031,0.8026120662689209,0.9213458299636841
27331,0.0625,0.0625,1.0,1.0
27332,0.580322265625,0.5891170501708984,1.0,0.9971084594726562
27333,0.499755859375,0.5416849255561829,0.9037794470787048,0.9789573550224304
27334,0.091796875,0.13505694270133972,0.7653606534004211,0.9453079104423523
27335,0.228759765625,0.292778342962265,0.6461858153343201,0.9062455892562866
27336,0.260498046875,0.32992273569107056,0.8026120662689209,0.9280388355255127
27338,0.3599446713924408,0.4030672013759613,0.6497723460197449,0.8016788363456726
27339,0.304931640625,0.341217577457428,1.0,0.9707013964653015
27340,0.03125,0.0624106265604496,0.29608193039894104,0.6836128234863281
27341,0.0625,0.0625,1.0,1.0
27342,0.02083333395421505,0.02083333395421505,0.5,0.5
27343,0.110107421875,0.110107421875,1.0,1.0
27344,0.304931640625,0.37066736817359924,1.0,1.0
27345,0.959228515625,0.9596982002258301,0.8722942471504211,0.9364848136901855
27346,0.260498046875,0.3078882694244385,0.8026120662689209,0.9512487649917603
27347,0.260498046875,0.34125274419784546,0.8026120662689209,0.8611375093460083
27348,0.2774251401424408,0.34388047456741333,0.8435737490653992,0.8499346971511841
27349,0.518798828125,0.569050669670105,1.0,1.0
27350,0.212890625,0.2623763084411621,0.67329341173172,0.9123556613922119
27351,0.531982421875,0.570524275302887,0.8617600202560425,0.9366598725318909
27352,0.968017578125,0.9680423140525818,1.0,0.9908149838447571
27353,0.518798828125,0.5604236721992493,1.0,0.9810283184051514
27354,0.393798828125,0.44109833240509033,0.690318763256073,0.8283804655075073
27355,0.946533203125,0.9491415619850159,1.0,0.9900779724121094
27356,0.110107421875,0.17671337723731995,0.3951442539691925,0.7429246306419373
27358,0.0,0.02226562425494194,0.0,0.455605149269104
27359,0.2774251401424408,0.3620353043079376,0.5188971757888794,0.7990097403526306
27360,0.0,0.046875,0.0,0.43067657947540283
27361,0.3599446713924408,0.41366657614707947,0.6497723460197449,0.8312738537788391
27362,0.146728515625,0.18897777795791626,0.7579237222671509,0.8471779823303223
27363,0.968017578125,0.9680761098861694,1.0,0.9908464550971985
27364,0.110107421875,0.12298202514648438,1.0,1.0
27365,0.606689453125,0.6274072527885437,1.0,1.0
27366,0.304931640625,0.3612348437309265,1.0,0.9722238779067993
27367,0.110107421875,0.155360147356987,1.0,1.0
27368,0.091796875,0.091796875,1.0,1.0
27369,0.260498046875,0.30887091159820557,0.8026120662689209,0.9284559488296509
27370,0.110107421875,0.12298202514648438,1.0,1.0
27371,0.263671875,0.29201656579971313,0.90728360414505,0.971897542476654
27372,0.946533203125,0.9505524039268494,1.0,0.9951887130737305
27373,0.02083333395421505,0.0325520858168602,0.3065735995769501,0.5437713265419006
27374,0.146728515625,0.2098710983991623,0.48975956439971924,0.7914907336235046
27375,0.304931640625,0.32380735874176025,1.0,0.9969769716262817
27376,0.212890625,0.31411972641944885,0.3493700623512268,0.7286302447319031
27377,0.304931640625,0.35718148946762085,1.0,0.9895544052124023
27378,0.947998046875,0.951740026473999,0.9146330952644348,0.9241915941238403
27379,0.951904296875,0.9537301063537598,0.9521908760070801,0.9650834798812866
27380,0.518798828125,0.5614675879478455,1.0,0.989252507686615
27381,0.304931640625,0.35232338309288025,1.0,0.9598475694656372
27382,0.9673665165901184,0.9676024913787842,1.0,0.9967291355133057
27383,0.374755859375,0.4253615140914917,0.6128985285758972,0.7804723381996155
27384,0.959228515625,0.9600003361701965,0.7631344795227051,0.9311926960945129
27385,0.260498046875,0.29161056876182556,0.8026120662689209,0.906731903553009
27386,0.110107421875,0.1234993040561676,1.0,0.9427731037139893
27387,0.146728515625,0.21944937109947205,0.48975956439971924,0.7423521280288696
27389,0.3599446713924408,0.42825421690940857,0.5626510977745056,0.8212656378746033
27390,0.091796875,0.091796875,1.0,1.0
27391,0.23828125,0.29431262612342834,0.7039180994033813,0.8363834619522095
27392,0.0625,0.0625,1.0,1.0
27393,0.110107421875,0.110107421875,1.0,1.0
27394,0.584228515625,0.5847784876823425,0.7139173746109009,0.8097547888755798
27395,0.956298828125,0.9598668813705444,1.0,0.995638370513916
27396,0.939453125,0.9399762749671936,0.9690036177635193,0.9896678328514099
27397,0.228759765625,0.2600777745246887,1.0,1.0
27398,0.110107421875,0.1512162685394287,1.0,1.0
27399,0.304931640625,0.35593628883361816,1.0,0.9815686345100403
27400,0.197998046875,0.264409601688385,0.6871474981307983,0.8088513016700745
27401,0.0625,0.091796875,0.27541154623031616,0.5697222948074341
27402,0.110107421875,0.1588565558195114,1.0,1.0
27403,0.12109375,0.12109375,0.6885288953781128,0.6885288953781128
27404,0.212890625,0.230743408203125,0.5679726600646973,0.6708210110664368
27405,0.261474609375,0.2771132290363312,0.6806060075759888,0.7160845398902893
27406,0.946533203125,0.9483426809310913,1.0,1.0
27407,0.091796875,0.091796875,1.0,1.0
27408,0.9375,0.9410400390625,0.7531440854072571,0.8763650059700012
27409,0.606689453125,0.6376416683197021,1.0,0.9631167054176331
27410,0.110107421875,0.14279887080192566,1.0,0.9803771376609802
27411,0.110107421875,0.1575537919998169,0.5158474445343018,0.7645151615142822
27412,0.606689453125,0.6397139430046082,1.0,0.9897513389587402
27413,0.304931640625,0.37066736817359924,1.0,1.0
27414,0.05078125,0.09349428117275238,0.2737712264060974,0.5900295972824097
27415,0.197998046875,0.25528624653816223,0.6871474981307983,0.8415860533714294
27416,0.499755859375,0.5251054167747498,1.0,1.0
27417,0.304931640625,0.3600511848926544,1.0,1.0
27418,0.490234375,0.557905375957489,0.6884825229644775,0.9201754927635193
27419,0.518798828125,0.5811008214950562,0.6967307925224304,0.9143813252449036
27420,0.212890625,0.22479248046875,0.8789618015289307,0.9832184314727783
27421,0.263671875,0.32572484016418457,0.7653606534004211,0.9100973010063171
27422,0.946533203125,0.948955774307251,1.0,0.9957094788551331
27423,0.228759765625,0.2446599006652832,1.0,0.9849510788917542
27425,0.08984375,0.1487579345703125,0.3333333134651184,0.6717287302017212
27426,0.946533203125,0.9517681002616882,0.8793432712554932,0.9460879564285278
27427,0.323974609375,0.36190176010131836,0.6861420273780823,0.8024907112121582
27428,0.260498046875,0.317413866519928,0.8026120662689209,0.8604053854942322
27429,0.957763671875,0.9579803347587585,0.9265733957290649,0.9330443739891052
27430,0.110107421875,0.15885654091835022,1.0,1.0
27431,0.110107421875,0.17320090532302856,0.5158474445343018,0.7358101606369019
27432,0.304931640625,0.39777737855911255,0.49493172764778137,0.7716944813728333
27433,0.2774251401424408,0.32188430428504944,0.8435737490653992,0.9621445536613464
27434,0.3599446713924408,0.40749800205230713,0.8075588941574097,0.8328825235366821
27435,0.2774251401424408,0.33613649010658264,0.8435737490653992,0.9010420441627502
27436,0.9466145634651184,0.953868567943573,0.6615661382675171,0.8780553936958313
27437,0.09375,0.11628630757331848,0.4581993520259857,0.6419756412506104
27438,0.940673828125,0.9421758651733398,1.0,1.0
27439,0.1875,0.2081298828125,0.7262287139892578,0.9167145490646362
27440,0.110107421875,0.15885654091835022,1.0,1.0
27441,0.08203125,0.1060638427734375,0.7039180994033813,0.904717206954956
27442,0.110107421875,0.15885654091835022,1.0,1.0
27443,0.110107421875,0.20360969007015228,0.3333333134651184,0.727467954158783
27444,0.110107421875,0.1715635359287262,0.3951442539691925,0.7295770645141602
27446,0.304931640625,0.3643421232700348,1.0,0.9958981275558472
27448,0.260498046875,0.3140852749347687,0.8026120662689209,0.9226787090301514
27449,0.0625,0.0625,1.0,1.0
27451,0.499755859375,0.535679042339325,0.9037794470787048,0.9620972275733948
27452,0.44921875,0.4804360866546631,0.7216541767120361,0.8740960955619812
27453,0.323974609375,0.37439844012260437,0.6861420273780823,0.7921082973480225
27454,0.260498046875,0.33077770471572876,0.8026120662689209,0.9312431216239929
27455,0.2774251401424408,0.3045674264431,1.0,1.0
27456,0.956298828125,0.9596234560012817,1.0,1.0
27457,0.150390625,0.21747758984565735,0.4525081515312195,0.7921965718269348
27458,0.091796875,0.11894083023071289,0.7653606534004211,0.9180654287338257
27459,0.703369140625,0.7073274850845337,0.7838867902755737,0.875368595123291
27460,0.1875,0.1875,1.0,1.0
27461,0.260498046875,0.31679973006248474,0.8026120662689209,0.9088630676269531
27462,0.518798828125,0.5590420961380005,1.0,0.9927172660827637
27463,0.260498046875,0.3383334279060364,0.8026120662689209,0.9421526789665222
27464,0.499755859375,0.5185467004776001,1.0,1.0
27465,0.556884765625,0.6078957319259644,0.8308104276657104,0.9468939304351807
27466,0.110107421875,0.1588565558195114,1.0,1.0
27467,0.556884765625,0.5819275975227356,0.9594535827636719,0.9623901844024658
27468,0.959228515625,0.9595608711242676,0.9394869804382324,0.9463426470756531
27469,0.08203125,0.09576416015625,0.7039180994033813,0.9060254693031311
27470,0.9375,0.9375,1.0,1.0
27471,0.0,0.054920051246881485,0.0,0.6425957679748535
27472,0.9444172978401184,0.9483722448348999,0.9456308484077454,0.9179561734199524
27473,0.946533203125,0.9564348459243774,0.7083972692489624,0.9223089218139648
27475,0.110107421875,0.110107421875,1.0,1.0
27476,0.2774251401424408,0.3045674264431,1.0,1.0
27477,0.580322265625,0.6070406436920166,1.0,0.983649730682373
27478,0.228759765625,0.25265324115753174,1.0,0.9697784185409546
27479,0.110107421875,0.12298202514648438,1.0,1.0
27480,0.946533203125,0.9508666396141052,0.8793432712554932,0.9484164714813232
27481,0.9668782353401184,0.9670538306236267,0.9614850282669067,0.9729480147361755
27482,0.3599446713924408,0.3973747789859772,0.8075588941574097,0.8564118146896362
27483,0.304931640625,0.36053135991096497,1.0,0.8794283270835876
27484,0.51953125,0.5461791157722473,0.8129132390022278,0.9118492007255554
27485,0.304931640625,0.304931640625,1.0,1.0
27486,0.02083333395421505,0.0446370467543602,0.23463936150074005,0.6039072275161743
27487,0.260498046875,0.3016026020050049,0.8026120662689209,0.9331194758415222
27488,0.531982421875,0.5665436387062073,0.8617600202560425,0.9319330453872681
27490,0.12109375,0.13299560546875,0.605190634727478,0.7094471454620361
27491,0.110107421875,0.13263797760009766,1.0,1.0
27492,0.110107421875,0.15094850957393646,0.5158474445343018,0.6352363228797913
27493,0.518798828125,0.558638870716095,1.0,0.9815469980239868
27494,0.08203125,0.1213662326335907,0.3631143569946289,0.6563239693641663
27495,0.146728515625,0.17244496941566467,0.7579237222671509,0.7557733654975891
27496,0.3599446713924408,0.3913760781288147,0.8075588941574097,0.8448461890220642
27497,0.606689453125,0.6150321960449219,1.0,1.0
27499,0.488037109375,0.5340812802314758,0.7069194316864014,0.8642582893371582
27500,0.261474609375,0.2874518036842346,0.6151177287101746,0.7212240099906921
27501,0.146728515625,0.22151489555835724,0.48975956439971924,0.799322247505188
27502,0.499755859375,0.5394169092178345,0.9037794470787048,0.9547163844108582
27503,0.08203125,0.14473402500152588,0.3631143569946289,0.7292490601539612
27504,0.304931640625,0.3391525149345398,1.0,0.9785508513450623
27505,0.2774251401424408,0.3114149570465088,1.0,1.0
27506,0.03125,0.18313312530517578,0.0488467775285244,0.5319826006889343
27507,0.03125,0.0521240234375,0.29608193039894104,0.6447842121124268
27508,0.260498046875,0.32421231269836426,0.8026120662689209,0.9218372702598572
27509,0.300537109375,0.3431549072265625,0.5354781746864319,0.7379235029220581
27510,0.278564453125,0.34180793166160583,0.45805788040161133,0.734544038772583
27511,0.03125,0.0458984375,0.38685283064842224,0.6509209871292114
27512,0.091796875,0.091796875,1.0,1.0
27513,0.967041015625,0.9673818349838257,1.0,0.9965161085128784
27514,0.2774251401424408,0.32954883575439453,0.8435737490653992,0.973149299621582
27515,0.2774251401424408,0.3451169431209564,0.5188971757888794,0.7767868041992188
27516,0.9668782353401184,0.9672711491584778,0.9614850282669067,0.9807114005088806
27517,0.967041015625,0.9676636457443237,0.9284793138504028,0.982780933380127
27518,0.953369140625,0.9582528471946716,0.912726640701294,0.9359829425811768
27519,0.110107421875,0.1901828497648239,0.2620770037174225,0.6206215023994446
27520,0.260498046875,0.33975356817245483,0.8026120662689209,0.9392341375350952
27521,0.228759765625,0.23991775512695312,1.0,1.0
27522,0.518798828125,0.5523308515548706,1.0,0.8633984327316284
27523,0.2044270783662796,0.2203245609998703,0.8472668528556824,0.9251534938812256
27524,0.431884765625,0.4729692041873932,0.7318407297134399,0.8719276785850525
27525,0.110107421875,0.16584935784339905,0.3951442539691925,0.6561709046363831
27526,0.304931640625,0.34912461042404175,1.0,0.8784964084625244
27527,0.0625,0.1005859375,0.3065735995769501,0.5706417560577393
27528,0.943115234375,0.9484819173812866,0.9313938021659851,0.9755154848098755
27529,0.393798828125,0.43013736605644226,0.8579513430595398,0.8935235142707825
27530,0.490234375,0.4949951171875,0.9467676877975464,0.9846911430358887
27531,0.706298828125,0.7097667455673218,0.7139173746109009,0.8269162178039551
27532,0.166259765625,0.2575857639312744,0.32645606994628906,0.6840792894363403
27533,0.1106770858168602,0.17802917957305908,0.37429505586624146,0.6209388375282288
27534,0.946533203125,0.9529027342796326,0.8793432712554932,0.9642210602760315
27535,0.1106770858168602,0.13001760840415955,0.5792374610900879,0.6970511674880981
27536,0.110107421875,0.16778317093849182,0.5158474445343018,0.7907759547233582
27537,0.953369140625,0.9565850496292114,1.0,0.9968358874320984
27538,0.4375,0.4375,1.0,1.0
27539,0.946533203125,0.9499741792678833,1.0,0.9882945418357849
27540,0.146728515625,0.16450326144695282,0.7579237222671509,0.7769575119018555
27541,0.110107421875,0.19352976977825165,0.3333333134651184,0.7016836404800415
27542,0.374755859375,0.41100770235061646,0.7617307901382446,0.8738871216773987
27543,0.940673828125,0.9461530447006226,0.8770246505737305,0.9535619616508484
27544,0.2774251401424408,0.34184589982032776,0.8435737490653992,0.9564387202262878
27545,0.146728515625,0.21783004701137543,0.48975956439971924,0.7756319046020508
27546,0.2044270783662796,0.2044270783662796,0.963940441608429,0.963940441608429
27547,0.228759765625,0.24589525163173676,1.0,0.9891846776008606
27549,0.967041015625,0.9672313332557678,1.0,0.978611171245575
27550,0.091796875,0.1158294677734375,0.7653606534004211,0.9558295607566833
27551,0.943115234375,0.9447438716888428,0.9849443435668945,0.9837018251419067
27552,0.9444172978401184,0.9487785696983337,0.9456308484077454,0.9826815724372864
27554,0.431884765625,0.4553208351135254,0.8451594114303589,0.8691384196281433
27555,0.466064453125,0.4932160973548889,1.0,1.0
27556,0.0625,0.1421710103750229,0.23463936150074005,0.6656603813171387
27557,0.2774251401424408,0.35103341937065125,0.8435737490653992,0.8812399506568909
27558,0.304931640625,0.3574824333190918,1.0,1.0
27560,0.08203125,0.11662504076957703,0.7039180994033813,0.8842220902442932
27561,0.304931640625,0.36765652894973755,1.0,0.8970817923545837
27562,0.956298828125,0.9578483700752258,1.0,0.9680556058883667
27563,0.3599446713924408,0.3599446713924408,0.8075588941574097,0.8075588941574097
27564,0.466064453125,0.48994359374046326,1.0,0.9967545866966248
27565,0.260498046875,0.2830871641635895,0.9514426589012146,0.9601220488548279
27566,0.4375,0.47052764892578125,0.7452524900436401,0.9108232855796814
27567,0.9444172978401184,0.9462078809738159,0.9456308484077454,0.9775809049606323
27568,0.556884765625,0.6020949482917786,0.8308104276657104,0.9178711771965027
27569,0.0625,0.0708705335855484,0.4692787230014801,0.520506739616394
27570,0.260498046875,0.2967466711997986,0.8026120662689209,0.9246577620506287
27572,0.110107421875,0.152557834982872,1.0,0.9216017723083496
27574,0.47265625,0.4917587339878082,0.8178747296333313,0.9198046922683716
27575,0.518798828125,0.5566737651824951,1.0,0.9751207828521729
27577,0.0,0.0062500000931322575,0.0,0.28906482458114624
27578,0.3599446713924408,0.39941471815109253,0.8075588941574097,0.8427683711051941
27579,0.260498046875,0.3040201663970947,0.8026120662689209,0.9405800104141235
27580,0.228759765625,0.2664840817451477,1.0,0.9929221868515015
27581,0.304931640625,0.37751761078834534,1.0,1.0
27582,0.939453125,0.939453125,1.0,1.0
27583,0.3599446713924408,0.3920421898365021,0.8075588941574097,0.8349742889404297
27585,0.431884765625,0.4590801000595093,0.8451594114303589,0.8764595985412598
27586,0.518798828125,0.5598483681678772,1.0,0.9964057207107544
27587,0.166259765625,0.20547878742218018,0.8213136792182922,0.8819824457168579
27588,0.228759765625,0.289654016494751,0.6461858153343201,0.9004401564598083
27589,0.197998046875,0.22500933706760406,0.6871474981307983,0.7981320023536682
27590,0.9668782353401184,0.9671652317047119,0.9614850282669067,0.9920252561569214
27591,0.580322265625,0.5923728942871094,1.0,1.0
27592,0.9444172978401184,0.9476412534713745,0.9456308484077454,0.9894453883171082
27593,0.393798828125,0.4032273292541504,0.8579513430595398,0.8655767440795898
27594,0.2774251401424408,0.35556915402412415,0.8435737490653992,0.8910656571388245
27596,0.304931640625,0.3496919572353363,1.0,0.8180627226829529
27597,0.374755859375,0.46814876794815063,0.3454500138759613,0.6077939867973328
27598,0.0,0.010416666977107525,0.0,0.3562071919441223
27599,0.488037109375,0.5174539089202881,0.8785831332206726,0.9484749436378479
27600,0.03125,0.0521240234375,0.29608193039894104,0.4660026729106903
27601,0.953369140625,0.9575038552284241,0.912726640701294,0.9895114302635193
27602,0.219970703125,0.29333361983299255,0.397238165140152,0.7032009363174438
27603,0.0625,0.15748383104801178,0.15642623603343964,0.5381173491477966
27604,0.212890625,0.212890625,1.0,1.0
27605,0.344482421875,0.3491172790527344,0.7482483983039856,0.7570297122001648
27606,0.47265625,0.5077130198478699,0.8178747296333313,0.901548445224762
27607,0.943359375,0.9446233510971069,0.97125244140625,0.9820453524589539
27608,0.3599446713924408,0.4066160023212433,0.6497723460197449,0.8121135234832764
27610,0.219970703125,0.24899891018867493,0.5462626218795776,0.6698863506317139
27611,0.300537109375,0.3323553502559662,0.6655102372169495,0.7675220966339111
27612,0.228759765625,0.28471627831459045,0.7660098671913147,0.9374595284461975
27613,0.967041015625,0.9671897888183594,1.0,1.0
27614,0.939453125,0.939910888671875,0.9690036177635193,0.9885601997375488
27615,0.1106770858168602,0.16126731038093567,0.4437016248703003,0.714179515838623
27616,0.08203125,0.093017578125,0.7039180994033813,0.885459840297699
27617,0.05078125,0.07809552550315857,0.5307212471961975,0.7333091497421265
27618,0.943359375,0.9447479248046875,0.97125244140625,0.9936517477035522
27619,0.228759765625,0.25709718465805054,1.0,0.8832425475120544
27620,0.0,0.021484375,0.0,0.4413074254989624
27622,0.0625,0.0625,1.0,1.0
27623,0.150390625,0.2047330141067505,0.5364180207252502,0.8012170195579529
27624,0.2044270783662796,0.2139485627412796,0.8472668528556824,0.9409146904945374
27625,0.967041015625,0.9673522114753723,1.0,1.0
27626,0.962158203125,0.96268230676651,0.8420895934104919,0.956107497215271
27627,0.197998046875,0.2822350561618805,0.34009110927581787,0.6704891920089722
27628,0.304931640625,0.34515300393104553,1.0,0.8728453516960144
27629,0.260498046875,0.31041446328163147,0.8026120662689209,0.9168379902839661
27630,0.365234375,0.3908696174621582,0.7136205434799194,0.7321253418922424
27631,0.110107421875,0.2005641609430313,0.16497723758220673,0.35035786032676697
27632,0.606689453125,0.6266837120056152,1.0,1.0
27633,0.567138671875,0.6018334627151489,0.9225797057151794,0.9335843324661255
27634,0.9668782353401184,0.9669885039329529,1.0,0.9962757229804993
27635,0.1106770858168602,0.19328230619430542,0.37429505586624146,0.7224054932594299
27636,0.304931640625,0.3742768168449402,1.0,0.9510906934738159
27637,0.091796875,0.18916405737400055,0.20058341324329376,0.5787076950073242
27638,0.166259765625,0.2276093065738678,0.5307213068008423,0.7008401155471802
27639,0.499755859375,0.5382091403007507,0.9037794470787048,0.982266902923584
27640,0.946533203125,0.9505789875984192,1.0,0.9059701561927795
27641,0.940673828125,0.9458742737770081,0.8770246505737305,0.9664612412452698
27642,0.260498046875,0.29319247603416443,0.9514426589012146,0.9592717885971069
27643,0.1875,0.1875,1.0,1.0
27644,0.091796875,0.091796875,1.0,1.0
27645,0.304931640625,0.3574824333190918,1.0,1.0
27646,0.150390625,0.2073131501674652,0.5364180207252502,0.7667582035064697
27647,0.946533203125,0.9500240087509155,1.0,0.9911735653877258
27648,0.9444172978401184,0.9461549520492554,1.0,0.9823631644248962
27649,0.304931640625,0.3720511496067047,1.0,0.9086769223213196
27650,0.556884765625,0.5997171998023987,0.8308104276657104,0.9446244835853577
27651,0.304931640625,0.34311333298683167,1.0,0.9763561487197876
27652,0.0,0.0062500000931322575,0.0,0.28906482458114624
27653,0.110107421875,0.1588565558195114,1.0,1.0
27654,0.110107421875,0.15094850957393646,1.0,0.9770153164863586
27655,0.166259765625,0.21582716703414917,0.6291344165802002,0.8290705680847168
27656,0.166259765625,0.18929490447044373,0.8213136792182922,0.8473931550979614
27657,0.304931640625,0.3343302309513092,1.0,0.9823278188705444
27658,0.393798828125,0.44755035638809204,0.690318763256073,0.8614592552185059
27659,0.556884765625,0.5974172353744507,0.8308104276657104,0.8849667310714722
27660,0.9466145634651184,0.950054943561554,0.8844688534736633,0.9407972097396851
27661,0.197998046875,0.25634709000587463,0.6871474981307983,0.8648961186408997
27662,0.212890625,0.2730477452278137,0.5679726600646973,0.8585869073867798
27663,0.110107421875,0.1512162685394287,1.0,1.0
27664,0.228759765625,0.25482413172721863,1.0,1.0
27665,0.05078125,0.10278031975030899,0.5307212471961975,0.8328978419303894
27666,0.091796875,0.1009521484375,0.3948093354701996,0.37460166215896606
27667,0.2774251401424408,0.31376415491104126,0.8435737490653992,0.9700926542282104
27668,0.9507649540901184,0.956511378288269,0.7292529344558716,0.9079490303993225
27669,0.959228515625,0.9593552947044373,0.9394869804382324,0.9401476979255676
27670,0.946533203125,0.9515246748924255,1.0,1.0
27671,0.956298828125,0.958489179611206,1.0,0.9536365270614624
27673,0.374755859375,0.43284159898757935,0.6128985285758972,0.8293644189834595
27674,0.304931640625,0.32504576444625854,1.0,0.9828920364379883
27675,0.263671875,0.263671875,1.0,1.0
27676,0.518798828125,0.548851490020752,1.0,1.0
27677,0.393798828125,0.4204302132129669,0.8579513430595398,0.7412461638450623
27678,0.1458333432674408,0.14934897422790527,0.37262624502182007,0.38571566343307495
27679,0.951171875,0.951171875,1.0,1.0
27680,0.166259765625,0.2266794890165329,0.5307213068008423,0.6896585822105408
27681,0.518798828125,0.5679235458374023,0.8046129941940308,0.9256367683410645
27682,0.260498046875,0.32904860377311707,0.8026120662689209,0.9429919123649597
27683,0.374755859375,0.4167343080043793,0.7617307901382446,0.8663897514343262
27684,0.967041015625,0.9672021865844727,1.0,0.9968293309211731
27685,0.260498046875,0.3015008568763733,0.8026120662689209,0.6847991347312927
27686,0.947998046875,0.9509938359260559,0.9146330952644348,0.954527735710144
27687,0.951904296875,0.9540455341339111,0.9521908760070801,0.9937236309051514
27688,0.956298828125,0.9589730501174927,1.0,1.0
27689,0.4375,0.49446097016334534,0.6735438704490662,0.8715920448303223
27690,0.150390625,0.2026737779378891,0.4525081515312195,0.7598512768745422
27691,0.953369140625,0.9564935564994812,1.0,0.9968264698982239
27693,0.08203125,0.08203125,0.9197208285331726,0.9197208285331726
27694,0.197998046875,0.20766830444335938,0.8145672082901001,0.8282809257507324
27695,0.9388020634651184,0.941371738910675,0.9608869552612305,0.9828025698661804
27696,0.9444172978401184,0.9480149149894714,0.9456308484077454,0.9246320724487305
27698,0.228759765625,0.28471630811691284,0.3974803686141968,0.571419358253479
27699,0.146728515625,0.18594755232334137,0.7579237222671509,0.8401150703430176
27700,0.197998046875,0.2747345566749573,0.34009110927581787,0.5728654861450195
27701,0.580322265625,0.6063750386238098,1.0,0.9937353730201721
27702,0.304931640625,0.36518868803977966,1.0,1.0
27703,0.150390625,0.2170683592557907,0.4525081515312195,0.7902888655662537
27704,0.304931640625,0.36518868803977966,1.0,1.0
27705,0.556884765625,0.5971224308013916,0.8308104276657104,0.792146623134613
27706,0.110107421875,0.1588565558195114,1.0,1.0
27707,0.228759765625,0.2679787874221802,1.0,0.9558244943618774
27708,0.9444172978401184,0.9451611638069153,1.0,1.0
27710,0.3599446713924408,0.39275434613227844,0.8075588941574097,0.7450543642044067
27711,0.962158203125,0.9625447988510132,0.9625431895256042,0.9610547423362732
27712,0.260498046875,0.338684618473053,0.8026120662689209,0.9441773295402527
27713,0.951171875,0.9547155499458313,0.9282863140106201,0.9789254665374756
27714,0.304931640625,0.3600511848926544,1.0,1.0
27716,0.567138671875,0.5961323976516724,0.9225797057151794,0.974480152130127
27717,0.0,0.010416666977107525,0.0,0.21840745210647583
27718,0.571533203125,0.5733426809310913,0.7592076063156128,0.7774434685707092
27719,0.304931640625,0.37269333004951477,1.0,0.9976812601089478
27720,0.260498046875,0.3211335837841034,0.8026120662689209,0.9402880072593689
27721,0.943115234375,0.9474175572395325,0.9313938021659851,0.8771137595176697
27722,0.21875,0.2664296627044678,0.42495885491371155,0.6594904065132141
27723,0.110107421875,0.14018169045448303,1.0,1.0
27724,0.518798828125,0.5634887218475342,1.0,0.921779453754425
27725,0.260498046875,0.3373905420303345,0.49370092153549194,0.7593291401863098
27726,0.2774251401424408,0.32305580377578735,0.8435737490653992,0.8345833420753479
27727,0.05078125,0.0599365234375,0.5307212471961975,0.6978816986083984
27728,0.08203125,0.1302037239074707,0.3631143569946289,0.6842838525772095
27729,0.393798828125,0.4301801323890686,0.8579513430595398,0.8938995003700256
27730,0.488037109375,0.552881121635437,0.7069194316864014,0.9089396595954895
27731,0.2774251401424408,0.35419926047325134,0.5188971757888794,0.7805826663970947
27732,0.304931640625,0.3574824333190918,1.0,1.0
27733,0.953369140625,0.957344114780426,0.912726640701294,0.9565901756286621
27734,0.304931640625,0.38676124811172485,0.6151177287101746,0.8063715100288391
27735,0.9673665165901184,0.9677147269248962,1.0,0.9976793527603149
27736,0.2774251401424408,0.3192935287952423,0.8435737490653992,0.9520897269248962
27737,0.968017578125,0.968054473400116,1.0,0.9857210516929626
27738,0.2774251401424408,0.335599809885025,0.8435737490653992,0.9618208408355713
27739,0.110107421875,0.23082005977630615,0.1428571492433548,0.609588623046875
27741,0.110107421875,0.16626843810081482,0.5158474445343018,0.7520619034767151
27742,0.278564453125,0.3554275631904602,0.39664164185523987,0.7419580221176147
27743,0.110107421875,0.1543932408094406,1.0,0.9305687546730042
27744,0.606689453125,0.6266837120056152,1.0,1.0
27745,0.967041015625,0.9675509929656982,0.9284793138504028,0.9916954636573792
27746,0.166259765625,0.23445889353752136,0.5307213068008423,0.8045353889465332
27747,0.2774251401424408,0.3140411674976349,0.8435737490653992,0.6998560428619385
27748,0.08984375,0.1176457405090332,0.5158474445343018,0.6678172945976257
27749,0.110107421875,0.15272581577301025,0.5158474445343018,0.7471839189529419
27750,0.110107421875,0.13263797760009766,1.0,1.0
27751,0.1106770858168602,0.15097370743751526,0.4437016248703003,0.617816150188446
27752,0.943359375,0.9495027661323547,0.9184463024139404,0.9128471612930298
27753,0.110107421875,0.14712190628051758,0.5158474445343018,0.7336077690124512
27754,0.947998046875,0.9488992691040039,0.9605564475059509,0.9621117115020752
27755,0.488037109375,0.5031153559684753,0.9721211791038513,0.9730532169342041
27756,0.05078125,0.06451416015625,0.5307212471961975,0.732828676700592
27757,0.951904296875,0.9548473954200745,0.9521908760070801,0.9859386086463928
27758,0.953369140625,0.9585803747177124,0.912726640701294,0.9852561950683594
27759,0.110107421875,0.14721901714801788,1.0,0.9782918095588684
27760,0.304931640625,0.36518868803977966,1.0,1.0
27761,0.260498046875,0.31884709000587463,0.8026120662689209,0.9462188482284546
27762,0.304931640625,0.39817580580711365,0.4285714626312256,0.6653711199760437
27763,0.393798828125,0.46369484066963196,0.5977610945701599,0.8528315424919128
27764,0.953369140625,0.9580195546150208,0.912726640701294,0.9760575294494629
27765,0.0,0.02734375,0.0,0.5012658834457397
27766,0.518798828125,0.5246009826660156,1.0,1.0
27768,0.9388020634651184,0.9415723085403442,0.8911738991737366,0.9414514303207397
27769,0.606689453125,0.6192052364349365,1.0,0.9950200915336609
27770,0.110107421875,0.1798517256975174,0.3951442539691925,0.7538933753967285
27771,0.02083333395421505,0.10786624997854233,0.09271639585494995,0.6064929366111755
27772,0.09375,0.09375,0.6309297680854797,0.6309297680854797
27773,0.956298828125,0.9610399007797241,0.8195018768310547,0.9497199058532715
27774,0.9444172978401184,0.948612630367279,0.9456308484077454,0.9834997653961182
27775,0.959228515625,0.9594144225120544,0.9394869804382324,0.9376739859580994
27776,0.967041015625,0.9674253463745117,1.0,0.9965222477912903
27777,0.05078125,0.08416134119033813,0.5307212471961975,0.6410348415374756
27778,0.943115234375,0.9495577812194824,0.9313938021659851,0.9507676959037781
27779,0.466064453125,0.5057977437973022,0.7823625802993774,0.8350337743759155
27780,0.393798828125,0.43888863921165466,0.690318763256073,0.8368129134178162
27781,0.940673828125,0.9457060098648071,0.8770246505737305,0.9627146124839783
27782,0.951171875,0.9582130312919617,0.694340705871582,0.9044713377952576
27784,0.228759765625,0.2376861572265625,1.0,0.9903929233551025
27785,0.567138671875,0.6141824722290039,0.7988805174827576,0.9629392623901367
27786,0.0625,0.091796875,0.24207624793052673,0.4180334806442261
27788,0.228759765625,0.30650025606155396,0.6461858153343201,0.7392727732658386
27789,0.09375,0.17780856788158417,0.29608193039894104,0.5063209533691406
27790,0.05078125,0.07924842834472656,0.2737712264060974,0.49177560210227966
27791,0.3599446713924408,0.41795721650123596,0.6497723460197449,0.840211808681488
27793,0.304931640625,0.36471623182296753,1.0,0.9786790013313293
27794,0.304931640625,0.37066733837127686,1.0,1.0
27796,0.556884765625,0.5639142990112305,0.9594535827636719,0.9618671536445618
27798,0.1875,0.234535813331604,0.4692787230014801,0.7377460598945618
27799,0.499755859375,0.5241918563842773,0.9037794470787048,0.9876322150230408
27800,0.584228515625,0.5846086740493774,0.7689103484153748,0.8077221512794495
27801,0.2774251401424408,0.3630061745643616,0.5188971757888794,0.8003600835800171
27802,0.304931640625,0.3630608320236206,1.0,0.9901053309440613
27803,0.488037109375,0.5276981592178345,0.8785831332206726,0.936582624912262
27804,0.2774251401424408,0.29347172379493713,1.0,0.974051833152771
27806,0.110107421875,0.16483241319656372,0.5158474445343018,0.7837250232696533
27807,0.228759765625,0.2609231472015381,0.7660098671913147,0.7517394423484802
27808,0.228759765625,0.26300349831581116,0.6461858153343201,0.6775801181793213
27809,0.110107421875,0.14836373925209045,0.5158474445343018,0.7269494533538818
27810,0.518798828125,0.5350841879844666,1.0,1.0
27811,0.9444172978401184,0.9490718245506287,0.8315341472625732,0.9254262447357178
27812,0.2774251401424408,0.32122719287872314,0.8435737490653992,0.9662314057350159
27813,0.47265625,0.5113248825073242,0.8178747296333313,0.9406879544258118
27814,0.110107421875,0.16584935784339905,0.5158474445343018,0.7827069163322449
27815,0.953369140625,0.9567830562591553,0.912726640701294,0.9710991382598877
27816,0.946533203125,0.9484672546386719,1.0,1.0
27817,0.304931640625,0.3566766381263733,1.0,0.9726492166519165
27818,0.946533203125,0.948799192905426,1.0,1.0
27819,0.706298828125,0.7091702222824097,0.871160089969635,0.890609860420227
27820,0.304931640625,0.3195981979370117,1.0,1.0
27821,0.9444172978401184,0.9492315053939819,0.9456308484077454,0.8449457287788391
27822,0.9388020634651184,0.9443027973175049,0.8427215218544006,0.8806855082511902
27823,0.304931640625,0.3681248128414154,1.0,0.993105947971344
27824,0.431884765625,0.46983110904693604,0.7318407297134399,0.8790273070335388
27826,0.0,0.03125,0.0,0.3562072217464447
27827,0.23828125,0.25608834624290466,0.8344475626945496,0.8408123850822449
27828,0.219970703125,0.2579769492149353,0.49370092153549194,0.6809667944908142
27829,0.166259765625,0.3419981002807617,0.1306730955839157,0.5845730304718018
27830,0.9444172978401184,0.95130854845047,0.8315341472625732,0.9541165828704834
27831,0.499755859375,0.5237653851509094,0.9037794470787048,0.9620984196662903
27832,0.953369140625,0.9576925039291382,0.912726640701294,0.9810928106307983
27833,0.946533203125,0.9521319270133972,0.8793432712554932,0.9572026133537292
27834,0.9507649540901184,0.953328549861908,0.974961519241333,0.9782316088676453
27835,0.518798828125,0.5246009826660156,1.0,1.0
27836,0.0,0.05078125,0.0,0.4382445216178894
27838,0.946533203125,0.9521167278289795,1.0,1.0
27839,0.393798828125,0.4261726438999176,0.8579513430595398,0.8681504130363464
27840,0.488037109375,0.519096314907074,0.8785831332206726,0.9337987899780273
27841,0.260498046875,0.30899369716644287,0.8026120662689209,0.9445620179176331
27842,0.946533203125,0.9501241445541382,1.0,0.9934657216072083
27843,0.14453125,0.2298792004585266,0.2626707851886749,0.4943840205669403
27844,0.956298828125,0.9596684575080872,1.0,0.9824937582015991
27845,0.304931640625,0.3753248453140259,1.0,0.9981665015220642
27846,0.953369140625,0.9572346806526184,1.0,1.0
27847,0.9507649540901184,0.9530739784240723,0.974961519241333,0.9753423929214478
27848,0.9673665165901184,0.9678470492362976,0.8748590350151062,0.9340416193008423
27849,0.946533203125,0.9507105350494385,1.0,0.9421029686927795
27850,0.943115234375,0.9478740692138672,0.9313938021659851,0.9683199524879456
27851,0.956298828125,0.9596684575080872,1.0,0.9824937582015991
27852,0.946533203125,0.9532402753829956,0.8793432712554932,0.9254605770111084
27853,0.956298828125,0.9596684575080872,1.0,0.9824937582015991
27854,0.953369140625,0.9579198956489563,0.912726640701294,0.9703153967857361
27855,0.518798828125,0.542923092842102,1.0,1.0
27856,0.946533203125,0.9516151547431946,1.0,0.9496484398841858
27857,0.956298828125,0.9596684575080872,1.0,0.9824937582015991
27858,0.05078125,0.08927223086357117,0.2737712264060974,0.4330846071243286
27859,0.1106770858168602,0.1545386165380478,0.37429505586624146,0.346762090921402
27860,0.304931640625,0.37702569365501404,0.6151177287101746,0.7544201016426086
27861,0.606689453125,0.6404634714126587,1.0,0.876612663269043
27862,0.261474609375,0.31458336114883423,0.4285714626312256,0.43404462933540344
27863,0.05078125,0.1493016481399536,0.10881868004798889,0.3900323808193207
27864,0.956298828125,0.9602754712104797,1.0,0.9682989120483398
27865,0.260498046875,0.3383334279060364,0.397238165140152,0.5525259971618652
27866,0.94140625,0.947171688079834,0.7200049757957458,0.6671273112297058
27867,0.606689453125,0.6377982497215271,1.0,0.8465971350669861
27868,0.19921875,0.2834213972091675,0.30167919397354126,0.4678250849246979
27869,0.365234375,0.42474472522735596,0.4972013831138611,0.5200173258781433
27870,0.606689453125,0.6268517971038818,1.0,0.7505314350128174
27871,0.531982421875,0.5774558186531067,0.7462155222892761,0.813008189201355
27872,0.556884765625,0.5864382386207581,0.8308104276657104,0.7131285667419434
27873,0.940673828125,0.949861466884613,0.771205723285675,0.8688019514083862
27874,0.393798828125,0.46963798999786377,0.38908666372299194,0.5862775444984436
27875,0.606689453125,0.6402788162231445,1.0,0.8715649843215942
27876,0.300537109375,0.341830849647522,0.6655102372169495,0.6588656306266785
27877,0.228759765625,0.31046515703201294,0.276936799287796,0.4531361162662506
27878,0.518798828125,0.5626247525215149,0.8046129941940308,0.8540651798248291
27879,0.9673665165901184,0.967792272567749,1.0,0.9929133653640747
27880,0.2774251401424408,0.34644457697868347,0.8435737490653992,0.7767952084541321
27881,0.091796875,0.13505694270133972,0.255120187997818,0.2523007094860077
27882,0.956298828125,0.9598327279090881,1.0,0.8861573934555054
27883,0.968017578125,0.9680618047714233,1.0,0.9647364616394043
27884,0.943359375,0.9467045068740845,0.7371450066566467,0.5873228311538696
27885,0.197998046875,0.23629501461982727,0.6871474981307983,0.5172314047813416
27886,0.490234375,0.5067805647850037,0.6884825229644775,0.5717565417289734
27887,0.466064453125,0.5129309892654419,0.7823625802993774,0.6952520608901978
27888,0.278564453125,0.34711694717407227,0.39664164185523987,0.5206636786460876
27889,0.3599446713924408,0.4049578905105591,0.5626510977745056,0.4832875728607178
27890,0.261474609375,0.3401513397693634,0.4285714626312256,0.6191339492797852
27891,0.943115234375,0.9468599557876587,0.819014847278595,0.7460136413574219
27892,0.03125,0.0563616082072258,0.09869397431612015,0.18521887063980103
27893,0.08203125,0.12057650834321976,0.7039180994033813,0.7606164216995239
27894,0.3599446713924408,0.4280303716659546,0.5626510977745056,0.6069357991218567
27895,0.0,0.015625,0.0,0.14606834948062897
27896,0.166259765625,0.235870361328125,0.32645606994628906,0.44676223397254944
27897,0.4375,0.48445290327072144,0.4692787528038025,0.45073583722114563
27898,0.94140625,0.9474159479141235,0.8970906734466553,0.8713485598564148
27899,0.968017578125,0.9680771827697754,1.0,0.9506462812423706
27900,0.146728515625,0.2722819149494171,0.2098969668149948,0.5018402934074402
27901,0.091796875,0.16166257858276367,0.12626707553863525,0.2867613136768341
27902,0.260498046875,0.3601299822330475,0.34397661685943604,0.4356554448604584
27903,0.08203125,0.14060398936271667,0.08155369758605957,0.18290403485298157
27904,0.0625,0.16913114488124847,0.23463936150074005,0.596876323223114
27905,0.44921875,0.5361000299453735,0.5027986764907837,0.7691702842712402
27906,0.2774251401424408,0.4020799696445465,0.23532335460186005,0.5294032692909241
27907,0.518798828125,0.552107572555542,1.0,0.7802756428718567
27908,0.9673665165901184,0.967741847038269,0.8748590350151062,0.7649250626564026
27909,0.05078125,0.1860792338848114,0.07581732422113419,0.3841685652732849
27910,0.3599446713924408,0.42867714166641235,0.5626510977745056,0.7555307149887085
27911,0.968017578125,0.9680676460266113,1.0,0.982375979423523
27912,0.091796875,0.091796875,1.0,1.0
27913,0.146728515625,0.17483597993850708,0.7579237222671509,0.6957970261573792
27914,0.659423828125,0.6625877618789673,0.6764605641365051,0.6232666969299316
27915,0.968017578125,0.968065619468689,1.0,0.935331404209137
27916,0.146728515625,0.2711245119571686,0.2098969668149948,0.46963557600975037
27917,0.518798828125,0.5908603668212891,0.6967307925224304,0.8781141042709351
27918,0.531982421875,0.5768744945526123,0.7462155222892761,0.8289802670478821
27919,0.5757650136947632,0.580241322517395,0.5708760023117065,0.6940659284591675
27920,0.606689453125,0.6429224014282227,0.6509066820144653,0.7233675718307495
27921,0.518798828125,0.5674111843109131,0.6967307925224304,0.6785683035850525
27922,0.304931640625,0.3942034840583801,0.4285714626312256,0.6548296809196472
27923,0.263671875,0.31493985652923584,0.7653606534004211,0.8588166832923889
27924,0.9466145634651184,0.9494394659996033,0.8844688534736633,0.8114672303199768
27925,0.431884765625,0.47006362676620483,0.7318407297134399,0.8565868139266968
27926,0.2774251401424408,0.36011049151420593,0.36153164505958557,0.5541577935218811
27927,0.556884765625,0.5955330729484558,0.8308104276657104,0.7147199511528015
27928,0.0625,0.0797119140625,0.4692787230014801,0.6542447805404663
27929,0.267578125,0.3031606674194336,0.36312174797058105,0.29597440361976624
27930,0.606689453125,0.6356507539749146,1.0,0.8197730183601379
27931,0.951904296875,0.9576905369758606,0.8690900206565857,0.7902297973632812
27932,0.556884765625,0.5800774097442627,0.9594535827636719,0.8544474244117737
27933,0.9388020634651184,0.9447342753410339,0.8427215218544006,0.8710905313491821
27934,0.606689453125,0.6411271095275879,1.0,0.8323110938072205
27935,0.150390625,0.21451395750045776,0.19393208622932434,0.2684171497821808
27936,0.956298828125,0.9602705240249634,0.7169486284255981,0.7931495308876038
27937,0.580322265625,0.6152065396308899,0.86592036485672,0.8621963262557983
27938,0.503173828125,0.5118758082389832,0.3920743465423584,0.49516233801841736
27939,0.2044270783662796,0.286354124546051,0.3367719352245331,0.5172740817070007
27940,0.110107421875,0.20116721093654633,0.1428571492433548,0.329393595457077
27941,0.706298828125,0.7098017930984497,0.7139173746109009,0.7800492644309998
27942,0.146728515625,0.2588440775871277,0.2098969668149948,0.44143226742744446
27943,0.091796875,0.19236959517002106,0.255120187997818,0.507305920124054
27944,0.606689453125,0.6397250294685364,1.0,0.9405087828636169
27945,0.16796875,0.2078838050365448,0.3974803686141968,0.5479456782341003
27946,0.706298828125,0.7098746299743652,0.871160089969635,0.7619879841804504
27947,0.03125,0.09300830960273743,0.11699506640434265,0.40071195363998413
27948,0.606689453125,0.629410445690155,1.0,0.7084273099899292
27949,0.518798828125,0.570614755153656,0.6967307925224304,0.6963229179382324
27950,0.560546875,0.6199541091918945,0.7653606534004211,0.8264346122741699
27951,0.3599446713924408,0.4023200273513794,0.5626510977745056,0.6839219331741333
27952,0.166259765625,0.23621925711631775,0.32645606994628906,0.48828333616256714
27954,0.9673665165901184,0.9677225947380066,1.0,0.8958850502967834
27955,0.488037109375,0.550178050994873,0.6121358871459961,0.7589858174324036
27956,0.228759765625,0.2509526014328003,0.6461858153343201,0.6159096360206604
27957,0.260498046875,0.321586012840271,0.49370092153549194,0.584562361240387
27958,0.260498046875,0.33175018429756165,0.49370092153549194,0.6624952554702759
27959,0.466064453125,0.5057517886161804,0.7823625802993774,0.8023192286491394
27960,0.956298828125,0.9588252902030945,0.8195018768310547,0.7059085965156555
27961,0.0625,0.0863037109375,0.15642623603343964,0.2029300183057785
27962,0.0,0.05195312574505806,0.0,0.1856539249420166
27963,0.2044270783662796,0.22376760840415955,0.5474918484687805,0.34431448578834534
27964,0.431884765625,0.47732722759246826,0.7318407297134399,0.7138105034828186
27965,0.956298828125,0.9602042436599731,1.0,0.9189516305923462
27966,0.0,0.0,0.0,0.0
27967,0.228759765625,0.3128926753997803,0.3198178708553314,0.4701809585094452
27968,0.393798828125,0.44180828332901,0.5977610945701599,0.6248237490653992
27969,0.567138671875,0.6249256134033203,0.7988805174827576,0.7503999471664429
27970,0.44921875,0.5469833016395569,0.5027986764907837,0.5231764912605286
27971,0.2774251401424408,0.36024391651153564,0.36153164505958557,0.5422433614730835
27972,0.956298828125,0.9611735939979553,0.7169486284255981,0.8453653454780579
27973,0.951904296875,0.9583789706230164,0.8690900206565857,0.853990912437439
27974,0.432373046875,0.4391244649887085,0.4040961265563965,0.6659726500511169
27975,0.300537109375,0.375441312789917,0.4636814594268799,0.5769531726837158
27976,0.197998046875,0.29104024171829224,0.29449179768562317,0.5227185487747192
27977,0.962158203125,0.962594211101532,0.9625431895256042,0.944879949092865
27978,0.228759765625,0.271441251039505,0.6461858153343201,0.5345470309257507
27979,0.08203125,0.12245213985443115,0.11613046377897263,0.19970227777957916
27980,0.706298828125,0.7110713720321655,0.7139173746109009,0.7405683398246765
27981,0.953369140625,0.9584922790527344,0.912726640701294,0.929918110370636
27982,0.606689453125,0.632888913154602,1.0,0.7929943799972534
27983,0.150390625,0.21465237438678741,0.2783457934856415,0.37757933139801025
27984,0.606689453125,0.625804603099823,1.0,0.7464448809623718
27985,0.9673665165901184,0.9675476551055908,1.0,0.8171374797821045
27986,0.956298828125,0.9600064754486084,0.8195018768310547,0.7926398515701294
27987,0.706298828125,0.7072539925575256,0.871160089969635,0.8306134939193726
27988,0.580322265625,0.6316670179367065,0.86592036485672,0.8447249531745911
27989,0.518798828125,0.5676157474517822,0.6967307925224304,0.766463577747345
27990,0.9466145634651184,0.9523482322692871,0.6615661382675171,0.6693395972251892
27991,0.943115234375,0.9468091726303101,0.819014847278595,0.7882652878761292
27992,0.957763671875,0.9583441019058228,0.8271697163581848,0.8722035884857178
27993,0.956298828125,0.9593158960342407,1.0,0.9271457195281982
27994,0.300537109375,0.37940168380737305,0.4636814594268799,0.5280185341835022
27995,0.9673665165901184,0.9677204489707947,1.0,0.898385226726532
27996,0.323974609375,0.36774852871894836,0.6861420273780823,0.6220750212669373
27997,0.304931640625,0.3843640089035034,0.4285714626312256,0.6378270983695984
27998,0.0625,0.0690104141831398,0.4692787230014801,0.5078961253166199
27999,0.946533203125,0.9501916766166687,0.6577322483062744,0.608310878276825
28000,0.0,0.01432291604578495,0.0,0.3780021369457245
28001,0.606689453125,0.6423379182815552,1.0,0.9580777287483215
28002,0.2774251401424408,0.352249413728714,0.5188971757888794,0.6249116659164429
28003,0.0625,0.10538232326507568,0.4692787230014801,0.6032622456550598
28004,0.951904296875,0.9567238688468933,0.8690900206565857,0.806614100933075
28005,0.953369140625,0.9587323069572449,0.7479812502861023,0.7457025647163391
28006,0.968017578125,0.9680423140525818,1.0,0.950035572052002
28007,0.9507649540901184,0.9534417390823364,0.8898733854293823,0.6982161998748779
28008,0.228759765625,0.23322296142578125,0.6461858153343201,0.3963092565536499
28009,0.951904296875,0.957255482673645,0.8690900206565857,0.8577656149864197
28010,0.956298828125,0.9599628448486328,1.0,0.893628716468811
28011,0.956298828125,0.9589849710464478,1.0,0.9284299612045288
28012,0.968017578125,0.9680771231651306,1.0,0.9207049012184143
28013,0.110107421875,0.110107421875,1.0,1.0
28014,0.9673665165901184,0.9678484797477722,0.8748590350151062,0.930509626865387
28015,0.431884765625,0.4586886763572693,0.7318407297134399,0.7219987511634827
28016,0.228759765625,0.3088075816631317,0.6461858153343201,0.7245813608169556
28017,0.14453125,0.22189411520957947,0.32645606994628906,0.5554662346839905
28018,0.968017578125,0.9680652022361755,1.0,0.848372220993042
28019,0.956298828125,0.9598816633224487,1.0,0.9022311568260193
28020,0.967041015625,0.9675632119178772,0.9284793138504028,0.925343930721283
28021,0.967041015625,0.9676142930984497,0.9284793138504028,0.9588022232055664
28022,0.166259765625,0.19278904795646667,0.6291344165802002,0.7590705156326294
28023,0.9507649540901184,0.9536950588226318,0.974961519241333,0.9122208952903748
28024,0.580322265625,0.6270328760147095,0.86592036485672,0.9165143966674805
28025,0.962158203125,0.962483823299408,0.8420895934104919,0.8722261190414429
28026,0.146728515625,0.20312583446502686,0.3012597858905792,0.3843161165714264
28027,0.05078125,0.07577943801879883,0.5307212471961975,0.7346671223640442
28028,0.02083333395421505,0.0403645858168602,0.13770577311515808,0.3864271938800812
28029,0.953369140625,0.9561700820922852,1.0,0.988420844078064
28030,0.300537109375,0.36086124181747437,0.5354781746864319,0.7072769403457642
28031,0.466064453125,0.4704785943031311,0.7823625802993774,0.5861484408378601
28032,0.323974609375,0.39203816652297974,0.5520787835121155,0.7287188768386841
28033,0.606689453125,0.6318023800849915,1.0,0.7899295091629028
28034,0.953369140625,0.9567307233810425,1.0,0.9694060683250427
28035,0.580322265625,0.6259218454360962,0.86592036485672,0.8054172992706299
28036,0.556884765625,0.6077689528465271,0.8308104276657104,0.8524007797241211
28037,0.518798828125,0.5700607895851135,0.8046129941940308,0.8873422145843506
28038,0.580322265625,0.6318140029907227,0.86592036485672,0.9320756793022156
28039,0.304931640625,0.3717467784881592,1.0,0.9069212675094604
28040,0.0625,0.1308262050151825,0.23463936150074005,0.36424994468688965
28041,0.9673665165901184,0.967764139175415,0.8748590350151062,0.8760976195335388
28042,0.556884765625,0.6054341197013855,0.8308104276657104,0.7968878149986267
28043,0.9668782353401184,0.9670266509056091,0.9614850282669067,0.9175674915313721
28044,0.556884765625,0.5939773321151733,0.8308104276657104,0.9181712865829468
28045,0.606689453125,0.6346321105957031,1.0,0.9230523109436035
28046,0.05078125,0.10064351558685303,0.17690707743167877,0.2909473776817322
28047,0.606689453125,0.6414648294448853,1.0,0.9942173957824707
28048,0.556884765625,0.5981914401054382,0.8308104276657104,0.9606251120567322
28049,0.946533203125,0.9566610455513,0.575423002243042,0.8785443902015686
28050,0.488037109375,0.5429062843322754,0.7069194316864014,0.7652139067649841
28051,0.14453125,0.2572553753852844,0.22745199501514435,0.6250928640365601
28052,0.956298828125,0.9594897627830505,1.0,0.959498405456543
28053,0.263671875,0.34456947445869446,0.4707868993282318,0.7187339067459106
28054,0.3599446713924408,0.3866201937198639,0.8075588941574097,0.8394144773483276
28055,0.606689453125,0.631995439529419,1.0,0.7748193740844727
28056,0.956298828125,0.9599836468696594,1.0,0.9230958819389343
28057,0.946533203125,0.9504539966583252,1.0,0.9968686103820801
28058,0.953369140625,0.958050549030304,0.912726640701294,0.9463828802108765
28059,0.110107421875,0.12298202514648438,1.0,1.0
28060,0.110107421875,0.16667813062667847,0.3951442539691925,0.6592367887496948
28061,0.968017578125,0.9680768847465515,1.0,0.9363465905189514
28062,0.9673665165901184,0.9678457975387573,0.8748590350151062,0.961966872215271
28063,0.146728515625,0.1728295087814331,0.58057701587677,0.5794420838356018
28064,0.393798828125,0.44756487011909485,0.5977610945701599,0.7178865671157837
28065,0.197998046875,0.29715096950531006,0.34009110927581787,0.6345164775848389
28066,0.431884765625,0.4637458324432373,0.8451594114303589,0.8623771071434021
28067,0.968017578125,0.9680646657943726,1.0,0.8882068395614624
28068,0.9507649540901184,0.9547621607780457,0.7292529344558716,0.7232772707939148
28069,0.9668782353401184,0.9677637815475464,0.7810032963752747,0.878744900226593
28070,0.260498046875,0.32998502254486084,0.8026120662689209,0.7759944200515747
28071,0.304931640625,0.3656863868236542,1.0,0.9433057904243469
28072,0.1875,0.22238576412200928,0.7262287139892578,0.907191812992096
28073,0.12109375,0.2186545729637146,0.19355076551437378,0.4094933569431305
28075,0.606689453125,0.642802894115448,0.5334192514419556,0.7072886824607849
28076,0.580322265625,0.6265897750854492,0.86592036485672,0.8463449478149414
28077,0.9507649540901184,0.955569863319397,0.8898733854293823,0.765271782875061
28078,0.03125,0.08560943603515625,0.060708411037921906,0.19328220188617706
28079,0.9673665165901184,0.9676875472068787,1.0,0.8708866238594055
28080,0.953369140625,0.9584221243858337,0.912726640701294,0.8744751214981079
28081,0.091796875,0.21534141898155212,0.12626707553863525,0.5588743686676025
28082,0.518798828125,0.5706062316894531,0.6967307925224304,0.8092681169509888
28083,0.9388020634651184,0.9480237364768982,0.6763683557510376,0.7439187169075012
28084,0.091796875,0.10552978515625,0.7653606534004211,0.9674680233001709
28085,0.1875,0.1875,1.0,1.0
28086,0.968017578125,0.9680437445640564,1.0,0.8086574673652649
28087,0.490234375,0.5211488604545593,0.8556691408157349,0.7685647010803223
28088,0.606689453125,0.6398618221282959,1.0,1.0
28090,0.455078125,0.500129222869873,0.7342523336410522,0.8054709434509277
28091,0.02083333395421505,0.07707881182432175,0.07821311801671982,0.3303869962692261
28092,0.304931640625,0.3742768466472626,0.49493172764778137,0.6432348489761353
28093,0.2774251401424408,0.31376415491104126,0.8435737490653992,0.7593260407447815
28094,0.091796875,0.15484362840652466,0.0886722281575203,0.1987951248884201
28095,0.946533203125,0.952516496181488,0.8793432712554932,0.9551806449890137
28096,0.9375,0.939208984375,0.9298905730247498,0.980571448802948
28097,0.968017578125,0.968060314655304,1.0,0.9503364562988281
28098,0.278564453125,0.3433034420013428,0.39664164185523987,0.5023390054702759
28099,0.962158203125,0.9625660181045532,0.9625431895256042,0.9061958193778992
28100,0.580322265625,0.5953212380409241,1.0,0.7948722243309021
28101,0.567138671875,0.5982910990715027,0.9225797057151794,0.8296889662742615
28102,0.300537109375,0.37653642892837524,0.4636814594268799,0.6960386037826538
28103,0.05078125,0.15058690309524536,0.07581732422113419,0.39926087856292725
28104,0.953369140625,0.9576117396354675,0.912726640701294,0.941710889339447
28105,0.1106770858168602,0.15574294328689575,0.2302355170249939,0.2921140491962433
28106,0.2774251401424408,0.32572266459465027,0.8435737490653992,0.6466258764266968
28107,0.488037109375,0.5211905837059021,0.8785831332206726,0.7479602694511414
28108,0.606689453125,0.6257877349853516,1.0,0.8411399722099304
28109,0.606689453125,0.6298950910568237,1.0,0.8599682450294495
28110,0.23828125,0.2902022898197174,0.7039180994033813,0.6720653772354126
28111,0.260498046875,0.3128618001937866,0.49370092153549194,0.5820384621620178
28112,0.966796875,0.9671674370765686,0.9422276020050049,0.8926141262054443
28113,0.956298828125,0.9592739939689636,1.0,0.9036386609077454
28114,0.4375,0.46833038330078125,0.7452524900436401,0.9045839905738831
28115,0.518798828125,0.5643346309661865,0.6967307925224304,0.6998888850212097
28116,0.05078125,0.10151319950819016,0.17690707743167877,0.3621009588241577
28117,0.14453125,0.22842973470687866,0.5307213068008423,0.7240339517593384
28118,0.967041015625,0.9676670432090759,0.9284793138504028,0.9374697804450989
28119,0.2044270783662796,0.2901762127876282,0.3367719352245331,0.48499029874801636
28120,0.659423828125,0.6626774072647095,0.8254533410072327,0.7917793989181519
28121,0.197998046875,0.27679577469825745,0.6871474981307983,0.8010066151618958
28122,0.518798828125,0.569050669670105,0.8046129941940308,0.8747807145118713
28123,0.967041015625,0.9673328995704651,0.8122885227203369,0.6792311072349548
28124,0.580322265625,0.6054797172546387,0.86592036485672,0.7629594206809998
28125,0.956298828125,0.9601027369499207,1.0,0.9308745265007019
28126,0.146728515625,0.19377672672271729,0.48975956439971924,0.5625661611557007
28127,0.0625,0.13546478748321533,0.23463936150074005,0.5025338530540466
28128,0.567138671875,0.6213738918304443,0.7988805174827576,0.749971866607666
28129,0.967041015625,0.9676792621612549,0.9284793138504028,0.9518125653266907
28130,0.23046875,0.2888587713241577,0.38063758611679077,0.5935112237930298
28131,0.228759765625,0.2966117560863495,0.3974803686141968,0.6091038584709167
28132,0.431884765625,0.46895939111709595,0.7318407297134399,0.8081010580062866
28133,0.0,0.010416666977107525,0.0,0.16716046631336212
28134,0.5694173574447632,0.5753746628761292,0.6197949647903442,0.6733242273330688
28135,0.9668782353401184,0.9671761989593506,0.9614850282669067,0.9727156758308411
28136,0.967041015625,0.9675950407981873,0.9284793138504028,0.9627887606620789
28137,0.12109375,0.167699933052063,0.3910655975341797,0.5359749794006348
28138,0.466064453125,0.5444707870483398,0.5450960993766785,0.8172466158866882
28139,0.09375,0.1459895372390747,0.35098522901535034,0.6022871136665344
28140,0.32421875,0.3343980610370636,0.25437816977500916,0.3819792866706848
28141,0.02083333395421505,0.0328369140625,0.09271639585494995,0.13965871930122375
28142,0.0,0.1728074848651886,0.0,0.3982912003993988
28143,0.606689453125,0.6346737742424011,1.0,0.7925270199775696
28144,0.518798828125,0.569050669670105,1.0,1.0
28145,0.580322265625,0.5913477540016174,1.0,0.9018641710281372
28146,0.304931640625,0.38246744871139526,0.6151177287101746,0.8076632022857666
28147,0.263671875,0.3721908926963806,0.37880125641822815,0.6273729801177979
28148,0.166259765625,0.2897716760635376,0.2626707851886749,0.6396042704582214
28149,0.939453125,0.9489201903343201,0.6820816993713379,0.8616174459457397
28150,0.260498046875,0.35733869671821594,0.397238165140152,0.6186257600784302
28151,0.606689453125,0.6400583982467651,1.0,0.8690516352653503
28152,0.05078125,0.07265785336494446,0.5307212471961975,0.4669247567653656
28153,0.3599446713924408,0.3992786109447479,0.5626510977745056,0.5664225220680237
28154,0.968017578125,0.9680655598640442,1.0,0.9687346816062927
28155,0.951904296875,0.9530641436576843,1.0,0.9989154934883118
28156,0.2044270783662796,0.2044270783662796,0.963940441608429,0.963940441608429
28157,0.197998046875,0.27387645840644836,0.29449179768562317,0.4320542514324188
28158,0.943115234375,0.9448568820953369,0.9849443435668945,0.9485087990760803
28159,0.943115234375,0.9500190615653992,0.819014847278595,0.9103615283966064
28160,0.606689453125,0.6352982521057129,1.0,0.8633704781532288
28161,0.556884765625,0.6055221557617188,0.8308104276657104,0.9056247472763062
28162,0.374755859375,0.3814506530761719,0.7617307901382446,0.6518478989601135
28163,0.260498046875,0.32761478424072266,0.49370092153549194,0.6122878789901733
28164,0.499755859375,0.5725624561309814,0.629690945148468,0.7697649598121643
28165,0.110107421875,0.16162878274917603,0.3333333134651184,0.520765483379364
28166,0.267578125,0.2730712890625,0.5211794376373291,0.4851078689098358
28167,0.9673665165901184,0.9676638841629028,1.0,0.9533452391624451
28168,0.953369140625,0.958053469657898,0.912726640701294,0.9499149322509766
28169,0.110107421875,0.22461175918579102,0.16497723758220673,0.4264560043811798
28170,0.956298828125,0.9600064754486084,0.8195018768310547,0.7722062468528748
28171,0.260498046875,0.30644792318344116,0.8026120662689209,0.6438490152359009
28172,0.701904296875,0.7068952322006226,0.7402501106262207,0.8645713329315186
28173,0.968017578125,0.9680596590042114,1.0,0.92714524269104
28174,0.263671875,0.34669625759124756,0.7653606534004211,0.799497127532959
28175,0.23828125,0.2620808482170105,0.7039180994033813,0.5818471908569336
28176,0.02083333395421505,0.02734375,0.23463936150074005,0.22018419206142426
28177,0.0,0.05730193108320236,0.0,0.2614743411540985
28178,0.0,0.0162527896463871,0.0,0.14223021268844604
28179,0.9673665165901184,0.9677190780639648,1.0,0.9691917896270752
28180,0.94140625,0.9487568736076355,0.5900454521179199,0.70029217004776
28182,0.580322265625,0.6095098257064819,1.0,0.928577184677124
28183,0.606689453125,0.6334441900253296,1.0,0.8954383730888367
28184,0.488037109375,0.5451295375823975,0.7069194316864014,0.8301683068275452
28185,0.146728515625,0.24283349514007568,0.3012597858905792,0.6246223449707031
28186,0.197998046875,0.27333614230155945,0.42267662286758423,0.5834905505180359
28187,0.212890625,0.212890625,1.0,1.0
28188,0.110107421875,0.152557834982872,0.3951442539691925,0.5364673137664795
28189,0.518798828125,0.5593496561050415,1.0,0.8536863923072815
28190,0.939453125,0.9461055397987366,0.8498401045799255,0.8553754687309265
28191,0.567138671875,0.6054591536521912,0.7988805174827576,0.7232850790023804
28192,0.580322265625,0.6066260933876038,0.86592036485672,0.7148720622062683
28193,0.0,0.0062500000931322575,0.0,0.03703386336565018
28194,0.956298828125,0.9602410793304443,0.7169486284255981,0.8076374530792236
28195,0.3125,0.3148379325866699,0.4649452865123749,0.5041055083274841
28196,0.556884765625,0.5992792844772339,0.8308104276657104,0.7934544682502747
28197,0.0,0.01875000074505806,0.0,0.10182696580886841
28198,0.568359375,0.5750238299369812,0.6776539087295532,0.7451919317245483
28199,0.584228515625,0.5849884748458862,0.6245770454406738,0.7861882448196411
28200,0.967041015625,0.9672288298606873,1.0,0.9705398678779602
28201,0.1875,0.2996721565723419,0.17248526215553284,0.42346248030662537
28202,0.939453125,0.9433821439743042,0.8498401045799255,0.8031558990478516
28203,0.967041015625,0.9673771858215332,0.9284793138504028,0.8833541870117188
28204,0.9507649540901184,0.9521900415420532,0.974961519241333,0.9522565603256226
28205,0.9507649540901184,0.9557645916938782,0.8898733854293823,0.8827810287475586
28206,0.08203125,0.13754412531852722,0.23463936150074005,0.2743834853172302
28207,0.2774251401424408,0.34504151344299316,0.5188971757888794,0.597963273525238
28208,0.150390625,0.21800017356872559,0.4525081515312195,0.5967532396316528
28209,0.166259765625,0.24918591976165771,0.5307213068008423,0.6199610233306885
28210,0.9507649540901184,0.9561525583267212,0.8898733854293823,0.8415600657463074
28211,0.560546875,0.595870852470398,0.7653606534004211,0.7476601600646973
28212,0.150390625,0.19254302978515625,0.2783457934856415,0.3394472897052765
28213,0.968017578125,0.9680778384208679,1.0,0.9646814465522766
28214,0.323974609375,0.37132570147514343,0.6861420273780823,0.7211541533470154
28215,0.956298828125,0.9598780274391174,0.8195018768310547,0.7946121096611023
28216,0.0625,0.0625,1.0,1.0
28217,0.12109375,0.16244076192378998,0.3910655975341797,0.4261148273944855
28218,0.304931640625,0.37022465467453003,1.0,0.9014469385147095
28219,0.9507649540901184,0.9562726020812988,0.6379934549331665,0.8468983769416809
28220,0.146728515625,0.18149425089359283,0.58057701587677,0.6312364339828491
28221,0.946533203125,0.9537102580070496,0.8026000261306763,0.8906304240226746
28222,0.219970703125,0.29814302921295166,0.34397661685943604,0.5796138048171997
28223,0.344482421875,0.40682727098464966,0.38908666372299194,0.6744993925094604
28224,0.304931640625,0.35031357407569885,0.6151177287101746,0.5482926964759827
28225,0.03125,0.06546783447265625,0.29608193039894104,0.6120710372924805
28226,0.9673665165901184,0.9677367210388184,1.0,0.914253830909729
28227,0.466064453125,0.5205898880958557,0.629499077796936,0.7186176776885986
28228,0.2774251401424408,0.3185487985610962,0.8435737490653992,0.6705654859542847
28229,0.3599446713924408,0.43389755487442017,0.5626510977745056,0.7166062593460083
28230,0.959228515625,0.9599253535270691,0.7631344795227051,0.9039347767829895
28231,0.228759765625,0.3128926753997803,0.3974803686141968,0.5374844074249268
28232,0.518798828125,0.5506274700164795,1.0,0.9803868532180786
28233,0.9673665165901184,0.967772901058197,1.0,0.9602866172790527
28234,0.943115234375,0.9439892768859863,0.9313938021659851,0.793514609336853
28235,0.959228515625,0.9599981904029846,0.7631344795227051,0.7890329957008362
28236,0.606689453125,0.6427099704742432,1.0,1.0
28237,0.606689453125,0.6394485235214233,1.0,0.9234336018562317
28238,0.2774251401424408,0.3503403067588806,0.8435737490653992,0.7877872586250305
28239,0.0625,0.1119668185710907,0.1854327917098999,0.395006388425827
28240,0.951904296875,0.9585058093070984,0.8690900206565857,0.9519619941711426
28241,0.304931640625,0.36730533838272095,1.0,0.857277512550354
28242,0.946533203125,0.9513590335845947,0.8793432712554932,0.8592016696929932
28244,0.967041015625,0.9676842093467712,0.8122885227203369,0.9253218173980713
28245,0.968017578125,0.9680778384208679,1.0,0.945698082447052
28246,0.02083333395421505,0.0403994619846344,0.23463936150074005,0.5726073980331421
28247,0.03125,0.06038522720336914,0.09869397431612015,0.17245234549045563
28248,0.02083333395421505,0.0684407576918602,0.12103812396526337,0.45844268798828125
28249,0.146728515625,0.17190015316009521,0.58057701587677,0.5746052265167236
28250,0.110107421875,0.1660216599702835,0.3333333134651184,0.44715067744255066
28251,0.228759765625,0.31434231996536255,0.3974803686141968,0.6383152604103088
28252,0.110107421875,0.18811409175395966,0.20503923296928406,0.42645493149757385
28253,0.580322265625,0.6164329051971436,0.86592036485672,0.869016170501709
28254,0.518798828125,0.5735378265380859,0.6967307925224304,0.8559930920600891
28255,0.2774251401424408,0.3560347557067871,0.36153164505958557,0.373396098613739
28257,0.166259765625,0.20511966943740845,0.5307213068008423,0.5694133043289185
28258,0.939453125,0.9407501220703125,0.9690036177635193,0.9654350280761719
28259,0.584228515625,0.5845845341682434,0.7139173746109009,0.7153983116149902
28260,0.556884765625,0.593982458114624,0.8308104276657104,0.8612164855003357
28261,0.2774251401424408,0.3443276584148407,0.5188971757888794,0.5836378335952759
28262,0.968017578125,0.9680777788162231,1.0,0.9252207279205322
28263,0.5757650136947632,0.5806384086608887,0.6966133713722229,0.7818948030471802
28264,0.1875,0.2295248806476593,0.2886616587638855,0.3054845929145813
28265,0.0625,0.1295219361782074,0.23463936150074005,0.43800148367881775
28266,0.0625,0.0690104141831398,0.4692787230014801,0.6105457544326782
28267,0.518798828125,0.5672516822814941,1.0,0.9642140865325928
28268,0.1106770858168602,0.15574294328689575,0.4437016248703003,0.6156516671180725
28269,0.967041015625,0.9673596620559692,0.8122885227203369,0.7897946834564209
28270,0.956298828125,0.958206832408905,1.0,0.9622154235839844
28271,0.110107421875,0.12834644317626953,1.0,0.9708923697471619
28272,0.488037109375,0.5331418514251709,0.6121358871459961,0.5963343977928162
28273,0.091796875,0.154829740524292,0.1093372330069542,0.2106652408838272
28274,0.606689453125,0.637054443359375,1.0,0.8892993927001953
28275,0.03125,0.11960744857788086,0.04229741916060448,0.23532341420650482
28276,0.946533203125,0.9510076642036438,0.8026000261306763,0.7197384834289551
28277,0.606689453125,0.630047082901001,1.0,0.8027138113975525
28278,0.503173828125,0.5166565775871277,0.3430097699165344,0.7139013409614563
28279,0.12109375,0.12109375,0.6885288953781128,0.6885288953781128
28281,0.518798828125,0.5795586705207825,0.6967307925224304,0.804226815700531
28282,0.499755859375,0.5419019460678101,0.7271926999092102,0.6782211661338806
28283,0.091796875,0.14566457271575928,0.3948093354701996,0.7264142632484436
28284,0.03125,0.04296875,0.38685283064842224,0.6240505576133728
28285,0.323974609375,0.37888842821121216,0.47805625200271606,0.6893084645271301
28286,0.02083333395421505,0.1303919553756714,0.07821311801671982,0.4420524537563324
28287,0.556884765625,0.5916745066642761,0.8308104276657104,0.8860849142074585
28288,0.166259765625,0.19757778942584991,0.8213136792182922,0.8690776824951172
28289,0.962158203125,0.9624165296554565,0.9625431895256042,0.9005756378173828
28290,0.393798828125,0.393798828125,0.8579513430595398,0.8579513430595398
28291,0.946533203125,0.9509493708610535,0.8026000261306763,0.7955308556556702
28292,0.365234375,0.365234375,0.789595901966095,0.7263737320899963
28294,0.431884765625,0.46159303188323975,0.8451594114303589,0.803655207157135
28295,0.0625,0.0625,1.0,1.0
28297,0.146728515625,0.22008298337459564,0.48975956439971924,0.793816089630127
28298,0.166259765625,0.1899954080581665,0.8213136792182922,0.8507615327835083
28299,0.1875,0.1875,1.0,1.0
28300,0.08203125,0.0911865234375,0.7039180994033813,0.8710785508155823
28301,0.567138671875,0.6045116782188416,0.7988805174827576,0.7947686910629272
28302,0.2774251401424408,0.31844234466552734,0.8435737490653992,0.7274790406227112
28303,0.943115234375,0.9453468322753906,0.9313938021659851,0.9787229895591736
28304,0.606689453125,0.6420588493347168,1.0,0.9266360402107239
28305,0.228759765625,0.30424731969833374,0.276936799287796,0.43574702739715576
28306,0.219970703125,0.2791904807090759,0.34397661685943604,0.4972819983959198
28307,0.0625,0.084716796875,0.3631143569946289,0.5610188245773315
28308,0.2774251401424408,0.2943480908870697,1.0,1.0
28309,0.146728515625,0.146728515625,0.7579237222671509,0.7579237222671509
28310,0.956298828125,0.9601627588272095,1.0,0.931978166103363
28311,0.488037109375,0.5381425023078918,0.6121358871459961,0.6016244888305664
28312,0.431884765625,0.4622970521450043,0.7318407297134399,0.5954188704490662
28313,0.02083333395421505,0.05297263711690903,0.09271639585494995,0.23670603334903717
28314,0.260498046875,0.3566119968891144,0.397238165140152,0.6571580171585083
28316,0.304931640625,0.374919056892395,1.0,0.953712522983551
28317,0.263671875,0.3194499909877777,0.7653606534004211,0.730432391166687
28318,0.08203125,0.17605063319206238,0.14433082938194275,0.37359192967414856
28319,0.110107421875,0.1483735889196396,0.3333333134651184,0.3479726016521454
28320,0.499755859375,0.5452954769134521,0.7271926999092102,0.7310087084770203
28321,0.146728515625,0.19037628173828125,0.48975956439971924,0.657281219959259
28322,0.393798828125,0.44610539078712463,0.5977610945701599,0.6629142165184021
28323,0.9507649540901184,0.9557945728302002,0.6379934549331665,0.8330439329147339
28324,0.212890625,0.2499740719795227,0.8789618015289307,0.8293750882148743
28325,0.703369140625,0.7061394453048706,0.8588406443595886,0.8052055239677429
28326,0.261474609375,0.2904604375362396,0.6151177287101746,0.5322284698486328
28327,0.091796875,0.20386844873428345,0.12626707553863525,0.43971532583236694
28328,0.12109375,0.15107503533363342,0.605190634727478,0.5993770360946655
28329,0.9388020634651184,0.9437085390090942,0.8427215218544006,0.7328037023544312
28330,0.946533203125,0.9530874490737915,0.8793432712554932,0.9216587543487549
28331,0.584228515625,0.5845862627029419,0.7689103484153748,0.7446590662002563
28332,0.393798828125,0.43930816650390625,0.690318763256073,0.7136960029602051
28333,0.518798828125,0.552891194820404,1.0,0.8373262882232666
28334,0.968017578125,0.9680778384208679,1.0,0.9778838753700256
28335,0.518798828125,0.5777925252914429,0.4535067081451416,0.6573810577392578
28336,0.956298828125,0.9595797061920166,1.0,0.8948538303375244
28337,0.08203125,0.11541134119033813,0.7039180994033813,0.8785693645477295
28338,0.567138671875,0.5931922793388367,0.9225797057151794,0.8286930322647095
28339,0.09375,0.16237357258796692,0.29608193039894104,0.4722798466682434
28340,0.393798828125,0.4660041332244873,0.5977610945701599,0.8169021010398865
28341,0.146728515625,0.2352313995361328,0.48975956439971924,0.7039350867271423
28342,0.9673665165901184,0.9676298499107361,1.0,0.9777917265892029
28343,0.110107421875,0.152557834982872,1.0,0.9216017723083496
28344,0.304931640625,0.3321695327758789,1.0,0.9891412258148193
28345,0.02083333395421505,0.0464681014418602,0.23463936150074005,0.6182885766029358
28346,0.08203125,0.0898786261677742,0.7039180994033813,0.5547710657119751
28347,0.304931640625,0.36178529262542725,1.0,0.8843119740486145
28348,0.260498046875,0.3017967939376831,0.8026120662689209,0.8381698727607727
28349,0.110107421875,0.1888723075389862,0.3333333134651184,0.6280875205993652
28350,0.44921875,0.5361000299453735,0.5027986764907837,0.6702391505241394
28352,0.110107421875,0.18372246623039246,0.3333333134651184,0.6795737743377686
28353,0.08984375,0.12908679246902466,0.5158474445343018,0.6399196982383728
28354,0.0625,0.09940004348754883,0.4692787230014801,0.5330752730369568
28355,0.03125,0.06392574310302734,0.29608193039894104,0.6750931739807129
28356,0.499755859375,0.5215139389038086,0.9037794470787048,0.9798137545585632
28357,0.197998046875,0.27725356817245483,0.6871474981307983,0.7838408946990967
28358,0.393798828125,0.43845006823539734,0.8579513430595398,0.8246361017227173
28359,0.146728515625,0.1980275809764862,0.48975956439971924,0.7052732110023499
28360,0.567138671875,0.5897687673568726,0.9225797057151794,0.9657189249992371
28362,0.956298828125,0.9599628448486328,1.0,0.9203635454177856
28363,0.091796875,0.168788880109787,0.255120187997818,0.6123331785202026
28365,0.393798828125,0.45490214228630066,0.5977610945701599,0.7424694895744324
28366,0.953369140625,0.9572451114654541,0.912726640701294,0.8987557888031006
28367,0.431884765625,0.4639972448348999,0.7318407297134399,0.8541542887687683
28368,0.110107421875,0.18742969632148743,0.1428571492433548,0.3084598779678345
28369,0.968017578125,0.9680625200271606,1.0,0.8958855271339417
28370,0.712158203125,0.7124946713447571,0.8569586873054504,0.8417766094207764
28371,0.110107421875,0.1888723075389862,0.3333333134651184,0.5443950295448303
28372,0.606689453125,0.6385121941566467,1.0,0.9689571261405945
28373,0.304931640625,0.37558865547180176,0.49493172764778137,0.6476278305053711
28374,0.150390625,0.22641292214393616,0.4525081515312195,0.556908369064331
28375,0.9507649540901184,0.9551746249198914,0.8898733854293823,0.8881263732910156
28376,0.260498046875,0.3337615728378296,0.49370092153549194,0.7000787854194641
28377,0.110107421875,0.26602765917778015,0.1428571492433548,0.5215381979942322
28378,0.968017578125,0.9680257439613342,1.0,0.9449222087860107
28379,0.518798828125,0.5800352692604065,0.8046129941940308,0.9016987085342407
28380,0.606689453125,0.6497898697853088,0.6509066820144653,0.7199455499649048
28381,0.02083333395421505,0.08309821784496307,0.038710154592990875,0.15995129942893982
28382,0.0625,0.088134765625,0.4692787230014801,0.8529279232025146
28383,0.110107421875,0.110107421875,1.0,0.7227265238761902
28384,0.110107421875,0.20439434051513672,0.3333333134651184,0.7670527100563049
28385,0.2774251401424408,0.3419530391693115,0.5188971757888794,0.6140857934951782
28386,0.23828125,0.25676220655441284,0.7039180994033813,0.679103434085846
28387,0.943115234375,0.9495943188667297,0.5359453558921814,0.6237417459487915
28388,0.304931640625,0.3658406734466553,1.0,0.8545365929603577
28389,0.0,0.0154389888048172,0.0,0.2976932227611542
28390,0.9375,0.9403576850891113,0.8155369758605957,0.7923344969749451
28391,0.03125,0.03125,0.6309297680854797,0.6309297680854797
28392,0.953369140625,0.9591863751411438,0.7479812502861023,0.8977848887443542
28393,0.304931640625,0.3681248128414154,1.0,0.8611511588096619
28394,0.3599446713924408,0.3997916281223297,0.5626510977745056,0.5679192543029785
28395,0.110107421875,0.18050381541252136,0.3951442539691925,0.7587857246398926
28396,0.228759765625,0.31009578704833984,0.6461858153343201,0.6865988373756409
28397,0.518798828125,0.5602104663848877,1.0,0.884154736995697
28398,0.228759765625,0.3029850721359253,0.6461858153343201,0.603696346282959
28399,0.146728515625,0.21514615416526794,0.48975956439971924,0.7303755879402161
28400,0.03125,0.06256866455078125,0.11699506640434265,0.2867562472820282
28401,0.228759765625,0.36627429723739624,0.2245950698852539,0.4867624342441559
28402,0.488037109375,0.5450744032859802,0.7069194316864014,0.8894433975219727
28403,0.08203125,0.08203125,0.9197208285331726,0.9197208285331726
28404,0.466064453125,0.5149224400520325,0.7823625802993774,0.7004085779190063
28405,0.556884765625,0.604759156703949,0.4431702494621277,0.7135608196258545
28406,0.3599446713924408,0.42482492327690125,0.5626510977745056,0.7527841329574585
28407,0.1106770858168602,0.13355953991413116,0.5792374610900879,0.5612274408340454
28408,0.946533203125,0.951194167137146,1.0,0.9429039359092712
28409,0.499755859375,0.5551113486289978,0.9037794470787048,0.8920580744743347
28410,0.260498046875,0.3250259757041931,0.8026120662689209,0.7490360736846924
28411,0.2774251401424408,0.3361443877220154,0.8435737490653992,0.8301591277122498
28412,0.2774251401424408,0.363893985748291,0.36153164505958557,0.6201816201210022
28413,0.263671875,0.3066423833370209,0.7653606534004211,0.8139423131942749
28414,0.499755859375,0.5475127696990967,0.9037794470787048,0.8452386260032654
28415,0.466064453125,0.5294485688209534,0.5450960993766785,0.6121636629104614
28416,0.374755859375,0.45362043380737305,0.5307213068008423,0.8031626343727112
28417,0.508056640625,0.5127798318862915,0.6509066820144653,0.7470950484275818
28418,0.466064453125,0.5535263419151306,0.5450960993766785,0.7953447103500366
28419,0.304931640625,0.3523695766925812,1.0,0.8373952507972717
28420,0.2774251401424408,0.3483288288116455,0.36153164505958557,0.49894726276397705
28421,0.323974609375,0.36995184421539307,0.5520787835121155,0.610209584236145
28422,0.166259765625,0.27943724393844604,0.32645606994628906,0.5933283567428589
28423,0.3599446713924408,0.39403703808784485,0.8075588941574097,0.72388756275177
28424,0.953369140625,0.9557738304138184,0.912726640701294,0.879883348941803
28425,0.968017578125,0.9680614471435547,1.0,0.9229981303215027
28426,0.304931640625,0.3566896617412567,1.0,0.8311364054679871
28427,0.166259765625,0.21624541282653809,0.5307213068008423,0.4721958041191101
28428,0.943115234375,0.946982204914093,0.7475366592407227,0.6911482214927673
28429,0.466064453125,0.5490325689315796,0.5450960993766785,0.7069393396377563
28430,0.3599446713924408,0.42097386717796326,0.5626510977745056,0.7729036211967468
28431,0.110107421875,0.14698871970176697,1.0,0.8482378125190735
28432,0.466064453125,0.5207992196083069,0.629499077796936,0.6867384314537048
28433,0.967041015625,0.9674801826477051,0.8122885227203369,0.7931868433952332
28434,0.956298828125,0.9591717720031738,1.0,0.8512793779373169
28435,0.260498046875,0.34202536940574646,0.8026120662689209,0.8650112152099609
28436,0.3059895932674408,0.3606616258621216,0.625433623790741,0.6732977032661438
28437,0.304931640625,0.3605692982673645,1.0,0.8043891191482544
28438,0.263671875,0.3136247992515564,0.7653606534004211,0.6619476675987244
28439,0.946533203125,0.9530693888664246,0.8026000261306763,0.9352418780326843
28440,0.228759765625,0.2708139419555664,0.7660098671913147,0.8378497958183289
28441,0.3599446713924408,0.41675204038619995,0.5626510977745056,0.7343194484710693
28442,0.2774251401424408,0.36556297540664673,0.36153164505958557,0.4510786235332489
28443,0.260498046875,0.3153012692928314,0.8026120662689209,0.7762858271598816
28444,0.23828125,0.27744996547698975,0.7039180994033813,0.5720508098602295
28445,0.518798828125,0.5770715475082397,0.8046129941940308,0.8631452918052673
28446,0.228759765625,0.28471630811691284,0.7660098671913147,0.9374595284461975
28447,0.956298828125,0.9610589742660522,0.7169486284255981,0.8001042604446411
28448,0.260498046875,0.3226178288459778,0.8026120662689209,0.772176206111908
28449,0.03125,0.11500755697488785,0.11699506640434265,0.5744639039039612
28450,0.518798828125,0.5576462745666504,1.0,0.8369949460029602
28451,0.0,0.015625,0.0,0.2640681564807892
28452,0.03125,0.037109375,0.29608193039894104,0.4317339062690735
28453,0.2774251401424408,0.37488433718681335,0.2932012677192688,0.5960703492164612
28454,0.110107421875,0.1896173357963562,0.3333333134651184,0.6768936514854431
28455,0.943115234375,0.9472498893737793,0.9313938021659851,0.9552114009857178
28456,0.947998046875,0.9531552195549011,0.8348100185394287,0.819095253944397
28457,0.146728515625,0.2273997664451599,0.48975956439971924,0.653335452079773
28458,0.365234375,0.4224218726158142,0.4972013831138611,0.5788672566413879
28459,0.365234375,0.4521348476409912,0.4972013831138611,0.721931517124176
28460,0.0,0.0062500000931322575,0.0,0.28906482458114624
28461,0.518798828125,0.594432532787323,0.496870219707489,0.7910988330841064
28462,0.2774251401424408,0.35817983746528625,0.4175114035606384,0.595391035079956
28463,0.228759765625,0.2966320812702179,0.3974803686141968,0.5981984734535217
28464,0.110107421875,0.2109977900981903,0.1428571492433548,0.35599610209465027
28465,0.431884765625,0.4690534174442291,0.7318407297134399,0.7428133487701416
28466,0.23828125,0.3059602975845337,0.30167919397354126,0.39753037691116333
28467,0.2774251401424408,0.3425764739513397,0.5188971757888794,0.5955867767333984
28468,0.567138671875,0.5928224921226501,0.9225797057151794,0.8276973962783813
28469,0.110107421875,0.110107421875,1.0,1.0
28470,0.466064453125,0.5269814729690552,0.5450960993766785,0.724604606628418
28471,0.5757649540901184,0.5825666189193726,0.5708760023117065,0.7494340538978577
28472,0.304931640625,0.37751758098602295,1.0,1.0
28473,0.260498046875,0.35420069098472595,0.34397661685943604,0.6448837518692017
28474,0.166259765625,0.23203113675117493,0.5307213068008423,0.5749119520187378
28475,0.0,0.0,0.0,0.0
28476,0.9444172978401184,0.9540538191795349,0.6219719052314758,0.7121340036392212
28477,0.503173828125,0.5110023021697998,0.3920743465423584,0.5781651735305786
28478,0.09375,0.12758970260620117,0.4581993520259857,0.5951740145683289
28479,0.260498046875,0.33077770471572876,0.49370092153549194,0.5890898704528809
28480,0.951171875,0.95941162109375,0.694340705871582,0.9253577589988708
28481,0.304931640625,0.37751761078834534,1.0,1.0
28482,0.365234375,0.43205371499061584,0.4972013831138611,0.7303528189659119
28483,0.150390625,0.19929249584674835,0.4525081515312195,0.46641984581947327
28484,0.560546875,0.5879826545715332,0.7653606534004211,0.7502775192260742
28485,0.300537109375,0.3488370180130005,0.6655102372169495,0.770586371421814
28486,0.300537109375,0.3355887532234192,0.6655102372169495,0.6713007688522339
28487,0.9673665165901184,0.9676991105079651,1.0,0.9659285545349121
28488,0.580322265625,0.6156943440437317,0.86592036485672,0.7512832283973694
28489,0.606689453125,0.6288871765136719,1.0,0.7239990234375
28491,0.212890625,0.2534313201904297,0.5679726600646973,0.46969202160835266
28492,0.03125,0.04296875,0.29608193039894104,0.47762373089790344
28493,0.1458333432674408,0.1601155698299408,0.3367719352245331,0.41770973801612854
28494,0.1106770858168602,0.13991782069206238,0.5792374610900879,0.5810402631759644
28495,0.0,0.0,0.0,0.0
28496,0.0,0.03759765625,0.0,0.09483037889003754
28497,0.968017578125,0.9680548310279846,1.0,0.9837263822555542
28498,0.263671875,0.3167862892150879,0.7653606534004211,0.7243051528930664
28499,0.947998046875,0.9505863785743713,0.9146330952644348,0.8357082009315491
28500,0.304931640625,0.35620465874671936,1.0,0.7916797399520874
28501,0.260498046875,0.32948026061058044,0.8026120662689209,0.8546066880226135
28503,0.466064453125,0.5234060287475586,0.629499077796936,0.6865243315696716
28504,0.499755859375,0.5674096345901489,0.7271926999092102,0.8391722440719604
28505,0.05078125,0.06451416015625,0.5307212471961975,0.3949969410896301
28506,0.304931640625,0.37462419271469116,1.0,0.9363793134689331
28507,0.606689453125,0.6378336548805237,1.0,0.8986377120018005
28508,0.0625,0.08428192138671875,0.1854327917098999,0.2717462182044983
28509,0.0,0.0300990529358387,0.0,0.4998006224632263
28510,0.260498046875,0.31556236743927,0.8026120662689209,0.8257262706756592
28511,0.940673828125,0.9442464113235474,0.8770246505737305,0.8143267631530762
28512,0.580322265625,0.6039896607398987,0.86592036485672,0.9330453276634216
28513,0.706298828125,0.708787739276886,0.871160089969635,0.8623798489570618
28514,0.943359375,0.9472329616546631,0.8076295852661133,0.7697890996932983
28515,0.556884765625,0.5825273990631104,0.9594535827636719,0.8396415710449219
28516,0.304931640625,0.36509969830513,1.0,0.8519148230552673
28517,0.304931640625,0.3232811987400055,1.0,0.8025184869766235
28518,0.9668782353401184,0.9673413038253784,0.892719030380249,0.8502731323242188
28519,0.260498046875,0.3442510664463043,0.8026120662689209,0.9074249863624573
28521,0.9507649540901184,0.9544017910957336,0.8898733854293823,0.8926811218261719
28522,0.9466145634651184,0.9505860805511475,0.8844688534736633,0.8621912598609924
28523,0.304931640625,0.36124497652053833,1.0,0.8413105010986328
28524,0.0625,0.14145486056804657,0.23463936150074005,0.6623185873031616
28525,0.091796875,0.12666773796081543,0.7653606534004211,0.9279640913009644
28526,0.943359375,0.9484635591506958,0.8076295852661133,0.8648543953895569
28527,0.110107421875,0.14838632941246033,0.3951442539691925,0.4979005455970764
28528,0.943115234375,0.950552761554718,0.7475366592407227,0.8074374198913574
28529,0.956298828125,0.9584874510765076,1.0,0.9228810667991638
28530,0.19921875,0.24478501081466675,0.43299248814582825,0.5460379123687744
28531,0.9375,0.9375,1.0,1.0
28532,0.09375,0.21627689898014069,0.1465403288602829,0.4071882367134094
28533,0.0,0.07921818643808365,0.0,0.398381769657135
28534,0.1106770858168602,0.17945963144302368,0.37429505586624146,0.5972241759300232
28535,0.968017578125,0.9680550694465637,1.0,0.8795889019966125
28536,0.2774251401424408,0.35738304257392883,0.8435737490653992,0.8603819012641907
28537,0.951904296875,0.9562459588050842,0.9521908760070801,0.9439472556114197
28538,0.968017578125,0.9680764675140381,1.0,1.0
28539,0.9507649540901184,0.9555848836898804,0.8898733854293823,0.9467323422431946
28540,0.263671875,0.34216877818107605,0.7653606534004211,0.7856666445732117
28541,0.166259765625,0.2270062118768692,0.5307213068008423,0.5527477264404297
28542,0.2774251401424408,0.35817980766296387,0.8435737490653992,0.8803485631942749
28543,0.278564453125,0.30781394243240356,0.45805788040161133,0.4540702700614929
28544,0.943115234375,0.9498285055160522,0.7475366592407227,0.8288943767547607
28545,0.518798828125,0.5598363876342773,1.0,0.8825171589851379
28546,0.967041015625,0.9675902724266052,0.8122885227203369,0.7175326347351074
28547,0.968017578125,0.9680523872375488,1.0,0.9193861484527588
28548,0.968017578125,0.9680606126785278,1.0,0.9526743292808533
28549,0.956298828125,0.9586028456687927,1.0,0.9282097220420837
28550,0.0,0.0496826171875,0.0,0.36139795184135437
28551,0.146728515625,0.21394197642803192,0.48975956439971924,0.5521606802940369
28552,0.957763671875,0.9580206274986267,0.7236568927764893,0.6823927164077759
28553,0.304931640625,0.3596237897872925,0.6151177287101746,0.6188967227935791
28554,0.304931640625,0.36178526282310486,1.0,0.843522310256958
28555,0.940673828125,0.9446235299110413,0.9274492263793945,0.9450458288192749
28556,0.228759765625,0.34218573570251465,0.276936799287796,0.582923412322998
28557,0.197998046875,0.27603575587272644,0.29449179768562317,0.4795103967189789
28558,0.110107421875,0.20592501759529114,0.3333333134651184,0.5962347984313965
28559,0.967041015625,0.9675765037536621,0.9284793138504028,0.9600322246551514
28560,0.0625,0.0625,0.24207624793052673,0.21922101080417633
28561,0.9466145634651184,0.9485453367233276,0.9288777112960815,0.9357302784919739
28562,0.304931640625,0.3964432179927826,0.49493172764778137,0.7617882490158081
28563,0.091796875,0.13458546996116638,0.3948093354701996,0.523730993270874
28564,0.02083333395421505,0.06394895166158676,0.07821311801671982,0.2310262769460678
28565,0.9444172978401184,0.947838306427002,0.9456308484077454,0.9218740463256836
28566,0.2774251401424408,0.32769522070884705,0.8435737490653992,0.8162022829055786
28567,0.304931640625,0.3712784945964813,0.6151177287101746,0.69952392578125
28568,0.228759765625,0.2982296943664551,0.6461858153343201,0.7259203195571899
28569,0.091796875,0.18863505125045776,0.255120187997818,0.588286280632019
28570,0.304931640625,0.3735443949699402,0.6151177287101746,0.7304080128669739
28571,0.228759765625,0.3295876681804657,0.3974803686141968,0.64210045337677
28572,0.567138671875,0.5717735290527344,1.0,0.9696205258369446
28573,0.4375,0.5150951743125916,0.5419421792030334,0.7195530533790588
28574,0.304931640625,0.3347230851650238,1.0,0.8822081089019775
28575,0.0,0.06714166700839996,0.0,0.31387847661972046
28576,0.9444172978401184,0.9468272924423218,0.9456308484077454,0.7845332026481628
28577,0.228759765625,0.2588540315628052,0.6461858153343201,0.7073010802268982
28578,0.606689453125,0.6182541847229004,1.0,0.7963264584541321
28579,0.939453125,0.9431176781654358,0.8987017273902893,0.9617592692375183
28580,0.166259765625,0.22798262536525726,0.32645606994628906,0.4078551232814789
28581,0.466064453125,0.5048035979270935,0.7823625802993774,0.8837871551513672
28582,0.304931640625,0.3917357921600342,0.4285714626312256,0.657859742641449
28583,0.304931640625,0.3773736357688904,0.4285714626312256,0.6007960438728333
28584,0.110107421875,0.1852228045463562,0.3333333134651184,0.5696778893470764
28585,0.260498046875,0.30899369716644287,0.8026120662689209,0.6680271625518799
28586,0.518798828125,0.561710774898529,1.0,0.8889883756637573
28587,0.951904296875,0.9556883573532104,0.8690900206565857,0.9305561780929565
28588,0.9673665165901184,0.9677401781082153,1.0,0.9802075028419495
28589,0.261474609375,0.32509416341781616,0.4285714626312256,0.5674073696136475
28590,0.261474609375,0.30891650915145874,0.49493172764778137,0.7130556702613831
28591,0.940673828125,0.9457170963287354,0.8770246505737305,0.8854517936706543
28592,0.499755859375,0.5424935817718506,0.9037794470787048,0.7896729111671448
28593,0.3599446713924408,0.40459510684013367,0.6497723460197449,0.7468078136444092
28594,0.08203125,0.15506620705127716,0.14433082938194275,0.3684181272983551
28595,0.0,0.015625,0.0,0.43067657947540283
28596,0.304931640625,0.37751761078834534,0.6151177287101746,0.7731227278709412
28597,0.940673828125,0.9458510279655457,0.771205723285675,0.8878788352012634
28598,0.947998046875,0.953004002571106,0.8348100185394287,0.9422752857208252
28599,0.110107421875,0.13404613733291626,1.0,0.699474036693573
28600,0.166259765625,0.24939210712909698,0.22745199501514435,0.48303383588790894
28601,0.110107421875,0.110107421875,1.0,0.8318724036216736
28602,0.05078125,0.11209151148796082,0.17690707743167877,0.4475095272064209
28603,0.943359375,0.9499245882034302,0.7371450066566467,0.7781290411949158
28604,0.556884765625,0.6033206582069397,0.8308104276657104,0.9143561124801636
28605,0.606689453125,0.6394485235214233,1.0,0.9751842021942139
28606,0.228759765625,0.23619842529296875,1.0,0.9836748242378235
28607,0.3599446713924408,0.4234253764152527,0.5626510977745056,0.6946626901626587
28608,0.967041015625,0.9676163196563721,0.8122885227203369,0.8813998103141785
28609,0.300537109375,0.3436311185359955,0.6655102372169495,0.7379924654960632
28610,0.9444172978401184,0.9505856037139893,0.7589633464813232,0.735651969909668
28611,0.304931640625,0.3663724660873413,1.0,0.9904294013977051
28612,0.9444172978401184,0.9530864953994751,0.6219719052314758,0.8235127925872803
28613,0.2774251401424408,0.35330355167388916,0.8435737490653992,0.8302010893821716
28614,0.09375,0.1064453125,0.35098522901535034,0.353834867477417
28615,0.9507649540901184,0.9560534954071045,0.8898733854293823,0.9554206132888794
28616,0.956298828125,0.9588603973388672,1.0,0.8298400640487671
28617,0.0625,0.08447265625,0.24207624793052673,0.4711759090423584
28618,0.706298828125,0.709445059299469,0.871160089969635,0.8390675187110901
28619,0.304931640625,0.36309948563575745,1.0,0.9237207174301147
28620,0.091796875,0.1903172731399536,0.15692895650863647,0.41839203238487244
28621,0.953369140625,0.9585325717926025,0.912726640701294,0.9267097115516663
28622,0.946533203125,0.9499346017837524,1.0,0.8531073927879333
28623,0.508056640625,0.5129300355911255,0.6509066820144653,0.7918282151222229
28624,0.0,0.01982421800494194,0.0,0.4306241571903229
28625,0.304931640625,0.3905939757823944,0.4285714626312256,0.6104000210762024
28626,0.9444172978401184,0.9522638916969299,0.7589633464813232,0.9099816679954529
28627,0.260498046875,0.3313916027545929,0.49370092153549194,0.5824271440505981
28628,0.701171875,0.7037893533706665,0.7184317708015442,0.614516019821167
28629,0.0,0.0078125,0.0,0.08671382814645767
28630,0.0,0.09797362983226776,0.0,0.3754872679710388
28631,0.02083333395421505,0.05291493982076645,0.07821311801671982,0.16375795006752014
28632,0.9668782353401184,0.9672784805297852,0.9614850282669067,0.9682508111000061
28633,0.0625,0.10085609555244446,0.1854327917098999,0.31412699818611145
28634,0.953369140625,0.9601468443870544,0.7479812502861023,0.8971570134162903
28635,0.567138671875,0.6028227806091309,0.7988805174827576,0.8486225605010986
28636,0.946533203125,0.9500487446784973,0.8026000261306763,0.763301432132721
28637,0.940673828125,0.944292426109314,0.8770246505737305,0.8708783388137817
28638,0.3599446713924408,0.41482609510421753,0.5626510977745056,0.7310650944709778
28639,0.146728515625,0.18679898977279663,0.48975956439971924,0.4899582862854004
28640,0.503173828125,0.5103455185890198,0.5241767168045044,0.6431733965873718
28641,0.9507649540901184,0.9566352963447571,0.6379934549331665,0.7226086258888245
28642,0.05078125,0.10736771672964096,0.17690707743167877,0.43622636795043945
28643,0.2044270783662796,0.24026522040367126,0.8472668528556824,0.8044294714927673
28644,0.518798828125,0.5690191388130188,0.8046129941940308,0.8843685388565063
28645,0.518798828125,0.5901610255241394,0.6967307925224304,0.8745153546333313
28646,0.197998046875,0.276184618473053,0.6871474981307983,0.7645708918571472
28647,0.939453125,0.9476361870765686,0.6820816993713379,0.7175261378288269
28648,0.304931640625,0.36716020107269287,0.49493172764778137,0.62928706407547
28649,0.9507649540901184,0.954016387462616,0.7292529344558716,0.7213754653930664
28650,0.9507649540901184,0.9566352963447571,0.6379934549331665,0.7226086258888245
28651,0.968017578125,0.9680609107017517,1.0,0.9073910713195801
28652,0.9673665165901184,0.9676297307014465,1.0,0.9475352764129639
28653,0.9673665165901184,0.9678016901016235,1.0,0.9435651898384094
28654,0.9507649540901184,0.9559645056724548,0.7292529344558716,0.8459382653236389
28655,0.9668782353401184,0.9675373435020447,0.892719030380249,0.9416837096214294
28656,0.940673828125,0.9421848058700562,0.7038999795913696,0.5386939644813538
28657,0.518798828125,0.5735378265380859,0.8046129941940308,0.9409366846084595
28658,0.9673665165901184,0.9676297307014465,1.0,0.9475352764129639
28659,0.943115234375,0.9477091431617737,0.819014847278595,0.8002204895019531
28660,0.968017578125,0.9680608510971069,1.0,0.9073910713195801
28661,0.110107421875,0.155360147356987,1.0,0.9363793134689331
28662,0.212890625,0.23794114589691162,0.8789618015289307,0.7573318481445312
28663,0.9388020634651184,0.9435780644416809,0.7410414814949036,0.7590470910072327
28664,0.05078125,0.09197998046875,0.2737712264060974,0.586540937423706
28665,0.146728515625,0.19464653730392456,0.3012597858905792,0.34666237235069275
28666,0.968017578125,0.9680480360984802,1.0,0.9622155427932739
28667,0.2774251401424408,0.3302001357078552,0.8435737490653992,0.8007184267044067
28668,0.9375,0.9524534344673157,0.5364049673080444,0.7095413208007812
28669,0.146728515625,0.1556549072265625,0.58057701587677,0.4680171608924866
28670,0.110107421875,0.16584935784339905,0.3333333134651184,0.5816519260406494
28671,0.260498046875,0.297440767288208,0.8026120662689209,0.6564345359802246
28672,0.0,0.010416666977107525,0.0,0.07839827239513397
28673,0.110107421875,0.1360577940940857,1.0,0.7084410190582275
28674,0.5694172978401184,0.5767545104026794,0.5657033920288086,0.6820451617240906
28675,0.304931640625,0.3625262379646301,1.0,0.8103670477867126
28676,0.0,0.0078125,0.0,0.31546488404273987
28677,0.956298828125,0.9599846601486206,1.0,0.9237711429595947
28678,0.228759765625,0.3151507079601288,0.6461858153343201,0.856970489025116
28679,0.0,0.015625,0.0,0.43067657947540283
28680,0.962158203125,0.9624815583229065,0.9625431895256042,0.945510983467102
28681,0.05078125,0.057647705078125,0.2737712264060974,0.23125684261322021
28682,0.9673665165901184,0.9677760601043701,1.0,0.9053934216499329
28683,0.166259765625,0.24424155056476593,0.5307213068008423,0.5749844312667847
28684,0.946533203125,0.9514259099960327,1.0,0.918059766292572
28685,0.567138671875,0.6005771160125732,0.7988805174827576,0.6984352469444275
28686,0.3125,0.3125,0.5,0.5
28687,0.110107421875,0.17086590826511383,0.3951442539691925,0.6941674947738647
28688,0.503173828125,0.5064237713813782,0.6796846985816956,0.7213595509529114
28689,0.228759765625,0.33710023760795593,0.276936799287796,0.6010876893997192
28690,0.263671875,0.3206470310688019,0.7653606534004211,0.870078444480896
28691,0.9507649540901184,0.9560099840164185,0.8898733854293823,0.8532240390777588
28692,0.304931640625,0.39210110902786255,0.6151177287101746,0.7843635082244873
28693,0.953369140625,0.9574682116508484,0.912726640701294,0.9209907650947571
28694,0.1875,0.2001953125,0.8262346386909485,0.9448479413986206
28695,0.9668782353401184,0.9676725268363953,0.7810032963752747,0.7258471846580505
28696,0.03125,0.03125,0.6309297680854797,0.6309297680854797
28697,0.9444172978401184,0.9492372870445251,0.9456308484077454,0.8768935799598694
28698,0.967041015625,0.9674513339996338,1.0,0.9799207448959351
28699,0.197998046875,0.2765171229839325,0.34009110927581787,0.5406540632247925
28700,0.499755859375,0.5427747368812561,0.9037794470787048,0.8162047863006592
28701,0.2774251401424408,0.33210790157318115,0.8435737490653992,0.7120023965835571
28702,0.05078125,0.11955979466438293,0.10881868004798889,0.32871323823928833
28703,0.968017578125,0.9680591821670532,1.0,0.9072383642196655
28704,0.9673665165901184,0.967767596244812,0.8748590350151062,0.8601891994476318
28705,0.260498046875,0.3187602460384369,0.8026120662689209,0.6747376322746277
28706,0.02083333395421505,0.0292038694024086,0.12103812396526337,0.12735170125961304
28707,0.260498046875,0.3405117392539978,0.8026120662689209,0.8585157990455627
28708,0.44921875,0.49845820665359497,0.7216541767120361,0.7998372316360474
28709,0.0625,0.09756898880004883,0.4692787230014801,0.5620911121368408
28710,0.968017578125,0.9680778384208679,1.0,0.9325385689735413
28711,0.967041015625,0.9676161408424377,0.8122885227203369,0.8358154296875
28712,0.943115234375,0.9497782588005066,0.5359453558921814,0.641224205493927
28713,0.968017578125,0.9680583477020264,1.0,0.8261788487434387
28714,0.304931640625,0.37751761078834534,1.0,1.0
28715,0.943115234375,0.9480584263801575,0.9313938021659851,0.8768683075904846
28716,0.2774251401424408,0.30577540397644043,0.8435737490653992,0.6834792494773865
28717,0.23828125,0.3544933497905731,0.30167919397354126,0.5817639827728271
28718,0.146728515625,0.15416717529296875,0.7579237222671509,0.7644537091255188
28719,0.0625,0.11740916222333908,0.15642623603343964,0.32831400632858276
28720,0.02083333395421505,0.06108614057302475,0.23463936150074005,0.674657940864563
28721,0.956298828125,0.9594255089759827,1.0,0.9096816778182983
28722,0.304931640625,0.34889525175094604,1.0,0.7033886909484863
28723,0.9444172978401184,0.9475879669189453,0.9456308484077454,0.8034515976905823
28724,0.091796875,0.14378611743450165,0.15692895650863647,0.2790224850177765
28725,0.228759765625,0.28855228424072266,0.6461858153343201,0.5939284563064575
28726,0.2044270783662796,0.2410091757774353,0.3367719352245331,0.3220270872116089
28727,0.09375,0.1666688323020935,0.29608193039894104,0.6128690838813782
28728,0.110107421875,0.17145399749279022,0.3333333134651184,0.4446844160556793
28729,0.606689453125,0.6398618221282959,1.0,0.8295474648475647
28730,0.304931640625,0.3610042631626129,1.0,0.8800456523895264
28731,0.228759765625,0.2836967706680298,0.6461858153343201,0.6740420460700989
28732,0.374755859375,0.40350666642189026,0.7617307901382446,0.6390523314476013
28733,0.633056640625,0.6350657939910889,0.7837249636650085,0.6968601942062378
28734,0.0625,0.0625,1.0,1.0
28735,0.946533203125,0.9494212865829468,0.8793432712554932,0.761385440826416
28736,0.212890625,0.2568732500076294,0.67329341173172,0.7699564099311829
28737,0.455078125,0.5064201951026917,0.5907889604568481,0.7744303345680237
28738,0.08203125,0.10114390403032303,0.3631143569946289,0.37255918979644775
28740,0.25390625,0.30919644236564636,0.39664164185523987,0.5120102167129517
28741,0.450927734375,0.4579481780529022,0.5321600437164307,0.6413900852203369
28742,0.374755859375,0.41246020793914795,0.7617307901382446,0.7566353678703308
28743,0.0625,0.0690104141831398,0.4692787230014801,0.5078961253166199
28744,0.946533203125,0.9508100748062134,1.0,0.9160420894622803
28745,0.518798828125,0.5690506100654602,0.6967307925224304,0.5543381571769714
28746,0.110107421875,0.20247027277946472,0.3333333134651184,0.7062325477600098
28747,0.23828125,0.2656196355819702,0.7039180994033813,0.7006560564041138
28748,0.110107421875,0.13828948140144348,1.0,0.7630947232246399
28749,0.110107421875,0.1588565558195114,1.0,1.0
28750,0.556884765625,0.6022842526435852,0.8308104276657104,0.8761386871337891
28751,0.110107421875,0.1680646538734436,0.3333333134651184,0.5627152919769287
28752,0.304931640625,0.3655247092247009,0.4285714626312256,0.5492031574249268
28753,0.94140625,0.9535801410675049,0.6354966163635254,0.8054138422012329
28754,0.943115234375,0.9472827315330505,0.9313938021659851,0.8946707248687744
28755,0.393798828125,0.4443584680557251,0.5977610945701599,0.49936917424201965
28756,0.469970703125,0.4799906015396118,0.4431702494621277,0.6598486304283142
28757,0.9507649540901184,0.9547682404518127,0.8898733854293823,0.9000059962272644
28758,0.967041015625,0.9675406217575073,0.9284793138504028,0.870262622833252
28759,0.263671875,0.3336455821990967,0.7653606534004211,0.6976994276046753
28760,0.278564453125,0.3105025589466095,0.45805788040161133,0.5306661128997803
28761,0.3059895932674408,0.3357750177383423,0.4357588291168213,0.44545888900756836
28762,0.518798828125,0.566077470779419,1.0,0.9595922827720642
28763,0.518798828125,0.5770989060401917,0.6967307925224304,0.75456702709198
28764,0.968017578125,0.9680777788162231,1.0,0.9800466299057007
28765,0.110107421875,0.1402517408132553,1.0,0.7728379368782043
28766,0.110107421875,0.16929864883422852,0.20503923296928406,0.29552045464515686
28767,0.304931640625,0.36630892753601074,1.0,0.8566545844078064
28768,0.374755859375,0.42451155185699463,0.7617307901382446,0.7886821627616882
28769,0.260498046875,0.3366595506668091,0.8026120662689209,0.7948949933052063
28770,0.518798828125,0.5607478618621826,1.0,0.9169961810112
28771,0.2774251401424408,0.29227587580680847,0.8435737490653992,0.6369033455848694
28772,0.260498046875,0.3199605345726013,0.49370092153549194,0.6025491952896118
28773,0.344482421875,0.376632422208786,0.5977610945701599,0.4490319788455963
28774,0.967041015625,0.9675344228744507,0.8122885227203369,0.776357889175415
28775,0.9668782353401184,0.9674330353736877,0.892719030380249,0.8806137442588806
28776,0.953369140625,0.9569777250289917,0.912726640701294,0.8935790061950684
28777,0.304931640625,0.38271471858024597,0.6151177287101746,0.8446944952011108
28778,0.110107421875,0.1425609588623047,0.5158474445343018,0.6681208610534668
28779,0.0,0.0062500000931322575,0.0,0.06362079083919525
28780,0.110107421875,0.15885654091835022,1.0,1.0
28781,0.531982421875,0.5672537684440613,0.7462155222892761,0.7444612979888916
28782,0.228759765625,0.289864718914032,0.439797967672348,0.6221351623535156
28783,0.953369140625,0.955786943435669,1.0,0.8604397177696228
28784,0.9444172978401184,0.9503373503684998,0.8315341472625732,0.9130356311798096
28785,0.953369140625,0.9581526517868042,0.7479812502861023,0.745030403137207
28786,0.5694173574447632,0.5775184631347656,0.5657033920288086,0.6392095685005188
28787,0.110107421875,0.20762012898921967,0.20503923296928406,0.45172303915023804
28788,0.946533203125,0.9519481062889099,1.0,0.976510226726532
28789,0.146728515625,0.2432151436805725,0.3012597858905792,0.6158000826835632
28790,0.939453125,0.9503042101860046,0.6820816993713379,0.8628553152084351
28791,0.228759765625,0.2509526014328003,1.0,0.8288061618804932
28792,0.304931640625,0.3702823519706726,0.49493172764778137,0.5980108976364136
28793,0.260498046875,0.32851967215538025,0.8026120662689209,0.7559835910797119
28794,0.304931640625,0.38610678911209106,0.49493172764778137,0.7470085024833679
28795,0.12109375,0.17253775894641876,0.19355076551437378,0.2831127345561981
28796,0.2774251401424408,0.3498000204563141,0.8435737490653992,0.8204684257507324
28797,0.374755859375,0.4121643900871277,0.7617307901382446,0.6764813661575317
28798,0.967041015625,0.9672923684120178,1.0,0.9641103744506836
28799,0.304931640625,0.37378185987472534,0.6151177287101746,0.7657447457313538
28800,0.0,0.015625,0.0,0.03840072453022003
28801,0.263671875,0.30963245034217834,0.4707868993282318,0.5130177736282349
28802,0.518798828125,0.5634500980377197,1.0,0.9083696603775024
28803,0.9444172978401184,0.953477144241333,0.7589633464813232,0.9130351543426514
28804,0.278564453125,0.3065299689769745,0.39664164185523987,0.3421230614185333
28805,0.228759765625,0.3182486891746521,0.3198178708553314,0.5597050189971924
28807,0.2774251401424408,0.35088256001472473,0.4175114035606384,0.516867995262146
28808,0.2774251401424408,0.3444972634315491,0.8435737490653992,0.7367599606513977
28809,0.228759765625,0.26703524589538574,0.6461858153343201,0.731191098690033
28810,0.3599446713924408,0.4101177155971527,0.5626510977745056,0.7275680303573608
28811,0.219970703125,0.2400309443473816,0.5462626218795776,0.6042696237564087
28812,0.03125,0.0550537109375,0.29608193039894104,0.6653497219085693
28813,0.304931640625,0.38546931743621826,0.4285714626312256,0.48871877789497375
28814,0.166259765625,0.22308778762817383,0.5307213068008423,0.7035489082336426
28815,0.4778645932674408,0.48222166299819946,0.6197949647903442,0.6900566220283508
28816,0.47265625,0.5308453440666199,0.8178747296333313,0.8522346615791321
28817,0.968017578125,0.9680640697479248,1.0,0.9654934406280518
28818,0.0,0.0069444444961845875,0.0,0.3010300099849701
28819,0.584228515625,0.5845740437507629,0.7689103484153748,0.780372679233551
28820,0.2044270783662796,0.209716796875,0.6490147709846497,0.6120507121086121
28821,0.197998046875,0.23566797375679016,0.6871474981307983,0.6527973413467407
28822,0.304931640625,0.3491833806037903,1.0,0.6720753312110901
28823,0.94140625,0.9483892917633057,0.7200049757957458,0.702655553817749
28824,0.260498046875,0.3322158753871918,0.8026120662689209,0.7801175117492676
28825,0.197998046875,0.2753688097000122,0.6871474981307983,0.7454819679260254
28826,0.1106770858168602,0.1285298764705658,0.4437016248703003,0.5376831889152527
28827,0.940673828125,0.9435038566589355,0.8770246505737305,0.8741642236709595
28828,0.518798828125,0.5583904385566711,0.8046129941940308,0.7551154494285583
28829,0.967041015625,0.9676241278648376,0.8122885227203369,0.8579696416854858
28830,0.304931640625,0.377678781747818,0.6151177287101746,0.7714957594871521
28831,0.706298828125,0.7102358937263489,0.871160089969635,0.843288779258728
28832,0.951904296875,0.9558919072151184,0.8690900206565857,0.8807258009910583
28834,0.518798828125,0.576265811920166,0.8046129941940308,0.9202536940574646
28835,0.25390625,0.32819920778274536,0.39664164185523987,0.5972104668617249
28836,0.110107421875,0.16667813062667847,0.3951442539691925,0.6592367887496948
28837,0.9673665165901184,0.9677364826202393,0.8748590350151062,0.8323565125465393
28838,0.166259765625,0.20706364512443542,0.5307213068008423,0.440563440322876
28839,0.0625,0.08526284247636795,0.4692787230014801,0.43547478318214417
28840,0.304931640625,0.36509969830513,0.6151177287101746,0.6586347222328186
28841,0.304931640625,0.37238895893096924,0.4285714626312256,0.5192291140556335
28842,0.518798828125,0.5447914004325867,1.0,0.9831399321556091
28843,0.580322265625,0.6182184815406799,0.86592036485672,0.8451579809188843
28844,0.260498046875,0.31615641713142395,0.34397661685943604,0.4282146096229553
28845,0.2774251401424408,0.35783958435058594,0.8435737490653992,0.901240348815918
28846,0.228759765625,0.33045727014541626,0.3198178708553314,0.5963929891586304
28847,0.110107421875,0.1483735889196396,0.1321021020412445,0.2217957228422165
28848,0.197998046875,0.2927696406841278,0.34009110927581787,0.5711436867713928
28849,0.0,0.0323893241584301,0.0,0.14793184399604797
28850,0.580322265625,0.6213793754577637,0.86592036485672,0.9596037864685059
28851,0.12109375,0.1379547119140625,0.605190634727478,0.49387598037719727
28852,0.943115234375,0.9475961327552795,0.9313938021659851,0.8592469096183777
28853,0.263671875,0.35528886318206787,0.37880125641822815,0.6279526352882385
28854,0.1875,0.23151876032352448,0.4692787230014801,0.48889267444610596
28855,0.4375,0.447479248046875,0.8609101176261902,0.9435171484947205
28856,0.580322265625,0.6158762574195862,0.86592036485672,0.8521192073822021
28857,0.939453125,0.9405288696289062,0.8498401045799255,0.7526199817657471
28858,0.2774251401424408,0.31670624017715454,0.8435737490653992,0.7247015833854675
28859,0.146728515625,0.1963520348072052,0.48975956439971924,0.5114290118217468
28860,0.3599446713924408,0.40373316407203674,0.8075588941574097,0.7659429907798767
28861,0.150390625,0.198435977101326,0.4525081515312195,0.6337168216705322
28862,0.951904296875,0.9573621153831482,0.8690900206565857,0.8593097925186157
28863,0.499755859375,0.5539390444755554,0.629690945148468,0.714295506477356
28864,0.110107421875,0.1636960655450821,0.5158474445343018,0.7418010234832764
28865,0.146728515625,0.20005884766578674,0.58057701587677,0.7723096013069153
28866,0.580322265625,0.6171108484268188,0.86592036485672,0.913317084312439
28867,0.518798828125,0.5649455785751343,0.6967307925224304,0.7809202075004578
28868,0.9507649540901184,0.9553309679031372,0.8898733854293823,0.9286057949066162
28869,0.943115234375,0.9516358375549316,0.7475366592407227,0.8205013275146484
28870,0.959228515625,0.9597153067588806,0.8722942471504211,0.7783874869346619
28871,0.959228515625,0.9597391486167908,0.7631344795227051,0.8482468128204346
28872,0.110107421875,0.13828948140144348,0.3333333134651184,0.39375364780426025
28873,0.374755859375,0.4123486876487732,0.7617307901382446,0.6581745743751526
28874,0.146728515625,0.21499142050743103,0.48975956439971924,0.8030939698219299
28875,0.228759765625,0.3228297531604767,0.6461858153343201,0.8267112374305725
28876,0.946533203125,0.9539315104484558,0.8026000261306763,0.7922107577323914
28877,0.0,0.015625,0.0,0.43067657947540283
28878,0.2044270783662796,0.2139485627412796,0.8472668528556824,0.8520798087120056
28879,0.261474609375,0.31767648458480835,0.4285714626312256,0.5535592436790466
28880,0.110107421875,0.15251195430755615,0.3333333134651184,0.32276296615600586
28881,0.943359375,0.9467507600784302,0.9184463024139404,0.8843848705291748
28882,0.968017578125,0.968054473400116,1.0,0.8603379130363464
28883,0.518798828125,0.5532720685005188,0.8046129941940308,0.7079761028289795
28884,0.953369140625,0.9573437571525574,0.912726640701294,0.8847560286521912
28885,0.166259765625,0.24371564388275146,0.2626707851886749,0.4455692768096924
28886,0.2774251401424408,0.39098548889160156,0.36153164505958557,0.6380224823951721
28887,0.940673828125,0.9431183934211731,0.9274492263793945,0.9391095042228699
28888,0.091796875,0.12633255124092102,0.30242785811424255,0.44466879963874817
28889,0.12109375,0.12109375,0.46358197927474976,0.4025558531284332
28890,0.393798828125,0.4440506398677826,0.690318763256073,0.8015321493148804
28891,0.091796875,0.13309918344020844,0.3948093354701996,0.5193331837654114
28892,0.166259765625,0.22935527563095093,0.5307213068008423,0.6188572645187378
28893,0.09375,0.1873989999294281,0.1465403288602829,0.524929940700531
28894,0.166259765625,0.21265259385108948,0.6291344165802002,0.6953988671302795
28895,0.08203125,0.1069650650024414,0.7039180994033813,0.5599333047866821
28896,0.393798828125,0.4540170431137085,0.5977610945701599,0.8046295642852783
28897,0.9375,0.9394915103912354,0.8155369758605957,0.68385249376297
28898,0.488037109375,0.50710529088974,0.9721211791038513,0.9195502996444702
28899,0.567138671875,0.6040521264076233,0.7988805174827576,0.7713380455970764
28900,0.166259765625,0.2152877151966095,0.5307213068008423,0.5421081185340881
28901,0.9507649540901184,0.9546127915382385,0.8898733854293823,0.7542415261268616
28902,0.0,0.010416666977107525,0.0,0.16716046631336212
28903,0.1875,0.20637767016887665,0.7262287139892578,0.6052878499031067
28904,0.304931640625,0.38094019889831543,0.49493172764778137,0.6839113831520081
28905,0.260498046875,0.3417209982872009,0.8026120662689209,0.8632555603981018
28906,0.02083333395421505,0.0547623410820961,0.12103812396526337,0.3179856836795807
28907,0.374755859375,0.42156723141670227,0.6128985285758972,0.6483060121536255
28908,0.197998046875,0.2691127061843872,0.6871474981307983,0.7079278826713562
28909,0.580322265625,0.6151120066642761,0.86592036485672,0.8440889120101929
28910,0.02083333395421505,0.13146543502807617,0.038710154592990875,0.3266052007675171
28911,0.304931640625,0.37107568979263306,0.6151177287101746,0.7125111818313599
28912,0.12109375,0.1765976846218109,0.3910655975341797,0.4799653887748718
28913,0.560546875,0.5682293176651001,0.4981783330440521,0.48936185240745544
28914,0.580322265625,0.614179253578186,0.86592036485672,0.9594998359680176
28915,0.110107421875,0.14191046357154846,1.0,0.9726646542549133
28916,0.943359375,0.9505659937858582,0.7371450066566467,0.7013503909111023
28917,0.110107421875,0.16778317093849182,0.3333333134651184,0.46395939588546753
28918,0.2774251401424408,0.3395634889602661,0.8435737490653992,0.7960317134857178
28919,0.110107421875,0.17643313109874725,0.3951442539691925,0.6538895964622498
28920,0.1106770858168602,0.17735517024993896,0.37429505586624146,0.6132481694221497
28921,0.946533203125,0.9566412568092346,0.575423002243042,0.7956639528274536
28922,0.0,0.008928571827709675,0.0,0.3333333432674408
28923,0.23828125,0.3132462203502655,0.2446610927581787,0.3806034326553345
28924,0.967041015625,0.9674326777458191,0.9284793138504028,0.7452658414840698
28926,0.146728515625,0.21661031246185303,0.48975956439971924,0.681705117225647
28927,0.166259765625,0.24535655975341797,0.5307213068008423,0.8386610746383667
28928,0.943359375,0.9492936134338379,0.9184463024139404,0.8760549426078796
28929,0.580322265625,0.6082417964935303,1.0,0.9811426401138306
28930,0.940673828125,0.9469386339187622,0.5768473744392395,0.6292223334312439
28931,0.0625,0.0625,1.0,1.0
28932,0.940673828125,0.9443899393081665,0.9274492263793945,0.9654776453971863
28933,0.304931640625,0.37558865547180176,0.49493172764778137,0.6476278305053711
28934,0.946533203125,0.9516466856002808,1.0,0.9698132872581482
28935,0.304931640625,0.3679234981536865,0.4285714626312256,0.4168373942375183
28936,0.580322265625,0.6273425817489624,0.86592036485672,0.8841120004653931
28937,0.580322265625,0.6425280570983887,0.5636333227157593,0.7023271918296814
28938,0.9668782353401184,0.9673388004302979,0.9614850282669067,0.9327450394630432
28939,0.9507649540901184,0.9540538191795349,0.8898733854293823,0.8194863796234131
28940,0.967041015625,0.9673245549201965,1.0,0.8980512022972107
28941,0.9507649540901184,0.9544764757156372,0.8898733854293823,0.8559123873710632
28942,0.968017578125,0.9680450558662415,1.0,0.8469979763031006
28943,0.5694173574447632,0.5767544507980347,0.5657033920288086,0.6820451617240906
28944,0.968017578125,0.9680426120758057,1.0,0.9379847645759583
28945,0.518798828125,0.566077470779419,1.0,0.9595922827720642
28946,0.968017578125,0.9680450558662415,1.0,0.8469979763031006
28947,0.956298828125,0.9594294428825378,1.0,0.7514950633049011
28948,0.967041015625,0.9674551486968994,1.0,0.9809970855712891
28949,0.947998046875,0.954400360584259,0.6841284036636353,0.7171570062637329
28950,0.9673665165901184,0.9678107500076294,0.8748590350151062,0.7318254709243774
28951,0.580322265625,0.6425280570983887,0.5636333227157593,0.7023271918296814
28952,0.968017578125,0.9680451154708862,1.0,0.8469979763031006
28953,0.953369140625,0.9575685262680054,0.912726640701294,0.9642401933670044
28954,0.503173828125,0.5051069259643555,0.6796846985816956,0.700089156627655
28955,0.166259765625,0.20850902795791626,0.5307213068008423,0.659300684928894
28956,0.466064453125,0.4846038818359375,0.8656565546989441,0.9458462595939636
28957,0.304931640625,0.35843613743782043,1.0,0.8376318216323853
28958,0.08203125,0.10042864829301834,0.7039180994033813,0.5333765745162964
28959,0.14453125,0.2118644416332245,0.5307213068008423,0.6181630492210388
28960,0.0625,0.11185333132743835,0.1854327917098999,0.42213597893714905
28961,0.0625,0.09261614829301834,0.4692787230014801,0.508473813533783
28962,0.556884765625,0.5901212096214294,0.9594535827636719,0.9409366846084595
28963,0.091796875,0.11411285400390625,0.7653606534004211,0.9438661336898804
28964,0.110107421875,0.15929153561592102,0.3333333134651184,0.4026179611682892
28965,0.212890625,0.23641538619995117,0.8789618015289307,0.7906116843223572
28966,0.0625,0.13446903228759766,0.14433082938194275,0.3712671101093292
28967,0.499755859375,0.526950478553772,0.9037794470787048,0.9435473084449768
28968,0.556884765625,0.6067735552787781,0.8308104276657104,0.9060045480728149
28969,0.431884765625,0.480994313955307,0.7318407297134399,0.8449508547782898
28970,0.0,0.0162527896463871,0.0,0.39780882000923157
28971,0.0,0.10803069919347763,0.0,0.4154585301876068
28972,0.304931640625,0.3587687909603119,0.49493172764778137,0.5396257042884827
28973,0.260498046875,0.3138895630836487,0.49370092153549194,0.5199299454689026
28974,0.03125,0.0508161261677742,0.11699506640434265,0.19581788778305054
28975,0.304931640625,0.35031357407569885,1.0,0.7406041026115417
28976,0.110107421875,0.15630847215652466,0.5158474445343018,0.614832878112793
28977,0.02083333395421505,0.0966389998793602,0.04811027646064758,0.26488885283470154
28978,0.466064453125,0.5062210559844971,0.7823625802993774,0.9246988296508789
28979,0.12109375,0.19658291339874268,0.3910655975341797,0.6034734845161438
28980,0.393798828125,0.4841209948062897,0.38908666372299194,0.7370781898498535
28981,0.05078125,0.09983382374048233,0.2097114622592926,0.4165133237838745
28982,0.02083333395421505,0.0354817733168602,0.12103812396526337,0.1422278881072998
28984,0.580322265625,0.6252426505088806,0.86592036485672,0.932766854763031
28986,0.228759765625,0.2897699475288391,0.3974803686141968,0.5797009468078613
28987,0.260498046875,0.32811444997787476,0.34397661685943604,0.46404504776000977
28988,0.08203125,0.1400989592075348,0.11613046377897263,0.2401217520236969
28989,0.488037109375,0.5647225379943848,0.6121358871459961,0.7640208005905151
28990,0.1875,0.2056645005941391,0.7262287139892578,0.6036207675933838
28991,0.946533203125,0.9514392614364624,1.0,0.9715532064437866
28992,0.606689453125,0.6369006633758545,0.6509066820144653,0.5850775837898254
28993,0.956298828125,0.9582251906394958,1.0,0.9735816717147827
28994,0.0625,0.10468050837516785,0.23463936150074005,0.4218088388442993
28995,0.946533203125,0.9481807947158813,1.0,0.9150792956352234
28996,0.606689453125,0.6399341821670532,0.46666663885116577,0.515231192111969
28997,0.9444172978401184,0.9485947489738464,0.9456308484077454,0.9451695084571838
28998,0.0,0.03750000149011612,0.0,0.3196312189102173
28999,0.940673828125,0.9475823044776917,0.771205723285675,0.7862299084663391
29000,0.110107421875,0.19074027240276337,0.3333333134651184,0.4913322329521179
29001,0.304931640625,0.36838459968566895,1.0,0.8450444340705872
29002,0.197998046875,0.30099958181381226,0.42267662286758423,0.7195819616317749
29003,0.110107421875,0.17982248961925507,0.3333333134651184,0.43411245942115784
29004,0.260498046875,0.3405117392539978,0.8026120662689209,0.8585157990455627
29005,0.518798828125,0.5811089277267456,0.6967307925224304,0.782413899898529
29006,0.2774251401424408,0.32396242022514343,0.8435737490653992,0.913570761680603
29007,0.9507649540901184,0.9529623985290527,0.974961519241333,0.8438923358917236
29008,0.3599446713924408,0.43088069558143616,0.5626510977745056,0.8444346785545349
29009,0.1875,0.2379884272813797,0.5562983751296997,0.8554304838180542
29010,0.957763671875,0.9584172368049622,0.7236568927764893,0.8322263956069946
29011,0.967041015625,0.9673793315887451,0.9284793138504028,0.8005104064941406
29012,0.260498046875,0.32948026061058044,0.8026120662689209,0.7806119918823242
29013,0.146728515625,0.1706135869026184,0.7579237222671509,0.6494156122207642
29014,0.943115234375,0.9508620500564575,0.6126077175140381,0.6580851078033447
29015,0.968017578125,0.9680485725402832,1.0,0.929067075252533
29016,0.967041015625,0.967399537563324,0.9284793138504028,0.9016127586364746
29017,0.946533203125,0.9526196122169495,0.8026000261306763,0.7727890014648438
29018,0.9507649540901184,0.9554329514503479,0.8898733854293823,0.854211151599884
29019,0.606689453125,0.631817102432251,1.0,0.8762673139572144
29021,0.166259765625,0.24059142172336578,0.5307213068008423,0.565577507019043
29022,0.571533203125,0.5774489045143127,0.6093400716781616,0.6023439764976501
29023,0.0625,0.09191472083330154,0.1854327917098999,0.29544031620025635
29024,0.3599446713924408,0.41598939895629883,0.5626510977745056,0.681001603603363
29025,0.946533203125,0.9532471299171448,0.8793432712554932,0.944068431854248
29026,0.263671875,0.3355792760848999,0.23391999304294586,0.3387582004070282
29027,0.9507649540901184,0.9537666440010071,0.974961519241333,0.8777517676353455
29028,0.518798828125,0.5573921203613281,1.0,0.8641360998153687
29030,0.02083333395421505,0.06574249267578125,0.09271639585494995,0.31192684173583984
29031,0.228759765625,0.28917235136032104,0.6461858153343201,0.612932026386261
29032,0.518798828125,0.5690506100654602,1.0,1.0
29033,0.967041015625,0.9673282504081726,0.9284793138504028,0.8529917001724243
29034,0.943115234375,0.9449380040168762,0.9313938021659851,0.9015283584594727
29035,0.166259765625,0.2628413140773773,0.2626707851886749,0.45696285367012024
29036,0.466064453125,0.5385347008705139,0.629499077796936,0.6878378987312317
29037,0.09375,0.16410040855407715,0.1465403288602829,0.2994161546230316
29038,0.9375,0.9440789818763733,0.7171369194984436,0.7391800880432129
29039,0.1106770858168602,0.1617620885372162,0.18525049090385437,0.31106460094451904
29040,0.967041015625,0.9677948951721191,0.8122885227203369,0.6782331466674805
29041,0.962158203125,0.962605893611908,0.8420895934104919,0.9436799883842468
29042,0.0,0.02213541604578495,0.0,0.28564366698265076
29043,0.556884765625,0.5885869264602661,0.9594535827636719,0.9209927916526794
29044,0.393798828125,0.4495626389980316,0.5977610945701599,0.735826313495636
29045,0.9673665165901184,0.967708945274353,1.0,0.9349851608276367
29046,0.110107421875,0.19744515419006348,0.3333333134651184,0.49507856369018555
29047,0.304931640625,0.37751758098602295,1.0,1.0
29048,0.2044270783662796,0.22338680922985077,0.8472668528556824,0.8465321063995361
29049,0.956298828125,0.9586195945739746,1.0,0.8926421403884888
29050,0.12109375,0.2241743952035904,0.3910655975341797,0.7144096493721008
29051,0.51953125,0.5525111556053162,0.8129132390022278,0.7474560737609863
29052,0.166259765625,0.20524194836616516,0.5307213068008423,0.6479147672653198
29053,0.9444172978401184,0.9536932706832886,0.6219719052314758,0.8124921917915344
29054,0.431884765625,0.4665365517139435,0.7318407297134399,0.7153257727622986
29055,0.9444172978401184,0.9506291747093201,0.6219719052314758,0.64996737241745
29056,0.968017578125,0.9680440425872803,1.0,0.6609854698181152
29057,0.091796875,0.10608155280351639,0.7653606534004211,0.5017493963241577
29058,0.946533203125,0.9524447321891785,0.8026000261306763,0.834640383720398
29059,0.0,0.0284423828125,0.0,0.3132559061050415
29060,0.9673665165901184,0.967640221118927,1.0,0.882021963596344
29061,0.374755859375,0.4159899353981018,0.5307213068008423,0.685222327709198
29062,0.0,0.0078125,0.0,0.31546488404273987
29063,0.393798828125,0.4440506398677826,0.690318763256073,0.8015321493148804
29064,0.1875,0.20654296875,0.4692787230014801,0.36326009035110474
29065,0.9507649540901184,0.9561713933944702,0.8898733854293823,0.9350363612174988
29066,0.518798828125,0.6079942584037781,0.496870219707489,0.7630894184112549
29067,0.940673828125,0.9448481202125549,0.8770246505737305,0.8677057027816772
29068,0.9673665165901184,0.9678950905799866,0.8748590350151062,0.9576103687286377
29069,0.556884765625,0.589006245136261,0.8308104276657104,0.5903781056404114
29070,0.0625,0.0625,1.0,1.0
29071,0.260498046875,0.3535436987876892,0.34397661685943604,0.5962089896202087
29073,0.197998046875,0.2650701701641083,0.42267662286758423,0.5128865242004395
29074,0.0,0.010416666977107525,0.0,0.09810357540845871
29075,0.260498046875,0.36265772581100464,0.49370092153549194,0.7588540315628052
29076,0.166259765625,0.2390747219324112,0.5307213068008423,0.5804237127304077
29077,0.0,0.0,0.0,0.0
29078,0.953369140625,0.9580249190330505,0.912726640701294,0.7931773662567139
29079,0.03125,0.03125,0.6309297680854797,0.6309297680854797
29080,0.304931640625,0.373099148273468,0.6151177287101746,0.7061831951141357
29081,0.05078125,0.11709719151258469,0.17690707743167877,0.4570784270763397
29082,0.110107421875,0.17462754249572754,0.22686867415905,0.462130606174469
29083,0.2774251401424408,0.3410927653312683,0.5188971757888794,0.6529285311698914
29084,0.14453125,0.2252577841281891,0.2626707851886749,0.5191781520843506
29085,0.110107421875,0.19229531288146973,0.3333333134651184,0.4886484146118164
29086,0.2774251401424408,0.3479163944721222,0.8435737490653992,0.779173731803894
29087,0.304931640625,0.37532487511634827,1.0,0.9558305144309998
29088,0.2774251401424408,0.3250037133693695,0.5188971757888794,0.48544180393218994
29089,0.943115234375,0.9529953598976135,0.5359453558921814,0.7938764691352844
29090,0.228759765625,0.2544762194156647,0.7660098671913147,0.7045707106590271
29091,0.03125,0.041015625,0.29608193039894104,0.3853585720062256
29092,0.951904296875,0.9598424434661865,0.7122209072113037,0.8369482159614563
29093,0.14453125,0.19362738728523254,0.5307213068008423,0.557820200920105
29094,0.0,0.03515625,0.0,0.13577352464199066
29095,0.03125,0.05303192138671875,0.29608193039894104,0.3503127694129944
29096,0.556884765625,0.5887458324432373,0.9594535827636719,0.9356256723403931
29097,0.110107421875,0.1588565558195114,0.20503923296928406,0.28721147775650024
29098,0.953369140625,0.9575798511505127,0.912726640701294,0.9778915643692017
29099,0.197998046875,0.2817510962486267,0.6871474981307983,0.8532721400260925
29100,0.9673665165901184,0.9677947759628296,1.0,0.938514232635498
29101,0.9444172978401184,0.947837233543396,0.9456308484077454,0.9122838973999023
29102,0.16796875,0.2328077256679535,0.3198178708553314,0.4965454339981079
29103,0.374755859375,0.4050479829311371,0.7617307901382446,0.6212067604064941
29104,0.518798828125,0.5901610255241394,0.6967307925224304,0.9311903715133667
29105,0.518798828125,0.5645366311073303,0.8046129941940308,0.8107478022575378
29106,0.967041015625,0.9676957130432129,0.8122885227203369,0.9139862656593323
29107,0.466064453125,0.4962821304798126,0.629499077796936,0.6662944555282593
29108,0.197998046875,0.24245724081993103,0.6871474981307983,0.6321797370910645
29109,0.304931640625,0.36835917830467224,0.49493172764778137,0.5820576548576355
29110,0.0,0.05359874665737152,0.0,0.3198074996471405
29111,0.393798828125,0.4382794499397278,0.690318763256073,0.7344582080841064
29112,0.393798828125,0.43949002027511597,0.690318763256073,0.7822274565696716
29113,0.580322265625,0.6195424199104309,0.86592036485672,0.8287823796272278
29114,0.580322265625,0.6157954335212708,0.86592036485672,0.7277496457099915
29115,0.2774251401424408,0.35101598501205444,0.8435737490653992,0.7890254855155945
29116,0.091796875,0.14699134230613708,0.255120187997818,0.31592145562171936
29117,0.957763671875,0.958055853843689,0.8271697163581848,0.8552475571632385
29118,0.951171875,0.9549553394317627,0.9282863140106201,0.8539456725120544
29119,0.263671875,0.263671875,0.90728360414505,0.6268451809883118
29120,0.263671875,0.3634737730026245,0.32801172137260437,0.623929500579834
29121,0.393798828125,0.46671414375305176,0.5977610945701599,0.7365381717681885
29122,0.0,0.05257067084312439,0.0,0.15742982923984528
29123,0.503173828125,0.5064237713813782,0.6796846985816956,0.7213595509529114
29124,0.19921875,0.2658030390739441,0.43299248814582825,0.609045684337616
29125,0.091796875,0.15071451663970947,0.255120187997818,0.4999045431613922
29126,0.304931640625,0.325634241104126,1.0,0.6994072794914246
29127,0.968017578125,0.9680566787719727,1.0,0.9663018584251404
29128,0.946533203125,0.9521167278289795,0.7083972692489624,0.7719656825065613
29129,0.518798828125,0.571162223815918,0.6967307925224304,0.5740203857421875
29130,0.956298828125,0.96021568775177,1.0,0.9090002179145813
29131,0.455078125,0.4985722005367279,0.5907889604568481,0.5534375905990601
29132,0.304931640625,0.37751758098602295,0.6151177287101746,0.7731227278709412
29133,0.228759765625,0.28471627831459045,0.3974803686141968,0.41503024101257324
29134,0.956298828125,0.958260715007782,1.0,0.9656850695610046
29135,0.9507649540901184,0.9538824558258057,0.8898733854293823,0.8319748044013977
29136,0.953369140625,0.9569273591041565,1.0,0.9549367427825928
29137,0.146728515625,0.2057771533727646,0.24239754676818848,0.3511978089809418
29138,0.94140625,0.9536324739456177,0.5162065625190735,0.6106364130973816
29139,0.3599446713924408,0.4189608693122864,0.36623337864875793,0.6556044220924377
29140,0.499755859375,0.5287416577339172,0.9037794470787048,0.8575581312179565
29141,0.3599446713924408,0.4176061451435089,0.5626510977745056,0.6942228078842163
29142,0.110107421875,0.16181513667106628,0.22686867415905,0.38912057876586914
29143,0.110107421875,0.17090564966201782,0.3333333134651184,0.5944927930831909
29144,0.968017578125,0.968038022518158,1.0,0.7897375822067261
29145,0.393798828125,0.4399358928203583,0.5977610945701599,0.500521183013916
29146,0.44921875,0.4914395213127136,0.5027986764907837,0.46828779578208923
29147,0.556884765625,0.5995628237724304,0.8308104276657104,0.7781570553779602
29148,0.0625,0.19611886143684387,0.03128524869680405,0.21346920728683472
29149,0.304931640625,0.3668995201587677,1.0,0.838549017906189
29150,0.304931640625,0.3753248453140259,1.0,0.9558305144309998
29151,0.146728515625,0.21424563229084015,0.48975956439971924,0.5707120895385742
29152,0.0,0.0,0.0,0.0
29153,0.9375,0.9459471106529236,0.5364049673080444,0.4697623550891876
29154,0.953369140625,0.9568225145339966,1.0,0.9427065849304199
29156,0.0,0.07737699151039124,0.0,0.37486129999160767
29157,0.967041015625,0.9673324227333069,1.0,0.9136177897453308
29158,0.1875,0.21003630757331848,0.7262287139892578,0.8155369162559509
29159,0.943115234375,0.9503898024559021,0.6597968339920044,0.8051892518997192
29160,0.455078125,0.5168753862380981,0.5115761756896973,0.7902570366859436
29161,0.455078125,0.4795684516429901,0.7342523336410522,0.7033762335777283
29162,0.967041015625,0.9673795104026794,1.0,0.9517326951026917
29163,0.2774251401424408,0.35061076283454895,0.8435737490653992,0.7872698307037354
29164,0.939453125,0.9413353800773621,0.8498401045799255,0.8142691254615784
29165,0.263671875,0.3310050666332245,0.7653606534004211,0.7282088398933411
29166,0.0,0.0,0.0,0.0
29167,0.110107421875,0.18372246623039246,0.3333333134651184,0.6795737743377686
29168,0.02083333395421505,0.02083333395421505,0.5,0.5
29169,0.091796875,0.15008544921875,0.15692895650863647,0.289411723613739
29170,0.110107421875,0.110107421875,1.0,1.0
29171,0.505615234375,0.5100220441818237,0.6504693627357483,0.6382085084915161
29172,0.197998046875,0.24826812744140625,0.6871474981307983,0.5944690108299255
29173,0.166259765625,0.20850101113319397,0.5307213068008423,0.519244372844696
29174,0.0,0.0,0.0,0.0
29175,0.02083333395421505,0.0817505270242691,0.07821311801671982,0.2892186939716339
29176,0.304931640625,0.39464420080184937,0.6151177287101746,0.8350475430488586
29177,0.110107421875,0.15251195430755615,0.3951442539691925,0.5636440515518188
29178,0.110107421875,0.1588565558195114,1.0,1.0
29179,0.556884765625,0.6082871556282043,0.8308104276657104,0.8446203470230103
29180,0.580322265625,0.6206648945808411,0.86592036485672,0.8342675566673279
29181,0.228759765625,0.29851335287094116,0.3974803686141968,0.461959570646286
29182,0.0,0.06518097221851349,0.0,0.24623613059520721
29183,0.706298828125,0.7070235013961792,0.871160089969635,0.8425444960594177
29184,0.2774251401424408,0.3182586431503296,0.8435737490653992,0.6283640265464783
29185,0.05078125,0.10278032720088959,0.2737712264060974,0.5415339469909668
29186,0.393798828125,0.45407408475875854,0.5977610945701599,0.7815837264060974
29187,0.2774251401424408,0.31938886642456055,0.5188971757888794,0.4888943135738373
29188,0.300537109375,0.3615932762622833,0.4636814594268799,0.6618207693099976
29189,0.2044270783662796,0.23068556189537048,0.6490147709846497,0.8299605846405029
29190,0.556884765625,0.5945907235145569,0.8308104276657104,0.8002976775169373
29191,0.228759765625,0.316311776638031,0.3974803686141968,0.5702755451202393
29192,0.580322265625,0.6239722967147827,0.86592036485672,0.9115275144577026
29193,0.703369140625,0.7062370777130127,0.8588406443595886,0.8155528903007507
29194,0.9375,0.9479316473007202,0.5364049673080444,0.7372595071792603
29195,0.146728515625,0.18317264318466187,0.48975956439971924,0.5575783252716064
29196,0.0,0.01692708395421505,0.0,0.13281652331352234
29197,0.0,0.04191472381353378,0.0,0.2587106227874756
29198,0.967041015625,0.967562735080719,0.8122885227203369,0.7938292622566223
29199,0.0,0.0513974167406559,0.0,0.3879643380641937
29200,0.08203125,0.17148292064666748,0.18448074162006378,0.5140185952186584
29201,0.166259765625,0.2541274428367615,0.2626707851886749,0.46235209703445435
29202,0.05078125,0.12031742185354233,0.2097114622592926,0.5216348767280579
29203,0.197998046875,0.27679577469825745,0.6871474981307983,0.8010066151618958
29204,0.940673828125,0.9449781775474548,0.771205723285675,0.7005032896995544
29205,0.939453125,0.94219970703125,0.8987017273902893,0.8544610738754272
29206,0.260498046875,0.33175602555274963,0.8026120662689209,0.7464914917945862
29207,0.580322265625,0.6108832955360413,0.86592036485672,0.7937797904014587
29208,0.946533203125,0.9526840448379517,0.7083972692489624,0.8349049091339111
29209,0.228759765625,0.3172626495361328,0.6461858153343201,0.7772990465164185
29210,0.47265625,0.5443764925003052,0.5698384642601013,0.6997881531715393
29211,0.9444172978401184,0.9504154324531555,0.7589633464813232,0.8109283447265625
29212,0.0625,0.09644094854593277,0.1854327917098999,0.3324741721153259
29213,0.02083333395421505,0.0446370467543602,0.23463936150074005,0.6039072275161743
29214,0.9668782353401184,0.9671299457550049,0.9614850282669067,0.898820698261261
29215,0.9388020634651184,0.9430258870124817,0.8427215218544006,0.8019772171974182
29216,0.263671875,0.2783706784248352,0.7653606534004211,0.640043318271637
29217,0.23828125,0.30796748399734497,0.7039180994033813,0.6643988490104675
29218,0.946533203125,0.9544305801391602,0.7083972692489624,0.8015304207801819
29219,0.228759765625,0.2886316776275635,0.6461858153343201,0.7554159760475159
29220,0.9673665165901184,0.9676145911216736,1.0,0.8989993929862976
29221,0.9668782353401184,0.9674877524375916,0.892719030380249,0.8066403269767761
29222,0.9466145634651184,0.9490091800689697,0.6615661382675171,0.6040647625923157
29223,0.263671875,0.28244829177856445,0.7653606534004211,0.43490099906921387
29224,0.263671875,0.3147832155227661,0.7653606534004211,0.6403712630271912
29225,0.0625,0.12998336553573608,0.1854327917098999,0.543934166431427
29226,0.953369140625,0.9601468443870544,0.7479812502861023,0.7950974702835083
29227,0.08203125,0.14154718816280365,0.11613046377897263,0.23172810673713684
29228,0.08984375,0.13993680477142334,0.3333333134651184,0.5018789172172546
29229,0.091796875,0.1053662970662117,0.7653606534004211,0.6226754188537598
29230,0.968017578125,0.9680330753326416,1.0,0.8392394185066223
29231,0.304931640625,0.36818167567253113,1.0,0.9239873290061951
29232,0.304931640625,0.3371116518974304,1.0,0.6457481980323792
29233,0.0,0.0162760429084301,0.0,0.14201906323432922
29234,0.947998046875,0.9524114727973938,0.8348100185394287,0.8426421880722046
29235,0.953369140625,0.9548407793045044,1.0,0.9202350974082947
29236,0.580322265625,0.6272229552268982,0.86592036485672,0.9316174387931824
29237,0.393798828125,0.44099169969558716,0.5977610945701599,0.6759023070335388
29238,0.953369140625,0.9569801092147827,0.912726640701294,0.8439570665359497
29239,0.304931640625,0.3417570888996124,1.0,0.795924723148346
29240,0.967041015625,0.9674933552742004,0.9284793138504028,0.9760313034057617
29241,0.967041015625,0.9673559069633484,0.9284793138504028,0.8237913846969604
29242,0.9444172978401184,0.949620246887207,0.8315341472625732,0.7982040047645569
29243,0.968017578125,0.9680570960044861,1.0,0.8606339693069458
29244,0.968017578125,0.9680545330047607,1.0,0.9246801733970642
29245,0.940673828125,0.947012186050415,0.7038999795913696,0.6534731388092041
29246,0.968017578125,0.968054473400116,1.0,0.9246801733970642
29247,0.968017578125,0.968038022518158,1.0,0.911179780960083
29248,0.968017578125,0.968048095703125,1.0,0.8510618805885315
29249,0.956298828125,0.9600167870521545,1.0,0.8532103896141052
29250,0.968017578125,0.9680526256561279,1.0,0.8953455686569214
29251,0.956298828125,0.9603090882301331,0.8195018768310547,0.8532865643501282
29252,0.968017578125,0.968038022518158,1.0,0.7897375822067261
29253,0.9668782353401184,0.9672370553016663,0.892719030380249,0.7973240613937378
29254,0.968017578125,0.9680553674697876,1.0,0.8550390601158142
29255,0.9673665165901184,0.9678909778594971,0.8748590350151062,0.8329577445983887
29256,0.956298828125,0.9600167870521545,1.0,0.8532103896141052
29257,0.956298828125,0.9596559405326843,1.0,0.8465020060539246
29258,0.940673828125,0.949298083782196,0.7038999795913696,0.6531295776367188
29259,0.9507649540901184,0.9531598091125488,0.974961519241333,0.8577260971069336
29260,0.940673828125,0.949298083782196,0.7038999795913696,0.6531295776367188
29261,0.968017578125,0.9680395722389221,1.0,0.8268954753875732
29262,0.9507649540901184,0.9539937376976013,0.8898733854293823,0.8671624660491943
29263,0.0625,0.0625,1.0,1.0
29265,0.0625,0.0625,1.0,1.0
29266,0.393798828125,0.4440506398677826,0.8579513430595398,0.9162663817405701
29267,0.110107421875,0.17145399749279022,0.5158474445343018,0.8032286167144775
29268,0.946533203125,0.9520063400268555,0.8793432712554932,0.9248625040054321
29269,0.304931640625,0.3687254786491394,1.0,0.8783032298088074
29270,0.146728515625,0.22582530975341797,0.48975956439971924,0.5755608677864075
29271,0.0,0.0,0.0,0.0
29272,0.23828125,0.2596888542175293,0.7039180994033813,0.4907991886138916
29273,0.05078125,0.0808488130569458,0.5307212471961975,0.6222991347312927
29274,0.946533203125,0.953170657157898,0.8026000261306763,0.9040060639381409
29275,0.946533203125,0.9532899260520935,0.6577322483062744,0.8021191358566284
29276,0.02083333395421505,0.0354817733168602,0.23463936150074005,0.4367467164993286
29277,0.228759765625,0.2891795039176941,0.6461858153343201,0.6639454960823059
29278,0.606689453125,0.6336912512779236,1.0,0.818566620349884
29279,0.518798828125,0.572086751461029,0.8046129941940308,0.9345254898071289
29280,0.9507649540901184,0.9541170597076416,0.8898733854293823,0.8599450588226318
29281,0.940673828125,0.9436906576156616,1.0,0.9844114780426025
29282,0.2774251401424408,0.3541276454925537,0.8435737490653992,0.8698739409446716
29283,0.304931640625,0.38749492168426514,0.6151177287101746,0.823077917098999
29284,0.08203125,0.088897705078125,0.7039180994033813,0.3995688855648041
29285,0.0,0.0502115897834301,0.0,0.21914269030094147
29286,0.946533203125,0.9524856209754944,0.8026000261306763,0.7249427437782288
29287,0.466064453125,0.5833708643913269,0.35480669140815735,0.6543070077896118
29288,0.968017578125,0.9680768847465515,1.0,0.9226059913635254
29289,0.02083333395421505,0.02669270895421505,0.23463936150074005,0.18546617031097412
29290,0.02083333395421505,0.0600179061293602,0.12103812396526337,0.42868107557296753
29291,0.9673665165901184,0.9678187370300293,0.8748590350151062,0.8623023629188538
29292,0.365234375,0.456253319978714,0.4972013831138611,0.711787223815918
29293,0.606689453125,0.6354867219924927,1.0,0.9683957099914551
29294,0.499755859375,0.5460304021835327,0.9037794470787048,0.9568990468978882
29295,0.0,0.0,0.0,0.0
29296,0.197998046875,0.23433706164360046,0.6871474981307983,0.8379316329956055
29297,0.946533203125,0.95241379737854,0.8793432712554932,0.9346464276313782
29298,0.9388020634651184,0.9412285685539246,0.8427215218544006,0.8252450227737427
29299,0.260498046875,0.32120534777641296,0.8026120662689209,0.7411832213401794
29300,0.9375,0.9388427734375,0.8155369758605957,0.8033996820449829
29301,0.166259765625,0.2690730392932892,0.2626707851886749,0.5615020990371704
29302,0.580322265625,0.6116165518760681,1.0,0.9333473443984985
29303,0.304931640625,0.37012097239494324,0.6151177287101746,0.7744298577308655
29304,0.0625,0.12534180283546448,0.23463936150074005,0.38571876287460327
29305,0.0,0.0,0.0,0.0
29306,0.08203125,0.20083393156528473,0.14433082938194275,0.40655118227005005
29307,0.560546875,0.56549072265625,0.9580413699150085,0.9595049619674683
29308,0.228759765625,0.2981584668159485,0.3974803686141968,0.625133752822876
29309,0.110107421875,0.17919039726257324,0.3333333134651184,0.6685546040534973
29310,0.03125,0.13918337225914001,0.060708411037921906,0.3984763026237488
29311,0.940673828125,0.9470975995063782,0.5768473744392395,0.6451244950294495
29312,0.228759765625,0.2777877151966095,0.7660098671913147,0.9154690504074097
29313,0.556884765625,0.6001527309417725,0.8308104276657104,0.865754246711731
29314,0.9444172978401184,0.9558618664741516,0.6698823571205139,0.8600127100944519
29315,0.946533203125,0.9517456293106079,0.8793432712554932,0.867417573928833
29316,0.967041015625,0.967823326587677,0.8122885227203369,0.8986746668815613
29317,0.2774251401424408,0.35155630111694336,0.8435737490653992,0.9669082164764404
29318,0.606689453125,0.6417990922927856,1.0,0.9188462495803833
29319,0.110107421875,0.1588565558195114,1.0,1.0
29320,0.197998046875,0.26065748929977417,0.6871474981307983,0.6192265748977661
29321,0.946533203125,0.9513986110687256,0.8793432712554932,0.8348284959793091
29322,0.2774251401424408,0.3366049528121948,0.8435737490653992,0.7387689352035522
29323,0.110107421875,0.23015230894088745,0.20503923296928406,0.49801310896873474
29324,0.0625,0.12772440910339355,0.23463936150074005,0.4745897650718689
29325,0.110107421875,0.16273626685142517,0.3333333134651184,0.4996657073497772
29326,0.23828125,0.2847157120704651,0.7039180994033813,0.7015017867088318
29327,0.701904296875,0.706049382686615,0.8110315203666687,0.8158173561096191
29328,0.946533203125,0.9510929584503174,1.0,0.9191865921020508
29329,0.304931640625,0.3706929087638855,1.0,0.9035650491714478
29330,0.1875,0.23019680380821228,0.4692787230014801,0.4069407880306244
29331,0.968017578125,0.9680545926094055,1.0,0.9245778322219849
29332,0.956298828125,0.9590254426002502,1.0,0.9206519722938538
29333,0.499755859375,0.5227844715118408,1.0,0.9732779264450073
29334,0.304931640625,0.3712456524372101,1.0,0.8881549835205078
29335,0.197998046875,0.23267847299575806,0.6871474981307983,0.6054343581199646
29336,0.966796875,0.9668317437171936,0.9422276020050049,0.8924224376678467
29337,0.2774251401424408,0.33204638957977295,0.5188971757888794,0.5239993929862976
29338,0.580322265625,0.6135587692260742,1.0,0.9669220447540283
29339,0.228759765625,0.27524229884147644,0.6461858153343201,0.5710861086845398
29340,0.263671875,0.3206470310688019,0.4707868993282318,0.5824495553970337
29341,0.02083333395421505,0.07629901170730591,0.09271639585494995,0.37315481901168823
29342,0.393798828125,0.41138190031051636,0.8579513430595398,0.7963603138923645
29343,0.966796875,0.9674144387245178,0.8748388290405273,0.9445315599441528
29344,0.0,0.0,0.0,0.0
29345,0.110107421875,0.16842377185821533,0.5158474445343018,0.7590531706809998
29346,0.2774251401424408,0.34437698125839233,0.5188971757888794,0.6006085276603699
29347,0.567138671875,0.6030241250991821,0.9225797057151794,0.8605207204818726
29348,0.260498046875,0.29238301515579224,0.8026120662689209,0.6080896854400635
29349,0.706298828125,0.7093157768249512,0.871160089969635,0.8925821781158447
29350,0.374755859375,0.4161103367805481,0.6128985285758972,0.7531120181083679
29351,0.0,0.054920051246881485,0.0,0.27206286787986755
29352,0.968017578125,0.9680553674697876,1.0,0.9506775140762329
29353,0.110107421875,0.13491976261138916,1.0,0.970543622970581
29354,0.606689453125,0.6343720555305481,1.0,0.8611506819725037
29355,0.957763671875,0.9582262635231018,0.8908864855766296,0.9106264710426331
29356,0.0625,0.10997560620307922,0.1854327917098999,0.3866617977619171
29357,0.02083333395421505,0.05410512536764145,0.12103812396526337,0.36450469493865967
29358,0.940673828125,0.9426069259643555,1.0,0.9319565296173096
29359,0.466064453125,0.504737138748169,0.7823625802993774,0.6679578423500061
29360,0.228759765625,0.290599524974823,0.6461858153343201,0.6615177392959595
29361,0.166259765625,0.21223627030849457,0.6291344165802002,0.7818946838378906
29362,0.304931640625,0.3987914025783539,0.4285714626312256,0.7054707407951355
29363,0.2774251401424408,0.3484099805355072,0.8435737490653992,0.8176084756851196
29364,0.3599446713924408,0.41323259472846985,0.5626510977745056,0.7598851919174194
29365,0.9444172978401184,0.9495896697044373,0.9456308484077454,0.9009241461753845
29366,0.943115234375,0.9523285627365112,0.6597968339920044,0.8536684513092041
29367,0.08203125,0.15090082585811615,0.3631143569946289,0.7161753177642822
29368,0.393798828125,0.4656352400779724,0.38908666372299194,0.7188323140144348
29369,0.946533203125,0.9509735107421875,0.8793432712554932,0.8175848126411438
29370,0.0,0.015625,0.0,0.43067657947540283
29371,0.518798828125,0.5682789087295532,0.6967307925224304,0.7905182838439941
29372,0.94140625,0.9452661871910095,0.7888506054878235,0.7136654257774353
29373,0.05078125,0.0718710720539093,0.5307212471961975,0.5734133124351501
29374,0.2774251401424408,0.32068419456481934,0.8435737490653992,0.6347121000289917
29375,0.967041015625,0.9672288298606873,1.0,0.945519208908081
29376,0.951904296875,0.9570304751396179,0.8690900206565857,0.7607986330986023
29377,0.44921875,0.5166345834732056,0.5027986764907837,0.7723745107650757
29378,0.23828125,0.3055304288864136,0.7039180994033813,0.7228912115097046
29379,0.16796875,0.19873391091823578,0.3974803686141968,0.475986123085022
29380,0.110107421875,0.15885654091835022,1.0,1.0
29381,0.943359375,0.9455077052116394,0.9184463024139404,0.779187023639679
29382,0.091796875,0.11313703656196594,0.7653606534004211,0.5743372440338135
29383,0.08203125,0.1144561767578125,0.23463936150074005,0.2968572974205017
29384,0.03125,0.0542399063706398,0.09869397431612015,0.22774510085582733
29385,0.219970703125,0.27794599533081055,0.397238165140152,0.4892069101333618
29386,0.260498046875,0.3197362422943115,0.397238165140152,0.47444042563438416
29387,0.499755859375,0.525917112827301,0.9037794470787048,0.6701452136039734
29388,0.110107421875,0.19412468373775482,0.3333333134651184,0.5094566941261292
29389,0.02083333395421505,0.051074348390102386,0.23463936150074005,0.44044771790504456
29390,0.2774251401424408,0.32010453939437866,0.8435737490653992,0.692453920841217
29391,0.091796875,0.12120422720909119,0.7653606534004211,0.6531467437744141
29392,0.967041015625,0.9675266146659851,0.9284793138504028,0.9658642411231995
29393,0.943115234375,0.9466596841812134,0.9313938021659851,0.8748788237571716
29394,0.968017578125,0.9680477380752563,1.0,0.9668996334075928
29395,0.9375,0.9463239312171936,0.6008664965629578,0.8184072375297546
29396,0.2774251401424408,0.35187891125679016,0.8435737490653992,0.8069846630096436
29397,0.393798828125,0.4532300531864166,0.5977610945701599,0.6099445223808289
29398,0.9673665165901184,0.9678961038589478,0.8748590350151062,0.8622912764549255
29399,0.393798828125,0.4499970078468323,0.690318763256073,0.8722278475761414
29400,0.946533203125,0.9521167278289795,0.8793432712554932,0.9103614091873169
29401,0.946533203125,0.9508100748062134,1.0,0.9160420894622803
29402,0.959228515625,0.9597436189651489,0.8722942471504211,0.8743443489074707
29403,0.2044270783662796,0.22258980572223663,0.6490147709846497,0.5950627326965332
29404,0.606689453125,0.62957763671875,1.0,0.8005390167236328
29405,0.304931640625,0.3573404550552368,1.0,0.8318476676940918
29406,0.0625,0.0625,1.0,1.0
29407,0.9668782353401184,0.9673749208450317,0.892719030380249,0.9139622449874878
29408,0.304931640625,0.3691786527633667,1.0,0.8645073771476746
29409,0.304931640625,0.373099148273468,1.0,0.9134166836738586
29410,0.0625,0.11398755013942719,0.4692787230014801,0.7341799736022949
29411,0.567138671875,0.5925639271736145,0.7988805174827576,0.7106400728225708
29412,0.0,0.0,0.0,0.0
29413,0.304931640625,0.3621371388435364,1.0,0.8463507890701294
29414,0.499755859375,0.535679042339325,0.7271926999092102,0.6524016857147217
29415,0.0625,0.0848541259765625,0.24207624793052673,0.37188053131103516
29416,0.580322265625,0.6121833324432373,1.0,0.9616110324859619
29417,0.9507649540901184,0.9527643918991089,0.7292529344558716,0.6657706499099731
29419,0.956298828125,0.9589489102363586,1.0,0.9437211155891418
29420,0.304931640625,0.37422850728034973,1.0,0.9751036763191223
29421,0.09375,0.13299435377120972,0.4581993520259857,0.5628467202186584
29422,0.260498046875,0.3140852749347687,0.8026120662689209,0.6833396553993225
29423,0.304931640625,0.36388373374938965,1.0,0.8485586047172546
29424,0.02083333395421505,0.02083333395421505,0.5,0.5
29425,0.580322265625,0.6241828203201294,0.86592036485672,0.987483561038971
29426,0.962158203125,0.9624449014663696,0.9625431895256042,0.9078911542892456
29427,0.606689453125,0.6400583386421204,1.0,0.8690516352653503
29428,0.110107421875,0.1483735889196396,1.0,0.9052116274833679
29429,0.567138671875,0.6167521476745605,0.7988805174827576,0.7963249087333679
29430,0.956298828125,0.9580978155136108,1.0,0.9044962525367737
29431,0.228759765625,0.2800588309764862,0.6461858153343201,0.6906030774116516
29432,0.956298828125,0.9595717191696167,0.8195018768310547,0.8723394274711609
29434,0.499755859375,0.5584545135498047,0.629690945148468,0.8013659715652466
29435,0.08203125,0.0946197509765625,0.7039180994033813,0.5353519320487976
29436,0.0625,0.08916473388671875,0.4692787230014801,0.4479321837425232
29437,0.712158203125,0.7125157713890076,0.8569586873054504,0.8707172870635986
29438,0.488037109375,0.49724245071411133,0.9721211791038513,0.8344194293022156
29439,0.946533203125,0.9504003524780273,1.0,0.8891763687133789
29440,0.110107421875,0.17982250452041626,0.3333333134651184,0.6138166189193726
29441,0.2774251401424408,0.33798936009407043,0.8435737490653992,0.753318727016449
29442,0.304931640625,0.3732230067253113,1.0,0.9477344751358032
29443,0.304931640625,0.35963985323905945,1.0,0.8382547497749329
29444,0.0,0.0078125,0.0,0.31546488404273987
29445,0.1458333432674408,0.15286459028720856,0.37262624502182007,0.39567017555236816
29446,0.091796875,0.11411285400390625,0.7653606534004211,0.9438661336898804
29447,0.228759765625,0.2787454128265381,0.7660098671913147,0.919167697429657
29448,0.146728515625,0.2506999969482422,0.2098969668149948,0.4366499185562134
29450,0.9668782353401184,0.9672516584396362,0.9614850282669067,0.8879848718643188
29451,0.304931640625,0.37751758098602295,1.0,1.0
29452,0.959228515625,0.9595868587493896,0.9394869804382324,0.8922392725944519
29453,0.228759765625,0.27356940507888794,0.6461858153343201,0.7060575485229492
29454,0.146728515625,0.1872221976518631,0.48975956439971924,0.4015127420425415
29455,0.580322265625,0.6202407479286194,0.86592036485672,0.7541370391845703
29456,0.9444172978401184,0.9459530115127563,1.0,0.9961550831794739
29457,0.212890625,0.26350438594818115,0.5679726600646973,0.5906099081039429
29458,0.9444172978401184,0.9467997550964355,0.9456308484077454,0.855049192905426
29459,0.9444172978401184,0.9479617476463318,0.8315341472625732,0.7287612557411194
29460,0.0,0.0,0.0,0.0
29461,0.23828125,0.28686583042144775,0.7039180994033813,0.7362070679664612
29462,0.3599446713924408,0.40879592299461365,0.5626510977745056,0.7112855315208435
29463,0.166259765625,0.21959009766578674,0.6291344165802002,0.8058580756187439
29464,0.953369140625,0.9571377038955688,0.912726640701294,0.9032103419303894
29465,0.304931640625,0.3355218768119812,1.0,0.7731133699417114
29466,0.951904296875,0.9598512649536133,0.7122209072113037,0.9307989478111267
29467,0.110107421875,0.13263797760009766,0.3951442539691925,0.3922725319862366
29468,0.956298828125,0.9589749574661255,1.0,1.0
29469,0.261474609375,0.32284867763519287,0.4285714626312256,0.5209436416625977
29470,0.110107421875,0.14537939429283142,0.5158474445343018,0.5842956304550171
29471,0.9668782353401184,0.9673261046409607,0.892719030380249,0.8926282525062561
29472,0.940673828125,0.9472535252571106,0.7038999795913696,0.7137255668640137
29473,0.946533203125,0.9514122009277344,0.8793432712554932,0.8428886532783508
29474,0.9375,0.9413332939147949,0.8155369758605957,0.7210947275161743
29475,0.2774251401424408,0.34684982895851135,0.8435737490653992,0.778550922870636
29476,0.953369140625,0.955933153629303,0.912726640701294,0.7100446224212646
29478,0.05078125,0.11965082585811615,0.17690707743167877,0.4902963936328888
29479,0.1106770858168602,0.16712744534015656,0.37429505586624146,0.44992581009864807
29480,0.966796875,0.9669961929321289,0.9422276020050049,0.9514192342758179
29481,0.962158203125,0.9626940488815308,0.8420895934104919,0.8949043154716492
29482,0.2774251401424408,0.3067163825035095,0.8435737490653992,0.7860459089279175
29483,0.9444172978401184,0.9502627849578857,0.8315341472625732,0.8383959531784058
29484,0.956298828125,0.9597959518432617,1.0,0.8083811402320862
29485,0.9507649540901184,0.954465925693512,0.8898733854293823,0.7972714900970459
29486,0.304931640625,0.36178529262542725,1.0,0.8077453374862671
29487,0.499755859375,0.5181027054786682,0.9037794470787048,0.8268876075744629
29488,0.606689453125,0.6271028518676758,1.0,0.9329198598861694
29489,0.9444172978401184,0.9509477615356445,0.6219719052314758,0.6607605218887329
29490,0.9673665165901184,0.9678083062171936,0.8748590350151062,0.8720252513885498
29491,0.431884765625,0.47398701310157776,0.7318407297134399,0.6821156740188599
29492,0.956298828125,0.9599087834358215,1.0,0.8736148476600647
29493,0.2774251401424408,0.3503403067588806,0.8435737490653992,0.7877872586250305
29494,0.263671875,0.3154006004333496,0.7653606534004211,0.5927162766456604
29495,0.9673665165901184,0.9676933288574219,1.0,0.830903172492981
29496,0.556884765625,0.6039034128189087,0.8308104276657104,0.8898109197616577
29497,0.304931640625,0.37751761078834534,0.6151177287101746,0.7731227278709412
29498,0.304931640625,0.3839990794658661,0.6151177287101746,0.8487484455108643
29499,0.0625,0.10422182083129883,0.09622055292129517,0.18868812918663025
29500,0.9668782353401184,0.9670949578285217,0.9614850282669067,0.9647596478462219
29501,0.304931640625,0.3732230067253113,1.0,0.9477344751358032
29502,0.304931640625,0.3584328889846802,1.0,0.801315188407898
29503,0.263671875,0.33526304364204407,0.7653606534004211,0.7744963765144348
29504,0.488037109375,0.5658881068229675,0.6121358871459961,0.7676194906234741
29505,0.466064453125,0.5210766792297363,0.7823625802993774,0.8893621563911438
29506,0.166259765625,0.20726731419563293,0.5307213068008423,0.484076589345932
29507,0.940673828125,0.9489561319351196,0.7038999795913696,0.902597188949585
29508,0.23828125,0.30019718408584595,0.7039180994033813,0.5994516611099243
29509,0.957763671875,0.9584407806396484,0.7236568927764893,0.6129390597343445
29510,0.946533203125,0.9495697021484375,1.0,0.9074258804321289
29511,0.556884765625,0.6064248085021973,0.8308104276657104,0.8057034611701965
29512,0.260498046875,0.33583617210388184,0.8026120662689209,0.8088720440864563
29513,0.518798828125,0.5419409871101379,1.0,0.8568070530891418
29514,0.556884765625,0.595791220664978,0.8308104276657104,0.7150905132293701
29515,0.953369140625,0.9567039608955383,0.912726640701294,0.9049854278564453
29516,0.2774251401424408,0.35603466629981995,0.4175114035606384,0.6323670148849487
29518,0.23046875,0.3257944881916046,0.214540034532547,0.4503597915172577
29519,0.228759765625,0.30203840136528015,0.3974803686141968,0.547190248966217
29520,0.304931640625,0.36840879917144775,1.0,0.896950364112854
29521,0.110107421875,0.22264263033866882,0.1428571492433548,0.45844894647598267
29522,0.9507649540901184,0.9551230072975159,0.7292529344558716,0.7134829759597778
29523,0.1106770858168602,0.14233483374118805,0.37429505586624146,0.442183256149292
29524,0.304931640625,0.3655247092247009,1.0,0.8926382660865784
29525,0.110107421875,0.155360147356987,1.0,0.9363793134689331
29526,0.300537109375,0.33243733644485474,0.6655102372169495,0.784164309501648
29527,0.953369140625,0.958971381187439,0.7479812502861023,0.8393043875694275
29528,0.956298828125,0.9586260914802551,1.0,0.9714352488517761
29529,0.304931640625,0.3325817584991455,1.0,0.756607174873352
29530,0.304931640625,0.3575446307659149,1.0,0.8337581157684326
29531,0.110107421875,0.14018169045448303,1.0,0.7273299098014832
29532,0.0625,0.06982421875,0.1854327917098999,0.16853225231170654
29533,0.0625,0.17236328125,0.06199270486831665,0.3461000621318817
29534,0.580322265625,0.6066931486129761,0.5636333227157593,0.5862947106361389
29535,0.0625,0.1064453125,0.27541154623031616,0.6312515139579773
29536,0.946533203125,0.9517863988876343,1.0,0.9722045660018921
29537,0.0,0.012500000186264515,0.0,0.23719771206378937
29538,0.606689453125,0.640984058380127,1.0,0.9065616130828857
29539,0.0,0.0284423828125,0.0,0.24332062900066376
29540,0.260498046875,0.32106226682662964,0.8026120662689209,0.9431614875793457
29541,0.166259765625,0.2532652020454407,0.5307213068008423,0.6641305088996887
29542,0.110107421875,0.13668644428253174,1.0,0.7116180062294006
29543,0.943115234375,0.9474765062332153,0.9313938021659851,0.9705959558486938
29544,0.946533203125,0.9518572092056274,0.8793432712554932,0.858893096446991
29545,0.1875,0.2355702519416809,0.4692787230014801,0.5184274315834045
29546,0.2774251401424408,0.33533674478530884,0.8435737490653992,0.7200984358787537
29547,0.0625,0.0833740234375,0.4692787230014801,0.5911765694618225
29548,0.606689453125,0.6270554065704346,1.0,0.8460198044776917
29549,0.228759765625,0.28209012746810913,0.6461858153343201,0.7981675863265991
29550,0.567138671875,0.597461462020874,0.7988805174827576,0.7671241164207458
29551,0.304931640625,0.36630892753601074,1.0,0.8566545844078064
29552,0.580322265625,0.619228720664978,0.86592036485672,0.9037623405456543
29553,0.571533203125,0.57513028383255,0.7592076063156128,0.712774932384491
29554,0.146728515625,0.2116996794939041,0.48975956439971924,0.6478403806686401
29555,0.0,0.03838784247636795,0.0,0.28479206562042236
29556,0.0,0.0234375,0.0,0.17549261450767517
29557,0.02083333395421505,0.0354817733168602,0.3065735995769501,0.5706417560577393
29558,0.304931640625,0.35529839992523193,1.0,0.81053227186203
29559,0.968017578125,0.9680253863334656,1.0,0.9442729949951172
29560,0.146728515625,0.224747434258461,0.48975956439971924,0.6075001358985901
29562,0.261474609375,0.3195827603340149,0.4285714626312256,0.6352925300598145
29563,0.606689453125,0.6200470924377441,1.0,0.8246907591819763
29564,0.110107421875,0.16929864883422852,0.5158474445343018,0.7962373495101929
29565,0.518798828125,0.5751911401748657,0.8046129941940308,0.8804708123207092
29566,0.946533203125,0.95241379737854,0.8793432712554932,0.9346464276313782
29567,0.956298828125,0.9610402584075928,0.8195018768310547,0.9045755863189697
29568,0.946533203125,0.9509336352348328,1.0,0.9160073399543762
29569,0.518798828125,0.5590458512306213,1.0,0.8937662243843079
29570,0.959228515625,0.9596409201622009,0.8722942471504211,0.8331446647644043
29571,0.953369140625,0.9575685262680054,0.912726640701294,0.9415602087974548
29572,0.946533203125,0.9524856209754944,0.8026000261306763,0.7249427437782288
29573,0.968017578125,0.9680553078651428,1.0,0.8319172263145447
29574,0.946533203125,0.9517456293106079,0.8793432712554932,0.867417573928833
29575,0.946533203125,0.9532899260520935,0.6577322483062744,0.8021191358566284
29576,0.968017578125,0.9680545926094055,1.0,0.9245778322219849
29577,0.943115234375,0.9467339515686035,0.819014847278595,0.7360751032829285
29578,0.962158203125,0.9624558687210083,0.9625431895256042,0.9682215452194214
29579,0.946533203125,0.9509336352348328,1.0,0.9160073399543762
29580,0.951904296875,0.9573895931243896,0.8690900206565857,0.8094969987869263
29581,0.951904296875,0.9568352103233337,0.8690900206565857,0.9052074551582336
29582,0.968017578125,0.9680553078651428,1.0,0.8319172263145447
29583,0.946533203125,0.9532899260520935,0.6577322483062744,0.8021191358566284
29584,0.968017578125,0.9680545926094055,1.0,0.9245778322219849
29585,0.943115234375,0.9467339515686035,0.819014847278595,0.7360751032829285
29586,0.957763671875,0.9582453966140747,0.8271697163581848,0.8297300934791565
29587,0.9507649540901184,0.9551184177398682,0.8898733854293823,0.9284847974777222
29588,0.946533203125,0.9532899260520935,0.6577322483062744,0.8021191358566284
29589,0.968017578125,0.9680435657501221,1.0,0.9450845718383789
29590,0.967041015625,0.9675301909446716,0.9284793138504028,0.9694643616676331
29591,0.968017578125,0.9680598974227905,1.0,0.9318236708641052
29592,0.953369140625,0.9575685262680054,0.912726640701294,0.9415602087974548
29593,0.943115234375,0.9467339515686035,0.819014847278595,0.7360751032829285
29594,0.968017578125,0.9680598974227905,1.0,0.9318236708641052
29595,0.968017578125,0.9680553078651428,1.0,0.8319172263145447
29596,0.9673665165901184,0.9677472710609436,1.0,0.9385891556739807
29597,0.943359375,0.9467946887016296,0.9184463024139404,0.8587933778762817
29598,0.943115234375,0.947292685508728,0.9313938021659851,0.8794535994529724
29599,0.9444172978401184,0.9473240971565247,0.9456308484077454,0.9145392179489136
29600,0.228759765625,0.3115110993385315,0.6461858153343201,0.7067535519599915
29601,0.260498046875,0.3304131329059601,0.8026120662689209,0.8000632524490356
29602,0.0625,0.0625,1.0,1.0
29603,0.0,0.025390625,0.0,0.30718371272087097
29604,0.9388020634651184,0.9410849213600159,0.9608869552612305,0.9125133156776428
29605,0.0625,0.0625,1.0,1.0
29606,0.212890625,0.292868435382843,0.5679726600646973,0.6778475046157837
29607,0.9668782353401184,0.9673813581466675,0.892719030380249,0.9161948561668396
29608,0.0625,0.0801130011677742,0.4692787230014801,0.46441468596458435
29609,0.967041015625,0.9673884510993958,0.9284793138504028,0.7865481376647949
29610,0.110107421875,0.2165602594614029,0.3333333134651184,0.6210790872573853
29611,0.08203125,0.0898786261677742,0.7039180994033813,0.5547710657119751
29612,0.0,0.02775878831744194,0.0,0.2837066650390625
29613,0.499755859375,0.517499566078186,0.9037794470787048,0.8638810515403748
29615,0.940673828125,0.9447636008262634,0.8770246505737305,0.8316876888275146
29616,0.05078125,0.0733284056186676,0.5307212471961975,0.7244241833686829
29617,0.110107421875,0.15885654091835022,1.0,1.0
29618,0.946533203125,0.9527245163917542,0.8026000261306763,0.8582659363746643
29619,0.110107421875,0.14548586308956146,1.0,0.796761155128479
29620,0.110107421875,0.207076296210289,0.16497723758220673,0.4221145808696747
29621,0.091796875,0.20499618351459503,0.1093372330069542,0.3119155466556549
29622,0.110107421875,0.1588565558195114,1.0,1.0
29623,0.2774251401424408,0.35883426666259766,0.36153164505958557,0.6217145323753357
29624,0.9668782353401184,0.9670628309249878,0.9614850282669067,0.8992263674736023
29627,0.2774251401424408,0.3479163646697998,0.5188971757888794,0.6023969650268555
29628,0.9444172978401184,0.9529568552970886,0.7589633464813232,0.9002760052680969
29629,0.953369140625,0.958512008190155,0.912726640701294,0.950348973274231
29630,0.110107421875,0.1549457609653473,1.0,0.9337458610534668
29632,0.260498046875,0.3140852451324463,0.8026120662689209,0.7163835167884827
29634,0.304931640625,0.36582908034324646,1.0,0.8943939805030823
29635,0.304931640625,0.3656376004219055,1.0,0.8350183367729187
29636,0.2774251401424408,0.35607996582984924,0.8435737490653992,0.8400527834892273
29637,0.0625,0.11202528327703476,0.4692787230014801,0.6777278184890747
29638,0.197998046875,0.2649499177932739,0.6871474981307983,0.7034966349601746
29639,0.08203125,0.1340303272008896,0.7039180994033813,0.8611376285552979
29640,0.260498046875,0.3081101179122925,0.8026120662689209,0.6248785257339478
29641,0.260498046875,0.3165833652019501,0.8026120662689209,0.7600064873695374
29642,0.110107421875,0.1839750111103058,0.3333333134651184,0.5915012359619141
29643,0.150390625,0.24503985047340393,0.4525081515312195,0.6333180069923401
29644,0.166259765625,0.24816535413265228,0.5307213068008423,0.7344738245010376
29645,0.3599446713924408,0.4171879291534424,0.5626510977745056,0.6119799613952637
29646,0.228759765625,0.32539787888526917,0.6461858153343201,0.8340610861778259
29647,0.567138671875,0.5834296345710754,1.0,0.979826807975769
29648,0.304931640625,0.37751761078834534,1.0,1.0
29649,0.110107421875,0.21766901016235352,0.10187789052724838,0.2952156960964203
29650,0.518798828125,0.5537036061286926,1.0,0.8691353797912598
29651,0.263671875,0.30819636583328247,0.7653606534004211,0.742357611656189
29652,0.0,0.012500000186264515,0.0,0.08480626344680786
29653,0.304931640625,0.37751758098602295,1.0,1.0
29654,0.1875,0.22089633345603943,0.4692787230014801,0.5533183813095093
29655,0.968017578125,0.9680426120758057,1.0,0.8824729323387146
29656,0.556884765625,0.5993203520774841,0.8308104276657104,0.8644670844078064
29657,0.08203125,0.11266475915908813,0.7039180994033813,0.8653081059455872
29658,0.9466145634651184,0.9502537846565247,0.6615661382675171,0.7894755601882935
29659,0.110107421875,0.14882832765579224,0.5158474445343018,0.595744252204895
29660,0.304931640625,0.38094016909599304,0.49493172764778137,0.6839113831520081
29661,0.946533203125,0.9508649706840515,1.0,0.8966304659843445
29662,0.946533203125,0.9500582218170166,1.0,0.8655447959899902
29663,0.953369140625,0.9580057263374329,0.912726640701294,0.8770663738250732
29664,0.08203125,0.10160064697265625,0.27814918756484985,0.2873721718788147
29665,0.110107421875,0.17982250452041626,0.3333333134651184,0.5591228008270264
29667,0.466064453125,0.5098937749862671,0.7823625802993774,0.8449210524559021
29668,0.946533203125,0.9530875086784363,0.8793432712554932,0.9216587543487549
29669,0.953369140625,0.9571751356124878,0.7479812502861023,0.7497357130050659
29670,0.2774251401424408,0.320597767829895,0.8435737490653992,0.6017579436302185
29671,0.9668782353401184,0.967094898223877,0.9614850282669067,0.8391620516777039
29672,0.503173828125,0.5058965682983398,0.4784300625324249,0.4693393409252167
29673,0.03125,0.03125,0.38685283064842224,0.38685283064842224
29674,0.08203125,0.1735973060131073,0.23463936150074005,0.6612304449081421
29675,0.580322265625,0.6282379627227783,0.86592036485672,0.9810450673103333
29676,0.146728515625,0.20924167335033417,0.48975956439971924,0.5680596232414246
29677,0.05078125,0.07669904828071594,0.5307212471961975,0.480681449174881
29678,0.02083333395421505,0.06760606169700623,0.07821311801671982,0.2637619972229004
29679,0.393798828125,0.4440506398677826,0.8579513430595398,0.9162663817405701
29680,0.228759765625,0.27930063009262085,0.6461858153343201,0.7207068204879761
29681,0.228759765625,0.2532408833503723,1.0,0.8372384905815125
29682,0.304931640625,0.37751758098602295,1.0,1.0
29684,0.374755859375,0.4334094226360321,0.6128985285758972,0.7990942001342773
29685,0.304931640625,0.35417619347572327,0.4285714626312256,0.45075103640556335
29686,0.2774251401424408,0.341934472322464,0.8435737490653992,0.7305077910423279
29687,0.946533203125,0.9508495926856995,0.8793432712554932,0.8082853555679321
29688,0.947998046875,0.9510577917098999,0.9146330952644348,0.8733527064323425
29689,0.946533203125,0.9509966373443604,1.0,0.9203476905822754
29690,0.9673665165901184,0.9677117466926575,1.0,0.9400159120559692
29691,0.968017578125,0.9680770635604858,1.0,0.9859181046485901
29692,0.197998046875,0.27333614230155945,0.6871474981307983,0.7547191977500916
29693,0.0,0.02734375,0.0,0.5012658834457397
29694,0.228759765625,0.29209357500076294,0.6461858153343201,0.5892724990844727
29695,0.1875,0.2255859375,0.4692787230014801,0.4852285385131836
29696,0.518798828125,0.5690506100654602,1.0,1.0
29697,0.304931640625,0.37751758098602295,1.0,1.0
29698,0.580322265625,0.6225741505622864,0.86592036485672,0.8222697973251343
29699,0.228759765625,0.28525790572166443,0.7660098671913147,0.9059832692146301
29700,0.166259765625,0.19197621941566467,0.8213136792182922,0.72763592004776
29701,0.0,0.0351911261677742,0.0,0.3163449168205261
29702,0.166259765625,0.22892117500305176,0.5307213068008423,0.579098105430603
29703,0.606689453125,0.6247471570968628,1.0,0.7013270854949951
29705,0.2774251401424408,0.3348804712295532,0.8435737490653992,0.8877785801887512
29706,0.9507649540901184,0.9538670778274536,0.8898733854293823,0.8230825662612915
29707,0.953369140625,0.958305299282074,0.912726640701294,0.7643917202949524
29708,0.110107421875,0.17456188797950745,0.3951442539691925,0.7400690913200378
29709,0.466064453125,0.5257225632667542,0.629499077796936,0.7359184622764587
29710,0.2774251401424408,0.3598068654537201,0.36153164505958557,0.5362229943275452
29711,0.0,0.0069444444961845875,0.0,0.3010300099849701
29712,0.953369140625,0.9561695456504822,0.7479812502861023,0.715329110622406
29713,0.2774251401424408,0.35155630111694336,0.8435737490653992,0.791143536567688
29714,0.110107421875,0.155360147356987,1.0,0.9363793134689331
29715,0.9507649540901184,0.9546453356742859,0.8898733854293823,0.9149578809738159
29716,0.110107421875,0.21663454174995422,0.3333333134651184,0.6384240388870239
29717,0.260498046875,0.3442510664463043,0.49370092153549194,0.7015509009361267
29718,0.0625,0.1055908203125,0.24207624793052673,0.4744437038898468
29719,0.304931640625,0.3633233904838562,1.0,0.9052115678787231
29720,0.304931640625,0.37751758098602295,1.0,1.0
29721,0.560546875,0.5845972299575806,0.8838695287704468,0.7447171807289124
29722,0.518798828125,0.5821530222892761,0.8046129941940308,0.9602560997009277
29723,0.110107421875,0.1588565558195114,1.0,1.0
29724,0.940673828125,0.947281539440155,0.5768473744392395,0.5846316814422607
29725,0.0,0.015625,0.0,0.43067657947540283
29726,0.110107421875,0.155360147356987,1.0,0.9363793134689331
29727,0.946533203125,0.950865626335144,0.8793432712554932,0.8321507573127747
29728,0.304931640625,0.3742768168449402,1.0,0.9510906934738159
29729,0.968017578125,0.9680201411247253,1.0,0.9859274625778198
29730,0.94140625,0.949510931968689,0.7200049757957458,0.6936377882957458
29731,0.304931640625,0.37243956327438354,0.6151177287101746,0.7611986398696899
29732,0.197998046875,0.24504099786281586,0.6871474981307983,0.5858555436134338
29733,0.304931640625,0.34688907861709595,1.0,0.9614894986152649
29734,0.110107421875,0.14018169045448303,1.0,0.7273299098014832
29735,0.110107421875,0.1588565558195114,1.0,1.0
29736,0.2774251401424408,0.3083024322986603,1.0,1.0
29737,0.967041015625,0.9674563407897949,0.9284793138504028,0.9093891978263855
29738,0.9668782353401184,0.9677626490592957,0.7810032963752747,0.8404973149299622
29739,0.1875,0.22512969374656677,0.4692787230014801,0.4472607672214508
29741,0.9507649540901184,0.9548359513282776,0.8898733854293823,0.8612522482872009
29742,0.466064453125,0.5119607448577881,0.7823625802993774,0.7923881411552429
29743,0.953369140625,0.9574697017669678,0.7479812502861023,0.7142630219459534
29744,0.263671875,0.3188520669937134,0.7653606534004211,0.6112492680549622
29745,0.304931640625,0.39308491349220276,0.4285714626312256,0.79671311378479
29746,0.508056640625,0.5148866176605225,0.5334192514419556,0.7026445269584656
29747,0.228759765625,0.27100902795791626,1.0,1.0
29748,0.956298828125,0.9597712159156799,1.0,0.8821945190429688
29749,0.110107421875,0.17273856699466705,0.3333333134651184,0.5482267141342163
29750,0.110107421875,0.19661515951156616,0.3333333134651184,0.4929605722427368
29751,0.05078125,0.05078125,0.6934263706207275,0.6934263706207275
29752,0.304931640625,0.3732230067253113,1.0,0.9477344751358032
29753,0.304931640625,0.36871036887168884,1.0,0.8623893857002258
29754,0.260498046875,0.3314828872680664,0.8026120662689209,0.798397421836853
29755,0.228759765625,0.3160742521286011,0.276936799287796,0.419234961271286
29756,0.0,0.0,0.0,0.0
29757,0.957763671875,0.95828777551651,0.8271697163581848,0.9217731952667236
29758,0.197998046875,0.28542500734329224,0.29449179768562317,0.5530096888542175
29759,0.2044270783662796,0.21794064342975616,0.8472668528556824,0.6669878959655762
29760,0.166259765625,0.23660808801651,0.3612121045589447,0.6527019143104553
29761,0.580322265625,0.6172139048576355,0.86592036485672,0.7954950332641602
29762,0.110107421875,0.1738436073064804,0.3333333134651184,0.4867033362388611
29763,0.968017578125,0.968052327632904,1.0,0.9383358955383301
29764,0.197998046875,0.2612641453742981,0.6871474981307983,0.6948630213737488
29765,0.946533203125,0.9521167278289795,1.0,1.0
29767,0.3599446713924408,0.41343820095062256,0.6497723460197449,0.8103978037834167
29768,0.091796875,0.2016725242137909,0.15692895650863647,0.43392714858055115
29769,0.957763671875,0.9582371115684509,0.7236568927764893,0.7576724886894226
29770,0.110107421875,0.19231176376342773,0.20503923296928406,0.4146174192428589
29771,0.584228515625,0.58492511510849,0.6245770454406738,0.7898903489112854
29772,0.953369140625,0.9569092392921448,1.0,0.9725191593170166
29774,0.967041015625,0.9674381613731384,1.0,0.9625082015991211
29775,0.518798828125,0.591747522354126,0.6967307925224304,0.7507458925247192
29776,0.304931640625,0.341217577457428,1.0,0.898766279220581
29777,0.197998046875,0.23329448699951172,0.6871474981307983,0.5444033741950989
29778,0.260498046875,0.3292308449745178,0.8026120662689209,0.7376261353492737
29779,0.228759765625,0.3151507079601288,0.6461858153343201,0.856970489025116
29781,0.956298828125,0.959606409072876,1.0,0.9802074432373047
29782,0.150390625,0.1662881076335907,0.7002755999565125,0.5776607394218445
29783,0.166259765625,0.2253284603357315,0.5307213068008423,0.5892788767814636
29784,0.260498046875,0.31272584199905396,0.8026120662689209,0.6686326861381531
29785,0.455078125,0.5222194194793701,0.7342523336410522,0.8029415607452393
29786,0.30078125,0.33548882603645325,0.5307213068008423,0.5681784152984619
29787,0.260498046875,0.3055949807167053,0.8026120662689209,0.8259149789810181
29788,0.260498046875,0.32695338129997253,0.397238165140152,0.4854520559310913
29789,0.9673665165901184,0.9678407907485962,0.8748590350151062,0.8660528659820557
29790,0.091796875,0.134521484375,0.20058341324329376,0.4597432017326355
29791,0.08203125,0.22530841827392578,0.11613046377897263,0.563236653804779
29792,0.556884765625,0.5926563739776611,0.8308104276657104,0.8882995843887329
29794,0.946533203125,0.9537858366966248,0.575423002243042,0.6898463368415833
29795,0.110107421875,0.15312796831130981,0.3333333134651184,0.47594937682151794
29796,0.531982421875,0.5633388161659241,0.7462155222892761,0.6550257802009583
29797,0.110107421875,0.15885654091835022,0.3951442539691925,0.5821031928062439
29798,0.9673665165901184,0.9675880670547485,1.0,0.8546807169914246
29799,0.0,0.04137828201055527,0.0,0.5701021552085876
29800,0.956298828125,0.9598918557167053,1.0,0.862056314945221
29801,0.110107421875,0.15022173523902893,1.0,0.9230390191078186
29802,0.03125,0.0513916015625,0.29608193039894104,0.3416424095630646
29803,0.0,0.03750000149011612,0.0,0.23719771206378937
29804,0.150390625,0.22220483422279358,0.2783457934856415,0.36018937826156616
29805,0.260498046875,0.31919562816619873,0.8026120662689209,0.6729755401611328
29806,0.9444172978401184,0.95293790102005,0.7589633464813232,0.828335702419281
29807,0.51953125,0.5340250730514526,0.7039180994033813,0.4344179332256317
29808,0.967041015625,0.9672750234603882,0.9284793138504028,0.8252587914466858
29809,0.23828125,0.25521665811538696,0.7039180994033813,0.6251838207244873
29810,0.518798828125,0.5407684445381165,1.0,1.0
29811,0.488037109375,0.5073351263999939,0.6121358871459961,0.5253392457962036
29812,0.228759765625,0.318681538105011,0.3974803686141968,0.663211464881897
29813,0.0625,0.11057025194168091,0.3631143569946289,0.5979360342025757
29814,0.580322265625,0.622481107711792,0.86592036485672,0.8119766712188721
29815,0.499755859375,0.5498259663581848,0.629690945148468,0.6749848127365112
29816,0.110107421875,0.1588565558195114,1.0,1.0
29817,0.110107421875,0.1549457609653473,0.5158474445343018,0.6483519673347473
29818,0.212890625,0.28610551357269287,0.5679726600646973,0.7180836200714111
29819,0.2774251401424408,0.3415786623954773,0.8435737490653992,0.841636061668396
29820,0.110107421875,0.110107421875,1.0,0.8318724036216736
29821,0.2774251401424408,0.3140411376953125,1.0,1.0
29822,0.166259765625,0.22662727534770966,0.5307213068008423,0.5403025150299072
29823,0.110107421875,0.13882634043693542,0.5158474445343018,0.5334229469299316
29824,0.110107421875,0.13096830248832703,1.0,0.6871952414512634
29825,0.518798828125,0.5519746541976929,0.8046129941940308,0.7068328857421875
29826,0.9444172978401184,0.9506298899650574,0.8315341472625732,0.8695964217185974
29827,0.953369140625,0.9578045606613159,0.912726640701294,0.9475520849227905
29828,0.08203125,0.12548303604125977,0.23463936150074005,0.2715170085430145
29829,0.304931640625,0.36602404713630676,1.0,0.8525376915931702
29830,0.0,0.0,0.0,0.0
29832,0.260498046875,0.2971140742301941,0.8026120662689209,0.7225300669670105
29833,0.518798828125,0.5768460631370544,0.6967307925224304,0.6354918479919434
29834,0.951171875,0.952601432800293,0.9282863140106201,0.8210972547531128
29835,0.03125,0.0545850470662117,0.29608193039894104,0.5499483346939087
29836,0.951171875,0.9529399871826172,0.9282863140106201,0.8859482407569885
29837,0.943115234375,0.9488176107406616,0.9313938021659851,0.8787112236022949
29838,0.2044270783662796,0.22555486857891083,0.6490147709846497,0.5810900330543518
29839,0.304931640625,0.3643154501914978,1.0,0.8878984451293945
29840,0.0,0.010416666977107525,0.0,0.13905617594718933
29841,0.488037109375,0.5101113319396973,0.6121358871459961,0.49290189146995544
29842,0.488037109375,0.5133866667747498,0.9721211791038513,0.9778186678886414
29843,0.518798828125,0.5775113105773926,0.8046129941940308,0.951558530330658
29844,0.304931640625,0.36708706617355347,1.0,0.8726924061775208
29845,0.146728515625,0.199332594871521,0.48975956439971924,0.6816030144691467
29846,0.110107421875,0.17145399749279022,0.5158474445343018,0.8032286167144775
29847,0.08203125,0.15283486247062683,0.14433082938194275,0.3900763988494873
29848,0.2774251401424408,0.33870136737823486,0.8435737490653992,0.7795822024345398
29849,0.150390625,0.24561616778373718,0.4525081515312195,0.6354360580444336
29850,0.263671875,0.33526307344436646,0.7653606534004211,0.7744963765144348
29851,0.943115234375,0.9487586617469788,0.819014847278595,0.8472684621810913
29852,0.633056640625,0.6355298757553101,0.7837249636650085,0.7168039679527283
29853,0.146728515625,0.18814468383789062,0.48975956439971924,0.4859582781791687
29854,0.09375,0.1143798828125,0.29608193039894104,0.294569730758667
29855,0.94140625,0.9513415098190308,0.6354966163635254,0.7913410067558289
29856,0.455078125,0.5132074356079102,0.5115761756896973,0.5772067308425903
29857,0.947998046875,0.9528482556343079,0.8348100185394287,0.8512864708900452
29858,0.2774251401424408,0.35622286796569824,0.8435737490653992,0.8743705153465271
29859,0.304931640625,0.37751761078834534,1.0,1.0
29860,0.091796875,0.1845620572566986,0.255120187997818,0.5011053085327148
29861,0.260498046875,0.3334788680076599,0.8026120662689209,0.7514104843139648
29862,0.02083333395421505,0.02083333395421505,0.23463936150074005,0.23463936150074005
29863,0.606689453125,0.6400583982467651,1.0,0.8690516352653503
29864,0.304931640625,0.3909919261932373,0.4285714626312256,0.6850036978721619
29865,0.14453125,0.21113193035125732,0.5307213068008423,0.5439326167106628
29866,0.556884765625,0.6069867610931396,0.8308104276657104,0.7998213768005371
29867,0.228759765625,0.3009757995605469,0.6461858153343201,0.6984742879867554
29868,0.488037109375,0.5566951036453247,0.6121358871459961,0.6999359726905823
29869,0.518798828125,0.572086751461029,0.8046129941940308,0.9345254898071289
29870,0.304931640625,0.37751758098602295,1.0,1.0
29871,0.34765625,0.35463380813598633,0.36176279187202454,0.5160846710205078
29872,0.940673828125,0.9470105171203613,0.6212818622589111,0.7509459257125854
29873,0.518798828125,0.5622237324714661,1.0,0.891015350818634
29874,0.499755859375,0.5319960117340088,0.7271926999092102,0.825282096862793
29875,0.0,0.01835937425494194,0.0,0.14876390993595123
29876,0.110107421875,0.16842377185821533,0.3333333134651184,0.44534721970558167
29878,0.956298828125,0.9588801264762878,1.0,0.9086047410964966
29879,0.951904296875,0.9549385905265808,0.8690900206565857,0.81893390417099
29880,0.0625,0.1380375474691391,0.15642623603343964,0.4166100323200226
29881,0.959228515625,0.9599167108535767,0.7631344795227051,0.8800215125083923
29882,0.304931640625,0.37751761078834534,1.0,1.0
29883,0.110107421875,0.1399383395910263,1.0,0.8200685381889343
29884,0.606689453125,0.6350470185279846,1.0,0.8606921434402466
29885,0.03125,0.041015625,0.15273310244083405,0.23896241188049316
29886,0.466064453125,0.5537280440330505,0.5450960993766785,0.7218775153160095
29887,0.518798828125,0.5358766317367554,1.0,0.6877822875976562
29888,0.110107421875,0.17947161197662354,0.3333333134651184,0.5841830968856812
29889,0.261474609375,0.29907146096229553,0.49493172764778137,0.5381017327308655
29891,0.304931640625,0.37238895893096924,1.0,0.909542977809906
29892,0.9673665165901184,0.9678964614868164,0.8748590350151062,0.9505084753036499
29893,0.1875,0.24151122570037842,0.4692787230014801,0.42032769322395325
29894,0.1106770858168602,0.22505009174346924,0.16041216254234314,0.4540366232395172
29895,0.556884765625,0.596669614315033,0.8308104276657104,0.8605381846427917
29896,0.701904296875,0.7038271427154541,0.8110315203666687,0.7169148325920105
29897,0.701904296875,0.7066373229026794,0.7402501106262207,0.6810524463653564
29898,0.951904296875,0.9574828147888184,0.8690900206565857,0.8768270015716553
29899,0.951171875,0.9540406465530396,0.8472716808319092,0.7498282194137573
29900,0.556884765625,0.5966695547103882,0.8308104276657104,0.8081632852554321
29901,0.9507649540901184,0.9527177214622498,0.974961519241333,0.9365457892417908
29902,0.556884765625,0.5992563366889954,0.8308104276657104,0.762109100818634
29903,0.9444172978401184,0.949567437171936,0.9456308484077454,0.8813319802284241
29904,0.962158203125,0.9626920223236084,0.8420895934104919,0.9411571621894836
29905,0.967041015625,0.9674158692359924,0.9284793138504028,0.8132554292678833
29906,0.968017578125,0.9680503010749817,1.0,0.8281832337379456
29907,0.943115234375,0.9477502703666687,0.7475366592407227,0.7041255831718445
29908,0.968017578125,0.9680502414703369,1.0,0.8281832337379456
29909,0.304931640625,0.36053135991096497,1.0,0.8421284556388855
29910,0.9668782353401184,0.9672743678092957,0.892719030380249,0.8567818403244019
29911,0.967041015625,0.9675001502037048,0.9284793138504028,0.9678829908370972
29912,0.304931640625,0.36053135991096497,1.0,0.8421284556388855
29913,0.943115234375,0.9487192034721375,0.7475366592407227,0.7183764576911926
29914,0.9668782353401184,0.9673014283180237,0.7810032963752747,0.7121081352233887
29915,0.968017578125,0.9680482149124146,1.0,0.9163655042648315
29916,0.968017578125,0.9680483937263489,1.0,0.9691580533981323
29917,0.968017578125,0.9680509567260742,1.0,0.89031583070755
29918,0.967041015625,0.9675001502037048,0.9284793138504028,0.9678829908370972
29919,0.956298828125,0.958134651184082,1.0,0.9452876448631287
29920,0.968017578125,0.9680483937263489,1.0,0.9691580533981323
29921,0.943115234375,0.9487192034721375,0.7475366592407227,0.7183764576911926
