qid,err@3,err@10,ndcg@3,ndcg@10
22939,0.110107421875,0.15066374838352203,1.0,0.9258514046669006
22941,0.304931640625,0.35070183873176575,1.0,0.7617051601409912
22942,0.567138671875,0.5914052128791809,0.9225797057151794,0.8836354613304138
22943,0.110107421875,0.14464408159255981,1.0,0.8987714052200317
22944,0.44921875,0.455810546875,0.9224036931991577,0.9699816107749939
22945,0.304931640625,0.36018016934394836,1.0,0.8775948286056519
22946,0.03125,0.06149101257324219,0.29608193039894104,0.6766373515129089
22947,0.567138671875,0.609845757484436,0.7988805174827576,0.8955537676811218
22948,0.703369140625,0.7086409330368042,0.7838867902755737,0.8837904334068298
22949,0.556884765625,0.5923932790756226,0.8308104276657104,0.897718071937561
22950,0.228759765625,0.2777877151966095,0.6461858153343201,0.6406965255737305
22951,0.304931640625,0.3570541739463806,1.0,0.9697844386100769
22952,0.968017578125,0.9680390954017639,1.0,0.9046790599822998
22953,0.606689453125,0.637054443359375,1.0,1.0
22954,0.166259765625,0.23395586013793945,0.5307213068008423,0.636201798915863
22955,0.393798828125,0.42354702949523926,0.8579513430595398,0.8799238801002502
22956,0.580322265625,0.623345673084259,0.86592036485672,0.8427515029907227
22957,0.25390625,0.30991774797439575,0.5692896842956543,0.7633172273635864
22958,0.1106770858168602,0.15787382423877716,0.4437016248703003,0.6716613173484802
22959,0.0625,0.088134765625,0.4692787230014801,0.8529279232025146
22960,0.278564453125,0.35378947854042053,0.39664164185523987,0.6343956589698792
22961,0.9507649540901184,0.9549738168716431,0.8898733854293823,0.9063763618469238
22962,0.432373046875,0.44046109914779663,0.4040961265563965,0.6942456364631653
22963,0.946533203125,0.9479881525039673,1.0,0.8919633030891418
22964,0.940673828125,0.9485277533531189,0.7038999795913696,0.8960020542144775
22965,0.197998046875,0.26104414463043213,0.6871474981307983,0.8081090450286865
22966,0.08984375,0.13490961492061615,0.3333333134651184,0.4351869523525238
22967,0.263671875,0.263671875,1.0,1.0
22968,0.304931640625,0.35529839992523193,1.0,0.8464326858520508
22969,0.260498046875,0.3442510664463043,0.8026120662689209,0.9476170539855957
22970,0.260498046875,0.3128618001937866,0.8026120662689209,0.7111020684242249
22971,0.110107421875,0.2060113549232483,0.22686867415905,0.6078778505325317
22972,0.146728515625,0.210037499666214,0.48975956439971924,0.6897254586219788
22973,0.9673665165901184,0.9676440954208374,1.0,0.9991514086723328
22974,0.304931640625,0.3517615795135498,1.0,0.7632126808166504
22975,0.9673665165901184,0.9676395654678345,1.0,0.9906548857688904
22976,0.508056640625,0.511739194393158,0.6509066820144653,0.6497588157653809
22977,0.2044270783662796,0.2363543063402176,0.8472668528556824,0.921051561832428
22978,0.110107421875,0.23982533812522888,0.20503923296928406,0.6692231893539429
22979,0.0625,0.07950737327337265,0.3631143569946289,0.48973387479782104
22980,0.556884765625,0.5881293416023254,0.8308104276657104,0.8685352206230164
22981,0.110107421875,0.13263797760009766,1.0,1.0
22982,0.1875,0.1875,1.0,1.0
22983,0.228759765625,0.31196272373199463,0.6461858153343201,0.8252593278884888
22984,0.2774251401424408,0.34053143858909607,0.8435737490653992,0.8886994123458862
22985,0.212890625,0.26068758964538574,0.67329341173172,0.8415380120277405
22986,0.939453125,0.9427661299705505,0.8987017273902893,0.9075267314910889
22987,0.304931640625,0.33589330315589905,1.0,0.7660719156265259
22988,0.08203125,0.11913961172103882,0.7039180994033813,0.7524455189704895
22989,0.08203125,0.2069990038871765,0.14433082938194275,0.5330304503440857
22990,0.0625,0.08447265625,0.1854327917098999,0.3609254062175751
22991,0.304931640625,0.3865734934806824,0.49493172764778137,0.7938262224197388
22992,0.956298828125,0.9584842324256897,1.0,0.9908202886581421
22993,0.146728515625,0.23608878254890442,0.48975956439971924,0.818085789680481
22994,0.304931640625,0.35788586735725403,1.0,0.7444955706596375
22995,0.490234375,0.5471091866493225,0.6884825229644775,0.775639533996582
22996,0.5757649540901184,0.5814553499221802,0.5708760023117065,0.7497442364692688
22997,0.962158203125,0.9623844027519226,0.9625431895256042,0.9407815933227539
22998,0.9444172978401184,0.9502811431884766,0.9456308484077454,0.9798726439476013
22999,0.366455078125,0.3723452389240265,0.49644073843955994,0.609056830406189
23000,0.9444172978401184,0.9526104927062988,0.7589633464813232,0.9349265098571777
23001,0.962158203125,0.9626919627189636,0.8420895934104919,0.9275112748146057
23002,0.02083333395421505,0.12231381237506866,0.07821311801671982,0.5814597606658936
23003,0.560546875,0.5724474191665649,0.8838695287704468,0.8686697483062744
23004,0.510498046875,0.5140371322631836,0.6676040887832642,0.725057065486908
23005,0.967041015625,0.9672921299934387,1.0,0.9885992407798767
23006,0.567138671875,0.6034455299377441,0.7988805174827576,0.857829749584198
23007,0.659423828125,0.6629204750061035,0.8254533410072327,0.8543487787246704
23008,0.304931640625,0.37491902709007263,1.0,0.953712522983551
23009,0.518798828125,0.5668070316314697,1.0,0.9948079586029053
23010,0.110107421875,0.110107421875,1.0,1.0
23011,0.556884765625,0.5989099740982056,0.8308104276657104,0.9480276703834534
23012,0.304931640625,0.3300743103027344,1.0,0.9520727396011353
23013,0.580322265625,0.6061817407608032,1.0,0.8768560290336609
23014,0.212890625,0.3191647529602051,0.3493700623512268,0.6318348050117493
23015,0.05078125,0.09276159107685089,0.5307212471961975,0.6837935447692871
23016,0.110107421875,0.1414012610912323,1.0,0.7778722643852234
23017,0.580322265625,0.6332341432571411,0.5636333227157593,0.812854528427124
23018,0.08984375,0.12468564510345459,0.3333333134651184,0.4005357027053833
23019,0.967041015625,0.9675597548484802,0.9284793138504028,0.9525395035743713
23020,0.943115234375,0.9492457509040833,0.819014847278595,0.9261377453804016
23021,0.146728515625,0.18897776305675507,0.3012597858905792,0.4329072833061218
23022,0.02083333395421505,0.0415852889418602,0.12103812396526337,0.2068890482187271
23023,0.0,0.02294921875,0.0,0.4574945271015167
23024,0.956298828125,0.9594351053237915,1.0,0.919908881187439
23025,0.4375,0.4556446075439453,0.7452524900436401,0.7935450077056885
23026,0.08203125,0.08203125,0.9197208285331726,0.9197208285331726
23027,0.304931640625,0.3691786527633667,1.0,0.9969764351844788
23028,0.2774251401424408,0.3533226549625397,0.4175114035606384,0.5580249428749084
23029,0.2774251401424408,0.34449729323387146,0.8435737490653992,0.7367599606513977
23030,0.946533203125,0.9502866268157959,0.8793432712554932,0.8434287905693054
23031,0.304931640625,0.34486597776412964,1.0,0.9116281867027283
23032,0.166259765625,0.25377774238586426,0.5307213068008423,0.7496382594108582
23033,0.943115234375,0.9471431970596313,0.819014847278595,0.7946887016296387
23034,0.946533203125,0.948042631149292,1.0,0.9781337976455688
23035,0.946533203125,0.9524921774864197,0.8793432712554932,0.9145863652229309
23036,0.567138671875,0.5697871446609497,1.0,0.9921161532402039
23037,0.212890625,0.2482655644416809,0.8789618015289307,0.8577721118927002
23038,0.03125,0.07232999801635742,0.11699506640434265,0.3256986439228058
23039,0.110107421875,0.13767682015895844,0.5158474445343018,0.5299273133277893
23041,0.146728515625,0.21902789175510406,0.48975956439971924,0.6436553001403809
23042,0.110107421875,0.2064974009990692,0.20503923296928406,0.5745114088058472
23043,0.967041015625,0.9673360586166382,1.0,0.9135178923606873
23044,0.260498046875,0.3375924229621887,0.8026120662689209,0.8143462538719177
23045,0.556884765625,0.5962214469909668,0.8308104276657104,0.9196597337722778
23046,0.393798828125,0.4589901566505432,0.5977610945701599,0.7618447542190552
23047,0.967041015625,0.9673070907592773,1.0,0.9673178791999817
23048,0.956298828125,0.9599846601486206,1.0,1.0
23049,0.304931640625,0.35620465874671936,1.0,0.9265254735946655
23050,0.304931640625,0.3714071214199066,1.0,0.943237841129303
23051,0.499755859375,0.5451328754425049,0.9037794470787048,0.9373926520347595
23052,0.580322265625,0.610970675945282,1.0,0.9592548608779907
23053,0.12109375,0.17479674518108368,0.3910655975341797,0.6134212613105774
23054,0.4375,0.4828244745731354,0.6735438704490662,0.7780847549438477
23055,0.953369140625,0.9576762914657593,0.912726640701294,0.9897626638412476
23056,0.701904296875,0.7075203061103821,0.7402501106262207,0.7559667825698853
23057,0.228759765625,0.2891795039176941,0.6461858153343201,0.8409494757652283
23058,0.3599446713924408,0.4018949568271637,0.6497723460197449,0.769093930721283
23059,0.943115234375,0.9484902024269104,0.9313938021659851,0.9145879745483398
23060,0.2774251401424408,0.3545195162296295,0.257824569940567,0.4035586714744568
23061,0.455078125,0.5371438264846802,0.5115761756896973,0.7148964405059814
23062,0.0625,0.18860667943954468,0.10055973380804062,0.47123080492019653
23063,0.466064453125,0.5104615688323975,0.7823625802993774,0.8473151922225952
23064,0.2774251401424408,0.32700544595718384,0.8435737490653992,0.9571710228919983
23065,0.9444172978401184,0.9495705962181091,0.9456308484077454,0.9723894000053406
23066,0.9444172978401184,0.9484448432922363,0.9456308484077454,0.963283360004425
23067,0.110107421875,0.16666370630264282,0.3951442539691925,0.7121952176094055
23068,0.09375,0.12430943548679352,0.35098522901535034,0.47532013058662415
23069,0.606689453125,0.6413683891296387,1.0,0.9968765377998352
23070,0.953369140625,0.9571319222450256,1.0,0.9794657230377197
23071,0.531982421875,0.5830560922622681,0.48571667075157166,0.7310567498207092
23072,0.490234375,0.5110998153686523,0.8556691408157349,0.9467535018920898
23073,0.393798828125,0.44099172949790955,0.8579513430595398,0.9102591872215271
23074,0.110107421875,0.17467264831066132,0.3951442539691925,0.6812273263931274
23075,0.967041015625,0.9673216342926025,0.9284793138504028,0.9037277698516846
23076,0.9507649540901184,0.9549738764762878,0.8898733854293823,0.9063763618469238
23077,0.959228515625,0.9596542119979858,0.8722942471504211,0.9103072285652161
23078,0.946533203125,0.9541656374931335,0.8026000261306763,0.7861765027046204
23079,0.518798828125,0.5648203492164612,1.0,0.9885308742523193
23080,0.2774251401424408,0.3133191466331482,0.8435737490653992,0.9400352239608765
23081,0.110107421875,0.1588565558195114,0.5158474445343018,0.6943559050559998
23082,0.959228515625,0.9597169160842896,0.8722942471504211,0.9168556332588196
23083,0.091796875,0.1189216673374176,0.3948093354701996,0.43335312604904175
23084,0.0625,0.12173032760620117,0.24207624793052673,0.6540433764457703
23085,0.943115234375,0.9459421634674072,0.819014847278595,0.7490109205245972
23086,0.488037109375,0.5344716310501099,0.7069194316864014,0.7512657642364502
23087,0.940673828125,0.9460121989250183,0.7038999795913696,0.7618829607963562
23088,0.431884765625,0.47631752490997314,0.7318407297134399,0.8766520619392395
23089,0.1106770858168602,0.15150564908981323,0.4437016248703003,0.679036021232605
23090,0.953369140625,0.9587916731834412,0.912726640701294,0.9213442802429199
23091,0.146728515625,0.24191133677959442,0.3012597858905792,0.6071916222572327
23092,0.304931640625,0.373099148273468,1.0,0.9538741111755371
23093,0.2774251401424408,0.34652575850486755,0.5188971757888794,0.7639829516410828
23094,0.953369140625,0.9574400782585144,0.912726640701294,0.9720193147659302
23095,0.967041015625,0.9675370454788208,0.8122885227203369,0.8934788107872009
23096,0.091796875,0.1824185848236084,0.255120187997818,0.6728209853172302
23097,0.946533203125,0.9503212571144104,1.0,0.9556276798248291
23098,0.943115234375,0.9459318518638611,0.9313938021659851,0.9393495321273804
23099,0.0625,0.10672200471162796,0.23463936150074005,0.3265208601951599
23100,0.9507649540901184,0.9553163051605225,0.7292529344558716,0.8412379622459412
23101,0.9444172978401184,0.9484255909919739,0.9456308484077454,0.9793034791946411
23102,0.166259765625,0.21448852121829987,0.5307213068008423,0.6826224327087402
23103,0.0625,0.0625,1.0,1.0
23104,0.08203125,0.0946197509765625,0.7039180994033813,0.7178308367729187
23105,0.9388020634651184,0.9439574480056763,0.7410414814949036,0.8825225234031677
23106,0.3599446713924408,0.40886107087135315,0.8075588941574097,0.8537703156471252
23107,0.02083333395421505,0.04801543802022934,0.23463936150074005,0.4842680096626282
23108,0.606689453125,0.6342018842697144,1.0,0.9154629111289978
23109,0.3599446713924408,0.41893309354782104,0.6497723460197449,0.8405488729476929
23110,0.3599446713924408,0.4261183738708496,0.5626510977745056,0.7895206809043884
23111,0.2044270783662796,0.2330765426158905,0.5474918484687805,0.6777582168579102
23112,0.228759765625,0.277218759059906,0.6461858153343201,0.7573139667510986
23113,0.606689453125,0.635669469833374,1.0,0.8483604788780212
23114,0.556884765625,0.5975129008293152,0.8308104276657104,0.9215512275695801
23115,0.304931640625,0.35458141565322876,1.0,0.7913443446159363
23116,0.1875,0.28757578134536743,0.4692787230014801,0.7186340093612671
23117,0.12109375,0.175812765955925,0.3910655975341797,0.5771622657775879
23118,0.580322265625,0.6142652034759521,0.86592036485672,0.8569054007530212
23119,0.263671875,0.2682563066482544,0.90728360414505,0.9631043672561646
23120,0.300537109375,0.3493998050689697,0.5354781746864319,0.6639087796211243
23121,0.2774251401424408,0.3356667160987854,0.8435737490653992,0.9468395113945007
23122,0.939453125,0.9412915706634521,0.8987017273902893,0.8551682233810425
23123,0.956298828125,0.9583152532577515,1.0,0.9468865394592285
23124,0.959228515625,0.9595043063163757,0.8722942471504211,0.8279047608375549
23125,0.703369140625,0.7085354328155518,0.7838867902755737,0.8739156126976013
23126,0.951904296875,0.9572675228118896,0.8690900206565857,0.9319833517074585
23127,0.03125,0.08343546837568283,0.15273310244083405,0.46045732498168945
23128,0.0625,0.0625,1.0,1.0
23129,0.556884765625,0.6066368222236633,0.5407800078392029,0.749933660030365
23130,0.619873046875,0.6229027509689331,0.6602633595466614,0.7284758687019348
23132,0.490234375,0.568435788154602,0.5961710214614868,0.7545704245567322
23133,0.228759765625,0.27706944942474365,0.7660098671913147,0.9124031662940979
23134,0.571533203125,0.5776786208152771,0.6093400716781616,0.7368674278259277
23135,0.05078125,0.07964181900024414,0.5307212471961975,0.6150423884391785
23136,0.197998046875,0.27212920784950256,0.6871474981307983,0.7177796363830566
23137,0.19921875,0.27971693873405457,0.3483913838863373,0.6426077485084534
23138,0.14453125,0.20997421443462372,0.32645606994628906,0.5764361619949341
23139,0.940673828125,0.9477249383926392,0.771205723285675,0.8615170121192932
23140,0.03125,0.0602199025452137,0.15273310244083405,0.4625248908996582
23141,0.2774251401424408,0.34343159198760986,0.8435737490653992,0.7686991691589355
23142,0.304931640625,0.36086905002593994,1.0,0.7882823944091797
23143,0.1458333432674408,0.21914707124233246,0.23463937640190125,0.5072417259216309
23144,0.197998046875,0.2646581530570984,0.42267662286758423,0.6491057276725769
23145,0.2774251401424408,0.3484099805355072,0.8435737490653992,0.8538222908973694
23146,0.2774251401424408,0.3290840983390808,0.8435737490653992,0.7293025255203247
23148,0.0,0.0078125,0.0,0.31546488404273987
23149,0.946533203125,0.9537193179130554,0.8026000261306763,0.9449663162231445
23150,0.518798828125,0.5669171810150146,0.8046129941940308,0.9275313019752502
23151,0.9466145634651184,0.9522292017936707,0.8072783350944519,0.9104468822479248
23152,0.0,0.0062500000931322575,0.0,0.07961179316043854
23153,0.02083333395421505,0.0461215078830719,0.23463936150074005,0.4181463122367859
23154,0.3599446713924408,0.4044252932071686,0.8075588941574097,0.8098862171173096
23155,0.304931640625,0.37558865547180176,1.0,0.9575862288475037
23156,0.946533203125,0.9549239873886108,0.7083972692489624,0.8936509490013123
23157,0.967041015625,0.9673576354980469,1.0,0.933341383934021
23158,0.951904296875,0.9546202421188354,0.9521908760070801,0.946372389793396
23159,0.9507649540901184,0.9532906413078308,0.974961519241333,0.9727394580841064
23160,0.110107421875,0.16475296020507812,0.3951442539691925,0.6259016394615173
23161,0.2122395932674408,0.29651251435279846,0.36153164505958557,0.6430525779724121
23162,0.9507649540901184,0.9554604887962341,0.8898733854293823,0.777839720249176
23163,0.2774251401424408,0.3378867506980896,0.8435737490653992,0.6877334713935852
23164,0.1875,0.19384765625,0.8262346386909485,0.9131173491477966
23165,0.304931640625,0.37751761078834534,1.0,1.0
23167,0.3599446713924408,0.4159373342990875,0.6497723460197449,0.8360688090324402
23168,0.956298828125,0.9593254923820496,1.0,0.9901675581932068
23169,0.946533203125,0.9541248679161072,0.6577322483062744,0.8837403655052185
23170,0.499755859375,0.5407136082649231,0.7271926999092102,0.7542982697486877
23171,0.02083333395421505,0.02083333395421505,0.5,0.5
23172,0.946533203125,0.9514386057853699,1.0,0.9573447704315186
23173,0.228759765625,0.2891795039176941,0.6461858153343201,0.7092503905296326
23174,0.959228515625,0.9600054025650024,0.7631344795227051,0.9179349541664124
23175,0.05078125,0.09104197472333908,0.2737712264060974,0.5807847380638123
23176,0.263671875,0.3399524986743927,0.7653606534004211,0.7637608051300049
23177,0.499755859375,0.5588316917419434,0.7271926999092102,0.8781195878982544
23178,0.2774251401424408,0.3297888934612274,0.8435737490653992,0.8965529203414917
23179,0.946533203125,0.9525421261787415,0.8793432712554932,0.9592613577842712
23180,0.9673665165901184,0.9676917195320129,1.0,0.9660778045654297
23181,0.393798828125,0.40974271297454834,0.8579513430595398,0.85185706615448
23182,0.304931640625,0.36023303866386414,1.0,0.9240332245826721
23183,0.393798828125,0.46301034092903137,0.5977610945701599,0.8767791986465454
23184,0.091796875,0.10552978515625,0.7653606534004211,0.9674680233001709
23185,0.260498046875,0.3023664355278015,0.8026120662689209,0.7779039740562439
23186,0.0,0.03107757493853569,0.0,0.3552536070346832
23188,0.943115234375,0.9514660835266113,0.7475366592407227,0.877277672290802
23189,0.571533203125,0.5744212865829468,0.7592076063156128,0.7849579453468323
23190,0.304931640625,0.36871036887168884,1.0,0.8623893857002258
23191,0.962158203125,0.9625461101531982,0.9625431895256042,0.9060904383659363
23193,0.556884765625,0.597139835357666,0.8308104276657104,0.9184134602546692
23194,0.518798828125,0.5332661271095276,0.8046129941940308,0.6683427691459656
23195,0.263671875,0.32802340388298035,0.4707868993282318,0.6656349301338196
23196,0.091796875,0.11136627197265625,0.7653606534004211,0.9267581105232239
23197,0.02083333395421505,0.02083333395421505,0.5,0.5
23198,0.300537109375,0.3412765860557556,0.5354781746864319,0.7122937440872192
23199,0.197998046875,0.2679131031036377,0.6871474981307983,0.8166157007217407
23200,0.953369140625,0.9574403166770935,0.912726640701294,0.9750428199768066
23201,0.567138671875,0.6017798781394958,0.7988805174827576,0.8287517428398132
23202,0.08203125,0.1961096227169037,0.15969696640968323,0.5758039951324463
23203,0.967041015625,0.9675887227058411,0.8122885227203369,0.9170055985450745
23204,0.304931640625,0.37269333004951477,1.0,0.9112986922264099
23205,0.946533203125,0.953056812286377,0.8793432712554932,0.9653230309486389
23206,0.304931640625,0.38934850692749023,0.4285714626312256,0.7112768292427063
23207,0.228759765625,0.30231547355651855,0.3974803686141968,0.5214201807975769
23208,0.962158203125,0.9624379873275757,0.9625431895256042,0.9500067830085754
23209,0.0625,0.0763636976480484,0.24207624793052673,0.3058435916900635
23210,0.580322265625,0.6308073997497559,0.5636333227157593,0.7946537733078003
23211,0.946533203125,0.9527140259742737,0.8026000261306763,0.9133362174034119
23212,0.466064453125,0.4932160973548889,1.0,0.9725837707519531
23213,0.488037109375,0.5198485851287842,0.8785831332206726,0.8321216702461243
23214,0.146728515625,0.20094168186187744,0.48975956439971924,0.7378208041191101
23215,0.166259765625,0.23630665242671967,0.5307213068008423,0.6718361973762512
23216,0.228759765625,0.29634034633636475,0.3198178708553314,0.48658329248428345
23217,0.23046875,0.285597026348114,0.47306913137435913,0.596649706363678
23218,0.091796875,0.13192272186279297,0.3948093354701996,0.5944571495056152
23219,0.0,0.008928571827709675,0.0,0.3333333432674408
23220,0.0625,0.0625,1.0,1.0
23221,0.166259765625,0.2531883418560028,0.5307213068008423,0.7857598066329956
23222,0.2774251401424408,0.35622286796569824,0.36153164505958557,0.5379637479782104
23223,0.14453125,0.21789242327213287,0.5307213068008423,0.7439573407173157
23224,0.304931640625,0.3691786527633667,1.0,0.9969764351844788
23225,0.0625,0.0690104141831398,0.24207624793052673,0.3149484694004059
23226,0.951904296875,0.9540071487426758,0.8690900206565857,0.8163333535194397
23227,0.946533203125,0.9497662782669067,1.0,0.995954692363739
23228,0.23828125,0.2866794466972351,0.7039180994033813,0.7258581519126892
23229,0.197998046875,0.2879749536514282,0.42267662286758423,0.7428691387176514
23230,0.946533203125,0.9526152610778809,0.8793432712554932,0.9577193856239319
23231,0.5757650136947632,0.579357385635376,0.763222336769104,0.7802988886833191
23232,0.304931640625,0.36306625604629517,1.0,0.8625913262367249
23234,0.23046875,0.3180159330368042,0.23505397140979767,0.5232700705528259
23235,0.9444172978401184,0.9525856971740723,0.544137716293335,0.7303402423858643
23236,0.466064453125,0.5179691314697266,0.7823625802993774,0.9306796789169312
23237,0.499755859375,0.5659893751144409,0.7271926999092102,0.8905104994773865
23238,0.3599446713924408,0.40547171235084534,0.8075588941574097,0.8702601194381714
23239,0.490234375,0.5990176200866699,0.38805168867111206,0.6329713463783264
23240,0.197998046875,0.25870534777641296,0.6871474981307983,0.7174605131149292
23241,0.659423828125,0.6628661751747131,0.8254533410072327,0.8263686299324036
23242,0.556884765625,0.5807618498802185,0.9594535827636719,0.9352689385414124
23243,0.503173828125,0.5050111413002014,0.6796846985816956,0.6515741944313049
23244,0.946533203125,0.9518681168556213,0.8026000261306763,0.8589460849761963
23245,0.393798828125,0.4382794499397278,0.8579513430595398,0.8998250961303711
23246,0.05078125,0.14985798299312592,0.17690707743167877,0.6690235733985901
23247,0.967041015625,0.9674534201622009,1.0,0.9738811254501343
23248,0.2774251401424408,0.33171483874320984,0.8435737490653992,0.929538905620575
23249,0.110107421875,0.1462436020374298,1.0,1.0
23250,0.166259765625,0.2299097776412964,0.5307213068008423,0.7204440832138062
23251,0.219970703125,0.26368477940559387,0.49370092153549194,0.5768281817436218
23252,0.197998046875,0.2708483636379242,0.6871474981307983,0.8663790822029114
23253,0.518798828125,0.5685727000236511,0.8046129941940308,0.9268251657485962
23254,0.304931640625,0.3717467784881592,1.0,0.9069212675094604
23255,0.212890625,0.2508934736251831,0.8789618015289307,0.9672694206237793
23256,0.02083333395421505,0.09656715393066406,0.07821311801671982,0.42328140139579773
23257,0.518798828125,0.5675325989723206,1.0,0.9658516645431519
23258,0.1875,0.2092633992433548,0.5562983751296997,0.7417311668395996
23259,0.9507649540901184,0.9543960094451904,0.8898733854293823,0.945807158946991
23260,0.94140625,0.950047492980957,0.7200049757957458,0.8282225131988525
23261,0.2774251401424408,0.34437698125839233,0.8435737490653992,0.7768605351448059
23262,0.5694173574447632,0.5731232762336731,0.7048385143280029,0.7663997411727905
23263,0.951171875,0.9565115571022034,0.8472716808319092,0.9316129684448242
23264,0.304931640625,0.3669155538082123,1.0,0.987639844417572
23265,0.956298828125,0.9599846601486206,1.0,1.0
23266,0.580322265625,0.6288103461265564,0.86592036485672,0.9729061126708984
23267,0.304931640625,0.3709973096847534,1.0,0.9053206443786621
23268,0.9673665165901184,0.9677228331565857,1.0,0.9887845516204834
23269,0.9668782353401184,0.9676188230514526,0.7810032963752747,0.7805078029632568
23270,0.943115234375,0.9493073225021362,0.819014847278595,0.8688686490058899
23271,0.9673665165901184,0.9676440954208374,1.0,0.9991514086723328
23272,0.956298828125,0.9588941335678101,1.0,0.9800340533256531
23273,0.9673665165901184,0.9676440954208374,1.0,0.9991514086723328
23274,0.606689453125,0.6370562314987183,1.0,0.9579008221626282
23275,0.9507649540901184,0.9549738764762878,0.8898733854293823,0.9063763618469238
23276,0.953369140625,0.9575936198234558,0.912726640701294,0.9414149522781372
23277,0.9673665165901184,0.9676440954208374,1.0,0.9991514086723328
23278,0.606689453125,0.637054443359375,1.0,1.0
23279,0.951904296875,0.9544869065284729,0.9521908760070801,0.9550381898880005
23280,0.953369140625,0.9565330743789673,1.0,0.9982182383537292
23281,0.956298828125,0.9587621688842773,1.0,0.9579256176948547
23282,0.953369140625,0.9562329053878784,1.0,0.923751175403595
23283,0.946533203125,0.9502193927764893,1.0,0.9913243651390076
23284,0.9673665165901184,0.9676440954208374,1.0,0.9991514086723328
23285,0.956298828125,0.9588941335678101,1.0,0.9800340533256531
23286,0.556884765625,0.5997729301452637,0.8308104276657104,0.6657735705375671
23287,0.304931640625,0.3237886428833008,1.0,0.6927849650382996
23288,0.166259765625,0.20757067203521729,0.32645606994628906,0.3266284465789795
23289,0.490234375,0.5164231657981873,0.8556691408157349,0.7286322712898254
23290,0.488037109375,0.5550998449325562,0.6121358871459961,0.789101779460907
23291,0.323974609375,0.3618318438529968,0.47805625200271606,0.4467448592185974
23292,0.556884765625,0.6040560007095337,0.8308104276657104,0.6990784406661987
23293,0.03125,0.0458984375,0.38685283064842224,0.6509209871292114
23294,0.606689453125,0.6410331726074219,1.0,0.8163303136825562
23295,0.556884765625,0.6005696058273315,0.8308104276657104,0.7292945384979248
23296,0.08203125,0.21117272973060608,0.10055973380804062,0.262516587972641
23297,0.166259765625,0.23510229587554932,0.14805001020431519,0.21312002837657928
23298,0.261474609375,0.2975240647792816,0.6151177287101746,0.6231557726860046
23299,0.12109375,0.18839561939239502,0.24055138230323792,0.3863881826400757
23300,0.304931640625,0.3477628529071808,1.0,0.7371683120727539
23301,0.966796875,0.966845691204071,0.9799711108207703,0.9387927651405334
23302,0.9444172978401184,0.9513211250305176,0.7589633464813232,0.8586653470993042
23303,0.431884765625,0.47301599383354187,0.4763599932193756,0.5163174867630005
23304,0.212890625,0.212890625,0.28110769391059875,0.1801556944847107
23305,0.260498046875,0.2971140742301941,0.8026120662689209,0.5534250736236572
23306,0.606689453125,0.6304119229316711,0.6509066820144653,0.6352987289428711
23307,0.0625,0.13286174833774567,0.15642623603343964,0.3716592490673065
23308,0.431884765625,0.4757453501224518,0.7318407297134399,0.6750693321228027
23309,0.0,0.04868391528725624,0.0,0.395314484834671
23310,0.2774251401424408,0.31895408034324646,0.4175114035606384,0.4154801070690155
23311,0.706298828125,0.7080909609794617,0.871160089969635,0.775842010974884
23312,0.488037109375,0.5481268167495728,0.6121358871459961,0.6527693867683411
23313,0.951904296875,0.9575547575950623,0.7122209072113037,0.6810106635093689
23314,0.393798828125,0.4489001929759979,0.5977610945701599,0.5997313857078552
23315,0.580322265625,0.6282379627227783,0.86592036485672,0.7955470681190491
23316,0.25390625,0.3166103959083557,0.39664164185523987,0.5934500694274902
23317,0.567138671875,0.6265522837638855,0.7988805174827576,0.8314606547355652
23318,0.304931640625,0.3552773594856262,0.6151177287101746,0.7201359272003174
23319,0.946533203125,0.9519895315170288,0.8026000261306763,0.6964154243469238
23320,0.228759765625,0.2911345660686493,0.276936799287796,0.34513965249061584
23321,0.3599446713924408,0.42360299825668335,0.5626510977745056,0.660416305065155
23322,0.150390625,0.17332826554775238,0.5364180207252502,0.5085163116455078
23323,0.228759765625,0.27520325779914856,0.6461858153343201,0.7090287208557129
23324,0.3599446713924408,0.38084763288497925,0.5626510977745056,0.4941622316837311
23325,0.0,0.015625,0.0,0.20210735499858856
23326,0.0,0.01901041716337204,0.0,0.10512364655733109
23327,0.455078125,0.4756234586238861,0.5115761756896973,0.37911537289619446
23328,0.518798828125,0.573388934135437,0.6967307925224304,0.7289226055145264
23329,0.606689453125,0.6289504766464233,1.0,0.6639019250869751
23330,0.951904296875,0.9572795629501343,0.8690900206565857,0.8932985067367554
23331,0.499755859375,0.5830696821212769,0.629690945148468,0.7045943737030029
23332,0.947998046875,0.9505701065063477,0.9146330952644348,0.8010149002075195
23333,0.304931640625,0.3804042339324951,0.30563369393348694,0.4871237576007843
23334,0.0,0.0,0.0,0.0
23335,0.943115234375,0.9471825957298279,0.9313938021659851,0.9036728739738464
23336,0.567138671875,0.613044261932373,0.37281090021133423,0.4208075702190399
23337,0.450927734375,0.46261394023895264,0.3482339084148407,0.7103681564331055
23338,0.260498046875,0.3729495406150818,0.22389668226242065,0.46422079205513
23339,0.323974609375,0.3618318438529968,0.47805625200271606,0.4467448592185974
23340,0.393798828125,0.44225165247917175,0.690318763256073,0.770227313041687
23341,0.08203125,0.1572594940662384,0.11613046377897263,0.2740454375743866
23342,0.304931640625,0.3888842463493347,0.4285714626312256,0.5447079539299011
23343,0.567138671875,0.6063631772994995,0.7988805174827576,0.7276510000228882
23344,0.2774251401424408,0.3651895523071289,0.36153164505958557,0.6107410192489624
23345,0.3599446713924408,0.401439905166626,0.5626510977745056,0.5026968717575073
23346,0.499755859375,0.5500531792640686,0.629690945148468,0.7443914413452148
23347,0.95703125,0.9576736688613892,0.7039180397987366,0.7169349789619446
23348,0.606689453125,0.633916974067688,1.0,0.8142845034599304
23349,0.14453125,0.233867809176445,0.5307213068008423,0.7799082398414612
23350,0.967041015625,0.9674862623214722,0.9284793138504028,0.904346764087677
23351,0.431884765625,0.47649481892585754,0.7318407297134399,0.7609609961509705
23352,0.580322265625,0.6283062696456909,0.86592036485672,0.7870287299156189
23353,0.488037109375,0.5517173409461975,0.6121358871459961,0.6949837803840637
23354,0.499755859375,0.5528575778007507,0.629690945148468,0.5385369658470154
23355,0.260498046875,0.3236229121685028,0.8026120662689209,0.7456797957420349
23356,0.14453125,0.19750109314918518,0.5307213068008423,0.4986995756626129
23357,0.1875,0.2081298828125,0.5562983751296997,0.5248390436172485
23358,0.4375,0.48351651430130005,0.5419421792030334,0.6309272050857544
23359,0.956298828125,0.9611011743545532,0.8195018768310547,0.8461421728134155
23360,0.228759765625,0.27240198850631714,0.6461858153343201,0.6791257858276367
23361,0.260498046875,0.3222302794456482,0.34397661685943604,0.4045971930027008
23362,0.518798828125,0.560808002948761,1.0,0.87176513671875
23363,0.518798828125,0.5684967041015625,0.6967307925224304,0.6659995913505554
23364,0.518798828125,0.5713752508163452,0.6967307925224304,0.7064638137817383
23365,0.304931640625,0.38910335302352905,0.4285714626312256,0.4989386200904846
23366,0.0625,0.0625,1.0,1.0
23367,0.05078125,0.17599467933177948,0.10881868004798889,0.42190343141555786
23368,0.606689453125,0.6223645806312561,1.0,0.7938477396965027
23369,0.23828125,0.2843320667743683,0.7039180994033813,0.7561551332473755
23370,0.091796875,0.15346109867095947,0.255120187997818,0.3261534869670868
23371,0.499755859375,0.5419020056724548,0.629690945148468,0.6143563985824585
23372,0.580322265625,0.6151120066642761,0.86592036485672,0.6844868659973145
23373,0.518798828125,0.5710474252700806,0.6967307925224304,0.7402361631393433
23374,0.228759765625,0.2502638101577759,0.6461858153343201,0.38202965259552
23375,0.968017578125,0.9680709838867188,1.0,0.8671332001686096
23376,0.571533203125,0.5774112939834595,0.6093400716781616,0.6447148323059082
23377,0.110107421875,0.15312796831130981,0.3333333134651184,0.43354013562202454
23378,0.466064453125,0.5094454288482666,0.5450960993766785,0.4450088441371918
23379,0.197998046875,0.2776993215084076,0.29449179768562317,0.4179518222808838
23380,0.5694173574447632,0.5717770457267761,0.7453632354736328,0.7568495273590088
23381,0.146728515625,0.20610618591308594,0.3012597858905792,0.39754238724708557
23382,0.393798828125,0.4390426576137543,0.5977610945701599,0.5959007740020752
23383,0.110107421875,0.27117279171943665,0.09298666566610336,0.39328113198280334
23384,0.531982421875,0.5676665306091309,0.7462155222892761,0.5510005950927734
23385,0.300537109375,0.3659120798110962,0.4636814594268799,0.5554200410842896
23386,0.968017578125,0.9680668711662292,1.0,0.8369718790054321
23387,0.606689453125,0.6375641226768494,1.0,0.8344817757606506
23388,0.12109375,0.16033679246902466,0.3910655975341797,0.517456591129303
23389,0.08203125,0.12769317626953125,0.27814918756484985,0.3947378993034363
23390,0.393798828125,0.43973129987716675,0.8579513430595398,0.8426675796508789
23391,0.197998046875,0.3127358555793762,0.29449179768562317,0.49256736040115356
23392,0.956298828125,0.960232675075531,1.0,0.936252772808075
23393,0.304931640625,0.304931640625,1.0,1.0
23394,0.2044270783662796,0.3047684133052826,0.5474918484687805,0.7453597784042358
23395,0.967041015625,0.9674100875854492,0.9284793138504028,0.8879204988479614
23396,0.943359375,0.9485750794410706,0.7371450066566467,0.6697303652763367
23397,0.518798828125,0.571597695350647,0.6967307925224304,0.5967791080474854
23398,0.3599446713924408,0.4262739419937134,0.5626510977745056,0.7902303338050842
23399,0.3599446713924408,0.40566930174827576,0.5626510977745056,0.48992812633514404
23400,0.967041015625,0.9676897525787354,0.8122885227203369,0.9294157028198242
23401,0.09375,0.1739749014377594,0.29608193039894104,0.4690594971179962
23402,0.951904296875,0.9565815925598145,0.8690900206565857,0.7633875608444214
23403,0.556884765625,0.5902876853942871,0.8308104276657104,0.5899555087089539
23404,0.9673665165901184,0.9677292108535767,1.0,0.9190394878387451
23405,0.197998046875,0.2528156638145447,0.42267662286758423,0.6475755572319031
23406,0.300537109375,0.3512040972709656,0.4636814594268799,0.5531516075134277
23407,0.580322265625,0.6231075525283813,0.86592036485672,0.8342514038085938
23408,0.962158203125,0.9625396132469177,0.9625431895256042,0.8655142784118652
23409,0.09375,0.09375,0.6309297680854797,0.6309297680854797
23410,0.03125,0.08343546837568283,0.11699506640434265,0.35120680928230286
23411,0.16796875,0.19435924291610718,0.3974803686141968,0.3361102342605591
23412,0.03125,0.09151389449834824,0.060708411037921906,0.26117169857025146
23413,0.606689453125,0.6378204822540283,1.0,0.7863539457321167
23414,0.518798828125,0.5996184349060059,0.4535067081451416,0.5810443758964539
23415,0.228759765625,0.2762086093425751,0.6461858153343201,0.6353542804718018
23416,0.1458333432674408,0.20029237866401672,0.3367719352245331,0.4369286000728607
23417,0.488037109375,0.5650404095649719,0.6121358871459961,0.8044167160987854
23418,0.2122395932674408,0.2963128983974457,0.36153164505958557,0.5743351578712463
23419,0.556884765625,0.6047484874725342,0.4431702494621277,0.6349356174468994
23420,0.560546875,0.560546875,1.0,1.0
23421,0.228759765625,0.2445669174194336,0.6461858153343201,0.43599778413772583
23422,0.110107421875,0.1792898178100586,0.1428571492433548,0.20798832178115845
23423,0.571533203125,0.5766151547431946,0.49935534596443176,0.4439297020435333
23424,0.518798828125,0.5776058435440063,0.4535067081451416,0.45534905791282654
23425,0.431884765625,0.46983110904693604,0.7318407297134399,0.6105335354804993
23426,0.701171875,0.7073385715484619,0.7184317708015442,0.6751216053962708
23427,0.304931640625,0.38234683871269226,0.4285714626312256,0.40862926840782166
23428,0.2774251401424408,0.3778069019317627,0.5188971757888794,0.7409153580665588
23429,0.110107421875,0.15193802118301392,0.3333333134651184,0.35322973132133484
23430,0.567138671875,0.5987749099731445,0.7988805174827576,0.5345591902732849
23431,0.0,0.06038856506347656,0.0,0.33645540475845337
23432,0.08984375,0.16137048602104187,0.3333333134651184,0.4978655278682709
23433,0.0,0.236674502491951,0.0,0.34722039103507996
23434,0.966796875,0.9674268364906311,0.7653606534004211,0.7827786803245544
23435,0.25390625,0.3212818205356598,0.39664164185523987,0.4531060457229614
23436,0.518798828125,0.5730921030044556,0.6967307925224304,0.7218847274780273
23437,0.08984375,0.14595478773117065,0.3333333134651184,0.36695167422294617
23438,0.393798828125,0.4337228238582611,0.5977610945701599,0.5140193700790405
23439,0.0,0.0,0.0,0.0
23440,0.3599446713924408,0.41286998987197876,0.36623337864875793,0.4681410491466522
23441,0.197998046875,0.2753891348838806,0.29449179768562317,0.493015855550766
23442,0.556884765625,0.5975415110588074,0.3877114951610565,0.46782171726226807
23443,0.110107421875,0.17745277285575867,0.16497723758220673,0.25358447432518005
23444,0.956298828125,0.9601814150810242,1.0,0.89207923412323
23445,0.197998046875,0.26639407873153687,0.29449179768562317,0.4003574252128601
23446,0.953369140625,0.9555748701095581,1.0,0.8544350862503052
23447,0.3599446713924408,0.45034411549568176,0.36623337864875793,0.5803658366203308
23448,0.9507649540901184,0.9562488794326782,0.7292529344558716,0.7180324792861938
23449,0.374755859375,0.4195185899734497,0.6128985285758972,0.6675240397453308
23450,0.08203125,0.1150883287191391,0.23463936150074005,0.29863667488098145
23451,0.943115234375,0.9513493776321411,0.6126077175140381,0.6674467921257019
23452,0.9507649540901184,0.9550886750221252,0.8898733854293823,0.775761067867279
23453,0.567138671875,0.5896496772766113,0.7988805174827576,0.7084463834762573
23454,0.08203125,0.1452271044254303,0.3631143569946289,0.6244461536407471
23455,0.393798828125,0.44460824131965637,0.5977610945701599,0.5517717599868774
23456,0.21875,0.28980138897895813,0.3419274091720581,0.4812934398651123
23457,0.556884765625,0.5953426361083984,0.8308104276657104,0.7108468413352966
23458,0.951904296875,0.956548810005188,0.7122209072113037,0.5779443979263306
23459,0.2774251401424408,0.3272431194782257,0.8435737490653992,0.6137436628341675
23460,0.706298828125,0.7097364664077759,0.871160089969635,0.817702054977417
23461,0.393798828125,0.45233726501464844,0.5977610945701599,0.6532264947891235
23462,0.228759765625,0.2661837041378021,0.6461858153343201,0.4536765515804291
23463,0.110107421875,0.1310286521911621,0.5158474445343018,0.5877242684364319
23464,0.166259765625,0.22221629321575165,0.5307213068008423,0.6805917024612427
23465,0.393798828125,0.4681764841079712,0.38908666372299194,0.6147879362106323
23466,0.953369140625,0.9591633081436157,0.7479812502861023,0.8281713128089905
23467,0.962158203125,0.9626930356025696,0.8420895934104919,0.789438009262085
23468,0.953369140625,0.9603316783905029,0.6543781161308289,0.7642601728439331
23469,0.95703125,0.9576834440231323,0.8046074509620667,0.8410460948944092
23470,0.08984375,0.13583391904830933,0.3333333134651184,0.4006757438182831
23471,0.146728515625,0.199615940451622,0.58057701587677,0.737902820110321
23472,0.08203125,0.19868147373199463,0.10055973380804062,0.3655738830566406
23473,0.9673665165901184,0.9678964614868164,0.8748590350151062,0.8925458788871765
23474,0.166259765625,0.20888599753379822,0.5307213068008423,0.68374103307724
23475,0.0,0.16880756616592407,0.0,0.3756263554096222
23476,0.02083333395421505,0.08247645944356918,0.04811027646064758,0.16142845153808594
23477,0.518798828125,0.572645366191864,0.6967307925224304,0.7021349668502808
23478,0.1875,0.286374568939209,0.2886616587638855,0.4747351408004761
23479,0.0,0.07552605867385864,0.0,0.34046703577041626
23480,0.580322265625,0.6367355585098267,0.5636333227157593,0.7657752633094788
23481,0.260498046875,0.3347303569316864,0.34397661685943604,0.4219290614128113
23482,0.0,0.07897552847862244,0.0,0.16982100903987885
23483,0.304931640625,0.3534148037433624,0.4285714626312256,0.4412061274051666
23484,0.606689453125,0.6421518921852112,1.0,0.9371166229248047
23485,0.197998046875,0.23117011785507202,0.6871474981307983,0.6007683277130127
23486,0.951904296875,0.9568527340888977,0.8690900206565857,0.8059923052787781
23487,0.110107421875,0.1721244752407074,0.16497723758220673,0.28030925989151
23488,0.508056640625,0.5100927948951721,0.7131452560424805,0.6810935139656067
23489,0.110107421875,0.20519320666790009,0.1428571492433548,0.3603508770465851
23490,0.304931640625,0.3753248453140259,0.4285714626312256,0.4622917175292969
23491,0.580322265625,0.6211146712303162,0.86592036485672,0.7740184664726257
23492,0.304931640625,0.3832358121871948,0.4285714626312256,0.5225462913513184
23493,0.4375,0.44921875,0.6735438704490662,0.6832725405693054
23494,0.08984375,0.12571048736572266,0.3333333134651184,0.2851974070072174
23495,0.1875,0.22027704119682312,0.7262287139892578,0.8972343802452087
23496,0.304931640625,0.37123391032218933,0.4285714626312256,0.48198202252388
23497,0.953369140625,0.9559935331344604,0.912726640701294,0.7695150375366211
23498,0.518798828125,0.544366717338562,0.6967307925224304,0.5416995882987976
23499,0.1875,0.24385841190814972,0.4692787230014801,0.44284164905548096
23500,0.499755859375,0.5484017133712769,0.629690945148468,0.685696542263031
23501,0.091796875,0.18687643110752106,0.255120187997818,0.6539236903190613
23502,0.212890625,0.23975099623203278,0.5679726600646973,0.47855934500694275
23503,0.967041015625,0.9676273465156555,0.9284793138504028,0.7990931868553162
23504,0.967041015625,0.9677090048789978,0.8122885227203369,0.8811082243919373
23505,0.499755859375,0.576242983341217,0.629690945148468,0.6173291802406311
23506,0.606689453125,0.6494601964950562,0.6509066820144653,0.7524771690368652
23507,0.110107421875,0.1780877411365509,0.3333333134651184,0.4795132577419281
23508,0.466064453125,0.5182928442955017,0.629499077796936,0.8465754389762878
23509,0.606689453125,0.6300642490386963,1.0,0.6933269500732422
23510,0.0625,0.1070733368396759,0.23463936150074005,0.45810145139694214
23511,0.488037109375,0.5190768837928772,0.8785831332206726,0.799475908279419
23512,0.490234375,0.5651834011077881,0.5961710214614868,0.6960808634757996
23513,0.393798828125,0.43232420086860657,0.690318763256073,0.7124385833740234
23514,0.968017578125,0.9680551290512085,1.0,0.8095017075538635
23515,0.951904296875,0.9562329649925232,0.8690900206565857,0.7476286292076111
23516,0.606689453125,0.6306073665618896,1.0,0.8214871883392334
23517,0.956298828125,0.9589640498161316,1.0,0.8485821485519409
23518,0.344482421875,0.38941168785095215,0.38908666372299194,0.4914955198764801
23519,0.946533203125,0.95241379737854,0.6577322483062744,0.6595621705055237
23520,0.531982421875,0.565700888633728,0.7462155222892761,0.6841254830360413
23521,0.304931640625,0.3491308391094208,1.0,0.7411010265350342
23522,0.962158203125,0.9624968767166138,0.9625431895256042,0.8299149870872498
23523,0.488037109375,0.538328230381012,0.7069194316864014,0.7535358667373657
23524,0.431884765625,0.4846024215221405,0.4763599932193756,0.6150828003883362
23525,0.25390625,0.30135825276374817,0.5692896842956543,0.6366415619850159
23526,0.659423828125,0.664231538772583,0.6764605641365051,0.7597314119338989
23527,0.146728515625,0.17190015316009521,0.48975956439971924,0.46396404504776
23528,0.9466145634651184,0.9504938125610352,0.8072783350944519,0.7294378280639648
23529,0.228759765625,0.2984471321105957,0.3198178708553314,0.510646641254425
23530,0.567138671875,0.5876725912094116,0.7988805174827576,0.5682480335235596
23531,0.946533203125,0.9547054767608643,0.8026000261306763,0.8749755024909973
23532,0.1875,0.23908887803554535,0.2886616587638855,0.42662981152534485
23533,0.0,0.033447265625,0.0,0.24618571996688843
23534,0.9507649540901184,0.9556187391281128,0.8898733854293823,0.7955721616744995
23535,0.304931640625,0.3736070990562439,0.4285714626312256,0.5686162710189819
23536,0.150390625,0.156341552734375,0.4525081515312195,0.36434999108314514
23537,0.953369140625,0.958359956741333,0.912726640701294,0.9567375183105469
23538,0.300537109375,0.3249130845069885,0.4636814594268799,0.3885539174079895
23539,0.2044270783662796,0.3003436326980591,0.3367719352245331,0.5074201226234436
23540,0.02083333395421505,0.04456838220357895,0.12103812396526337,0.22791612148284912
23541,0.2774251401424408,0.3569759428501129,0.36153164505958557,0.41393449902534485
23542,0.518798828125,0.5786911249160767,0.6967307925224304,0.7008305191993713
23543,0.166259765625,0.23200254142284393,0.2626707851886749,0.40540722012519836
23544,0.304931640625,0.39422571659088135,0.4285714626312256,0.5858712792396545
23545,0.146728515625,0.18380123376846313,0.48975956439971924,0.3986317217350006
23546,0.263671875,0.33361905813217163,0.32801172137260437,0.46041741967201233
23547,0.518798828125,0.5859240889549255,0.4535067081451416,0.5469551086425781
23548,0.606689453125,0.6381259560585022,1.0,0.887898325920105
23549,0.556884765625,0.5980160236358643,0.8308104276657104,0.6738348007202148
23550,0.9388020634651184,0.9392598271369934,0.8427215218544006,0.6830880641937256
23551,0.260498046875,0.3353702127933502,0.34397661685943604,0.3319517970085144
23552,0.499755859375,0.5602822303771973,0.629690945148468,0.7225162982940674
23553,0.967041015625,0.9676681160926819,0.8122885227203369,0.9064274430274963
23554,0.580322265625,0.5984947681427002,0.5636333227157593,0.42300134897232056
23555,0.23828125,0.2506837248802185,0.8344475626945496,0.8911429047584534
23556,0.260498046875,0.3267739415168762,0.397238165140152,0.5029109716415405
23557,0.16796875,0.21041721105575562,0.3198178708553314,0.37439677119255066
23558,0.374755859375,0.4265085458755493,0.5307213068008423,0.548464298248291
23559,0.166259765625,0.25653383135795593,0.22745199501514435,0.3327997028827667
23560,0.946533203125,0.9547070264816284,0.575423002243042,0.7790029048919678
23561,0.567138671875,0.6101836562156677,0.7988805174827576,0.6090306043624878
23562,0.44921875,0.49538275599479675,0.7216541767120361,0.7455294728279114
23563,0.5694172978401184,0.5731045603752136,0.5657033920288086,0.4604397416114807
23564,0.956298828125,0.9590160250663757,1.0,0.9567791223526001
23565,0.606689453125,0.6417991518974304,1.0,0.9188462495803833
23566,0.166259765625,0.2397422343492508,0.32645606994628906,0.4938957989215851
23567,0.47265625,0.5560295581817627,0.5698384642601013,0.6272674202919006
23568,0.03125,0.09453582763671875,0.09869397431612015,0.2974594831466675
23569,0.567138671875,0.6057783961296082,0.7988805174827576,0.8230685591697693
23570,0.110107421875,0.110107421875,0.5158474445343018,0.3579310476779938
23571,0.956298828125,0.9602754712104797,1.0,0.9682989120483398
23572,0.146728515625,0.22089950740337372,0.24239754676818848,0.4170396327972412
23573,0.150390625,0.18863773345947266,0.4525081515312195,0.42079827189445496
23574,0.556884765625,0.5871726274490356,0.8308104276657104,0.8006569743156433
23575,0.946533203125,0.9527323842048645,0.8026000261306763,0.8991506099700928
23576,0.968017578125,0.9680772423744202,1.0,0.9293714165687561
23577,0.488037109375,0.549724817276001,0.6121358871459961,0.5411900281906128
23578,0.518798828125,0.594666063785553,0.4535067081451416,0.6488472819328308
23579,0.228759765625,0.32108327746391296,0.276936799287796,0.4482181966304779
23580,0.580322265625,0.6275984048843384,0.86592036485672,0.7506739497184753
23581,0.956298828125,0.9596447348594666,1.0,0.857122540473938
23582,0.567138671875,0.6181361079216003,0.37281090021133423,0.46574273705482483
23583,0.940673828125,0.9527064561843872,0.5768473744392395,0.725022554397583
23584,0.393798828125,0.4230266809463501,0.5977610945701599,0.4018339216709137
23585,0.9673665165901184,0.9676865935325623,1.0,0.7814460396766663
23586,0.09375,0.09375,0.6309297680854797,0.6309297680854797
23587,0.584228515625,0.5846823453903198,0.6245770454406738,0.5920456051826477
23588,0.0,0.0,0.0,0.0
23589,0.951171875,0.9567147493362427,0.694340705871582,0.6704453229904175
23590,0.580322265625,0.6130536198616028,0.86592036485672,0.8142521381378174
23591,0.967041015625,0.967563807964325,0.8122885227203369,0.6830136179924011
23592,0.393798828125,0.4497505724430084,0.5977610945701599,0.5854558944702148
23593,0.44921875,0.5233158469200134,0.5027986764907837,0.6159462332725525
23594,0.374755859375,0.4472510516643524,0.5307213068008423,0.6751240491867065
23595,0.228759765625,0.25942108035087585,1.0,0.8588799238204956
23596,0.556884765625,0.5966399312019348,0.8308104276657104,0.8684243559837341
23597,0.08984375,0.17158104479312897,0.20503923296928406,0.4279950261116028
23598,0.556884765625,0.586424708366394,0.8308104276657104,0.5758665800094604
23599,0.518798828125,0.5574512481689453,1.0,0.9298112988471985
23600,0.556884765625,0.6059263348579407,0.8308104276657104,0.7732926607131958
23601,0.953369140625,0.9568915963172913,0.912726640701294,0.8103565573692322
23602,0.518798828125,0.5710797309875488,0.6967307925224304,0.6021837592124939
23603,0.150390625,0.21056127548217773,0.19393208622932434,0.24299193918704987
23605,0.962158203125,0.9626901149749756,0.8420895934104919,0.9130665063858032
23606,0.466064453125,0.5055689811706543,0.5450960993766785,0.4441690146923065
23607,0.606689453125,0.6231099963188171,1.0,0.7182387709617615
23608,0.304931640625,0.39362964034080505,0.4285714626312256,0.6460300087928772
23609,0.263671875,0.3262826204299927,0.7653606534004211,0.7662501931190491
23610,0.212890625,0.32586759328842163,0.24341687560081482,0.46335238218307495
23611,0.962158203125,0.9625556468963623,0.8420895934104919,0.7633635997772217
23612,0.197998046875,0.27273958921432495,0.34009110927581787,0.5352768898010254
23613,0.166259765625,0.2440442144870758,0.5307213068008423,0.5896649360656738
23614,0.03125,0.0574951171875,0.0488467775285244,0.11453212052583694
23615,0.466064453125,0.567089319229126,0.2907647490501404,0.6380482316017151
23616,0.344482421875,0.3846243917942047,0.5977610945701599,0.6765643954277039
23617,0.2774251401424408,0.3602452576160431,0.36153164505958557,0.4351615905761719
23618,0.9668782353401184,0.9673969745635986,0.892719030380249,0.7556819319725037
23619,0.962158203125,0.962639570236206,0.8420895934104919,0.9050342440605164
23620,0.300537109375,0.3803965747356415,0.4636814594268799,0.5478560328483582
23621,0.9673665165901184,0.9677963256835938,0.8748590350151062,0.8862432241439819
23622,0.968017578125,0.9680761694908142,1.0,0.9080878496170044
23623,0.953369140625,0.9591720700263977,0.6543781161308289,0.5828999280929565
23624,0.606689453125,0.6355566382408142,1.0,0.8380694389343262
23625,0.9673665165901184,0.9679083824157715,0.8748590350151062,0.8380008935928345
23627,0.968017578125,0.9680556058883667,1.0,0.7847563028335571
23628,0.962158203125,0.9625909924507141,0.9625431895256042,0.9308050870895386
23629,0.946533203125,0.9527781009674072,0.8793432712554932,0.8879632353782654
23630,0.110107421875,0.19497939944267273,0.3333333134651184,0.6889523267745972
23631,0.23828125,0.2981114983558655,0.30167919397354126,0.33811360597610474
23632,0.12109375,0.16975414752960205,0.19355076551437378,0.23396672308444977
23633,0.518798828125,0.5687016844749451,0.6967307925224304,0.585695207118988
23634,0.261474609375,0.3178751468658447,0.4285714626312256,0.4471500813961029
23635,0.263671875,0.3465750813484192,0.37880125641822815,0.5878954529762268
23636,0.606689453125,0.6287471055984497,1.0,0.8954474329948425
23637,0.659423828125,0.6643028855323792,0.5918076038360596,0.7007358074188232
23638,0.962158203125,0.962557852268219,0.8420895934104919,0.7920554280281067
23639,0.263671875,0.38418126106262207,0.37880125641822815,0.7287928462028503
23640,0.499755859375,0.5253316164016724,0.7271926999092102,0.5964269638061523
23641,0.619873046875,0.627936065196991,0.4733748733997345,0.6900454759597778
23642,0.455078125,0.5337863564491272,0.5115761756896973,0.6174134612083435
23643,0.0,0.02773699164390564,0.0,0.35125160217285156
23644,0.968017578125,0.9680628776550293,1.0,0.7640549540519714
23645,0.9375,0.9469927549362183,0.6545500159263611,0.7486881613731384
23646,0.1106770858168602,0.1606326699256897,0.18525049090385437,0.2607869803905487
23647,0.3599446713924408,0.41575178503990173,0.6497723460197449,0.7285110950469971
23648,0.953369140625,0.9574168920516968,0.912726640701294,0.9571032524108887
23649,0.05078125,0.1296185851097107,0.2097114622592926,0.5758728384971619
23650,0.606689453125,0.6394485235214233,1.0,0.7795519828796387
23651,0.560546875,0.6101052165031433,0.7653606534004211,0.5755336284637451
23652,0.9668782353401184,0.9673546552658081,0.892719030380249,0.901793897151947
23653,0.956298828125,0.9604508280754089,0.7169486284255981,0.7061234712600708
23654,0.304931640625,0.3676678240299225,1.0,0.8943286538124084
23655,0.23046875,0.27407389879226685,0.38063758611679077,0.43979278206825256
23656,0.23828125,0.32217973470687866,0.43299248814582825,0.5988254547119141
23657,0.09375,0.17164315283298492,0.1821252405643463,0.36058902740478516
23658,0.47265625,0.5366515517234802,0.6580725908279419,0.7190514802932739
23659,0.951904296875,0.956838071346283,0.7122209072113037,0.6648359894752502
23660,0.3599446713924408,0.4005314111709595,0.5626510977745056,0.5922480821609497
23661,0.947998046875,0.9517947435379028,0.8348100185394287,0.7579032182693481
23662,0.08984375,0.23481708765029907,0.10187789052724838,0.358048677444458
23663,0.0,0.06203896552324295,0.0,0.2147025316953659
23664,0.267578125,0.3588097095489502,0.36312174797058105,0.5550390481948853
23665,0.166259765625,0.2308385968208313,0.32645606994628906,0.3968464434146881
23666,0.968017578125,0.9680689573287964,1.0,0.955976128578186
23667,0.05078125,0.11832523345947266,0.17690707743167877,0.3208758533000946
23668,0.260498046875,0.2895088195800781,0.8026120662689209,0.9413045644760132
23669,0.2774251401424408,0.38866397738456726,0.36153164505958557,0.6850176453590393
23670,0.518798828125,0.5829483270645142,0.496870219707489,0.7260589003562927
23671,0.560546875,0.6100559234619141,0.7653606534004211,0.6851550340652466
23672,0.3599446713924408,0.42806482315063477,0.5626510977745056,0.6386088728904724
23673,0.556884765625,0.585538923740387,0.8308104276657104,0.6079949736595154
23674,0.2044270783662796,0.27373579144477844,0.5474918484687805,0.7049854397773743
23675,0.25390625,0.33674100041389465,0.39664164185523987,0.5729430317878723
23676,0.3599446713924408,0.40405330061912537,0.6497723460197449,0.6809878349304199
23677,0.499755859375,0.5471069812774658,0.629690945148468,0.6097630262374878
23679,0.956298828125,0.959924042224884,1.0,0.9352371692657471
23680,0.946533203125,0.9511581659317017,0.8793432712554932,0.857357919216156
23681,0.2774251401424408,0.35287871956825256,0.5188971757888794,0.6086072325706482
23682,0.304931640625,0.38435110449790955,0.6151177287101746,0.6789324283599854
23683,0.09375,0.14008788764476776,0.29608193039894104,0.4720359146595001
23684,0.393798828125,0.4628334641456604,0.5977610945701599,0.6641558408737183
23685,0.431884765625,0.4631790518760681,0.7318407297134399,0.5965031385421753
23686,0.212890625,0.30749577283859253,0.24341687560081482,0.420868456363678
23687,0.110107421875,0.14537939429283142,0.5158474445343018,0.5842956304550171
23688,0.51953125,0.5646770596504211,0.45818498730659485,0.6063643097877502
23689,0.374755859375,0.4220149517059326,0.5307213068008423,0.5836930871009827
23690,0.47265625,0.5415199398994446,0.5698384642601013,0.8216819763183594
23691,0.953369140625,0.9578291177749634,0.912726640701294,0.8982605934143066
23692,0.956298828125,0.9597846269607544,1.0,0.8834726810455322
23693,0.953369140625,0.958265483379364,0.912726640701294,0.8178932070732117
23694,0.110107421875,0.2092222273349762,0.1428571492433548,0.4061070680618286
23695,0.304931640625,0.4072067141532898,0.4285714626312256,0.6060754060745239
23696,0.197998046875,0.24899712204933167,0.29449179768562317,0.365693062543869
23697,0.05078125,0.13498759269714355,0.08755692839622498,0.266697496175766
23698,0.580322265625,0.6176029443740845,0.86592036485672,0.6733630895614624
23699,0.499755859375,0.5374634265899658,0.629690945148468,0.43969398736953735
23700,0.499755859375,0.5504624843597412,0.9037794470787048,0.8636106848716736
23701,0.2774251401424408,0.3222132921218872,0.5188971757888794,0.48575177788734436
23702,0.580322265625,0.6107305884361267,0.86592036485672,0.6538519859313965
23703,0.30078125,0.3269413709640503,0.5307213068008423,0.4579679071903229
23704,0.580322265625,0.6233762502670288,0.86592036485672,0.8398160338401794
23705,0.432373046875,0.4385282099246979,0.4618985950946808,0.62361079454422
23706,0.567138671875,0.611135721206665,0.7988805174827576,0.7944782972335815
23707,0.968017578125,0.9680708646774292,1.0,0.8747372627258301
23708,0.706298828125,0.7097303867340088,0.871160089969635,0.7405803799629211
23710,0.580322265625,0.6323519349098206,0.86592036485672,0.9371166229248047
23711,0.9673665165901184,0.9677452445030212,1.0,0.9395286440849304
23712,0.110107421875,0.15698428452014923,0.1428571492433548,0.20275720953941345
23714,0.0,0.0403645858168602,0.0,0.16583004593849182
23715,0.2774251401424408,0.34554994106292725,0.4175114035606384,0.5107237696647644
23716,0.110107421875,0.15698428452014923,0.3951442539691925,0.5754929780960083
23717,0.304931640625,0.3540223240852356,0.6151177287101746,0.568212628364563
23718,0.166259765625,0.23703084886074066,0.5307213068008423,0.5592725276947021
23719,0.968017578125,0.9680629968643188,1.0,0.8959136605262756
23720,0.260498046875,0.3073427975177765,0.8026120662689209,0.622760534286499
23721,0.08203125,0.14793790876865387,0.11613046377897263,0.24024342000484467
23722,0.323974609375,0.3791581988334656,0.47805625200271606,0.4805411696434021
23723,0.263671875,0.3117855191230774,0.7653606534004211,0.601144552230835
23724,0.304931640625,0.38538557291030884,0.4285714626312256,0.7244068384170532
23725,0.490234375,0.6010240316390991,0.27821314334869385,0.4635784327983856
23726,0.518798828125,0.5713983774185181,0.6967307925224304,0.7617666125297546
23727,0.508056640625,0.5149847865104675,0.46666663885116577,0.5390607118606567
23728,0.9673665165901184,0.9678482413291931,0.8748590350151062,0.8834143280982971
23729,0.146728515625,0.2223707139492035,0.3012597858905792,0.46865296363830566
23730,0.219970703125,0.2855197489261627,0.34397661685943604,0.4630548655986786
23731,0.0,0.015625,0.0,0.13032376766204834
23732,0.466064453125,0.5120222568511963,0.7823625802993774,0.7088470458984375
23733,0.228759765625,0.27706944942474365,0.3974803686141968,0.40393730998039246
23734,0.712158203125,0.7125726938247681,0.7497180104255676,0.8135585784912109
23735,0.278564453125,0.3332003355026245,0.45805788040161133,0.5499095320701599
23736,0.431884765625,0.46661996841430664,0.7318407297134399,0.7332510352134705
23737,0.499755859375,0.5655294060707092,0.629690945148468,0.7138766646385193
23738,0.1875,0.2277723252773285,0.2886616587638855,0.2850586175918579
23739,0.0,0.010416666977107525,0.0,0.3562071919441223
23740,0.16796875,0.2167598158121109,0.34665608406066895,0.5808800458908081
23741,0.706298828125,0.708850622177124,0.871160089969635,0.7712681293487549
23742,0.556884765625,0.5992770791053772,0.4431702494621277,0.4894389808177948
23743,0.091796875,0.17617470026016235,0.15692895650863647,0.44526785612106323
23744,0.228759765625,0.2944318652153015,0.6461858153343201,0.6116079092025757
23745,0.580322265625,0.6267935633659363,0.4618985950946808,0.541671097278595
23746,0.16796875,0.19991075992584229,0.3974803686141968,0.41126325726509094
23747,0.0,0.025390625,0.0,0.0705542340874672
23748,0.968017578125,0.9680770635604858,1.0,0.9121332168579102
23749,0.962158203125,0.9625312685966492,0.8420895934104919,0.8701167702674866
23750,0.9673665165901184,0.9679023027420044,0.8748590350151062,0.9310397505760193
23751,0.304931640625,0.34081801772117615,1.0,0.7727957963943481
23752,0.9466145634651184,0.955100417137146,0.6615661382675171,0.8178851008415222
23753,0.606689453125,0.6363828182220459,1.0,0.8666418790817261
23754,0.946533203125,0.9522098898887634,0.8793432712554932,0.9277509450912476
23755,0.466064453125,0.5282406210899353,0.5450960993766785,0.4612217843532562
23756,0.091796875,0.12775571644306183,0.3948093354701996,0.47112324833869934
23757,0.968017578125,0.9680567383766174,1.0,0.7610134482383728
23758,0.560546875,0.5756545662879944,0.8838695287704468,0.8145179152488708
23759,0.146728515625,0.1980275809764862,0.48975956439971924,0.4556065499782562
23760,0.393798828125,0.43669965863227844,0.5977610945701599,0.5843971371650696
23761,0.3599446713924408,0.4189070463180542,0.40125197172164917,0.661072850227356
23762,0.580322265625,0.6129942536354065,0.86592036485672,0.8564533591270447
23763,0.23828125,0.30452704429626465,0.30167919397354126,0.3528626561164856
23764,0.365234375,0.39738133549690247,0.7136205434799194,0.6225056648254395
23765,0.606689453125,0.6365571618080139,1.0,0.7952502369880676
23766,0.499755859375,0.5495624542236328,0.629690945148468,0.6358051300048828
23767,0.556884765625,0.5968701839447021,0.8308104276657104,0.8259196877479553
23768,0.9375,0.9444180727005005,0.6545500159263611,0.6585431098937988
23769,0.606689453125,0.640346884727478,1.0,0.8190716505050659
23770,0.706298828125,0.7098826169967651,0.871160089969635,0.8825454115867615
23771,0.455078125,0.5400707125663757,0.5115761756896973,0.5109724998474121
23772,0.393798828125,0.4373268783092499,0.5977610945701599,0.5715846419334412
23773,0.9466145634651184,0.949615478515625,0.8844688534736633,0.7894098162651062
23774,0.228759765625,0.28615230321884155,0.3974803686141968,0.4570605158805847
23775,0.263671875,0.35049259662628174,0.4707868993282318,0.5948509573936462
23776,0.953369140625,0.9587681293487549,0.912726640701294,0.8868706226348877
23777,0.518798828125,0.5712550282478333,0.6967307925224304,0.7178739309310913
23778,0.2044270783662796,0.25162869691848755,0.5474918484687805,0.6116237640380859
23779,0.304931640625,0.3655247092247009,0.49493172764778137,0.60370272397995
23780,0.518798828125,0.5353245735168457,0.6967307925224304,0.4513159394264221
23781,0.968017578125,0.9680672883987427,1.0,0.8271085023880005
23782,0.23828125,0.32359302043914795,0.30167919397354126,0.48319822549819946
23783,0.606689453125,0.6366113424301147,1.0,0.7601956129074097
23784,0.228759765625,0.2641657888889313,0.3974803686141968,0.37314969301223755
23785,0.488037109375,0.538151741027832,0.7069194316864014,0.7407042384147644
23786,0.962158203125,0.9625958204269409,0.8420895934104919,0.9098072052001953
23787,0.431884765625,0.468056857585907,0.4763599932193756,0.4859667122364044
23788,0.146728515625,0.146728515625,0.7579237222671509,0.7579237222671509
23789,0.962158203125,0.9624305963516235,0.9625431895256042,0.9043683409690857
23790,0.110107421875,0.163970485329628,0.5158474445343018,0.7090146541595459
23791,0.304931640625,0.36196768283843994,0.4285714626312256,0.5043110847473145
23792,0.560546875,0.6036291122436523,0.7653606534004211,0.715766966342926
23793,0.962158203125,0.9626116156578064,0.8420895934104919,0.75737464427948
23794,0.091796875,0.098663330078125,0.7653606534004211,0.45749136805534363
23795,0.953369140625,0.9588664174079895,0.912726640701294,0.8904375433921814
23796,0.197998046875,0.24649371206760406,0.42267662286758423,0.4298827648162842
23797,0.146728515625,0.25594526529312134,0.2098969668149948,0.5670720338821411
23798,0.25390625,0.3197532594203949,0.39664164185523987,0.49499598145484924
23799,0.260498046875,0.3783727288246155,0.22389668226242065,0.49101370573043823
23800,0.567138671875,0.5973502397537231,0.7988805174827576,0.8079748153686523
23801,0.0625,0.13763266801834106,0.11613046377897263,0.3428640365600586
23802,0.374755859375,0.4422091841697693,0.6128985285758972,0.7408655881881714
23803,0.4778645932674408,0.4820450246334076,0.5657033920288086,0.5313069224357605
23804,0.518798828125,0.5543000102043152,0.6967307925224304,0.6564635634422302
23805,0.278564453125,0.3302472233772278,0.39664164185523987,0.3912216126918793
23806,0.365234375,0.42535898089408875,0.3236317038536072,0.4037036597728729
23807,0.150390625,0.21317291259765625,0.22396063804626465,0.32719534635543823
23808,0.110107421875,0.17018890380859375,0.2620770037174225,0.5167794823646545
23809,0.431884765625,0.4802743196487427,0.7318407297134399,0.8228381276130676
23810,0.12109375,0.18340778350830078,0.16759954392910004,0.2799973785877228
23812,0.12109375,0.130615234375,0.46358197927474976,0.4957275986671448
23813,0.393798828125,0.46038296818733215,0.5977610945701599,0.6033037900924683
23814,0.08984375,0.1081216037273407,0.1428571492433548,0.12124333530664444
23815,0.393798828125,0.46301037073135376,0.5977610945701599,0.6596984267234802
23816,0.712158203125,0.7126419544219971,0.7497180104255676,0.869206964969635
23817,0.146728515625,0.17729754745960236,0.48975956439971924,0.43247732520103455
23818,0.946533203125,0.951642632484436,0.8026000261306763,0.7858370542526245
23819,0.0625,0.0625,0.4692787230014801,0.4692787230014801
23820,0.0625,0.18437105417251587,0.10055973380804062,0.5035572648048401
23821,0.431884765625,0.4696776270866394,0.7318407297134399,0.6266822218894958
23822,0.267578125,0.30264511704444885,0.36312174797058105,0.35993897914886475
23823,0.9668782353401184,0.9673641324043274,0.892719030380249,0.8384140133857727
23824,0.580322265625,0.6298623085021973,0.86592036485672,0.7623753547668457
23825,0.304931640625,0.3714240789413452,0.4285714626312256,0.5925728678703308
23826,0.0625,0.07421875,0.4692787230014801,0.3052348792552948
23827,0.2044270783662796,0.2103780061006546,0.8472668528556824,0.5830870866775513
23828,0.5757650136947632,0.5794579386711121,0.6966133713722229,0.7069389820098877
23829,0.48828125,0.48891857266426086,0.6066363453865051,0.6505635380744934
23830,0.393798828125,0.44130170345306396,0.5977610945701599,0.6386293172836304
23831,0.606689453125,0.6384077072143555,1.0,0.7657790184020996
23832,0.228759765625,0.2609231472015381,1.0,0.896704912185669
23833,0.469970703125,0.4764454662799835,0.5407800078392029,0.6432286500930786
23834,0.9668782353401184,0.967341423034668,0.7810032963752747,0.7458539605140686
23835,0.9444172978401184,0.9497259855270386,0.8315341472625732,0.8119819164276123
23836,0.580322265625,0.6143002510070801,0.86592036485672,0.6604542136192322
23837,0.2044270783662796,0.2855273187160492,0.3367719352245331,0.4732853174209595
23838,0.3599446713924408,0.4220167398452759,0.5626510977745056,0.639421820640564
23839,0.260498046875,0.3109437823295593,0.8026120662689209,0.6573374271392822
23840,0.1875,0.2054850310087204,0.7262287139892578,0.5702869892120361
23841,0.580322265625,0.6256120204925537,0.86592036485672,0.7261937260627747
23842,0.518798828125,0.5930467247962952,0.6967307925224304,0.7817369699478149
23843,0.304931640625,0.37708237767219543,0.6151177287101746,0.6799448132514954
23844,0.606689453125,0.6282207369804382,1.0,0.6396268606185913
23845,0.110107421875,0.1528836190700531,0.5158474445343018,0.6656897068023682
23846,0.9673665165901184,0.9675162434577942,1.0,0.7511817216873169
23847,0.304931640625,0.39755478501319885,0.4285714626312256,0.5352507829666138
23848,0.304931640625,0.3465486764907837,0.49493172764778137,0.486129492521286
23849,0.304931640625,0.4018977880477905,0.2789600193500519,0.4600297510623932
23850,0.940673828125,0.9480350613594055,0.7038999795913696,0.7726076245307922
23851,0.3599446713924408,0.3888967037200928,0.36623337864875793,0.363269180059433
23852,0.110107421875,0.13411152362823486,1.0,0.7019727230072021
23853,0.03125,0.09398327767848969,0.15273310244083405,0.5175453424453735
23854,0.228759765625,0.3051925003528595,0.276936799287796,0.44814741611480713
23855,0.967041015625,0.9676989912986755,0.8122885227203369,0.8373543620109558
23856,0.9673665165901184,0.96772301197052,1.0,0.8975820541381836
23857,0.499755859375,0.5530759692192078,0.629690945148468,0.6756492257118225
23858,0.304931640625,0.4014650583267212,0.4285714626312256,0.5093578696250916
23859,0.518798828125,0.5599291324615479,0.8046129941940308,0.7495706081390381
23860,0.03125,0.15802764892578125,0.0488467775285244,0.29204869270324707
23861,0.2774251401424408,0.3755123019218445,0.36153164505958557,0.46410006284713745
23862,0.03125,0.0458984375,0.38685283064842224,0.6509209871292114
23863,0.212890625,0.27609291672706604,0.5679726600646973,0.5643102526664734
23864,0.518798828125,0.5549231767654419,0.6967307925224304,0.6013280153274536
23865,0.2774251401424408,0.3354334533214569,0.5188971757888794,0.5129345059394836
23866,0.499755859375,0.5746504664421082,0.629690945148468,0.6544605493545532
23867,0.606689453125,0.6406512260437012,1.0,0.9741686582565308
23868,0.490234375,0.5048736333847046,0.8556691408157349,0.7450722455978394
23869,0.488037109375,0.5449497103691101,0.6121358871459961,0.5502855181694031
23870,0.304931640625,0.3593347668647766,0.49493172764778137,0.5791282653808594
23871,0.02083333395421505,0.0360703244805336,0.12103812396526337,0.1836756467819214
23872,0.556884765625,0.5839476585388184,0.8308104276657104,0.7329447865486145
23873,0.606689453125,0.6271146535873413,1.0,0.6551946401596069
23874,0.267578125,0.3080235421657562,0.36312174797058105,0.3639560043811798
23875,0.393798828125,0.42794832587242126,0.8579513430595398,0.8071413636207581
23876,0.261474609375,0.31918153166770935,0.4285714626312256,0.5474452376365662
23877,0.2122395932674408,0.2870475649833679,0.36153164505958557,0.4939584732055664
23878,0.466064453125,0.5010657906532288,0.629499077796936,0.5651578307151794
23879,0.304931640625,0.3813754916191101,0.4285714626312256,0.6674492955207825
23880,0.44921875,0.5238307118415833,0.5027986764907837,0.679991602897644
23881,0.4375,0.5382500886917114,0.4692787528038025,0.6152191758155823
23882,0.499755859375,0.5444290637969971,0.629690945148468,0.6532214879989624
23883,0.580322265625,0.6077525019645691,0.86592036485672,0.5833941698074341
23884,0.499755859375,0.5343383550643921,0.9037794470787048,0.8106370568275452
23885,0.701904296875,0.7061659097671509,0.7402501106262207,0.7788078784942627
23886,0.9444172978401184,0.9499201774597168,0.8315341472625732,0.8325161933898926
23887,0.606689453125,0.632914125919342,1.0,0.8139846920967102
23888,0.304931640625,0.3846895694732666,0.49493172764778137,0.6864379644393921
23889,0.499755859375,0.5364296436309814,0.7271926999092102,0.7313855886459351
23890,0.228759765625,0.3556919991970062,0.276936799287796,0.4967035949230194
23891,0.261474609375,0.33716511726379395,0.4285714626312256,0.5048209428787231
23892,0.518798828125,0.564731240272522,1.0,0.9264011383056641
23893,0.968017578125,0.9680768251419067,1.0,0.7922726273536682
23894,0.2774251401424408,0.3140411376953125,0.5188971757888794,0.4934030771255493
23895,0.1875,0.2490088790655136,0.4692787230014801,0.5188946723937988
23896,0.9444172978401184,0.9469690918922424,0.8315341472625732,0.7794725298881531
23897,0.567138671875,0.5947635769844055,0.7988805174827576,0.6146050691604614
23898,0.323974609375,0.3819575011730194,0.5520787835121155,0.7129371166229248
23899,0.228759765625,0.2808057963848114,0.3974803686141968,0.4215463697910309
23900,0.953369140625,0.9566121697425842,0.912726640701294,0.7383343577384949
23901,0.08984375,0.20325003564357758,0.16497723758220673,0.40618035197257996
23902,0.304931640625,0.3516938090324402,1.0,0.784828782081604
23903,0.606689453125,0.6308267116546631,1.0,0.888836681842804
23904,0.228759765625,0.288064181804657,0.3198178708553314,0.36693310737609863
23905,0.956298828125,0.9598381519317627,0.8195018768310547,0.7600321769714355
23906,0.03125,0.08655411005020142,0.0488467775285244,0.18921515345573425
23907,0.304931640625,0.374919056892395,0.49493172764778137,0.6450080275535583
23908,0.344482421875,0.4017103314399719,0.5977610945701599,0.6421188116073608
23909,0.9673665165901184,0.9678028225898743,1.0,0.9316039681434631
23910,0.701171875,0.7098320722579956,0.5150786638259888,0.718130886554718
23911,0.499755859375,0.5292861461639404,0.9037794470787048,0.7517671585083008
23912,0.146728515625,0.1556549072265625,0.7579237222671509,0.5624407529830933
23913,0.968017578125,0.9680771827697754,1.0,0.7984534502029419
23914,0.261474609375,0.31509077548980713,0.4285714626312256,0.5590710639953613
23915,0.9673665165901184,0.9678471088409424,0.8748590350151062,0.7563705444335938
23916,0.21875,0.2401132583618164,0.29608193039894104,0.28608402609825134
23917,0.968017578125,0.9680666923522949,1.0,0.9644973874092102
23919,0.499755859375,0.5695734620094299,0.629690945148468,0.6133440136909485
23920,0.267578125,0.3143497109413147,0.36312174797058105,0.4768407642841339
23921,0.567138671875,0.625288724899292,0.7988805174827576,0.762272298336029
23922,0.556884765625,0.5814364552497864,0.9594535827636719,0.7980526089668274
23923,0.304931640625,0.37751758098602295,1.0,1.0
23924,0.03125,0.07509619742631912,0.0488467775285244,0.14635691046714783
23925,0.05078125,0.11150646209716797,0.10881868004798889,0.23019063472747803
23926,0.951904296875,0.9570914506912231,0.8690900206565857,0.809272050857544
23927,0.531982421875,0.573890745639801,0.7462155222892761,0.6372484564781189
23928,0.606689453125,0.6386754512786865,1.0,0.8249505758285522
23929,0.0,0.0162760429084301,0.0,0.21885058283805847
23930,0.3599446713924408,0.3998178541660309,0.5626510977745056,0.5463749766349792
23931,0.091796875,0.2517925798892975,0.1093372330069542,0.5028908252716064
23932,0.556884765625,0.605501115322113,0.8308104276657104,0.7397217154502869
23933,0.703369140625,0.7101520299911499,0.6423966884613037,0.7833496928215027
23934,0.956298828125,0.9584078788757324,1.0,0.8784238696098328
23935,0.962158203125,0.9624213576316833,0.8420895934104919,0.6714633107185364
23936,0.0,0.0,0.0,0.0
23937,0.946533203125,0.9565057158470154,0.6577322483062744,0.8615500330924988
23938,0.580322265625,0.604574978351593,0.4618985950946808,0.4280526340007782
23939,0.0625,0.07421875,0.1854327917098999,0.1776781976222992
23940,0.344482421875,0.3565003275871277,0.690318763256073,0.6658435463905334
23941,0.323974609375,0.3649323582649231,0.47805625200271606,0.49974632263183594
23942,0.968017578125,0.9680597186088562,1.0,0.8454959988594055
23943,0.967041015625,0.9678146243095398,0.8122885227203369,0.872019350528717
23944,0.943359375,0.9468235373497009,0.9184463024139404,0.7752573490142822
23945,0.344482421875,0.4004647731781006,0.5977610945701599,0.7376598119735718
23946,0.110107421875,0.16438718140125275,0.5158474445343018,0.7072182297706604
23947,0.51953125,0.5416787266731262,0.7039180994033813,0.7141646146774292
23948,0.263671875,0.33938902616500854,0.4707868993282318,0.6037520170211792
23949,0.110107421875,0.16840076446533203,0.1428571492433548,0.2395353615283966
23950,0.365234375,0.39892637729644775,0.7136205434799194,0.6087587475776672
23951,0.3059895932674408,0.38118645548820496,0.4357588291168213,0.46231698989868164
23952,0.25390625,0.3399321436882019,0.39664164185523987,0.5719172954559326
23953,0.518798828125,0.5753886699676514,0.6967307925224304,0.7317774295806885
23954,0.091796875,0.12003076076507568,0.3948093354701996,0.4494818150997162
23955,0.146728515625,0.2007768750190735,0.48975956439971924,0.6441231966018677
23956,0.556884765625,0.59749436378479,0.8308104276657104,0.6707877516746521
23957,0.260498046875,0.3202038109302521,0.34397661685943604,0.43269023299217224
23958,0.08203125,0.12295103073120117,0.3631143569946289,0.49583709239959717
23959,0.567138671875,0.6208963394165039,0.7988805174827576,0.6651735305786133
23960,0.9673665165901184,0.9676405191421509,1.0,0.7570214867591858
23961,0.304931640625,0.32673758268356323,1.0,0.6636375784873962
23962,0.556884765625,0.6059943437576294,0.8308104276657104,0.9503684043884277
23963,0.556884765625,0.5977847576141357,0.8308104276657104,0.7010163068771362
23964,0.110107421875,0.15094850957393646,0.3333333134651184,0.35168030858039856
23966,0.150390625,0.21352322399616241,0.2783457934856415,0.42082536220550537
23967,0.166259765625,0.1712188720703125,0.6291344165802002,0.535347044467926
23968,0.2774251401424408,0.38808438181877136,0.4175114035606384,0.7497890591621399
23969,0.146728515625,0.23116379976272583,0.48975956439971924,0.675554096698761
23970,0.499755859375,0.5475505590438843,0.629690945148468,0.6467820405960083
23972,0.0,0.0718296617269516,0.0,0.2506377398967743
23973,0.323974609375,0.35827288031578064,0.6861420273780823,0.6535364985466003
23974,0.2774251401424408,0.3933728337287903,0.36153164505958557,0.4750996232032776
23975,0.304931640625,0.3701346218585968,0.6151177287101746,0.7212221026420593
23976,0.956298828125,0.9606233239173889,0.7169486284255981,0.7484914064407349
23977,0.9673665165901184,0.9677101969718933,0.8748590350151062,0.762114942073822
23978,0.606689453125,0.6422219276428223,1.0,0.9068558812141418
23979,0.0,0.0,0.0,0.0
23980,0.967041015625,0.9676504731178284,0.8122885227203369,0.6657698154449463
23981,0.9388020634651184,0.9459006786346436,0.48492133617401123,0.4297615885734558
23982,0.968017578125,0.9680670499801636,1.0,0.8126680254936218
23983,0.3599446713924408,0.40011653304100037,0.5626510977745056,0.5239043235778809
23984,0.23046875,0.33609291911125183,0.32960182428359985,0.6113688945770264
23985,0.110107421875,0.19924449920654297,0.1428571492433548,0.33073684573173523
23986,0.953369140625,0.9561895728111267,0.912726640701294,0.7293485403060913
23987,0.946533203125,0.9516811370849609,0.8026000261306763,0.6929674744606018
23988,0.110107421875,0.16667814552783966,0.16497723758220673,0.30332231521606445
23989,0.09375,0.1069742813706398,0.35098522901535034,0.3678424656391144
23990,0.374755859375,0.44466376304626465,0.3454500138759613,0.48801717162132263
23991,0.703369140625,0.710346519947052,0.6423966884613037,0.8220959901809692
23992,0.091796875,0.15175344049930573,0.15692895650863647,0.2613915801048279
23993,0.567138671875,0.5937857627868652,0.5199966430664062,0.5544933080673218
23994,0.197998046875,0.26043936610221863,0.34009110927581787,0.44000619649887085
23995,0.560546875,0.6146821975708008,0.7653606534004211,0.7398270964622498
23996,0.946533203125,0.9522138237953186,0.8793432712554932,0.8576992154121399
23997,0.701904296875,0.7045166492462158,0.8110315203666687,0.7240006327629089
23998,0.110107421875,0.2268224060535431,0.1428571492433548,0.30567070841789246
23999,0.946533203125,0.9504477977752686,0.8026000261306763,0.7565103769302368
24000,0.703369140625,0.706078290939331,0.7838867902755737,0.7342145442962646
24001,0.946533203125,0.9549704790115356,0.575423002243042,0.6034595370292664
24002,0.606689453125,0.6420941352844238,1.0,0.9202181696891785
24003,0.706298828125,0.7101923227310181,0.6245770454406738,0.7006233334541321
24004,0.304931640625,0.3916187882423401,0.4285714626312256,0.5844196677207947
24005,0.946533203125,0.9547201991081238,0.8026000261306763,0.8211549520492554
24006,0.228759765625,0.26714080572128296,0.3974803686141968,0.43129420280456543
24007,0.967041015625,0.9675134420394897,0.9284793138504028,0.8534155488014221
24008,0.959228515625,0.9597640633583069,0.8722942471504211,0.8388423323631287
24009,0.4375,0.516855001449585,0.4692787528038025,0.5682618021965027
24010,0.9673665165901184,0.9678167104721069,0.8748590350151062,0.8374013304710388
24011,0.2774251401424408,0.36059653759002686,0.36153164505958557,0.4835590422153473
24012,0.499755859375,0.5675009489059448,0.629690945148468,0.6770403981208801
24013,0.393798828125,0.444050669670105,0.5977610945701599,0.6765643954277039
24014,0.606689453125,0.6493434906005859,0.5334192514419556,0.635773241519928
24015,0.968017578125,0.9680668711662292,1.0,0.8048833012580872
24016,0.968017578125,0.9680609107017517,1.0,0.8940243721008301
24017,0.606689453125,0.6400583386421204,1.0,0.9450935125350952
24018,0.12109375,0.14355584979057312,0.3910655975341797,0.3403172492980957
24019,0.0,0.010416666977107525,0.0,0.0719834566116333
24020,0.580322265625,0.628140926361084,0.86592036485672,0.8058048486709595
24021,0.953369140625,0.9589698314666748,0.7479812502861023,0.7700132131576538
24022,0.12109375,0.24773536622524261,0.16759954392910004,0.4643958508968353
24023,0.260498046875,0.3226363956928253,0.8026120662689209,0.7430579662322998
24024,0.14453125,0.2194819301366806,0.5307213068008423,0.6743021607398987
24025,0.091796875,0.22384163737297058,0.07116833329200745,0.33385512232780457
24026,0.110107421875,0.18043145537376404,0.3333333134651184,0.5169438719749451
24027,0.943115234375,0.9499841928482056,0.7475366592407227,0.6556057333946228
24028,0.518798828125,0.5622383952140808,0.6967307925224304,0.63480544090271
24029,0.9444172978401184,0.9498783946037292,0.7589633464813232,0.8196330666542053
24030,0.606689453125,0.6424567699432373,1.0,0.9432106614112854
24031,0.957763671875,0.9585047960281372,0.7236568927764893,0.7652207612991333
24032,0.08984375,0.14625699818134308,0.3333333134651184,0.4267629086971283
24033,0.706298828125,0.7072283029556274,0.871160089969635,0.7349212169647217
24034,0.9444172978401184,0.9535568356513977,0.6219719052314758,0.6621749997138977
24035,0.212890625,0.212890625,0.5679726600646973,0.3756093382835388
24036,0.304931640625,0.37764614820480347,0.49493172764778137,0.6610358953475952
24038,0.0625,0.068359375,0.4692787230014801,0.28371259570121765
24039,0.0,0.012500000186264515,0.0,0.049562081694602966
24040,0.606689453125,0.6416525840759277,1.0,0.8805432319641113
24041,0.431884765625,0.4758773148059845,0.7318407297134399,0.7333472371101379
24042,0.959228515625,0.959648072719574,0.8722942471504211,0.7150704264640808
24043,0.05078125,0.0784616470336914,0.10881868004798889,0.1464303582906723
24044,0.304931640625,0.37377840280532837,0.6151177287101746,0.7178558707237244
24045,0.466064453125,0.5611622333526611,0.5450960993766785,0.7001372575759888
24046,0.606689453125,0.6386998891830444,1.0,0.9079756736755371
24047,0.03125,0.04296875,0.38685283064842224,0.6240505576133728
24048,0.47265625,0.4966583251953125,0.8178747296333313,0.6660813689231873
24049,0.23828125,0.3165671229362488,0.30167919397354126,0.44037899374961853
24050,0.1106770858168602,0.16937470436096191,0.37429505586624146,0.4464198648929596
24051,0.706298828125,0.7094294428825378,0.871160089969635,0.7736340165138245
24052,0.606689453125,0.645341694355011,0.6509066820144653,0.8059871792793274
24053,0.0,0.0585123710334301,0.0,0.14621853828430176
24054,0.606689453125,0.628610372543335,1.0,0.7127810120582581
24055,0.556884765625,0.6034864187240601,0.8308104276657104,0.7390425801277161
24056,0.606689453125,0.6269517540931702,1.0,0.8621236681938171
24057,0.488037109375,0.5710487961769104,0.6121358871459961,0.6950156688690186
24058,0.701904296875,0.7073397636413574,0.7402501106262207,0.70737624168396
24059,0.518798828125,0.5522993206977844,0.6967307925224304,0.6647390127182007
24060,0.560546875,0.6042919754981995,0.7653606534004211,0.6493443846702576
24061,0.701904296875,0.707219660282135,0.7402501106262207,0.611643373966217
24062,0.943115234375,0.9474860429763794,0.9313938021659851,0.8388685584068298
24063,0.518798828125,0.5668070316314697,1.0,0.9621871709823608
24064,0.278564453125,0.35614269971847534,0.39664164185523987,0.49003076553344727
24065,0.47265625,0.5562186241149902,0.5698384642601013,0.6623240113258362
24066,0.967041015625,0.9677990674972534,0.8122885227203369,0.8728386163711548
24067,0.432373046875,0.43903928995132446,0.4040961265563965,0.4725303053855896
24068,0.03125,0.037109375,0.04229741916060448,0.05308946222066879
24069,0.3599446713924408,0.4096597135066986,0.5626510977745056,0.7016329169273376
24070,0.228759765625,0.3252463936805725,0.276936799287796,0.4207184910774231
24071,0.197998046875,0.2714897394180298,0.29449179768562317,0.4840652346611023
24072,0.946533203125,0.95343416929245,0.8026000261306763,0.8861876130104065
24073,0.2122395932674408,0.23939451575279236,0.5188971757888794,0.4532831907272339
24074,0.556884765625,0.6054866909980774,0.8308104276657104,0.7937198877334595
24075,0.08203125,0.1408436894416809,0.23463936150074005,0.48329997062683105
24076,0.951904296875,0.9585238695144653,0.6230928897857666,0.7224101424217224
24077,0.953369140625,0.9566128253936768,1.0,0.9295752048492432
24078,0.606689453125,0.6393782496452332,0.5334192514419556,0.6148418188095093
24079,0.518798828125,0.5687100887298584,0.6967307925224304,0.7245827317237854
24080,0.703369140625,0.7102952599525452,0.5620065331459045,0.6961005330085754
24081,0.2044270783662796,0.32183030247688293,0.3367719352245331,0.5909110903739929
24082,0.3059895932674408,0.3677457571029663,0.5032320022583008,0.6659399271011353
24083,0.0,0.0,0.0,0.0
24084,0.9444172978401184,0.9542476534843445,0.544137716293335,0.6571163535118103
24085,0.606689453125,0.6304280757904053,1.0,0.8767088055610657
24086,0.197998046875,0.2750803232192993,0.34009110927581787,0.459500253200531
24087,0.959228515625,0.9597610831260681,0.7631344795227051,0.6161516904830933
24088,0.0625,0.12113258242607117,0.15642623603343964,0.3336789608001709
24089,0.580322265625,0.6161208748817444,0.5636333227157593,0.6021327972412109
24090,0.606689453125,0.6212886571884155,1.0,0.8798757195472717
24091,0.0,0.0234375,0.0,0.31546488404273987
24092,0.197998046875,0.26274383068084717,0.6871474981307983,0.6424323320388794
24093,0.228759765625,0.2948615252971649,0.6461858153343201,0.653106153011322
24094,0.197998046875,0.28614288568496704,0.29449179768562317,0.5509095788002014
24095,0.488037109375,0.5545679330825806,0.6121358871459961,0.7714352607727051
24096,0.951171875,0.9517432451248169,0.8472716808319092,0.7921827435493469
24097,0.939453125,0.940673828125,0.6820816993713379,0.5386215448379517
24098,0.518798828125,0.5710797309875488,0.6967307925224304,0.8003386855125427
24099,0.261474609375,0.29913967847824097,0.6151177287101746,0.5800400376319885
24100,0.1875,0.24202005565166473,0.4692787230014801,0.43878689408302307
24101,0.393798828125,0.4440506398677826,0.5977610945701599,0.6353867053985596
24102,0.344482421875,0.39622247219085693,0.5977610945701599,0.5872936844825745
24103,0.0,0.0,0.0,0.0
24104,0.1106770858168602,0.2103835940361023,0.18525049090385437,0.46887075901031494
24105,0.12109375,0.20861949026584625,0.3910655975341797,0.5690654516220093
24106,0.580322265625,0.6185494661331177,0.86592036485672,0.852635383605957
24107,0.304931640625,0.3667822778224945,0.4285714626312256,0.4966855049133301
24108,0.091796875,0.091796875,1.0,1.0
24109,0.956298828125,0.9592915773391724,0.7169486284255981,0.6464218497276306
24110,0.2774251401424408,0.29924920201301575,0.8435737490653992,0.6473121047019958
24111,0.9507649540901184,0.9576827883720398,0.7292529344558716,0.7963641285896301
24112,0.393798828125,0.46054691076278687,0.5977610945701599,0.7802590131759644
24113,0.567138671875,0.6063803434371948,0.7988805174827576,0.8615419268608093
24114,0.499755859375,0.5424960851669312,0.9037794470787048,0.817750096321106
24115,0.323974609375,0.32732200622558594,0.6861420273780823,0.4526549279689789
24116,0.968017578125,0.9680594801902771,1.0,0.9408605098724365
24117,0.967041015625,0.9678068161010742,0.8122885227203369,0.8358789086341858
24118,0.962158203125,0.9625229835510254,0.9625431895256042,0.8245393633842468
24119,0.2774251401424408,0.3442661166191101,0.8435737490653992,0.7202927470207214
24120,0.9388020634651184,0.9388020634651184,0.9916236400604248,0.9916236400604248
24121,0.02083333395421505,0.10588537901639938,0.07821311801671982,0.41237330436706543
24122,0.956298828125,0.9595990180969238,0.8195018768310547,0.7053483724594116
24123,0.166259765625,0.2472950518131256,0.22745199501514435,0.31427010893821716
24124,0.953369140625,0.9587393403053284,0.912726640701294,0.9659382104873657
24125,0.0,0.0062500000931322575,0.0,0.06362079083919525
24126,0.260498046875,0.28627437353134155,0.8026120662689209,0.7488265633583069
24127,0.091796875,0.16668415069580078,0.15692895650863647,0.3836725056171417
24128,0.261474609375,0.30979230999946594,0.4285714626312256,0.420510858297348
24129,0.374755859375,0.4212213158607483,0.7617307901382446,0.7702839970588684
24130,0.606689453125,0.6377551555633545,1.0,0.869438111782074
24131,0.08203125,0.20702117681503296,0.14433082938194275,0.5238572359085083
24132,0.260498046875,0.3246515393257141,0.49370092153549194,0.5794968008995056
24133,0.490234375,0.5418639779090881,0.5961710214614868,0.6620475649833679
24134,0.956298828125,0.958503007888794,1.0,0.8971232175827026
24135,0.365234375,0.4437792897224426,0.4972013831138611,0.7041926383972168
24136,0.701904296875,0.7052402496337891,0.6066363453865051,0.6301457285881042
24137,0.951171875,0.954735279083252,0.694340705871582,0.6540310382843018
24138,0.488037109375,0.5539900064468384,0.6121358871459961,0.5858324766159058
24139,0.431884765625,0.47266829013824463,0.7318407297134399,0.7381392121315002
24140,0.9673665165901184,0.9677760004997253,0.8748590350151062,0.7346267104148865
24141,0.14453125,0.2003859281539917,0.22745199501514435,0.26221826672554016
24142,0.146728515625,0.2579697370529175,0.24239754676818848,0.5002140998840332
24143,0.166259765625,0.2257009744644165,0.22745199501514435,0.27889320254325867
24144,0.304931640625,0.3720039129257202,0.6151177287101746,0.7329536080360413
24145,0.701904296875,0.7062147855758667,0.7402501106262207,0.7195033431053162
24146,0.260498046875,0.35143518447875977,0.397238165140152,0.5636789202690125
24147,0.323974609375,0.397357314825058,0.3111700117588043,0.5847664475440979
24148,0.110107421875,0.17164243757724762,0.3333333134651184,0.5201529860496521
24149,0.393798828125,0.4418070614337921,0.5977610945701599,0.6486436128616333
24150,0.606689453125,0.6306600570678711,1.0,0.7662553787231445
24151,0.706298828125,0.7110831141471863,0.6245770454406738,0.742326021194458
24152,0.2774251401424408,0.3506680130958557,0.4175114035606384,0.557002067565918
24153,0.110107421875,0.18868540227413177,0.16497723758220673,0.36843040585517883
24154,0.197998046875,0.24965843558311462,0.6871474981307983,0.6494561433792114
24155,0.3599446713924408,0.42668086290359497,0.5626510977745056,0.6994993686676025
24156,0.580322265625,0.6184693574905396,0.86592036485672,0.9075652360916138
24157,0.967041015625,0.9675009250640869,0.9284793138504028,0.88264399766922
24158,0.3059895932674408,0.34925729036331177,0.5032320022583008,0.5059606432914734
24159,0.2774251401424408,0.32358551025390625,0.8435737490653992,0.8871799111366272
24160,0.518798828125,0.5832355618476868,0.6967307925224304,0.7414551973342896
24161,0.166259765625,0.20880790054798126,0.5307213068008423,0.4579577147960663
24162,0.110107421875,0.1724747121334076,0.3333333134651184,0.6233261823654175
24163,0.9444172978401184,0.9481472969055176,0.9456308484077454,0.8208658695220947
24164,0.951904296875,0.9550490975379944,0.8690900206565857,0.9275649785995483
24165,0.374755859375,0.4334545135498047,0.5307213068008423,0.6817200183868408
24166,0.0,0.0,0.0,0.0
24167,0.197998046875,0.2577188313007355,0.6871474981307983,0.6844085454940796
24168,0.2774251401424408,0.34217095375061035,0.2932012677192688,0.38906487822532654
24169,0.166259765625,0.21927885711193085,0.5307213068008423,0.4605856239795685
24170,0.951904296875,0.9548393487930298,0.9521908760070801,0.8783546686172485
24171,0.951904296875,0.956049382686615,0.9521908760070801,0.9206876754760742
24172,0.393798828125,0.4524678587913513,0.38908666372299194,0.4934330880641937
24173,0.9466145634651184,0.955168604850769,0.6615661382675171,0.7909653782844543
24174,0.267578125,0.33029478788375854,0.36312174797058105,0.5724374651908875
24175,0.956298828125,0.9590657353401184,1.0,0.9639391303062439
24176,0.951904296875,0.9550381898880005,0.8690900206565857,0.812299907207489
24177,0.606689453125,0.6381582021713257,1.0,0.7563967704772949
24178,0.228759765625,0.36861273646354675,0.15910254418849945,0.43483391404151917
24179,0.531982421875,0.5598649382591248,0.8617600202560425,0.8196921348571777
24180,0.518798828125,0.5775113105773926,0.6967307925224304,0.680492103099823
24181,0.05078125,0.11690650135278702,0.17690707743167877,0.4375591576099396
24182,0.228759765625,0.2742307484149933,0.3974803686141968,0.3618353009223938
24183,0.606689453125,0.6373687982559204,1.0,0.9101426601409912
24184,0.263671875,0.32572484016418457,0.7653606534004211,0.7066150307655334
24185,0.712158203125,0.7123987078666687,0.8569586873054504,0.765187680721283
24186,0.110107421875,0.2417006939649582,0.07620275020599365,0.30395886301994324
24187,0.110107421875,0.18346963822841644,0.16497723758220673,0.3839956820011139
24188,0.393798828125,0.4436113238334656,0.5977610945701599,0.6718541383743286
24189,0.560546875,0.6175258159637451,0.7653606534004211,0.7994345426559448
24190,0.091796875,0.12119388580322266,0.15692895650863647,0.2147129476070404
24191,0.08984375,0.12026089429855347,0.20503923296928406,0.2352655827999115
24192,0.606689453125,0.6417106986045837,1.0,0.8820480108261108
24193,0.1875,0.21252784132957458,0.7262287139892578,0.8677590489387512
24194,0.9668782353401184,0.9671264886856079,0.892719030380249,0.8417550921440125
24195,0.23828125,0.2715147137641907,0.7039180994033813,0.4942041337490082
24196,0.16796875,0.2249666154384613,0.276936799287796,0.3034784197807312
24197,0.0625,0.0777369886636734,0.4692787230014801,0.3875426650047302
24198,0.304931640625,0.3633233904838562,1.0,0.9052115678787231
24199,0.580322265625,0.6325886249542236,0.5636333227157593,0.7165560126304626
24200,0.946533203125,0.9527707099914551,0.8026000261306763,0.7490630745887756
24201,0.580322265625,0.6129942536354065,0.86592036485672,0.7066917419433594
24202,0.212890625,0.2840142846107483,0.5679726600646973,0.5181050300598145
24203,0.703369140625,0.7084013223648071,0.7838867902755737,0.7282004356384277
24204,0.580322265625,0.6275069117546082,0.5636333227157593,0.7313777804374695
24205,0.9375,0.9406917095184326,0.8155369758605957,0.705413281917572
24206,0.606689453125,0.636550784111023,1.0,0.8668757677078247
24207,0.110107421875,0.14183412492275238,0.5158474445343018,0.7139362692832947
24208,0.0,0.012500000186264515,0.0,0.38685280084609985
24209,0.431884765625,0.4701511263847351,0.7318407297134399,0.857667088508606
24210,0.267578125,0.30435559153556824,0.5766665935516357,0.7337997555732727
24211,0.304931640625,0.3417477011680603,1.0,0.9108436107635498
24212,0.946533203125,0.9513888359069824,0.8793432712554932,0.8797675371170044
24213,0.580322265625,0.6291242241859436,0.86592036485672,0.9155074954032898
24214,0.518798828125,0.5644957423210144,1.0,0.9130004644393921
24215,0.304931640625,0.3769473135471344,0.49493172764778137,0.646320104598999
24216,0.110107421875,0.15742024779319763,0.3333333134651184,0.509609580039978
24217,0.580322265625,0.6252647638320923,0.86592036485672,0.9000595211982727
24218,0.304931640625,0.3419204354286194,0.6151177287101746,0.6061218976974487
24219,0.197998046875,0.2976706326007843,0.1916866898536682,0.44805824756622314
24221,0.110107421875,0.1990969181060791,0.3333333134651184,0.5878493189811707
24222,0.263671875,0.3468937277793884,0.21350501477718353,0.34732091426849365
24223,0.951904296875,0.957809567451477,0.8690900206565857,0.8609880208969116
24224,0.2774251401424408,0.33601680397987366,0.8435737490653992,0.8706614375114441
24225,0.03125,0.13998663425445557,0.060708411037921906,0.348310649394989
24226,0.946533203125,0.9489784240722656,1.0,0.9109396934509277
24227,0.2774251401424408,0.3199160397052765,0.5188971757888794,0.5314610600471497
24228,0.03125,0.0550537109375,0.0775962620973587,0.1471066176891327
24229,0.466064453125,0.5015791654586792,0.7823625802993774,0.7763057947158813
24230,0.2044270783662796,0.27359890937805176,0.5474918484687805,0.6815634369850159
24231,0.16796875,0.22022688388824463,0.3974803686141968,0.5179437398910522
24232,0.9444172978401184,0.9496830105781555,0.8315341472625732,0.8178343176841736
24233,0.9673665165901184,0.9677296280860901,1.0,0.9273602962493896
24234,0.2044270783662796,0.24675655364990234,0.6490147709846497,0.777982234954834
24236,0.261474609375,0.3634496331214905,0.2789600193500519,0.4851702153682709
24237,0.956298828125,0.9588791728019714,1.0,0.9790766835212708
24238,0.946533203125,0.9499772191047668,0.8793432712554932,0.8471992015838623
24239,0.212890625,0.212890625,1.0,1.0
24240,0.393798828125,0.43463951349258423,0.5977610945701599,0.623400092124939
24241,0.2774251401424408,0.3890034556388855,0.36153164505958557,0.6583939790725708
24242,0.393798828125,0.44853782653808594,0.5977610945701599,0.7893571257591248
24243,0.0625,0.0708705335855484,0.24207624793052673,0.2513510286808014
24244,0.23046875,0.2573030889034271,0.5234342813491821,0.6595324873924255
24245,0.323974609375,0.374398410320282,0.47805625200271606,0.47928255796432495
24246,0.091796875,0.1761508584022522,0.15692895650863647,0.3551672399044037
24247,0.466064453125,0.4917301833629608,0.8656565546989441,0.8651314973831177
24248,0.518798828125,0.5528165102005005,1.0,0.8687607645988464
24249,0.197998046875,0.2057342529296875,0.8145672082901001,0.8207556009292603
24250,0.4375,0.4621643126010895,0.7452524900436401,0.8301428556442261
24251,0.374755859375,0.4255337715148926,0.5307213068008423,0.5621586441993713
24252,0.228759765625,0.2738085091114044,0.6461858153343201,0.7058584690093994
24253,0.518798828125,0.5246009826660156,1.0,1.0
24254,0.1875,0.1931423544883728,0.8262346386909485,0.9091417789459229
24255,0.228759765625,0.2708139419555664,0.6461858153343201,0.7358635663986206
24256,0.263671875,0.2896556556224823,0.90728360414505,0.875199556350708
24257,0.488037109375,0.5131949186325073,0.8785831332206726,0.9577959179878235
24258,0.166259765625,0.22467917203903198,0.5307213068008423,0.8058631420135498
24259,0.2044270783662796,0.23048563301563263,0.8472668528556824,0.936249852180481
24260,0.197998046875,0.27501508593559265,0.42267662286758423,0.6886157989501953
24261,0.2774251401424408,0.34388047456741333,0.8435737490653992,0.9622024893760681
24262,0.166259765625,0.2632143795490265,0.1844630092382431,0.4780770540237427
24263,0.03125,0.08177362382411957,0.15273310244083405,0.5494323372840881
24264,0.499755859375,0.5501906871795654,0.9037794470787048,0.9651834964752197
24265,0.946533203125,0.9510942697525024,1.0,0.9976606369018555
24267,0.23828125,0.28327661752700806,0.7039180994033813,0.856027364730835
24268,0.02083333395421505,0.0354817733168602,0.3065735995769501,0.5706417560577393
24269,0.2044270783662796,0.28314903378486633,0.3367719352245331,0.6726976633071899
24270,0.228759765625,0.30043643712997437,0.6461858153343201,0.8910908102989197
24271,0.0625,0.1179656833410263,0.24207624793052673,0.521524965763092
24272,0.260498046875,0.3173186779022217,0.8026120662689209,0.9099938869476318
24273,0.488037109375,0.5525149703025818,0.6121358871459961,0.8720788955688477
24274,0.08203125,0.12661314010620117,0.3631143569946289,0.6680524945259094
24275,0.263671875,0.36576658487319946,0.4707868993282318,0.684142529964447
24276,0.304931640625,0.373099148273468,1.0,1.0
24277,0.166259765625,0.19232413172721863,0.8213136792182922,0.8608506917953491
24278,0.518798828125,0.5376558303833008,1.0,0.9927393198013306
24279,0.110107421875,0.214644655585289,0.20503923296928406,0.6318022012710571
24280,0.212890625,0.22640419006347656,0.8789618015289307,0.8694831728935242
24281,0.567138671875,0.6129811406135559,0.4261382520198822,0.7045638561248779
24282,0.110107421875,0.11869049072265625,1.0,0.9709285497665405
24283,0.1875,0.24996162950992584,0.4692787230014801,0.5731509923934937
24284,0.02083333395421505,0.04971059411764145,0.07821311801671982,0.1778632253408432
24285,0.146728515625,0.2181108146905899,0.3012597858905792,0.4060060381889343
24286,0.03125,0.1070556640625,0.060708411037921906,0.2569175064563751
24287,0.490234375,0.5517560839653015,0.5961710214614868,0.7261874079704285
24288,0.3059895932674408,0.3805268108844757,0.4357588291168213,0.742135226726532
24289,0.260498046875,0.3112905025482178,0.34397661685943604,0.4104839563369751
24290,0.3599446713924408,0.4291400611400604,0.5626510977745056,0.6538646817207336
24291,0.953369140625,0.9576480984687805,0.912726640701294,0.7540038824081421
24292,0.3599446713924408,0.4018693268299103,0.5626510977745056,0.5705877542495728
24293,0.606689453125,0.6373687982559204,1.0,0.7683318853378296
24294,0.9444172978401184,0.9523208141326904,0.7589633464813232,0.7104724645614624
24295,0.228759765625,0.27100902795791626,0.6461858153343201,0.5013242363929749
24296,0.23828125,0.3177298903465271,0.2446610927581787,0.413483202457428
24297,0.946533203125,0.9527448415756226,0.8026000261306763,0.7836844325065613
24298,0.2774251401424408,0.37030237913131714,0.36153164505958557,0.5178946256637573
24299,0.47265625,0.47806137800216675,0.4784300625324249,0.5657045841217041
24300,0.2774251401424408,0.36485210061073303,0.36153164505958557,0.598147451877594
24301,0.706298828125,0.7080656290054321,0.871160089969635,0.683426022529602
24302,0.197998046875,0.2297946810722351,0.6871474981307983,0.6650486588478088
24303,0.9466145634651184,0.9518529772758484,0.8072783350944519,0.7376421689987183
24304,0.959228515625,0.960006058216095,0.7631344795227051,0.8527464270591736
24305,0.146728515625,0.1786922961473465,0.48975956439971924,0.3561098575592041
24306,0.304931640625,0.4048805236816406,0.4285714626312256,0.7555385828018188
24307,0.2044270783662796,0.25600960850715637,0.5474918484687805,0.5996867418289185
24308,0.374755859375,0.4503651559352875,0.5307213068008423,0.6892279982566833
24309,0.146728515625,0.2291518747806549,0.48975956439971924,0.7340831160545349
24310,0.0625,0.10651876032352448,0.23463936150074005,0.26442357897758484
24311,0.3599446713924408,0.42668795585632324,0.5626510977745056,0.6173014640808105
24312,0.9673665165901184,0.9679043889045715,0.8748590350151062,0.9371481537818909
24313,0.556884765625,0.5914907455444336,0.8308104276657104,0.6950456500053406
24314,0.518798828125,0.5709958672523499,0.6967307925224304,0.6621462106704712
24315,0.967041015625,0.9674510955810547,1.0,0.9727999567985535
24316,0.466064453125,0.5107077360153198,0.7823625802993774,0.7575023770332336
24317,0.304931640625,0.35458141565322876,1.0,0.7913443446159363
24318,0.518798828125,0.5604536533355713,0.6967307925224304,0.7046987414360046
24319,0.968017578125,0.9680711627006531,1.0,0.9218185544013977
24320,0.05078125,0.12557169795036316,0.08755692839622498,0.2510952949523926
24321,0.499755859375,0.5610446333885193,0.629690945148468,0.7457401156425476
24322,0.3125,0.32321032881736755,0.32727500796318054,0.45093220472335815
24323,0.9673665165901184,0.9676430821418762,1.0,0.7801509499549866
24324,0.967041015625,0.967551052570343,0.9284793138504028,0.8061186671257019
24325,0.968017578125,0.9680771231651306,1.0,0.9704115390777588
24327,0.431884765625,0.4802916347980499,0.7318407297134399,0.8009948134422302
24328,0.091796875,0.10552978515625,0.7653606534004211,0.6992148160934448
24329,0.228759765625,0.2679787874221802,0.3974803686141968,0.4331223964691162
24330,0.0,0.12006325274705887,0.0,0.31318557262420654
24331,0.580322265625,0.591691792011261,1.0,0.7821063995361328
24332,0.304931640625,0.3968145549297333,0.4285714626312256,0.6515657901763916
24333,0.2774251401424408,0.33452534675598145,0.36153164505958557,0.4087815284729004
24334,0.580322265625,0.6163973212242126,0.86592036485672,0.7925162315368652
24335,0.431884765625,0.4768708050251007,0.7318407297134399,0.7061792016029358
24336,0.23828125,0.27863118052482605,0.7039180994033813,0.5250440835952759
24337,0.323974609375,0.3581002354621887,0.47805625200271606,0.46612390875816345
24338,0.499755859375,0.5196608901023865,1.0,0.9443275332450867
24339,0.228759765625,0.2502638101577759,0.6461858153343201,0.538682758808136
24340,0.703369140625,0.705938458442688,0.8588406443595886,0.8094891905784607
24341,0.260498046875,0.3020251989364624,0.8026120662689209,0.6272255778312683
24342,0.61328125,0.618296205997467,0.6327316761016846,0.6201033592224121
24343,0.260498046875,0.30899369716644287,0.8026120662689209,0.6372138261795044
24344,0.47265625,0.5315089821815491,0.5698384642601013,0.6383844017982483
24345,0.166259765625,0.19197621941566467,0.5307213068008423,0.38242101669311523
24346,0.518798828125,0.5560817718505859,0.8046129941940308,0.7636171579360962
24347,0.05078125,0.1542373150587082,0.17690707743167877,0.4935864806175232
24348,0.46875,0.4839574694633484,0.3384338617324829,0.5956853628158569
24349,0.304931640625,0.4065081775188446,0.4285714626312256,0.7369869947433472
24350,0.304931640625,0.36018016934394836,0.4285714626312256,0.426634281873703
24351,0.110107421875,0.1483735889196396,1.0,0.9052116274833679
24352,0.0,0.03011300414800644,0.0,0.23690533638000488
24353,0.08984375,0.12454958260059357,0.3333333134651184,0.4627283811569214
24354,0.02083333395421505,0.02083333395421505,0.23463936150074005,0.1695801019668579
24355,0.304931640625,0.37885308265686035,0.49493172764778137,0.6382882595062256
24356,0.0625,0.15409094095230103,0.11613046377897263,0.3299269676208496
24357,0.580322265625,0.5980463624000549,1.0,0.7907761335372925
24358,0.518798828125,0.5610396862030029,0.6967307925224304,0.7284594178199768
24359,0.393798828125,0.4431559443473816,0.5977610945701599,0.7242925763130188
24360,0.304931640625,0.35062795877456665,0.49493172764778137,0.5160018801689148
24361,0.560546875,0.610725462436676,0.7653606534004211,0.8466086983680725
24362,0.0,0.0,0.0,0.0
24363,0.51953125,0.5774337649345398,0.7039180994033813,0.831425666809082
24364,0.431884765625,0.47385406494140625,0.7318407297134399,0.5969108939170837
24365,0.968017578125,0.9680647253990173,1.0,0.8762779831886292
24366,0.12109375,0.1588490605354309,0.605190634727478,0.6916384100914001
24367,0.21875,0.21875,0.6309297680854797,0.6309297680854797
24368,0.499755859375,0.523992657661438,0.9037794470787048,0.7280514240264893
24369,0.110107421875,0.1951691210269928,0.3333333134651184,0.618668258190155
24370,0.956298828125,0.9600356221199036,1.0,0.8785897493362427
24371,0.959228515625,0.9597960114479065,0.8722942471504211,0.7605296969413757
24372,0.091796875,0.091796875,1.0,1.0
24373,0.95703125,0.9577431678771973,0.7039180397987366,0.8264743089675903
24374,0.3599446713924408,0.43002626299858093,0.5626510977745056,0.6664482355117798
24375,0.466064453125,0.5330129265785217,0.5450960993766785,0.6911592483520508
24376,0.261474609375,0.31799769401550293,0.4285714626312256,0.4415057897567749
24377,0.9388020634651184,0.942020058631897,0.7410414814949036,0.7059536576271057
24378,0.499755859375,0.5510796308517456,0.9037794470787048,0.9658197164535522
24379,0.953369140625,0.9553254246711731,1.0,0.8500101566314697
24380,0.953369140625,0.9571759700775146,0.912726640701294,0.7248132824897766
24381,0.4778645932674408,0.4852343499660492,0.4055802822113037,0.576043963432312
24382,0.0625,0.079132080078125,0.4692787230014801,0.4228372573852539
24383,0.110107421875,0.19084280729293823,0.3333333134651184,0.5062466263771057
24384,0.0,0.0,0.0,0.0
24385,0.606689453125,0.6342449188232422,0.6509066820144653,0.6129921078681946
24386,0.166259765625,0.26873651146888733,0.22745199501514435,0.41993167996406555
24387,0.531982421875,0.5869565606117249,0.7462155222892761,0.790642499923706
24388,0.466064453125,0.509579598903656,0.629499077796936,0.6076153516769409
24389,0.366455078125,0.37850356101989746,0.2856633961200714,0.5872394442558289
24390,0.966796875,0.9674240946769714,0.8748388290405273,0.8804879188537598
24391,0.1106770858168602,0.14981141686439514,0.18525049090385437,0.21974724531173706
24392,0.0,0.05576855689287186,0.0,0.13265353441238403
24393,0.556884765625,0.5884034633636475,0.8308104276657104,0.5758922100067139
24394,0.946533203125,0.9501055479049683,1.0,0.8746350407600403
24395,0.606689453125,0.6348074674606323,1.0,0.8065000176429749
24396,0.304931640625,0.37796539068222046,0.4285714626312256,0.5286592841148376
24397,0.556884765625,0.6016553044319153,0.8308104276657104,0.76505047082901
24398,0.712158203125,0.7126064896583557,0.7497180104255676,0.8015106916427612
24399,0.499755859375,0.5345582365989685,0.9037794470787048,0.7431941032409668
24400,0.518798828125,0.5858728289604187,0.6967307925224304,0.7800413966178894
24401,0.580322265625,0.6097703576087952,0.86592036485672,0.6286643743515015
24402,0.261474609375,0.3458637297153473,0.4285714626312256,0.5982731580734253
24403,0.956298828125,0.9611234068870544,0.7169486284255981,0.8244389295578003
24404,0.1106770858168602,0.2258080095052719,0.16041216254234314,0.382164865732193
24405,0.304931640625,0.39640364050865173,0.4285714626312256,0.5501266717910767
24406,0.05078125,0.07495657354593277,0.13908983767032623,0.22476498782634735
24407,0.703369140625,0.7067106366157532,0.7838867902755737,0.7854486703872681
24408,0.966796875,0.9675388336181641,0.7653606534004211,0.6951227188110352
24409,0.953369140625,0.9559326767921448,1.0,0.872439980506897
24410,0.212890625,0.25519800186157227,0.5679726600646973,0.4941524863243103
24411,0.466064453125,0.5504117012023926,0.5450960993766785,0.5576598644256592
24412,0.606689453125,0.6402788162231445,1.0,0.8715649843215942
24413,0.110107421875,0.1951691210269928,0.3333333134651184,0.618668258190155
24414,0.08984375,0.10382843017578125,0.3333333134651184,0.3187636435031891
24415,0.531982421875,0.5849353075027466,0.7462155222892761,0.7012538313865662
24416,0.091796875,0.091796875,1.0,1.0
24417,0.47265625,0.4782460927963257,0.5961002111434937,0.6382784247398376
24418,0.580322265625,0.6288809776306152,0.86592036485672,0.791999101638794
24419,0.606689453125,0.6217542290687561,1.0,0.7632903456687927
24420,0.304931640625,0.36067745089530945,0.6151177287101746,0.6372588276863098
24421,0.263671875,0.2921525835990906,0.4707868993282318,0.4400393068790436
24422,0.08984375,0.16283521056175232,0.20503923296928406,0.32936450839042664
24423,0.490234375,0.5350114107131958,0.8556691408157349,0.7279849648475647
24424,0.518798828125,0.5644837617874146,1.0,0.9121727347373962
24425,0.261474609375,0.3090588450431824,0.6151177287101746,0.6418473720550537
24426,0.556884765625,0.5810273885726929,0.8308104276657104,0.6494876742362976
24427,0.518798828125,0.5935116410255432,0.6967307925224304,0.8032345771789551
24428,0.966796875,0.9671674966812134,0.9422276020050049,0.9201214909553528
24429,0.712158203125,0.7125325798988342,0.8569586873054504,0.7867302298545837
24430,0.633056640625,0.6371769309043884,0.715326726436615,0.70023512840271
24431,0.166259765625,0.22281120717525482,0.32645606994628906,0.39988335967063904
24432,0.263671875,0.2863032817840576,0.7653606534004211,0.5595301389694214
24433,0.966796875,0.9672220945358276,0.9422276020050049,0.9159073233604431
24434,0.304931640625,0.3585473895072937,1.0,0.7810642123222351
24435,0.2044270783662796,0.22376760840415955,0.5474918484687805,0.36269405484199524
24436,0.499755859375,0.5157834887504578,0.9037794470787048,0.681700587272644
24437,0.956298828125,0.9602985382080078,0.7169486284255981,0.8441277742385864
24438,0.4375,0.4639650881290436,0.8609101176261902,0.8804805874824524
24439,0.393798828125,0.45744478702545166,0.5977610945701599,0.774836003780365
24440,0.23046875,0.28949201107025146,0.32960182428359985,0.4858762323856354
24441,0.431884765625,0.46107229590415955,0.7318407297134399,0.6574329733848572
24442,0.580322265625,0.6099700331687927,0.86592036485672,0.81246018409729
24443,0.4375,0.45786458253860474,0.6735438704490662,0.5433211326599121
24444,0.0,0.0078125,0.0,0.08671382814645767
24445,0.9507649540901184,0.9557138681411743,0.8898733854293823,0.8126111626625061
24446,0.518798828125,0.5726542472839355,0.6967307925224304,0.6324663162231445
24447,0.580322265625,0.6156943440437317,0.86592036485672,0.7512832283973694
24448,0.260498046875,0.3642355799674988,0.34397661685943604,0.4725748598575592
24449,0.956298828125,0.9581144452095032,1.0,0.7829802632331848
24450,0.2774251401424408,0.36757853627204895,0.36153164505958557,0.5632532835006714
24451,0.304931640625,0.36436331272125244,1.0,0.8659475445747375
24452,0.08203125,0.0946197509765625,0.7039180994033813,0.46582311391830444
24453,0.606689453125,0.6270554065704346,1.0,0.9118055105209351
24454,0.962158203125,0.9625070691108704,0.9625431895256042,0.8740190863609314
24455,0.712158203125,0.7125997543334961,0.7497180104255676,0.793482780456543
24456,0.606689453125,0.6387239694595337,0.5334192514419556,0.6316285133361816
24457,0.556884765625,0.587553083896637,0.8308104276657104,0.6091583967208862
24458,0.580322265625,0.605918824672699,1.0,0.8646177053451538
24459,0.1106770858168602,0.19392439723014832,0.2302355170249939,0.47238689661026
24460,0.2774251401424408,0.3346567153930664,0.8435737490653992,0.7333177924156189
24461,0.03125,0.0708322525024414,0.15273310244083405,0.3217967748641968
24462,0.518798828125,0.5914413928985596,0.3716495931148529,0.5550501346588135
24463,0.166259765625,0.21223627030849457,0.5307213068008423,0.44774115085601807
24464,0.968017578125,0.9680667519569397,1.0,0.9753519296646118
24465,0.260498046875,0.3686318099498749,0.397238165140152,0.7299867868423462
24466,0.706298828125,0.7091588973999023,0.871160089969635,0.7008267045021057
24467,0.300537109375,0.3700321912765503,0.5354781746864319,0.723740816116333
24468,0.712158203125,0.7124743461608887,0.8569586873054504,0.76055908203125
24469,0.606689453125,0.6352072358131409,1.0,0.7465700507164001
24470,0.21875,0.25831109285354614,0.3419274091720581,0.38830721378326416
24471,0.110107421875,0.13963459432125092,0.20503923296928406,0.23153027892112732
24472,0.110107421875,0.17006340622901917,0.3951442539691925,0.6036862730979919
24473,0.2774251401424408,0.3400123715400696,0.5188971757888794,0.5648226141929626
24474,0.968017578125,0.9680550694465637,1.0,0.7017323970794678
24475,0.23828125,0.3610113859176636,0.30167919397354126,0.5575854182243347
24476,0.968017578125,0.9680711030960083,1.0,0.9456920623779297
24477,0.3599446713924408,0.41011831164360046,0.26257050037384033,0.3018663823604584
24478,0.956298828125,0.9601828455924988,0.8195018768310547,0.8750778436660767
24479,0.0625,0.0625,1.0,1.0
24480,0.304931640625,0.3621372580528259,1.0,0.8420630693435669
24481,0.197998046875,0.21509727835655212,0.29449179768562317,0.22672602534294128
24482,0.706298828125,0.7098880410194397,0.7139173746109009,0.6516304612159729
24483,0.2774251401424408,0.3219338059425354,0.5188971757888794,0.4666014313697815
24484,0.08984375,0.18499372899532318,0.09298666566610336,0.2740631401538849
24485,0.968017578125,0.9680629372596741,1.0,0.8379386067390442
24486,0.1875,0.2645292580127716,0.11554483324289322,0.21480518579483032
24487,0.304931640625,0.3909919261932373,0.4285714626312256,0.5475847125053406
24488,0.05078125,0.05078125,0.5307212471961975,0.38356634974479675
24489,0.953369140625,0.9577277302742004,0.912726640701294,0.8390737771987915
24490,0.9507649540901184,0.9530578851699829,0.8898733854293823,0.8311324119567871
24491,0.1106770858168602,0.18358564376831055,0.37429505586624146,0.5006296038627625
24492,0.706298828125,0.7101836204528809,0.871160089969635,0.8303757905960083
24493,0.953369140625,0.9573831558227539,0.912726640701294,0.8269371390342712
24494,0.261474609375,0.31787624955177307,0.4285714626312256,0.5320441126823425
24495,0.455078125,0.5066497325897217,0.7342523336410522,0.6695811748504639
24496,0.166259765625,0.2419903576374054,0.22745199501514435,0.31462377309799194
24497,0.968017578125,0.9680776596069336,1.0,0.7756102085113525
24498,0.2774251401424408,0.3030340075492859,0.36153164505958557,0.27822408080101013
24499,0.580322265625,0.6176146268844604,0.86592036485672,0.6566534042358398
24500,0.580322265625,0.6101852655410767,0.86592036485672,0.6043637990951538
24501,0.606689453125,0.6323237419128418,1.0,0.9254894256591797
24502,0.3599446713924408,0.4101964831352234,0.8075588941574097,0.886561393737793
24503,0.606689453125,0.6367652416229248,1.0,0.7678523063659668
24504,0.957763671875,0.9583323001861572,0.8271697163581848,0.8376370668411255
24505,0.300537109375,0.34411153197288513,0.6655102372169495,0.7934106588363647
24506,0.633056640625,0.6368989944458008,0.715326726436615,0.8154475688934326
24507,0.951904296875,0.957103431224823,0.7122209072113037,0.6707807779312134
24508,0.466064453125,0.5107106566429138,0.629499077796936,0.6374918818473816
24509,0.48828125,0.48924481868743896,0.5307213068008423,0.7015177607536316
24510,0.374755859375,0.40408462285995483,0.6128985285758972,0.5753523707389832
24511,0.3059895932674408,0.35231807827949524,0.4357588291168213,0.3456217646598816
24512,0.08203125,0.15939149260520935,0.11613046377897263,0.2611793577671051
24513,0.166259765625,0.21942679584026337,0.22745199501514435,0.29420045018196106
24514,0.2044270783662796,0.25271138548851013,0.3367719352245331,0.40603798627853394
24515,0.580322265625,0.6181561946868896,0.86592036485672,0.7522416710853577
24516,0.08203125,0.1014862060546875,0.23463936150074005,0.23086369037628174
24517,0.967041015625,0.9676671028137207,0.9284793138504028,0.89786297082901
24518,0.431884765625,0.4739486575126648,0.7318407297134399,0.6469790935516357
24519,0.556884765625,0.6001081466674805,0.5407800078392029,0.5787413716316223
24520,0.580322265625,0.6270328760147095,0.86592036485672,0.732651948928833
24521,0.580322265625,0.6319862008094788,0.86592036485672,0.8803272843360901
24522,0.150390625,0.24953866004943848,0.19393208622932434,0.4285268187522888
24523,0.518798828125,0.5784944891929626,0.6967307925224304,0.699080228805542
24524,0.260498046875,0.2660239040851593,0.9514426589012146,0.938318133354187
24525,0.2774251401424408,0.3097391724586487,0.8435737490653992,0.6484522223472595
24526,0.580322265625,0.6082398891448975,0.86592036485672,0.7261759638786316
24527,0.2044270783662796,0.2853633165359497,0.3367719352245331,0.44894006848335266
24528,0.260498046875,0.30850207805633545,0.34397661685943604,0.34787073731422424
24529,0.304931640625,0.39420345425605774,0.4285714626312256,0.6377416253089905
24530,0.431884765625,0.4720189571380615,0.7318407297134399,0.6305764317512512
24531,0.701171875,0.7085292339324951,0.5150786638259888,0.6260366439819336
24532,0.499755859375,0.5508365035057068,0.629690945148468,0.6885726451873779
24533,0.466064453125,0.5340583920478821,0.5450960993766785,0.5196754336357117
24534,0.9673665165901184,0.9677784442901611,1.0,0.9169154763221741
24535,0.03125,0.0508161261677742,0.29608193039894104,0.6340499520301819
24536,0.23046875,0.25496724247932434,0.23505397140979767,0.28598999977111816
24537,0.488037109375,0.5565744638442993,0.6121358871459961,0.5639093518257141
24538,0.1875,0.19384765625,0.5562983751296997,0.5049039721488953
24539,0.966796875,0.9671725630760193,0.8748388290405273,0.6535600423812866
24540,0.488037109375,0.527312159538269,0.7069194316864014,0.6863589882850647
24541,0.967041015625,0.9678117036819458,0.8122885227203369,0.8610366582870483
24542,0.12109375,0.1320037841796875,0.3910655975341797,0.29850122332572937
24543,0.580322265625,0.6095098257064819,0.5636333227157593,0.5172340869903564
24544,0.556884765625,0.5748180150985718,0.8308104276657104,0.6366923451423645
24545,0.606689453125,0.6383954882621765,1.0,0.8058048486709595
24546,0.12109375,0.2035466432571411,0.16759954392910004,0.23961198329925537
24547,0.02083333395421505,0.07494930922985077,0.04811027646064758,0.16758552193641663
24548,0.2774251401424408,0.35608309507369995,0.36153164505958557,0.45163634419441223
24549,0.951904296875,0.958393931388855,0.7122209072113037,0.7717241048812866
24550,0.968017578125,0.9680777192115784,1.0,0.7419964075088501
24551,0.0625,0.0625,1.0,1.0
24552,0.51953125,0.5389794707298279,0.7039180994033813,0.5175601840019226
24553,0.2774251401424408,0.39812707901000977,0.23532335460186005,0.549939751625061
24554,0.9466145634651184,0.9534242153167725,0.6615661382675171,0.6892510652542114
24555,0.03125,0.03125,0.29608193039894104,0.1909208595752716
24556,0.967041015625,0.9676582217216492,0.8122885227203369,0.8642969727516174
24557,0.197998046875,0.26058536767959595,0.34009110927581787,0.4415791630744934
24558,0.110107421875,0.15233880281448364,0.5158474445343018,0.6034522652626038
24559,0.02083333395421505,0.0451405867934227,0.038710154592990875,0.09807125478982925
24560,0.263671875,0.3376716375350952,0.4707868993282318,0.6034024953842163
24561,0.0,0.04655761644244194,0.0,0.13623444736003876
24562,0.23828125,0.3153532147407532,0.3483913838863373,0.48664724826812744
24563,0.966796875,0.9674634337425232,0.8748388290405273,0.8643536567687988
24564,0.488037109375,0.5439441800117493,0.6121358871459961,0.5861555337905884
24565,0.953369140625,0.9579843282699585,0.912726640701294,0.7881783246994019
24566,0.2774251401424408,0.3297888934612274,0.5188971757888794,0.49157342314720154
24567,0.580322265625,0.6118794679641724,0.86592036485672,0.6892790198326111
24568,0.580322265625,0.6206629276275635,0.86592036485672,0.7152267098426819
24569,0.304931640625,0.37956616282463074,0.4285714626312256,0.5380531549453735
24570,0.556884765625,0.5959692001342773,0.8308104276657104,0.7918118834495544
24571,0.091796875,0.091796875,0.3948093354701996,0.3295833468437195
24572,0.23828125,0.3452901244163513,0.30167919397354126,0.37453770637512207
24573,0.432373046875,0.44049620628356934,0.4040961265563965,0.6758619546890259
24574,0.228759765625,0.27867406606674194,0.276936799287796,0.30948880314826965
24575,0.05078125,0.0633697509765625,0.17690707743167877,0.16737018525600433
24576,0.0625,0.0625,0.4692787230014801,0.39038002490997314
24577,0.466064453125,0.5032761096954346,0.7823625802993774,0.7774884700775146
24578,0.110107421875,0.20982173085212708,0.1428571492433548,0.27347511053085327
24579,0.606689453125,0.6387721300125122,1.0,0.7550936937332153
24580,0.05078125,0.08017826080322266,0.2737712264060974,0.34377148747444153
24581,0.0625,0.0868326798081398,0.14433082938194275,0.17442314326763153
24582,0.9375,0.9476354718208313,0.5364049673080444,0.6969483494758606
24583,0.03125,0.0799560546875,0.15273310244083405,0.4849222004413605
24584,0.499755859375,0.5725058913230896,0.629690945148468,0.573525071144104
24585,0.146728515625,0.2668790817260742,0.2098969668149948,0.5173140168190002
24586,0.0625,0.09868478775024414,0.1854327917098999,0.3084554672241211
24587,0.431884765625,0.46572574973106384,0.7318407297134399,0.5416581630706787
24588,0.9444172978401184,0.9532317519187927,0.7589633464813232,0.7150358557701111
24589,0.110107421875,0.14698871970176697,0.16497723758220673,0.2514178454875946
24590,0.2774251401424408,0.3235032260417938,0.36153164505958557,0.3567364811897278
24591,0.300537109375,0.32241833209991455,0.5354781746864319,0.46577104926109314
24592,0.150390625,0.24791787564754486,0.12623168528079987,0.2853882908821106
24593,0.962158203125,0.9626919627189636,0.8420895934104919,0.8809488415718079
24594,0.580322265625,0.6275454163551331,0.5636333227157593,0.7168881893157959
24595,0.431884765625,0.4837108254432678,0.7318407297134399,0.8378785252571106
24596,0.263671875,0.2682563066482544,0.90728360414505,0.6910024881362915
24597,0.1458333432674408,0.17046411335468292,0.2709710896015167,0.25851982831954956
24598,0.091796875,0.14890673756599426,0.1093372330069542,0.18245740234851837
24599,0.393798828125,0.43278801441192627,0.5977610945701599,0.4870052635669708
24600,0.110107421875,0.15526911616325378,0.20503923296928406,0.2651032507419586
24601,0.9673665165901184,0.9676796793937683,0.8748590350151062,0.6952130794525146
24602,0.606689453125,0.6393705606460571,1.0,0.8646255731582642
24603,0.9444172978401184,0.9511955976486206,0.6219719052314758,0.5577771067619324
24604,0.0,0.015625,0.0,0.43067657947540283
24605,0.466064453125,0.5520117878913879,0.35480669140815735,0.5662252902984619
24606,0.03125,0.12310892343521118,0.03016420267522335,0.18142135441303253
24607,0.518798828125,0.5577849745750427,0.6967307925224304,0.6274315118789673
24608,0.228759765625,0.2706893980503082,0.3974803686141968,0.444755494594574
24609,0.393798828125,0.4670006036758423,0.5977610945701599,0.6785308122634888
24611,0.03125,0.10286712646484375,0.09869397431612015,0.3142237365245819
24612,0.2774251401424408,0.33233538269996643,0.4175114035606384,0.4568445086479187
24613,0.567138671875,0.6090415120124817,0.7988805174827576,0.6452261209487915
24614,0.2044270783662796,0.2809050381183624,0.2709710896015167,0.42161789536476135
24615,0.110107421875,0.22298435866832733,0.16497723758220673,0.43914082646369934
24616,0.571533203125,0.5768134593963623,0.6093400716781616,0.5704256296157837
24617,0.556884765625,0.5949149131774902,0.8308104276657104,0.6743215322494507
24618,0.393798828125,0.4535938501358032,0.5977610945701599,0.7180474400520325
24619,0.08203125,0.1003744900226593,0.23463936150074005,0.1783212125301361
24620,0.488037109375,0.5350745916366577,0.398443341255188,0.3886183500289917
24621,0.943115234375,0.9485217928886414,0.9313938021659851,0.9554912447929382
24622,0.0625,0.103607177734375,0.24207624793052673,0.5003624558448792
24623,0.518798828125,0.5761245489120483,0.4535067081451416,0.6072379946708679
24624,0.166259765625,0.2463075816631317,0.5307213068008423,0.8193745017051697
24625,0.08203125,0.12588068842887878,0.3631143569946289,0.5077565312385559
24626,0.146728515625,0.22342507541179657,0.3012597858905792,0.6040909886360168
24627,0.304931640625,0.36602407693862915,0.6151177287101746,0.659116268157959
24629,0.488037109375,0.5199373364448547,0.7069194316864014,0.6459280848503113
24630,0.110107421875,0.18145135045051575,0.3333333134651184,0.6722366213798523
24631,0.9673665165901184,0.9678062796592712,0.8748590350151062,0.7980386018753052
24632,0.2774251401424408,0.3169107735157013,0.8435737490653992,0.9594253301620483
24633,0.568359375,0.5732151865959167,0.5958904027938843,0.645073413848877
24634,0.110107421875,0.19738687574863434,0.3333333134651184,0.55641770362854
24635,0.304931640625,0.3245088756084442,1.0,0.8336228728294373
24636,0.166259765625,0.2234337031841278,0.5307213068008423,0.5985117554664612
24637,0.9444172978401184,0.9491084218025208,0.9456308484077454,0.896448016166687
24638,0.946533203125,0.9473927617073059,1.0,0.980241596698761
24639,0.110107421875,0.14721901714801788,1.0,0.8512361645698547
24640,0.580322265625,0.6119922399520874,0.86592036485672,0.8973603248596191
24641,0.228759765625,0.2959732413291931,0.6461858153343201,0.7213741540908813
24642,0.14453125,0.2004038542509079,0.2626707851886749,0.3893473744392395
24643,0.260498046875,0.33672764897346497,0.8026120662689209,0.9372832179069519
24644,0.2774251401424408,0.348539799451828,0.8435737490653992,0.9010096788406372
24645,0.110107421875,0.17296884953975677,0.20503923296928406,0.3671722710132599
24646,0.580322265625,0.6202407479286194,0.86592036485672,0.8733781576156616
24647,0.567138671875,0.6072806715965271,0.7988805174827576,0.8022077083587646
24648,0.531982421875,0.5760960578918457,0.7462155222892761,0.7328222990036011
24649,0.166259765625,0.2524105906486511,0.22745199501514435,0.48880136013031006
24650,0.2774251401424408,0.3218843340873718,0.8435737490653992,0.8764131665229797
24651,0.304931640625,0.4038514196872711,0.4285714626312256,0.7855868935585022
24652,0.110107421875,0.1985834389925003,0.3333333134651184,0.7017847895622253
24653,0.659423828125,0.6624715924263,0.8254533410072327,0.8601347804069519
24654,0.953369140625,0.9602918028831482,0.7479812502861023,0.8830046057701111
24655,0.212890625,0.23642867803573608,0.3493700623512268,0.2985113561153412
24656,0.956298828125,0.9595651626586914,1.0,0.948237955570221
24657,0.150390625,0.19822582602500916,0.2783457934856415,0.3855886161327362
24658,0.2774251401424408,0.33047282695770264,0.8435737490653992,0.8210654258728027
24659,0.703369140625,0.7102537155151367,0.6423966884613037,0.8323443531990051
24660,0.0625,0.068359375,0.4692787230014801,0.5032252073287964
24661,0.956298828125,0.9599846601486206,1.0,1.0
24662,0.567138671875,0.5879983901977539,0.9225797057151794,0.9846466183662415
24663,0.9507649540901184,0.9541029334068298,0.974961519241333,0.9218411445617676
24664,0.05078125,0.0562744140625,0.5307212471961975,0.35917726159095764
24665,0.940673828125,0.9487496018409729,0.771205723285675,0.9387969374656677
24666,0.1106770858168602,0.1249876469373703,0.5792374610900879,0.6228867769241333
24668,0.499755859375,0.499755859375,1.0,0.9561583995819092
24669,0.228759765625,0.2619348168373108,0.7660098671913147,0.7541327476501465
24670,0.518798828125,0.5629132390022278,0.6967307925224304,0.8136933445930481
24671,0.260498046875,0.3314828872680664,0.8026120662689209,0.798397421836853
24672,0.959228515625,0.9594488739967346,0.9394869804382324,0.9229012131690979
24673,0.606689453125,0.6162013411521912,1.0,0.9458210468292236
24674,0.110107421875,0.1588565558195114,0.3951442539691925,0.5821031928062439
24675,0.959228515625,0.9596318602561951,0.9394869804382324,0.9333853125572205
24676,0.14453125,0.15888698399066925,0.6291344165802002,0.5548263788223267
24677,0.304931640625,0.37764638662338257,0.6151177287101746,0.8278563022613525
24678,0.940673828125,0.9437887072563171,0.8770246505737305,0.7978653311729431
24679,0.197998046875,0.27864953875541687,0.29449179768562317,0.46856802701950073
24680,0.304931640625,0.35429248213768005,1.0,0.9609147310256958
24681,0.304931640625,0.38703519105911255,0.4285714626312256,0.72979336977005
24682,0.967041015625,0.9672988057136536,0.9284793138504028,0.8886952996253967
24684,0.1875,0.22591429948806763,0.5562983751296997,0.8018080592155457
24685,0.940673828125,0.9517187476158142,0.5046601295471191,0.6597599387168884
24686,0.08203125,0.13644254207611084,0.23463936150074005,0.3773959279060364
24687,0.260498046875,0.37109673023223877,0.34397661685943604,0.6452265977859497
24688,0.146728515625,0.2130231261253357,0.48975956439971924,0.5140589475631714
24689,0.946533203125,0.9487946033477783,1.0,0.9927091002464294
24690,0.304931640625,0.3854793906211853,0.4285714626312256,0.6791284680366516
24691,0.260498046875,0.3370816707611084,0.49370092153549194,0.6738667488098145
24692,0.12109375,0.2046068012714386,0.3910655975341797,0.666547417640686
24694,0.110107421875,0.16667814552783966,0.3951442539691925,0.6592367887496948
24695,0.3599446713924408,0.38904207944869995,0.8075588941574097,0.7641527652740479
24696,0.939453125,0.9404926300048828,0.9690036177635193,0.9242885708808899
24697,0.3599446713924408,0.42874675989151,0.5626510977745056,0.7838961482048035
24698,0.263671875,0.3244822025299072,0.7653606534004211,0.8090322613716125
24699,0.3059895932674408,0.39057910442352295,0.4357588291168213,0.7644699215888977
24700,0.228759765625,0.2549276351928711,1.0,0.8806321024894714
24701,0.304931640625,0.3653188943862915,1.0,0.9431806802749634
24702,0.531982421875,0.5488602519035339,0.8617600202560425,0.8606957793235779
24703,0.304931640625,0.38773539662361145,0.49493172764778137,0.7100631594657898
24704,0.260498046875,0.3316127061843872,0.8026120662689209,0.7620807886123657
24705,0.633056640625,0.6398414373397827,0.5862115621566772,0.7130413055419922
24706,0.505615234375,0.5105534791946411,0.6504693627357483,0.6941995024681091
24707,0.967041015625,0.9674967527389526,0.9284793138504028,0.9299012422561646
24708,0.228759765625,0.2607235610485077,0.7660098671913147,0.749994158744812
24709,0.344482421875,0.3681078553199768,0.690318763256073,0.7481101751327515
24710,0.946533203125,0.9517222046852112,1.0,0.9518940448760986
24711,0.953369140625,0.9580633044242859,0.912726640701294,0.9576415419578552
24712,0.946533203125,0.9524151086807251,0.8026000261306763,0.7254382967948914
24713,0.260498046875,0.31796884536743164,0.8026120662689209,0.716675877571106
24714,0.9444172978401184,0.9452913403511047,1.0,0.9731872081756592
24715,0.110107421875,0.1462436020374298,1.0,0.855095624923706
24716,0.1106770858168602,0.13280710577964783,0.5792374610900879,0.5257018208503723
24717,0.499755859375,0.5616377592086792,0.7271926999092102,0.8842954635620117
24718,0.110107421875,0.16929864883422852,0.5158474445343018,0.7962373495101929
24719,0.05078125,0.1418868452310562,0.17690707743167877,0.5574268698692322
24720,0.606689453125,0.6195611357688904,1.0,0.9133118987083435
24721,0.197998046875,0.22846035659313202,0.8145672082901001,0.8594055771827698
24722,0.9668782353401184,0.9669846296310425,1.0,0.9710538387298584
24723,0.23828125,0.27655935287475586,0.7039180994033813,0.6821027398109436
24724,0.1106770858168602,0.14013418555259705,0.37429505586624146,0.448550820350647
24725,0.0,0.010416666977107525,0.0,0.034886978566646576
24726,0.580322265625,0.6156431436538696,0.86592036485672,0.9092725515365601
24727,0.2774251401424408,0.32965293526649475,0.8435737490653992,0.7932424545288086
24728,0.146728515625,0.2256470024585724,0.48975956439971924,0.666441023349762
24729,0.956298828125,0.9592048525810242,1.0,0.9402276277542114
24730,0.110107421875,0.16374142467975616,0.5158474445343018,0.6742057800292969
24731,0.304931640625,0.37143659591674805,0.49493172764778137,0.6385538578033447
24733,0.488037109375,0.5411388278007507,0.8785831332206726,0.8845441937446594
24734,0.0,0.09412184357643127,0.0,0.4209955334663391
24735,0.431884765625,0.4671320915222168,0.7318407297134399,0.7585662603378296
24736,0.365234375,0.4391535520553589,0.4972013831138611,0.645197868347168
24737,0.1875,0.2633793354034424,0.4692787230014801,0.5273833274841309
24738,0.488037109375,0.5613839626312256,0.6121358871459961,0.7463017106056213
24739,0.23828125,0.35304102301597595,0.30167919397354126,0.5504287481307983
24740,0.260498046875,0.2930789589881897,0.397238165140152,0.36844950914382935
24741,0.23828125,0.3287510275840759,0.43299248814582825,0.6880466938018799
24742,0.567138671875,0.6133924722671509,0.7988805174827576,0.8177011013031006
24743,0.953369140625,0.9589783549308777,0.6543781161308289,0.6758076548576355
24744,0.943115234375,0.9510932564735413,0.7475366592407227,0.7821140289306641
24745,0.09375,0.09375,0.29608193039894104,0.2625111937522888
24746,0.228759765625,0.2937285304069519,0.6461858153343201,0.7623644471168518
24747,0.946533203125,0.9528281092643738,0.8793432712554932,0.9400192499160767
24748,0.505615234375,0.5171183347702026,0.427834689617157,0.6662362217903137
24749,0.606689453125,0.6353744268417358,1.0,0.9257607460021973
24750,0.946533203125,0.9534574151039124,0.8026000261306763,0.8386214375495911
24751,0.499755859375,0.5349021553993225,0.9037794470787048,0.7523082494735718
24752,0.110107421875,0.18748754262924194,0.16497723758220673,0.35363391041755676
24753,0.228759765625,0.2987831234931946,0.6461858153343201,0.8161517977714539
24754,0.146728515625,0.1957564651966095,0.58057701587677,0.7873529195785522
24755,0.197998046875,0.28620249032974243,0.42267662286758423,0.7252663373947144
24756,0.146728515625,0.21006232500076294,0.48975956439971924,0.6409196853637695
24757,0.956298828125,0.9597922563552856,1.0,0.9747188687324524
24758,0.166259765625,0.2307559996843338,0.5307213068008423,0.625128984451294
24759,0.14453125,0.2292809784412384,0.2626707851886749,0.5615227222442627
24760,0.12109375,0.15268923342227936,0.46358197927474976,0.5344583988189697
24761,0.0,0.0078125,0.0,0.19342641532421112
24762,0.212890625,0.22945493459701538,0.8789618015289307,0.8103570938110352
24763,0.228759765625,0.31389421224594116,0.3974803686141968,0.5667991638183594
24764,0.957763671875,0.9586461782455444,0.7236568927764893,0.8731184601783752
24765,0.9388020634651184,0.9424048066139221,0.7410414814949036,0.7688736915588379
24767,0.9673665165901184,0.9677268266677856,1.0,0.9819827675819397
24768,0.304931640625,0.4004558324813843,0.34757038950920105,0.6617029905319214
24769,0.03125,0.12381719797849655,0.09869397431612015,0.49152347445487976
24770,0.956298828125,0.9592424035072327,1.0,0.9274957180023193
24771,0.263671875,0.326785147190094,0.7653606534004211,0.810870885848999
24772,0.110107421875,0.19924449920654297,0.3333333134651184,0.6569843888282776
24773,0.9673665165901184,0.967724084854126,1.0,0.9376727938652039
24774,0.091796875,0.15583989024162292,0.3948093354701996,0.685243546962738
24775,0.228759765625,0.2958003878593445,0.3198178708553314,0.4476117491722107
24776,0.956298828125,0.9602532982826233,0.7169486284255981,0.8812615871429443
24777,0.9444172978401184,0.9481692314147949,0.9456308484077454,0.9083373546600342
24778,0.393798828125,0.43488723039627075,0.5977610945701599,0.6320921182632446
24779,0.633056640625,0.6361539363861084,0.715326726436615,0.784925639629364
24780,0.166259765625,0.20547880232334137,0.6291344165802002,0.7067338824272156
24781,0.304931640625,0.4090205729007721,0.4285714626312256,0.6223777532577515
24782,0.953369140625,0.9564668536186218,0.912726640701294,0.7952435612678528
24783,0.150390625,0.150390625,0.7002755999565125,0.6341602206230164
24784,0.197998046875,0.2346140593290329,0.6871474981307983,0.65183025598526
24785,0.05078125,0.19158931076526642,0.10881868004798889,0.4798791706562042
24786,0.02083333395421505,0.10695694386959076,0.07821311801671982,0.47247618436813354
24787,0.1458333432674408,0.2822570204734802,0.15272833406925201,0.5331544280052185
24788,0.304931640625,0.37751761078834534,1.0,1.0
24789,0.08203125,0.08203125,0.9197208285331726,0.9197208285331726
24790,0.12109375,0.13460731506347656,0.605190634727478,0.6952971816062927
24791,0.228759765625,0.27100902795791626,0.6461858153343201,0.6769125461578369
24792,0.956298828125,0.9594985246658325,1.0,0.995625376701355
24793,0.260498046875,0.3202188313007355,0.8026120662689209,0.7712740898132324
24794,0.304931640625,0.38271471858024597,0.49493172764778137,0.7389224767684937
24795,0.278564453125,0.3549492061138153,0.39664164185523987,0.7207896113395691
24796,0.712158203125,0.7126818299293518,0.7497180104255676,0.7351981997489929
24797,0.956298828125,0.9603697657585144,0.8195018768310547,0.8614106774330139
24798,0.499755859375,0.5738104581832886,0.629690945148468,0.8760080933570862
24799,0.110107421875,0.15885654091835022,0.5158474445343018,0.6943559050559998
24800,0.197998046875,0.24754880368709564,0.6871474981307983,0.592350959777832
24801,0.08203125,0.18596351146697998,0.23463936150074005,0.7073956727981567
24802,0.946533203125,0.9527140259742737,0.8026000261306763,0.8958254456520081
24803,0.197998046875,0.2546941637992859,0.6871474981307983,0.7941724061965942
24804,0.953369140625,0.9592161178588867,0.7479812502861023,0.8738677501678467
24805,0.0,0.046875,0.0,0.1635509729385376
24806,0.488037109375,0.5133866667747498,0.8785831332206726,0.7993890047073364
24807,0.9673665165901184,0.9678459763526917,0.8748590350151062,0.8442966938018799
24808,0.228759765625,0.2655501365661621,0.7660098671913147,0.7926995754241943
24809,0.02083333395421505,0.02083333395421505,0.23463936150074005,0.23463936150074005
24810,0.9444172978401184,0.9477659463882446,0.9456308484077454,0.9330787062644958
24811,0.953369140625,0.957937479019165,0.6543781161308289,0.6889718174934387
24812,0.0,0.0078125,0.0,0.14804096519947052
24813,0.951904296875,0.9576048851013184,0.8690900206565857,0.9582252502441406
24814,0.0,0.0069444444961845875,0.0,0.11751610785722733
24815,0.956298828125,0.9577053189277649,1.0,0.8608176112174988
24816,0.9668782353401184,0.9673436880111694,0.9614850282669067,0.9687711596488953
24817,0.110107421875,0.190177321434021,0.3951442539691925,0.7511644959449768
24818,0.499755859375,0.5736132264137268,0.629690945148468,0.7599744200706482
24819,0.146728515625,0.2221468836069107,0.48975956439971924,0.7175546884536743
24820,0.556884765625,0.6048374772071838,0.8308104276657104,0.8518685698509216
24821,0.110107421875,0.17982248961925507,0.11585679650306702,0.25978386402130127
24822,0.260498046875,0.34072399139404297,0.49370092153549194,0.7257859110832214
24823,0.9668782353401184,0.9670949578285217,1.0,1.0
24824,0.110107421875,0.17194823920726776,0.3333333134651184,0.5674022436141968
24825,0.703369140625,0.7084928750991821,0.7838867902755737,0.8292847871780396
24826,0.946533203125,0.9511581659317017,1.0,0.9417774677276611
24827,0.953369140625,0.9555277228355408,1.0,0.9214078783988953
24828,0.499755859375,0.5651259422302246,0.7271926999092102,0.8665937781333923
24829,0.02083333395421505,0.0325520858168602,0.3065735995769501,0.5437713265419006
24830,0.228759765625,0.281363844871521,0.7660098671913147,0.8970434665679932
24831,0.947998046875,0.9536011219024658,0.8348100185394287,0.8359873294830322
24832,0.110107421875,0.23578672111034393,0.1428571492433548,0.40182390809059143
24833,0.09375,0.16242432594299316,0.1821252405643463,0.3470398783683777
24834,0.260498046875,0.40904977917671204,0.27896419167518616,0.6304107904434204
24835,0.703369140625,0.7055630683898926,0.7838867902755737,0.7708236575126648
24836,0.228759765625,0.3003721535205841,0.6461858153343201,0.7972785234451294
24837,0.110107421875,0.14030113816261292,1.0,0.7720617651939392
24838,0.228759765625,0.2446599006652832,1.0,0.9849510788917542
24839,0.0625,0.07421875,0.6131471991539001,0.8503448963165283
24840,0.488037109375,0.5513392686843872,0.7069194316864014,0.8715593814849854
24841,0.197998046875,0.28532496094703674,0.42267662286758423,0.6658057570457458
24842,0.466064453125,0.507459282875061,0.7823625802993774,0.6860568523406982
24843,0.9507649540901184,0.9538823962211609,0.8898733854293823,0.8653045892715454
24844,0.02083333395421505,0.09739528596401215,0.07821311801671982,0.2971871495246887
24845,0.304931640625,0.38970479369163513,0.4285714626312256,0.6833896636962891
24846,0.260498046875,0.3089104890823364,0.8026120662689209,0.8406271934509277
24847,0.228759765625,0.27819323539733887,0.7660098671913147,0.8534907698631287
24848,0.9668782353401184,0.9674093127250671,0.892719030380249,0.8698205351829529
24849,0.3599446713924408,0.40397900342941284,0.8075588941574097,0.871221125125885
24850,0.166259765625,0.18662309646606445,0.6291344165802002,0.745251476764679
24851,0.2774251401424408,0.32931411266326904,0.8435737490653992,0.946413516998291
24852,0.304931640625,0.35031357407569885,0.6151177287101746,0.5482926964759827
24853,0.2774251401424408,0.3611781597137451,0.8435737490653992,0.9266360998153687
24854,0.943115234375,0.9459318518638611,0.9313938021659851,0.9393495321273804
24855,0.943359375,0.9483872056007385,0.8076295852661133,0.8023650050163269
24856,0.946533203125,0.9514122009277344,1.0,0.9962829947471619
24857,0.580322265625,0.6182185411453247,0.86592036485672,0.9699081778526306
24858,0.518798828125,0.5796948671340942,0.8046129941940308,0.9256306886672974
24860,0.278564453125,0.33253243565559387,0.45805788040161133,0.6081451773643494
24861,0.110107421875,0.16273626685142517,0.5158474445343018,0.7381539940834045
24862,0.2122395932674408,0.24107760190963745,0.5188971757888794,0.5744511485099792
24863,0.953369140625,0.9546957015991211,1.0,0.9815390706062317
24864,0.05078125,0.11965082585811615,0.2737712264060974,0.6597732305526733
24865,0.05078125,0.07723549753427505,0.5307212471961975,0.4833148419857025
24866,0.304931640625,0.37905293703079224,0.6151177287101746,0.7881369590759277
24867,0.374755859375,0.4460645914077759,0.6128985285758972,0.8043127059936523
24868,0.967041015625,0.967041015625,1.0,1.0
24869,0.02083333395421505,0.057358380407094955,0.09271639585494995,0.24614273011684418
24870,0.2122395932674408,0.27162328362464905,0.4175114035606384,0.592194676399231
24871,0.703369140625,0.7071787118911743,0.7838867902755737,0.8040959239006042
24872,0.9444172978401184,0.9514508843421936,0.7589633464813232,0.8224009871482849
24873,0.23828125,0.3276177942752838,0.7039180994033813,0.8611375689506531
24874,0.556884765625,0.599936842918396,0.8308104276657104,0.8879050016403198
24875,0.701904296875,0.7057585716247559,0.7402501106262207,0.7388759851455688
24876,0.946533203125,0.9535725712776184,0.8793432712554932,0.9715492129325867
24877,0.304931640625,0.36053135991096497,1.0,0.8794283270835876
24878,0.1875,0.20654296875,0.5562983751296997,0.600986659526825
24879,0.488037109375,0.5632715821266174,0.6121358871459961,0.8920812010765076
24880,0.959228515625,0.9598694443702698,0.7631344795227051,0.9038375020027161
24881,0.110107421875,0.1588565558195114,0.5158474445343018,0.6943559050559998
24882,0.3599446713924408,0.4224281907081604,0.5626510977745056,0.7298579812049866
24883,0.951904296875,0.9565694332122803,0.8690900206565857,0.811700165271759
24884,0.146728515625,0.22483877837657928,0.48975956439971924,0.6607308983802795
24885,0.03125,0.0484619140625,0.29608193039894104,0.44323059916496277
24886,0.1875,0.2769535779953003,0.2886616587638855,0.5489929914474487
24887,0.260498046875,0.3624628782272339,0.34397661685943604,0.6144561767578125
24888,0.304931640625,0.38992130756378174,0.4285714626312256,0.6504911184310913
24890,0.455078125,0.48599016666412354,0.8124242424964905,0.866960883140564
24891,0.703369140625,0.7074682116508484,0.7838867902755737,0.8283674716949463
24892,0.260498046875,0.3558812737464905,0.34397661685943604,0.5082101225852966
24893,0.197998046875,0.2868112325668335,0.42267662286758423,0.7279810309410095
24894,0.166259765625,0.26551195979118347,0.32645606994628906,0.5743110775947571
24895,0.08203125,0.1336369514465332,0.3631143569946289,0.5268450975418091
24896,0.518798828125,0.569050669670105,1.0,1.0
24897,0.3599446713924408,0.41193461418151855,0.5626510977745056,0.7491037845611572
24898,0.228759765625,0.26998090744018555,0.7660098671913147,0.8048329949378967
24900,0.228759765625,0.2925005853176117,0.6461858153343201,0.8087577819824219
24901,0.260498046875,0.321898490190506,0.8026120662689209,0.7032006978988647
24902,0.14453125,0.20179522037506104,0.5307213068008423,0.6463097929954529
24903,0.518798828125,0.5659646391868591,0.8046129941940308,0.8373274803161621
24904,0.197998046875,0.2460176944732666,0.6871474981307983,0.6991592049598694
24905,0.580322265625,0.6068023443222046,1.0,0.9475266933441162
24906,0.365234375,0.42756861448287964,0.4972013831138611,0.5922810435295105
24907,0.943359375,0.9459232687950134,0.9184463024139404,0.8729292750358582
24908,0.943115234375,0.9491298198699951,0.819014847278595,0.9210752248764038
24909,0.953369140625,0.9575114250183105,0.912726640701294,0.9228020310401917
24910,0.940673828125,0.9439237713813782,0.8770246505737305,0.855852484703064
24911,0.166259765625,0.23372307419776917,0.5307213068008423,0.7932812571525574
24912,0.091796875,0.091796875,1.0,1.0
24913,0.967041015625,0.9674705266952515,1.0,1.0
24914,0.46875,0.47314512729644775,0.5441304445266724,0.6179527640342712
24915,0.0,0.014787946827709675,0.0,0.21109268069267273
24916,0.518798828125,0.5793603658676147,0.6967307925224304,0.8516254425048828
24917,0.304931640625,0.3704702854156494,0.6151177287101746,0.6938086152076721
24918,0.556884765625,0.5929954051971436,0.8308104276657104,0.7955263257026672
24919,0.304931640625,0.37751761078834534,1.0,1.0
24920,0.966796875,0.9671064615249634,0.9422276020050049,0.935117781162262
24921,0.959228515625,0.9598702192306519,0.7631344795227051,0.8810204863548279
24923,0.94140625,0.9486439228057861,0.7200049757957458,0.7661178708076477
24924,0.580322265625,0.6013381481170654,0.86592036485672,0.7808431386947632
24925,0.580322265625,0.6307961940765381,0.86592036485672,0.9709921479225159
24926,0.518798828125,0.569050669670105,1.0,1.0
24927,0.9507649540901184,0.95492023229599,0.8898733854293823,0.8880941867828369
24928,0.967041015625,0.9674474596977234,1.0,0.9714956879615784
24929,0.946533203125,0.9526153206825256,0.8793432712554932,0.9577193856239319
24930,0.518798828125,0.554295539855957,1.0,0.8129828572273254
24931,0.9507649540901184,0.9546304941177368,0.974961519241333,0.9813982844352722
24932,0.953369140625,0.9585326313972473,0.912726640701294,0.8356104493141174
24933,0.9507649540901184,0.9545450210571289,0.8898733854293823,0.8843282461166382
24934,0.946533203125,0.953162670135498,0.8793432712554932,0.9072211384773254
24935,0.953369140625,0.9576964378356934,0.912726640701294,0.9441016912460327
24936,0.9673665165901184,0.9676550626754761,1.0,0.8988697528839111
24937,0.488037109375,0.5442683696746826,0.8785831332206726,0.8942798376083374
24938,0.580322265625,0.6307961344718933,0.86592036485672,0.9709921479225159
24939,0.946533203125,0.9534574151039124,0.8026000261306763,0.8386214375495911
24940,0.953369140625,0.95799320936203,0.912726640701294,0.9273599982261658
24941,0.9673665165901184,0.9676550030708313,1.0,0.8988697528839111
24942,0.518798828125,0.5659916996955872,1.0,0.9330604672431946
24943,0.9673665165901184,0.9676474332809448,1.0,0.9088590741157532
24944,0.943115234375,0.9476304650306702,0.9313938021659851,0.8714255690574646
24945,0.9673665165901184,0.9676550030708313,1.0,0.8988697528839111
24946,0.580322265625,0.6013381481170654,0.86592036485672,0.7590546607971191
24947,0.946533203125,0.9534574151039124,0.8026000261306763,0.8386214375495911
24948,0.580322265625,0.6307961344718933,0.86592036485672,0.9709921479225159
24949,0.947998046875,0.9544376730918884,0.8348100185394287,0.89371657371521
24950,0.9673665165901184,0.9676700234413147,1.0,0.9216989874839783
24951,0.953369140625,0.9575515985488892,0.912726640701294,0.8957620859146118
24952,0.9673665165901184,0.9676474332809448,1.0,0.9088590741157532
24953,0.953369140625,0.9580796360969543,0.912726640701294,0.951665997505188
24954,0.953369140625,0.9576963782310486,0.912726640701294,0.9441016912460327
24955,0.953369140625,0.9580796360969543,0.912726640701294,0.951665997505188
24956,0.9673665165901184,0.9676550626754761,1.0,0.8988697528839111
24957,0.197998046875,0.2566726803779602,0.6871474981307983,0.6254065632820129
24958,0.1875,0.23529620468616486,0.2886616587638855,0.3416847884654999
24959,0.51953125,0.5809328556060791,0.7039180994033813,0.8355078101158142
24960,0.110107421875,0.1549457609653473,0.5158474445343018,0.6483519673347473
24961,0.968017578125,0.9680712223052979,1.0,0.9399915337562561
24962,0.304931640625,0.36735183000564575,0.4285714626312256,0.5620362758636475
24963,0.260498046875,0.31506362557411194,0.8026120662689209,0.8235805034637451
24964,0.110107421875,0.18559043109416962,0.3333333134651184,0.48429256677627563
24965,0.263671875,0.30588725209236145,0.7653606534004211,0.901257336139679
24966,0.110107421875,0.17161640524864197,0.3333333134651184,0.4905616343021393
24967,0.261474609375,0.3629591763019562,0.2789600193500519,0.5239643454551697
24968,0.946533203125,0.9519504904747009,0.8793432712554932,0.9271863102912903
24969,0.946533203125,0.9514752626419067,1.0,0.9984996318817139
24970,0.197998046875,0.2631493806838989,0.6871474981307983,0.851850688457489
24971,0.23828125,0.3080303370952606,0.7039180994033813,0.6786527633666992
24972,0.304931640625,0.3599364757537842,1.0,0.8216443061828613
24973,0.393798828125,0.4602595269680023,0.5977610945701599,0.8671162128448486
24974,0.146728515625,0.23764896392822266,0.48975956439971924,0.7398098707199097
24975,0.0,0.01878720335662365,0.0,0.20865660905838013
24976,0.304931640625,0.3449372947216034,1.0,0.9838137626647949
24977,0.146728515625,0.19989554584026337,0.3012597858905792,0.4128567576408386
24978,0.05078125,0.061767578125,0.5307212471961975,0.7122630476951599
24979,0.3059895932674408,0.3864791989326477,0.4357588291168213,0.6796884536743164
24980,0.228759765625,0.3054923415184021,0.3974803686141968,0.5897438526153564
24981,0.393798828125,0.4292623996734619,0.8579513430595398,0.7969874739646912
24982,0.260498046875,0.31518083810806274,0.8026120662689209,0.7584614753723145
24983,0.3599446713924408,0.40627580881118774,0.6497723460197449,0.7020531892776489
24984,0.300537109375,0.356979101896286,0.6655102372169495,0.825280487537384
24985,0.304931640625,0.3668407201766968,1.0,0.9929330945014954
24986,0.580322265625,0.60066157579422,1.0,0.9794117212295532
24987,0.953369140625,0.9556892514228821,1.0,0.9348394274711609
24988,0.499755859375,0.5603320002555847,0.629690945148468,0.7630620002746582
24989,0.260498046875,0.27681446075439453,0.8026120662689209,0.6973183751106262
24990,0.304931640625,0.354495108127594,1.0,0.9894556999206543
24992,0.110107421875,0.1871967613697052,0.3333333134651184,0.5966101884841919
24993,0.166259765625,0.2834026515483856,0.22745199501514435,0.5165698528289795
24994,0.946533203125,0.953229546546936,0.8793432712554932,0.9335934519767761
24995,0.374755859375,0.4198606312274933,0.6128985285758972,0.6653115153312683
24996,0.0625,0.088134765625,0.4692787230014801,0.5499887466430664
24997,0.110107421875,0.16929864883422852,0.3951442539691925,0.6675139665603638
24998,0.951171875,0.9542700052261353,0.9282863140106201,0.8250800371170044
24999,0.571533203125,0.5788466334342957,0.6093400716781616,0.7852832674980164
25000,0.110107421875,0.2039567083120346,0.3333333134651184,0.5910456776618958
25001,0.228759765625,0.2654481828212738,0.7660098671913147,0.8937883973121643
25002,0.0625,0.2172507643699646,0.07742030918598175,0.4724179804325104
25003,0.110107421875,0.1588565558195114,0.5158474445343018,0.6943559050559998
25004,0.959228515625,0.9595649242401123,0.8722942471504211,0.8241080641746521
25005,0.703369140625,0.7069777250289917,0.8588406443595886,0.8521857261657715
25006,0.946533203125,0.9507105350494385,1.0,0.917792558670044
25007,0.05078125,0.09159848839044571,0.5307212471961975,0.6851199269294739
25008,0.228759765625,0.27706944942474365,0.6461858153343201,0.638550877571106
25009,0.08203125,0.11976825445890427,0.7039180994033813,0.9045395255088806
25010,0.2774251401424408,0.3515966832637787,0.36153164505958557,0.5309309959411621
25011,0.940673828125,0.9451826810836792,0.8770246505737305,0.9152427315711975
25012,0.556884765625,0.5975157022476196,0.8308104276657104,0.8777892589569092
25013,0.943115234375,0.950578510761261,0.7475366592407227,0.7524932026863098
25014,0.943115234375,0.9459318518638611,0.9313938021659851,0.9020061492919922
25015,0.947998046875,0.9519460201263428,0.9146330952644348,0.8885639309883118
25017,0.23828125,0.3205016553401947,0.30167919397354126,0.47831282019615173
25018,0.304931640625,0.37751761078834534,1.0,1.0
25019,0.946533203125,0.9511842727661133,1.0,0.9469296336174011
25020,0.580322265625,0.6199430227279663,0.86592036485672,0.8947896361351013
25021,0.580322265625,0.6002057790756226,1.0,1.0
25022,0.304931640625,0.3776678740978241,0.6151177287101746,0.8252164721488953
25023,0.091796875,0.10610198974609375,0.7653606534004211,0.8885837197303772
25024,0.166259765625,0.22780661284923553,0.2626707851886749,0.45347607135772705
25025,0.0625,0.11601856350898743,0.1854327917098999,0.4648466110229492
25026,0.706298828125,0.7097253203392029,0.871160089969635,0.8409295678138733
25027,0.946533203125,0.954687774181366,0.575423002243042,0.8374491333961487
25028,0.431884765625,0.4757453501224518,0.7318407297134399,0.897208034992218
25029,0.08984375,0.1551002562046051,0.3333333134651184,0.6864311099052429
25030,0.567138671875,0.5985802412033081,0.9225797057151794,0.9353508353233337
25031,0.580322265625,0.6251949071884155,0.86592036485672,0.7984725832939148
25032,0.946533203125,0.9540625214576721,0.8026000261306763,0.8241669535636902
25033,0.490234375,0.5216712355613708,0.8556691408157349,0.9489407539367676
25034,0.967041015625,0.9676130414009094,0.8122885227203369,0.9409627914428711
25035,0.2774251401424408,0.34019461274147034,0.5188971757888794,0.5766803026199341
25036,0.0,0.02226562425494194,0.0,0.34870225191116333
25037,0.304931640625,0.3587563633918762,0.4285714626312256,0.4655901789665222
25038,0.197998046875,0.2817510664463043,0.6871474981307983,0.8532721400260925
25039,0.967041015625,0.9674013257026672,1.0,0.9566445350646973
25040,0.946533203125,0.9517456293106079,1.0,0.9528276920318604
25041,0.03125,0.0741947740316391,0.15273310244083405,0.520428478717804
25042,0.499755859375,0.5480765104293823,0.7271926999092102,0.7224012017250061
25043,0.0,0.0267857164144516,0.0,0.3333333432674408
25044,0.580322265625,0.6161367893218994,0.86592036485672,0.868539035320282
25045,0.431884765625,0.4787822365760803,0.7318407297134399,0.7936327457427979
25046,0.466064453125,0.537447988986969,0.5450960993766785,0.8138697743415833
25047,0.967041015625,0.9673808813095093,1.0,0.9349265098571777
25048,0.712158203125,0.71260005235672,0.8569586873054504,0.8826848864555359
25049,0.968017578125,0.9680567979812622,1.0,0.9694399237632751
25050,0.951904296875,0.9557256102561951,0.8690900206565857,0.8203285932540894
25051,0.0625,0.17566397786140442,0.08155369758605957,0.3310573399066925
25052,0.940673828125,0.9495100975036621,0.6212818622589111,0.7964012622833252
25053,0.197998046875,0.2688180208206177,0.6871474981307983,0.8187093734741211
25054,0.466064453125,0.5536982417106628,0.5450960993766785,0.5749310851097107
25055,0.9668782353401184,0.9675896763801575,0.892719030380249,0.8573296666145325
25056,0.953369140625,0.9572346806526184,1.0,1.0
25057,0.0625,0.09993648529052734,0.4692787230014801,0.8255242109298706
25058,0.9388020634651184,0.943392813205719,0.8427215218544006,0.938297688961029
25059,0.110107421875,0.15885654091835022,0.3333333134651184,0.4700182378292084
25060,0.2774251401424408,0.3656295835971832,0.4175114035606384,0.6840659379959106
25061,0.110107421875,0.16758579015731812,0.3951442539691925,0.6329588294029236
25062,0.518798828125,0.5586197972297668,0.6967307925224304,0.6676633358001709
25063,0.304931640625,0.3481062352657318,1.0,0.8923479914665222
25064,0.9507649540901184,0.9541622996330261,0.974961519241333,0.9224799871444702
25065,0.2774251401424408,0.3489450216293335,0.8435737490653992,0.7830474376678467
25066,0.431884765625,0.4697810113430023,0.7318407297134399,0.8796326518058777
25067,0.2774251401424408,0.3354713022708893,0.8435737490653992,0.9376161694526672
25068,0.260498046875,0.3384263515472412,0.49370092153549194,0.7045488953590393
25070,0.344482421875,0.3844187557697296,0.5977610945701599,0.7899880409240723
25071,0.0625,0.13735473155975342,0.23463936150074005,0.4477044343948364
25072,0.374755859375,0.416110098361969,0.5307213068008423,0.5778529644012451
25073,0.091796875,0.13822683691978455,0.7653606534004211,0.9384745359420776
25074,0.110107421875,0.12472546100616455,0.22686867415905,0.24989038705825806
25075,0.260498046875,0.3209214508533478,0.8026120662689209,0.6978005766868591
25076,0.1875,0.20516858994960785,0.2886616587638855,0.31461742520332336
25077,0.091796875,0.17175191640853882,0.255120187997818,0.43937385082244873
25078,0.110107421875,0.1752975881099701,0.3333333134651184,0.5246403813362122
25079,0.228759765625,0.356420636177063,0.276936799287796,0.5514262318611145
25080,0.3599446713924408,0.4281768202781677,0.36623337864875793,0.6556006669998169
25081,0.197998046875,0.2559942603111267,0.6871474981307983,0.7241206169128418
25082,0.0,0.015625,0.0,0.43067657947540283
25083,0.9668782353401184,0.9673235416412354,0.892719030380249,0.9055759906768799
25084,0.946533203125,0.9479444026947021,1.0,0.9105659127235413
25085,0.304931640625,0.37751761078834534,1.0,1.0
25086,0.304931640625,0.3366655111312866,1.0,0.6460000872612
25087,0.12109375,0.12109375,0.6885288953781128,0.6885288953781128
25088,0.9444172978401184,0.9481838345527649,0.9456308484077454,0.9384618401527405
25089,0.263671875,0.3427485227584839,0.7653606534004211,0.8258036375045776
25090,0.197998046875,0.27287018299102783,0.6871474981307983,0.788688600063324
25091,0.0625,0.0890960693359375,0.4692787230014801,0.5170376300811768
25092,0.05078125,0.18205928802490234,0.08755692839622498,0.4401075541973114
25093,0.956298828125,0.9599846601486206,0.8195018768310547,0.8106820583343506
25094,0.197998046875,0.27952536940574646,0.6871474981307983,0.8108583688735962
25095,0.967041015625,0.9675012826919556,0.9284793138504028,0.9333547353744507
25096,0.518798828125,0.5700302124023438,0.6967307925224304,0.7824963331222534
25097,0.110107421875,0.155360147356987,0.2620770037174225,0.4035159945487976
25099,0.0625,0.13255849480628967,0.24207624793052673,0.6113448143005371
25100,0.08203125,0.1094970703125,0.3631143569946289,0.3925419747829437
25101,0.1875,0.2304573804140091,0.4692787230014801,0.40406060218811035
25102,0.9673665165901184,0.9678168296813965,0.8748590350151062,0.9235009551048279
25103,0.304931640625,0.37989991903305054,0.6151177287101746,0.819091796875
25104,0.968017578125,0.9680308699607849,1.0,0.9462370276451111
25105,0.0625,0.10671539604663849,0.23463936150074005,0.305536687374115
25106,0.2774251401424408,0.341683030128479,0.8435737490653992,0.8594604134559631
25107,0.393798828125,0.41965246200561523,0.8579513430595398,0.804573118686676
25108,0.228759765625,0.2805251181125641,0.6461858153343201,0.8189259171485901
25109,0.951171875,0.9574278593063354,0.694340705871582,0.8090124726295471
25110,0.499755859375,0.5561978816986084,0.9037794470787048,0.9104894995689392
25111,0.518798828125,0.5675325989723206,1.0,0.9658516645431519
25112,0.940673828125,0.9470548033714294,0.771205723285675,0.8317635655403137
25113,0.531982421875,0.572078287601471,0.7462155222892761,0.6567915081977844
25115,0.304931640625,0.3913942575454712,0.6151177287101746,0.7946398854255676
25116,0.2774251401424408,0.32821759581565857,0.4175114035606384,0.49308425188064575
25117,0.166259765625,0.2325543761253357,0.32645606994628906,0.4418611526489258
25118,0.166259765625,0.2217717468738556,0.32645606994628906,0.44787225127220154
25119,0.110107421875,0.1158294677734375,1.0,0.6151465177536011
25120,0.946533203125,0.956642210483551,0.575423002243042,0.7432936429977417
25121,0.499755859375,0.5709601044654846,0.4490610957145691,0.7198002338409424
25122,0.2774251401424408,0.3385339379310608,0.8435737490653992,0.757982075214386
25123,0.956298828125,0.9600079655647278,1.0,1.0
25124,0.05078125,0.0599365234375,0.5307212471961975,0.6978816986083984
25125,0.304931640625,0.32275038957595825,0.6151177287101746,0.44911929965019226
25126,0.110107421875,0.2186497151851654,0.20503923296928406,0.5556848645210266
25127,0.197998046875,0.24553295969963074,0.34009110927581787,0.38515809178352356
25128,0.951904296875,0.9568102359771729,0.8690900206565857,0.928590714931488
25129,0.278564453125,0.3015317916870117,0.7276545763015747,0.7276386022567749
25130,0.304931640625,0.37751758098602295,1.0,1.0
25131,0.44921875,0.5126631855964661,0.5027986764907837,0.6599582433700562
25132,0.2774251401424408,0.3586480915546417,0.8435737490653992,0.8824665546417236
25133,0.9388020634651184,0.9442469477653503,0.6763683557510376,0.6649184823036194
25134,0.968017578125,0.9680774807929993,1.0,0.939665675163269
25135,0.146728515625,0.17989252507686615,0.7579237222671509,0.7813611030578613
25137,0.091796875,0.091796875,0.30242785811424255,0.2626160979270935
25138,0.228759765625,0.3054563105106354,0.3974803686141968,0.5427911877632141
25139,0.228759765625,0.27100902795791626,1.0,1.0
25140,0.953369140625,0.9566846489906311,0.912726640701294,0.8622213006019592
25141,0.304931640625,0.378928005695343,0.4285714626312256,0.6513128876686096
25142,0.556884765625,0.599043607711792,0.8308104276657104,0.9081896543502808
25143,0.606689453125,0.6230295896530151,1.0,0.7585729360580444
25144,0.9673665165901184,0.9676559567451477,1.0,1.0
25145,0.304931640625,0.3799791932106018,0.6151177287101746,0.8056337237358093
25146,0.304931640625,0.37462419271469116,1.0,1.0
25147,0.606689453125,0.6325215101242065,1.0,0.8496595621109009
25148,0.953369140625,0.9586141705513,0.912726640701294,0.8974542021751404
25149,0.02083333395421505,0.10938426107168198,0.07821311801671982,0.3748829960823059
25150,0.518798828125,0.5539538860321045,1.0,0.975737988948822
25151,0.47265625,0.5255144238471985,0.6580725908279419,0.7942402362823486
25152,0.956298828125,0.9598426818847656,1.0,0.9756153225898743
25153,0.953369140625,0.9560733437538147,1.0,0.9343499541282654
25154,0.956298828125,0.9588554501533508,1.0,0.9970065355300903
25155,0.946533203125,0.9521506428718567,0.7083972692489624,0.8109078407287598
25156,0.9507649540901184,0.9541229605674744,0.8898733854293823,0.8511784076690674
25157,0.304931640625,0.36376845836639404,1.0,0.9360697865486145
25158,0.580322265625,0.6181533932685852,0.86592036485672,0.9439461827278137
25160,0.518798828125,0.5840020775794983,0.6967307925224304,0.7277393937110901
25161,0.580322265625,0.6039896607398987,0.86592036485672,0.7410637736320496
25162,0.967041015625,0.9674381613731384,1.0,0.9625082015991211
25163,0.967041015625,0.9674563407897949,0.9284793138504028,0.9409353733062744
25164,0.469970703125,0.47447848320007324,0.6737852096557617,0.68443363904953
25165,0.560546875,0.6080649495124817,0.7653606534004211,0.8456196784973145
25166,0.0,0.012500000186264515,0.0,0.1510196030139923
25167,0.9668782353401184,0.9672282934188843,0.9614850282669067,0.963113009929657
25168,0.110107421875,0.15885654091835022,1.0,1.0
25169,0.30078125,0.307373046875,0.6128985285758972,0.5770125985145569
25170,0.219970703125,0.28258368372917175,0.34397661685943604,0.48479995131492615
25171,0.943115234375,0.954470694065094,0.6597968339920044,0.8969894647598267
25173,0.518798828125,0.5795329809188843,0.8046129941940308,0.8984931707382202
25174,0.304931640625,0.3411077857017517,1.0,0.77793288230896
25175,0.08203125,0.15506620705127716,0.27814918756484985,0.6837456226348877
25176,0.166259765625,0.2175588309764862,0.5307213068008423,0.7350116968154907
25177,0.08203125,0.1519734263420105,0.23463936150074005,0.4400883615016937
25178,0.110107421875,0.20478671789169312,0.3333333134651184,0.6250383257865906
25179,0.09375,0.16633988916873932,0.1821252405643463,0.39789482951164246
25180,0.1875,0.26181358098983765,0.4692787230014801,0.7542421817779541
25181,0.499755859375,0.5583099126815796,0.629690945148468,0.785297155380249
25182,0.260498046875,0.3173530697822571,0.8026120662689209,0.7387862205505371
25183,0.260498046875,0.33929577469825745,0.8026120662689209,0.8551595211029053
25184,0.962158203125,0.9626964926719666,0.8420895934104919,0.8635454773902893
25185,0.953369140625,0.9551615715026855,1.0,0.9457895159721375
25186,0.304931640625,0.39338427782058716,0.49493172764778137,0.7032308578491211
25187,0.946533203125,0.9524985551834106,0.8026000261306763,0.8742324709892273
25188,0.393798828125,0.41436073184013367,0.8579513430595398,0.8096544742584229
25189,0.953369140625,0.9579058289527893,0.912726640701294,0.989689290523529
25190,0.1106770858168602,0.1785123348236084,0.37429505586624146,0.5707230567932129
25191,0.197998046875,0.22634831070899963,0.6871474981307983,0.6968265175819397
25192,0.146728515625,0.19989554584026337,0.3012597858905792,0.4577506482601166
25193,0.2774251401424408,0.3400123715400696,0.8435737490653992,0.7629318833351135
25194,0.166259765625,0.21720576286315918,0.6291344165802002,0.8349753022193909
25195,0.0,0.15562087297439575,0.0,0.4989013075828552
25196,0.304931640625,0.43301156163215637,0.34757038950920105,0.6291458606719971
25198,0.946533203125,0.9483413696289062,1.0,0.9266498684883118
25199,0.9673665165901184,0.9675834774971008,1.0,0.9452949166297913
25200,0.0,0.0,0.0,0.0
25201,0.9668782353401184,0.967502772808075,0.892719030380249,0.9476162195205688
25202,0.263671875,0.3195265531539917,0.4707868993282318,0.49644559621810913
25203,0.0625,0.08447265625,0.1854327917098999,0.33423304557800293
25204,0.956298828125,0.9596060514450073,1.0,0.9730755686759949
25205,0.091796875,0.19440744817256927,0.20058341324329376,0.6036553382873535
25206,0.580322265625,0.6117922067642212,0.86592036485672,0.8815988302230835
25207,0.304931640625,0.4080103635787964,0.4285714626312256,0.67912757396698
25208,0.953369140625,0.9560208916664124,1.0,0.9931243062019348
25209,0.091796875,0.15723322331905365,0.3948093354701996,0.7268176078796387
25210,0.228759765625,0.2891795039176941,0.6461858153343201,0.7092503905296326
25211,0.580322265625,0.6061195135116577,1.0,0.9308484792709351
25212,0.968017578125,0.9680570363998413,1.0,0.9817494750022888
25213,0.9507649540901184,0.9554492831230164,0.8898733854293823,0.9325470924377441
25214,0.304931640625,0.3821558654308319,0.49493172764778137,0.7103529572486877
25215,0.393798828125,0.43657463788986206,0.690318763256073,0.6919253468513489
25216,0.110107421875,0.1549098938703537,0.3333333134651184,0.53996342420578
25217,0.166259765625,0.22586791217327118,0.5307213068008423,0.6307003498077393
25218,0.571533203125,0.5758350491523743,0.7592076063156128,0.7601176500320435
25219,0.946533203125,0.9535725712776184,0.8026000261306763,0.9071109294891357
25220,0.146728515625,0.23568356037139893,0.48975956439971924,0.667618453502655
25221,0.228759765625,0.2738085091114044,0.6461858153343201,0.5772950649261475
25222,0.03125,0.037109375,0.38685283064842224,0.5640920996665955
25223,0.9444172978401184,0.949906051158905,0.8315341472625732,0.9260209798812866
25224,0.9507649540901184,0.9554134011268616,0.8898733854293823,0.7877511978149414
25225,0.606689453125,0.6347085237503052,1.0,0.9185242056846619
25226,0.02083333395421505,0.06647450476884842,0.07821311801671982,0.23752859234809875
25227,0.956298828125,0.9577194452285767,1.0,0.8789413571357727
25228,0.956298828125,0.9601592421531677,0.8195018768310547,0.9129945635795593
25229,0.968017578125,0.968077540397644,1.0,0.9952644109725952
25230,0.556884765625,0.5953682661056519,0.8308104276657104,0.8329128623008728
25231,0.1875,0.25713759660720825,0.4692787230014801,0.5446427464485168
25232,0.9466145634651184,0.9520807862281799,0.8072783350944519,0.8354172706604004
25233,0.953369140625,0.9577271342277527,0.912726640701294,0.9094111919403076
25234,0.110107421875,0.22501155734062195,0.20503923296928406,0.5767183899879456
25235,0.110107421875,0.15956997871398926,0.5158474445343018,0.6935909986495972
25236,0.228759765625,0.24856707453727722,1.0,0.7895674109458923
25237,0.556884765625,0.5982086062431335,0.8308104276657104,0.9006198644638062
25238,0.567138671875,0.5939611792564392,0.9225797057151794,0.8177443742752075
25239,0.967041015625,0.9672533869743347,1.0,0.9822721481323242
25240,0.166259765625,0.2811391353607178,0.2626707851886749,0.6683515906333923
25241,0.166259765625,0.17834758758544922,0.8213136792182922,0.6189333200454712
25242,0.0625,0.1020822525024414,0.4692787230014801,0.5446758270263672
25243,0.08984375,0.17003001272678375,0.3333333134651184,0.6490458846092224
25244,0.344482421875,0.3849688172340393,0.5977610945701599,0.7056277990341187
25245,0.02083333395421505,0.02083333395421505,0.5,0.5
25246,0.2774251401424408,0.3556117117404938,0.8435737490653992,0.9173631072044373
25247,0.1106770858168602,0.18135657906532288,0.2302355170249939,0.49353739619255066
25248,0.304931640625,0.37751758098602295,1.0,1.0
25249,0.304931640625,0.3539074659347534,0.6151177287101746,0.7309296131134033
25250,0.278564453125,0.3239537179470062,0.5692896842956543,0.7526538372039795
25251,0.946533203125,0.9541947841644287,0.8026000261306763,0.9039206504821777
25252,0.304931640625,0.36070120334625244,1.0,0.9055449366569519
25253,0.110107421875,0.20639671385288239,0.1428571492433548,0.3152789771556854
25254,0.967041015625,0.9673525094985962,0.9284793138504028,0.884243905544281
25255,0.967041015625,0.9674092531204224,0.8122885227203369,0.7870708703994751
25256,0.166259765625,0.2470742017030716,0.12132726609706879,0.2770329415798187
25257,0.0,0.0209321528673172,0.0,0.3131900727748871
25258,0.304931640625,0.3787282705307007,0.6151177287101746,0.8008921146392822
25259,0.943115234375,0.9482746124267578,0.9313938021659851,0.9407324194908142
25260,0.02083333395421505,0.02083333395421505,0.5,0.5
25261,0.953369140625,0.9579899907112122,0.912726640701294,0.9902306795120239
25262,0.02083333395421505,0.0464681014418602,0.23463936150074005,0.6182885766029358
25265,0.953369140625,0.9573861360549927,0.912726640701294,0.9654655456542969
25267,0.9668782353401184,0.967503011226654,0.892719030380249,0.9798067212104797
25269,0.556884765625,0.5800062417984009,0.8308104276657104,0.9091811776161194
25271,0.278564453125,0.34537652134895325,0.45805788040161133,0.7400593757629395
25274,0.166259765625,0.2472950518131256,0.5307213068008423,0.7493488192558289
25275,0.110107421875,0.1310286521911621,1.0,0.9896062016487122
25276,0.0625,0.0625,1.0,1.0
25278,0.556884765625,0.5962362289428711,0.8308104276657104,0.9284263849258423
25280,0.304931640625,0.3843078017234802,0.6151177287101746,0.818152129650116
25281,0.2044270783662796,0.2790554463863373,0.5474918484687805,0.8698580861091614
25282,0.304931640625,0.37491902709007263,1.0,0.9959547519683838
25284,0.260498046875,0.2971140742301941,0.9514426589012146,0.9664515256881714
25285,0.3599446713924408,0.3974969983100891,0.8075588941574097,0.8191255927085876
25286,0.110107421875,0.1204071044921875,1.0,0.9828919768333435
25287,0.110107421875,0.16584935784339905,0.5158474445343018,0.7827069163322449
25288,0.2774251401424408,0.35622286796569824,0.8435737490653992,0.9572526216506958
25289,0.304931640625,0.3386155962944031,1.0,0.9380674362182617
25290,0.304931640625,0.3665643334388733,1.0,0.8925104737281799
25291,0.2774251401424408,0.34382522106170654,0.8435737490653992,0.8666914701461792
25292,0.518798828125,0.5327240228652954,1.0,0.9887484908103943
25293,0.08984375,0.17696334421634674,0.3333333134651184,0.6548667550086975
25294,0.228759765625,0.30561119318008423,0.6461858153343201,0.9058606624603271
25295,0.03125,0.03125,0.6309297680854797,0.6309297680854797
25296,0.304931640625,0.3704817295074463,1.0,0.9917359948158264
25297,0.943115234375,0.9437103271484375,0.9849443435668945,0.9828492999076843
25298,0.304931640625,0.32108354568481445,1.0,0.9871350526809692
25299,0.2774251401424408,0.3140411674976349,1.0,1.0
25300,0.08203125,0.08203125,0.9197208285331726,0.9197208285331726
25301,0.466064453125,0.4932160973548889,1.0,1.0
25303,0.09375,0.18309660255908966,0.29608193039894104,0.7263637781143188
25305,0.940673828125,0.9457611441612244,0.8770246505737305,0.9220587015151978
25306,0.261474609375,0.31027624011039734,0.49493172764778137,0.5936098694801331
25307,0.943115234375,0.9473146200180054,0.9313938021659851,0.9570450186729431
25308,0.968017578125,0.9680761694908142,1.0,0.995471715927124
25309,0.567138671875,0.6120307445526123,0.7988805174827576,0.9537898302078247
25310,0.2774251401424408,0.33775433897972107,0.8435737490653992,0.9460028409957886
25311,0.263671875,0.3100954592227936,0.4707868993282318,0.5727012157440186
25312,0.956298828125,0.9588800072669983,1.0,0.9951661825180054
25313,0.2774251401424408,0.2774251401424408,1.0,1.0
25314,0.518798828125,0.5863193273544312,0.6967307925224304,0.9161871075630188
25315,0.939453125,0.9412841796875,0.8987017273902893,0.9601421356201172
25316,0.946533203125,0.9486284255981445,1.0,0.9956333041191101
25317,0.943115234375,0.9510403871536255,0.7475366592407227,0.931399941444397
25318,0.110107421875,0.1204071044921875,1.0,0.9828919768333435
25319,0.606689453125,0.6292843818664551,1.0,0.9951845407485962
25320,0.166259765625,0.21607503294944763,0.5307213068008423,0.7809807658195496
25321,0.2774251401424408,0.3006337583065033,0.8435737490653992,0.9604133367538452
25322,0.518798828125,0.5283249616622925,1.0,0.985412061214447
25323,0.110107421875,0.12298202514648438,1.0,1.0
25324,0.08984375,0.11768480390310287,0.3951442539691925,0.5105593800544739
25325,0.260498046875,0.31049418449401855,0.8026120662689209,0.9208325743675232
25326,0.0625,0.09296874701976776,0.3065735995769501,0.5437713265419006
25327,0.219970703125,0.28808891773223877,0.397238165140152,0.6957592964172363
25328,0.9668782353401184,0.9672415256500244,0.9614850282669067,0.9802238345146179
25329,0.946533203125,0.951636791229248,1.0,0.995198130607605
25330,0.110107421875,0.110107421875,1.0,1.0
25331,0.228759765625,0.26438742876052856,1.0,1.0
25332,0.556884765625,0.5689353942871094,0.9594535827636719,0.963140606880188
25333,0.146728515625,0.20379580557346344,0.58057701587677,0.7801564335823059
25334,0.953369140625,0.9553161263465881,1.0,0.9918546080589294
25335,0.23828125,0.3087141513824463,0.7039180994033813,0.9092902541160583
25336,0.946533203125,0.9514259099960327,1.0,1.0
25337,0.09375,0.09375,0.6309297680854797,0.6309297680854797
25338,0.9375,0.9411376714706421,0.7531440854072571,0.8599380254745483
25339,0.956298828125,0.9610105752944946,0.8195018768310547,0.949045717716217
25340,0.0,0.015625,0.0,0.43067657947540283
25341,0.951904296875,0.9538068175315857,0.9521908760070801,0.9350537061691284
25342,0.228759765625,0.27897757291793823,0.7660098671913147,0.9323448538780212
25344,0.110107421875,0.16921375691890717,0.5158474445343018,0.7931988835334778
25345,0.09375,0.1064453125,0.5212960839271545,0.6399093270301819
25346,0.304931640625,0.37751761078834534,1.0,1.0
25347,0.0625,0.0625,1.0,1.0
25348,0.0625,0.0625,1.0,1.0
25349,0.08203125,0.13189351558685303,0.3631143569946289,0.6884365081787109
25350,0.02083333395421505,0.03059895895421505,0.3065735995769501,0.5249810218811035
25351,0.499755859375,0.5232399702072144,0.9037794470787048,0.9751363396644592
25352,0.580322265625,0.6124609112739563,1.0,1.0
25354,0.300537109375,0.35377728939056396,0.6655102372169495,0.8149304389953613
25355,0.4375,0.4375,1.0,1.0
25356,0.261474609375,0.2915857434272766,0.6151177287101746,0.7034921646118164
25357,0.943359375,0.9485778212547302,0.9184463024139404,0.9785746335983276
25358,0.110107421875,0.1204071044921875,1.0,0.9828919768333435
25359,0.110107421875,0.20978926122188568,0.3333333134651184,0.7818224430084229
25360,0.304931640625,0.35733169317245483,1.0,0.9821520447731018
25361,0.146728515625,0.21376913785934448,0.48975956439971924,0.7682929635047913
25362,0.02083333395421505,0.06167321279644966,0.12103812396526337,0.4827943444252014
25363,0.393798828125,0.4466005861759186,0.690318763256073,0.8609209656715393
25364,0.05078125,0.05078125,0.6934263706207275,0.6934263706207275
25365,0.0625,0.1067139208316803,0.3631143569946289,0.6405817270278931
25366,0.3599446713924408,0.37009844183921814,0.8075588941574097,0.8215928673744202
25367,0.03125,0.044677734375,0.29608193039894104,0.5853898525238037
25368,0.02083333395421505,0.0354817733168602,0.3065735995769501,0.5706417560577393
25369,0.08203125,0.1781669706106186,0.23463936150074005,0.6391603946685791
25370,0.110107421875,0.13749468326568604,1.0,0.9838048219680786
25371,0.304931640625,0.3533381223678589,1.0,0.9746361970901489
25374,0.16796875,0.23771047592163086,0.3198178708553314,0.6303051710128784
25375,0.300537109375,0.3629376292228699,0.5354781746864319,0.7849761843681335
25376,0.4375,0.4686279296875,0.7452524900436401,0.9207313656806946
25377,0.14453125,0.18358094990253448,0.5307213068008423,0.6799948811531067
25378,0.556884765625,0.6058292388916016,0.8308104276657104,0.9515262246131897
25379,0.05078125,0.08286046981811523,0.5307212471961975,0.7816511392593384
25380,0.946533203125,0.9501241445541382,1.0,0.9934657216072083
25381,0.488037109375,0.5385168790817261,0.7069194316864014,0.7891835570335388
25382,0.260498046875,0.3215990662574768,0.8026120662689209,0.9319555759429932
25383,0.02083333395421505,0.02083333395421505,0.5,0.5
25385,0.166259765625,0.1990828514099121,0.6291344165802002,0.7905480265617371
25386,0.518798828125,0.5399767160415649,1.0,1.0
25387,0.953369140625,0.9565780758857727,1.0,1.0
25388,0.091796875,0.1536034345626831,0.3948093354701996,0.7497641444206238
25389,0.212890625,0.2444092333316803,0.8789618015289307,0.8492857813835144
25390,0.228759765625,0.3156883418560028,0.6461858153343201,0.8482105135917664
25391,0.08203125,0.093017578125,0.7039180994033813,0.885459840297699
25392,0.12109375,0.16914574801921844,0.46358197927474976,0.6652357578277588
25393,0.2044270783662796,0.2044270783662796,0.963940441608429,0.963940441608429
25394,0.365234375,0.44207870960235596,0.4972013831138611,0.8074496984481812
25395,0.9507649540901184,0.9535209536552429,0.974961519241333,0.9769812822341919
25396,0.304931640625,0.37751761078834534,1.0,1.0
25397,0.212890625,0.2634808421134949,0.67329341173172,0.8936238884925842
25398,0.304931640625,0.3663727343082428,1.0,0.9968176484107971
25399,0.228759765625,0.2600777745246887,1.0,1.0
25400,0.110107421875,0.15762275457382202,0.3951442539691925,0.6836940050125122
25401,0.110107421875,0.15885654091835022,1.0,1.0
25402,0.2774251401424408,0.33372682332992554,0.8435737490653992,0.9339441657066345
25403,0.304931640625,0.32504576444625854,1.0,0.9828920364379883
25404,0.0625,0.0625,1.0,1.0
25405,0.166259765625,0.19598710536956787,0.8213136792182922,0.861851155757904
25406,0.953369140625,0.9580021500587463,0.912726640701294,0.9866207838058472
25407,0.260498046875,0.3213757276535034,0.8026120662689209,0.9266967177391052
25408,0.197998046875,0.24617530405521393,0.6871474981307983,0.8378100395202637
25409,0.263671875,0.2774251401424408,0.7653606534004211,0.9066275954246521
25410,0.571533203125,0.5783882737159729,0.5378206372261047,0.7257791757583618
25411,0.946533203125,0.9565533399581909,0.6577322483062744,0.9066048860549927
25412,0.967041015625,0.9676325917243958,0.9284793138504028,0.9877429008483887
25413,0.110107421875,0.17145399749279022,0.5158474445343018,0.8032286167144775
25414,0.228759765625,0.3054563105106354,0.3974803686141968,0.6772611737251282
25415,0.197998046875,0.24842935800552368,0.6871474981307983,0.8082243800163269
25416,0.304931640625,0.3403690755367279,1.0,0.958301842212677
25417,0.518798828125,0.5514926910400391,1.0,0.9688397645950317
25418,0.09375,0.09375,0.6309297680854797,0.6309297680854797
25419,0.110107421875,0.15885654091835022,1.0,1.0
25420,0.431884765625,0.47843655943870544,0.7318407297134399,0.889259397983551
25421,0.228759765625,0.2600777745246887,1.0,1.0
25422,0.146728515625,0.21723869442939758,0.48975956439971924,0.7894816994667053
25423,0.1106770858168602,0.1541188657283783,0.4437016248703003,0.6991836428642273
25424,0.703369140625,0.7071179151535034,0.8588406443595886,0.892063319683075
25425,0.580322265625,0.5994132161140442,1.0,0.9793904423713684
25426,0.02083333395421505,0.02083333395421505,0.5,0.5
25427,0.9668782353401184,0.9670118689537048,1.0,1.0
25428,0.3599446713924408,0.4101964831352234,0.8075588941574097,0.886561393737793
25429,0.9375,0.9375,1.0,1.0
25430,0.146728515625,0.21508027613162994,0.48975956439971924,0.6780359148979187
25431,0.2774251401424408,0.3235032260417938,0.8435737490653992,0.9673399925231934
25432,0.567138671875,0.6052657961845398,0.7988805174827576,0.9382895827293396
25433,0.953369140625,0.9547942280769348,1.0,1.0
25434,0.110107421875,0.17320090532302856,0.5158474445343018,0.808742105960846
25435,0.197998046875,0.2244912087917328,0.8145672082901001,0.8095990419387817
25436,0.2044270783662796,0.2482886165380478,0.6490147709846497,0.8734766244888306
25437,0.02083333395421505,0.08660851418972015,0.09271639585494995,0.5337508916854858
25438,0.228759765625,0.305536687374115,0.6461858153343201,0.8881034255027771
25439,0.25390625,0.25390625,0.6653152108192444,0.6653152108192444
25440,0.946533203125,0.951350212097168,0.8793432712554932,0.9560175538063049
25442,0.23828125,0.2718048095703125,0.7039180994033813,0.8926893472671509
25443,0.3599446713924408,0.4040991961956024,0.8075588941574097,0.8066214919090271
25444,0.2774251401424408,0.34946855902671814,0.5188971757888794,0.784489631652832
25445,0.304931640625,0.3650248646736145,1.0,0.987617552280426
25446,0.393798828125,0.4588830769062042,0.5977610945701599,0.8434662818908691
25447,0.580322265625,0.5970419049263,1.0,0.9835341572761536
25448,0.9375,0.9429836273193359,0.8155369758605957,0.9300083518028259
25449,0.228759765625,0.2679787874221802,1.0,1.0
25450,0.0625,0.07421875,0.6131471991539001,0.8503448963165283
25451,0.166259765625,0.23702599108219147,0.5307213068008423,0.8039440512657166
25453,0.110107421875,0.19599264860153198,0.3333333134651184,0.7603790760040283
25454,0.374755859375,0.42535409331321716,0.6128985285758972,0.8064931035041809
25455,0.946533203125,0.950960636138916,1.0,0.9891142845153809
25456,0.278564453125,0.30024614930152893,0.7276545763015747,0.7702405452728271
25457,0.393798828125,0.41576844453811646,0.8579513430595398,0.8847143650054932
25458,0.267578125,0.2943572998046875,0.5766665935516357,0.7133676409721375
25459,0.556884765625,0.5699396133422852,0.9594535827636719,0.958112359046936
25460,0.556884765625,0.5892651677131653,0.8308104276657104,0.9244231581687927
25461,0.304931640625,0.36471623182296753,1.0,0.9786790013313293
25462,0.197998046875,0.2442176789045334,0.6871474981307983,0.7541359066963196
25463,0.9668782353401184,0.9674278497695923,0.892719030380249,0.980994462966919
25464,0.967041015625,0.9676182270050049,0.8122885227203369,0.9531118273735046
25465,0.488037109375,0.5090031623840332,0.8785831332206726,0.9439145922660828
25466,0.02083333395421505,0.051895871758461,0.12103812396526337,0.43948090076446533
25467,0.304931640625,0.371407151222229,1.0,0.9850161075592041
25468,0.166259765625,0.2552148103713989,0.5307213068008423,0.7920728325843811
25469,0.304931640625,0.3468548059463501,1.0,0.9875227212905884
25470,0.197998046875,0.26767563819885254,0.6871474981307983,0.866056501865387
25471,0.490234375,0.5074176788330078,0.8556691408157349,0.9494995474815369
25472,0.0,0.072265625,0.0,0.482475608587265
25473,0.9375,0.9385157823562622,0.9298905730247498,0.9701113104820251
25474,0.560546875,0.5777933597564697,0.8838695287704468,0.9360018372535706
25475,0.197998046875,0.2924344539642334,0.42267662286758423,0.6378898620605469
25477,0.9507649540901184,0.9538499116897583,0.974961519241333,0.9775691032409668
25478,0.9388020634651184,0.9388020634651184,0.9916236400604248,0.9916236400604248
25479,0.110107421875,0.110107421875,1.0,1.0
25480,0.580322265625,0.6151120066642761,1.0,1.0
25481,0.146728515625,0.2167518585920334,0.48975956439971924,0.8089792132377625
25483,0.3599446713924408,0.4279250204563141,0.5626510977745056,0.8172065019607544
25484,0.393798828125,0.44071075320243835,0.8579513430595398,0.8476893901824951
25485,0.166259765625,0.20995306968688965,0.6291344165802002,0.8133895993232727
25486,0.228759765625,0.3058840036392212,0.6461858153343201,0.91239994764328
25487,0.304931640625,0.3482896685600281,1.0,0.9933390021324158
25488,0.300537109375,0.40273624658584595,0.3306722342967987,0.6606119275093079
25489,0.146728515625,0.1931302845478058,0.58057701587677,0.7791749835014343
25490,0.560546875,0.6194051504135132,0.4981783330440521,0.7451617121696472
25491,0.03125,0.03125,0.6309297680854797,0.6309297680854797
25492,0.488037109375,0.5398716926574707,0.8785831332206726,0.920234203338623
25493,0.197998046875,0.2319878786802292,0.8145672082901001,0.8669568300247192
25494,0.4375,0.443359375,0.9173194169998169,0.9639987945556641
25495,0.9388020634651184,0.9388020634651184,0.9916236400604248,0.9916236400604248
25496,0.091796875,0.12272657454013824,0.7653606534004211,0.9434733390808105
25497,0.488037109375,0.5251359939575195,0.8785831332206726,0.8946605324745178
25498,0.499755859375,0.5393480062484741,0.9037794470787048,0.9750828742980957
25499,0.260498046875,0.2774209976196289,0.9514426589012146,0.957834780216217
25500,0.703369140625,0.7065780758857727,0.8588406443595886,0.8839298486709595
25501,0.091796875,0.12119388580322266,0.7653606534004211,0.9325173497200012
25502,0.304931640625,0.36765652894973755,1.0,0.9404613971710205
25503,0.228759765625,0.2679787874221802,1.0,0.9558244943618774
25504,0.2774251401424408,0.3927461504936218,0.36153164505958557,0.7602554559707642
25505,0.943115234375,0.9512375593185425,0.819014847278595,0.9461587071418762
25506,0.197998046875,0.23433706164360046,0.6871474981307983,0.8379316329956055
25507,0.580322265625,0.6168036460876465,0.86592036485672,0.9161133766174316
25508,0.518798828125,0.5820105671882629,0.6967307925224304,0.9120432138442993
25509,0.606689453125,0.6361707448959351,1.0,0.9031527042388916
25510,0.374755859375,0.4288770258426666,0.6128985285758972,0.8325006365776062
25511,0.0,0.12362465262413025,0.0,0.4943545460700989
25512,0.08203125,0.12057650834321976,0.7039180994033813,0.909946620464325
25513,0.304931640625,0.3540682792663574,1.0,0.9227686524391174
25514,0.300537109375,0.3764840066432953,0.4636814594268799,0.7507452368736267
25515,0.304931640625,0.3746241629123688,1.0,1.0
25516,0.943115234375,0.9460650086402893,0.9313938021659851,0.9687895178794861
25517,0.110107421875,0.18223799765110016,0.3951442539691925,0.7602375745773315
25518,0.2774251401424408,0.3478630483150482,0.8435737490653992,0.8344722986221313
25519,0.08203125,0.09576416015625,0.7039180994033813,0.9060254693031311
25522,0.228759765625,0.31429943442344666,0.3974803686141968,0.6332024931907654
25523,0.146728515625,0.20839975774288177,0.48975956439971924,0.7863136529922485
25524,0.02083333395421505,0.05505117028951645,0.23463936150074005,0.6533933281898499
25525,0.110107421875,0.17424874007701874,0.3951442539691925,0.7360109090805054
25526,0.967041015625,0.9673764109611511,0.9284793138504028,0.96652752161026
25527,0.304931640625,0.3449886441230774,1.0,0.961030125617981
25528,0.166259765625,0.17741775512695312,0.8213136792182922,0.8381840586662292
25529,0.9507649540901184,0.9556383490562439,0.8898733854293823,0.9734362363815308
25530,0.08203125,0.09576416015625,0.7039180994033813,0.9060254693031311
25531,0.466064453125,0.5143622159957886,0.7823625802993774,0.9262607097625732
25532,0.951171875,0.9577630758285522,0.8472716808319092,0.9438475370407104
25533,0.304931640625,0.373099148273468,1.0,1.0
25534,0.091796875,0.1437959522008896,0.7653606534004211,0.8899540901184082
25535,0.197998046875,0.26511478424072266,0.6871474981307983,0.807752251625061
25536,0.580322265625,0.6229063272476196,0.86592036485672,0.9005343317985535
25537,0.166259765625,0.25718021392822266,0.5307213068008423,0.8391398787498474
25538,0.706298828125,0.7095988392829895,0.871160089969635,0.9047865271568298
25539,0.466064453125,0.466064453125,1.0,1.0
25540,0.466064453125,0.5043020248413086,0.7823625802993774,0.9440870881080627
25541,0.166259765625,0.24816535413265228,0.5307213068008423,0.7344738245010376
25542,0.606689453125,0.6327666640281677,1.0,0.9919504523277283
25543,0.499755859375,0.5042190551757812,1.0,0.9924192428588867
25544,0.344482421875,0.3700384199619293,0.690318763256073,0.7708502411842346
25545,0.968017578125,0.9680572152137756,1.0,0.9821677803993225
25546,0.05078125,0.09463068097829819,0.5307212471961975,0.8118374347686768
25547,0.940673828125,0.9497608542442322,0.6461690664291382,0.8452638983726501
25548,0.110107421875,0.155360147356987,1.0,0.9363793134689331
25549,0.466064453125,0.4995096027851105,0.8656565546989441,0.9420833587646484
25550,0.05078125,0.0718710720539093,0.5307212471961975,0.739746630191803
25551,0.466064453125,0.5171000361442566,0.5450960993766785,0.8087273836135864
25552,0.606689453125,0.6408352851867676,1.0,0.9847546815872192
25553,0.304931640625,0.3680685758590698,1.0,0.8796171545982361
25554,0.14453125,0.21885401010513306,0.5307213068008423,0.7951318025588989
25555,0.1875,0.22265297174453735,0.4692787230014801,0.6505981683731079
25556,0.23828125,0.26922607421875,0.7039180994033813,0.9060254693031311
25557,0.08203125,0.1340303272008896,0.7039180994033813,0.919646143913269
25558,0.228759765625,0.29043102264404297,0.6461858153343201,0.9128981828689575
25559,0.110107421875,0.1349082738161087,1.0,0.9671081304550171
25562,0.967041015625,0.9676229953765869,0.8122885227203369,0.9559838771820068
25563,0.304931640625,0.3687254786491394,1.0,0.8783032298088074
25564,0.304931640625,0.3709383010864258,1.0,0.9946876764297485
25565,0.2774251401424408,0.3380606770515442,0.8435737490653992,0.8698848485946655
25566,0.304931640625,0.3742768466472626,1.0,0.9932168126106262
25567,0.197998046875,0.2442176640033722,0.6871474981307983,0.8560072183609009
25568,0.14453125,0.18218079209327698,0.5307213068008423,0.7432692050933838
25569,0.2774251401424408,0.3535866439342499,0.8435737490653992,0.8141059875488281
25570,0.393798828125,0.393798828125,0.8579513430595398,0.8579513430595398
25571,0.304931640625,0.3753248453140259,1.0,0.9558305144309998
25572,0.0625,0.0820661261677742,0.4692787230014801,0.807246744632721
25573,0.267578125,0.29229736328125,0.5766665935516357,0.7142220735549927
25574,0.03125,0.056884765625,0.29608193039894104,0.6797310709953308
25575,0.365234375,0.365234375,0.8339911699295044,0.8339911699295044
25576,0.166259765625,0.20494812726974487,0.6291344165802002,0.7966918349266052
25577,0.110107421875,0.15885654091835022,0.5158474445343018,0.6943559050559998
25578,0.228759765625,0.256581574678421,1.0,0.9325959086418152
25579,0.091796875,0.13564631342887878,0.7653606534004211,0.8735286593437195
25580,0.2774251401424408,0.34661006927490234,0.5188971757888794,0.7638940215110779
25581,0.304931640625,0.3378058969974518,1.0,0.9915295243263245
25582,0.110107421875,0.23323068022727966,0.20503923296928406,0.653105616569519
25583,0.091796875,0.091796875,1.0,1.0
25584,0.304931640625,0.37066736817359924,1.0,1.0
25585,0.110107421875,0.15885654091835022,1.0,1.0
25586,0.260498046875,0.31750771403312683,0.8026120662689209,0.9123055338859558
25587,0.304931640625,0.37022465467453003,1.0,0.9868956804275513
25588,0.2774251401424408,0.34008458256721497,0.8435737490653992,0.9765905737876892
25589,0.166259765625,0.2241853028535843,0.5307213068008423,0.6804252862930298
25590,0.278564453125,0.330339640378952,0.5692896842956543,0.7678378820419312
25591,0.967041015625,0.9672471880912781,1.0,1.0
25592,0.228759765625,0.2639085650444031,1.0,0.9975754022598267
25594,0.091796875,0.13564631342887878,0.7653606534004211,0.9492756128311157
25596,0.393798828125,0.44022127985954285,0.8579513430595398,0.908653974533081
25597,0.260498046875,0.32409751415252686,0.8026120662689209,0.9423754811286926
25598,0.146728515625,0.2250615805387497,0.48975956439971924,0.7920578718185425
25599,0.518798828125,0.5384154915809631,1.0,0.9739693999290466
25600,0.567138671875,0.6186816692352295,0.7988805174827576,0.8342264890670776
25602,0.940673828125,0.9478414058685303,0.8770246505737305,0.9545890688896179
25603,0.431884765625,0.4532836079597473,0.8451594114303589,0.8713618516921997
25604,0.304931640625,0.36518868803977966,1.0,1.0
25606,0.146728515625,0.2100178748369217,0.48975956439971924,0.788950502872467
25607,0.2774251401424408,0.33030062913894653,0.8435737490653992,0.9501103162765503
25608,0.940673828125,0.9473007917404175,0.7038999795913696,0.8778133392333984
25609,0.567138671875,0.6066209673881531,0.7988805174827576,0.9268594980239868
25610,0.166259765625,0.22748202085494995,0.5307213068008423,0.8125429749488831
25611,0.166259765625,0.33859121799468994,0.16220630705356598,0.5994670987129211
25613,0.260498046875,0.3423477113246918,0.49370092153549194,0.7726004123687744
25615,0.260498046875,0.3211849331855774,0.8026120662689209,0.947945237159729
25616,0.110107421875,0.17145399749279022,0.3951442539691925,0.6733749508857727
25617,0.110107421875,0.15836742520332336,0.5158474445343018,0.7635095715522766
25618,0.304931640625,0.33525997400283813,1.0,0.9609247446060181
25619,0.12109375,0.1488957405090332,0.605190634727478,0.7424001097679138
25620,0.488037109375,0.5662049055099487,0.6121358871459961,0.9073634743690491
25621,0.374755859375,0.42365050315856934,0.6128985285758972,0.8000531196594238
25622,0.518798828125,0.5821787714958191,0.6967307925224304,0.9292004108428955
25623,0.304931640625,0.3621583580970764,1.0,1.0
25624,0.374755859375,0.4351751506328583,0.6128985285758972,0.8060978055000305
25625,0.580322265625,0.6124609112739563,1.0,1.0
25626,0.9507649540901184,0.9544017910957336,0.974961519241333,0.976138710975647
25627,0.304931640625,0.3753223121166229,0.6151177287101746,0.7631990909576416
25628,0.12109375,0.13299560546875,0.605190634727478,0.7094471454620361
25629,0.0,0.046875,0.0,0.43067657947540283
25630,0.212890625,0.2627004384994507,0.5679726600646973,0.8135545253753662
25631,0.518798828125,0.5645365715026855,0.6967307925224304,0.7375571131706238
25632,0.9444172978401184,0.946792483329773,1.0,1.0
25633,0.946533203125,0.9514752626419067,1.0,0.9984996318817139
25634,0.556884765625,0.5884034633636475,0.9594535827636719,0.9653211236000061
25635,0.304931640625,0.33438950777053833,1.0,1.0
25636,0.943115234375,0.9492701292037964,0.9313938021659851,0.969393789768219
25637,0.580322265625,0.5968511700630188,1.0,0.9930967092514038
25638,0.146728515625,0.2076345682144165,0.48975956439971924,0.7793292999267578
25639,0.0625,0.29057854413986206,0.043636664748191833,0.5648099780082703
25640,0.946533203125,0.9510551691055298,0.8793432712554932,0.9460723996162415
25642,0.304931640625,0.3295130729675293,1.0,0.9427730441093445
25643,0.946533203125,0.9491399526596069,1.0,0.9936460256576538
25645,0.946533203125,0.9511683583259583,1.0,1.0
25646,0.110107421875,0.17982248961925507,0.5158474445343018,0.8259897232055664
25647,0.518798828125,0.5650554895401001,1.0,0.9946180582046509
25648,0.556884765625,0.5969525575637817,0.8308104276657104,0.9187690615653992
25649,0.260498046875,0.3160126805305481,0.8026120662689209,0.9359073042869568
25650,0.091796875,0.091796875,1.0,1.0
25651,0.304931640625,0.3551953434944153,1.0,0.9781854152679443
25652,0.946533203125,0.951589822769165,1.0,1.0
25653,0.12109375,0.18006837368011475,0.3910655975341797,0.7178762555122375
25654,0.304931640625,0.3600511848926544,1.0,1.0
25656,0.228759765625,0.2446599006652832,1.0,0.9849510788917542
25657,0.09375,0.15354442596435547,0.29608193039894104,0.6578518748283386
25659,0.146728515625,0.2221468836069107,0.48975956439971924,0.7988747358322144
25660,0.2774251401424408,0.32742130756378174,0.8435737490653992,0.9496821761131287
25661,0.23828125,0.24859619140625,0.8344475626945496,0.9143090844154358
25662,0.374755859375,0.44518887996673584,0.6128985285758972,0.8257548809051514
25663,0.304931640625,0.4331670105457306,0.34757038950920105,0.6991917490959167
25664,0.2774251401424408,0.33601680397987366,0.8435737490653992,0.9693329930305481
25665,0.951904296875,0.9577379822731018,0.8690900206565857,0.9727197289466858
25666,0.466064453125,0.5268959403038025,0.629499077796936,0.8286020159721375
25667,0.228759765625,0.27100902795791626,1.0,1.0
25668,0.110107421875,0.15848776698112488,0.5158474445343018,0.7688271999359131
25669,0.110107421875,0.18313360214233398,0.3951442539691925,0.7597004175186157
25670,0.263671875,0.30052897334098816,0.7653606534004211,0.8488404750823975
25672,0.267578125,0.3461918830871582,0.36312174797058105,0.7172021865844727
25673,0.956298828125,0.9610912203788757,0.8195018768310547,0.955924928188324
25674,0.146728515625,0.19317269325256348,0.58057701587677,0.7807793617248535
25675,0.518798828125,0.5627102255821228,1.0,0.9944033622741699
25677,0.110107421875,0.1512162685394287,1.0,1.0
25678,0.304931640625,0.36053135991096497,1.0,0.8794283270835876
25679,0.091796875,0.10552978515625,0.7653606534004211,0.9674680233001709
25680,0.110107421875,0.1512162685394287,1.0,1.0
25681,0.518798828125,0.5554594397544861,1.0,0.9930265545845032
25682,0.08203125,0.12846121191978455,0.7039180994033813,0.8412976264953613
25683,0.47265625,0.5532700419425964,0.5698384642601013,0.8290002942085266
25684,0.110107421875,0.13263797760009766,1.0,1.0
25685,0.1106770858168602,0.1106770858168602,0.6590018272399902,0.6590018272399902
25686,0.110107421875,0.1512162685394287,1.0,1.0
25687,0.110107421875,0.1761167049407959,0.3951442539691925,0.7426412105560303
25689,0.0625,0.0625,1.0,1.0
25690,0.05078125,0.0748138427734375,0.5307212471961975,0.7606395483016968
25691,0.531982421875,0.5888379216194153,0.7462155222892761,0.9134620428085327
25692,0.374755859375,0.4200068712234497,0.7617307901382446,0.8675593733787537
25693,0.2774251401424408,0.32716530561447144,0.8435737490653992,0.9181132316589355
25694,0.953369140625,0.9566972851753235,1.0,0.9975202083587646
25695,0.0625,0.0625,1.0,1.0
25696,0.166259765625,0.24806003272533417,0.5307213068008423,0.831818163394928
25697,0.304931640625,0.37751761078834534,1.0,1.0
25698,0.466064453125,0.49531394243240356,0.8656565546989441,0.8931118249893188
25699,0.146728515625,0.16625499725341797,0.7579237222671509,0.7979168891906738
25700,0.260498046875,0.3213757276535034,0.8026120662689209,0.9266967177391052
25701,0.228759765625,0.2600777745246887,1.0,1.0
25702,0.110107421875,0.15885654091835022,1.0,1.0
25703,0.260498046875,0.30969515442848206,0.8026120662689209,0.9137594699859619
25704,0.110107421875,0.20449194312095642,0.3333333134651184,0.7633293867111206
25705,0.08203125,0.08203125,0.9197208285331726,0.9197208285331726
25706,0.304931640625,0.3397778272628784,1.0,1.0
25707,0.606689453125,0.6348413228988647,1.0,0.9720688462257385
25708,0.946533203125,0.9503627419471741,1.0,0.994422435760498
25709,0.9507649540901184,0.9530532956123352,0.974961519241333,0.9720409512519836
25710,0.091796875,0.13034212589263916,0.7653606534004211,0.9495662450790405
25711,0.304931640625,0.3431977331638336,1.0,1.0
25712,0.197998046875,0.23670470714569092,0.6871474981307983,0.8377854824066162
25713,0.956298828125,0.9589003920555115,1.0,0.9643322825431824
25714,0.956298828125,0.9585280418395996,1.0,1.0
25715,0.260498046875,0.3029889464378357,0.8026120662689209,0.9250689148902893
25716,0.110107421875,0.159866064786911,0.5158474445343018,0.7684544324874878
25717,0.304931640625,0.37751761078834534,1.0,1.0
25718,0.091796875,0.091796875,1.0,1.0
25719,0.0,0.06771859526634216,0.0,0.5035583972930908
25720,0.943115234375,0.9487036466598511,0.9313938021659851,0.9602643847465515
25721,0.0625,0.07421875,0.6131471991539001,0.8503448963165283
25722,0.393798828125,0.43551525473594666,0.8579513430595398,0.9010136723518372
25723,0.1106770858168602,0.16119384765625,0.4437016248703003,0.7133822441101074
25725,0.304931640625,0.3635978698730469,0.6151177287101746,0.8051066398620605
25726,0.706298828125,0.7087080478668213,0.871160089969635,0.8804247975349426
25727,0.2774251401424408,0.3193359375,0.8435737490653992,0.973412811756134
25728,0.166259765625,0.2084236741065979,0.5307213068008423,0.7570517659187317
25729,0.0,0.0069444444961845875,0.0,0.3010300099849701
25730,0.304931640625,0.304931640625,1.0,1.0
25731,0.03125,0.03125,0.6309297680854797,0.6309297680854797
25732,0.110107421875,0.16842378675937653,0.5158474445343018,0.7941344380378723
25733,0.304931640625,0.37022465467453003,1.0,0.9014469385147095
25734,0.14453125,0.2254297137260437,0.32645606994628906,0.5982994437217712
25736,0.946533203125,0.9489742517471313,1.0,1.0
25737,0.946533203125,0.9486284255981445,1.0,0.9956333041191101
25738,0.9444172978401184,0.9493027329444885,0.8315341472625732,0.9264227151870728
25739,0.110107421875,0.22313737869262695,0.22686867415905,0.639165997505188
25740,0.518798828125,0.5332661867141724,1.0,0.9927878975868225
25741,0.943115234375,0.9495030045509338,0.819014847278595,0.9264784455299377
25742,0.9444172978401184,0.951058566570282,0.8315341472625732,0.9532620310783386
25743,0.967041015625,0.9672923684120178,1.0,0.9869963526725769
25745,0.9444172978401184,0.947516143321991,0.9456308484077454,0.9886283874511719
25746,0.03125,0.03125,0.6309297680854797,0.6309297680854797
25748,0.304931640625,0.34790122509002686,1.0,0.9843795895576477
25750,0.166259765625,0.1990828514099121,0.6291344165802002,0.7905480265617371
25751,0.212890625,0.25472426414489746,0.8789618015289307,0.9665790796279907
25752,0.260498046875,0.35724344849586487,0.397238165140152,0.7417689561843872
25753,0.304931640625,0.37238895893096924,1.0,0.9498288631439209
25754,0.2044270783662796,0.2682904601097107,0.5474918484687805,0.8240350484848022
25755,0.197998046875,0.23910260200500488,0.6871474981307983,0.8432701826095581
25756,0.0625,0.0625,0.5,0.5
25757,0.304931640625,0.3295854330062866,1.0,0.9799152612686157
25758,0.110107421875,0.1462436020374298,1.0,1.0
25759,0.2774251401424408,0.3089182376861572,0.8435737490653992,0.9529232382774353
25760,0.110107421875,0.16116158664226532,0.5158474445343018,0.7700380682945251
25762,0.967041015625,0.9672436118125916,1.0,0.9991830587387085
25763,0.556884765625,0.5933148860931396,0.8308104276657104,0.9432451725006104
25764,0.393798828125,0.42125463485717773,0.8579513430595398,0.8720155954360962
25765,0.518798828125,0.5686288475990295,0.8046129941940308,0.926561176776886
25766,0.110107421875,0.13263797760009766,1.0,1.0
25767,0.940673828125,0.9448967576026917,0.8770246505737305,0.9545633792877197
25768,0.9388020634651184,0.9397175908088684,0.9608869552612305,0.987585723400116
25769,0.943359375,0.94415283203125,0.97125244140625,0.9960142970085144
25770,0.304931640625,0.3746241629123688,1.0,1.0
25771,0.943359375,0.9532299041748047,0.6506248712539673,0.8612357378005981
25772,0.706298828125,0.7085251808166504,0.871160089969635,0.8906775712966919
25773,0.02083333395421505,0.02083333395421505,0.5,0.5
25774,0.943359375,0.9452128410339355,0.97125244140625,0.9921037554740906
25775,0.228759765625,0.2600777745246887,1.0,1.0
25776,0.957763671875,0.9580883979797363,0.8908864855766296,0.9151207804679871
25777,0.260498046875,0.323030024766922,0.8026120662689209,0.9107659459114075
25778,0.166259765625,0.1821599006652832,0.8213136792182922,0.8357853293418884
25779,0.953369140625,0.958712637424469,0.912726640701294,0.9716814756393433
25780,0.9444172978401184,0.9508599042892456,0.9456308484077454,0.9609842300415039
25781,0.499755859375,0.5557659864425659,0.629690945148468,0.8317122459411621
25782,0.365234375,0.4226628839969635,0.5741883516311646,0.7873632311820984
25783,0.110107421875,0.1462436020374298,1.0,1.0
25784,0.488037109375,0.5105390548706055,0.8785831332206726,0.9566176533699036
25785,0.110107421875,0.1549457609653473,1.0,0.9337458610534668
25786,0.110107421875,0.110107421875,1.0,1.0
25787,0.110107421875,0.1588565558195114,1.0,1.0
25788,0.166259765625,0.22389724850654602,0.5307213068008423,0.7059151530265808
25789,0.2774251401424408,0.35330355167388916,0.8435737490653992,0.957413375377655
25790,0.260498046875,0.29192638397216797,0.8026120662689209,0.932297945022583
25791,0.263671875,0.27398681640625,0.90728360414505,0.9871451258659363
25792,0.05078125,0.0748138427734375,0.5307212471961975,0.7606395483016968
25793,0.518798828125,0.5500730276107788,1.0,1.0
25794,0.091796875,0.091796875,1.0,1.0
25795,0.967041015625,0.967127799987793,1.0,1.0
25796,0.146728515625,0.18865814805030823,0.58057701587677,0.7733727097511292
25797,0.518798828125,0.544286847114563,1.0,0.9875006675720215
25798,0.0625,0.0625,1.0,1.0
25799,0.956298828125,0.9584617614746094,1.0,1.0
25800,0.0625,0.0858350470662117,0.4692787230014801,0.7770789861679077
25801,0.499755859375,0.552754819393158,0.9037794470787048,0.9320744872093201
25802,0.488037109375,0.4997529983520508,0.9721211791038513,0.9743534326553345
25803,0.1875,0.23566946387290955,0.31939393281936646,0.5855858325958252
25804,0.0,0.0498909093439579,0.0,0.6181312799453735
25805,0.304931640625,0.3574824333190918,1.0,1.0
25806,0.110107421875,0.12298202514648438,1.0,1.0
25807,0.110107421875,0.110107421875,1.0,1.0
25808,0.278564453125,0.3236338198184967,0.5692896842956543,0.7504274249076843
25809,0.956298828125,0.958848774433136,1.0,0.9850709438323975
25810,0.580322265625,0.6151556968688965,0.86592036485672,0.9744121432304382
25811,0.968017578125,0.9680752158164978,1.0,0.9981927275657654
25812,0.9375,0.9375,1.0,1.0
25813,0.946533203125,0.9509322643280029,1.0,0.9964361190795898
25814,0.943115234375,0.9497352838516235,0.819014847278595,0.9446352124214172
25815,0.05078125,0.05078125,0.6934263706207275,0.6934263706207275
25816,0.304931640625,0.37462419271469116,1.0,1.0
25817,0.304931640625,0.304931640625,1.0,1.0
25819,0.110107421875,0.1512162685394287,1.0,1.0
25820,0.304931640625,0.35791003704071045,1.0,0.9400110244750977
25821,0.304931640625,0.3530694544315338,1.0,1.0
25822,0.499755859375,0.5377295017242432,0.9037794470787048,0.9745092988014221
25823,0.260498046875,0.3265289068222046,0.8026120662689209,0.9442209601402283
25824,0.228759765625,0.32532867789268494,0.3974803686141968,0.7489224672317505
25825,0.166259765625,0.1751861572265625,0.8213136792182922,0.8285769820213318
25826,0.14453125,0.23478209972381592,0.32645606994628906,0.6595117449760437
25827,0.110107421875,0.16181513667106628,0.5158474445343018,0.7716063857078552
25828,0.518798828125,0.5299808979034424,1.0,0.991584062576294
25829,0.05078125,0.09905082732439041,0.5307212471961975,0.8232007026672363
25830,0.146728515625,0.25731977820396423,0.3012597858905792,0.6937588453292847
25831,0.05078125,0.08736873418092728,0.5307212471961975,0.7859362959861755
25832,0.166259765625,0.2126615345478058,0.6291344165802002,0.8140136003494263
25833,0.0625,0.0954916775226593,0.4692787230014801,0.8396538496017456
25834,0.212890625,0.212890625,1.0,1.0
25835,0.951904296875,0.954007089138031,0.9521908760070801,0.9853408932685852
25836,0.304931640625,0.35593631863594055,1.0,0.9815686345100403
25837,0.966796875,0.9672613143920898,0.8748388290405273,0.9775704741477966
25838,0.304931640625,0.36736926436424255,0.6151177287101746,0.8113522529602051
25839,0.9375,0.9375,1.0,1.0
25840,0.110107421875,0.1588565558195114,1.0,1.0
25841,0.943115234375,0.95038241147995,0.819014847278595,0.9426401853561401
25842,0.260498046875,0.260498046875,0.9514426589012146,0.9514426589012146
25843,0.228759765625,0.27615299820899963,0.6461858153343201,0.8785663843154907
25844,0.531982421875,0.5495321154594421,0.9340764880180359,0.9451761245727539
25845,0.304931640625,0.35769230127334595,1.0,0.9820793271064758
25846,0.05078125,0.06451416015625,0.5307212471961975,0.732828676700592
25847,0.365234375,0.4028242826461792,0.7136205434799194,0.8226397037506104
25848,0.44921875,0.4759979248046875,0.7984848022460938,0.9254609942436218
25849,0.110107421875,0.13585662841796875,0.5158474445343018,0.7014089226722717
25850,0.946533203125,0.9506921172142029,1.0,0.9979436993598938
25851,0.706298828125,0.7072257995605469,0.871160089969635,0.878036379814148
25852,0.14453125,0.18329286575317383,0.5307213068008423,0.7406373620033264
25853,0.091796875,0.10552978515625,0.7653606534004211,0.9674680233001709
25854,0.260498046875,0.3104078769683838,0.8026120662689209,0.9149444103240967
25855,0.228759765625,0.2548607587814331,1.0,0.9795652031898499
25856,0.1875,0.22869813442230225,0.5562983751296997,0.8258581757545471
25857,0.091796875,0.118263378739357,0.7653606534004211,0.8192424178123474
25858,0.197998046875,0.26485785841941833,0.6871474981307983,0.8313322067260742
25859,0.260498046875,0.3105265200138092,0.8026120662689209,0.9348061680793762
25860,0.263671875,0.3061937093734741,0.7653606534004211,0.8874317407608032
25861,0.03125,0.03125,0.6309297680854797,0.6309297680854797
25862,0.166259765625,0.166259765625,0.8213136792182922,0.8213136792182922
25863,0.518798828125,0.5643729567527771,0.8046129941940308,0.9379149079322815
25864,0.580322265625,0.6133139133453369,0.86592036485672,0.9660871624946594
25865,0.606689453125,0.6351858973503113,1.0,0.9730880856513977
25866,0.110107421875,0.1512162685394287,1.0,1.0
25867,0.146728515625,0.1626286506652832,0.7579237222671509,0.7828678488731384
25868,0.110107421875,0.110107421875,1.0,1.0
25869,0.580322265625,0.6154071688652039,0.86592036485672,0.9709964394569397
25870,0.263671875,0.27398681640625,0.90728360414505,0.9871451258659363
25871,0.110107421875,0.17103008925914764,0.3951442539691925,0.7271279692649841
25872,0.393798828125,0.44022127985954285,0.8579513430595398,0.908653974533081
25873,0.518798828125,0.5521249771118164,1.0,1.0
25874,0.278564453125,0.3201391398906708,0.5692896842956543,0.7522440552711487
25875,0.499755859375,0.5488359928131104,0.9037794470787048,0.9746565818786621
25876,0.08203125,0.17792090773582458,0.15969696640968323,0.555494487285614
25877,0.146728515625,0.19168347120285034,0.58057701587677,0.7446475625038147
25878,0.09375,0.10390625149011612,0.5212960839271545,0.6278398036956787
25879,0.304931640625,0.35010552406311035,1.0,1.0
25880,0.393798828125,0.40250205993652344,0.8579513430595398,0.8440782427787781
25881,0.304931640625,0.3964432179927826,0.6151177287101746,0.8708334565162659
25882,0.110107421875,0.1512162685394287,1.0,1.0
25883,0.228759765625,0.24217592179775238,1.0,0.9741356372833252
25884,0.23828125,0.2623763084411621,0.8344475626945496,0.9135982990264893
25885,0.110107421875,0.110107421875,1.0,1.0
25886,0.0,0.012500000186264515,0.0,0.38685280084609985
25887,0.197998046875,0.28105783462524414,0.42267662286758423,0.7202847599983215
25888,0.518798828125,0.5590420961380005,1.0,0.9927172660827637
25889,0.488037109375,0.5320675373077393,0.8785831332206726,0.9594053626060486
25890,0.943115234375,0.9467606544494629,0.9313938021659851,0.9801879525184631
25891,0.488037109375,0.5400978326797485,0.7069194316864014,0.8862717747688293
25892,0.951904296875,0.954951286315918,0.9521908760070801,0.9311013221740723
25893,0.304931640625,0.3574824333190918,1.0,1.0
25894,0.02083333395421505,0.02083333395421505,0.5,0.5
25895,0.02083333395421505,0.05505117028951645,0.23463936150074005,0.6533933281898499
25896,0.304931640625,0.35271763801574707,1.0,0.975770115852356
25897,0.09375,0.12937621772289276,0.35098522901535034,0.6246883273124695
25898,0.304931640625,0.3572169542312622,1.0,0.9752377271652222
25899,0.584228515625,0.5849936008453369,0.6245770454406738,0.8111280798912048
25900,0.2774251401424408,0.31068870425224304,1.0,0.9964877367019653
25901,0.2774251401424408,0.3064359128475189,0.8435737490653992,0.9796808958053589
25902,0.110107421875,0.16115355491638184,0.5158474445343018,0.769309401512146
25903,0.2774251401424408,0.36728861927986145,0.5188971757888794,0.8038544058799744
25904,0.197998046875,0.2057342529296875,0.8145672082901001,0.8207556009292603
25905,0.580322265625,0.6092028617858887,1.0,1.0
25906,0.0625,0.0625,1.0,1.0
25907,0.946533203125,0.951589822769165,1.0,1.0
25908,0.2774251401424408,0.2774251401424408,1.0,1.0
25909,0.940673828125,0.9444610476493835,0.9274492263793945,0.9729143381118774
25910,0.943115234375,0.9444169998168945,0.9849443435668945,0.9856202602386475
25911,0.951171875,0.9521201848983765,0.974895179271698,0.9857088923454285
25912,0.110107421875,0.20267345011234283,0.3333333134651184,0.7592716217041016
25913,0.469970703125,0.4754263460636139,0.5924884676933289,0.695353627204895
25914,0.9444172978401184,0.9479209780693054,0.9456308484077454,0.9898200035095215
25915,0.260498046875,0.31262174248695374,0.8026120662689209,0.9420785903930664
25916,0.9444172978401184,0.9484087824821472,0.9456308484077454,0.9760919809341431
25917,0.959228515625,0.9594719409942627,0.9394869804382324,0.9321282505989075
25919,0.110107421875,0.14018169045448303,1.0,0.9083746075630188
25923,0.110107421875,0.1462436020374298,1.0,1.0
25924,0.110107421875,0.15194988250732422,0.5158474445343018,0.75218665599823
25925,0.228759765625,0.30105912685394287,0.6461858153343201,0.9288164973258972
25927,0.0,0.012500000186264515,0.0,0.38685280084609985
25928,0.150390625,0.18618595600128174,0.7002755999565125,0.8265603184700012
25929,0.3059895932674408,0.38016390800476074,0.5032320022583008,0.7702361345291138
25930,0.712158203125,0.7125284075737,0.8569586873054504,0.8849095702171326
25931,0.2774251401424408,0.30830246210098267,1.0,1.0
25932,0.110107421875,0.152557834982872,1.0,0.9842184782028198
25933,0.0625,0.0625,1.0,1.0
25934,0.110107421875,0.12298202514648438,1.0,1.0
25935,0.518798828125,0.5744227170944214,0.496870219707489,0.7244054079055786
25936,0.304931640625,0.3616725206375122,1.0,0.9800161123275757
25937,0.304931640625,0.37269333004951477,1.0,0.9516623020172119
25938,0.2044270783662796,0.27458322048187256,0.5474918484687805,0.7360451817512512
25939,0.110107421875,0.16001683473587036,0.3951442539691925,0.6105350852012634
25940,0.580322265625,0.6127949953079224,0.86592036485672,0.9839574694633484
25941,0.2774251401424408,0.3611781597137451,0.8435737490653992,0.9266360998153687
25943,0.304931640625,0.3621583580970764,1.0,1.0
25944,0.560546875,0.5638427734375,0.9580413699150085,0.9879332780838013
25946,0.940673828125,0.9447744488716125,0.8770246505737305,0.9358706474304199
25947,0.091796875,0.091796875,1.0,1.0
25948,0.08203125,0.09576416015625,0.7039180994033813,0.9060254693031311
25949,0.455078125,0.4694976806640625,0.9385064244270325,0.9867843985557556
25950,0.946533203125,0.9538812041282654,0.7083972692489624,0.8892167806625366
25951,0.2774251401424408,0.32122719287872314,0.8435737490653992,0.9662314057350159
25952,0.110107421875,0.16047024726867676,0.5158474445343018,0.7654713988304138
25953,0.567138671875,0.581937849521637,1.0,1.0
25954,0.146728515625,0.19042181968688965,0.58057701587677,0.775438129901886
25955,0.518798828125,0.5491769313812256,1.0,0.9761424660682678
25956,0.146728515625,0.18586865067481995,0.58057701587677,0.7640388011932373
25957,0.304931640625,0.3635978698730469,0.6151177287101746,0.8051066398620605
25959,0.228759765625,0.23619842529296875,1.0,0.9836748242378235
25960,0.2774251401424408,0.3602835536003113,0.5188971757888794,0.7929585576057434
25961,0.110107421875,0.14018169045448303,1.0,1.0
25962,0.2774251401424408,0.3127215802669525,0.8435737490653992,0.9807710647583008
25963,0.304931640625,0.35125359892845154,1.0,0.9935719966888428
25964,0.260498046875,0.33388859033584595,0.8026120662689209,0.9452134370803833
25965,0.304931640625,0.35573533177375793,1.0,0.974578857421875
25966,0.05078125,0.0751594603061676,0.5307212471961975,0.7348179221153259
25967,0.110107421875,0.15874630212783813,0.5158474445343018,0.7231953144073486
25969,0.091796875,0.1302824467420578,0.7653606534004211,0.7853438854217529
25970,0.300537109375,0.3423892557621002,0.6655102372169495,0.7970846891403198
25971,0.606689453125,0.6329253315925598,1.0,0.9836926460266113
25972,0.263671875,0.263671875,1.0,1.0
25973,0.08203125,0.09576416015625,0.7039180994033813,0.9060254693031311
25974,0.2774251401424408,0.28709539771080017,1.0,1.0
25975,0.263671875,0.32572484016418457,0.7653606534004211,0.8426533341407776
25976,0.03125,0.04296875,0.38685283064842224,0.6240505576133728
25977,0.499755859375,0.5528575778007507,0.9037794470787048,0.9639210104942322
25978,0.304931640625,0.3555084764957428,1.0,0.9652965068817139
25979,0.197998046875,0.2817510664463043,0.6871474981307983,0.8532721400260925
25980,0.580322265625,0.6301658749580383,0.86592036485672,0.9360390901565552
25981,0.323974609375,0.3518642783164978,0.6861420273780823,0.790908932685852
25983,0.940673828125,0.9446573257446289,0.8770246505737305,0.9501581192016602
25984,0.962158203125,0.9624782800674438,0.9625431895256042,0.963862419128418
25985,0.571533203125,0.575575590133667,0.7592076063156128,0.7978988289833069
25986,0.2774251401424408,0.31008094549179077,0.8435737490653992,0.9572277069091797
25987,0.166259765625,0.24365068972110748,0.5307213068008423,0.8319776058197021
25988,0.260498046875,0.2909603416919708,0.9514426589012146,0.9617072939872742
25989,0.146728515625,0.21405434608459473,0.48975956439971924,0.801979660987854
25990,0.304931640625,0.3720511496067047,1.0,0.994810938835144
25991,0.260498046875,0.29192638397216797,0.8026120662689209,0.932297945022583
25992,0.967041015625,0.9674363136291504,1.0,0.997235119342804
25993,0.518798828125,0.5831778049468994,0.6967307925224304,0.9266168475151062
25994,0.431884765625,0.4502253234386444,0.8451594114303589,0.8691521883010864
25995,0.03125,0.03125,0.6309297680854797,0.6309297680854797
25996,0.110107421875,0.110107421875,1.0,1.0
25997,0.518798828125,0.542923092842102,1.0,1.0
25998,0.110107421875,0.13263797760009766,1.0,1.0
25999,0.212890625,0.25610458850860596,0.67329341173172,0.8916820287704468
26000,0.940673828125,0.9450744390487671,0.8770246505737305,0.9610178470611572
26001,0.146728515625,0.278128057718277,0.2098969668149948,0.6892340183258057
26002,0.2774251401424408,0.350275456905365,0.8435737490653992,0.953105628490448
26003,0.943115234375,0.9444169998168945,0.9849443435668945,0.9856202602386475
26004,0.304931640625,0.3300743103027344,1.0,1.0
26005,0.304931640625,0.34927868843078613,1.0,0.9692941904067993
26006,0.2774251401424408,0.3185296654701233,0.8435737490653992,0.964993953704834
26007,0.2774251401424408,0.3200943171977997,0.8435737490653992,0.9685224294662476
26008,0.146728515625,0.20344330370426178,0.48975956439971924,0.7729570269584656
26009,0.09375,0.09375,0.6309297680854797,0.6309297680854797
26010,0.580322265625,0.6033982634544373,1.0,0.9799883961677551
26011,0.2774251401424408,0.3395634889602661,0.8435737490653992,0.9316187500953674
26012,0.518798828125,0.5525511503219604,1.0,0.9955747723579407
26013,0.228759765625,0.28399181365966797,0.6461858153343201,0.913068950176239
26014,0.228759765625,0.30354613065719604,0.6461858153343201,0.9094946980476379
26015,0.263671875,0.35693949460983276,0.4707868993282318,0.7897245287895203
26016,0.0625,0.14145660400390625,0.1854327917098999,0.6540427207946777
26017,0.606689453125,0.6342222690582275,1.0,1.0
26018,0.956298828125,0.9588682651519775,1.0,1.0
26019,0.499755859375,0.5543079376220703,0.7271926999092102,0.9027167558670044
26020,0.606689453125,0.6222625970840454,1.0,0.9828920960426331
26021,0.091796875,0.1158294677734375,0.7653606534004211,0.9558295607566833
26022,0.166259765625,0.20850901305675507,0.8213136792182922,0.8871959447860718
26023,0.0625,0.12109375,0.1310456246137619,0.43681877851486206
26024,0.110107421875,0.110107421875,1.0,1.0
26025,0.967041015625,0.9673519730567932,1.0,1.0
26026,0.2774251401424408,0.3297829031944275,0.8435737490653992,0.9532595872879028
26027,0.091796875,0.091796875,1.0,1.0
26028,0.110107421875,0.12298202514648438,1.0,1.0
26030,0.110107421875,0.1512162685394287,1.0,1.0
26032,0.091796875,0.091796875,1.0,1.0
26034,0.260498046875,0.29234856367111206,0.8026120662689209,0.9006921052932739
26035,0.110107421875,0.15066374838352203,1.0,0.9963488578796387
26036,0.197998046875,0.2729435861110687,0.6871474981307983,0.8716946244239807
26037,0.110107421875,0.1204071044921875,1.0,0.9828919768333435
26038,0.110107421875,0.155360147356987,1.0,1.0
26039,0.263671875,0.3296608328819275,0.7653606534004211,0.93551105260849
26040,0.0,0.008928571827709675,0.0,0.3333333432674408
26041,0.556884765625,0.6064667701721191,0.8308104276657104,0.9340392351150513
26042,0.304931640625,0.3566896617412567,1.0,0.9584919810295105
26043,0.943115234375,0.9441088438034058,0.9849443435668945,0.9802747368812561
26044,0.606689453125,0.6216563582420349,1.0,0.9940726161003113
26045,0.606689453125,0.6249790191650391,1.0,1.0
26046,0.260498046875,0.2701683044433594,0.9514426589012146,0.9550337791442871
26047,0.939453125,0.9410552978515625,0.9690036177635193,0.9931680560112
26048,0.3599446713924408,0.38885101675987244,0.8075588941574097,0.8378499150276184
26049,0.499755859375,0.5265542268753052,0.9037794470787048,0.9467943906784058
26050,0.110107421875,0.15848776698112488,0.5158474445343018,0.7688271999359131
26051,0.304931640625,0.36789458990097046,1.0,0.9969006776809692
26052,0.166259765625,0.23358559608459473,0.5307213068008423,0.8338541984558105
26054,0.9673665165901184,0.9677660465240479,1.0,0.9903393983840942
26055,0.466064453125,0.4841090142726898,1.0,1.0
26056,0.968017578125,0.9680522680282593,1.0,1.0
26057,0.23828125,0.31033608317375183,0.7039180994033813,0.8708900809288025
26058,0.197998046875,0.27583158016204834,0.42267662286758423,0.7114412188529968
26059,0.02083333395421505,0.0325520858168602,0.3065735995769501,0.5437713265419006
26060,0.166259765625,0.2388877272605896,0.32645606994628906,0.6452402472496033
26061,0.304931640625,0.37751758098602295,1.0,1.0
26063,0.518798828125,0.5289525985717773,1.0,1.0
26064,0.304931640625,0.37223631143569946,0.6151177287101746,0.8149222135543823
26065,0.110107421875,0.21419058740139008,0.20503923296928406,0.6281733512878418
26066,0.9673665165901184,0.9678115248680115,0.8748590350151062,0.9679405093193054
26067,0.228759765625,0.3014368712902069,0.3974803686141968,0.7036436796188354
26068,0.9388020634651184,0.9427750110626221,0.8427215218544006,0.9263639450073242
26070,0.2774251401424408,0.3385261595249176,0.8435737490653992,0.9594188332557678
26071,0.304931640625,0.35928866267204285,1.0,0.9898664355278015
26072,0.110107421875,0.1462436020374298,1.0,1.0
26073,0.571533203125,0.5739498138427734,0.7592076063156128,0.7772995829582214
26074,0.2774251401424408,0.3185296952724457,0.8435737490653992,0.964993953704834
26075,0.166259765625,0.2394910454750061,0.5307213068008423,0.7853633761405945
26076,0.951904296875,0.9537839889526367,0.9521908760070801,0.993620753288269
26077,0.518798828125,0.5643081665039062,1.0,1.0
26078,0.146728515625,0.2277638018131256,0.48975956439971924,0.7271940112113953
26079,0.304931640625,0.35928866267204285,1.0,0.9898664355278015
26080,0.166259765625,0.166259765625,0.8213136792182922,0.8213136792182922
26081,0.567138671875,0.5930938720703125,0.7988805174827576,0.9529094696044922
26082,0.304931640625,0.3589973449707031,1.0,0.995535671710968
26083,0.091796875,0.1009521484375,0.7653606534004211,0.9325210452079773
26084,0.21875,0.23928070068359375,0.5431737899780273,0.6529434323310852
26085,0.518798828125,0.6077983975410461,0.496870219707489,0.7920413017272949
26086,0.2774251401424408,0.28709539771080017,1.0,1.0
26087,0.940673828125,0.9421758651733398,1.0,1.0
26088,0.110107421875,0.16364791989326477,0.5158474445343018,0.7764903903007507
26089,0.946533203125,0.946533203125,1.0,1.0
26090,0.304931640625,0.3449372947216034,1.0,0.9838137626647949
26091,0.197998046875,0.22942638397216797,0.6871474981307983,0.8299250602722168
26093,0.304931640625,0.39240938425064087,0.4285714626312256,0.6841009259223938
26094,0.110107421875,0.15885654091835022,1.0,1.0
26095,0.166259765625,0.20305012166500092,0.8213136792182922,0.8712474703788757
26096,0.967041015625,0.9675951600074768,0.9284793138504028,0.9855331182479858
26097,0.518798828125,0.5362052917480469,1.0,1.0
26098,0.228759765625,0.2600777745246887,1.0,1.0
26099,0.197998046875,0.22887535393238068,0.8145672082901001,0.8614060878753662
26100,0.0625,0.09671783447265625,0.4692787230014801,0.8485833406448364
26101,0.304931640625,0.39034324884414673,0.49493172764778137,0.7979395389556885
26102,0.228759765625,0.2834407687187195,0.7660098671913147,0.9444922208786011
26103,0.304931640625,0.3589973449707031,1.0,0.995535671710968
26104,0.197998046875,0.20766830444335938,0.8145672082901001,0.8282809257507324
26105,0.110107421875,0.1499060094356537,1.0,0.9918291568756104
26106,0.455078125,0.4660840630531311,0.9385064244270325,0.9754146337509155
26107,0.393798828125,0.4495666027069092,0.690318763256073,0.8582237362861633
26108,0.228759765625,0.24828624725341797,1.0,1.0
26109,0.606689453125,0.6398874521255493,1.0,0.9893519878387451
26110,0.946533203125,0.9486284255981445,1.0,0.9956333041191101
26111,0.166259765625,0.25908368825912476,0.32645606994628906,0.6895653605461121
26112,0.02083333395421505,0.0325520858168602,0.3065735995769501,0.5437713265419006
26113,0.146728515625,0.23600247502326965,0.48975956439971924,0.8191924691200256
26114,0.228759765625,0.2923801839351654,0.6461858153343201,0.8831176161766052
26115,0.304931640625,0.373099148273468,1.0,1.0
26116,0.956298828125,0.9589928984642029,1.0,0.9971505999565125
26117,0.9507649540901184,0.95289546251297,0.974961519241333,0.971648097038269
26118,0.499755859375,0.548835813999176,0.9037794470787048,0.97014981508255
26119,0.150390625,0.16229248046875,0.7002755999565125,0.8045321106910706
26120,0.499755859375,0.5382091403007507,0.9037794470787048,0.982266902923584
26121,0.1458333432674408,0.23742792010307312,0.15272833406925201,0.48907843232154846
26122,0.2774251401424408,0.3136737644672394,0.8435737490653992,0.9578051567077637
26123,0.2774251401424408,0.2992047965526581,1.0,0.9965165853500366
26124,0.228759765625,0.24291646480560303,1.0,0.9767177104949951
26125,0.166259765625,0.1821599006652832,0.8213136792182922,0.8357853293418884
26126,0.304931640625,0.37965577840805054,0.6151177287101746,0.8335525989532471
26127,0.219970703125,0.2603451609611511,0.49370092153549194,0.6820166707038879
26128,0.166259765625,0.22094078361988068,0.6291344165802002,0.8421905040740967
26129,0.05078125,0.10464894771575928,0.2737712264060974,0.6253727674484253
26130,0.943115234375,0.9490039944648743,0.9313938021659851,0.9209132194519043
26131,0.9444172978401184,0.9493095874786377,0.9456308484077454,0.9866455793380737
26132,0.946533203125,0.9497243762016296,1.0,1.0
26133,0.9507649540901184,0.9545277953147888,0.974961519241333,0.9810084104537964
26134,0.488037109375,0.4947319030761719,0.9721211791038513,0.9733434319496155
26135,0.091796875,0.10552978515625,0.7653606534004211,0.9674680233001709
26136,0.606689453125,0.6346418261528015,1.0,1.0
26137,0.146728515625,0.21758046746253967,0.48975956439971924,0.7874460816383362
26138,0.197998046875,0.2833297550678253,0.42267662286758423,0.6914258003234863
26139,0.499755859375,0.5275915861129761,0.9037794470787048,0.9880130887031555
26140,0.110107421875,0.12298202514648438,1.0,1.0
26141,0.260498046875,0.3007831573486328,0.8026120662689209,0.9382072687149048
26142,0.03125,0.03125,0.6309297680854797,0.6309297680854797
26143,0.03125,0.03125,0.6309297680854797,0.6309297680854797
26144,0.943115234375,0.9483504295349121,0.9313938021659851,0.9751958847045898
26145,0.967041015625,0.9675614833831787,0.8122885227203369,0.9422343969345093
26146,0.304931640625,0.3496643304824829,1.0,0.9744573831558228
26147,0.393798828125,0.43706434965133667,0.8579513430595398,0.9007830023765564
26148,0.110107421875,0.16778317093849182,0.5158474445343018,0.7907759547233582
26149,0.0625,0.10355126857757568,0.4692787230014801,0.7450005412101746
26150,0.304931640625,0.3947643041610718,0.49493172764778137,0.8014037013053894
26152,0.03125,0.03125,0.6309297680854797,0.6309297680854797
26154,0.228759765625,0.27100902795791626,1.0,1.0
26155,0.946533203125,0.9500080943107605,1.0,1.0
26156,0.304931640625,0.35010552406311035,1.0,1.0
26157,0.2774251401424408,0.2829509973526001,1.0,0.9832843542098999
26158,0.943115234375,0.9488447308540344,0.9313938021659851,0.8969617486000061
26159,0.166259765625,0.20188742876052856,0.8213136792182922,0.8760149478912354
26160,0.956298828125,0.9590702652931213,1.0,0.9912657737731934
26161,0.08984375,0.08984375,0.5868826508522034,0.5868826508522034
26162,0.197998046875,0.20766830444335938,0.8145672082901001,0.8282809257507324
26163,0.110107421875,0.3083612620830536,0.10187789052724838,0.5667374134063721
26164,0.146728515625,0.22116237878799438,0.48975956439971924,0.7960730195045471
26165,0.304931640625,0.3195981979370117,1.0,1.0
26166,0.110107421875,0.17164242267608643,0.5158474445343018,0.8039339184761047
26167,0.304931640625,0.36104464530944824,1.0,0.9901472330093384
26169,0.197998046875,0.24538826942443848,0.6871474981307983,0.8613995909690857
26170,0.197998046875,0.25828632712364197,0.6871474981307983,0.8537350296974182
26171,0.940673828125,0.940673828125,1.0,1.0
26172,0.2774251401424408,0.3541276454925537,0.8435737490653992,0.9523298144340515
26173,0.260498046875,0.37256720662117004,0.397238165140152,0.7832416296005249
26174,0.197998046875,0.2586335837841034,0.6871474981307983,0.8600691556930542
26175,0.946533203125,0.9532269239425659,0.8026000261306763,0.9414607882499695
26176,0.0,0.015625,0.0,0.43067657947540283
26177,0.2774251401424408,0.2992047965526581,1.0,0.9965165853500366
26179,0.2774251401424408,0.3489381968975067,0.8435737490653992,0.8763172030448914
26180,0.304931640625,0.3321695327758789,1.0,0.9891412258148193
26181,0.9444172978401184,0.9506292343139648,0.9456308484077454,0.9579762816429138
26182,0.228759765625,0.2985231578350067,0.6461858153343201,0.8937646746635437
26183,0.0625,0.0625,1.0,1.0
26185,0.260498046875,0.2774209976196289,0.9514426589012146,0.957834780216217
26187,0.518798828125,0.5807048082351685,0.6967307925224304,0.9317734837532043
26188,0.3599446713924408,0.41614285111427307,0.6497723460197449,0.8462424874305725
26189,0.03125,0.1507720947265625,0.060708411037921906,0.5112982392311096
26191,0.304931640625,0.3168744146823883,1.0,0.9896718859672546
26192,0.47265625,0.4936630129814148,0.8178747296333313,0.9254674315452576
26193,0.4375,0.4375,1.0,1.0
26194,0.9444172978401184,0.9482656717300415,0.9456308484077454,0.9859219789505005
26195,0.9444172978401184,0.9525378942489624,0.6698823571205139,0.8718260526657104
26196,0.606689453125,0.6204549670219421,1.0,1.0
26197,0.110107421875,0.1480019986629486,0.5158474445343018,0.7284545302391052
26198,0.490234375,0.5370891094207764,0.8556691408157349,0.9486729502677917
26199,0.278564453125,0.36185911297798157,0.39664164185523987,0.7496541738510132
26200,0.091796875,0.16112199425697327,0.30242785811424255,0.6942628026008606
26201,0.0625,0.0625,1.0,1.0
26203,0.9444172978401184,0.94814133644104,0.9456308484077454,0.9709987640380859
26204,0.146728515625,0.146728515625,0.7579237222671509,0.7579237222671509
26205,0.3059895932674408,0.36176997423171997,0.5032320022583008,0.7422434091567993
26206,0.02083333395421505,0.02083333395421505,0.5,0.5
26207,0.2044270783662796,0.2044270783662796,0.963940441608429,0.963940441608429
26208,0.606689453125,0.6274046897888184,1.0,0.9812964200973511
26209,0.518798828125,0.5617795586585999,1.0,1.0
26211,0.499755859375,0.5153944492340088,1.0,1.0
26214,0.9444172978401184,0.9504045844078064,0.9456308484077454,0.9822889566421509
26215,0.05078125,0.08932650834321976,0.5307212471961975,0.7982650399208069
26216,0.1875,0.1875,1.0,1.0
26217,0.166259765625,0.20955508947372437,0.6291344165802002,0.8135285973548889
26218,0.110107421875,0.155360147356987,1.0,1.0
26219,0.304931640625,0.3732230067253113,1.0,0.9897118806838989
26220,0.947998046875,0.9495429992675781,0.9146330952644348,0.9567050933837891
26221,0.110107421875,0.110107421875,1.0,1.0
26222,0.2044270783662796,0.22417671978473663,0.8472668528556824,0.9100504517555237
26223,0.951904296875,0.9564101696014404,0.8690900206565857,0.9776594042778015
26224,0.0625,0.0970865935087204,0.24207624793052673,0.5736364126205444
26225,0.9507649540901184,0.9534811973571777,0.974961519241333,0.9713628888130188
26226,0.606689453125,0.6340250372886658,1.0,0.986485481262207
26227,0.580322265625,0.6094406843185425,0.86592036485672,0.954112708568573
26228,0.219970703125,0.24119776487350464,0.63103848695755,0.6868781447410583
26229,0.606689453125,0.6395550966262817,1.0,0.8816190958023071
26230,0.606689453125,0.6126423478126526,1.0,0.9965708255767822
26231,0.304931640625,0.37751758098602295,1.0,1.0
26232,0.1875,0.19765624403953552,0.8262346386909485,0.9327783584594727
26233,0.260498046875,0.27654463052749634,0.9514426589012146,0.9341739416122437
26234,0.08203125,0.08203125,0.9197208285331726,0.9197208285331726
26235,0.304931640625,0.3300743103027344,1.0,1.0
26236,0.304931640625,0.36835190653800964,1.0,0.9148568511009216
26237,0.304931640625,0.35620465874671936,1.0,0.8742660284042358
26238,0.4375,0.4375,1.0,1.0
26239,0.556884765625,0.5984723567962646,0.8308104276657104,0.9607040882110596
26240,0.304931640625,0.37462419271469116,1.0,1.0
26241,0.05078125,0.061767578125,0.5307212471961975,0.7122630476951599
26242,0.278564453125,0.3398357033729553,0.5692896842956543,0.7826192378997803
26243,0.0,0.02226562425494194,0.0,0.455605149269104
26245,0.518798828125,0.5500730276107788,1.0,1.0
26246,0.150390625,0.16973114013671875,0.7002755999565125,0.8066616654396057
26247,0.110107421875,0.110107421875,1.0,1.0
26249,0.9375,0.9398437738418579,0.8879528045654297,0.9566541910171509
26250,0.304931640625,0.3300743103027344,1.0,1.0
26251,0.518798828125,0.5323523283004761,1.0,1.0
26252,0.1106770858168602,0.1939900815486908,0.2547474503517151,0.5757102370262146
26253,0.110107421875,0.1204071044921875,1.0,0.9828919768333435
26254,0.110107421875,0.1512162685394287,1.0,1.0
26255,0.09375,0.157075434923172,0.20151513814926147,0.5024676322937012
26256,0.260498046875,0.260498046875,0.9514426589012146,0.9514426589012146
26257,0.0625,0.0625,1.0,1.0
26258,0.166259765625,0.21274256706237793,0.6291344165802002,0.822272539138794
26259,0.304931640625,0.3574824333190918,1.0,1.0
26260,0.0,0.02083333395421505,0.0,0.3010300099849701
26261,0.3599446713924408,0.40166109800338745,0.8075588941574097,0.8658977746963501
26262,0.1875,0.1875,1.0,1.0
26264,0.0,0.02226562425494194,0.0,0.455605149269104
26266,0.304931640625,0.3398453891277313,1.0,0.9899959564208984
26267,0.166259765625,0.19833898544311523,0.6291344165802002,0.7877353429794312
26268,0.091796875,0.091796875,1.0,1.0
26269,0.212890625,0.22479248046875,0.8789618015289307,0.9832184314727783
26270,0.455078125,0.46331787109375,0.9385064244270325,0.9914740920066833
26271,0.304931640625,0.40871986746788025,0.4285714626312256,0.8069730997085571
26272,0.344482421875,0.39662081003189087,0.5977610945701599,0.8136191368103027
26273,0.2774251401424408,0.3252929151058197,0.8435737490653992,0.9719643592834473
26274,0.365234375,0.38665771484375,0.7136205434799194,0.8379403352737427
26275,0.08984375,0.08984375,0.5868826508522034,0.5868826508522034
26276,0.110107421875,0.21962767839431763,0.16497723758220673,0.6041231751441956
26277,0.304931640625,0.3397778272628784,1.0,1.0
26278,0.263671875,0.2971954345703125,0.7653606534004211,0.9502537846565247
26279,0.09375,0.09375,0.6309297680854797,0.6309297680854797
26280,0.466064453125,0.466064453125,1.0,1.0
26281,0.2044270783662796,0.232229083776474,0.8472668528556824,0.94448322057724
26282,0.393798828125,0.41497668623924255,0.8579513430595398,0.8777069449424744
26283,0.606689453125,0.6308051943778992,1.0,1.0
26284,0.110107421875,0.13829576969146729,1.0,0.9876712560653687
26285,0.110107421875,0.12298202514648438,1.0,1.0
26286,0.304931640625,0.34641703963279724,1.0,1.0
26287,0.304931640625,0.37066736817359924,1.0,1.0
26288,0.1875,0.1875,1.0,1.0
26289,0.499755859375,0.562775731086731,0.7271926999092102,0.9269800186157227
26290,0.5694172978401184,0.5748510360717773,0.6197949647903442,0.748149037361145
26291,0.940673828125,0.9436907172203064,1.0,1.0
26292,0.03125,0.049835205078125,0.29608193039894104,0.6256646513938904
26293,0.08203125,0.11411046981811523,0.7039180994033813,0.9068250060081482
26294,0.304931640625,0.3709383010864258,1.0,0.9946876764297485
26295,0.1875,0.26398777961730957,0.4692787230014801,0.8271045088768005
26296,0.518798828125,0.5452907681465149,1.0,1.0
26297,0.091796875,0.11411285400390625,0.7653606534004211,0.9438661336898804
26298,0.146728515625,0.17804653942584991,0.7579237222671509,0.8226321339607239
26299,0.228759765625,0.26438742876052856,1.0,1.0
26300,0.166259765625,0.21182012557983398,0.6291344165802002,0.8152080774307251
26301,0.556884765625,0.5902876853942871,0.9594535827636719,0.9728463292121887
26302,0.091796875,0.13219451904296875,0.3948093354701996,0.6900409460067749
26303,0.9388020634651184,0.9404042363166809,0.9608869552612305,0.9852624535560608
26304,0.940673828125,0.9443899393081665,0.9274492263793945,0.9654776453971863
26305,0.956298828125,0.9585204124450684,1.0,1.0
26307,0.110107421875,0.13263797760009766,1.0,1.0
26308,0.304931640625,0.3746255338191986,0.6151177287101746,0.8258507251739502
26309,0.567138671875,0.6176334619522095,0.7988805174827576,0.9484057426452637
26310,0.518798828125,0.5785366296768188,0.6967307925224304,0.8799898624420166
26311,0.197998046875,0.2057342529296875,0.8145672082901001,0.8207556009292603
26312,0.166259765625,0.21942679584026337,0.6291344165802002,0.8350395560264587
26313,0.197998046875,0.2792209982872009,0.6871474981307983,0.8857979774475098
26314,0.110107421875,0.13263797760009766,1.0,1.0
26315,0.3599446713924408,0.391218900680542,0.8075588941574097,0.8485029935836792
26316,0.712158203125,0.7123727798461914,0.8569586873054504,0.8640882968902588
26317,0.943115234375,0.9482271671295166,0.9313938021659851,0.9145423173904419
26318,0.9673665165901184,0.9677786827087402,1.0,1.0
26319,0.08203125,0.12396088242530823,0.3631143569946289,0.6153855323791504
26320,0.518798828125,0.5551801919937134,1.0,1.0
26321,0.263671875,0.4263184070587158,0.18844550848007202,0.664654552936554
26322,0.466064453125,0.4981887638568878,0.8656565546989441,0.9427075982093811
26323,0.166259765625,0.23622384667396545,0.5307213068008423,0.8203724026679993
26324,0.560546875,0.618026852607727,0.7653606534004211,0.9512311816215515
26325,0.228759765625,0.2694864273071289,0.7660098671913147,0.9355095028877258
26326,0.499755859375,0.499755859375,1.0,1.0
26327,0.556884765625,0.6062893867492676,0.8308104276657104,0.953179657459259
26328,0.304931640625,0.34641703963279724,1.0,1.0
26329,0.110107421875,0.13263797760009766,1.0,1.0
26331,0.304931640625,0.373099148273468,1.0,1.0
26332,0.946533203125,0.9485383629798889,1.0,0.9879438281059265
26333,0.2044270783662796,0.3129705488681793,0.3367719352245331,0.7294300198554993
26334,0.571533203125,0.5755922794342041,0.7592076063156128,0.7958526015281677
26335,0.146728515625,0.1556549072265625,0.7579237222671509,0.7711718678474426
26336,0.946533203125,0.950570821762085,1.0,0.966582715511322
26337,0.956298828125,0.9601907730102539,0.8195018768310547,0.9288067817687988
26338,0.304931640625,0.37751761078834534,1.0,1.0
26342,0.110107421875,0.12298202514648438,1.0,1.0
26343,0.946533203125,0.9499323964118958,1.0,0.9729005694389343
26344,0.304931640625,0.36518868803977966,1.0,1.0
26345,0.304931640625,0.3337600827217102,1.0,0.9969001412391663
26346,0.2774251401424408,0.2912052571773529,1.0,0.9880087971687317
26347,0.110107421875,0.16483241319656372,0.5158474445343018,0.7837250232696533
26348,0.393798828125,0.45715299248695374,0.690318763256073,0.8870075941085815
26350,0.0625,0.141845703125,0.15969696640968323,0.49385178089141846
26351,0.278564453125,0.32137081027030945,0.5692896842956543,0.7101094126701355
26352,0.946533203125,0.9549198150634766,0.7083972692489624,0.9094184041023254
26353,0.260498046875,0.2971140742301941,0.8026120662689209,0.8566950559616089
26354,0.946533203125,0.949766218662262,1.0,0.995954692363739
26355,0.518798828125,0.5406022071838379,1.0,0.9929474592208862
26356,0.08984375,0.1393294334411621,0.3951442539691925,0.6708222031593323
26357,0.304931640625,0.38990160822868347,0.6151177287101746,0.8484700322151184
26358,0.940673828125,0.940673828125,1.0,1.0
26359,0.304931640625,0.36871036887168884,1.0,0.994533896446228
26360,0.08203125,0.14305047690868378,0.27814918756484985,0.6522531509399414
26361,0.9444172978401184,0.947968065738678,0.9456308484077454,0.981631338596344
26362,0.110107421875,0.13263797760009766,1.0,1.0
26363,0.110107421875,0.14279887080192566,1.0,0.9803771376609802
26364,0.197998046875,0.28405874967575073,0.42267662286758423,0.7254502177238464
26365,0.518798828125,0.5762438774108887,0.8046129941940308,0.9540643692016602
26366,0.02083333395421505,0.02083333395421505,0.5,0.5
26367,0.260498046875,0.31262174248695374,0.8026120662689209,0.9420785903930664
26368,0.571533203125,0.576636791229248,0.7592076063156128,0.8140630722045898
26370,0.110107421875,0.13263797760009766,1.0,1.0
26371,0.940673828125,0.9449224472045898,0.8770246505737305,0.9673717021942139
26372,0.304931640625,0.36388373374938965,1.0,0.978583812713623
26373,0.0625,0.0690104141831398,0.6131471991539001,0.7977229356765747
26374,0.304931640625,0.304931640625,1.0,1.0
26375,0.9668782353401184,0.9670565128326416,1.0,0.9879120588302612
26376,0.08203125,0.11296094954013824,0.7039180994033813,0.8990671038627625
26377,0.0625,0.07950737327337265,0.3631143569946289,0.5312663912773132
26378,0.304931640625,0.35718148946762085,1.0,0.9895544052124023
26379,0.146728515625,0.1830666959285736,0.58057701587677,0.7535886168479919
26380,0.499755859375,0.5064506530761719,1.0,1.0
26381,0.946533203125,0.9526423811912537,0.8793432712554932,0.9676634073257446
26382,0.518798828125,0.5563944578170776,1.0,1.0
26383,0.1875,0.20654296875,0.6131471991539001,0.8065735697746277
26384,0.0625,0.0625,1.0,1.0
26385,0.953369140625,0.9560853838920593,1.0,0.9922393560409546
26386,0.197998046875,0.197998046875,0.8145672082901001,0.8145672082901001
26387,0.146728515625,0.233064204454422,0.48975956439971924,0.7850660681724548
26388,0.110107421875,0.16778317093849182,0.5158474445343018,0.7907759547233582
26389,0.940673828125,0.947083055973053,0.8770246505737305,0.9499266147613525
26390,0.3599446713924408,0.3886653184890747,0.8075588941574097,0.8443019390106201
26391,0.110107421875,0.12298202514648438,1.0,1.0
26392,0.166259765625,0.20547880232334137,0.8213136792182922,0.8819824457168579
26393,0.02083333395421505,0.0580289326608181,0.23463936150074005,0.48961663246154785
26394,0.110107421875,0.152557834982872,1.0,0.9842184782028198
26395,0.344482421875,0.36076074838638306,0.690318763256073,0.7512611746788025
26396,0.9673665165901184,0.9675410389900208,1.0,0.9946374297142029
26397,0.1875,0.2255859375,0.6131471991539001,0.8772153258323669
26398,0.08203125,0.08203125,0.9197208285331726,0.9197208285331726
26399,0.263671875,0.27398681640625,0.90728360414505,0.9871451258659363
26400,0.110107421875,0.14279887080192566,1.0,0.9803771376609802
26401,0.3599446713924408,0.3963260054588318,0.8075588941574097,0.856259822845459
26402,0.374755859375,0.43871262669563293,0.6128985285758972,0.8410617709159851
26403,0.197998046875,0.23433706164360046,0.6871474981307983,0.8379316329956055
26404,0.304931640625,0.3719862997531891,1.0,1.0
26405,0.228759765625,0.25942108035087585,1.0,0.9968307614326477
26406,0.518798828125,0.5500730276107788,1.0,1.0
26407,0.940673828125,0.9421758651733398,1.0,1.0
26408,0.03125,0.0458984375,0.38685283064842224,0.6509209871292114
26409,0.1875,0.1875,1.0,1.0
26410,0.47265625,0.5627507567405701,0.5698384642601013,0.8729509711265564
26411,0.946533203125,0.9531286358833313,0.8793432712554932,0.9639410972595215
26412,0.518798828125,0.5563945174217224,1.0,0.9529849290847778
26413,0.304931640625,0.34641703963279724,1.0,1.0
26414,0.0625,0.0625,1.0,1.0
26415,0.228759765625,0.28758591413497925,0.6461858153343201,0.9000054597854614
26416,0.499755859375,0.5275915861129761,0.9037794470787048,0.9880130887031555
26417,0.374755859375,0.44833990931510925,0.5307213068008423,0.8312140107154846
26418,0.556884765625,0.5939187407493591,0.8308104276657104,0.9423816800117493
26419,0.580322265625,0.605509340763092,1.0,1.0
26420,0.197998046875,0.27801382541656494,0.42267662286758423,0.7198696732521057
26421,0.197998046875,0.26963260769844055,0.6871474981307983,0.8737707734107971
26422,0.9668782353401184,0.9673364758491516,0.892719030380249,0.919187605381012
26423,0.146728515625,0.16625499725341797,0.7579237222671509,0.7979168891906738
26424,0.197998046875,0.231498584151268,0.6871474981307983,0.8346583843231201
26425,0.393798828125,0.4440878927707672,0.690318763256073,0.8523218035697937
26426,0.946533203125,0.9484672546386719,1.0,1.0
26427,0.08203125,0.11296094954013824,0.7039180994033813,0.8990671038627625
26428,0.567138671875,0.5883008241653442,0.9225797057151794,0.9903874397277832
26429,0.02083333395421505,0.0933431014418602,0.09271639585494995,0.5475066304206848
26430,0.110107421875,0.15885654091835022,1.0,1.0
26431,0.393798828125,0.45207154750823975,0.690318763256073,0.8390280604362488
26432,0.556884765625,0.5850028991699219,0.8308104276657104,0.9505808353424072
26433,0.956298828125,0.959558367729187,1.0,0.9761946797370911
26434,0.9673665165901184,0.9676128625869751,1.0,0.9908265471458435
26435,0.110107421875,0.1462436020374298,1.0,1.0
26436,0.260498046875,0.3441911041736603,0.49370092153549194,0.7774802446365356
26437,0.166259765625,0.22743774950504303,0.5307213068008423,0.817199170589447
26439,0.580322265625,0.5970560312271118,1.0,0.9942656755447388
26440,0.197998046875,0.22949114441871643,0.6871474981307983,0.8207622170448303
26441,0.091796875,0.091796875,1.0,1.0
26442,0.571533203125,0.5761683583259583,0.7592076063156128,0.8067188262939453
26443,0.953369140625,0.9566938281059265,0.912726640701294,0.9751607775688171
26444,0.393798828125,0.42859676480293274,0.8579513430595398,0.8828037977218628
26445,0.946533203125,0.9517104625701904,0.8793432712554932,0.9550331234931946
26446,0.962158203125,0.9623012542724609,0.9625431895256042,0.9625783562660217
26447,0.0625,0.1203373521566391,0.23463936150074005,0.5995831489562988
26448,0.567138671875,0.5935738682746887,0.7988805174827576,0.9350231289863586
26449,0.110107421875,0.12298202514648438,1.0,1.0
26450,0.2774251401424408,0.2943480908870697,1.0,1.0
26451,0.23828125,0.31615906953811646,0.43299248814582825,0.7274395227432251
26452,0.05078125,0.061767578125,0.5307212471961975,0.7122630476951599
26453,0.260498046875,0.30665841698646545,0.8026120662689209,0.9244065284729004
26454,0.531982421875,0.5630475282669067,0.8617600202560425,0.93166583776474
26455,0.110107421875,0.1499060094356537,1.0,0.9918291568756104
26456,0.556884765625,0.5950533747673035,0.8308104276657104,0.9537633061408997
26457,0.110107421875,0.18405604362487793,0.3951442539691925,0.7642269134521484
26458,0.943115234375,0.9463600516319275,0.9313938021659851,0.9709892868995667
26459,0.110107421875,0.19083520770072937,0.3333333134651184,0.7469927072525024
26460,0.518798828125,0.5684733390808105,0.8046129941940308,0.932027280330658
26461,0.556884765625,0.5799567699432373,0.9594535827636719,0.9673870801925659
26462,0.228759765625,0.2705850899219513,0.7660098671913147,0.9137384295463562
26463,0.110107421875,0.1234993115067482,1.0,0.9427731037139893
26464,0.304931640625,0.3300743103027344,1.0,1.0
26465,0.946533203125,0.9497243762016296,1.0,1.0
26466,0.228759765625,0.23991775512695312,1.0,1.0
26467,0.455078125,0.461669921875,0.9385064244270325,0.9860844016075134
26468,0.110107421875,0.15526911616325378,0.5158474445343018,0.7572730183601379
26469,0.556884765625,0.5867798328399658,0.9594535827636719,0.9641283750534058
26470,0.556884765625,0.5916745066642761,0.8308104276657104,0.8860849142074585
26471,0.228759765625,0.23991775512695312,1.0,1.0
26472,0.2774251401424408,0.2943480908870697,1.0,1.0
26473,0.2774251401424408,0.30885347723960876,0.8435737490653992,0.9686151742935181
26474,0.2774251401424408,0.3152926564216614,0.8435737490653992,0.9635961055755615
26475,0.0625,0.0625,1.0,1.0
26476,0.03125,0.03125,0.6309297680854797,0.6309297680854797
26477,0.091796875,0.091796875,1.0,1.0
26478,0.09375,0.1010044664144516,0.5212960839271545,0.6130998730659485
26479,0.946533203125,0.948955774307251,1.0,0.9957094788551331
26480,0.518798828125,0.531502366065979,1.0,0.9964775443077087
26481,0.946533203125,0.948039174079895,1.0,1.0
26482,0.219970703125,0.24899891018867493,0.5462626218795776,0.6698863506317139
26483,0.9444172978401184,0.9485287070274353,0.9456308484077454,0.9861478805541992
26485,0.580322265625,0.6118287444114685,1.0,1.0
26486,0.08203125,0.08203125,0.9197208285331726,0.9197208285331726
26487,0.228759765625,0.2600777745246887,1.0,1.0
26488,0.03125,0.03125,0.6309297680854797,0.6309297680854797
26489,0.146728515625,0.19726935029029846,0.58057701587677,0.7938569188117981
26490,0.02083333395421505,0.0354817733168602,0.3065735995769501,0.5706417560577393
26491,0.12109375,0.201540008187294,0.3910655975341797,0.7558584809303284
26492,0.304931640625,0.3746241629123688,1.0,1.0
26493,0.946533203125,0.9505789875984192,1.0,1.0
26494,0.466064453125,0.49950963258743286,0.8656565546989441,0.9420833587646484
26495,0.091796875,0.10552978515625,0.7653606534004211,0.9674680233001709
26496,0.3059895932674408,0.3507665991783142,0.625433623790741,0.7801412343978882
26497,0.228759765625,0.2694864273071289,0.7660098671913147,0.9355095028877258
26498,0.267578125,0.267578125,0.7098097205162048,0.7098097205162048
26499,0.304931640625,0.37751761078834534,1.0,1.0
26500,0.304931640625,0.37158048152923584,1.0,0.9976261854171753
26501,0.518798828125,0.5620221495628357,0.8046129941940308,0.9277534484863281
26502,0.02083333395421505,0.09661611169576645,0.09271639585494995,0.557658314704895
26503,0.304931640625,0.3639143407344818,1.0,1.0
26504,0.431884765625,0.4691654145717621,0.7318407297134399,0.8764063715934753
26505,0.02083333395421505,0.02083333395421505,0.5,0.5
26507,0.0,0.012500000186264515,0.0,0.38685280084609985
26508,0.228759765625,0.23991775512695312,1.0,1.0
26509,0.110107421875,0.155360147356987,1.0,0.9363793134689331
26510,0.30078125,0.33632659912109375,0.6128985285758972,0.7566572427749634
26511,0.556884765625,0.6056841015815735,0.8308104276657104,0.9535436034202576
26512,0.110107421875,0.110107421875,1.0,1.0
26513,0.488037109375,0.5508736968040466,0.7069194316864014,0.8984485864639282
26515,0.197998046875,0.2933137118816376,0.34009110927581787,0.7005929946899414
26516,0.943115234375,0.9438591003417969,0.9849443435668945,0.9853081107139587
26517,0.946533203125,0.9496925473213196,1.0,1.0
26518,0.0625,0.088134765625,0.4692787230014801,0.8529279232025146
26519,0.959228515625,0.9596844911575317,0.8722942471504211,0.9348231554031372
26520,0.365234375,0.40109336376190186,0.7136205434799194,0.8199387192726135
26521,0.1106770858168602,0.1493581235408783,0.4437016248703003,0.6841328740119934
26522,0.940673828125,0.9430829286575317,1.0,1.0
26523,0.940673828125,0.9436845779418945,0.9274492263793945,0.970406711101532
26524,0.110107421875,0.155360147356987,1.0,1.0
26525,0.556884765625,0.5786449909210205,0.9594535827636719,0.9589194655418396
26526,0.146728515625,0.17279288172721863,0.7579237222671509,0.8114867210388184
26527,0.228759765625,0.3669317364692688,0.2245950698852539,0.5889793038368225
26528,0.957763671875,0.9578208923339844,0.9265733957290649,0.9278187155723572
26529,0.946533203125,0.9502361416816711,1.0,1.0
26530,0.02083333395421505,0.02083333395421505,0.5,0.5
26531,0.431884765625,0.4603596031665802,0.8451594114303589,0.884268045425415
26532,0.091796875,0.091796875,1.0,1.0
26533,0.304931640625,0.3574824333190918,1.0,1.0
26534,0.499755859375,0.5358414649963379,0.9037794470787048,0.9817913174629211
26535,0.606689453125,0.624126672744751,1.0,1.0
26536,0.110107421875,0.1462436020374298,1.0,1.0
26537,0.091796875,0.102783203125,0.7653606534004211,0.9469023942947388
26538,0.531982421875,0.5530979633331299,0.8617600202560425,0.9177724719047546
26539,0.2774251401424408,0.3659819960594177,0.4175114035606384,0.7475705146789551
26540,0.09375,0.12175903469324112,0.35098522901535034,0.5539719462394714
26541,0.091796875,0.13564631342887878,0.7653606534004211,0.9492756128311157
26542,0.03125,0.03125,0.6309297680854797,0.6309297680854797
26543,0.2774251401424408,0.32978755235671997,0.8435737490653992,0.9232023358345032
26544,0.08203125,0.111244335770607,0.7039180994033813,0.8886733651161194
26545,0.940673828125,0.9461647868156433,0.8770246505737305,0.9564202427864075
26547,0.091796875,0.091796875,1.0,1.0
26548,0.939453125,0.9419090747833252,0.9690036177635193,0.9821872115135193
26549,0.260498046875,0.3087955713272095,0.8026120662689209,0.9119596481323242
26550,0.03125,0.03125,0.6309297680854797,0.6309297680854797
26551,0.110107421875,0.1462436020374298,1.0,1.0
26552,0.946533203125,0.9492136836051941,1.0,1.0
26554,0.946533203125,0.9565662741661072,0.6577322483062744,0.9064210057258606
26555,0.166259765625,0.22631210088729858,0.5307213068008423,0.8136700987815857
26556,0.2774251401424408,0.3548707067966461,0.8435737490653992,0.872310996055603
26557,0.701904296875,0.7079189419746399,0.6066363453865051,0.8106714487075806
26558,0.2774251401424408,0.34150010347366333,0.8435737490653992,0.9421601295471191
26559,0.2774251401424408,0.29676565527915955,0.8435737490653992,0.9469397664070129
26560,0.228759765625,0.29024529457092285,0.439797967672348,0.6996011734008789
26561,0.228759765625,0.3181200623512268,0.6461858153343201,0.9077486991882324
26562,0.2774251401424408,0.35622286796569824,0.8435737490653992,0.9572526216506958
26563,0.146728515625,0.18865814805030823,0.58057701587677,0.7733727097511292
26565,0.469970703125,0.47391477227211,0.6737852096557617,0.7278560996055603
26566,0.0,0.012500000186264515,0.0,0.38685280084609985
26567,0.304931640625,0.3382619023323059,1.0,0.9936497211456299
26568,0.228759765625,0.2855256199836731,0.6461858153343201,0.8887569904327393
26569,0.091796875,0.091796875,1.0,1.0
26570,0.518798828125,0.572550356388092,0.8046129941940308,0.9512699246406555
26571,0.0625,0.0625,1.0,1.0
26572,0.228759765625,0.2600777745246887,1.0,1.0
26573,0.228759765625,0.25482413172721863,1.0,1.0
26574,0.2774251401424408,0.34695249795913696,0.8435737490653992,0.9674712419509888
26575,0.567138671875,0.6163042783737183,0.7988805174827576,0.9244019985198975
26576,0.146728515625,0.2629885971546173,0.24239754676818848,0.6559381484985352
26577,0.499755859375,0.5343685746192932,0.9037794470787048,0.965073823928833
26578,0.9375,0.9375,1.0,1.0
26579,0.304931640625,0.304931640625,1.0,1.0
26580,0.3599446713924408,0.4037509262561798,0.6497723460197449,0.8063446283340454
26581,0.943359375,0.9475371241569519,0.9184463024139404,0.9735292792320251
26582,0.2774251401424408,0.3528682589530945,0.5188971757888794,0.791126549243927
26583,0.228759765625,0.2859678268432617,0.6461858153343201,0.9018033742904663
26584,0.260498046875,0.3313916027545929,0.8026120662689209,0.9402686953544617
26585,0.166259765625,0.23847591876983643,0.5307213068008423,0.8172078728675842
26586,0.344482421875,0.36742496490478516,0.690318763256073,0.7789511680603027
26587,0.304931640625,0.34678947925567627,1.0,0.9667569994926453
26588,0.228759765625,0.24828624725341797,1.0,1.0
26589,0.304931640625,0.38499605655670166,0.6151177287101746,0.8453638553619385
26590,0.943115234375,0.9444169998168945,0.9849443435668945,0.9856202602386475
26591,0.110107421875,0.12845373153686523,1.0,0.9747428894042969
26592,0.466064453125,0.49301424622535706,0.8656565546989441,0.9388449788093567
26593,0.091796875,0.091796875,1.0,1.0
26594,0.393798828125,0.46334362030029297,0.5977610945701599,0.8555192947387695
26595,0.9444172978401184,0.9465051889419556,1.0,1.0
26596,0.946533203125,0.9492495059967041,1.0,0.9922484755516052
26597,0.431884765625,0.49436917901039124,0.4763599932193756,0.7483837008476257
26598,0.110107421875,0.1462436020374298,1.0,1.0
26599,0.431884765625,0.45707184076309204,0.8451594114303589,0.8783286809921265
26600,0.0625,0.0625,1.0,1.0
26601,0.580322265625,0.6035149097442627,1.0,0.9759003520011902
26602,0.956298828125,0.9574266672134399,1.0,1.0
26603,0.110107421875,0.1462436020374298,1.0,1.0
26604,0.260498046875,0.3114143908023834,0.8026120662689209,0.9274146556854248
26605,0.94140625,0.9535264372825623,0.6354966163635254,0.8870429992675781
26606,0.499755859375,0.5447806715965271,0.9037794470787048,0.9624658823013306
26607,0.3599446713924408,0.40545400977134705,0.8075588941574097,0.8738996386528015
26608,0.146728515625,0.21629191935062408,0.48975956439971924,0.7851006984710693
26609,0.110107421875,0.15066374838352203,1.0,0.9963488578796387
26610,0.518798828125,0.5500260591506958,1.0,0.9920916557312012
26611,0.1875,0.1875,1.0,1.0
26613,0.488037109375,0.5300155878067017,0.8785831332206726,0.9583803415298462
26614,0.197998046875,0.23329448699951172,0.6871474981307983,0.8420809507369995
26615,0.110107421875,0.1512162685394287,1.0,1.0
26616,0.3599446713924408,0.3682127594947815,0.8075588941574097,0.8149499893188477
26617,0.580322265625,0.6144845485687256,0.86592036485672,0.9808982014656067
26618,0.393798828125,0.41389915347099304,0.8579513430595398,0.8732733726501465
26619,0.263671875,0.39637839794158936,0.2660166919231415,0.6293783187866211
26620,0.304931640625,0.36518868803977966,1.0,1.0
26621,0.228759765625,0.27897757291793823,0.7660098671913147,0.9323448538780212
26622,0.9507649540901184,0.952974259853363,0.974961519241333,0.9775893092155457
26623,0.940673828125,0.9445616006851196,0.9274492263793945,0.9576625823974609
26624,0.02083333395421505,0.02083333395421505,0.5,0.5
26625,0.304931640625,0.36681199073791504,1.0,0.9221805930137634
26626,0.951904296875,0.9537144303321838,1.0,1.0
26627,0.455078125,0.5013511776924133,0.7342523336410522,0.9146589040756226
26628,0.02083333395421505,0.0776723250746727,0.12103812396526337,0.5369307994842529
26629,0.9444172978401184,0.9471586346626282,0.9456308484077454,0.9872656464576721
26630,0.304931640625,0.3551953434944153,1.0,0.9781854152679443
26631,0.0625,0.0771484375,0.6131471991539001,0.8772153258323669
26632,0.110107421875,0.15709972381591797,0.5158474445343018,0.7698986530303955
26633,0.9444172978401184,0.9489443302154541,0.9456308484077454,0.9779284596443176
26634,0.12109375,0.13299560546875,0.605190634727478,0.7094471454620361
26635,0.2774251401424408,0.3083024322986603,1.0,1.0
26636,0.1875,0.2363153100013733,0.5562983751296997,0.848434329032898
26637,0.166259765625,0.19757187366485596,0.6291344165802002,0.7839875817298889
26638,0.9444172978401184,0.9465051889419556,1.0,1.0
26639,0.304931640625,0.3642254173755646,1.0,0.9950883388519287
26640,0.2774251401424408,0.33520492911338806,0.5188971757888794,0.7543911933898926
26641,0.556884765625,0.5856367945671082,0.8308104276657104,0.9206690192222595
26642,0.228759765625,0.23991775512695312,1.0,1.0
26643,0.110107421875,0.1462436020374298,1.0,1.0
26645,0.488037109375,0.5124731063842773,0.8785831332206726,0.9642734527587891
26646,0.2774251401424408,0.3169107735157013,0.8435737490653992,0.9594253301620483
26647,0.146728515625,0.1812206208705902,0.58057701587677,0.6547272801399231
26648,0.374755859375,0.411462664604187,0.7617307901382446,0.8603787422180176
26649,0.304931640625,0.338664710521698,1.0,0.9747428894042969
26650,0.943359375,0.9462555050849915,0.9184463024139404,0.9866233468055725
26651,0.488037109375,0.5142530798912048,0.8785831332206726,0.9538276195526123
26653,0.02083333395421505,0.03059895895421505,0.3065735995769501,0.5249810218811035
26654,0.9444172978401184,0.9444172978401184,1.0,1.0
26655,0.3059895932674408,0.34293368458747864,0.625433623790741,0.7660499215126038
26656,0.490234375,0.5429000854492188,0.6884825229644775,0.9188255071640015
26657,0.03125,0.03125,0.6309297680854797,0.6309297680854797
26659,0.110107421875,0.11869049072265625,1.0,0.9709285497665405
26662,0.304931640625,0.3482896387577057,1.0,0.9933390021324158
26663,0.110107421875,0.11869049072265625,1.0,0.9709285497665405
26664,0.0,0.008928571827709675,0.0,0.3333333432674408
26666,0.304931640625,0.3300743103027344,1.0,1.0
26668,0.263671875,0.31235069036483765,0.7653606534004211,0.9107721447944641
26669,0.228759765625,0.30074071884155273,0.6461858153343201,0.9062358736991882
26671,0.110107421875,0.155360147356987,1.0,1.0
26672,0.146728515625,0.23700256645679474,0.3012597858905792,0.6671163439750671
26673,0.02083333395421505,0.1378834992647171,0.04195860028266907,0.47317132353782654
26674,0.560546875,0.5825376510620117,0.8838695287704468,0.950600802898407
26675,0.304931640625,0.3603269159793854,1.0,0.9458538889884949
26676,0.560546875,0.5766143798828125,0.8838695287704468,0.9745683073997498
26677,0.228759765625,0.228759765625,1.0,1.0
26678,0.304931640625,0.3732230067253113,1.0,0.9477344751358032
26679,0.263671875,0.2705484926700592,0.90728360414505,0.9733361601829529
26680,0.0625,0.1267194300889969,0.23463936150074005,0.6190245747566223
26681,0.23828125,0.24653320014476776,0.8344475626945496,0.9061827659606934
26682,0.228759765625,0.228759765625,1.0,1.0
26683,0.110107421875,0.12298202514648438,1.0,1.0
26684,0.606689453125,0.6379381418228149,1.0,0.9948176741600037
26685,0.365234375,0.41723060607910156,0.5741883516311646,0.8051667213439941
26686,0.606689453125,0.6133636236190796,1.0,0.9918887615203857
26687,0.304931640625,0.3195981979370117,1.0,1.0
26688,0.953369140625,0.9583258032798767,0.912726640701294,0.9722779989242554
26689,0.0625,0.072265625,0.6131471991539001,0.8315545916557312
26690,0.469970703125,0.4719047546386719,0.6737852096557617,0.6951965093612671
26691,0.110107421875,0.20066875219345093,0.3333333134651184,0.7556368112564087
26692,0.12109375,0.1590965986251831,0.605190634727478,0.7666787505149841
26693,0.571533203125,0.5770525932312012,0.6676040887832642,0.7811697721481323
26694,0.946533203125,0.9519481062889099,1.0,0.9990448355674744
26695,0.110107421875,0.12298202514648438,1.0,1.0
26696,0.304931640625,0.3725106120109558,0.6151177287101746,0.8177906274795532
26697,0.3599446713924408,0.4234011471271515,0.40125197172164917,0.682934582233429
26698,0.08203125,0.10160064697265625,0.7039180994033813,0.7607567310333252
26699,0.110107421875,0.17320090532302856,0.5158474445343018,0.808742105960846
26700,0.110107421875,0.12298202514648438,1.0,1.0
26701,0.304931640625,0.3663727343082428,1.0,0.9968176484107971
26702,0.518798828125,0.5590687990188599,1.0,0.9416134357452393
26703,0.166259765625,0.24180234968662262,0.5307213068008423,0.8176271319389343
26704,0.146728515625,0.24920526146888733,0.3012597858905792,0.7035012245178223
26705,0.05078125,0.10278031975030899,0.5307212471961975,0.779908299446106
26706,0.263671875,0.263671875,1.0,1.0
26707,0.263671875,0.31181833148002625,0.7653606534004211,0.9173658490180969
26708,0.466064453125,0.4932160973548889,1.0,1.0
26709,0.580322265625,0.5970236659049988,1.0,1.0
26711,0.304931640625,0.32845497131347656,1.0,1.0
26712,0.3599446713924408,0.4085175693035126,0.6497723460197449,0.8162440657615662
26713,0.323974609375,0.37643760442733765,0.5520787835121155,0.7700034976005554
26714,0.304931640625,0.3300743103027344,1.0,1.0
26715,0.23828125,0.24653320014476776,0.8344475626945496,0.9061827659606934
26716,0.956298828125,0.959685742855072,1.0,0.9938555955886841
26717,0.946533203125,0.9519174098968506,0.8793432712554932,0.9447158575057983
26719,0.304931640625,0.3656531572341919,1.0,0.8706874251365662
26720,0.110107421875,0.110107421875,1.0,1.0
26721,0.0,0.1230601817369461,0.0,0.6198962926864624
26722,0.508056640625,0.5132837295532227,0.5334192514419556,0.7450950145721436
26723,0.212890625,0.241455078125,0.67329341173172,0.8884990215301514
26724,0.556884765625,0.5916745066642761,0.9594535827636719,0.9740146398544312
26725,0.304931640625,0.35593631863594055,1.0,0.9815686345100403
26726,0.110107421875,0.15885654091835022,1.0,1.0
26727,0.556884765625,0.5949779152870178,0.8308104276657104,0.9520083069801331
26728,0.571533203125,0.5790642499923706,0.49935534596443176,0.7471672892570496
26729,0.9507649540901184,0.9535648822784424,0.974961519241333,0.9633237719535828
26730,0.2774251401424408,0.31167396903038025,0.8435737490653992,0.9765208959579468
26731,0.03125,0.0902099609375,0.09869397431612015,0.4191579222679138
26732,0.967041015625,0.9673258662223816,1.0,1.0
26733,0.150390625,0.16229248046875,0.7002755999565125,0.8045321106910706
26734,0.9444172978401184,0.9494966268539429,0.9456308484077454,0.9868384003639221
26735,0.228759765625,0.2607235312461853,1.0,0.8946230411529541
26736,0.580322265625,0.6184365153312683,0.86592036485672,0.9727851152420044
26737,0.0625,0.135009765625,0.1854327917098999,0.6402230858802795
26738,0.1875,0.1875,1.0,1.0
26739,0.091796875,0.10552978515625,0.7653606534004211,0.9674680233001709
26740,0.365234375,0.4159538149833679,0.5741883516311646,0.7817525267601013
26741,0.110107421875,0.20880275964736938,0.3333333134651184,0.6744405627250671
26742,0.304931640625,0.3712784945964813,1.0,0.9448791146278381
26743,0.304931640625,0.3608463704586029,0.6151177287101746,0.7858362793922424
26744,0.943115234375,0.9503618478775024,0.6597968339920044,0.8470889329910278
26745,0.946533203125,0.9518941640853882,1.0,1.0
26746,0.304931640625,0.37751758098602295,1.0,1.0
26747,0.606689453125,0.63691246509552,1.0,0.9886231422424316
26749,0.23828125,0.23828125,0.9197207689285278,0.9197207689285278
26750,0.46875,0.4775109887123108,0.3645033836364746,0.5816245675086975
26751,0.304931640625,0.3574206531047821,1.0,0.994129478931427
26752,0.946533203125,0.9514259099960327,1.0,1.0
26753,0.08984375,0.17044612765312195,0.3333333134651184,0.7056084275245667
26754,0.953369140625,0.958084225654602,0.912726640701294,0.9860841631889343
26755,0.946533203125,0.9506921172142029,1.0,0.9979436993598938
26756,0.146728515625,0.26346519589424133,0.3012597858905792,0.7146389484405518
26757,0.091796875,0.091796875,1.0,1.0
26758,0.03125,0.056884765625,0.29608193039894104,0.6797310709953308
26759,0.518798828125,0.5934381484985352,0.6967307925224304,0.9246676564216614
26760,0.940673828125,0.9472226500511169,0.8770246505737305,0.9499052166938782
26761,0.499755859375,0.5354890823364258,0.9037794470787048,0.9637017250061035
26762,0.304931640625,0.39422571659088135,0.49493172764778137,0.8192465305328369
26763,0.946533203125,0.9566910862922668,0.575423002243042,0.8938271403312683
26764,0.03125,0.03125,0.6309297680854797,0.6309297680854797
26765,0.431884765625,0.47738778591156006,0.7318407297134399,0.8857980370521545
26766,0.580322265625,0.5923728942871094,1.0,1.0
26767,0.110107421875,0.1310286521911621,1.0,0.9896062016487122
26768,0.953369140625,0.9571319222450256,1.0,0.9794657230377197
26769,0.110107421875,0.155360147356987,1.0,1.0
26770,0.956298828125,0.9593580365180969,1.0,1.0
26771,0.953369140625,0.958873987197876,0.7479812502861023,0.9168610572814941
26772,0.260498046875,0.3383334279060364,0.8026120662689209,0.8944089412689209
26773,0.946533203125,0.9494533538818359,1.0,0.9930329918861389
26774,0.197998046875,0.26943162083625793,0.6871474981307983,0.8697680830955505
26775,0.606689453125,0.6381915807723999,1.0,1.0
26776,0.956298828125,0.9593254923820496,1.0,1.0
26778,0.466064453125,0.558653712272644,0.5450960993766785,0.8706851601600647
26779,0.2774251401424408,0.3378867506980896,0.8435737490653992,0.9516658782958984
26780,0.110107421875,0.110107421875,1.0,1.0
26781,0.304931640625,0.37532487511634827,1.0,0.9558305144309998
26782,0.606689453125,0.6272194385528564,1.0,0.9756636023521423
26783,0.3599446713924408,0.40105652809143066,0.8075588941574097,0.8270117044448853
26784,0.304931640625,0.37462419271469116,1.0,1.0
26785,0.260498046875,0.29836559295654297,0.8026120662689209,0.9304487705230713
26786,0.150390625,0.17825737595558167,0.7002755999565125,0.8055726885795593
26787,0.03125,0.060546875,0.17376534640789032,0.46807608008384705
26788,0.09375,0.09375,0.6309297680854797,0.6309297680854797
26789,0.560546875,0.5841039419174194,0.8838695287704468,0.9486216902732849
26790,0.606689453125,0.6320019960403442,1.0,0.9229310750961304
26791,0.304931640625,0.3574824333190918,1.0,1.0
26792,0.966796875,0.9674633145332336,0.8748388290405273,0.9495113492012024
26793,0.9444172978401184,0.9478588700294495,0.9456308484077454,0.9708096385002136
26794,0.2774251401424408,0.35817983746528625,0.8435737490653992,0.9637973308563232
26795,0.1875,0.3411792516708374,0.20111946761608124,0.7095970511436462
26796,0.946533203125,0.9500964283943176,1.0,0.9971538186073303
26797,0.365234375,0.393924355506897,0.7136205434799194,0.8169704675674438
26798,0.166259765625,0.2175588309764862,0.6291344165802002,0.8291785717010498
26799,0.304931640625,0.40737032890319824,0.4285714626312256,0.7969523072242737
26800,0.304931640625,0.3643154501914978,1.0,0.8878984451293945
26801,0.0625,0.1364227533340454,0.23463936150074005,0.6385377049446106
26802,0.940673828125,0.9469740390777588,0.771205723285675,0.9016484618186951
26803,0.2774251401424408,0.3083024322986603,1.0,1.0
26804,0.953369140625,0.9561988115310669,0.912726640701294,0.9711510539054871
26805,0.959228515625,0.9597489833831787,0.8722942471504211,0.944116473197937
26806,0.951904296875,0.9550549387931824,0.9521908760070801,0.9862204790115356
26807,0.0,0.02734375,0.0,0.5012658834457397
26808,0.5694173574447632,0.5783437490463257,0.4993056654930115,0.7110061049461365
26809,0.05078125,0.1078801155090332,0.2737712264060974,0.6397990584373474
26810,0.304931640625,0.3405555784702301,1.0,0.9835910201072693
26812,0.946533203125,0.9548772573471069,0.7083972692489624,0.9037501215934753
26813,0.951171875,0.9570767283439636,0.8472716808319092,0.9585707187652588
26815,0.260498046875,0.3366595506668091,0.8026120662689209,0.9396786093711853
26816,0.304931640625,0.36561155319213867,0.6151177287101746,0.7832542061805725
26817,0.580322265625,0.6037583351135254,1.0,0.9883915185928345
26818,0.556884765625,0.5820422172546387,0.9594535827636719,0.9655150175094604
26819,0.946533203125,0.9516600370407104,1.0,0.9988051056861877
26820,0.9375,0.9439468383789062,0.7531440854072571,0.9089637398719788
26822,0.531982421875,0.5781465172767639,0.7462155222892761,0.9001848101615906
26823,0.261474609375,0.31956034898757935,0.49493172764778137,0.7344797849655151
26824,0.3599446713924408,0.42050081491470337,0.5626510977745056,0.8257721662521362
26825,0.110107421875,0.13978025317192078,1.0,0.9619213342666626
26826,0.212890625,0.2900099456310272,0.3493700623512268,0.5618457794189453
26828,0.518798828125,0.5622237920761108,1.0,0.9930241703987122
26829,0.940673828125,0.9462406635284424,0.8770246505737305,0.958115816116333
26830,0.110107421875,0.110107421875,1.0,1.0
26831,0.606689453125,0.6401675939559937,1.0,0.9888008832931519
26832,0.197998046875,0.2778581380844116,0.42267662286758423,0.719477117061615
26833,0.212890625,0.2337188720703125,0.8789618015289307,0.9751957654953003
26834,0.580322265625,0.6118409633636475,1.0,0.9929226636886597
26835,0.228759765625,0.28890249133110046,0.6461858153343201,0.9171613454818726
26836,0.466064453125,0.5194581747055054,0.7823625802993774,0.938592791557312
26837,0.304931640625,0.35246896743774414,1.0,0.9891335964202881
26838,0.150390625,0.16973114013671875,0.7002755999565125,0.8066616654396057
26839,0.110107421875,0.16116158664226532,0.5158474445343018,0.7700380682945251
26840,0.091796875,0.10552978515625,0.7653606534004211,0.9674680233001709
26841,0.2774251401424408,0.3656295835971832,0.5188971757888794,0.7819857001304626
26842,0.09375,0.21948972344398499,0.1821252405643463,0.6597184538841248
26843,0.606689453125,0.6408352851867676,1.0,0.9847546815872192
26844,0.166259765625,0.18929490447044373,0.8213136792182922,0.8473931550979614
26845,0.967041015625,0.9676613211631775,0.8122885227203369,0.9472742080688477
26846,0.304931640625,0.350430965423584,1.0,0.7548750042915344
26847,0.110107421875,0.16001683473587036,0.3333333134651184,0.5411987900733948
26848,0.02083333395421505,0.02083333395421505,0.5,0.5
26849,0.304931640625,0.37751761078834534,1.0,1.0
26850,0.47265625,0.5263051986694336,0.6580725908279419,0.716866135597229
26851,0.304931640625,0.3355218768119812,1.0,1.0
26852,0.2774251401424408,0.3252980709075928,0.8435737490653992,0.863416314125061
26853,0.304931640625,0.3693335950374603,0.6151177287101746,0.806553065776825
26854,0.110107421875,0.14712190628051758,0.5158474445343018,0.7336077690124512
26855,0.606689453125,0.6264046430587769,1.0,0.9459704160690308
26856,0.091796875,0.091796875,1.0,1.0
26857,0.606689453125,0.6182519793510437,1.0,1.0
26858,0.03125,0.03125,0.6309297680854797,0.6309297680854797
26859,0.466064453125,0.466064453125,1.0,1.0
26860,0.567138671875,0.6136878728866577,0.7988805174827576,0.9615421891212463
26861,0.0,0.19842451810836792,0.0,0.5699262619018555
26862,0.9668782353401184,0.9671165943145752,0.9614850282669067,0.9917624592781067
26863,0.393798828125,0.44728270173072815,0.690318763256073,0.8615404367446899
26864,0.14453125,0.2000768631696701,0.5307213068008423,0.7130750417709351
26865,0.488037109375,0.5424904823303223,0.8785831332206726,0.9601171016693115
26866,0.212890625,0.2406926155090332,0.8789618015289307,0.970941960811615
26867,0.488037109375,0.541036069393158,0.8785831332206726,0.9526955485343933
26868,0.946533203125,0.950960636138916,1.0,0.9891142845153809
26869,0.518798828125,0.5707219839096069,0.6967307925224304,0.8947820663452148
26871,0.304931640625,0.3905722200870514,0.49493172764778137,0.7868519425392151
26872,0.3599446713924408,0.40166109800338745,0.8075588941574097,0.8658977746963501
26873,0.560546875,0.5924400091171265,0.8838695287704468,0.9682040214538574
26874,0.0625,0.0625,1.0,1.0
26875,0.490234375,0.5324863195419312,0.8556691408157349,0.9310839772224426
26876,0.146728515625,0.19321131706237793,0.58057701587677,0.784321129322052
26877,0.0625,0.0625,1.0,1.0
26878,0.304931640625,0.3658406734466553,1.0,0.9355385899543762
26879,0.02083333395421505,0.0417073592543602,0.23463936150074005,0.5833415985107422
26880,0.2774251401424408,0.34944844245910645,0.5188971757888794,0.7704324722290039
26881,0.091796875,0.091796875,1.0,1.0
26882,0.304931640625,0.37751761078834534,1.0,1.0
26883,0.166259765625,0.20547878742218018,0.8213136792182922,0.8819824457168579
26884,0.23828125,0.2712170481681824,0.8344475626945496,0.9163280129432678
26885,0.09375,0.15497469902038574,0.29608193039894104,0.6523468494415283
26886,0.2774251401424408,0.3304460644721985,0.8435737490653992,0.9651356339454651
26887,0.197998046875,0.2706475853919983,0.6871474981307983,0.8739790916442871
26888,0.091796875,0.091796875,1.0,1.0
26889,0.606689453125,0.6379274129867554,1.0,0.9871949553489685
26890,0.0,0.015625,0.0,0.43067657947540283
26891,0.518798828125,0.5760306715965271,0.6967307925224304,0.8359223008155823
26892,0.02083333395421505,0.0464681014418602,0.23463936150074005,0.6182885766029358
26893,0.946533203125,0.951259434223175,1.0,0.9984616041183472
26894,0.260498046875,0.30525752902030945,0.8026120662689209,0.9017952680587769
26895,0.12109375,0.12109375,0.6885288953781128,0.6885288953781128
26897,0.110107421875,0.18545380234718323,0.3333333134651184,0.7333571314811707
26898,0.110107421875,0.155360147356987,1.0,1.0
26899,0.260498046875,0.2944878935813904,0.9514426589012146,0.9294176697731018
26900,0.228759765625,0.2706893980503082,0.7660098671913147,0.925660252571106
26901,0.166259765625,0.273740291595459,0.32645606994628906,0.7096196413040161
26902,0.05078125,0.09356984496116638,0.5307212471961975,0.7403795719146729
26903,0.2774251401424408,0.34905970096588135,0.8435737490653992,0.9684426188468933
26904,0.166259765625,0.22094078361988068,0.6291344165802002,0.8421905040740967
26905,0.304931640625,0.3449372947216034,1.0,0.9838137626647949
26906,0.304931640625,0.37558865547180176,1.0,1.0
26907,0.0625,0.14531904458999634,0.1854327917098999,0.6307523250579834
26908,0.228759765625,0.29450953006744385,0.439797967672348,0.7109326720237732
26909,0.9444172978401184,0.9492842555046082,0.8315341472625732,0.9285141825675964
26910,0.166259765625,0.25216078758239746,0.32645606994628906,0.6562846302986145
26912,0.166259765625,0.23855914175510406,0.5307213068008423,0.8449885845184326
26913,0.228759765625,0.228759765625,1.0,1.0
26914,0.146728515625,0.178688183426857,0.58057701587677,0.7446995973587036
26915,0.110107421875,0.16364791989326477,0.5158474445343018,0.7421885132789612
26916,0.606689453125,0.6338350772857666,1.0,0.9933517575263977
26917,0.940673828125,0.945273220539093,0.8770246505737305,0.9400281310081482
26919,0.03125,0.03125,0.6309297680854797,0.6309297680854797
26920,0.110107421875,0.14018169045448303,1.0,1.0
26921,0.05078125,0.09404133260250092,0.5307212471961975,0.8078696727752686
26922,0.0,0.01901041716337204,0.0,0.42177340388298035
26923,0.9507649540901184,0.9531827569007874,0.974961519241333,0.9724028706550598
26924,0.091796875,0.13564631342887878,0.7653606534004211,0.9492756128311157
26925,0.166259765625,0.2562504708766937,0.22745199501514435,0.6265044212341309
26926,0.02083333395421505,0.10870393365621567,0.07821311801671982,0.5756464600563049
26927,0.967041015625,0.9673144817352295,1.0,0.9934499263763428
26928,0.03125,0.03125,0.6309297680854797,0.6309297680854797
26929,0.304931640625,0.3663727343082428,1.0,0.9968176484107971
26930,0.0,0.03874511644244194,0.0,0.3530016243457794
26931,0.2774251401424408,0.3218843340873718,0.8435737490653992,0.9621445536613464
26932,0.953369140625,0.957240641117096,0.912726640701294,0.953880786895752
26933,0.304931640625,0.36701491475105286,1.0,1.0
26934,0.304931640625,0.37238895893096924,1.0,0.9498288631439209
26935,0.518798828125,0.5538082718849182,1.0,1.0
26936,0.0625,0.0625,1.0,1.0
26937,0.518798828125,0.5670474767684937,1.0,1.0
26938,0.365234375,0.4274643063545227,0.5741883516311646,0.8144369721412659
26939,0.228759765625,0.2660452127456665,0.7660098671913147,0.8518171906471252
26940,0.946533203125,0.9494311213493347,1.0,0.9701715111732483
26941,0.197998046875,0.21663488447666168,0.8145672082901001,0.8328883647918701
26942,0.304931640625,0.3621583580970764,1.0,1.0
26943,0.110107421875,0.1549457609653473,1.0,0.9337458610534668
26944,0.959228515625,0.9596425890922546,0.9394869804382324,0.9336756467819214
26945,0.580322265625,0.6166428327560425,0.86592036485672,0.9653246402740479
26946,0.260498046875,0.33634695410728455,0.8026120662689209,0.943814754486084
26947,0.146728515625,0.26293137669563293,0.3012597858905792,0.6637024879455566
26948,0.9668782353401184,0.967093288898468,0.9614850282669067,0.9916612505912781
26950,0.556884765625,0.5708003640174866,0.9594535827636719,0.9604506492614746
26951,0.1875,0.1875,1.0,1.0
26952,0.0,0.010416666977107525,0.0,0.3562071919441223
26953,0.304931640625,0.37491902709007263,1.0,0.953712522983551
26954,0.9444172978401184,0.9498049020767212,0.9456308484077454,0.9790313243865967
26955,0.431884765625,0.47358182072639465,0.7318407297134399,0.692253828048706
26956,0.110107421875,0.16309839487075806,0.3951442539691925,0.6740162372589111
26958,0.110107421875,0.21150588989257812,0.3333333134651184,0.7718095779418945
26959,0.0625,0.0625,1.0,1.0
26960,0.146728515625,0.2267763316631317,0.48975956439971924,0.7958953976631165
26961,0.110107421875,0.13263797760009766,1.0,1.0
26962,0.2774251401424408,0.28709539771080017,1.0,1.0
26963,0.959228515625,0.9596672654151917,0.8722942471504211,0.9350937008857727
26964,0.260498046875,0.3514373302459717,0.27896419167518616,0.569331169128418
26965,0.9507649540901184,0.9550689458847046,0.8898733854293823,0.9004366397857666
26966,0.304931640625,0.43577131628990173,0.2789600193500519,0.7196827530860901
26967,0.940673828125,0.9461024403572083,0.8770246505737305,0.9518644213676453
26969,0.197998046875,0.23460713028907776,0.6871474981307983,0.8266352415084839
26970,0.466064453125,0.4866449236869812,1.0,0.9957727789878845
26971,0.9444172978401184,0.9494634866714478,0.9456308484077454,0.9506421685218811
26972,0.0,0.015625,0.0,0.43067657947540283
26973,0.393798828125,0.4320273995399475,0.8579513430595398,0.8879340291023254
26974,0.110107421875,0.1234993040561676,1.0,0.9427731037139893
26975,0.556884765625,0.5837597846984863,0.8308104276657104,0.8340468406677246
26976,0.0625,0.0625,1.0,1.0
26977,0.304931640625,0.3363471031188965,1.0,0.9777785539627075
26978,0.304931640625,0.3819964826107025,0.6151177287101746,0.838873028755188
26979,0.304931640625,0.3300743103027344,1.0,1.0
26980,0.110107421875,0.1512162685394287,1.0,1.0
26981,0.146728515625,0.19695810973644257,0.58057701587677,0.7629242539405823
26982,0.146728515625,0.21978318691253662,0.48975956439971924,0.7088316679000854
26983,0.946533203125,0.9510703086853027,1.0,1.0
26984,0.518798828125,0.5500730276107788,1.0,1.0
26985,0.4375,0.45443856716156006,0.8609101176261902,0.9433268308639526
26986,0.166259765625,0.26957112550735474,0.32645606994628906,0.7107844948768616
26987,0.02083333395421505,0.06729021668434143,0.12103812396526337,0.507518470287323
26988,0.304931640625,0.3460031747817993,1.0,1.0
26989,0.110107421875,0.155360147356987,1.0,1.0
26990,0.518798828125,0.5744976997375488,0.6967307925224304,0.9049578905105591
26991,0.05078125,0.12217073142528534,0.17690707743167877,0.5497928261756897
26992,0.228759765625,0.24689149856567383,1.0,0.9938070774078369
26993,0.374755859375,0.4396377503871918,0.6128985285758972,0.8408905267715454
26994,0.304931640625,0.35814931988716125,1.0,0.9915598034858704
26995,0.091796875,0.091796875,1.0,1.0
26996,0.05078125,0.12348118424415588,0.17690707743167877,0.4860841631889343
26997,0.228759765625,0.2734116017818451,0.7660098671913147,0.9127182364463806
26998,0.943115234375,0.9459318518638611,0.9849443435668945,0.9867784976959229
26999,0.02083333395421505,0.0403994619846344,0.23463936150074005,0.5726073980331421
27000,0.374755859375,0.40732407569885254,0.7617307901382446,0.8421393632888794
27001,0.228759765625,0.27654486894607544,0.6461858153343201,0.7820852398872375
27002,0.304931640625,0.3726564645767212,1.0,0.9895947575569153
27003,0.567138671875,0.6024100184440613,0.9225797057151794,0.9419620037078857
27004,0.0625,0.0625,1.0,1.0
27005,0.580322265625,0.6196589469909668,0.86592036485672,0.973926305770874
27006,0.3599446713924408,0.40587711334228516,0.8075588941574097,0.8712860345840454
27007,0.197998046875,0.2817510962486267,0.6871474981307983,0.8910656571388245
27009,0.580322265625,0.6092028617858887,1.0,1.0
27010,0.518798828125,0.5699975490570068,0.8046129941940308,0.9324671030044556
27011,0.304931640625,0.3663727343082428,1.0,0.9968176484107971
27012,0.260498046875,0.29192638397216797,0.8026120662689209,0.932297945022583
27013,0.304931640625,0.3732230067253113,1.0,0.9897118806838989
27014,0.953369140625,0.9574887156486511,0.912726640701294,0.9586442112922668
27015,0.110107421875,0.1588565558195114,1.0,1.0
27016,0.518798828125,0.564940333366394,1.0,0.9982136487960815
27017,0.228759765625,0.27883630990982056,0.6461858153343201,0.7423883676528931
27018,0.304931640625,0.3543332517147064,1.0,0.9943985342979431
27019,0.47265625,0.4851531982421875,0.904949426651001,0.9484971165657043
27020,0.556884765625,0.5975157022476196,0.8308104276657104,0.9346764087677002
27021,0.212890625,0.22479248046875,0.8789618015289307,0.9832184314727783
27022,0.212890625,0.29606893658638,0.5679726600646973,0.8730885982513428
27023,0.304931640625,0.37462419271469116,1.0,1.0
27024,0.110107421875,0.110107421875,1.0,1.0
27025,0.0,0.03750000149011612,0.0,0.38685283064842224
27026,0.091796875,0.091796875,1.0,1.0
27027,0.580322265625,0.6181533336639404,0.86592036485672,0.9439461827278137
27028,0.956298828125,0.9577096700668335,1.0,1.0
27029,0.228759765625,0.2941783666610718,0.6461858153343201,0.9119020104408264
27030,0.166259765625,0.24311119318008423,0.5307213068008423,0.8295020461082458
27031,0.02083333395421505,0.07232088595628738,0.23463936150074005,0.7211558222770691
27032,0.110107421875,0.15885654091835022,1.0,1.0
27033,0.110107421875,0.14018169045448303,1.0,1.0
27034,0.393798828125,0.4251851439476013,0.8579513430595398,0.8131874203681946
27036,0.943115234375,0.9495577812194824,0.9313938021659851,0.9507676959037781
27037,0.580322265625,0.610890805721283,1.0,0.9964778423309326
27038,0.228759765625,0.2676810026168823,0.7660098671913147,0.9026542901992798
27039,0.05078125,0.10799085348844528,0.2737712264060974,0.6431517601013184
27040,0.2774251401424408,0.3556116819381714,0.8435737490653992,0.9663320779800415
27041,0.09375,0.09375,0.6309297680854797,0.6309297680854797
27042,0.110107421875,0.110107421875,1.0,1.0
27043,0.9444172978401184,0.9497265219688416,0.9456308484077454,0.9756122827529907
27044,0.9375,0.9375,1.0,1.0
27045,0.946533203125,0.9516106247901917,1.0,0.9973260164260864
27046,0.567138671875,0.567138671875,1.0,1.0
27047,0.9668782353401184,0.9669354557991028,1.0,1.0
27048,0.110107421875,0.13263797760009766,1.0,1.0
27049,0.9507649540901184,0.9538125395774841,0.974961519241333,0.9791234731674194
27050,0.03125,0.0458984375,0.38685283064842224,0.6509209871292114
27051,0.146728515625,0.16625499725341797,0.7579237222671509,0.7979168891906738
27053,0.21875,0.2420768141746521,0.4702019691467285,0.6192405819892883
27054,0.110107421875,0.110107421875,1.0,1.0
27055,0.947998046875,0.9521183967590332,0.9146330952644348,0.9556828141212463
27056,0.304931640625,0.4136534035205841,0.34757038950920105,0.6916326284408569
27057,0.940673828125,0.9440774321556091,0.9274492263793945,0.9671652913093567
27058,0.4375,0.5045597553253174,0.6735438704490662,0.7295308113098145
27060,0.110107421875,0.1798517256975174,0.3951442539691925,0.7538933753967285
27061,0.110107421875,0.1422095000743866,1.0,0.9764093160629272
27062,0.0625,0.0625,1.0,1.0
27063,0.3599446713924408,0.3904944658279419,0.8075588941574097,0.8413154482841492
27064,0.110107421875,0.13910402357578278,1.0,0.9930782914161682
27065,0.466064453125,0.5259056091308594,0.629499077796936,0.8780902028083801
27066,0.228759765625,0.2941783666610718,0.6461858153343201,0.8306474089622498
27067,0.05078125,0.1322181671857834,0.17690707743167877,0.6319897174835205
27068,0.556884765625,0.5730175971984863,0.9594535827636719,0.9522572755813599
27069,0.304931640625,0.3398453891277313,1.0,0.9899959564208984
27070,0.08984375,0.095794677734375,0.5158474445343018,0.592214047908783
27071,0.267578125,0.31859588623046875,0.41934773325920105,0.6795827746391296
27072,0.260498046875,0.3324876129627228,0.49370092153549194,0.7203107476234436
27073,0.260498046875,0.2876403331756592,0.9514426589012146,0.9620485305786133
27074,0.940673828125,0.940673828125,1.0,1.0
27075,0.23828125,0.3303082585334778,0.43299248814582825,0.725334107875824
27076,0.940673828125,0.9439237713813782,1.0,1.0
27077,0.304931640625,0.35010552406311035,1.0,1.0
27078,0.09375,0.14185333251953125,0.29608193039894104,0.5276827216148376
27079,0.228759765625,0.25848710536956787,1.0,0.992773711681366
27081,0.568359375,0.56915283203125,0.7166156768798828,0.7413774728775024
27082,0.146728515625,0.15788650512695312,0.7579237222671509,0.7807790040969849
27083,0.959228515625,0.9595697522163391,0.9394869804382324,0.9413443803787231
27084,0.5694173574447632,0.5734268426895142,0.7048385143280029,0.7721183896064758
27085,0.304931640625,0.39105120301246643,0.4285714626312256,0.6518098711967468
27086,0.366455078125,0.3691956698894501,0.5660510659217834,0.6101030707359314
27087,0.966796875,0.9675517082214355,0.7653606534004211,0.9472265839576721
27088,0.110107421875,0.16778317093849182,0.5158474445343018,0.7907759547233582
27090,0.14453125,0.22167633473873138,0.5307213068008423,0.7973561882972717
27091,0.9507649540901184,0.954267680644989,0.8898733854293823,0.9459066987037659
27092,0.606689453125,0.6427099704742432,1.0,1.0
27093,0.091796875,0.14789949357509613,0.3948093354701996,0.7362181544303894
27096,0.260498046875,0.2701683044433594,0.9514426589012146,0.9550337791442871
27097,0.30078125,0.3522934019565582,0.5307213068008423,0.7615970969200134
27098,0.110107421875,0.15709972381591797,0.5158474445343018,0.7698986530303955
27099,0.091796875,0.091796875,1.0,1.0
27100,0.091796875,0.091796875,1.0,1.0
27101,0.150390625,0.20671024918556213,0.4525081515312195,0.7637507915496826
27102,0.08203125,0.10843408107757568,0.7039180994033813,0.8411243557929993
27103,0.304931640625,0.3530694544315338,1.0,1.0
27104,0.110107421875,0.14018169045448303,1.0,1.0
27105,0.150390625,0.20333129167556763,0.4525081515312195,0.7519015669822693
27106,0.466064453125,0.49072974920272827,1.0,1.0
27107,0.260498046875,0.33915287256240845,0.8026120662689209,0.8571987748146057
27108,0.166259765625,0.166259765625,0.8213136792182922,0.8213136792182922
27109,0.228759765625,0.28780168294906616,0.6461858153343201,0.8128912448883057
27110,0.0625,0.0801130011677742,0.4692787230014801,0.7928654551506042
27111,0.150390625,0.150390625,0.7967076301574707,0.7967076301574707
27112,0.110107421875,0.1588565558195114,1.0,1.0
27113,0.05078125,0.10278032720088959,0.5307212471961975,0.8328978419303894
27114,0.9668782353401184,0.9672624468803406,0.9614850282669067,0.9805280566215515
27115,0.580322265625,0.6206978559494019,0.86592036485672,0.9859620332717896
27116,0.940673828125,0.9453215003013611,0.8770246505737305,0.9326855540275574
27117,0.110107421875,0.13263797760009766,1.0,1.0
27118,0.47265625,0.5421542525291443,0.5698384642601013,0.8213814496994019
27119,0.580322265625,0.6140610575675964,1.0,0.9701275825500488
27121,0.9444172978401184,0.9484453201293945,0.9456308484077454,0.993336021900177
27122,0.212890625,0.3240528106689453,0.28110769391059875,0.6896364092826843
27123,0.1106770858168602,0.17991256713867188,0.37429505586624146,0.7328094840049744
27124,0.21875,0.21875,0.6309297680854797,0.6309297680854797
27127,0.518798828125,0.5868479013442993,0.6967307925224304,0.8999638557434082
27128,0.0625,0.0625,1.0,1.0
27130,0.580322265625,0.6228086948394775,0.86592036485672,0.9216010570526123
27131,0.09375,0.2091033160686493,0.1465403288602829,0.5920722484588623
27132,0.03125,0.03125,0.6309297680854797,0.6309297680854797
27133,0.951904296875,0.9565601944923401,0.8690900206565857,0.9586220979690552
27135,0.228759765625,0.3031936287879944,0.6461858153343201,0.899520218372345
27136,0.9668782353401184,0.9673258066177368,0.892719030380249,0.9454808235168457
27137,0.2774251401424408,0.32592079043388367,0.8435737490653992,0.9743005633354187
27138,0.091796875,0.091796875,1.0,1.0
27139,0.4375,0.4375,1.0,1.0
27140,0.091796875,0.1158294677734375,0.7653606534004211,0.9558295607566833
27141,0.278564453125,0.3017387390136719,0.6298989057540894,0.7338079810142517
27143,0.947998046875,0.9530401825904846,0.8348100185394287,0.9239377379417419
27144,0.957763671875,0.9579647779464722,0.9265733957290649,0.9323297739028931
27145,0.0625,0.084716796875,0.3631143569946289,0.5610188245773315
27146,0.08203125,0.14766860008239746,0.3631143569946289,0.7386069297790527
27147,0.393798828125,0.43973129987716675,0.8579513430595398,0.9031221270561218
27149,0.556884765625,0.5903978943824768,0.8308104276657104,0.9297823905944824
27150,0.2774251401424408,0.317632257938385,0.8435737490653992,0.9816763401031494
27151,0.197998046875,0.2458658218383789,0.6871474981307983,0.8480743169784546
27152,0.946533203125,0.9498385787010193,1.0,0.9930838346481323
27153,0.466064453125,0.48620399832725525,0.8656565546989441,0.9364649653434753
27154,0.946533203125,0.9504114985466003,1.0,0.9936376214027405
27155,0.228759765625,0.228759765625,1.0,1.0
27156,0.956298828125,0.9589749574661255,1.0,1.0
27157,0.567138671875,0.5957550406455994,0.9225797057151794,0.9650660157203674
27158,0.1106770858168602,0.1398410201072693,0.5792374610900879,0.7127590179443359
27159,0.94140625,0.9443023800849915,0.8970906734466553,0.965756356716156
27160,0.2774251401424408,0.3140411376953125,1.0,1.0
27161,0.110107421875,0.1349082738161087,1.0,0.9671081304550171
27162,0.9375,0.9384765625,0.9596357941627502,0.9871886372566223
27163,0.940673828125,0.9501582980155945,0.7038999795913696,0.9207301139831543
27164,0.946533203125,0.9510459899902344,0.8793432712554932,0.9639322757720947
27165,0.9507649540901184,0.9538875222206116,0.8898733854293823,0.9479124546051025
27166,0.518798828125,0.5517092943191528,1.0,0.9922717809677124
27167,0.959228515625,0.9596208930015564,0.8722942471504211,0.9362574815750122
27168,0.23828125,0.31730368733406067,0.43299248814582825,0.619463324546814
27169,0.146728515625,0.21499142050743103,0.48975956439971924,0.6773233413696289
27170,0.943115234375,0.9462517499923706,0.9313938021659851,0.9686641693115234
27171,0.228759765625,0.26761966943740845,1.0,0.9539960026741028
27172,0.110107421875,0.12298202514648438,1.0,1.0
27173,0.228759765625,0.24828624725341797,1.0,1.0
27174,0.518798828125,0.5347297191619873,1.0,0.9720621109008789
27175,0.110107421875,0.155360147356987,1.0,1.0
27176,0.556884765625,0.590125322341919,0.8308104276657104,0.876579999923706
27177,0.304931640625,0.371407151222229,1.0,0.943237841129303
27178,0.488037109375,0.5670570731163025,0.6121358871459961,0.9076326489448547
27179,0.110107421875,0.20505762100219727,0.2620770037174225,0.6148402690887451
27180,0.943115234375,0.9478740692138672,0.9313938021659851,0.9683199524879456
27181,0.304931640625,0.3481471538543701,1.0,0.9807531237602234
27183,0.9507649540901184,0.9541302919387817,0.974961519241333,0.9770261645317078
27184,0.518798828125,0.5511142015457153,1.0,0.9893782734870911
27185,0.431884765625,0.4531398415565491,0.8451594114303589,0.8632069230079651
27187,0.091796875,0.17441177368164062,0.30242785811424255,0.7092306613922119
27188,0.197998046875,0.2556079030036926,0.6871474981307983,0.8336877822875977
27189,0.959228515625,0.9594389796257019,0.9394869804382324,0.9377667903900146
27190,0.166259765625,0.20850901305675507,0.8213136792182922,0.8871959447860718
27191,0.393798828125,0.45455870032310486,0.5977610945701599,0.8425092101097107
27192,0.146728515625,0.2164919078350067,0.48975956439971924,0.7835922241210938
27193,0.466064453125,0.4795827865600586,1.0,1.0
27194,0.580322265625,0.602523922920227,1.0,0.9961832761764526
27195,0.968017578125,0.9680669903755188,1.0,0.9717196822166443
27196,0.1875,0.1875,1.0,1.0
27197,0.304931640625,0.3316919803619385,1.0,1.0
27198,0.580322265625,0.6163153648376465,0.86592036485672,0.8530305624008179
27199,0.260498046875,0.31768667697906494,0.8026120662689209,0.8411985635757446
27200,0.304931640625,0.37373602390289307,0.6151177287101746,0.814285933971405
27201,0.0625,0.0625,1.0,1.0
27202,0.2774251401424408,0.33798936009407043,0.8435737490653992,0.970250129699707
27203,0.703369140625,0.7085871696472168,0.6423966884613037,0.8308610916137695
27204,0.304931640625,0.304931640625,1.0,1.0
27205,0.567138671875,0.6068518757820129,0.7988805174827576,0.909115195274353
27206,0.946533203125,0.9486672878265381,1.0,0.9900891780853271
27207,0.05078125,0.0748138427734375,0.5307212471961975,0.7606395483016968
27209,0.580322265625,0.6230205297470093,0.86592036485672,0.9719343781471252
27210,0.146728515625,0.2124006152153015,0.48975956439971924,0.7930392026901245
27212,0.51953125,0.51953125,0.9197208285331726,0.9197208285331726
27213,0.110107421875,0.110107421875,1.0,1.0
27214,0.9668782353401184,0.967535138130188,0.892719030380249,0.9712986946105957
27215,0.091796875,0.1158294677734375,0.7653606534004211,0.9558295607566833
27216,0.518798828125,0.5935850143432617,0.496870219707489,0.7642642259597778
27217,0.518798828125,0.5613349676132202,1.0,0.9976534247398376
27218,0.150390625,0.19545650482177734,0.7002755999565125,0.8107849359512329
27219,0.110107421875,0.155360147356987,1.0,0.9363793134689331
27220,0.518798828125,0.5500730276107788,1.0,1.0
27221,0.943115234375,0.9517541527748108,0.6126077175140381,0.8475185036659241
27222,0.260498046875,0.31500619649887085,0.8026120662689209,0.9396320581436157
27223,0.304931640625,0.3600511848926544,1.0,1.0
27224,0.110107421875,0.18372246623039246,0.3951442539691925,0.7666381001472473
27225,0.304931640625,0.34265080094337463,1.0,0.9903436899185181
27226,0.488037109375,0.5453581809997559,0.7069194316864014,0.9011500477790833
27227,0.946533203125,0.9546429514884949,0.7083972692489624,0.8858413100242615
27228,0.967041015625,0.9674229621887207,1.0,0.975448727607727
27229,0.940673828125,0.9453215003013611,0.9274492263793945,0.979777991771698
27230,0.304931640625,0.35843613743782043,1.0,0.9659827351570129
27232,0.08203125,0.108497753739357,0.7039180994033813,0.8738101124763489
27233,0.959228515625,0.9599926471710205,0.7631344795227051,0.9373142123222351
27234,0.166259765625,0.19757778942584991,0.8213136792182922,0.8690776824951172
27235,0.08203125,0.11411046981811523,0.7039180994033813,0.9068250060081482
27236,0.4375,0.4375,1.0,1.0
27237,0.0625,0.0708705335855484,0.6131471991539001,0.8175296187400818
27238,0.490234375,0.490234375,1.0,1.0
27239,0.304931640625,0.3633233904838562,1.0,0.9052115678787231
27240,0.304931640625,0.36563149094581604,1.0,0.9873300790786743
27241,0.503173828125,0.5055323839187622,0.6796846985816956,0.7060407996177673
27242,0.518798828125,0.5559174418449402,1.0,0.985374391078949
27243,0.260498046875,0.3509241044521332,0.49370092153549194,0.7663609981536865
27244,0.531982421875,0.5720956325531006,0.7462155222892761,0.9239501953125
27245,0.940673828125,0.9440348744392395,0.9274492263793945,0.954988420009613
27246,0.2774251401424408,0.3586480915546417,0.8435737490653992,0.9661160707473755
27247,0.2044270783662796,0.27278846502304077,0.5474918484687805,0.8778307437896729
27248,0.05078125,0.07309722900390625,0.5307212471961975,0.7486761212348938
27249,0.110107421875,0.1204071044921875,1.0,0.9828919768333435
27250,0.393798828125,0.44022127985954285,0.690318763256073,0.750150203704834
27251,0.166259765625,0.23139701783657074,0.2626707851886749,0.5768278241157532
27252,0.110107421875,0.16483241319656372,0.5158474445343018,0.7837250232696533
27253,0.260498046875,0.3313916325569153,0.8026120662689209,0.9402686953544617
27254,0.304931640625,0.3688770532608032,1.0,0.984291672706604
27255,0.110107421875,0.13491976261138916,1.0,0.970543622970581
27256,0.580322265625,0.5944126844406128,1.0,0.9900385141372681
27258,0.2774251401424408,0.360554963350296,0.5188971757888794,0.7910640239715576
27259,0.393798828125,0.46796345710754395,0.5977610945701599,0.8703978061676025
27260,0.499755859375,0.5503015518188477,0.7271926999092102,0.9176039695739746
27261,0.150390625,0.21926826238632202,0.4525081515312195,0.7902712225914001
27262,0.304931640625,0.3746241629123688,1.0,1.0
27263,0.499755859375,0.5325945019721985,0.9037794470787048,0.9372016191482544
27264,0.946533203125,0.9509352445602417,1.0,1.0
27265,0.0,0.025390625,0.0,0.4824755787849426
27266,0.110107421875,0.14381882548332214,1.0,0.9848331809043884
27268,0.9375,0.9416748285293579,0.7171369194984436,0.8649663329124451
27269,0.3599446713924408,0.3836480379104614,0.8075588941574097,0.837230920791626
27270,0.962158203125,0.9624323844909668,0.9625431895256042,0.9436649680137634
27271,0.953369140625,0.9567344784736633,1.0,0.9969067573547363
27273,0.03125,0.041015625,0.38685283064842224,0.6052602529525757
27274,0.110107421875,0.14018169045448303,1.0,1.0
27275,0.03125,0.0743408203125,0.15273310244083405,0.5199059844017029
27276,0.9375,0.9447423815727234,0.6545500159263611,0.8643564581871033
27277,0.518798828125,0.5593482255935669,1.0,0.9906249642372131
27278,0.2774251401424408,0.31376415491104126,0.8435737490653992,0.9700926542282104
27279,0.228759765625,0.2706893980503082,0.7660098671913147,0.925660252571106
27280,0.2044270783662796,0.25175997614860535,0.6490147709846497,0.8826552629470825
27281,0.580322265625,0.6084403991699219,0.86592036485672,0.9828920960426331
27282,0.228759765625,0.2980167269706726,0.6461858153343201,0.8927068710327148
27283,0.197998046875,0.23433706164360046,0.6871474981307983,0.8379316329956055
27284,0.3599446713924408,0.4493868052959442,0.40125197172164917,0.732395589351654
27285,0.518798828125,0.569050669670105,1.0,1.0
27286,0.967041015625,0.9674067497253418,0.9284793138504028,0.9896116852760315
27287,0.110107421875,0.13440535962581635,1.0,0.8752074837684631
27288,0.967041015625,0.9673938155174255,1.0,0.994481086730957
27289,0.110107421875,0.15363550186157227,1.0,0.9266361594200134
27290,0.968017578125,0.9680320024490356,1.0,1.0
27291,0.518798828125,0.5690506100654602,1.0,1.0
27292,0.260498046875,0.3165889382362366,0.8026120662689209,0.9004591703414917
27293,0.556884765625,0.6036922335624695,0.8308104276657104,0.9557129740715027
27294,0.110107421875,0.14018169045448303,1.0,1.0
27295,0.1875,0.1875,1.0,1.0
27296,0.2044270783662796,0.2044270783662796,0.963940441608429,0.963940441608429
27297,0.488037109375,0.5264903903007507,0.8785831332206726,0.9617470502853394
27299,0.304931640625,0.36104464530944824,1.0,0.9644842147827148
27300,0.304931640625,0.348499059677124,1.0,0.9058651328086853
27301,0.946533203125,0.956551194190979,0.575423002243042,0.8522855043411255
27302,0.146728515625,0.21956489980220795,0.48975956439971924,0.7819682359695435
27303,0.9375,0.9375,1.0,1.0
27304,0.1458333432674408,0.17300251126289368,0.4304550588130951,0.5685568451881409
27305,0.431884765625,0.4548526704311371,0.8451594114303589,0.870628297328949
27306,0.499755859375,0.5554274320602417,0.9037794470787048,0.975377082824707
27307,0.05078125,0.05078125,0.6934263706207275,0.6934263706207275
27309,0.966796875,0.966964602470398,0.9799711108207703,0.9929399490356445
27310,0.304931640625,0.3639143407344818,1.0,1.0
27311,0.197998046875,0.24375773966312408,0.6871474981307983,0.8308142423629761
27312,0.304931640625,0.38538557291030884,0.49493172764778137,0.7962926030158997
27313,0.228759765625,0.28399181365966797,0.6461858153343201,0.913068950176239
27314,0.260498046875,0.2944878935813904,0.9514426589012146,0.9294176697731018
27315,0.02083333395421505,0.0685388520359993,0.12103812396526337,0.5080510973930359
27316,0.110107421875,0.16363760828971863,0.5158474445343018,0.6997638940811157
27317,0.967041015625,0.9675434827804565,0.9284793138504028,0.9531084299087524
27318,0.967041015625,0.9674224257469177,0.9284793138504028,0.95423823595047
27319,0.091796875,0.091796875,1.0,1.0
27320,0.304931640625,0.37751758098602295,1.0,1.0
27321,0.2774251401424408,0.3421243131160736,0.8435737490653992,0.9302901029586792
27322,0.968017578125,0.9680747985839844,1.0,1.0
27323,0.110107421875,0.110107421875,1.0,1.0
27324,0.9444172978401184,0.9512676000595093,0.8315341472625732,0.9409148097038269
27325,0.261474609375,0.3497205376625061,0.22860826551914215,0.6387081146240234
27326,0.304931640625,0.3753248453140259,1.0,0.9981665015220642
27327,0.505615234375,0.5143146514892578,0.4607907235622406,0.7102778553962708
27328,0.14453125,0.2088823765516281,0.5307213068008423,0.7544407248497009
27329,0.2774251401424408,0.3045674264431,1.0,1.0
27330,0.304931640625,0.3522448241710663,1.0,0.9629901051521301
27331,0.03125,0.03125,0.6309297680854797,0.6309297680854797
27332,0.44921875,0.5225485563278198,0.5806522965431213,0.8775458335876465
27333,0.499755859375,0.5390070080757141,0.9037794470787048,0.9725441336631775
27334,0.091796875,0.13309918344020844,0.7653606534004211,0.9341087937355042
27335,0.2774251401424408,0.3176400065422058,0.8435737490653992,0.9532734751701355
27336,0.304931640625,0.35748738050460815,1.0,0.9746053814888
27338,0.518798828125,0.558879017829895,0.8046129941940308,0.9080190658569336
27339,0.304931640625,0.34247642755508423,1.0,0.976163387298584
27340,0.03125,0.0624106265604496,0.29608193039894104,0.6836128234863281
27341,0.03125,0.03125,0.6309297680854797,0.6309297680854797
27342,0.02083333395421505,0.02083333395421505,0.5,0.5
27343,0.110107421875,0.110107421875,1.0,1.0
27344,0.304931640625,0.37066736817359924,1.0,1.0
27345,0.959228515625,0.9597620964050293,0.8722942471504211,0.946613073348999
27346,0.2774251401424408,0.3248153626918793,0.8435737490653992,0.9831233620643616
27347,0.166259765625,0.26289787888526917,0.5307213068008423,0.7799082398414612
27348,0.304931640625,0.3540682792663574,1.0,0.8707211017608643
27349,0.518798828125,0.569050669670105,1.0,1.0
27350,0.228759765625,0.26083898544311523,0.7660098671913147,0.9065924882888794
27351,0.556884765625,0.585538923740387,0.9594535827636719,0.9580942988395691
27352,0.957763671875,0.9585061073303223,0.7236568927764893,0.9023100733757019
27353,0.393798828125,0.43932586908340454,0.8579513430595398,0.902096152305603
27354,0.393798828125,0.4454376697540283,0.690318763256073,0.8301558494567871
27355,0.946533203125,0.9491415619850159,1.0,0.9900779724121094
27356,0.146728515625,0.18586865067481995,0.58057701587677,0.7640388011932373
27358,0.08203125,0.08203125,0.9197208285331726,0.9197208285331726
27359,0.2774251401424408,0.36348584294319153,0.5188971757888794,0.8038126230239868
27360,0.1875,0.1875,1.0,1.0
27361,0.3599446713924408,0.4126739799976349,0.6497723460197449,0.8264704942703247
27362,0.110107421875,0.17145399749279022,0.5158474445343018,0.8032286167144775
27363,0.968017578125,0.9680758714675903,1.0,0.974188506603241
27364,0.110107421875,0.1174643412232399,1.0,0.9619990587234497
27365,0.606689453125,0.6271986961364746,1.0,0.9983270168304443
27366,0.304931640625,0.36721837520599365,1.0,0.9930614829063416
27367,0.110107421875,0.155360147356987,1.0,1.0
27368,0.091796875,0.091796875,1.0,1.0
27369,0.260498046875,0.30737432837486267,0.8026120662689209,0.9230276942253113
27370,0.110107421875,0.12298202514648438,1.0,1.0
27371,0.150390625,0.20473302900791168,0.5364180207252502,0.8012170195579529
27372,0.946533203125,0.9505524039268494,1.0,0.9951887130737305
27373,0.03125,0.041015625,0.38685283064842224,0.6052602529525757
27374,0.146728515625,0.21271538734436035,0.48975956439971924,0.7964106202125549
27375,0.304931640625,0.322759747505188,1.0,0.9929267764091492
27376,0.2044270783662796,0.3000979721546173,0.3367719352245331,0.7088574767112732
27377,0.304931640625,0.35718148946762085,1.0,0.9895544052124023
27378,0.953369140625,0.9562184810638428,1.0,0.9617041349411011
27379,0.951904296875,0.953411877155304,0.9521908760070801,0.9399911761283875
27380,0.518798828125,0.5558403730392456,1.0,0.9745839834213257
27381,0.2774251401424408,0.3366633355617523,0.8435737490653992,0.8808407187461853
27382,0.9673665165901184,0.9675664305686951,1.0,0.9877133369445801
27383,0.431884765625,0.452915757894516,0.8451594114303589,0.8617963194847107
27384,0.9507649540901184,0.9578050971031189,0.6379934549331665,0.9091166257858276
27385,0.260498046875,0.29718175530433655,0.8026120662689209,0.9248450398445129
27386,0.110107421875,0.1264420747756958,1.0,0.9609247446060181
27387,0.197998046875,0.24791447818279266,0.6871474981307983,0.813063383102417
27389,0.3599446713924408,0.4188055992126465,0.5626510977745056,0.8003371953964233
27390,0.091796875,0.091796875,1.0,1.0
27391,0.304931640625,0.3327227830886841,1.0,0.9309443831443787
27392,0.0625,0.0625,1.0,1.0
27393,0.110107421875,0.110107421875,1.0,1.0
27394,0.584228515625,0.5847764015197754,0.7139173746109009,0.8087085485458374
27395,0.956298828125,0.9593570232391357,1.0,0.9814383387565613
27396,0.9388020634651184,0.9397175908088684,0.9608869552612305,0.987585723400116
27397,0.228759765625,0.2600777745246887,1.0,1.0
27398,0.110107421875,0.1512162685394287,1.0,1.0
27399,0.304931640625,0.35593628883361816,1.0,0.9815686345100403
27400,0.197998046875,0.27178123593330383,0.6871474981307983,0.8676222562789917
27401,0.2044270783662796,0.2044270783662796,0.963940441608429,0.963940441608429
27402,0.110107421875,0.1588565558195114,1.0,1.0
27403,0.12109375,0.12109375,0.6885288953781128,0.6885288953781128
27404,0.150390625,0.1646728515625,0.4525081515312195,0.5510372519493103
27405,0.374755859375,0.3903944790363312,0.8428282141685486,0.8602870106697083
27406,0.946533203125,0.9483426809310913,1.0,1.0
27407,0.091796875,0.091796875,1.0,1.0
27408,0.9375,0.9413554072380066,0.7531440854072571,0.881904661655426
27409,0.606689453125,0.6318296790122986,1.0,0.8761345148086548
27410,0.110107421875,0.14548586308956146,1.0,0.9950883388519287
27411,0.110107421875,0.15042677521705627,0.5158474445343018,0.7385598421096802
27412,0.606689453125,0.6403005719184875,1.0,0.9961358904838562
27413,0.304931640625,0.37066736817359924,1.0,1.0
27414,0.08203125,0.12840639054775238,0.3631143569946289,0.6769984364509583
27415,0.146728515625,0.22335723042488098,0.48975956439971924,0.7948302030563354
27416,0.499755859375,0.5251054167747498,1.0,1.0
27417,0.304931640625,0.35718148946762085,1.0,0.9895544052124023
27418,0.490234375,0.557905375957489,0.6884825229644775,0.9201754927635193
27419,0.3599446713924408,0.4226018190383911,0.5626510977745056,0.8207299113273621
27420,0.0625,0.1055908203125,0.24207624793052673,0.6092491745948792
27421,0.263671875,0.3200724124908447,0.7653606534004211,0.8983867168426514
27422,0.946533203125,0.9487946033477783,1.0,0.9927091002464294
27423,0.228759765625,0.24689149856567383,1.0,0.9938070774078369
27425,0.1106770858168602,0.1695912778377533,0.37429505586624146,0.7101051211357117
27426,0.946533203125,0.9515102505683899,0.8793432712554932,0.9427239298820496
27427,0.260498046875,0.3462628126144409,0.49370092153549194,0.7818924784660339
27428,0.260498046875,0.31354576349258423,0.8026120662689209,0.8520103096961975
27429,0.9668782353401184,0.967094898223877,1.0,1.0
27430,0.110107421875,0.15885654091835022,1.0,1.0
27431,0.110107421875,0.16653242707252502,0.5158474445343018,0.7156505584716797
27432,0.393798828125,0.44497519731521606,0.690318763256073,0.810997486114502
27433,0.260498046875,0.3029889464378357,0.8026120662689209,0.9250689148902893
27434,0.393798828125,0.4395908713340759,0.8579513430595398,0.8556548357009888
27435,0.2774251401424408,0.33707162737846375,0.8435737490653992,0.9049248695373535
27436,0.9466145634651184,0.9540009498596191,0.6615661382675171,0.8825567960739136
27437,0.150390625,0.16014353930950165,0.7002755999565125,0.7635214924812317
27438,0.939453125,0.941591739654541,0.9690036177635193,0.9915158748626709
27439,0.0625,0.0831298828125,0.3631143569946289,0.5536002516746521
27440,0.110107421875,0.15885654091835022,1.0,1.0
27441,0.08203125,0.1060638427734375,0.7039180994033813,0.904717206954956
27442,0.110107421875,0.15885654091835022,1.0,1.0
27443,0.110107421875,0.1912844479084015,0.3333333134651184,0.6325740814208984
27444,0.110107421875,0.1715635359287262,0.3951442539691925,0.7295770645141602
27446,0.304931640625,0.3643421232700348,1.0,0.9958981275558472
27448,0.260498046875,0.31579113006591797,0.8026120662689209,0.9293621182441711
27449,0.0625,0.0625,1.0,1.0
27451,0.488037109375,0.5272883176803589,0.8785831332206726,0.9533838033676147
27452,0.4375,0.47976234555244446,0.6735438704490662,0.8751611709594727
27453,0.374755859375,0.4278576076030731,0.7617307901382446,0.8433161377906799
27454,0.2774251401424408,0.3498000204563141,0.8435737490653992,0.9602177143096924
27455,0.2774251401424408,0.3045674264431,1.0,1.0
27456,0.956298828125,0.9596234560012817,1.0,1.0
27457,0.12109375,0.18818071484565735,0.3910655975341797,0.7402850985527039
27458,0.110107421875,0.12472546100616455,1.0,0.950531005859375
27459,0.951904296875,0.9567707777023315,0.8690900206565857,0.9776370525360107
27460,0.1875,0.1875,1.0,1.0
27461,0.260498046875,0.32609838247299194,0.8026120662689209,0.9336983561515808
27462,0.518798828125,0.5563511848449707,1.0,0.9871519207954407
27463,0.2774251401424408,0.34594494104385376,0.8435737490653992,0.9393462538719177
27464,0.499755859375,0.5185467004776001,1.0,1.0
27465,0.431884765625,0.4821165204048157,0.7318407297134399,0.888728678226471
27466,0.110107421875,0.1588565558195114,1.0,1.0
27467,0.431884765625,0.4553208351135254,0.8451594114303589,0.8691384196281433
27468,0.959228515625,0.959550142288208,0.9394869804382324,0.9443086981773376
27469,0.08203125,0.093017578125,0.7039180994033813,0.885459840297699
27470,0.9375,0.9375,1.0,1.0
27471,0.02083333395421505,0.05803530663251877,0.23463936150074005,0.6501774787902832
27472,0.946533203125,0.949465274810791,1.0,0.9332959651947021
27473,0.967041015625,0.9674249291419983,1.0,1.0
27475,0.110107421875,0.110107421875,1.0,1.0
27476,0.2774251401424408,0.3045674264431,1.0,1.0
27477,0.580322265625,0.6079619526863098,1.0,0.9859793186187744
27478,0.212890625,0.2503826916217804,0.8789618015289307,0.9647091627120972
27479,0.110107421875,0.12298202514648438,1.0,1.0
27480,0.946533203125,0.9521238207817078,0.8793432712554932,0.9668872356414795
27481,0.940673828125,0.9536793828010559,0.6212818622589111,0.8808004856109619
27482,0.393798828125,0.43195852637290955,0.8579513430595398,0.8963818550109863
27483,0.304931640625,0.36053135991096497,1.0,0.8794283270835876
27484,0.580322265625,0.5921385884284973,1.0,0.9888924956321716
27485,0.304931640625,0.304931640625,1.0,1.0
27486,0.02083333395421505,0.0464681014418602,0.23463936150074005,0.6182885766029358
27487,0.228759765625,0.28758591413497925,0.6461858153343201,0.9000054597854614
27488,0.580322265625,0.6049957871437073,1.0,0.9850874543190002
27490,0.166259765625,0.166259765625,0.8213136792182922,0.8213136792182922
27491,0.110107421875,0.13263797760009766,1.0,1.0
27492,0.110107421875,0.1588565558195114,0.5158474445343018,0.6943559050559998
27493,0.518798828125,0.5518615245819092,1.0,0.9634518027305603
27494,0.0625,0.1119668185710907,0.24207624793052673,0.6248016357421875
27495,0.228759765625,0.2539413571357727,1.0,0.9232250452041626
27496,0.3599446713924408,0.3949540853500366,0.8075588941574097,0.855599582195282
27497,0.606689453125,0.6150321960449219,1.0,1.0
27499,0.488037109375,0.5325905084609985,0.7069194316864014,0.8568142056465149
27500,0.261474609375,0.28408247232437134,0.6151177287101746,0.7126502990722656
27501,0.197998046875,0.25038376450538635,0.6871474981307983,0.848487138748169
27502,0.499755859375,0.5424935817718506,0.9037794470787048,0.9641280174255371
27503,0.08203125,0.13924086093902588,0.3631143569946289,0.712726354598999
27504,0.304931640625,0.3391525149345398,1.0,0.9785508513450623
27505,0.2774251401424408,0.3083024322986603,1.0,0.9599500298500061
27506,0.03125,0.16695117950439453,0.0488467775285244,0.5067486763000488
27507,0.02083333395421505,0.0446370467543602,0.23463936150074005,0.6039072275161743
27508,0.2774251401424408,0.3483187258243561,0.8435737490653992,0.9650594592094421
27509,0.278564453125,0.33457183837890625,0.45805788040161133,0.7225701212882996
27510,0.260498046875,0.34677568078041077,0.397238165140152,0.7252839207649231
27511,0.08203125,0.08203125,0.9197208285331726,0.9197208285331726
27512,0.091796875,0.091796875,1.0,1.0
27513,0.967041015625,0.9673925638198853,1.0,0.9985110759735107
27514,0.304931640625,0.33642545342445374,1.0,0.9896001815795898
27515,0.1106770858168602,0.2100575864315033,0.2302355170249939,0.6068373918533325
27516,0.967041015625,0.9673323631286621,1.0,0.9872978925704956
27517,0.967041015625,0.967596709728241,0.9284793138504028,0.9611746668815613
27518,0.9507649540901184,0.9549626708030701,0.8898733854293823,0.9068512916564941
27519,0.110107421875,0.19664889574050903,0.2620770037174225,0.6336382627487183
27520,0.260498046875,0.34045594930648804,0.8026120662689209,0.942794919013977
27521,0.228759765625,0.23991775512695312,1.0,1.0
27522,0.393798828125,0.4301977753639221,0.8579513430595398,0.7988460659980774
27523,0.1106770858168602,0.1289549320936203,0.5792374610900879,0.6920366883277893
27524,0.393798828125,0.4610077142715454,0.5977610945701599,0.8490475416183472
27525,0.110107421875,0.16584935784339905,0.3951442539691925,0.6561709046363831
27526,0.263671875,0.3235021233558655,0.7653606534004211,0.8236361145973206
27527,0.0625,0.1005859375,0.3065735995769501,0.5706417560577393
27528,0.943115234375,0.9482271671295166,0.9313938021659851,0.9707456231117249
27529,0.518798828125,0.5537036061286926,1.0,0.990112841129303
27530,0.365234375,0.3699951171875,0.789595901966095,0.8275193572044373
27531,0.706298828125,0.7097667455673218,0.7139173746109009,0.8269162178039551
27532,0.146728515625,0.24612745642662048,0.3012597858905792,0.6805075407028198
27533,0.228759765625,0.28557682037353516,0.6461858153343201,0.8311313390731812
27534,0.946533203125,0.9529027342796326,0.8793432712554932,0.9642210602760315
27535,0.228759765625,0.23619842529296875,1.0,0.9836748242378235
27536,0.146728515625,0.18897776305675507,0.7579237222671509,0.8471779823303223
27537,0.9507649540901184,0.9539808630943298,0.974961519241333,0.9764998555183411
27538,0.4375,0.4375,1.0,1.0
27539,0.946533203125,0.9499741792678833,1.0,0.9882945418357849
27540,0.228759765625,0.24472466111183167,1.0,0.9577903151512146
27541,0.146728515625,0.1980275809764862,0.48975956439971924,0.7052732110023499
27542,0.488037109375,0.5242889523506165,0.8785831332206726,0.9687236547470093
27543,0.940673828125,0.946097731590271,0.8770246505737305,0.9522294998168945
27544,0.304931640625,0.35157614946365356,1.0,0.9763733148574829
27545,0.146728515625,0.21930983662605286,0.48975956439971924,0.781073808670044
27546,0.2044270783662796,0.2044270783662796,0.963940441608429,0.963940441608429
27547,0.150390625,0.1781926155090332,0.7002755999565125,0.8217762112617493
27549,0.966796875,0.9671791791915894,0.9422276020050049,0.9730628728866577
27550,0.08203125,0.1060638427734375,0.7039180994033813,0.904717206954956
27551,0.940673828125,0.9441335201263428,0.9274492263793945,0.9762341976165771
27552,0.940673828125,0.9468661546707153,0.8770246505737305,0.9641968011856079
27554,0.431884765625,0.4569275975227356,0.8451594114303589,0.8743645548820496
27555,0.466064453125,0.4932160973548889,1.0,1.0
27556,0.0625,0.1421710103750229,0.23463936150074005,0.6656603813171387
27557,0.304931640625,0.3663724660873413,1.0,0.9172443151473999
27558,0.304931640625,0.3574824333190918,1.0,1.0
27560,0.08203125,0.10794904828071594,0.7039180994033813,0.7725664973258972
27561,0.304931640625,0.36505645513534546,1.0,0.9299635887145996
27562,0.956298828125,0.957905113697052,1.0,0.9874847531318665
27563,0.3599446713924408,0.3599446713924408,0.8075588941574097,0.8075588941574097
27564,0.278564453125,0.30244359374046326,0.7276545763015747,0.7742770910263062
27565,0.2774251401424408,0.29799601435661316,1.0,0.9918496012687683
27566,0.44921875,0.4728197455406189,0.7984848022460938,0.9155517220497131
27567,0.9444172978401184,0.9465559124946594,0.9456308484077454,0.9834344387054443
27568,0.556884765625,0.6052832007408142,0.8308104276657104,0.9317732453346252
27569,0.0625,0.0820661261677742,0.4692787230014801,0.671526312828064
27570,0.260498046875,0.2967466711997986,0.8026120662689209,0.9246577620506287
27572,0.110107421875,0.1483735889196396,1.0,0.9052116274833679
27574,0.4375,0.4814649224281311,0.6735438704490662,0.895645022392273
27575,0.518798828125,0.5566737651824951,1.0,0.9751207828521729
27577,0.0,0.0069444444961845875,0.0,0.3010300099849701
27578,0.518798828125,0.5574854612350464,1.0,0.971114993095398
27579,0.2774251401424408,0.32094722986221313,0.8435737490653992,0.9724546074867249
27580,0.228759765625,0.2664840817451477,1.0,0.9929221868515015
27581,0.304931640625,0.37751761078834534,1.0,1.0
27582,0.939453125,0.939453125,1.0,1.0
27583,0.3599446713924408,0.39344513416290283,0.8075588941574097,0.8398985862731934
27585,0.393798828125,0.443398118019104,0.690318763256073,0.8478572368621826
27586,0.518798828125,0.5605152249336243,1.0,1.0
27587,0.228759765625,0.2679787874221802,1.0,1.0
27588,0.228759765625,0.2785239815711975,0.6461858153343201,0.8125743865966797
27589,0.197998046875,0.24096742272377014,0.6871474981307983,0.8502612113952637
27590,0.9668782353401184,0.9671881198883057,0.9614850282669067,0.9951140284538269
27591,0.580322265625,0.5923728942871094,1.0,1.0
27592,0.9444172978401184,0.9471453428268433,0.9456308484077454,0.9819610714912415
27593,0.393798828125,0.4032273292541504,0.8579513430595398,0.8655767440795898
27594,0.2774251401424408,0.35556915402412415,0.8435737490653992,0.8910656571388245
27596,0.2774251401424408,0.34691211581230164,0.8435737490653992,0.9170553088188171
27597,0.261474609375,0.3463895916938782,0.2789600193500519,0.5496041178703308
27598,0.0,0.010416666977107525,0.0,0.3562071919441223
27599,0.499755859375,0.5316560864448547,0.9037794470787048,0.9775419235229492
27600,0.05078125,0.06203460693359375,0.5307212471961975,0.5837030410766602
27601,0.953369140625,0.9571468234062195,0.912726640701294,0.9828810095787048
27602,0.531982421875,0.5555620789527893,0.8617600202560425,0.916205108165741
27603,0.0625,0.17379656434059143,0.15642623603343964,0.5641230344772339
27604,0.212890625,0.212890625,1.0,1.0
27605,0.344482421875,0.3491172790527344,0.7482483983039856,0.7570297122001648
27606,0.455078125,0.5091412663459778,0.7342523336410522,0.9042834639549255
27607,0.943359375,0.9446233510971069,0.97125244140625,0.9820453524589539
27608,0.3599446713924408,0.3930065631866455,0.6497723460197449,0.7787098288536072
27610,0.278564453125,0.3075926601886749,0.6298989057540894,0.7442322969436646
27611,0.466064453125,0.5161659717559814,0.7823625802993774,0.9324920773506165
27612,0.228759765625,0.28471627831459045,0.7660098671913147,0.9374595284461975
27613,0.959228515625,0.9593772888183594,0.9394869804382324,0.9423553943634033
27614,0.940673828125,0.940673828125,1.0,1.0
27615,0.228759765625,0.26768723130226135,0.7660098671913147,0.9033920764923096
27616,0.08203125,0.093017578125,0.7039180994033813,0.885459840297699
27617,0.05078125,0.07809552550315857,0.5307212471961975,0.7333091497421265
27618,0.943359375,0.9444900751113892,0.97125244140625,0.9894735217094421
27619,0.166259765625,0.19985802471637726,0.8213136792182922,0.7880452871322632
27620,0.02083333395421505,0.02669270895421505,0.3065735995769501,0.4838128983974457
27622,0.03125,0.03125,0.6309297680854797,0.6309297680854797
27623,0.197998046875,0.2166348695755005,0.8145672082901001,0.8328883647918701
27624,0.228759765625,0.228759765625,1.0,1.0
27625,0.967041015625,0.9673414826393127,1.0,0.9979379177093506
27626,0.962158203125,0.9625999331474304,0.8420895934104919,0.9420993328094482
27627,0.146728515625,0.2547692358493805,0.24239754676818848,0.6437023878097534
27628,0.12109375,0.1980561912059784,0.3910655975341797,0.6512637734413147
27629,0.228759765625,0.3048974573612213,0.6461858153343201,0.9085891246795654
27630,0.3059895932674408,0.330094575881958,0.625433623790741,0.6624032855033875
27631,0.110107421875,0.18601876497268677,0.16497723758220673,0.31053540110588074
27632,0.606689453125,0.6266837120056152,1.0,1.0
27633,0.344482421875,0.3754920959472656,0.690318763256073,0.7652144432067871
27634,0.966796875,0.9669681787490845,0.9799711108207703,0.9936235547065735
27635,0.197998046875,0.2532273828983307,0.6871474981307983,0.757099449634552
27636,0.304931640625,0.37491902709007263,1.0,0.953712522983551
27637,0.110107421875,0.1822969764471054,0.2620770037174225,0.5627515912055969
27638,0.197998046875,0.24482890963554382,0.6871474981307983,0.7329092621803284
27639,0.499755859375,0.5367586016654968,0.9037794470787048,0.9774640202522278
27640,0.946533203125,0.9513942003250122,1.0,0.9708629250526428
27641,0.940673828125,0.9458742737770081,0.8770246505737305,0.9664612412452698
27642,0.12109375,0.18554145097732544,0.46358197927474976,0.7681893706321716
27643,0.1875,0.1875,1.0,1.0
27644,0.091796875,0.091796875,1.0,1.0
27645,0.304931640625,0.3574824333190918,1.0,1.0
27646,0.166259765625,0.20638291537761688,0.6291344165802002,0.7642741799354553
27647,0.946533203125,0.9502626657485962,1.0,0.9965342879295349
27648,0.9444172978401184,0.9463991522789001,1.0,0.9978442788124084
27649,0.304931640625,0.3742768466472626,1.0,0.9510906934738159
27650,0.556884765625,0.599017858505249,0.8308104276657104,0.9406481385231018
27651,0.304931640625,0.3449372947216034,1.0,0.9838137626647949
27652,0.0,0.012500000186264515,0.0,0.38685280084609985
27653,0.110107421875,0.1588565558195114,1.0,1.0
27654,0.110107421875,0.1483735889196396,1.0,0.9667147397994995
27655,0.228759765625,0.2734212875366211,0.7660098671913147,0.9212546944618225
27656,0.166259765625,0.18829865753650665,0.8213136792182922,0.8430811166763306
27657,0.304931640625,0.33977779746055603,1.0,1.0
27658,0.556884765625,0.582071840763092,0.9594535827636719,0.9681392908096313
27659,0.556884765625,0.6011279225349426,0.8308104276657104,0.895987868309021
27660,0.9466145634651184,0.950054943561554,0.8844688534736633,0.9407972097396851
27661,0.197998046875,0.2542518675327301,0.6871474981307983,0.8581435680389404
27662,0.228759765625,0.27921998500823975,0.6461858153343201,0.8753073215484619
27663,0.110107421875,0.1512162685394287,1.0,1.0
27664,0.228759765625,0.25482413172721863,1.0,1.0
27665,0.05078125,0.10278031975030899,0.5307212471961975,0.8328978419303894
27666,0.110107421875,0.11869049072265625,0.5158474445343018,0.4688582718372345
27667,0.2774251401424408,0.3113465905189514,0.8435737490653992,0.9619923830032349
27668,0.9507649540901184,0.9575825929641724,0.7292529344558716,0.924476683139801
27669,0.450927734375,0.4621659815311432,0.42870715260505676,0.677524745464325
27670,0.946533203125,0.9515246748924255,1.0,1.0
27671,0.9507649540901184,0.955207884311676,0.8898733854293823,0.9446545839309692
27673,0.374755859375,0.43819743394851685,0.6128985285758972,0.8402803540229797
27674,0.23828125,0.2835933268070221,0.7039180994033813,0.8838242888450623
27675,0.263671875,0.263671875,1.0,1.0
27676,0.518798828125,0.548851490020752,1.0,1.0
27677,0.304931640625,0.35388097167015076,0.6151177287101746,0.6629253029823303
27678,0.21875,0.22265625,0.4702019691467285,0.48023155331611633
27679,0.951171875,0.951171875,1.0,1.0
27680,0.166259765625,0.2325543761253357,0.5307213068008423,0.7519399523735046
27681,0.518798828125,0.5786575675010681,0.8046129941940308,0.949185311794281
27682,0.304931640625,0.3592365086078644,1.0,1.0
27683,0.374755859375,0.4167343080043793,0.7617307901382446,0.8663897514343262
27684,0.967041015625,0.9672021865844727,1.0,0.9968293309211731
27685,0.304931640625,0.3469425439834595,1.0,0.8686742186546326
27686,0.940673828125,0.9489567875862122,0.771205723285675,0.9331895112991333
27687,0.951904296875,0.9540455341339111,0.9521908760070801,0.9937236309051514
27688,0.956298828125,0.9589730501174927,1.0,1.0
27689,0.44921875,0.5018247961997986,0.7216541767120361,0.8828399777412415
27690,0.2044270783662796,0.2633412480354309,0.5474918484687805,0.872370183467865
27691,0.9507649540901184,0.9538893699645996,0.974961519241333,0.9764297008514404
27693,0.091796875,0.091796875,1.0,1.0
27694,0.263671875,0.28043365478515625,0.90728360414505,0.9753080606460571
27695,0.32421875,0.32678842544555664,0.5040583610534668,0.5569595694541931
27696,0.9444172978401184,0.9486268162727356,0.9456308484077454,0.9359192848205566
27698,0.110107421875,0.23266145586967468,0.20503923296928406,0.6579413414001465
27699,0.110107421875,0.17164243757724762,0.5158474445343018,0.8039339184761047
27700,0.197998046875,0.27844545245170593,0.34009110927581787,0.5493842959403992
27701,0.580322265625,0.607750415802002,1.0,1.0
27702,0.304931640625,0.36518868803977966,1.0,1.0
27703,0.212890625,0.2790071368217468,0.5679726600646973,0.8854807019233704
27704,0.304931640625,0.36518868803977966,1.0,1.0
27705,0.556884765625,0.5973917245864868,0.8308104276657104,0.7941076159477234
27706,0.110107421875,0.1588565558195114,1.0,1.0
27707,0.228759765625,0.27100902795791626,1.0,1.0
27708,0.9444172978401184,0.9451611638069153,1.0,1.0
27710,0.260498046875,0.34763288497924805,0.49370092153549194,0.7312198281288147
27711,0.962158203125,0.9625447988510132,0.9625431895256042,0.9610547423362732
27712,0.2774251401424408,0.35155951976776123,0.8435737490653992,0.9542524218559265
27713,0.951171875,0.9545965194702148,0.9282863140106201,0.9763420820236206
27714,0.304931640625,0.3600511848926544,1.0,1.0
27716,0.531982421875,0.5614132285118103,0.8617600202560425,0.9277862310409546
27717,0.0,0.015625,0.0,0.2640681564807892
27718,0.571533203125,0.5733426809310913,0.7592076063156128,0.7774434685707092
27719,0.304931640625,0.37269333004951477,1.0,0.9976812601089478
27720,0.260498046875,0.3211335837841034,0.8026120662689209,0.9402880072593689
27721,0.946533203125,0.950494647026062,1.0,0.9123956561088562
27722,0.21875,0.27544885873794556,0.42495885491371155,0.6813722848892212
27723,0.110107421875,0.14018169045448303,1.0,1.0
27724,0.518798828125,0.5619806051254272,1.0,0.8896580934524536
27725,0.2774251401424408,0.35431763529777527,0.5188971757888794,0.7782354950904846
27726,0.228759765625,0.2969491183757782,0.6461858153343201,0.7920746207237244
27727,0.05078125,0.061767578125,0.5307212471961975,0.7122630476951599
27728,0.08203125,0.12474428117275238,0.3631143569946289,0.6646125316619873
27729,0.393798828125,0.4301801323890686,0.8579513430595398,0.8938995003700256
27730,0.580322265625,0.6111165285110474,1.0,0.960477352142334
27731,0.2774251401424408,0.3551662862300873,0.5188971757888794,0.7831637263298035
27732,0.304931640625,0.3574824333190918,1.0,1.0
27733,0.9444172978401184,0.9531082510948181,0.7589633464813232,0.9221864342689514
27734,0.304931640625,0.36891865730285645,0.6151177287101746,0.7701830267906189
27735,0.9673665165901184,0.9677039980888367,1.0,0.9797110557556152
27736,0.166259765625,0.2175588309764862,0.5307213068008423,0.7350116968154907
27737,0.968017578125,0.9680547118186951,1.0,0.9744333028793335
27738,0.2774251401424408,0.3365863263607025,0.8435737490653992,0.9655176401138306
27739,0.110107421875,0.23082005977630615,0.1428571492433548,0.609588623046875
27741,0.110107421875,0.1546630859375,0.5158474445343018,0.6807836890220642
27742,0.431884765625,0.4604680836200714,0.7318407297134399,0.8556715846061707
27743,0.110107421875,0.152557834982872,1.0,0.9216017723083496
27744,0.606689453125,0.6266837120056152,1.0,1.0
27745,0.967041015625,0.9675067663192749,0.9284793138504028,0.9845107793807983
27746,0.197998046875,0.2387671172618866,0.6871474981307983,0.8098400235176086
27747,0.2774251401424408,0.32529810070991516,0.8435737490653992,0.8082637786865234
27748,0.05078125,0.1078801155090332,0.2737712264060974,0.6397990584373474
27749,0.110107421875,0.15202531218528748,0.5158474445343018,0.7438154816627502
27750,0.110107421875,0.13263797760009766,1.0,1.0
27751,0.1106770858168602,0.1591794788837433,0.4437016248703003,0.6432506442070007
27752,0.946533203125,0.9500211477279663,1.0,0.9153779149055481
27753,0.08203125,0.1302037239074707,0.3631143569946289,0.6842838525772095
27754,0.947998046875,0.9488992691040039,0.9605564475059509,0.9621117115020752
27755,0.499755859375,0.5148341059684753,1.0,0.9978352785110474
27756,0.05078125,0.06451416015625,0.5307212471961975,0.732828676700592
27757,0.951904296875,0.9549817442893982,0.9521908760070801,0.9892928600311279
27758,0.956298828125,0.959251344203949,1.0,0.9899148941040039
27759,0.110107421875,0.1512162685394287,1.0,1.0
27760,0.304931640625,0.36518868803977966,1.0,1.0
27761,0.260498046875,0.30484330654144287,0.8026120662689209,0.9029607772827148
27762,0.304931640625,0.39269590377807617,0.4285714626312256,0.6552473306655884
27763,0.556884765625,0.6035966873168945,0.8308104276657104,0.9382736682891846
27764,0.9507649540901184,0.9555091857910156,0.8898733854293823,0.9614340662956238
27765,0.0625,0.0771484375,0.6131471991539001,0.8772153258323669
27766,0.518798828125,0.5246009826660156,1.0,1.0
27768,0.9375,0.9412787556648254,0.8624263405799866,0.9383102059364319
27769,0.606689453125,0.6180444955825806,1.0,0.9889383912086487
27770,0.228759765625,0.27897757291793823,0.7660098671913147,0.9323448538780212
27771,0.02083333395421505,0.10895589739084244,0.09271639585494995,0.610494077205658
27772,0.1875,0.1875,1.0,1.0
27773,0.956298828125,0.9595093131065369,0.8195018768310547,0.9138762950897217
27774,0.9444172978401184,0.9484230279922485,0.9456308484077454,0.9815118312835693
27775,0.967041015625,0.9672352075576782,1.0,0.9947431683540344
27776,0.967041015625,0.9673947691917419,1.0,0.9918287396430969
27777,0.08203125,0.12481984496116638,0.7039180994033813,0.8337332010269165
27778,0.9444172978401184,0.9508598446846008,0.9456308484077454,0.9609842300415039
27779,0.323974609375,0.3628837466239929,0.6861420273780823,0.780064582824707
27780,0.393798828125,0.43888863921165466,0.690318763256073,0.8368129134178162
27781,0.940673828125,0.9453669190406799,0.8770246505737305,0.9575697779655457
27782,0.953369140625,0.9587650299072266,0.7479812502861023,0.9120818376541138
27784,0.212890625,0.2337188720703125,0.8789618015289307,0.9751957654953003
27785,0.567138671875,0.6141824722290039,0.7988805174827576,0.9629392623901367
27786,0.0625,0.091796875,0.24207624793052673,0.4180334806442261
27788,0.304931640625,0.35701119899749756,1.0,0.8147546648979187
27789,0.0,0.10287322849035263,0.0,0.3129834830760956
27790,0.02083333395421505,0.04749806970357895,0.12103812396526337,0.3102392256259918
27791,0.393798828125,0.4521191716194153,0.690318763256073,0.8717247247695923
27793,0.304931640625,0.36471623182296753,1.0,0.9786790013313293
27794,0.304931640625,0.37066733837127686,1.0,1.0
27796,0.531982421875,0.5452579855918884,0.8617600202560425,0.9192360043525696
27798,0.1875,0.24298478662967682,0.4692787230014801,0.7297709584236145
27799,0.499755859375,0.5241918563842773,0.9037794470787048,0.9876322150230408
27800,0.967041015625,0.9674249291419983,1.0,1.0
27801,0.2774251401424408,0.36542806029319763,0.5188971757888794,0.8085455298423767
27802,0.304931640625,0.3636011481285095,1.0,0.9926938414573669
27803,0.466064453125,0.5207003355026245,0.7823625802993774,0.9208502173423767
27804,0.260498046875,0.27566322684288025,0.9514426589012146,0.9301535487174988
27806,0.110107421875,0.16805106401443481,0.5158474445343018,0.7940199971199036
27807,0.212890625,0.25213366746902466,0.67329341173172,0.7286415100097656
27808,0.260498046875,0.2859366536140442,0.8026120662689209,0.7244538068771362
27809,0.110107421875,0.14710646867752075,0.5158474445343018,0.721828818321228
27810,0.499755859375,0.5276455283164978,0.9037794470787048,0.9809834361076355
27811,0.9444172978401184,0.9500331282615662,0.8315341472625732,0.9419564604759216
27812,0.228759765625,0.2987831234931946,0.6461858153343201,0.926400363445282
27813,0.25390625,0.290894091129303,0.5692896842956543,0.7111836671829224
27814,0.110107421875,0.16584935784339905,0.5158474445343018,0.7827069163322449
27815,0.953369140625,0.9569125771522522,0.912726640701294,0.9745168685913086
27816,0.946533203125,0.9484672546386719,1.0,1.0
27817,0.304931640625,0.3600289821624756,1.0,0.9805079102516174
27818,0.946533203125,0.948799192905426,1.0,1.0
27819,0.706298828125,0.7089406847953796,0.871160089969635,0.8834993243217468
27820,0.2774251401424408,0.3127215802669525,0.8435737490653992,0.9807710647583008
27821,0.9444172978401184,0.9496870636940002,0.9456308484077454,0.8804695010185242
27822,0.939453125,0.9457956552505493,0.8498401045799255,0.8962927460670471
27823,0.304931640625,0.36982083320617676,1.0,1.0
27824,0.431884765625,0.4688209295272827,0.7318407297134399,0.8747291564941406
27826,0.0,0.03750000149011612,0.0,0.38685283064842224
27827,0.263671875,0.2887440323829651,0.90728360414505,0.9588277339935303
27828,0.110107421875,0.23180434107780457,0.20503923296928406,0.6513900756835938
27829,0.166259765625,0.3419981002807617,0.1306730955839157,0.5845730304718018
27830,0.9444172978401184,0.95130854845047,0.8315341472625732,0.9541165828704834
27831,0.488037109375,0.5150274038314819,0.8785831332206726,0.949424147605896
27832,0.953369140625,0.9571569561958313,0.912726640701294,0.9717201590538025
27833,0.946533203125,0.9521319270133972,0.8793432712554932,0.9572026133537292
27834,0.953369140625,0.9559326767921448,1.0,1.0
27835,0.499755859375,0.5198402404785156,0.9037794470787048,0.9871901273727417
27836,0.0625,0.07265625149011612,0.41311731934547424,0.5196610689163208
27838,0.946533203125,0.9521167278289795,1.0,1.0
27839,0.393798828125,0.4273330569267273,0.8579513430595398,0.8710280060768127
27840,0.466064453125,0.5168421864509583,0.7823625802993774,0.9329595565795898
27841,0.228759765625,0.30105912685394287,0.6461858153343201,0.9288164973258972
27842,0.946533203125,0.9501899480819702,1.0,0.995101273059845
27843,0.14453125,0.2314937263727188,0.2626707851886749,0.49877697229385376
27844,0.956298828125,0.9595568776130676,1.0,0.9313521981239319
27845,0.304931640625,0.36548948287963867,1.0,0.8905526995658875
27846,0.953369140625,0.957080602645874,1.0,0.9691985845565796
27847,0.953369140625,0.9556781649589539,1.0,0.9974166750907898
27848,0.9673665165901184,0.9678470492362976,0.8748590350151062,0.9340416193008423
27849,0.946533203125,0.9510462284088135,1.0,0.9685908555984497
27850,0.943115234375,0.9479398131370544,0.9313938021659851,0.9699554443359375
27851,0.956298828125,0.9595568776130676,1.0,0.9313521981239319
27852,0.9507649540901184,0.9542025923728943,0.974961519241333,0.9324154853820801
27853,0.956298828125,0.9595568776130676,1.0,0.9313521981239319
27854,0.953369140625,0.9569865465164185,0.912726640701294,0.9523249268531799
27855,0.518798828125,0.542923092842102,1.0,1.0
27856,0.946533203125,0.9517863988876343,1.0,0.9722045660018921
27857,0.956298828125,0.9595568776130676,1.0,0.9313521981239319
27858,0.08984375,0.10833856463432312,0.5158474445343018,0.4752054810523987
27859,0.14453125,0.16129302978515625,0.5307213068008423,0.3357035219669342
27860,0.304931640625,0.3746958076953888,0.6151177287101746,0.7202731370925903
27861,0.606689453125,0.6330735683441162,1.0,0.8066692352294922
27862,0.166259765625,0.2820639908313751,0.22745199501514435,0.41781485080718994
27863,0.08203125,0.18131893873214722,0.14433082938194275,0.4126032888889313
27864,0.956298828125,0.960259735584259,1.0,0.9407012462615967
27865,0.304931640625,0.36120426654815674,0.49493172764778137,0.5592427253723145
27866,0.939453125,0.9468554258346558,0.6820816993713379,0.6480201482772827
27867,0.606689453125,0.6409246325492859,1.0,0.9134871959686279
27868,0.19921875,0.2873672842979431,0.30167919397354126,0.520307183265686
27869,0.431884765625,0.44953033328056335,0.7318407297134399,0.5531884431838989
27870,0.606689453125,0.6317369937896729,1.0,0.787352979183197
27871,0.531982421875,0.5777502655982971,0.7462155222892761,0.8250259160995483
27872,0.44921875,0.541064977645874,0.5027986764907837,0.6708402633666992
27873,0.366455078125,0.3755137324333191,0.4365417957305908,0.6006640791893005
27874,0.518798828125,0.6083577275276184,0.4535067081451416,0.6088684797286987
27875,0.606689453125,0.6369321942329407,1.0,0.823501706123352
27876,0.466064453125,0.5238891243934631,0.7823625802993774,0.7900119423866272
27877,0.166259765625,0.24675960838794708,0.22745199501514435,0.36800336837768555
27878,0.518798828125,0.5630687475204468,0.8046129941940308,0.8065193891525269
27879,0.9673665165901184,0.9677981734275818,1.0,0.9957053065299988
27880,0.304931640625,0.3591740131378174,1.0,0.7996492981910706
27881,0.110107421875,0.18063390254974365,0.3333333134651184,0.45149263739585876
27882,0.956298828125,0.9596128463745117,1.0,0.9243440628051758
27883,0.9673665165901184,0.9678193926811218,0.8748590350151062,0.9215594530105591
27884,0.94140625,0.9475466012954712,0.7200049757957458,0.7070989012718201
27885,0.166259765625,0.2291003167629242,0.5307213068008423,0.5092552900314331
27886,0.3059895932674408,0.31274813413619995,0.5032320022583008,0.3882838189601898
27887,0.455078125,0.510936975479126,0.7342523336410522,0.7238898873329163
27888,0.110107421875,0.24505053460597992,0.1428571492433548,0.45142072439193726
27889,0.3599446713924408,0.40442338585853577,0.5626510977745056,0.4497365653514862
27890,0.197998046875,0.32160478830337524,0.29449179768562317,0.6139001846313477
27891,0.943115234375,0.9497541189193726,0.819014847278595,0.8285771012306213
27892,0.03125,0.0563616082072258,0.09869397431612015,0.18521887063980103
27893,0.091796875,0.12689357995986938,0.7653606534004211,0.7752578258514404
27894,0.580322265625,0.616282045841217,0.86592036485672,0.6663572192192078
27895,0.0,0.008928571827709675,0.0,0.11305340379476547
27896,0.228759765625,0.2819267809391022,0.3974803686141968,0.41155385971069336
27897,0.556884765625,0.580146074295044,0.8308104276657104,0.6495463252067566
27898,0.94140625,0.9471026062965393,0.8970906734466553,0.847398042678833
27899,0.968017578125,0.9680771231651306,1.0,0.9472603797912598
27900,0.166259765625,0.29353100061416626,0.22745199501514435,0.4937218129634857
27901,0.08203125,0.14264102280139923,0.11613046377897263,0.2427903413772583
27902,0.323974609375,0.3714020848274231,0.47805625200271606,0.4366217851638794
27903,0.12109375,0.1537618637084961,0.13592283427715302,0.180759996175766
27904,0.0625,0.1583106964826584,0.23463936150074005,0.48503124713897705
27905,0.518798828125,0.573773205280304,0.6967307925224304,0.8110412359237671
27906,0.619873046875,0.6255433559417725,0.6602633595466614,0.691017746925354
27907,0.518798828125,0.5516029596328735,1.0,0.7908868193626404
27908,0.9673665165901184,0.9676566123962402,0.8748590350151062,0.7063899636268616
27909,0.44921875,0.5053490996360779,0.5027986764907837,0.5693544745445251
27910,0.304931640625,0.3977000117301941,0.4285714626312256,0.6343976855278015
27911,0.968017578125,0.9680663347244263,1.0,0.8774737119674683
27912,0.091796875,0.091796875,1.0,1.0
27913,0.110107421875,0.159866064786911,0.5158474445343018,0.6621084213256836
27914,0.706298828125,0.7090977430343628,0.7139173746109009,0.6247231960296631
27915,0.9673665165901184,0.9679026007652283,0.8748590350151062,0.9207366108894348
27916,0.323974609375,0.372793972492218,0.47805625200271606,0.4759766459465027
27917,0.393798828125,0.46586039662361145,0.5977610945701599,0.8200488090515137
27918,0.261474609375,0.3284521698951721,0.4285714626312256,0.6789669990539551
27919,0.619873046875,0.6265904307365417,0.5410870313644409,0.7313864827156067
27920,0.606689453125,0.634461522102356,0.6509066820144653,0.6354770660400391
27921,0.518798828125,0.5472891330718994,0.6967307925224304,0.6388328075408936
27922,0.431884765625,0.4605543613433838,0.7318407297134399,0.7467447519302368
27923,0.263671875,0.32572484016418457,0.7653606534004211,0.9100973010063171
27924,0.4700520932674408,0.47586575150489807,0.4763675928115845,0.5576765537261963
27925,0.556884765625,0.5892163515090942,0.8308104276657104,0.8304305672645569
27926,0.304931640625,0.3740133047103882,0.4285714626312256,0.6053502559661865
27927,0.518798828125,0.5800241827964783,0.6967307925224304,0.6967376470565796
27928,0.0625,0.072265625,0.4692787230014801,0.5294361710548401
27929,0.556884765625,0.6025752425193787,0.8308104276657104,0.8579640984535217
27930,0.606689453125,0.6326342821121216,1.0,0.82886803150177
27931,0.9507649540901184,0.9561721682548523,0.8898733854293823,0.7666013836860657
27932,0.580322265625,0.6002079844474792,1.0,0.8448083996772766
27933,0.946533203125,0.9476732015609741,1.0,0.8651135563850403
27934,0.606689453125,0.642082691192627,1.0,0.9026279449462891
27935,0.197998046875,0.2490588128566742,0.29449179768562317,0.31870779395103455
27936,0.951904296875,0.9582192897796631,0.6230928897857666,0.6586370468139648
27937,0.606689453125,0.6282207369804382,1.0,0.9182501435279846
27938,0.505615234375,0.5129747986793518,0.427834689617157,0.504877507686615
27939,0.2044270783662796,0.2917898893356323,0.3367719352245331,0.5059224367141724
27940,0.110107421875,0.20478670299053192,0.1428571492433548,0.33346325159072876
27941,0.706298828125,0.7097365856170654,0.7139173746109009,0.7008759379386902
27942,0.146728515625,0.25432801246643066,0.2098969668149948,0.43589746952056885
27943,0.166259765625,0.23389780521392822,0.5307213068008423,0.5566601753234863
27944,0.606689453125,0.6370440721511841,1.0,0.8540828824043274
27945,0.455078125,0.4953094720840454,0.7342523336410522,0.7696081399917603
27946,0.706298828125,0.7101628184318542,0.871160089969635,0.8565322160720825
27947,0.08984375,0.12081754207611084,0.3951442539691925,0.4865104556083679
27948,0.606689453125,0.6333504915237427,1.0,0.8255168199539185
27949,0.518798828125,0.570614755153656,0.6967307925224304,0.6963229179382324
27950,0.560546875,0.6191617250442505,0.7653606534004211,0.792799174785614
27951,0.304931640625,0.40278613567352295,0.4285714626312256,0.7095930576324463
27952,0.197998046875,0.23991146683692932,0.42267662286758423,0.40673738718032837
27954,0.956298828125,0.959479808807373,0.8195018768310547,0.8092746138572693
27955,0.499755859375,0.5741062760353088,0.629690945148468,0.7717174887657166
27956,0.212890625,0.24080303311347961,0.5679726600646973,0.5687302947044373
27957,0.260498046875,0.3226177990436554,0.49370092153549194,0.5452979207038879
27958,0.261474609375,0.31420183181762695,0.6151177287101746,0.686123251914978
27959,0.466064453125,0.5088686943054199,0.7823625802993774,0.8417748212814331
27960,0.956298828125,0.9591324329376221,0.8195018768310547,0.7126435041427612
27961,0.09375,0.11679992824792862,0.29608193039894104,0.33353087306022644
27962,0.0,0.087738037109375,0.0,0.38831713795661926
27963,0.150390625,0.1556803435087204,0.4525081515312195,0.256521612405777
27964,0.556884765625,0.6000602841377258,0.8308104276657104,0.7364124655723572
27965,0.706298828125,0.7102597951889038,0.871160089969635,0.8923274874687195
27966,0.0,0.0,0.0,0.0
27967,0.2774251401424408,0.33533674478530884,0.4175114035606384,0.48701179027557373
27968,0.431884765625,0.45927196741104126,0.7318407297134399,0.6602638363838196
27969,0.567138671875,0.6230935454368591,0.7988805174827576,0.7596496939659119
27970,0.455078125,0.5328236818313599,0.5115761756896973,0.4972391426563263
27971,0.2774251401424408,0.35216665267944336,0.36153164505958557,0.5320922136306763
27972,0.956298828125,0.9600765109062195,0.7169486284255981,0.7100246548652649
27973,0.947998046875,0.9545319080352783,0.8348100185394287,0.8507364392280579
27974,0.344482421875,0.40972959995269775,0.2789551615715027,0.6427575945854187
27975,0.300537109375,0.36575397849082947,0.4636814594268799,0.5618422031402588
27976,0.197998046875,0.2805558145046234,0.29449179768562317,0.447954922914505
27977,0.962158203125,0.96260005235672,0.9625431895256042,0.948513388633728
27978,0.2774251401424408,0.3073183000087738,0.8435737490653992,0.6077232360839844
27979,0.228759765625,0.24084758758544922,0.3198178708553314,0.29573941230773926
27980,0.701904296875,0.7065128684043884,0.6066363453865051,0.5798802375793457
27981,0.956298828125,0.9599483609199524,1.0,0.8999068737030029
27982,0.606689453125,0.6330286264419556,1.0,0.7938463687896729
27983,0.1875,0.22693055868148804,0.2886616587638855,0.29641687870025635
27984,0.567138671875,0.6051230430603027,0.7988805174827576,0.697402834892273
27985,0.9673665165901184,0.9675906300544739,1.0,0.8576932549476624
27986,0.956298828125,0.9597129225730896,0.8195018768310547,0.7845758199691772
27987,0.701904296875,0.706186830997467,0.7402501106262207,0.8159656524658203
27988,0.556884765625,0.6040865778923035,0.8308104276657104,0.7187530994415283
27989,0.556884765625,0.5860092639923096,0.8308104276657104,0.7657141089439392
27990,0.9466145634651184,0.9523482322692871,0.6615661382675171,0.6693395972251892
27991,0.940673828125,0.9459400177001953,0.771205723285675,0.802113950252533
27992,0.9444172978401184,0.9521519541740417,0.6219719052314758,0.7978530526161194
27993,0.956298828125,0.9598053693771362,1.0,0.9914568066596985
27994,0.344482421875,0.39042961597442627,0.5977610945701599,0.5714342594146729
27995,0.9673665165901184,0.967595100402832,1.0,0.8629025816917419
27996,0.260498046875,0.3546564280986786,0.49370092153549194,0.6516416072845459
27997,0.304931640625,0.39518555998802185,0.4285714626312256,0.7369489669799805
27998,0.0,0.02213541604578495,0.0,0.28564366698265076
27999,0.946533203125,0.9511725902557373,0.6577322483062744,0.6666715145111084
28000,0.0,0.01432291604578495,0.0,0.3780021369457245
28001,0.606689453125,0.6425411701202393,1.0,0.9621404409408569
28002,0.304931640625,0.36479076743125916,0.6151177287101746,0.6581100225448608
28003,0.08203125,0.0911865234375,0.7039180994033813,0.4085359275341034
28004,0.951904296875,0.9565771222114563,0.8690900206565857,0.8026106953620911
28005,0.953369140625,0.9577669501304626,0.7479812502861023,0.7298757433891296
28006,0.968017578125,0.9680449366569519,1.0,0.9543008804321289
28007,0.9444172978401184,0.9511971473693848,0.7589633464813232,0.7254599332809448
28008,0.228759765625,0.2622827887535095,0.6461858153343201,0.5456914901733398
28009,0.943115234375,0.9514338374137878,0.7475366592407227,0.8308844566345215
28010,0.956298828125,0.9600310325622559,1.0,0.8973778486251831
28011,0.956298828125,0.9587579369544983,1.0,0.8883153796195984
28012,0.9673665165901184,0.9679040908813477,0.8748590350151062,0.8440091609954834
28013,0.110107421875,0.110107421875,1.0,1.0
28014,0.9673665165901184,0.9677914977073669,0.8748590350151062,0.8370133638381958
28015,0.374755859375,0.44852879643440247,0.5307213068008423,0.7625649571418762
28016,0.2774251401424408,0.3421243131160736,0.8435737490653992,0.8066816926002502
28017,0.150390625,0.22750994563102722,0.2783457934856415,0.42190104722976685
28018,0.968017578125,0.968064546585083,1.0,0.8020433187484741
28019,0.956298828125,0.9597854614257812,1.0,0.9224748611450195
28020,0.967041015625,0.9675619006156921,0.9284793138504028,0.9234958291053772
28021,0.953369140625,0.9602945446968079,0.7479812502861023,0.9172741174697876
28022,0.166259765625,0.21184313297271729,0.6291344165802002,0.8231149315834045
28023,0.9507649540901184,0.9539986848831177,0.974961519241333,0.9380552172660828
28024,0.606689453125,0.6320547461509705,1.0,0.9168575406074524
28025,0.962158203125,0.9623925089836121,0.8420895934104919,0.7833942770957947
28026,0.110107421875,0.17721892893314362,0.20503923296928406,0.3547452390193939
28027,0.03125,0.06960609555244446,0.29608193039894104,0.7064104676246643
28028,0.02083333395421505,0.0647786483168602,0.13770577311515808,0.4935457110404968
28029,0.953369140625,0.9558840394020081,1.0,0.9819754362106323
28030,0.499755859375,0.549580991268158,0.7271926999092102,0.7286387085914612
28031,0.44921875,0.4650912880897522,0.7216541767120361,0.5931271910667419
28032,0.431884765625,0.4613707959651947,0.8451594114303589,0.827029287815094
28033,0.606689453125,0.6286898255348206,1.0,0.7766557335853577
28034,0.953369140625,0.9567906856536865,1.0,0.9519848823547363
28035,0.580322265625,0.6235800981521606,0.86592036485672,0.7583709955215454
28036,0.556884765625,0.6052184104919434,0.8308104276657104,0.7647399306297302
28037,0.3599446713924408,0.4122180640697479,0.6497723460197449,0.7933478355407715
28038,0.580322265625,0.6300669312477112,0.86592036485672,0.8436036705970764
28039,0.304931640625,0.37238895893096924,1.0,0.909542977809906
28040,0.0625,0.12939797341823578,0.23463936150074005,0.37784627079963684
28041,0.956298828125,0.9599524140357971,0.7169486284255981,0.8278956413269043
28042,0.556884765625,0.6055873036384583,0.8308104276657104,0.7987898588180542
28043,0.9668782353401184,0.9671838283538818,0.9614850282669067,0.9734184741973877
28044,0.556884765625,0.5871726274490356,0.8308104276657104,0.8221102952957153
28045,0.606689453125,0.6368028521537781,1.0,0.9358380436897278
28046,0.212890625,0.26671719551086426,0.5679726600646973,0.6176657676696777
28047,0.606689453125,0.6406306028366089,1.0,0.9898678660392761
28048,0.556884765625,0.5978229641914368,0.8308104276657104,0.9574492573738098
28049,0.946533203125,0.9510076642036438,0.575423002243042,0.5878357887268066
28050,0.323974609375,0.3788438141345978,0.5520787835121155,0.6659799218177795
28051,0.14453125,0.26030611991882324,0.22745199501514435,0.5758966207504272
28052,0.953369140625,0.9585270285606384,0.912726640701294,0.9246068000793457
28053,0.23828125,0.3359749913215637,0.43299248814582825,0.7617881894111633
28054,0.3599446713924408,0.38509273529052734,0.8075588941574097,0.8173880577087402
28055,0.606689453125,0.6320547461509705,1.0,0.7916802167892456
28056,0.956298828125,0.9600601196289062,1.0,0.9273125529289246
28057,0.946533203125,0.9504539966583252,1.0,0.9968686103820801
28058,0.953369140625,0.9586930871009827,0.912726640701294,0.9858020544052124
28059,0.110107421875,0.12298202514648438,1.0,1.0
28060,0.110107421875,0.1775144338607788,0.3951442539691925,0.7474427223205566
28061,0.9673665165901184,0.967675507068634,0.8748590350151062,0.7069651484489441
28062,0.9673665165901184,0.9678446650505066,0.8748590350151062,0.945219874382019
28063,0.110107421875,0.1535365730524063,0.3951442539691925,0.5384591221809387
28064,0.393798828125,0.4484604001045227,0.5977610945701599,0.7431014776229858
28065,0.197998046875,0.2976797819137573,0.34009110927581787,0.6366104483604431
28066,0.431884765625,0.46105748414993286,0.8451594114303589,0.8127601742744446
28067,0.968017578125,0.9680649638175964,1.0,0.8897397518157959
28068,0.9507649540901184,0.9545616507530212,0.7292529344558716,0.7263070344924927
28069,0.9444172978401184,0.9559838771820068,0.544137716293335,0.7852898240089417
28070,0.212890625,0.2851337194442749,0.5679726600646973,0.6458287239074707
28071,0.14453125,0.2254367619752884,0.5307213068008423,0.7496382594108582
28072,0.2044270783662796,0.22555486857891083,0.8472668528556824,0.916578471660614
28073,0.212890625,0.29105544090270996,0.28110769391059875,0.4130235016345978
28075,0.606689453125,0.6412278413772583,0.5334192514419556,0.5986161231994629
28076,0.556884765625,0.6035953760147095,0.8308104276657104,0.8483713865280151
28077,0.946533203125,0.9546205997467041,0.8026000261306763,0.7885560393333435
28078,0.03125,0.1080576553940773,0.060708411037921906,0.2588232159614563
28079,0.9673665165901184,0.9677347540855408,1.0,0.867437481880188
28080,0.956298828125,0.9598056077957153,1.0,0.9294687509536743
28081,0.091796875,0.19503983855247498,0.12626707553863525,0.49106869101524353
28082,0.490234375,0.5633026957511902,0.5961710214614868,0.7885880470275879
28083,0.94140625,0.9492571353912354,0.7200049757957458,0.7867140769958496
28084,0.091796875,0.10552978515625,0.7653606534004211,0.9674680233001709
28085,0.1875,0.1875,1.0,1.0
28086,0.967041015625,0.9675582647323608,0.8122885227203369,0.7778258323669434
28087,0.4375,0.4881177842617035,0.6735438704490662,0.68435138463974
28088,0.606689453125,0.6304261684417725,1.0,0.8883084654808044
28090,0.44921875,0.5005313158035278,0.7216541767120361,0.8092878460884094
28091,0.05078125,0.08996430039405823,0.17690707743167877,0.34713274240493774
28092,0.2774251401424408,0.3611781597137451,0.4175114035606384,0.6266958713531494
28093,0.304931640625,0.33083903789520264,1.0,0.8465101718902588
28094,0.091796875,0.143499493598938,0.0886722281575203,0.17986392974853516
28095,0.946533203125,0.9519481062889099,0.8793432712554932,0.8889772891998291
28096,0.9375,0.9390869140625,0.9298905730247498,0.9786716103553772
28097,0.968017578125,0.9680601954460144,1.0,0.9433883428573608
28098,0.300537109375,0.35649269819259644,0.4636814594268799,0.6089247465133667
28099,0.953369140625,0.9589774012565613,0.7479812502861023,0.8827427625656128
28100,0.580322265625,0.5992422103881836,1.0,0.8186509013175964
28101,0.567138671875,0.599228024482727,0.9225797057151794,0.8490878343582153
28102,0.261474609375,0.3444862961769104,0.4285714626312256,0.6871872544288635
28103,0.19921875,0.2253570407629013,0.30167919397354126,0.3441103398799896
28104,0.953369140625,0.9570820927619934,0.912726640701294,0.8778684735298157
28105,0.091796875,0.15131887793540955,0.15692895650863647,0.26802825927734375
28106,0.228759765625,0.3093841075897217,0.6461858153343201,0.6868420839309692
28107,0.488037109375,0.5339803695678711,0.8785831332206726,0.8507505059242249
28108,0.606689453125,0.6283441185951233,1.0,0.9137780070304871
28109,0.606689453125,0.6231658458709717,1.0,0.8358167409896851
28110,0.2044270783662796,0.2826021611690521,0.5474918484687805,0.6627666354179382
28111,0.2774251401424408,0.32337501645088196,0.5188971757888794,0.573256254196167
28112,0.967041015625,0.9672971963882446,1.0,0.9161859154701233
28113,0.956298828125,0.9597789645195007,1.0,0.9504375457763672
28114,0.499755859375,0.5064506530761719,1.0,1.0
28115,0.490234375,0.5411708950996399,0.5961710214614868,0.6791655421257019
28116,0.091796875,0.1254475712776184,0.255120187997818,0.33689379692077637
28117,0.1106770858168602,0.19976988434791565,0.37429505586624146,0.627487063407898
28118,0.953369140625,0.9586257338523865,0.7479812502861023,0.8772177696228027
28119,0.263671875,0.34634849429130554,0.4707868993282318,0.6506003737449646
28120,0.659423828125,0.6625465154647827,0.8254533410072327,0.7571461200714111
28121,0.260498046875,0.3383334279060364,0.8026120662689209,0.8169680833816528
28122,0.518798828125,0.5689718723297119,0.8046129941940308,0.8990013599395752
28123,0.967041015625,0.967562735080719,0.8122885227203369,0.8422455787658691
28124,0.580322265625,0.6048969030380249,0.86592036485672,0.7608944773674011
28125,0.659423828125,0.6633105278015137,0.8254533410072327,0.8320135474205017
28126,0.110107421875,0.185255765914917,0.3333333134651184,0.6001324653625488
28127,0.304931640625,0.3448222577571869,1.0,0.826808750629425
28128,0.606689453125,0.6333377361297607,1.0,0.8039263486862183
28129,0.9673665165901184,0.9677994847297668,1.0,0.9662970900535583
28130,0.567138671875,0.5809144973754883,0.9225797057151794,0.8192819952964783
28131,0.323974609375,0.36643725633621216,0.6861420273780823,0.7497844696044922
28132,0.393798828125,0.4511722922325134,0.5977610945701599,0.7397556900978088
28133,0.0,0.02734375,0.0,0.38364914059638977
28134,0.5694173574447632,0.57483971118927,0.6197949647903442,0.6461450457572937
28135,0.957763671875,0.9581214189529419,0.8908864855766296,0.9192712306976318
28136,0.967041015625,0.9676176905632019,0.9284793138504028,0.984423041343689
28137,0.08203125,0.11471673846244812,0.23463936150074005,0.3509310483932495
28138,0.466064453125,0.5093231201171875,0.5450960993766785,0.6394028663635254
28139,0.1875,0.22784852981567383,0.5562983751296997,0.7246798276901245
28140,0.47265625,0.47988542914390564,0.3430097699165344,0.41472792625427246
28141,0.0,0.015625,0.0,0.05517661198973656
28142,0.0,0.16189353168010712,0.0,0.3721407651901245
28143,0.606689453125,0.6350258588790894,1.0,0.7775176167488098
28144,0.518798828125,0.5659917593002319,1.0,0.9330604672431946
28145,0.531982421875,0.5560958981513977,0.8617600202560425,0.87064129114151
28146,0.304931640625,0.3911147117614746,0.6151177287101746,0.856045663356781
28147,0.14453125,0.24246738851070404,0.2626707851886749,0.5247504711151123
28148,0.260498046875,0.3686929941177368,0.397238165140152,0.6800121068954468
28149,0.939453125,0.9490575194358826,0.6820816993713379,0.863890528678894
28150,0.488037109375,0.5378623008728027,0.7069194316864014,0.73678058385849
28151,0.606689453125,0.6400583982467651,1.0,0.8690516352653503
28152,0.03125,0.06714407354593277,0.29608193039894104,0.4966757595539093
28153,0.393798828125,0.43661850690841675,0.5977610945701599,0.6345705389976501
28154,0.9668782353401184,0.9677807092666626,0.7810032963752747,0.9468611478805542
28155,0.951171875,0.9522085785865784,0.974895179271698,0.9705712795257568
28156,0.1875,0.1959635466337204,0.8262346386909485,0.9243382215499878
28157,0.260498046875,0.32596829533576965,0.34397661685943604,0.4204115867614746
28158,0.940673828125,0.9439741373062134,0.9274492263793945,0.9259801506996155
28159,0.943115234375,0.9503201246261597,0.819014847278595,0.9161498546600342
28160,0.567138671875,0.6237078905105591,0.7988805174827576,0.8804408311843872
28161,0.556884765625,0.5967060923576355,0.8308104276657104,0.8731539249420166
28162,0.490234375,0.5000534057617188,0.8556691408157349,0.7506611347198486
28163,0.197998046875,0.27178123593330383,0.42267662286758423,0.5816516280174255
28164,0.488037109375,0.5582075119018555,0.6121358871459961,0.7121347784996033
28165,0.110107421875,0.16714602708816528,0.3333333134651184,0.5294299721717834
28166,0.267578125,0.28343963623046875,0.5211794376373291,0.56055748462677
28167,0.967041015625,0.9675213694572449,0.9284793138504028,0.937768280506134
28168,0.9507649540901184,0.9541863799095154,0.8898733854293823,0.8550600409507751
28169,0.110107421875,0.2033536583185196,0.16497723758220673,0.3753802180290222
28170,0.956298828125,0.9599838256835938,0.8195018768310547,0.7706126570701599
28171,0.228759765625,0.3195153474807739,0.6461858153343201,0.8183316588401794
28172,0.706298828125,0.7075437307357788,0.871160089969635,0.8398284912109375
28173,0.968017578125,0.9680596590042114,1.0,0.9326543211936951
28174,0.304931640625,0.3573404550552368,1.0,0.8318476676940918
28175,0.14453125,0.20377779006958008,0.5307213068008423,0.6259214282035828
28176,0.0,0.02087053656578064,0.0,0.19796210527420044
28177,0.150390625,0.159912109375,0.4525081515312195,0.3992103040218353
28178,0.0,0.0162527896463871,0.0,0.14223021268844604
28179,0.962158203125,0.9625034332275391,0.9625431895256042,0.9257492423057556
28180,0.94140625,0.9474602341651917,0.5900454521179199,0.6056168079376221
28182,0.580322265625,0.6042203307151794,1.0,0.8575316071510315
28183,0.580322265625,0.6250132322311401,0.86592036485672,0.9083461165428162
28184,0.556884765625,0.5829125046730042,0.9594535827636719,0.839816689491272
28185,0.304931640625,0.34696120023727417,0.6151177287101746,0.5823003053665161
28186,0.304931640625,0.3643421232700348,0.6151177287101746,0.6299896240234375
28187,0.150390625,0.150390625,0.7967076301574707,0.7967076301574707
28188,0.110107421875,0.1549457609653473,0.3951442539691925,0.5435364246368408
28189,0.374755859375,0.4275301992893219,0.7617307901382446,0.786348283290863
28190,0.939453125,0.9460722804069519,0.8498401045799255,0.8544203042984009
28191,0.567138671875,0.605966329574585,0.7988805174827576,0.7093101143836975
28192,0.580322265625,0.6054539084434509,0.86592036485672,0.6640270948410034
28193,0.0,0.010416666977107525,0.0,0.0456358827650547
28194,0.956298828125,0.9598826169967651,0.7169486284255981,0.7795369029045105
28195,0.02083333395421505,0.24136097729206085,0.030996352434158325,0.428885281085968
28196,0.431884765625,0.47180426120758057,0.7318407297134399,0.7512335777282715
28197,0.0,0.08101632446050644,0.0,0.37095972895622253
28198,0.571533203125,0.5764116644859314,0.7592076063156128,0.7819253206253052
28199,0.584228515625,0.5849884748458862,0.6245770454406738,0.7861882448196411
28200,0.9668782353401184,0.9671881198883057,0.9614850282669067,0.9657978415489197
28201,0.2044270783662796,0.2123616486787796,0.20123280584812164,0.19470463693141937
28202,0.940673828125,0.9452577829360962,0.8770246505737305,0.8477439880371094
28203,0.967041015625,0.9673925638198853,0.9284793138504028,0.8714972734451294
28204,0.9507649540901184,0.9524549245834351,0.974961519241333,0.977550745010376
28205,0.953369140625,0.9579225778579712,0.912726640701294,0.8884180188179016
28206,0.091796875,0.15915822982788086,0.255120187997818,0.3828674852848053
28207,0.2774251401424408,0.34053143858909607,0.5188971757888794,0.5621774196624756
28208,0.150390625,0.22009390592575073,0.4525081515312195,0.6485528349876404
28209,0.150390625,0.2389686554670334,0.4525081515312195,0.6005038022994995
28210,0.956298828125,0.9597275257110596,1.0,0.9349512457847595
28211,0.455078125,0.5403341054916382,0.5115761756896973,0.6687754392623901
28212,0.0625,0.15045471489429474,0.14433082938194275,0.4169340133666992
28213,0.968017578125,0.9680778384208679,1.0,0.927743673324585
28214,0.260498046875,0.33617061376571655,0.49370092153549194,0.6456580758094788
28215,0.956298828125,0.9600245356559753,0.8195018768310547,0.7996501922607422
28216,0.0625,0.0625,1.0,1.0
28217,0.08984375,0.13754647970199585,0.3333333134651184,0.4065260589122772
28218,0.304931640625,0.3742768466472626,1.0,0.9510906934738159
28219,0.9507649540901184,0.9555097818374634,0.6379934549331665,0.8241263628005981
28220,0.110107421875,0.16929864883422852,0.3951442539691925,0.6675139665603638
28221,0.946533203125,0.9534201622009277,0.8026000261306763,0.884413480758667
28222,0.219970703125,0.2994791865348816,0.34397661685943604,0.625421941280365
28223,0.219970703125,0.32859182357788086,0.22389668226242065,0.6309311389923096
28224,0.260498046875,0.33408889174461365,0.49370092153549194,0.5951610803604126
28225,0.03125,0.056884765625,0.29608193039894104,0.49125969409942627
28226,0.9673665165901184,0.9677612781524658,1.0,0.8883491158485413
28227,0.455078125,0.5094311237335205,0.5907889604568481,0.6865463852882385
28228,0.228759765625,0.27520519495010376,0.6461858153343201,0.5118503570556641
28229,0.3599446713924408,0.4347464442253113,0.5626510977745056,0.7570236921310425
28230,0.959228515625,0.9598338007926941,0.7631344795227051,0.7835736870765686
28231,0.304931640625,0.35030820965766907,0.6151177287101746,0.602162778377533
28232,0.518798828125,0.5478962063789368,1.0,0.9403514862060547
28233,0.9673665165901184,0.9677749872207642,1.0,0.9743086695671082
28234,0.946533203125,0.9478901028633118,1.0,0.8786579966545105
28235,0.959228515625,0.959801197052002,0.7631344795227051,0.7645236253738403
28236,0.606689453125,0.6424985527992249,1.0,0.9454678297042847
28237,0.606689453125,0.6395131349563599,1.0,0.9245088696479797
28238,0.197998046875,0.2695179581642151,0.6871474981307983,0.7096835374832153
28239,0.12109375,0.14764279127120972,0.46358197927474976,0.5349108576774597
28240,0.947998046875,0.9539333581924438,0.8348100185394287,0.9159181714057922
28241,0.304931640625,0.3620728552341461,1.0,0.824718177318573
28242,0.946533203125,0.9519891142845154,0.8793432712554932,0.923949122428894
28244,0.959228515625,0.9597482085227966,0.7631344795227051,0.8733282089233398
28245,0.968017578125,0.9680778384208679,1.0,0.9070265293121338
28246,0.05078125,0.0599365234375,0.5307212471961975,0.6978816986083984
28247,0.03125,0.11436334252357483,0.09869397431612015,0.4215106964111328
28248,0.03125,0.084716796875,0.15273310244083405,0.5063593983650208
28249,0.110107421875,0.16274487972259521,0.3951442539691925,0.5568423271179199
28250,0.110107421875,0.15671661496162415,0.3333333134651184,0.4516022503376007
28251,0.2774251401424408,0.3559362292289734,0.5188971757888794,0.6873184442520142
28252,0.146728515625,0.20276518166065216,0.3012597858905792,0.4633534252643585
28253,0.488037109375,0.5539900064468384,0.6121358871459961,0.7224312424659729
28254,0.518798828125,0.571162223815918,0.6967307925224304,0.8240652680397034
28255,0.488037109375,0.550978422164917,0.6121358871459961,0.5622981786727905
28257,0.146728515625,0.1984071582555771,0.48975956439971924,0.5926482081413269
28258,0.939453125,0.9408591389656067,0.9690036177635193,0.9673410654067993
28259,0.584228515625,0.5845577120780945,0.7139173746109009,0.6969956159591675
28260,0.556884765625,0.5966809988021851,0.8308104276657104,0.8150951862335205
28261,0.2774251401424408,0.351005882024765,0.5188971757888794,0.6230008006095886
28262,0.968017578125,0.9680547714233398,1.0,0.7494661211967468
28263,0.469970703125,0.4776608645915985,0.5407800078392029,0.7184089422225952
28264,0.02083333395421505,0.0893484354019165,0.04811027646064758,0.21261928975582123
28265,0.2044270783662796,0.2555396258831024,0.5474918484687805,0.54832524061203
28266,0.03125,0.049835205078125,0.29608193039894104,0.6256646513938904
28267,0.393798828125,0.444050669670105,0.8579513430595398,0.9162663817405701
28268,0.1106770858168602,0.1516168713569641,0.4437016248703003,0.5752354860305786
28269,0.967041015625,0.9673898220062256,0.8122885227203369,0.7942889928817749
28270,0.956298828125,0.9583219289779663,1.0,0.9822776913642883
28271,0.03125,0.0684455931186676,0.29608193039894104,0.7009124755859375
28272,0.488037109375,0.5369046926498413,0.6121358871459961,0.6428439021110535
28273,0.166259765625,0.24863331019878387,0.22745199501514435,0.3595741093158722
28274,0.606689453125,0.637054443359375,1.0,0.8892993927001953
28275,0.08203125,0.17042210698127747,0.10055973380804062,0.23330387473106384
28276,0.946533203125,0.9529540538787842,0.8026000261306763,0.7958219051361084
28277,0.580322265625,0.6159384250640869,0.86592036485672,0.75139981508255
28278,0.957763671875,0.958326518535614,0.7236568927764893,0.8513665199279785
28279,0.12109375,0.12109375,0.6885288953781128,0.6885288953781128
28281,0.518798828125,0.5773088932037354,0.6967307925224304,0.7963744401931763
28282,0.393798828125,0.43651336431503296,0.690318763256073,0.7167025208473206
28283,0.05078125,0.10613667964935303,0.2737712264060974,0.6315657496452332
28284,0.0625,0.06982421875,0.6131471991539001,0.8065736293792725
28285,0.228759765625,0.36045771837234497,0.276936799287796,0.683491587638855
28286,0.0625,0.14301623404026031,0.23463936150074005,0.4769219756126404
28287,0.556884765625,0.5916745066642761,0.8308104276657104,0.8860849142074585
28288,0.228759765625,0.2600777745246887,1.0,1.0
28289,0.9673665165901184,0.9676048755645752,1.0,0.9386472105979919
28290,0.518798828125,0.518798828125,1.0,1.0
28291,0.946533203125,0.9509407877922058,0.8026000261306763,0.7955947518348694
28292,0.490234375,0.493408203125,0.9467676877975464,0.9004437923431396
28294,0.431884765625,0.46116572618484497,0.8451594114303589,0.8010354042053223
28295,0.0625,0.0625,1.0,1.0
28297,0.146728515625,0.22116237878799438,0.48975956439971924,0.7960730195045471
28298,0.166259765625,0.18776381015777588,0.8213136792182922,0.8425002694129944
28299,0.1875,0.1875,1.0,1.0
28300,0.08203125,0.0911865234375,0.7039180994033813,0.8710785508155823
28301,0.556884765625,0.5881452560424805,0.8308104276657104,0.8085895776748657
28302,0.263671875,0.31549540162086487,0.7653606534004211,0.7211697101593018
28303,0.9444172978401184,0.946648895740509,0.9456308484077454,0.9926343560218811
28304,0.606689453125,0.641215443611145,1.0,0.8491015434265137
28305,0.2774251401424408,0.3192935287952423,0.36153164505958557,0.37841466069221497
28306,0.219970703125,0.27847832441329956,0.34397661685943604,0.4948987364768982
28307,0.08984375,0.0966448113322258,0.5158474445343018,0.5965394973754883
28308,0.2774251401424408,0.2943480908870697,1.0,1.0
28309,0.146728515625,0.146728515625,0.7579237222671509,0.7579237222671509
28310,0.956298828125,0.9599300622940063,1.0,0.9185142517089844
28311,0.488037109375,0.5396104454994202,0.6121358871459961,0.6002083420753479
28312,0.374755859375,0.4489290118217468,0.5307213068008423,0.5946529507637024
28313,0.08203125,0.11385088413953781,0.27814918756484985,0.39653223752975464
28314,0.260498046875,0.3481619358062744,0.397238165140152,0.6976686716079712
28316,0.304931640625,0.3742768466472626,1.0,0.9510906934738159
28317,0.14453125,0.19888587296009064,0.5307213068008423,0.5915201306343079
28318,0.0625,0.16370683908462524,0.09622055292129517,0.3163053095340729
28319,0.110107421875,0.1578953117132187,0.3333333134651184,0.40135276317596436
28320,0.466064453125,0.5098410844802856,0.629499077796936,0.6038442254066467
28321,0.110107421875,0.20299184322357178,0.3333333134651184,0.7825899720191956
28322,0.393798828125,0.44868025183677673,0.5977610945701599,0.6696416139602661
28323,0.9507649540901184,0.956660807132721,0.6379934549331665,0.8135684132575989
28324,0.110107421875,0.16001683473587036,0.5158474445343018,0.7282706499099731
28325,0.701904296875,0.7056472897529602,0.8110315203666687,0.7961702346801758
28326,0.488037109375,0.5274403691291809,0.8785831332206726,0.7363892793655396
28327,0.08203125,0.15497303009033203,0.11613046377897263,0.2793380618095398
28328,0.150390625,0.18577733635902405,0.7002755999565125,0.7103446125984192
28329,0.94140625,0.9455873966217041,0.8970906734466553,0.7687807083129883
28330,0.946533203125,0.9509493708610535,0.8793432712554932,0.8520428538322449
28331,0.584228515625,0.5845664739608765,0.7689103484153748,0.7471962571144104
28332,0.304931640625,0.39170074462890625,0.49493172764778137,0.6739522218704224
28333,0.518798828125,0.5587615966796875,1.0,0.8518451452255249
28334,0.968017578125,0.9680778384208679,1.0,0.9355016350746155
28335,0.393798828125,0.42802196741104126,0.38908666372299194,0.44870489835739136
28336,0.956298828125,0.9598186612129211,1.0,0.9048064351081848
28337,0.05078125,0.079994335770607,0.5307212471961975,0.6812024116516113
28338,0.567138671875,0.5928568243980408,0.9225797057151794,0.7897022366523743
28339,0.166259765625,0.2221166491508484,0.5307213068008423,0.5457759499549866
28340,0.556884765625,0.5966712236404419,0.8308104276657104,0.7791470885276794
28341,0.110107421875,0.207076296210289,0.3333333134651184,0.6241410374641418
28342,0.9673665165901184,0.9676941633224487,1.0,0.9693924188613892
28343,0.110107421875,0.15885654091835022,1.0,1.0
28344,0.304931640625,0.3284505009651184,1.0,0.9748677015304565
28345,0.0625,0.084014892578125,0.4692787230014801,0.8194270730018616
28346,0.110107421875,0.11869049072265625,1.0,0.7526135444641113
28347,0.304931640625,0.35789263248443604,1.0,0.87495356798172
28348,0.08203125,0.1663457602262497,0.23463936150074005,0.5844462513923645
28349,0.146728515625,0.2019665539264679,0.48975956439971924,0.6985391974449158
28350,0.518798828125,0.5590334534645081,0.6967307925224304,0.6395531892776489
28352,0.110107421875,0.18176203966140747,0.3333333134651184,0.6416172385215759
28353,0.1106770858168602,0.15574294328689575,0.5792374610900879,0.7343738675117493
28354,0.110107421875,0.12065744400024414,1.0,0.598875105381012
28355,0.03125,0.0702766478061676,0.29608193039894104,0.7113062143325806
28356,0.499755859375,0.5190033912658691,0.9037794470787048,0.9716126322746277
28357,0.197998046875,0.27795594930648804,0.6871474981307983,0.7870179414749146
28358,0.304931640625,0.3897385001182556,0.6151177287101746,0.860890805721283
28359,0.110107421875,0.19074027240276337,0.3333333134651184,0.6947229504585266
28360,0.455078125,0.5091938376426697,0.5907889604568481,0.8251450657844543
28362,0.953369140625,0.9586568474769592,0.912726640701294,0.8828317523002625
28363,0.08203125,0.15001651644706726,0.23463936150074005,0.5298241376876831
28365,0.393798828125,0.4488826096057892,0.5977610945701599,0.6663175225257874
28366,0.946533203125,0.952222466468811,0.8026000261306763,0.8659956455230713
28367,0.518798828125,0.5749188661575317,0.6967307925224304,0.9039660096168518
28368,0.110107421875,0.24238905310630798,0.1428571492433548,0.4730073809623718
28369,0.968017578125,0.9680543541908264,1.0,0.8344012498855591
28370,0.951904296875,0.9598795175552368,0.7122209072113037,0.8712464570999146
28371,0.110107421875,0.17703506350517273,0.3333333134651184,0.5237346291542053
28372,0.606689453125,0.6391788721084595,1.0,0.9719792604446411
28373,0.304931640625,0.37238895893096924,0.49493172764778137,0.6151356101036072
28374,0.08984375,0.1645408570766449,0.3333333134651184,0.4804933965206146
28375,0.946533203125,0.9540145993232727,0.8026000261306763,0.8601652383804321
28376,0.260498046875,0.34536588191986084,0.49370092153549194,0.7182875871658325
28377,0.110107421875,0.24190998077392578,0.1428571492433548,0.4301002025604248
28378,0.968017578125,0.9680275321006775,1.0,0.9482917785644531
28379,0.518798828125,0.5764603018760681,0.8046129941940308,0.9216862320899963
28380,0.580322265625,0.6367404460906982,0.5636333227157593,0.7710475921630859
28381,0.02083333395421505,0.09634684026241302,0.038710154592990875,0.22041055560112
28382,0.091796875,0.091796875,0.7653606534004211,0.7653606534004211
28383,0.091796875,0.10610198974609375,0.7653606534004211,0.7719970345497131
28384,0.110107421875,0.19299036264419556,0.3333333134651184,0.659991979598999
28385,0.146728515625,0.2207518070936203,0.3012597858905792,0.48185884952545166
28386,0.263671875,0.2905644178390503,0.7653606534004211,0.750303328037262
28387,0.9444172978401184,0.9519692659378052,0.544137716293335,0.6743336319923401
28388,0.304931640625,0.3680548071861267,1.0,0.9368077516555786
28389,0.03125,0.047882080078125,0.29608193039894104,0.6112833619117737
28390,0.9388020634651184,0.9397066831588745,0.8427215218544006,0.754728376865387
28391,0.0625,0.0625,1.0,1.0
28392,0.953369140625,0.9591863751411438,0.7479812502861023,0.8977848887443542
28393,0.304931640625,0.3691786527633667,1.0,0.8645073771476746
28394,0.2774251401424408,0.3816901743412018,0.36153164505958557,0.6171576976776123
28395,0.110107421875,0.18372246623039246,0.3951442539691925,0.7666381001472473
28396,0.304931640625,0.3558216691017151,1.0,0.7932191491127014
28397,0.518798828125,0.5640016794204712,1.0,0.9238064885139465
28398,0.14453125,0.21002505719661713,0.5307213068008423,0.5756838917732239
28399,0.146728515625,0.2006445825099945,0.48975956439971924,0.6697484850883484
28400,0.1106770858168602,0.12770630419254303,0.4437016248703003,0.44471263885498047
28401,0.150390625,0.19062991440296173,0.15727844834327698,0.21475009620189667
28402,0.488037109375,0.5378437042236328,0.7069194316864014,0.8440149426460266
28403,0.0625,0.07421875,0.6131471991539001,0.8503448963165283
28404,0.166259765625,0.27216610312461853,0.32645606994628906,0.5336741209030151
28405,0.556884765625,0.6102069616317749,0.4431702494621277,0.7083948254585266
28406,0.3599446713924408,0.413407564163208,0.5626510977745056,0.6833633184432983
28407,0.02083333395421505,0.09261970221996307,0.12103812396526337,0.48656824231147766
28408,0.946533203125,0.9516727924346924,1.0,0.9504997730255127
28409,0.393798828125,0.434068888425827,0.8579513430595398,0.8270033001899719
28410,0.2774251401424408,0.34454187750816345,0.8435737490653992,0.8111783266067505
28411,0.2774251401424408,0.3316403329372406,0.8435737490653992,0.8190783262252808
28412,0.304931640625,0.38537847995758057,0.4285714626312256,0.6413039565086365
28413,0.260498046875,0.29769328236579895,0.8026120662689209,0.8067641258239746
28414,0.488037109375,0.5366829633712769,0.8785831332206726,0.8467817306518555
28415,0.466064453125,0.5348630547523499,0.5450960993766785,0.6172938942909241
28416,0.499755859375,0.5736134648323059,0.629690945148468,0.8536911606788635
28417,0.953369140625,0.9581497311592102,0.912726640701294,0.9408445954322815
28418,0.466064453125,0.5373193025588989,0.5450960993766785,0.741012692451477
28419,0.304931640625,0.354495108127594,1.0,0.8067452907562256
28420,0.2774251401424408,0.35501694679260254,0.36153164505958557,0.5842915773391724
28421,0.323974609375,0.37132570147514343,0.5520787835121155,0.6101654171943665
28422,0.323974609375,0.36430269479751587,0.6861420273780823,0.6537652015686035
28423,0.518798828125,0.5625479221343994,1.0,0.8926528096199036
28424,0.953369140625,0.9546961784362793,0.912726640701294,0.8191718459129333
28425,0.9507649540901184,0.957777738571167,0.6379934549331665,0.8661240935325623
28426,0.304931640625,0.36018016934394836,1.0,0.8403727412223816
28427,0.110107421875,0.18290993571281433,0.3333333134651184,0.4726995825767517
28428,0.943115234375,0.9474765062332153,0.7475366592407227,0.6974001526832581
28429,0.278564453125,0.35990720987319946,0.39664164185523987,0.6060550212860107
28430,0.304931640625,0.4100804030895233,0.4285714626312256,0.7363086342811584
28431,0.110107421875,0.14537939429283142,1.0,0.8414930105209351
28432,0.488037109375,0.534044623374939,0.7069194316864014,0.6839198470115662
28433,0.967041015625,0.967415452003479,0.8122885227203369,0.7975867986679077
28434,0.9507649540901184,0.9557905793190002,0.8898733854293823,0.8015140295028687
28435,0.260498046875,0.34125274419784546,0.8026120662689209,0.8611375093460083
28436,0.0,0.14741024374961853,0.0,0.48615387082099915
28437,0.304931640625,0.36213722825050354,1.0,0.8420630693435669
28438,0.2774251401424408,0.31430017948150635,0.8435737490653992,0.6620040535926819
28439,0.9444172978401184,0.9512822031974792,0.7589633464813232,0.8255243897438049
28440,0.260498046875,0.285211980342865,0.9514426589012146,0.9098626375198364
28441,0.3599446713924408,0.4135228395462036,0.5626510977745056,0.6218687295913696
28442,0.2774251401424408,0.36711594462394714,0.36153164505958557,0.45461344718933105
28443,0.260498046875,0.3251972198486328,0.8026120662689209,0.8621155023574829
28444,0.23828125,0.2893621623516083,0.7039180994033813,0.6524803042411804
28445,0.518798828125,0.5800352692604065,0.8046129941940308,0.9016987085342407
28446,0.166259765625,0.21624541282653809,0.6291344165802002,0.8246000409126282
28447,0.956298828125,0.9593275785446167,0.7169486284255981,0.752781093120575
28448,0.304931640625,0.3542586863040924,1.0,0.8228513598442078
28449,0.03125,0.08671567589044571,0.11699506640434265,0.38992905616760254
28450,0.518798828125,0.5650554895401001,1.0,0.9280388355255127
28451,0.03125,0.03125,0.38685283064842224,0.38685283064842224
28452,0.0,0.0128038190305233,0.0,0.2769189476966858
28453,0.304931640625,0.3394179046154022,0.34757038950920105,0.37384942173957825
28454,0.110107421875,0.18897484242916107,0.3333333134651184,0.628521203994751
28455,0.943115234375,0.9472582340240479,0.9313938021659851,0.943445086479187
28456,0.947998046875,0.9535508155822754,0.8348100185394287,0.8784219622612
28457,0.228759765625,0.30231547355651855,0.6461858153343201,0.6744338870048523
28458,0.47265625,0.5337421894073486,0.5698384642601013,0.6503320932388306
28459,0.518798828125,0.588760256767273,0.6967307925224304,0.8407386541366577
28460,0.0,0.0,0.0,0.0
28461,0.633056640625,0.6369221210479736,0.7837249636650085,0.8393245935440063
28462,0.260498046875,0.3487069010734558,0.397238165140152,0.6476278305053711
28463,0.197998046875,0.21404463052749634,0.42267662286758423,0.39483627676963806
28464,0.110107421875,0.18045297265052795,0.1428571492433548,0.31185996532440186
28465,0.393798828125,0.46228277683258057,0.5977610945701599,0.7403270602226257
28466,0.304931640625,0.3678591251373291,0.4285714626312256,0.527402400970459
28467,0.260498046875,0.31803038716316223,0.49370092153549194,0.538689136505127
28468,0.567138671875,0.593167245388031,0.9225797057151794,0.8292189240455627
28469,0.110107421875,0.110107421875,1.0,1.0
28470,0.455078125,0.5169422626495361,0.5115761756896973,0.7109436988830566
28471,0.959228515625,0.9596030116081238,0.8722942471504211,0.8707748055458069
28472,0.304931640625,0.37751758098602295,1.0,1.0
28473,0.2774251401424408,0.3697618246078491,0.36153164505958557,0.6535117030143738
28474,0.146728515625,0.21529170870780945,0.48975956439971924,0.5961862206459045
28475,0.0,0.0,0.0,0.0
28476,0.943115234375,0.9505356550216675,0.6126077175140381,0.6658061742782593
28477,0.503173828125,0.5113763809204102,0.3920743465423584,0.5769244432449341
28478,0.1106770858168602,0.1396065056324005,0.5792374610900879,0.6733182668685913
28479,0.228759765625,0.3195153474807739,0.3974803686141968,0.5778920650482178
28480,0.951171875,0.95941162109375,0.694340705871582,0.9253577589988708
28481,0.304931640625,0.37751761078834534,1.0,1.0
28482,0.30078125,0.34298327565193176,0.5307213068008423,0.6901517510414124
28483,0.197998046875,0.24895548820495605,0.6871474981307983,0.6101897358894348
28484,0.51953125,0.5414463877677917,0.7039180994033813,0.6916725039482117
28485,0.300537109375,0.34251952171325684,0.6655102372169495,0.7518952488899231
28486,0.278564453125,0.3218724727630615,0.5692896842956543,0.6450789570808411
28487,0.9673665165901184,0.9676990509033203,1.0,0.9520354270935059
28488,0.580322265625,0.6181533336639404,0.86592036485672,0.7788853645324707
28489,0.580322265625,0.6240317821502686,0.86592036485672,0.7438209056854248
28491,0.166259765625,0.22314044833183289,0.5307213068008423,0.6101223826408386
28492,0.0,0.0162760429084301,0.0,0.3028124272823334
28493,0.0625,0.13359375298023224,0.14433082938194275,0.3753657341003418
28494,0.1106770858168602,0.13679027557373047,0.5792374610900879,0.5716123580932617
28495,0.0,0.0,0.0,0.0
28496,0.0,0.03186384215950966,0.0,0.08831999450922012
28497,0.968017578125,0.968055248260498,1.0,0.9799017906188965
28498,0.23828125,0.2761312425136566,0.7039180994033813,0.5986891388893127
28499,0.951171875,0.954280436038971,0.9282863140106201,0.8536374568939209
28500,0.2774251401424408,0.35061076283454895,0.8435737490653992,0.8221399188041687
28501,0.146728515625,0.23689472675323486,0.48975956439971924,0.752485990524292
28503,0.466064453125,0.5218746662139893,0.629499077796936,0.6941636800765991
28504,0.488037109375,0.5258944034576416,0.7069194316864014,0.667011559009552
28505,0.02083333395421505,0.0292038694024086,0.23463936150074005,0.21078559756278992
28506,0.304931640625,0.3742768168449402,1.0,0.9510906934738159
28507,0.580322265625,0.6300453543663025,0.86592036485672,0.8776715397834778
28508,0.08203125,0.10709381103515625,0.27814918756484985,0.37911805510520935
28509,0.02083333395421505,0.0342610701918602,0.23463936150074005,0.5239472985267639
28510,0.2774251401424408,0.33327925205230713,0.8435737490653992,0.8489021062850952
28511,0.943115234375,0.9461049437522888,0.9313938021659851,0.8554535508155823
28512,0.466064453125,0.5358245372772217,0.5450960993766785,0.7589403986930847
28513,0.706298828125,0.708787739276886,0.871160089969635,0.8623798489570618
28514,0.94140625,0.945266604423523,0.7888506054878235,0.7558122873306274
28515,0.567138671875,0.6058435440063477,0.9225797057151794,0.9190781116485596
28516,0.2774251401424408,0.35895243287086487,0.8435737490653992,0.8842222690582275
28517,0.2774251401424408,0.3174424171447754,0.8435737490653992,0.8620701432228088
28518,0.9668782353401184,0.9673685431480408,0.892719030380249,0.8697579503059387
28519,0.304931640625,0.37491902709007263,1.0,0.953712522983551
28521,0.953369140625,0.956679105758667,0.912726640701294,0.8761278986930847
28522,0.951171875,0.9553830623626709,0.9282863140106201,0.8987072110176086
28523,0.304931640625,0.34688910841941833,1.0,0.7690765261650085
28524,0.263671875,0.31113898754119873,0.7653606534004211,0.9467117190361023
28525,0.091796875,0.12953388690948486,0.7653606534004211,0.944159209728241
28526,0.946533203125,0.9515969753265381,0.8793432712554932,0.9455646276473999
28527,0.110107421875,0.152557834982872,0.3951442539691925,0.5364673137664795
28528,0.943115234375,0.9505072236061096,0.7475366592407227,0.8062291741371155
28529,0.953369140625,0.9578821063041687,0.912726640701294,0.9195745587348938
28530,0.455078125,0.4901021122932434,0.7342523336410522,0.6708870530128479
28531,0.9375,0.9375,1.0,1.0
28532,0.2044270783662796,0.25969454646110535,0.2709710896015167,0.3455035984516144
28533,0.1458333432674408,0.1609003096818924,0.3367719352245331,0.4157632887363434
28534,0.23828125,0.2823692262172699,0.7039180994033813,0.6483398675918579
28535,0.968017578125,0.9680519700050354,1.0,0.9119212031364441
28536,0.304931640625,0.3578824996948242,1.0,0.8159956336021423
28537,0.951904296875,0.9563645124435425,0.9521908760070801,0.9644815921783447
28538,0.968017578125,0.9680762887001038,1.0,0.9774622321128845
28539,0.9507649540901184,0.9558985233306885,0.8898733854293823,0.9488174915313721
28540,0.14453125,0.22577019035816193,0.5307213068008423,0.6969379782676697
28541,0.2774251401424408,0.3117102086544037,0.8435737490653992,0.6194034814834595
28542,0.197998046875,0.276184618473053,0.6871474981307983,0.7645708918571472
28543,0.110107421875,0.18232131004333496,0.16497723758220673,0.3461616039276123
28544,0.946533203125,0.9512024521827698,0.8026000261306763,0.7754889726638794
28545,0.518798828125,0.5637221336364746,1.0,0.8972745537757874
28546,0.967041015625,0.9674478769302368,0.8122885227203369,0.5593436360359192
28547,0.968017578125,0.9680535793304443,1.0,0.9234200119972229
28548,0.968017578125,0.9680611491203308,1.0,0.9558360576629639
28549,0.953369140625,0.9579735994338989,0.912726640701294,0.9462553262710571
28550,0.0,0.010416666977107525,0.0,0.0719834566116333
28551,0.260498046875,0.3089104890823364,0.8026120662689209,0.6438820958137512
28552,0.966796875,0.9670870304107666,0.7653606534004211,0.7251344919204712
28553,0.260498046875,0.33462920784950256,0.49370092153549194,0.5967985391616821
28554,0.304931640625,0.3688770532608032,1.0,0.9388903379440308
28555,0.940673828125,0.9447447657585144,0.9274492263793945,0.9470192790031433
28556,0.518798828125,0.553956151008606,0.6967307925224304,0.7492660880088806
28557,0.197998046875,0.2853318452835083,0.29449179768562317,0.49040699005126953
28558,0.146728515625,0.21229079365730286,0.48975956439971924,0.6024478077888489
28559,0.967041015625,0.967610239982605,0.9284793138504028,0.9669580459594727
28560,0.0625,0.0625,0.24207624793052673,0.21922101080417633
28561,0.9388020634651184,0.9462260603904724,0.7782489061355591,0.8987630605697632
28562,0.304931640625,0.38538557291030884,0.49493172764778137,0.7962926030158997
28563,0.110107421875,0.13296198844909668,0.5158474445343018,0.4839232861995697
28564,0.23828125,0.2827398478984833,0.7039180994033813,0.7271401286125183
28565,0.110107421875,0.26028722524642944,0.11585679650306702,0.5272697806358337
28566,0.2774251401424408,0.32751286029815674,0.8435737490653992,0.7511690855026245
28567,0.304931640625,0.37734490633010864,0.6151177287101746,0.7720733284950256
28568,0.228759765625,0.30150526762008667,0.6461858153343201,0.7330102324485779
28569,0.12109375,0.16457757353782654,0.3910655975341797,0.43522515892982483
28570,0.304931640625,0.38364121317863464,0.6151177287101746,0.7545009255409241
28571,0.228759765625,0.3344752788543701,0.3974803686141968,0.6860964894294739
28572,0.567138671875,0.5694561004638672,1.0,0.9605730175971985
28573,0.431884765625,0.44978755712509155,0.8451594114303589,0.726054310798645
28574,0.304931640625,0.3267818093299866,1.0,0.8342620730400085
28575,0.2774251401424408,0.298642098903656,0.8435737490653992,0.7654808163642883
28576,0.9444172978401184,0.9478510022163391,0.9456308484077454,0.7974131107330322
28577,0.150390625,0.17650380730628967,0.4525081515312195,0.49791020154953003
28578,0.606689453125,0.6155111193656921,1.0,0.7647368907928467
28579,0.939453125,0.9435502886772156,0.8987017273902893,0.9677119255065918
28580,0.263671875,0.30986544489860535,0.4707868993282318,0.46352943778038025
28581,0.488037109375,0.5133866667747498,0.8785831332206726,0.9014589190483093
28582,0.304931640625,0.3810828626155853,0.4285714626312256,0.5597871541976929
28583,0.304931640625,0.3746829628944397,0.4285714626312256,0.5715524554252625
28584,0.166259765625,0.2179384082555771,0.5307213068008423,0.6197368502616882
28585,0.260498046875,0.30317744612693787,0.8026120662689209,0.6363316774368286
28586,0.518798828125,0.5572909116744995,1.0,0.8779458403587341
28587,0.951904296875,0.9561213254928589,0.8690900206565857,0.93984454870224
28588,0.9673665165901184,0.9676831960678101,1.0,0.9828028678894043
28589,0.488037109375,0.5471129417419434,0.6121358871459961,0.6006685495376587
28590,0.261474609375,0.3091662526130676,0.49493172764778137,0.715180516242981
28591,0.940673828125,0.9459731578826904,0.8770246505737305,0.889132559299469
28592,0.499755859375,0.545763373374939,0.9037794470787048,0.7966711521148682
28593,0.393798828125,0.4362947344779968,0.690318763256073,0.7667235136032104
28594,0.091796875,0.15515124797821045,0.15692895650863647,0.39715448021888733
28595,0.0,0.008928571827709675,0.0,0.3333333432674408
28596,0.304931640625,0.3776744306087494,0.6151177287101746,0.7982972860336304
28597,0.940673828125,0.9441784620285034,0.771205723285675,0.7981491088867188
28598,0.947998046875,0.9527808427810669,0.8348100185394287,0.9379503130912781
28599,0.110107421875,0.13440535962581635,1.0,0.7007732391357422
28600,0.110107421875,0.20808342099189758,0.1428571492433548,0.3382214605808258
28601,0.0625,0.09671783447265625,0.4692787230014801,0.8485833406448364
28602,0.05078125,0.11042310297489166,0.17690707743167877,0.41661468148231506
28603,0.946533203125,0.9512290954589844,0.8026000261306763,0.7923219203948975
28604,0.606689453125,0.6348297595977783,1.0,0.9926584362983704
28605,0.606689453125,0.638084888458252,1.0,0.9121717810630798
28606,0.0,0.06119537353515625,0.0,0.48135778307914734
28607,0.393798828125,0.45497775077819824,0.5977610945701599,0.7730004787445068
28608,0.959228515625,0.9597023725509644,0.7631344795227051,0.750227153301239
28609,0.267578125,0.32673779129981995,0.5211794376373291,0.6845047473907471
28610,0.9444172978401184,0.9526179432868958,0.7589633464813232,0.7671090960502625
28611,0.304931640625,0.3571520745754242,1.0,0.9651299118995667
28612,0.943115234375,0.9534438252449036,0.6126077175140381,0.8184881210327148
28613,0.197998046875,0.2745521068572998,0.6871474981307983,0.7580754160881042
28614,0.0625,0.087890625,0.27814918756484985,0.3911690413951874
28615,0.9507649540901184,0.956120491027832,0.8898733854293823,0.9607183933258057
28616,0.956298828125,0.9593997597694397,1.0,0.8388076424598694
28617,0.2044270783662796,0.2044270783662796,0.8472668528556824,0.8472668528556824
28618,0.706298828125,0.7096059918403625,0.871160089969635,0.8485674262046814
28619,0.304931640625,0.37099727988243103,1.0,0.9454194903373718
28620,0.146728515625,0.23458418250083923,0.3012597858905792,0.5002850294113159
28621,0.953369140625,0.9584122896194458,0.912726640701294,0.9639383554458618
28622,0.946533203125,0.950787365436554,1.0,0.8851240873336792
28623,0.508056640625,0.5129300355911255,0.6509066820144653,0.7918282151222229
28624,0.0,0.0154389888048172,0.0,0.3889581263065338
28625,0.304931640625,0.4049038589000702,0.4285714626312256,0.6294677257537842
28626,0.946533203125,0.9521086812019348,0.8026000261306763,0.8824762105941772
28627,0.304931640625,0.3651576638221741,0.6151177287101746,0.7092997431755066
28628,0.619873046875,0.6227506399154663,0.6602633595466614,0.6004700660705566
28629,0.03125,0.04296875,0.29608193039894104,0.279764324426651
28630,0.0,0.05276460573077202,0.0,0.197286918759346
28631,0.05078125,0.07355499267578125,0.17690707743167877,0.18658581376075745
28632,0.967041015625,0.9673500061035156,1.0,0.9779828190803528
28633,0.0625,0.10275280475616455,0.1854327917098999,0.31890684366226196
28634,0.703369140625,0.7101468443870544,0.6423966884613037,0.8069310188293457
28635,0.488037109375,0.5523393750190735,0.6121358871459961,0.8238285183906555
28636,0.946533203125,0.949748158454895,0.8026000261306763,0.7589325904846191
28637,0.940673828125,0.9445133805274963,0.8770246505737305,0.8949046730995178
28638,0.304931640625,0.41030067205429077,0.4285714626312256,0.815923273563385
28639,0.146728515625,0.18888220191001892,0.48975956439971924,0.4952276945114136
28640,0.503173828125,0.5107535123825073,0.5241767168045044,0.649109423160553
28641,0.956298828125,0.9600095748901367,0.7169486284255981,0.7024491429328918
28642,0.05078125,0.10351138561964035,0.17690707743167877,0.40203946828842163
28643,0.2044270783662796,0.24367013573646545,0.8472668528556824,0.8491437435150146
28644,0.518798828125,0.5646297335624695,0.8046129941940308,0.8446950912475586
28645,0.518798828125,0.5894655585289001,0.6967307925224304,0.8694332242012024
28646,0.197998046875,0.2754436135292053,0.6871474981307983,0.7619490623474121
28647,0.946533203125,0.9515616297721863,0.8026000261306763,0.7659618258476257
28648,0.304931640625,0.36716020107269287,0.49493172764778137,0.62928706407547
28649,0.9507649540901184,0.9542421698570251,0.7292529344558716,0.7467603087425232
28650,0.956298828125,0.9600095748901367,0.7169486284255981,0.7024491429328918
28651,0.968017578125,0.968055784702301,1.0,0.8885489702224731
28652,0.967041015625,0.9675509929656982,0.9284793138504028,0.9406731724739075
28653,0.9673665165901184,0.9678016901016235,1.0,0.9435651898384094
28654,0.946533203125,0.954386830329895,0.6577322483062744,0.8315584659576416
28655,0.967041015625,0.9675314426422119,0.9284793138504028,0.9532915949821472
28656,0.940673828125,0.9425526261329651,0.7038999795913696,0.5417129397392273
28657,0.518798828125,0.5634710788726807,0.8046129941940308,0.7938588857650757
28658,0.967041015625,0.9675509929656982,0.9284793138504028,0.9406731724739075
28659,0.946533203125,0.9507057070732117,0.8793432712554932,0.8304155468940735
28660,0.968017578125,0.9680557250976562,1.0,0.8885489702224731
28661,0.110107421875,0.15885654091835022,1.0,1.0
28662,0.09375,0.13428637385368347,0.4581993520259857,0.5677833557128906
28663,0.505615234375,0.5091498494148254,0.5719858407974243,0.5948218703269958
28664,0.12109375,0.130615234375,0.605190634727478,0.698838472366333
28665,0.260498046875,0.3246515691280365,0.49370092153549194,0.5794968008995056
28666,0.968017578125,0.9680476188659668,1.0,0.9605004787445068
28667,0.263671875,0.3215988874435425,0.7653606534004211,0.7809682488441467
28668,0.940673828125,0.945151686668396,0.5768473744392395,0.5600751042366028
28669,0.0625,0.12340545654296875,0.1854327917098999,0.4037981927394867
28670,0.110107421875,0.16667813062667847,0.3333333134651184,0.5843695998191833
28671,0.260498046875,0.32315748929977417,0.8026120662689209,0.7765618562698364
28672,0.0,0.02636370062828064,0.0,0.22212782502174377
28673,0.110107421875,0.14618763327598572,1.0,0.8454256653785706
28674,0.571533203125,0.5775657892227173,0.6093400716781616,0.6867201328277588
28675,0.2774251401424408,0.35120832920074463,0.8435737490653992,0.8257045149803162
28676,0.0,0.012500000186264515,0.0,0.38685280084609985
28677,0.956298828125,0.9599459171295166,1.0,0.9071317315101624
28678,0.304931640625,0.35075709223747253,1.0,0.9131711721420288
28679,0.0,0.0,0.0,0.0
28680,0.962158203125,0.9624879360198975,0.9625431895256042,0.9317436814308167
28681,0.03125,0.0594809390604496,0.15273310244083405,0.2729754149913788
28682,0.712158203125,0.7125815749168396,0.8569586873054504,0.8668068051338196
28683,0.2774251401424408,0.33380475640296936,0.8435737490653992,0.6418218612670898
28684,0.946533203125,0.9511032104492188,1.0,0.9015424251556396
28685,0.580322265625,0.6028803586959839,0.86592036485672,0.7008292078971863
28686,0.9375,0.9375,1.0,1.0
28687,0.110107421875,0.15183404088020325,0.3951442539691925,0.5519946217536926
28688,0.110107421875,0.3056181073188782,0.1321021020412445,0.5701726078987122
28689,0.110107421875,0.20592498779296875,0.1428571492433548,0.33507633209228516
28690,0.304931640625,0.33383798599243164,1.0,0.8773044943809509
28691,0.9507649540901184,0.9559078216552734,0.8898733854293823,0.834333598613739
28692,0.3599446713924408,0.40562960505485535,0.8075588941574097,0.7987341284751892
28693,0.9507649540901184,0.954907238483429,0.8898733854293823,0.9063726663589478
28694,0.212890625,0.212890625,1.0,1.0
28695,0.9668782353401184,0.9676133394241333,0.7810032963752747,0.7288031578063965
28696,0.02083333395421505,0.02083333395421505,0.5,0.5
28697,0.5694173574447632,0.5731477737426758,0.7048385143280029,0.6605300307273865
28698,0.967041015625,0.967441976070404,1.0,0.9635846018791199
28699,0.228759765625,0.3088075816631317,0.3198178708553314,0.49004366993904114
28700,0.488037109375,0.5282615423202515,0.8785831332206726,0.7952811121940613
28701,0.228759765625,0.31968021392822266,0.6461858153343201,0.7817956209182739
28702,0.02083333395421505,0.11318998783826828,0.04811027646064758,0.3556053042411804
28703,0.967041015625,0.9678120017051697,0.8122885227203369,0.9022061228752136
28704,0.9673665165901184,0.9677696824073792,0.8748590350151062,0.8612313866615295
28705,0.1106770858168602,0.1885383129119873,0.37429505586624146,0.49408042430877686
28706,0.0,0.02531738206744194,0.0,0.15150509774684906
28707,0.260498046875,0.3372005522251129,0.8026120662689209,0.8506629467010498
28708,0.23046875,0.26124516129493713,0.47306913137435913,0.5348626375198364
28709,0.05078125,0.07309722900390625,0.5307212471961975,0.4507735073566437
28710,0.959228515625,0.9600116014480591,0.7631344795227051,0.749521791934967
28711,0.967041015625,0.9675515294075012,0.8122885227203369,0.7662297487258911
28712,0.943115234375,0.9544237852096558,0.5359453558921814,0.6315954923629761
28713,0.968017578125,0.9680625200271606,1.0,0.8595905900001526
28714,0.304931640625,0.37751761078834534,1.0,1.0
28715,0.946533203125,0.9500483274459839,1.0,0.8739413022994995
28716,0.260498046875,0.3009274899959564,0.8026120662689209,0.7308313250541687
28717,0.3059895932674408,0.3710959553718567,0.4357588291168213,0.6323325037956238
28718,0.146728515625,0.1531045138835907,0.7579237222671509,0.75943922996521
28719,0.091796875,0.16192755103111267,0.255120187997818,0.4951793849468231
28720,0.02083333395421505,0.060415588319301605,0.23463936150074005,0.6697622537612915
28721,0.953369140625,0.9578344225883484,0.912726640701294,0.8683938384056091
28722,0.23828125,0.30682647228240967,0.7039180994033813,0.7221797108650208
28723,0.9444172978401184,0.9478108882904053,0.9456308484077454,0.796903133392334
28724,0.091796875,0.1302824467420578,0.15692895650863647,0.23138025403022766
28725,0.260498046875,0.3148671090602875,0.8026120662689209,0.6732704043388367
28726,0.1875,0.25255125761032104,0.2886616587638855,0.3918098211288452
28727,0.02083333395421505,0.09779071807861328,0.07821311801671982,0.4840472340583801
28728,0.110107421875,0.19229531288146973,0.3333333134651184,0.5635243654251099
28729,0.606689453125,0.6406883597373962,1.0,0.8707191944122314
28730,0.260498046875,0.3442510962486267,0.8026120662689209,0.9074249863624573
28731,0.146728515625,0.2223707139492035,0.48975956439971924,0.7408544421195984
28732,0.499755859375,0.5313421487808228,0.9037794470787048,0.7452909350395203
28733,0.488037109375,0.5469770431518555,0.4365417957305908,0.602936327457428
28734,0.0,0.010416666977107525,0.0,0.3562071919441223
28735,0.943115234375,0.9479352235794067,0.819014847278595,0.7522312998771667
28736,0.2044270783662796,0.2363543063402176,0.6490147709846497,0.6652926802635193
28737,0.05078125,0.17576450109481812,0.08755692839622498,0.40387919545173645
28738,0.08203125,0.13110226392745972,0.3631143569946289,0.5525728464126587
28740,0.431884765625,0.4629684090614319,0.7318407297134399,0.7922025322914124
28741,0.450927734375,0.45747703313827515,0.5321600437164307,0.646710991859436
28742,0.166259765625,0.2711872160434723,0.32645606994628906,0.6350252628326416
28743,0.0,0.01981608010828495,0.0,0.35351240634918213
28744,0.9444172978401184,0.9500199556350708,0.9456308484077454,0.9273779392242432
28745,0.518798828125,0.5726486444473267,0.6967307925224304,0.5940130949020386
28746,0.146728515625,0.2240280956029892,0.48975956439971924,0.7398770451545715
28747,0.1875,0.24186883866786957,0.4692787230014801,0.653649628162384
28748,0.110107421875,0.13297995924949646,1.0,0.6961622834205627
28749,0.110107421875,0.1588565558195114,1.0,1.0
28750,0.556884765625,0.5969254970550537,0.8308104276657104,0.8605459332466125
28751,0.110107421875,0.1636960804462433,0.3333333134651184,0.5512535572052002
28752,0.304931640625,0.3964432179927826,0.4285714626312256,0.6930174231529236
28753,0.34765625,0.3598170876502991,0.36176279187202454,0.5888224244117737
28754,0.943115234375,0.9477834701538086,0.9313938021659851,0.9022437334060669
28755,0.393798828125,0.43772777915000916,0.5977610945701599,0.441511869430542
28756,0.469970703125,0.4799894690513611,0.4431702494621277,0.6591519713401794
28757,0.9507649540901184,0.9543759226799011,0.8898733854293823,0.8919038772583008
28758,0.967041015625,0.9676099419593811,0.9284793138504028,0.8913286328315735
28759,0.2044270783662796,0.2868799567222595,0.5474918484687805,0.6324585676193237
28760,0.16796875,0.21628297865390778,0.3198178708553314,0.5103849172592163
28761,0.2122395932674408,0.22644302248954773,0.36153164505958557,0.30296415090560913
28762,0.393798828125,0.4382794499397278,0.8579513430595398,0.8395912051200867
28763,0.518798828125,0.572086751461029,0.6967307925224304,0.7014994621276855
28764,0.968017578125,0.9680777192115784,1.0,0.8930635452270508
28765,0.110107421875,0.1372053474187851,1.0,0.7605592012405396
28766,0.110107421875,0.17703504860401154,0.20503923296928406,0.3313063383102417
28767,0.304931640625,0.36871039867401123,1.0,0.8623893857002258
28768,0.2774251401424408,0.36595791578292847,0.5188971757888794,0.7117621302604675
28769,0.197998046875,0.2680133283138275,0.6871474981307983,0.6874059438705444
28770,0.518798828125,0.5652661919593811,1.0,0.9293960928916931
28771,0.2774251401424408,0.2829509973526001,0.8435737490653992,0.5923510789871216
28772,0.260498046875,0.3400358259677887,0.49370092153549194,0.6529794931411743
28773,0.304931640625,0.3865399658679962,0.4285714626312256,0.5074513554573059
28774,0.9668782353401184,0.9675155878067017,0.7810032963752747,0.8507324457168579
28775,0.9673665165901184,0.9676008820533752,1.0,0.8966256380081177
28776,0.953369140625,0.9573971033096313,0.912726640701294,0.9544341564178467
28777,0.304931640625,0.37852194905281067,0.6151177287101746,0.772733211517334
28778,0.110107421875,0.1485767662525177,0.5158474445343018,0.6876679062843323
28779,0.0625,0.079132080078125,0.4692787230014801,0.36792129278182983
28780,0.110107421875,0.15885654091835022,1.0,1.0
28781,0.531982421875,0.5616335272789001,0.7462155222892761,0.6842055916786194
28782,0.05078125,0.10277815163135529,0.12040402740240097,0.29938018321990967
28783,0.953369140625,0.9561596512794495,1.0,0.8843376040458679
28784,0.9507649540901184,0.9528916478157043,0.974961519241333,0.9420624375343323
28785,0.946533203125,0.952361524105072,0.6577322483062744,0.6440821290016174
28786,0.5694173574447632,0.5752520561218262,0.5657033920288086,0.5580682158470154
28787,0.110107421875,0.20833946764469147,0.20503923296928406,0.45336052775382996
28788,0.946533203125,0.9517768621444702,1.0,0.9539540410041809
28789,0.228759765625,0.34193727374076843,0.3974803686141968,0.6351951360702515
28790,0.939453125,0.9500488042831421,0.6820816993713379,0.8558770418167114
28791,0.2044270783662796,0.2383260726928711,0.8472668528556824,0.7984564304351807
28792,0.304931640625,0.37238895893096924,0.49493172764778137,0.6151356101036072
28793,0.228759765625,0.31389421224594116,0.6461858153343201,0.7331295609474182
28794,0.304931640625,0.38056764006614685,0.49493172764778137,0.7073726654052734
28795,0.1106770858168602,0.17475485801696777,0.18525049090385437,0.31239503622055054
28796,0.2774251401424408,0.3489450216293335,0.8435737490653992,0.8177304863929749
28797,0.323974609375,0.35633814334869385,0.6861420273780823,0.6216289401054382
28798,0.940673828125,0.9488824605941772,0.6212818622589111,0.810185968875885
28799,0.304931640625,0.373874306678772,0.6151177287101746,0.7338709235191345
28800,0.0,0.02087053656578064,0.0,0.06421446800231934
28801,0.02083333395421505,0.0995137169957161,0.04811027646064758,0.27826258540153503
28802,0.47265625,0.5317432880401611,0.8178747296333313,0.8548294901847839
28803,0.9444172978401184,0.9534203410148621,0.7589633464813232,0.8948989510536194
28804,0.110107421875,0.18178829550743103,0.1428571492433548,0.24602705240249634
28805,0.228759765625,0.357877641916275,0.3198178708553314,0.7031302452087402
28807,0.110107421875,0.20677560567855835,0.16497723758220673,0.4026309549808502
28808,0.304931640625,0.34990209341049194,1.0,0.7445530891418457
28809,0.260498046875,0.27433428168296814,0.8026120662689209,0.6905699968338013
28810,0.393798828125,0.4429020881652832,0.5977610945701599,0.7464410066604614
28811,0.110107421875,0.21399158239364624,0.22686867415905,0.6065451502799988
28812,0.03125,0.0537458136677742,0.29608193039894104,0.654615581035614
28813,0.304931640625,0.3848564028739929,0.4285714626312256,0.520061194896698
28814,0.146728515625,0.19876345992088318,0.48975956439971924,0.6190206408500671
28815,0.946533203125,0.9528711438179016,0.8793432712554932,0.8893802762031555
28816,0.47265625,0.5345046520233154,0.8178747296333313,0.8926423788070679
28817,0.968017578125,0.9680467247962952,1.0,0.9135398268699646
28818,0.0,0.0069444444961845875,0.0,0.3010300099849701
28819,0.584228515625,0.5846037864685059,0.7689103484153748,0.7843324542045593
28820,0.2044270783662796,0.21952757239341736,0.6490147709846497,0.6766670346260071
28821,0.150390625,0.21926939487457275,0.4525081515312195,0.598721444606781
28822,0.2774251401424408,0.33309388160705566,0.8435737490653992,0.6421867609024048
28823,0.94140625,0.949450671672821,0.7200049757957458,0.7126414179801941
28824,0.304931640625,0.36402982473373413,1.0,0.830696165561676
28825,0.197998046875,0.26748502254486084,0.6871474981307983,0.7218415141105652
28826,0.0,0.05348074808716774,0.0,0.36873191595077515
28827,0.940673828125,0.944292426109314,0.8770246505737305,0.906933069229126
28828,0.518798828125,0.5564306378364563,0.8046129941940308,0.738432765007019
28829,0.9507649540901184,0.9577113389968872,0.6379934549331665,0.7672287225723267
28830,0.304931640625,0.3758629262447357,0.6151177287101746,0.7680193781852722
28831,0.701171875,0.7081654071807861,0.7184317708015442,0.7741480469703674
28832,0.951904296875,0.9554409980773926,0.8690900206565857,0.831851601600647
28834,0.518798828125,0.5811020731925964,0.8046129941940308,0.9303838014602661
28835,0.30078125,0.35103368759155273,0.5307213068008423,0.6183728575706482
28836,0.110107421875,0.16778317093849182,0.3951442539691925,0.6629354357719421
28837,0.967041015625,0.9675856828689575,0.8122885227203369,0.8127567768096924
28838,0.166259765625,0.20957428216934204,0.5307213068008423,0.46291103959083557
28839,0.05078125,0.07968568801879883,0.5307212471961975,0.540467381477356
28840,0.2774251401424408,0.3574489653110504,0.5188971757888794,0.674238383769989
28841,0.2774251401424408,0.3611781597137451,0.36153164505958557,0.5289870500564575
28842,0.518798828125,0.5447914004325867,1.0,0.9831399321556091
28843,0.580322265625,0.6176029443740845,0.86592036485672,0.8423466682434082
28844,0.260498046875,0.31891506910324097,0.34397661685943604,0.44406116008758545
28845,0.304931640625,0.3717467784881592,1.0,0.9470909833908081
28846,0.228759765625,0.3270106613636017,0.3198178708553314,0.5633150339126587
28847,0.091796875,0.1437959522008896,0.10110574960708618,0.2180573046207428
28848,0.110107421875,0.2152201533317566,0.16497723758220673,0.437895804643631
28849,0.02083333395421505,0.0433291494846344,0.07821311801671982,0.1435490995645523
28850,0.580322265625,0.6224244832992554,0.86592036485672,0.9593261480331421
28851,0.03125,0.07782745361328125,0.15273310244083405,0.36972126364707947
28852,0.228759765625,0.2839977741241455,0.2245950698852539,0.3094542920589447
28853,0.304931640625,0.3995436429977417,0.49493172764778137,0.7849166989326477
28854,0.0625,0.11348342150449753,0.23463936150074005,0.4017409682273865
28855,0.4375,0.447479248046875,0.8609101176261902,0.9435171484947205
28856,0.580322265625,0.6169940829277039,0.86592036485672,0.8595529794692993
28857,0.9388020634651184,0.9418439269065857,0.8427215218544006,0.7999451160430908
28858,0.2774251401424408,0.34008461236953735,0.8435737490653992,0.8464601039886475
28859,0.08203125,0.16668744385242462,0.23463936150074005,0.4980578124523163
28860,0.393798828125,0.44225165247917175,0.8579513430595398,0.8804804682731628
28861,0.228759765625,0.25488483905792236,0.6461858153343201,0.6259139776229858
28862,0.951904296875,0.9566470980644226,0.8690900206565857,0.8717178106307983
28863,0.518798828125,0.5549474954605103,0.6967307925224304,0.711948812007904
28864,0.110107421875,0.164393812417984,0.5158474445343018,0.7447719573974609
28865,0.146728515625,0.2071482390165329,0.58057701587677,0.820572555065155
28866,0.556884765625,0.5940768718719482,0.8308104276657104,0.8898217678070068
28867,0.518798828125,0.570614755153656,0.6967307925224304,0.7991042137145996
28868,0.9507649540901184,0.9556383490562439,0.8898733854293823,0.9734362363815308
28869,0.951904296875,0.956683874130249,0.8690900206565857,0.8501620888710022
28870,0.9507649540901184,0.9575979709625244,0.7292529344558716,0.7642528414726257
28871,0.959228515625,0.9597829580307007,0.7631344795227051,0.8561280369758606
28872,0.110107421875,0.1620795577764511,0.3333333134651184,0.5471950769424438
28873,0.374755859375,0.4041651487350464,0.7617307901382446,0.5986517071723938
28874,0.2774251401424408,0.31068870425224304,0.8435737490653992,0.8506073355674744
28875,0.2774251401424408,0.3413159251213074,0.8435737490653992,0.744762659072876
28876,0.946533203125,0.953724205493927,0.8026000261306763,0.785965621471405
28877,0.0,0.015625,0.0,0.43067657947540283
28878,0.150390625,0.16229248046875,0.7002755999565125,0.7285735607147217
28879,0.431884765625,0.45568138360977173,0.7318407297134399,0.6021857261657715
28880,0.110107421875,0.1574496030807495,0.3333333134651184,0.36218777298927307
28881,0.943359375,0.9465346336364746,0.9184463024139404,0.8929533958435059
28882,0.968017578125,0.9680513739585876,1.0,0.8546793460845947
28883,0.488037109375,0.5313668251037598,0.7069194316864014,0.6766712665557861
28884,0.9444172978401184,0.9517043232917786,0.7589633464813232,0.7532063722610474
28885,0.146728515625,0.2352313995361328,0.24239754676818848,0.47608035802841187
28886,0.2774251401424408,0.39380237460136414,0.36153164505958557,0.6879445910453796
28887,0.939453125,0.943520188331604,0.8987017273902893,0.9345982670783997
28888,0.0625,0.11928580701351166,0.1854327917098999,0.4656447470188141
28889,0.0625,0.1064453125,0.1854327917098999,0.3690679967403412
28890,0.304931640625,0.3839990794658661,0.49493172764778137,0.7424687743186951
28891,0.0625,0.09685373306274414,0.24207624793052673,0.36325469613075256
28892,0.166259765625,0.23236152529716492,0.5307213068008423,0.6254019737243652
28893,0.0,0.0267857164144516,0.0,0.06688248366117477
28894,0.212890625,0.2614883482456207,0.67329341173172,0.7840874791145325
28895,0.091796875,0.11275386810302734,0.7653606534004211,0.5730379819869995
28896,0.3599446713924408,0.42915621399879456,0.5626510977745056,0.8531396389007568
28897,0.9375,0.939453125,0.8155369758605957,0.6745977997779846
28898,0.365234375,0.3893779516220093,0.789595901966095,0.8043598532676697
28899,0.567138671875,0.6093981862068176,0.7988805174827576,0.7632425427436829
28900,0.146728515625,0.2105282098054886,0.48975956439971924,0.5908792018890381
28901,0.946533203125,0.9533141851425171,0.8026000261306763,0.7262219786643982
28902,0.0,0.0078125,0.0,0.14804096519947052
28903,0.0,0.013671875,0.0,0.09238546341657639
28904,0.304931640625,0.39212387800216675,0.49493172764778137,0.6974055171012878
28905,0.197998046875,0.2817510962486267,0.6871474981307983,0.8532721400260925
28906,0.0,0.04476022720336914,0.0,0.2633259892463684
28907,0.2774251401424408,0.3771897256374359,0.4175114035606384,0.6455186605453491
28908,0.197998046875,0.27875274419784546,0.6871474981307983,0.8069846630096436
28909,0.580322265625,0.6169610023498535,0.86592036485672,0.8925143480300903
28910,0.02083333395421505,0.06978114694356918,0.038710154592990875,0.12701961398124695
28911,0.304931640625,0.35295751690864563,0.6151177287101746,0.5939337611198425
28912,0.1875,0.25303131341934204,0.4692787230014801,0.5798414349555969
28913,0.560546875,0.56952303647995,0.4981783330440521,0.4919472336769104
28914,0.518798828125,0.5819444060325623,0.6967307925224304,0.9338964223861694
28915,0.110107421875,0.14191046357154846,1.0,0.9726646542549133
28916,0.943359375,0.951418399810791,0.7371450066566467,0.707049548625946
28917,0.110107421875,0.16778317093849182,0.3333333134651184,0.46395939588546753
28918,0.2774251401424408,0.3365475535392761,0.8435737490653992,0.7346562147140503
28919,0.08203125,0.14237335324287415,0.27814918756484985,0.5784044861793518
28920,0.08984375,0.13602188229560852,0.3333333134651184,0.4460375905036926
28921,0.469970703125,0.4800538122653961,0.3877114951610565,0.6650618314743042
28922,0.0,0.0,0.0,0.0
28923,0.197998046875,0.26192009449005127,0.23883214592933655,0.33886244893074036
28924,0.967041015625,0.9675426483154297,0.9284793138504028,0.8445953130722046
28926,0.166259765625,0.22426371276378632,0.5307213068008423,0.6803343296051025
28927,0.166259765625,0.2367699295282364,0.5307213068008423,0.8165703415870667
28928,0.943359375,0.949608564376831,0.9184463024139404,0.8816316723823547
28929,0.580322265625,0.6057092547416687,1.0,0.9430612325668335
28930,0.940673828125,0.9456837177276611,0.5768473744392395,0.5756992697715759
28931,0.0625,0.0625,1.0,1.0
28932,0.110107421875,0.2689725160598755,0.12251799553632736,0.47144171595573425
28933,0.304931640625,0.37751758098602295,0.49493172764778137,0.6763128638267517
28934,0.9444172978401184,0.9508598446846008,0.9456308484077454,0.9609842300415039
28935,0.260498046875,0.3477703332901001,0.34397661685943604,0.40857866406440735
28936,0.580322265625,0.6237885355949402,0.86592036485672,0.8672683835029602
28937,0.580322265625,0.6425828337669373,0.5636333227157593,0.7307503819465637
28938,0.967041015625,0.9673795104026794,1.0,0.9369209408760071
28939,0.9444172978401184,0.9526583552360535,0.7589633464813232,0.7933194041252136
28940,0.967041015625,0.9673623442649841,1.0,0.9039149284362793
28941,0.946533203125,0.9502363204956055,0.8026000261306763,0.7817932963371277
28942,0.968017578125,0.9680472016334534,1.0,0.8738834857940674
28943,0.571533203125,0.5775657892227173,0.6093400716781616,0.6867201328277588
28944,0.968017578125,0.9680438041687012,1.0,0.9391158819198608
28945,0.393798828125,0.4382794499397278,0.8579513430595398,0.8395912051200867
28946,0.968017578125,0.9680472016334534,1.0,0.8738834857940674
28947,0.956298828125,0.9589931964874268,1.0,0.7421958446502686
28948,0.967041015625,0.9674451351165771,1.0,0.9785429239273071
28949,0.9673665165901184,0.9676952362060547,1.0,0.8909115195274353
28950,0.9668782353401184,0.9675778746604919,0.7810032963752747,0.7215918898582458
28951,0.580322265625,0.6425828337669373,0.5636333227157593,0.7307503819465637
28952,0.968017578125,0.9680472612380981,1.0,0.8738834857940674
28953,0.953369140625,0.9575685262680054,0.912726640701294,0.9642401933670044
28954,0.503173828125,0.5051069259643555,0.6796846985816956,0.700089156627655
28955,0.166259765625,0.21942681074142456,0.5307213068008423,0.7402071356773376
28956,0.488037109375,0.49138450622558594,0.9721211791038513,0.961615264415741
28957,0.2774251401424408,0.35155951976776123,0.8435737490653992,0.8274601697921753
28958,0.02083333395421505,0.04978688806295395,0.23463936150074005,0.3468533158302307
28959,0.304931640625,0.3647634983062744,1.0,0.8311448097229004
28960,0.12109375,0.16829049587249756,0.46358197927474976,0.6346186399459839
28961,0.0625,0.0753173828125,0.4692787230014801,0.3531438112258911
28962,0.518798828125,0.581228494644165,0.8046129941940308,0.9315711259841919
28963,0.110107421875,0.11869049072265625,1.0,0.9709285497665405
28964,0.110107421875,0.15170370042324066,0.3333333134651184,0.3707083761692047
28965,0.166259765625,0.18403451144695282,0.8213136792182922,0.7362704277038574
28966,0.263671875,0.3076944351196289,0.4707868993282318,0.538841724395752
28967,0.499755859375,0.5218300819396973,0.9037794470787048,0.8940911889076233
28968,0.556884765625,0.5997849702835083,0.8308104276657104,0.8183436393737793
28969,0.556884765625,0.6048004627227783,0.8308104276657104,0.8529369831085205
28970,0.0,0.02734375,0.0,0.5012658834457397
28971,0.0,0.08057337999343872,0.0,0.30571258068084717
28972,0.304931640625,0.36948367953300476,0.49493172764778137,0.6078869700431824
28973,0.2044270783662796,0.27570292353630066,0.3367719352245331,0.4493667781352997
28974,0.1106770858168602,0.13673564791679382,0.4437016248703003,0.5109935402870178
28975,0.304931640625,0.35031357407569885,1.0,0.7406041026115417
28976,0.110107421875,0.16093946993350983,0.5158474445343018,0.6630427837371826
28977,0.02083333395421505,0.0292038694024086,0.04811027646064758,0.0653020516037941
28978,0.466064453125,0.49654051661491394,0.7823625802993774,0.8425661325454712
28979,0.12109375,0.18895554542541504,0.3910655975341797,0.5475038290023804
28980,0.393798828125,0.46996933221817017,0.38908666372299194,0.7338127493858337
28981,0.03125,0.0714569091796875,0.11699506640434265,0.2967228591442108
28982,0.0,0.01878720335662365,0.0,0.10537698119878769
28984,0.580322265625,0.6200092434883118,0.86592036485672,0.8725770711898804
28986,0.228759765625,0.28531119227409363,0.3974803686141968,0.5698752999305725
28987,0.260498046875,0.32182878255844116,0.34397661685943604,0.45732226967811584
28988,0.228759765625,0.26060548424720764,0.3198178708553314,0.3304555118083954
28989,0.488037109375,0.5678965449333191,0.6121358871459961,0.7724409699440002
28990,0.1875,0.21691548824310303,0.7262287139892578,0.7022325992584229
28991,0.946533203125,0.9503129720687866,1.0,0.9117011427879333
28992,0.606689453125,0.6364960670471191,0.6509066820144653,0.6167204976081848
28993,0.956298828125,0.9582942724227905,1.0,0.9845731854438782
28994,0.09375,0.13494813442230225,0.29608193039894104,0.4686344265937805
28995,0.9444172978401184,0.9472775459289551,0.9456308484077454,0.892316460609436
28996,0.606689453125,0.6379349827766418,0.46666663885116577,0.47759151458740234
28997,0.9444172978401184,0.9480360150337219,0.9456308484077454,0.935167670249939
28998,0.0,0.0267857164144516,0.0,0.27541154623031616
28999,0.943115234375,0.9487464427947998,0.819014847278595,0.8335034847259521
29000,0.110107421875,0.17273856699466705,0.3333333134651184,0.45972079038619995
29001,0.304931640625,0.37099727988243103,1.0,0.9053206443786621
29002,0.3599446713924408,0.4002729058265686,0.8075588941574097,0.7271166443824768
29003,0.228759765625,0.27100902795791626,0.6461858153343201,0.5255664587020874
29004,0.304931640625,0.362488329410553,1.0,0.8481065034866333
29005,0.580322265625,0.6149200797080994,0.86592036485672,0.8401739597320557
29006,0.166259765625,0.23601336777210236,0.5307213068008423,0.81080162525177
29007,0.9507649540901184,0.9534739851951599,0.974961519241333,0.9080265760421753
29008,0.3599446713924408,0.42741554975509644,0.5626510977745056,0.7864527106285095
29009,0.1875,0.23037123680114746,0.5562983751296997,0.8328543901443481
29010,0.943115234375,0.9547553062438965,0.5359453558921814,0.8113071322441101
29011,0.967041015625,0.967446506023407,0.9284793138504028,0.8588824272155762
29012,0.304931640625,0.35808494687080383,1.0,0.8358762264251709
29013,0.110107421875,0.17436359822750092,0.5158474445343018,0.7715533971786499
29014,0.943115234375,0.9498212337493896,0.6126077175140381,0.6761608719825745
29015,0.968017578125,0.9680502414703369,1.0,0.955793559551239
29016,0.967041015625,0.967441976070404,0.9284793138504028,0.9088383316993713
29017,0.9507649540901184,0.9533271789550781,0.8898733854293823,0.7521772384643555
29018,0.956298828125,0.9585965275764465,1.0,0.8753165602684021
29019,0.518798828125,0.589752197265625,0.6967307925224304,0.830559253692627
29021,0.166259765625,0.2362831085920334,0.5307213068008423,0.5246556997299194
29022,0.571533203125,0.5773864388465881,0.6093400716781616,0.6164684295654297
29023,0.05078125,0.08644390106201172,0.2097114622592926,0.3557886779308319
29024,0.580322265625,0.6226162910461426,0.86592036485672,0.9395227432250977
29025,0.943115234375,0.950642466545105,0.819014847278595,0.9205038547515869
29026,0.304931640625,0.3407643139362335,0.30563369393348694,0.3311607837677002
29027,0.5694172978401184,0.5729703903198242,0.6197949647903442,0.5880606174468994
29028,0.393798828125,0.43698063492774963,0.8579513430595398,0.8059243559837341
29030,0.0,0.04708658903837204,0.0,0.24344082176685333
29031,0.228759765625,0.2800588309764862,0.6461858153343201,0.52897047996521
29032,0.518798828125,0.5677152276039124,1.0,0.9672089219093323
29033,0.9673665165901184,0.9675689935684204,1.0,0.9139431118965149
29034,0.505615234375,0.5069955587387085,0.6504693627357483,0.635685920715332
29035,0.228759765625,0.31972503662109375,0.3198178708553314,0.4889826476573944
29036,0.531982421875,0.5620688199996948,0.8617600202560425,0.8142203688621521
29037,0.1106770858168602,0.2020857334136963,0.18525049090385437,0.43354785442352295
29038,0.9388020634651184,0.9465849995613098,0.7410414814949036,0.7770575881004333
29039,0.228759765625,0.277987539768219,0.3198178708553314,0.41613346338272095
29040,0.959228515625,0.959568202495575,0.7631344795227051,0.5819521546363831
29041,0.956298828125,0.9611534476280212,0.7169486284255981,0.9372990727424622
29042,0.0,0.012500000186264515,0.0,0.1510196030139923
29043,0.556884765625,0.5893446207046509,0.9594535827636719,0.9243976473808289
29044,0.261474609375,0.3188381493091583,0.4285714626312256,0.5672486424446106
29045,0.962158203125,0.9624549150466919,0.9625431895256042,0.8555294871330261
29046,0.166259765625,0.23676994442939758,0.5307213068008423,0.5791053771972656
29047,0.14453125,0.22706006467342377,0.5307213068008423,0.6721180081367493
29048,0.1875,0.21299275755882263,0.7262287139892578,0.811744749546051
29049,0.956298828125,0.9585877656936646,1.0,0.8706306219100952
29050,0.12109375,0.2195034921169281,0.3910655975341797,0.6481555104255676
29051,0.47265625,0.539100706577301,0.6580725908279419,0.7623063325881958
29052,0.166259765625,0.22115768492221832,0.5307213068008423,0.7705574035644531
29053,0.9668782353401184,0.967404842376709,0.892719030380249,0.8971244096755981
29054,0.556884765625,0.5921039581298828,0.8308104276657104,0.7729716300964355
29055,0.946533203125,0.9537421464920044,0.6577322483062744,0.7576072812080383
29056,0.9668782353401184,0.9673388004302979,0.7810032963752747,0.5590792298316956
29057,0.03125,0.06136614829301834,0.29608193039894104,0.42724451422691345
29058,0.946533203125,0.952765703201294,0.8026000261306763,0.860016942024231
29059,0.03125,0.03125,0.29608193039894104,0.1909208595752716
29060,0.967041015625,0.9674291014671326,0.9284793138504028,0.8406566977500916
29061,0.16796875,0.24996152520179749,0.276936799287796,0.5730490684509277
29062,0.02083333395421505,0.02083333395421505,0.5,0.5
29063,0.393798828125,0.4398203194141388,0.690318763256073,0.7631431818008423
29064,0.1875,0.2092633992433548,0.4692787230014801,0.3681943714618683
29065,0.9507649540901184,0.9547318816184998,0.8898733854293823,0.8835092186927795
29066,0.518798828125,0.6082409620285034,0.496870219707489,0.7883933186531067
29067,0.943115234375,0.9469737410545349,0.9313938021659851,0.9507185220718384
29068,0.967041015625,0.9675745964050293,0.8122885227203369,0.8392620086669922
29069,0.3599446713924408,0.42558541893959045,0.5626510977745056,0.5666284561157227
29070,0.0625,0.0625,1.0,1.0
29071,0.304931640625,0.3820761740207672,0.4285714626312256,0.6747806072235107
29073,0.260498046875,0.316466361284256,0.49370092153549194,0.49543261528015137
29074,0.0,0.008928571827709675,0.0,0.09180385619401932
29075,0.260498046875,0.36265772581100464,0.49370092153549194,0.7588540315628052
29076,0.166259765625,0.22613167762756348,0.5307213068008423,0.5244612693786621
29077,0.0,0.0,0.0,0.0
29078,0.956298828125,0.9597300291061401,1.0,0.8906754851341248
29079,0.0625,0.0625,1.0,1.0
29080,0.304931640625,0.373099148273468,0.6151177287101746,0.7061831951141357
29081,0.05078125,0.10153043270111084,0.17690707743167877,0.39859914779663086
29082,0.08203125,0.1634608805179596,0.15969696640968323,0.45149871706962585
29083,0.14453125,0.22614851593971252,0.32645606994628906,0.5340054631233215
29084,0.260498046875,0.3448886275291443,0.397238165140152,0.6358594298362732
29085,0.110107421875,0.19738687574863434,0.3333333134651184,0.5328179001808167
29086,0.260498046875,0.3320179581642151,0.8026120662689209,0.7638363838195801
29087,0.304931640625,0.37558865547180176,1.0,0.9575862288475037
29088,0.2774251401424408,0.33210790157318115,0.5188971757888794,0.5504652261734009
29089,0.946533203125,0.9547017812728882,0.575423002243042,0.6982356309890747
29090,0.228759765625,0.24514806270599365,0.7660098671913147,0.6248314380645752
29091,0.091796875,0.097900390625,0.7653606534004211,0.7541985511779785
29092,0.947998046875,0.9559749960899353,0.6841284036636353,0.8229900598526001
29093,0.2774251401424408,0.32272300124168396,0.8435737490653992,0.716174840927124
29094,0.0625,0.0887451171875,0.10646463930606842,0.22633574903011322
29095,0.03125,0.05727386474609375,0.29608193039894104,0.3660246431827545
29096,0.580322265625,0.6138665676116943,1.0,0.9686951637268066
29097,0.110107421875,0.16208674013614655,0.20503923296928406,0.30489933490753174
29098,0.633056640625,0.6373951435089111,0.715326726436615,0.7948766946792603
29099,0.197998046875,0.2817510962486267,0.6871474981307983,0.8532721400260925
29100,0.962158203125,0.9625531435012817,0.9625431895256042,0.8398890495300293
29101,0.946533203125,0.9489743113517761,1.0,0.9271380305290222
29102,0.518798828125,0.5759317874908447,0.8046129941940308,0.8338095545768738
29103,0.518798828125,0.5522993206977844,1.0,0.8352992534637451
29104,0.518798828125,0.5774879455566406,0.6967307925224304,0.8509141802787781
29105,0.518798828125,0.563068687915802,0.8046129941940308,0.8065193891525269
29106,0.959228515625,0.959998607635498,0.7631344795227051,0.8805015087127686
29107,0.278564453125,0.31746089458465576,0.45805788040161133,0.5995691418647766
29108,0.260498046875,0.3023664355278015,0.8026120662689209,0.6871397495269775
29109,0.304931640625,0.3680547773838043,0.49493172764778137,0.6335751414299011
29110,0.03125,0.10610294342041016,0.11699506640434265,0.49465686082839966
29111,0.228759765625,0.350594699382782,0.3198178708553314,0.6495617628097534
29112,0.431884765625,0.45032593607902527,0.8451594114303589,0.7244906425476074
29113,0.606689453125,0.6262507438659668,1.0,0.8413980603218079
29114,0.580322265625,0.6161539554595947,0.86592036485672,0.7296334505081177
29115,0.2774251401424408,0.341934472322464,0.8435737490653992,0.7305077910423279
29116,0.110107421875,0.17237377166748047,0.3333333134651184,0.40257173776626587
29117,0.957763671875,0.9581094980239868,0.8271697163581848,0.8630731701850891
29118,0.951171875,0.9549468159675598,0.9282863140106201,0.8549134135246277
29119,0.2774251401424408,0.28129324316978455,1.0,0.7279371023178101
29120,0.518798828125,0.563774585723877,0.6967307925224304,0.7073081135749817
29121,0.431884765625,0.4804028272628784,0.7318407297134399,0.7739344239234924
29122,0.0,0.0223563052713871,0.0,0.060041386634111404
29123,0.940673828125,0.9439237713813782,1.0,1.0
29124,0.150390625,0.24793587625026703,0.2783457934856415,0.5209262371063232
29125,0.14453125,0.167762890458107,0.5307213068008423,0.516006350517273
29126,0.304931640625,0.33525919914245605,1.0,0.7832773327827454
29127,0.9673665165901184,0.9678930044174194,0.8748590350151062,0.950134813785553
29128,0.946533203125,0.9519683718681335,0.7083972692489624,0.7545531392097473
29129,0.3599446713924408,0.41614288091659546,0.5626510977745056,0.536253809928894
29130,0.956298828125,0.9601900577545166,1.0,0.905754029750824
29131,0.455078125,0.49114033579826355,0.5907889604568481,0.5421828627586365
29132,0.304931640625,0.37751758098602295,0.6151177287101746,0.7731227278709412
29133,0.228759765625,0.31244558095932007,0.3974803686141968,0.5601503849029541
29134,0.956298828125,0.958260715007782,1.0,0.9656850695610046
29135,0.9507649540901184,0.9550124406814575,0.8898733854293823,0.8731892108917236
29136,0.953369140625,0.9569435119628906,1.0,0.9557867050170898
29137,0.1875,0.23104897141456604,0.23226092755794525,0.2633427679538727
29138,0.946533203125,0.9525185823440552,0.575423002243042,0.5674434304237366
29139,0.260498046875,0.3622957468032837,0.22389668226242065,0.5262497067451477
29140,0.499755859375,0.5251054167747498,0.9037794470787048,0.8175227642059326
29141,0.3599446713924408,0.40547171235084534,0.5626510977745056,0.5995787382125854
29142,0.110107421875,0.1569698005914688,0.22686867415905,0.36120617389678955
29143,0.091796875,0.16076508164405823,0.255120187997818,0.5488149523735046
29144,0.968017578125,0.968038022518158,1.0,0.7897375822067261
29145,0.518798828125,0.5689680576324463,0.6967307925224304,0.5684075951576233
29146,0.531982421875,0.5596562623977661,0.7462155222892761,0.6564823985099792
29147,0.518798828125,0.5842387080192566,0.6967307925224304,0.7238200306892395
29148,0.12109375,0.3056184947490692,0.07821311801671982,0.33000046014785767
29149,0.263671875,0.30738604068756104,0.7653606534004211,0.5749391317367554
29150,0.304931640625,0.37751758098602295,1.0,1.0
29151,0.12109375,0.19630460441112518,0.3910655975341797,0.51360684633255
29152,0.0,0.0,0.0,0.0
29153,0.94140625,0.9483366012573242,0.5900454521179199,0.5056589245796204
29154,0.953369140625,0.9568941593170166,1.0,0.9455140233039856
29156,0.304931640625,0.31855058670043945,1.0,0.7836586236953735
29157,0.967041015625,0.9674056768417358,1.0,0.9403303861618042
29158,0.0,0.04065413773059845,0.0,0.37785962224006653
29159,0.943115234375,0.9489790201187134,0.6597968339920044,0.6950902938842773
29160,0.44921875,0.48898518085479736,0.5027986764907837,0.6408946514129639
29161,0.455078125,0.4812164008617401,0.7342523336410522,0.70658278465271
29162,0.967041015625,0.9673488140106201,1.0,0.925847053527832
29163,0.260498046875,0.32547497749328613,0.8026120662689209,0.7130523324012756
29164,0.939453125,0.9414576292037964,0.8498401045799255,0.8057479858398438
29165,0.263671875,0.33449864387512207,0.7653606534004211,0.7148514986038208
29166,0.0,0.0069444444961845875,0.0,0.14126698672771454
29167,0.110107421875,0.19521072506904602,0.3333333134651184,0.7294842600822449
29168,0.0,0.008928571827709675,0.0,0.3333333432674408
29169,0.146728515625,0.1809651255607605,0.3012597858905792,0.35206517577171326
29170,0.110107421875,0.110107421875,1.0,1.0
29171,0.943115234375,0.9480189681053162,0.9313938021659851,0.8658760786056519
29172,0.228759765625,0.2967762351036072,0.6461858153343201,0.6435613036155701
29173,0.166259765625,0.21330100297927856,0.5307213068008423,0.5497211217880249
29174,0.0,0.0,0.0,0.0
29175,0.02083333395421505,0.0803360790014267,0.07821311801671982,0.28600019216537476
29176,0.304931640625,0.38341039419174194,0.6151177287101746,0.7661309242248535
29177,0.110107421875,0.14361272752285004,0.3951442539691925,0.4865104556083679
29178,0.110107421875,0.1588565558195114,1.0,1.0
29179,0.556884765625,0.6080828905105591,0.8308104276657104,0.8423730731010437
29180,0.499755859375,0.5777682662010193,0.629690945148468,0.7828309535980225
29181,0.197998046875,0.24808578193187714,0.42267662286758423,0.43264544010162354
29182,0.278564453125,0.2829785943031311,0.5692896842956543,0.49933406710624695
29183,0.706298828125,0.707077145576477,0.871160089969635,0.8443241715431213
29184,0.2774251401424408,0.3280943036079407,0.8435737490653992,0.651726245880127
29185,0.05078125,0.10278032720088959,0.2737712264060974,0.5415339469909668
29186,0.490234375,0.572439432144165,0.5961710214614868,0.8150730133056641
29187,0.2774251401424408,0.3371390402317047,0.5188971757888794,0.5165510177612305
29188,0.2774251401424408,0.3721716105937958,0.36153164505958557,0.7072829008102417
29189,0.1875,0.2081298828125,0.5562983751296997,0.6502800583839417
29190,0.556884765625,0.5996087193489075,0.8308104276657104,0.815302312374115
29191,0.260498046875,0.3250259757041931,0.49370092153549194,0.579096794128418
29192,0.580322265625,0.618903636932373,0.86592036485672,0.9029874801635742
29193,0.703369140625,0.7067482471466064,0.8588406443595886,0.8201093673706055
29194,0.9375,0.948156476020813,0.5364049673080444,0.7220945954322815
29195,0.08203125,0.15639398992061615,0.23463936150074005,0.4938548803329468
29196,0.02083333395421505,0.05877867341041565,0.12103812396526337,0.43068039417266846
29197,0.03125,0.07297182083129883,0.15273310244083405,0.35999929904937744
29198,0.9507649540901184,0.9577003121376038,0.6379934549331665,0.8267470002174377
29199,0.0,0.01875000074505806,0.0,0.14891381561756134
29200,0.05078125,0.1572296917438507,0.13908983767032623,0.5048612356185913
29201,0.197998046875,0.2281283438205719,0.34009110927581787,0.3070755898952484
29202,0.091796875,0.1581772118806839,0.30242785811424255,0.5494154691696167
29203,0.260498046875,0.3442510664463043,0.8026120662689209,0.9074249863624573
29204,0.9444172978401184,0.9500401616096497,0.8315341472625732,0.8237651586532593
29205,0.9388020634651184,0.9406126737594604,0.8911738991737366,0.8472290635108948
29206,0.260498046875,0.3268605172634125,0.8026120662689209,0.7708688378334045
29207,0.580322265625,0.6111717224121094,0.86592036485672,0.7749161124229431
29208,0.946533203125,0.9513311982154846,0.7083972692489624,0.7133724689483643
29209,0.228759765625,0.31279945373535156,0.6461858153343201,0.7708688378334045
29210,0.47265625,0.5359739065170288,0.5698384642601013,0.7112846374511719
29211,0.943115234375,0.9501605033874512,0.7475366592407227,0.8344627022743225
29212,0.0625,0.08840179443359375,0.1854327917098999,0.2588934004306793
29213,0.03125,0.052764892578125,0.29608193039894104,0.6462302803993225
29214,0.9668782353401184,0.9669958353042603,0.9614850282669067,0.843292772769928
29215,0.943115234375,0.9454724788665771,0.9313938021659851,0.8169124722480774
29216,0.2044270783662796,0.2392028272151947,0.5474918484687805,0.5928871035575867
29217,0.2044270783662796,0.30060434341430664,0.5474918484687805,0.7144097685813904
29218,0.946533203125,0.9562638998031616,0.7083972692489624,0.8397113680839539
29219,0.110107421875,0.15885654091835022,0.3333333134651184,0.4351869225502014
29220,0.9673665165901184,0.9676569700241089,1.0,0.9490604400634766
29221,0.9673665165901184,0.9676811695098877,1.0,0.9365447163581848
29222,0.951904296875,0.9536468386650085,0.7122209072113037,0.6370158195495605
29223,0.260498046875,0.325583815574646,0.8026120662689209,0.6952122449874878
29224,0.304931640625,0.3382943272590637,1.0,0.7486119866371155
29225,0.03125,0.06919533759355545,0.11699506640434265,0.3444948196411133
29226,0.703369140625,0.7101629972457886,0.6423966884613037,0.7307925224304199
29227,0.09375,0.19674955308437347,0.1465403288602829,0.42940616607666016
29228,0.150390625,0.19772352278232574,0.4525081515312195,0.5042386054992676
29229,0.0625,0.0771484375,0.4692787230014801,0.39325910806655884
29230,0.968017578125,0.9680309891700745,1.0,0.825528085231781
29231,0.304931640625,0.37112390995025635,1.0,0.971580982208252
29232,0.2774251401424408,0.3272515535354614,0.8435737490653992,0.6474350094795227
29233,0.0,0.02294921875,0.0,0.16421960294246674
29234,0.947998046875,0.9520965218544006,0.8348100185394287,0.7695600390434265
29235,0.9507649540901184,0.9522739052772522,0.974961519241333,0.9001725316047668
29236,0.580322265625,0.6233205795288086,0.86592036485672,0.8898136615753174
29237,0.393798828125,0.44253259897232056,0.5977610945701599,0.7019977569580078
29238,0.953369140625,0.9574952125549316,0.912726640701294,0.9052574634552002
29239,0.228759765625,0.28192681074142456,0.6461858153343201,0.6138954758644104
29240,0.967041015625,0.9674323797225952,0.9284793138504028,0.9128277897834778
29241,0.959228515625,0.9595799446105957,0.8722942471504211,0.8138752579689026
29242,0.946533203125,0.9502102136611938,0.8793432712554932,0.7959375977516174
29243,0.9673665165901184,0.967897891998291,0.8748590350151062,0.8299148678779602
29244,0.968017578125,0.9680488109588623,1.0,0.8886452317237854
29245,0.943115234375,0.9478383660316467,0.7475366592407227,0.6457865834236145
29246,0.968017578125,0.9680488109588623,1.0,0.8886452317237854
29247,0.968017578125,0.968038022518158,1.0,0.911179780960083
29248,0.967041015625,0.9678086042404175,0.8122885227203369,0.8521599769592285
29249,0.956298828125,0.9600765109062195,1.0,0.8714092969894409
29250,0.9673665165901184,0.9678957462310791,0.8748590350151062,0.8668993711471558
29251,0.956298828125,0.9601456522941589,0.8195018768310547,0.8064943552017212
29252,0.968017578125,0.968038022518158,1.0,0.7897375822067261
29253,0.940673828125,0.9501909613609314,0.5768473744392395,0.6808639168739319
29254,0.9673665165901184,0.9678981900215149,0.8748590350151062,0.8413668274879456
29255,0.9673665165901184,0.9678909778594971,0.8748590350151062,0.8329577445983887
29256,0.956298828125,0.9600765109062195,1.0,0.8714092969894409
29257,0.953369140625,0.9588939547538757,0.912726640701294,0.8502123951911926
29258,0.946533203125,0.9515557289123535,0.8026000261306763,0.610159158706665
29259,0.947998046875,0.9514168500900269,0.9146330952644348,0.8418759703636169
29260,0.946533203125,0.9515557289123535,0.8026000261306763,0.610159158706665
29261,0.968017578125,0.968040406703949,1.0,0.8289124369621277
29262,0.947998046875,0.9525841474533081,0.8348100185394287,0.8760872483253479
29263,0.0625,0.0625,1.0,1.0
29265,0.02083333395421505,0.02083333395421505,0.5,0.5
29266,0.393798828125,0.43932586908340454,0.8579513430595398,0.8417102694511414
29267,0.166259765625,0.20850901305675507,0.8213136792182922,0.8871959447860718
29268,0.946533203125,0.9521238207817078,0.8793432712554932,0.9369209408760071
29269,0.304931640625,0.3609492778778076,1.0,0.8627977967262268
29270,0.146728515625,0.1980275809764862,0.48975956439971924,0.4556065499782562
29271,0.0,0.0,0.0,0.0
29272,0.23828125,0.25676220655441284,0.7039180994033813,0.4842313826084137
29273,0.05078125,0.0672934353351593,0.5307212471961975,0.5004041790962219
29274,0.9507649540901184,0.954925000667572,0.8898733854293823,0.9244195818901062
29275,0.946533203125,0.9523513913154602,0.6577322483062744,0.7458892464637756
29276,0.03125,0.0396205373108387,0.29608193039894104,0.4525081515312195
29277,0.166259765625,0.22809118032455444,0.5307213068008423,0.6438854336738586
29278,0.606689453125,0.6372879147529602,1.0,0.8746148347854614
29279,0.518798828125,0.5717214941978455,0.8046129941940308,0.9321507811546326
29280,0.9444172978401184,0.9508498311042786,0.7589633464813232,0.8220007419586182
29281,0.940673828125,0.9431479573249817,1.0,0.9635496139526367
29282,0.2774251401424408,0.35668066143989563,0.8435737490653992,0.8572048544883728
29283,0.2774251401424408,0.3611781597137451,0.5188971757888794,0.7164034247398376
29284,0.0625,0.0708705335855484,0.4692787230014801,0.29345571994781494
29285,0.02083333395421505,0.02734375,0.07821311801671982,0.09750436991453171
29286,0.9507649540901184,0.9548819065093994,0.8898733854293823,0.7978347539901733
29287,0.947998046875,0.9507871866226196,0.8348100185394287,0.919018566608429
29288,0.9668782353401184,0.9677813649177551,0.7810032963752747,0.896930456161499
29289,0.0,0.010416666977107525,0.0,0.08372490853071213
29290,0.2044270783662796,0.2091878205537796,0.8472668528556824,0.8306426405906677
29291,0.9673665165901184,0.9678196310997009,0.8748590350151062,0.8031452298164368
29292,0.431884765625,0.48169320821762085,0.7318407297134399,0.7865710258483887
29293,0.431884765625,0.47847476601600647,0.7318407297134399,0.8650933504104614
29294,0.518798828125,0.5529717206954956,1.0,0.9717413783073425
29295,0.0,0.0,0.0,0.0
29296,0.166259765625,0.22640249133110046,0.5307213068008423,0.8196079730987549
29297,0.946533203125,0.9526747465133667,0.8793432712554932,0.9404349327087402
29298,0.32421875,0.3261457085609436,0.4420715868473053,0.4544799327850342
29299,0.228759765625,0.3224785625934601,0.6461858153343201,0.7898916602134705
29300,0.9375,0.9403727054595947,0.8155369758605957,0.844133734703064
29301,0.488037109375,0.5401942729949951,0.7069194316864014,0.7455184459686279
29302,0.580322265625,0.614187479019165,1.0,0.9713150262832642
29303,0.304931640625,0.38061702251434326,0.6151177287101746,0.7692509889602661
29304,0.23828125,0.25065916776657104,0.7039180994033813,0.5237650275230408
29305,0.0,0.010416666977107525,0.0,0.21840745210647583
29306,0.08203125,0.19706234335899353,0.14433082938194275,0.4720308184623718
29307,0.560546875,0.563018798828125,0.9580413699150085,0.9501739740371704
29308,0.323974609375,0.3547540605068207,0.6861420273780823,0.7470839619636536
29309,0.110107421875,0.17145399749279022,0.3333333134651184,0.5969021916389465
29310,0.03125,0.1360451877117157,0.060708411037921906,0.37375569343566895
29311,0.940673828125,0.947573184967041,0.5768473744392395,0.6809567213058472
29312,0.091796875,0.16466335952281952,0.30242785811424255,0.6226347088813782
29313,0.580322265625,0.6225392818450928,0.86592036485672,0.8740461468696594
29314,0.2774251401424408,0.42990902066230774,0.20770297944545746,0.6387611031532288
29315,0.946533203125,0.9519168734550476,0.8793432712554932,0.8879517912864685
29316,0.967041015625,0.9678128361701965,0.8122885227203369,0.8739738464355469
29317,0.304931640625,0.35917389392852783,1.0,0.9825438857078552
29318,0.606689453125,0.642541229724884,1.0,0.9621404409408569
29319,0.110107421875,0.1588565558195114,1.0,1.0
29320,0.146728515625,0.23186296224594116,0.48975956439971924,0.6597656607627869
29321,0.946533203125,0.9523513317108154,0.8793432712554932,0.9325956702232361
29322,0.260498046875,0.3370521366596222,0.8026120662689209,0.812228262424469
29323,0.110107421875,0.1878405213356018,0.20503923296928406,0.3568974435329437
29324,0.08984375,0.11277076601982117,0.3333333134651184,0.3061133623123169
29325,0.110107421875,0.17273856699466705,0.3333333134651184,0.592105507850647
29326,0.304931640625,0.3440741300582886,1.0,0.8615602254867554
29327,0.466064453125,0.5842698216438293,0.3887326717376709,0.6542454957962036
29328,0.946533203125,0.950570821762085,1.0,0.8731406331062317
29329,0.304931640625,0.374919056892395,1.0,0.953712522983551
29330,0.228759765625,0.2697032690048218,0.6461858153343201,0.5387074947357178
29331,0.959228515625,0.9599993824958801,0.7631344795227051,0.8867626786231995
29332,0.659423828125,0.6622481346130371,0.8254533410072327,0.7993409037590027
29333,0.499755859375,0.5230717658996582,1.0,0.9745006561279297
29334,0.304931640625,0.3629138469696045,1.0,0.8282735347747803
29335,0.08203125,0.165968656539917,0.23463936150074005,0.4654829502105713
29336,0.966796875,0.9668317437171936,0.9422276020050049,0.8924224376678467
29337,0.197998046875,0.26332888007164,0.42267662286758423,0.5075808763504028
29338,0.580322265625,0.614187479019165,1.0,0.9713150262832642
29339,0.228759765625,0.2807947099208832,0.6461858153343201,0.6261991262435913
29340,0.1106770858168602,0.17182126641273499,0.2302355170249939,0.38482236862182617
29341,0.02083333395421505,0.0906321108341217,0.09271639585494995,0.46442654728889465
29342,0.323974609375,0.3529886305332184,0.6861420273780823,0.7230371236801147
29343,0.966796875,0.9674144387245178,0.8748388290405273,0.9445315599441528
29344,0.0,0.0062500000931322575,0.0,0.13565197587013245
29345,0.110107421875,0.1712833046913147,0.5158474445343018,0.7665913105010986
29346,0.2774251401424408,0.3342457413673401,0.5188971757888794,0.5537296533584595
29347,0.580322265625,0.6068615317344666,1.0,0.8556331992149353
29348,0.110107421875,0.17440886795520782,0.3333333134651184,0.46973758935928345
29349,0.701904296875,0.7070818543434143,0.7402501106262207,0.8209066987037659
29350,0.374755859375,0.43239104747772217,0.6128985285758972,0.7964779138565063
29351,0.0,0.046992845833301544,0.0,0.22642700374126434
29352,0.968017578125,0.968055009841919,1.0,0.94938725233078
29353,0.110107421875,0.12065744400024414,1.0,0.8233885169029236
29354,0.606689453125,0.6306762099266052,1.0,0.8484933376312256
29355,0.9444172978401184,0.9558226466178894,0.6698823571205139,0.869564950466156
29356,0.0625,0.12105390429496765,0.1854327917098999,0.4696911573410034
29357,0.05078125,0.0562744140625,0.2737712264060974,0.25186142325401306
29358,0.940673828125,0.9429616928100586,1.0,0.9487783908843994
29359,0.466064453125,0.507514238357544,0.7823625802993774,0.6742170453071594
29360,0.228759765625,0.2877861261367798,0.6461858153343201,0.6195731163024902
29361,0.110107421875,0.14677700400352478,0.3951442539691925,0.49397432804107666
29362,0.3599446713924408,0.4146836996078491,0.5626510977745056,0.6672305464744568
29363,0.260498046875,0.3383334279060364,0.8026120662689209,0.8169680833816528
29364,0.3599446713924408,0.4101964831352234,0.5626510977745056,0.7055338621139526
29365,0.943115234375,0.947935163974762,0.9313938021659851,0.866183876991272
29366,0.9444172978401184,0.9557135105133057,0.6698823571205139,0.8836086988449097
29367,0.08203125,0.15639398992061615,0.3631143569946289,0.7295697331428528
29368,0.393798828125,0.4646250307559967,0.38908666372299194,0.7159620523452759
29369,0.9444172978401184,0.9493953585624695,0.8315341472625732,0.8048486113548279
29370,0.0,0.015625,0.0,0.43067657947540283
29371,0.3599446713924408,0.41286998987197876,0.5626510977745056,0.7363958954811096
29372,0.947998046875,0.9510932564735413,0.9146330952644348,0.8258407711982727
29373,0.03125,0.0545850470662117,0.29608193039894104,0.490669846534729
29374,0.2774251401424408,0.3229582905769348,0.8435737490653992,0.6739107966423035
29375,0.9668782353401184,0.9671509265899658,0.9614850282669067,0.9359367489814758
29376,0.956298828125,0.9584545493125916,1.0,0.8234165906906128
29377,0.44921875,0.5351850390434265,0.5027986764907837,0.8044825196266174
29378,0.14453125,0.19884201884269714,0.5307213068008423,0.5403870940208435
29379,0.267578125,0.3054061830043793,0.5211794376373291,0.6034078001976013
29380,0.110107421875,0.15885654091835022,1.0,1.0
29381,0.9444172978401184,0.9464313983917236,0.9456308484077454,0.8001781702041626
29382,0.110107421875,0.1234993040561676,1.0,0.6117952466011047
29383,0.03125,0.0542399063706398,0.09869397431612015,0.18611738085746765
29384,0.1106770858168602,0.15389105677604675,0.37429505586624146,0.5442488193511963
29385,0.110107421875,0.25600355863571167,0.16497723758220673,0.5410059094429016
29386,0.197998046875,0.2538321614265442,0.34009110927581787,0.43300190567970276
29387,0.490234375,0.5156320929527283,0.8556691408157349,0.6375465989112854
29388,0.228759765625,0.2787454128265381,0.6461858153343201,0.5496618747711182
29389,0.03125,0.06554753333330154,0.29608193039894104,0.552895724773407
29390,0.263671875,0.3110950291156769,0.7653606534004211,0.674482524394989
29391,0.08203125,0.0985434353351593,0.7039180994033813,0.48189982771873474
29392,0.967041015625,0.9674321413040161,0.9284793138504028,0.9208438396453857
29393,0.9444172978401184,0.9484448432922363,0.9456308484077454,0.933643102645874
29394,0.968017578125,0.9680444002151489,1.0,0.9473429918289185
29395,0.9375,0.9384765625,0.6008664965629578,0.6181184649467468
29396,0.2774251401424408,0.35464373230934143,0.8435737490653992,0.8179680109024048
29397,0.518798828125,0.5658369064331055,0.6967307925224304,0.5711565017700195
29398,0.9673665165901184,0.9678451418876648,0.8748590350151062,0.9002506732940674
29399,0.518798828125,0.5821530222892761,0.8046129941940308,0.9602560997009277
29400,0.946533203125,0.9526153206825256,0.8793432712554932,0.9577193856239319
29401,0.946533203125,0.9507402777671814,1.0,0.8939119577407837
29402,0.967041015625,0.967433750629425,0.9284793138504028,0.9002992510795593
29403,0.110107421875,0.15378910303115845,0.3951442539691925,0.5587218999862671
29404,0.606689453125,0.6379802227020264,1.0,0.8545198440551758
29405,0.304931640625,0.3553948998451233,1.0,0.8268133997917175
29406,0.0,0.012500000186264515,0.0,0.38685280084609985
29407,0.943115234375,0.9485213756561279,0.6126077175140381,0.6359342336654663
29408,0.304931640625,0.3625262379646301,1.0,0.8103670477867126
29409,0.304931640625,0.37558865547180176,1.0,0.9575862288475037
29410,0.091796875,0.13091108202934265,0.7653606534004211,0.7887368202209473
29411,0.567138671875,0.597578763961792,0.7988805174827576,0.7674409747123718
29412,0.0,0.0,0.0,0.0
29413,0.304931640625,0.3669155538082123,1.0,0.856411337852478
29414,0.466064453125,0.5211983323097229,0.629499077796936,0.6612147688865662
29415,0.0625,0.080322265625,0.24207624793052673,0.31818830966949463
29416,0.580322265625,0.6151120066642761,1.0,1.0
29417,0.9507649540901184,0.9534955024719238,0.7292529344558716,0.6912548542022705
29419,0.956298828125,0.9584894180297852,1.0,0.8733848333358765
29420,0.304931640625,0.37066736817359924,1.0,0.908664882183075
29421,0.212890625,0.25795647501945496,0.8789618015289307,0.9235889911651611
29422,0.260498046875,0.30837100744247437,0.8026120662689209,0.6705677509307861
29423,0.260498046875,0.3313180208206177,0.8026120662689209,0.7640796303749084
29424,0.0,0.010416666977107525,0.0,0.3562071919441223
29425,0.606689453125,0.6307746171951294,1.0,1.0
29426,0.953369140625,0.9591920971870422,0.7479812502861023,0.9014661312103271
29427,0.606689453125,0.6404831409454346,1.0,0.9067779183387756
29428,0.110107421875,0.1512162685394287,1.0,0.8701250553131104
29429,0.556884765625,0.5977228879928589,0.8308104276657104,0.7846265435218811
29430,0.956298828125,0.9583606719970703,1.0,0.9284034967422485
29431,0.228759765625,0.287179172039032,0.6461858153343201,0.7503587603569031
29432,0.956298828125,0.9585745930671692,0.8195018768310547,0.7499808073043823
29434,0.499755859375,0.5602593421936035,0.629690945148468,0.7986432313919067
29435,0.0,0.0239955373108387,0.0,0.19325074553489685
29436,0.03125,0.07150280475616455,0.29608193039894104,0.466623455286026
29437,0.712158203125,0.7125094532966614,0.8569586873054504,0.8550602197647095
29438,0.110107421875,0.2237396240234375,0.22686867415905,0.5888394117355347
29439,0.946533203125,0.9500772356987,1.0,0.845713198184967
29440,0.110107421875,0.16929864883422852,0.3333333134651184,0.5917067527770996
29441,0.260498046875,0.3192172646522522,0.8026120662689209,0.7670586109161377
29442,0.260498046875,0.3442510664463043,0.8026120662689209,0.9074249863624573
29443,0.2774251401424408,0.3471916615962982,0.8435737490653992,0.744856059551239
29444,0.0,0.0078125,0.0,0.31546488404273987
29445,0.1458333432674408,0.1458333432674408,0.37262624502182007,0.35628971457481384
29446,0.110107421875,0.11525726318359375,1.0,0.9447175860404968
29447,0.228759765625,0.27100902795791626,0.7660098671913147,0.838335394859314
29448,0.488037109375,0.5324813723564148,0.6121358871459961,0.5389487147331238
29450,0.967041015625,0.9673389792442322,1.0,0.9292969107627869
29451,0.304931640625,0.37751758098602295,1.0,1.0
29452,0.469970703125,0.4799025058746338,0.47730761766433716,0.7268311977386475
29453,0.260498046875,0.2971140742301941,0.8026120662689209,0.78035968542099
29454,0.0625,0.12164092063903809,0.15642623603343964,0.2708921432495117
29455,0.556884765625,0.5928542613983154,0.8308104276657104,0.6861670017242432
29456,0.9444172978401184,0.945767879486084,1.0,0.9930170774459839
29457,0.08203125,0.15916332602500916,0.23463936150074005,0.45160016417503357
29458,0.943359375,0.9466069936752319,0.9184463024139404,0.8631293773651123
29459,0.9444172978401184,0.9484452605247498,0.8315341472625732,0.7340512871742249
29460,0.0625,0.0625,0.24207624793052673,0.17736788094043732
29461,0.1875,0.2492658942937851,0.4692787230014801,0.6110312342643738
29462,0.3599446713924408,0.4145069420337677,0.5626510977745056,0.7187861800193787
29463,0.146728515625,0.1954014003276825,0.58057701587677,0.7585962414741516
29464,0.953369140625,0.9571154117584229,0.912726640701294,0.9021390676498413
29465,0.304931640625,0.33032941818237305,1.0,0.8007254600524902
29466,0.957763671875,0.9583864212036133,0.8271697163581848,0.9237909317016602
29467,0.110107421875,0.13716420531272888,0.3951442539691925,0.4307306706905365
29468,0.956298828125,0.9589749574661255,1.0,1.0
29469,0.518798828125,0.5767152309417725,0.6967307925224304,0.7155852317810059
29470,0.08203125,0.12846121191978455,0.3631143569946289,0.5469953417778015
29471,0.967041015625,0.9674064517021179,0.9284793138504028,0.9003509879112244
29472,0.940673828125,0.9471746683120728,0.7038999795913696,0.7283907532691956
29473,0.946533203125,0.9511842727661133,0.8793432712554932,0.8223543763160706
29474,0.9375,0.9434044361114502,0.8155369758605957,0.7943126559257507
29475,0.23828125,0.32217973470687866,0.7039180994033813,0.7745541930198669
29476,0.953369140625,0.9555851221084595,0.912726640701294,0.7115806341171265
29478,0.091796875,0.16713091731071472,0.255120187997818,0.6127356886863708
29479,0.14453125,0.18643109500408173,0.5307213068008423,0.5453758835792542
29480,0.966796875,0.9669885039329529,0.9422276020050049,0.9421772360801697
29481,0.956298828125,0.9603686332702637,0.7169486284255981,0.7595258355140686
29482,0.197998046875,0.23224687576293945,0.6871474981307983,0.6441901326179504
29483,0.940673828125,0.9488029479980469,0.771205723285675,0.8582218289375305
29484,0.956298828125,0.9598288536071777,1.0,0.8222216367721558
29485,0.953369140625,0.9577322602272034,0.912726640701294,0.8103017807006836
29486,0.304931640625,0.3562714159488678,1.0,0.7940853238105774
29487,0.499755859375,0.5287710428237915,0.9037794470787048,0.8553464412689209
29488,0.606689453125,0.6242627501487732,1.0,0.8764544129371643
29489,0.946533203125,0.9519004225730896,0.6577322483062744,0.6702297329902649
29490,0.9673665165901184,0.9677446484565735,0.8748590350151062,0.7676417231559753
29491,0.556884765625,0.6034772396087646,0.8308104276657104,0.7771748900413513
29492,0.956298828125,0.9598780274391174,1.0,0.9017240405082703
29493,0.260498046875,0.3304131329059601,0.8026120662689209,0.8000632524490356
29494,0.304931640625,0.35894712805747986,1.0,0.7811726331710815
29495,0.951904296875,0.9571776986122131,0.7122209072113037,0.7459776997566223
29496,0.393798828125,0.44949769973754883,0.5977610945701599,0.691730797290802
29497,0.304931640625,0.37751761078834534,0.6151177287101746,0.7731227278709412
29498,0.304931640625,0.3813754916191101,0.6151177287101746,0.8387050032615662
29499,0.110107421875,0.1327717900276184,0.20503923296928406,0.23335951566696167
29500,0.9668782353401184,0.967141330242157,0.9614850282669067,0.9882531762123108
29501,0.304931640625,0.37751761078834534,1.0,1.0
29502,0.304931640625,0.3578824996948242,1.0,0.8159956336021423
29503,0.197998046875,0.2701072692871094,0.6871474981307983,0.6944546103477478
29504,0.556884765625,0.5938072800636292,0.8308104276657104,0.8396056294441223
29505,0.466064453125,0.5152885913848877,0.7823625802993774,0.8753360509872437
29506,0.166259765625,0.20491422712802887,0.5307213068008423,0.4245634377002716
29507,0.940673828125,0.9476962685585022,0.7038999795913696,0.8954432606697083
29508,0.14453125,0.2103789746761322,0.5307213068008423,0.5812234282493591
29509,0.959228515625,0.9600024819374084,0.7631344795227051,0.6474465131759644
29510,0.946533203125,0.9493914842605591,1.0,0.9054000973701477
29511,0.606689453125,0.6368037462234497,1.0,0.871507465839386
29512,0.2774251401424408,0.3476914167404175,0.8435737490653992,0.8210299611091614
29513,0.518798828125,0.5277093052864075,1.0,0.7726060152053833
29514,0.431884765625,0.4685235619544983,0.7318407297134399,0.6558316349983215
29515,0.953369140625,0.9563692212104797,0.912726640701294,0.8984980583190918
29516,0.304931640625,0.3693503439426422,0.49493172764778137,0.6599189639091492
29518,0.25390625,0.33557677268981934,0.25817668437957764,0.4602832794189453
29519,0.2774251401424408,0.3145333528518677,0.5188971757888794,0.45610323548316956
29520,0.304931640625,0.36840879917144775,1.0,0.896950364112854
29521,0.110107421875,0.18348509073257446,0.1428571492433548,0.2982982397079468
29522,0.9507649540901184,0.9562313556671143,0.7292529344558716,0.8384780287742615
29523,0.1106770858168602,0.14516861736774445,0.37429505586624146,0.4488666355609894
29524,0.304931640625,0.3706929385662079,1.0,0.9035650491714478
29525,0.091796875,0.1437959522008896,0.7653606534004211,0.8899540901184082
29526,0.499755859375,0.5251054167747498,0.9037794470787048,0.9219080805778503
29527,0.951904296875,0.9549353122711182,0.7122209072113037,0.6437079906463623
29528,0.956298828125,0.9589038491249084,1.0,0.9808276295661926
29529,0.23828125,0.2997317612171173,0.7039180994033813,0.7106040120124817
29530,0.260498046875,0.3256493806838989,0.8026120662689209,0.7511540651321411
29531,0.110107421875,0.13555487990379333,1.0,0.7058075666427612
29532,0.0625,0.0777587890625,0.1854327917098999,0.2107858657836914
29533,0.0625,0.17236328125,0.06199270486831665,0.3461000621318817
29534,0.560546875,0.6008316278457642,0.4981783330440521,0.5950038433074951
29535,0.1875,0.19765624403953552,0.8262346386909485,0.9327783584594727
29536,0.946533203125,0.9517863988876343,1.0,0.9722045660018921
29537,0.02083333395421505,0.0292038694024086,0.3065735995769501,0.5109560489654541
29538,0.606689453125,0.6414648294448853,1.0,0.9142230153083801
29539,0.02083333395421505,0.0342610701918602,0.23463936150074005,0.2624271512031555
29540,0.2774251401424408,0.3256024122238159,0.8435737490653992,0.8627731204032898
29541,0.304931640625,0.35980379581451416,1.0,0.7822355031967163
29542,0.0,0.0364990234375,0.0,0.2583297789096832
29543,0.943115234375,0.946885347366333,0.9313938021659851,0.9594579339027405
29544,0.953369140625,0.9564648270606995,1.0,0.9080732464790344
29545,0.212890625,0.25706785917282104,0.5679726600646973,0.5980389714241028
29546,0.2774251401424408,0.34729957580566406,0.8435737490653992,0.779417097568512
29547,0.0625,0.0753173828125,0.4692787230014801,0.5441926121711731
29548,0.606689453125,0.6250120401382446,1.0,0.8176351189613342
29549,0.228759765625,0.26714080572128296,0.6461858153343201,0.7073023915290833
29550,0.531982421875,0.5732267498970032,0.7462155222892761,0.7611285448074341
29551,0.260498046875,0.33929577469825745,0.8026120662689209,0.8551595211029053
29552,0.580322265625,0.6185011267662048,0.86592036485672,0.8785473108291626
29553,0.946533203125,0.9499772191047668,1.0,0.8916083574295044
29554,0.166259765625,0.2370482087135315,0.5307213068008423,0.683233916759491
29555,0.0,0.0351911261677742,0.0,0.23256990313529968
29556,0.0625,0.0625,0.27814918756484985,0.27814918756484985
29557,0.05078125,0.05078125,0.6934263706207275,0.6934263706207275
29558,0.304931640625,0.35679155588150024,1.0,0.7760080099105835
29559,0.968017578125,0.9680249094963074,1.0,0.943403422832489
29560,0.146728515625,0.21394197642803192,0.48975956439971924,0.5521606802940369
29562,0.304931640625,0.3784383237361908,0.4285714626312256,0.6150354743003845
29563,0.606689453125,0.6212388873100281,1.0,0.8295223116874695
29564,0.110107421875,0.17982250452041626,0.5158474445343018,0.8259897232055664
29565,0.567138671875,0.5967262983322144,0.9225797057151794,0.8401083946228027
29566,0.946533203125,0.9519168734550476,0.8793432712554932,0.8879517912864685
29567,0.956298828125,0.9610527157783508,0.8195018768310547,0.9229015707969666
29568,0.946533203125,0.9507415294647217,1.0,0.9139820337295532
29569,0.518798828125,0.5586457848548889,1.0,0.8825675845146179
29570,0.959228515625,0.9596409201622009,0.8722942471504211,0.8331446647644043
29571,0.953369140625,0.9575685262680054,0.912726640701294,0.9415602087974548
29572,0.9507649540901184,0.9548819065093994,0.8898733854293823,0.7978347539901733
29573,0.968017578125,0.9680566191673279,1.0,0.8477190136909485
29574,0.946533203125,0.9519168734550476,0.8793432712554932,0.8879517912864685
29575,0.946533203125,0.9523513317108154,0.6577322483062744,0.7458892464637756
29576,0.959228515625,0.9599993228912354,0.7631344795227051,0.8867626786231995
29577,0.947998046875,0.9513311386108398,0.9146330952644348,0.8395811319351196
29578,0.962158203125,0.9622777700424194,0.9625431895256042,0.8806901574134827
29579,0.946533203125,0.9507415294647217,1.0,0.9139820337295532
29580,0.953369140625,0.9572585225105286,0.912726640701294,0.8240578174591064
29581,0.9507649540901184,0.9547808170318604,0.8898733854293823,0.8962318897247314
29582,0.968017578125,0.9680564999580383,1.0,0.8477190136909485
29583,0.946533203125,0.9523513317108154,0.6577322483062744,0.7458892464637756
29584,0.959228515625,0.9599993228912354,0.7631344795227051,0.8867626786231995
29585,0.947998046875,0.9513311386108398,0.9146330952644348,0.8395811319351196
29586,0.957763671875,0.9582629203796387,0.8271697163581848,0.8471685647964478
29587,0.956298828125,0.9589749574661255,1.0,1.0
29588,0.946533203125,0.9523513913154602,0.6577322483062744,0.7458892464637756
29589,0.968017578125,0.9680424332618713,1.0,0.9437602758407593
29590,0.967041015625,0.9675301909446716,0.9284793138504028,0.9694643616676331
29591,0.968017578125,0.9680545330047607,1.0,0.9354446530342102
29592,0.953369140625,0.9575685262680054,0.912726640701294,0.9415602087974548
29593,0.947998046875,0.9513311386108398,0.9146330952644348,0.8395811319351196
29594,0.968017578125,0.9680545330047607,1.0,0.9354446530342102
29595,0.968017578125,0.9680565595626831,1.0,0.8477190136909485
29596,0.962158203125,0.9624909162521362,0.9625431895256042,0.9159920811653137
29597,0.940673828125,0.9449575543403625,0.8770246505737305,0.8227354288101196
29598,0.943115234375,0.9481614232063293,0.9313938021659851,0.9130420088768005
29599,0.9444172978401184,0.9477154016494751,0.9456308484077454,0.9213476777076721
29600,0.228759765625,0.3147018253803253,0.6461858153343201,0.7328863143920898
29601,0.228759765625,0.3224785625934601,0.6461858153343201,0.7898916602134705
29602,0.03125,0.03125,0.6309297680854797,0.6309297680854797
29603,0.0,0.0078125,0.0,0.12315119057893753
29604,0.939453125,0.9422518014907837,0.9690036177635193,0.9388270378112793
29605,0.0625,0.0625,1.0,1.0
29606,0.03125,0.12849560379981995,0.09869397431612015,0.41785579919815063
29607,0.9668782353401184,0.9674408435821533,0.892719030380249,0.9267880916595459
29608,0.08203125,0.08203125,0.7039180994033813,0.4123144745826721
29609,0.9668782353401184,0.9673943519592285,0.892719030380249,0.8019627928733826
29610,0.197998046875,0.2682643234729767,0.6871474981307983,0.74766606092453
29611,0.08203125,0.09631592780351639,0.7039180994033813,0.6502314805984497
29612,0.02083333395421505,0.0403994619846344,0.23463936150074005,0.3354002833366394
29613,0.499755859375,0.5287416577339172,0.9037794470787048,0.9670553207397461
29615,0.940673828125,0.9444452524185181,0.8770246505737305,0.826921284198761
29616,0.08203125,0.1045784056186676,0.7039180994033813,0.8495981097221375
29617,0.110107421875,0.15885654091835022,1.0,1.0
29618,0.946533203125,0.9532091021537781,0.8026000261306763,0.8635194897651672
29619,0.110107421875,0.1285284459590912,1.0,0.6780495047569275
29620,0.2774251401424408,0.3489450216293335,0.4175114035606384,0.529585063457489
29621,0.03125,0.16481097042560577,0.04229741916060448,0.31318584084510803
29622,0.110107421875,0.1588565558195114,1.0,1.0
29623,0.2774251401424408,0.3460122346878052,0.36153164505958557,0.5285660028457642
29624,0.957763671875,0.9579629302024841,0.8908864855766296,0.8474096655845642
29627,0.260498046875,0.34090760350227356,0.49370092153549194,0.688912570476532
29628,0.9444172978401184,0.9522398114204407,0.7589633464813232,0.8741053938865662
29629,0.956298828125,0.959325909614563,1.0,0.9780800938606262
29630,0.110107421875,0.1499060094356537,1.0,0.8630154132843018
29632,0.228759765625,0.2891795039176941,0.6461858153343201,0.5947487354278564
29634,0.304931640625,0.3655247092247009,1.0,0.8926382660865784
29635,0.304931640625,0.3717467784881592,1.0,0.9069212675094604
29636,0.304931640625,0.3712785243988037,1.0,0.9048032164573669
29637,0.08203125,0.11385089159011841,0.7039180994033813,0.6812061071395874
29638,0.197998046875,0.2640044689178467,0.6871474981307983,0.695335328578949
29639,0.08203125,0.12846121191978455,0.7039180994033813,0.7877737283706665
29640,0.260498046875,0.32547497749328613,0.8026120662689209,0.7130523324012756
29641,0.2774251401424408,0.33653104305267334,0.8435737490653992,0.7685794830322266
29642,0.110107421875,0.18493270874023438,0.3333333134651184,0.5944877862930298
29643,0.12109375,0.2027706503868103,0.3910655975341797,0.5778535604476929
29644,0.228759765625,0.3009757995605469,0.6461858153343201,0.6984742879867554
29645,0.393798828125,0.4548226594924927,0.5977610945701599,0.7122252583503723
29646,0.228759765625,0.32539787888526917,0.6461858153343201,0.8340610861778259
29647,0.567138671875,0.5834296345710754,1.0,0.979826807975769
29648,0.304931640625,0.37361976504325867,1.0,0.9305687546730042
29649,0.110107421875,0.22175437211990356,0.10187789052724838,0.28551363945007324
29650,0.488037109375,0.5251359343528748,0.8785831332206726,0.7853459715843201
29651,0.263671875,0.3053798973560333,0.7653606534004211,0.7375053763389587
29652,0.02083333395421505,0.02083333395421505,0.12103812396526337,0.10961050540208817
29653,0.304931640625,0.37751758098602295,1.0,1.0
29654,0.23828125,0.2757333517074585,0.7039180994033813,0.727586030960083
29655,0.957763671875,0.9586464762687683,0.7236568927764893,0.8350366353988647
29656,0.556884765625,0.5968042612075806,0.8308104276657104,0.8617473244667053
29657,0.02083333395421505,0.05477428436279297,0.23463936150074005,0.6339823007583618
29658,0.9466145634651184,0.9475072026252747,0.6615661382675171,0.6544356346130371
29659,0.110107421875,0.15885654091835022,0.5158474445343018,0.6943559050559998
29660,0.304931640625,0.3879395127296448,0.49493172764778137,0.721785843372345
29661,0.946533203125,0.95096355676651,1.0,0.899151086807251
29662,0.946533203125,0.9507403373718262,1.0,0.8939119577407837
29663,0.571533203125,0.5777360200881958,0.6093400716781616,0.7270939946174622
29664,0.091796875,0.12838435173034668,0.30242785811424255,0.39680859446525574
29665,0.166259765625,0.2152877151966095,0.5307213068008423,0.662835419178009
29667,0.466064453125,0.5032598972320557,0.7823625802993774,0.7776602506637573
29668,0.946533203125,0.9525205492973328,0.8793432712554932,0.9180251955986023
29669,0.953369140625,0.9561425447463989,0.7479812502861023,0.6835765838623047
29670,0.166259765625,0.2177373766899109,0.5307213068008423,0.47399550676345825
29671,0.9668782353401184,0.9671881198883057,0.9614850282669067,0.86556476354599
29672,0.366455078125,0.36977624893188477,0.398443341255188,0.4173954129219055
29673,0.03125,0.0458984375,0.38685283064842224,0.6509209871292114
29674,0.150390625,0.2096976637840271,0.4525081515312195,0.6575754284858704
29675,0.580322265625,0.6188830733299255,0.86592036485672,0.9453624486923218
29676,0.110107421875,0.18960818648338318,0.3333333134651184,0.4945434033870697
29677,0.08203125,0.11411046981811523,0.7039180994033813,0.5884674191474915
29678,0.110107421875,0.12781000137329102,0.3333333134651184,0.32374057173728943
29679,0.518798828125,0.5690506100654602,1.0,1.0
29680,0.260498046875,0.29319247603416443,0.8026120662689209,0.7458773255348206
29681,0.2044270783662796,0.2415105402469635,0.8472668528556824,0.8093661069869995
29682,0.304931640625,0.37751758098602295,1.0,1.0
29684,0.499755859375,0.5560252666473389,0.7271926999092102,0.8800521492958069
29685,0.304931640625,0.38896679878234863,0.4285714626312256,0.6307660937309265
29686,0.260498046875,0.31518083810806274,0.8026120662689209,0.6927914023399353
29687,0.946533203125,0.9516600370407104,0.8793432712554932,0.8724380731582642
29688,0.951904296875,0.9545143842697144,0.9521908760070801,0.8948747515678406
29689,0.943115234375,0.9478330016136169,0.9313938021659851,0.863484799861908
29690,0.967041015625,0.9676114916801453,0.9284793138504028,0.9273707270622253
29691,0.968017578125,0.9680607318878174,1.0,0.9571318626403809
29692,0.2774251401424408,0.35330355167388916,0.8435737490653992,0.8302010893821716
29693,0.0,0.01878720335662365,0.0,0.4227898418903351
29694,0.260498046875,0.3007490634918213,0.8026120662689209,0.6017229557037354
29695,0.263671875,0.263671875,0.7653606534004211,0.5531464219093323
29696,0.518798828125,0.5650554299354553,1.0,0.9280388355255127
29697,0.304931640625,0.37107568979263306,1.0,0.9216016530990601
29698,0.580322265625,0.6199443340301514,0.86592036485672,0.7757807374000549
29699,0.150390625,0.19801926612854004,0.5364180207252502,0.6850904226303101
29700,0.150390625,0.18577733635902405,0.7002755999565125,0.7103446125984192
29701,0.02083333395421505,0.061948277056217194,0.23463936150074005,0.5516960620880127
29702,0.110107421875,0.19940465688705444,0.3333333134651184,0.5446113348007202
29703,0.560546875,0.6198586225509644,0.7653606534004211,0.7597647905349731
29705,0.228759765625,0.29142117500305176,0.6461858153343201,0.7612864971160889
29706,0.9507649540901184,0.954513669013977,0.8898733854293823,0.8963409066200256
29707,0.946533203125,0.9539446830749512,0.8026000261306763,0.6858131885528564
29708,0.146728515625,0.2071482539176941,0.58057701587677,0.820572555065155
29709,0.499755859375,0.5443987250328064,0.7271926999092102,0.7067837119102478
29710,0.2774251401424408,0.3655431568622589,0.36153164505958557,0.5451924204826355
29711,0.0,0.012500000186264515,0.0,0.38685280084609985
29712,0.953369140625,0.9557365775108337,0.7479812502861023,0.6931581497192383
29713,0.304931640625,0.3592365086078644,1.0,0.7659543752670288
29714,0.110107421875,0.152557834982872,1.0,0.9216017723083496
29715,0.9507649540901184,0.9542421102523804,0.8898733854293823,0.8717578649520874
29716,0.110107421875,0.2186497002840042,0.3333333134651184,0.6449194550514221
29717,0.197998046875,0.2817510664463043,0.42267662286758423,0.6596841216087341
29718,0.02083333395421505,0.0354817733168602,0.12103812396526337,0.17544488608837128
29719,0.263671875,0.3530084490776062,0.7653606534004211,0.8899540901184082
29720,0.304931640625,0.37751758098602295,1.0,1.0
29721,0.567138671875,0.5932438969612122,0.9225797057151794,0.7675895094871521
29722,0.556884765625,0.5916745066642761,0.9594535827636719,0.9740146398544312
29723,0.110107421875,0.1588565558195114,1.0,1.0
29724,0.9388020634651184,0.94761061668396,0.5542851090431213,0.6121649146080017
29725,0.0,0.012500000186264515,0.0,0.38685280084609985
29726,0.110107421875,0.15885654091835022,1.0,1.0
29727,0.946533203125,0.9512649178504944,0.8793432712554932,0.8293038010597229
29728,0.304931640625,0.37751758098602295,1.0,1.0
29729,0.968017578125,0.9680201411247253,1.0,0.9859274625778198
29730,0.94140625,0.9513683319091797,0.7200049757957458,0.7181519865989685
29731,0.304931640625,0.3680547773838043,0.6151177287101746,0.7242673635482788
29732,0.110107421875,0.19929924607276917,0.3333333134651184,0.53201824426651
29733,0.304931640625,0.34696120023727417,1.0,0.9174987077713013
29734,0.110107421875,0.14018169045448303,1.0,0.7273299098014832
29735,0.110107421875,0.1588565558195114,1.0,1.0
29736,0.2774251401424408,0.3083024322986603,1.0,1.0
29737,0.967041015625,0.9674320220947266,0.9284793138504028,0.9053180813789368
29738,0.9444172978401184,0.9549123644828796,0.544137716293335,0.7753897905349731
29739,0.263671875,0.3136247992515564,0.7653606534004211,0.7147631645202637
29741,0.953369140625,0.9574401378631592,0.912726640701294,0.8769209384918213
29742,0.466064453125,0.5048035979270935,0.7823625802993774,0.7468715906143188
29743,0.956298828125,0.9594832062721252,0.8195018768310547,0.7823410034179688
29744,0.304931640625,0.36509278416633606,1.0,0.8482377529144287
29745,0.3599446713924408,0.41979897022247314,0.5626510977745056,0.7905886173248291
29746,0.508056640625,0.51382976770401,0.5334192514419556,0.7049487829208374
29747,0.228759765625,0.27100902795791626,1.0,1.0
29748,0.953369140625,0.9578750729560852,0.912726640701294,0.8094772696495056
29749,0.110107421875,0.16778317093849182,0.3333333134651184,0.4956180453300476
29750,0.197998046875,0.2404889464378357,0.6871474981307983,0.5434417128562927
29751,0.05078125,0.05078125,0.6934263706207275,0.6934263706207275
29752,0.304931640625,0.36425966024398804,1.0,0.8705536127090454
29753,0.304931640625,0.371407151222229,1.0,0.943237841129303
29754,0.260498046875,0.338684618473053,0.8026120662689209,0.818723738193512
29755,0.166259765625,0.23855912685394287,0.22745199501514435,0.31161561608314514
29756,0.0,0.0,0.0,0.0
29757,0.947998046875,0.9558382630348206,0.6841284036636353,0.8947658538818359
29758,0.197998046875,0.2780117392539978,0.29449179768562317,0.4948909878730774
29759,0.2044270783662796,0.2203245609998703,0.8472668528556824,0.6747446060180664
29760,0.228759765625,0.2997894287109375,0.439797967672348,0.7213975787162781
29761,0.518798828125,0.5846439599990845,0.6967307925224304,0.7678118944168091
29762,0.110107421875,0.18372246623039246,0.3333333134651184,0.5062736868858337
29763,0.967041015625,0.9678078889846802,0.8122885227203369,0.9180380702018738
29764,0.197998046875,0.27841252088546753,0.6871474981307983,0.7896513938903809
29765,0.946533203125,0.9521167278289795,1.0,1.0
29767,0.304931640625,0.3895430266857147,0.49493172764778137,0.7832920551300049
29768,0.146728515625,0.22170771658420563,0.3012597858905792,0.4655921757221222
29769,0.943115234375,0.9495577812194824,0.5359453558921814,0.6216244697570801
29770,0.110107421875,0.17928539216518402,0.20503923296928406,0.35329365730285645
29771,0.959228515625,0.9600077271461487,0.7631344795227051,0.9001237154006958
29772,0.946533203125,0.9523616433143616,0.8793432712554932,0.9324154853820801
29774,0.946533203125,0.9548848271369934,0.7083972692489624,0.85528963804245
29775,0.518798828125,0.5920425653457642,0.6967307925224304,0.7530779242515564
29776,0.304931640625,0.3423479199409485,1.0,0.8814126253128052
29777,0.150390625,0.19695249199867249,0.4525081515312195,0.47528234124183655
29778,0.260498046875,0.3211680054664612,0.8026120662689209,0.6846713423728943
29779,0.228759765625,0.3068700432777405,0.6461858153343201,0.7898890376091003
29781,0.956298828125,0.9595900177955627,1.0,0.9790863394737244
29782,0.1875,0.21054992079734802,0.7262287139892578,0.6465893983840942
29783,0.146728515625,0.19760838150978088,0.48975956439971924,0.4966807961463928
29784,0.166259765625,0.24536406993865967,0.5307213068008423,0.6101868748664856
29785,0.518798828125,0.5645366311073303,1.0,0.9268012046813965
29786,0.30078125,0.33989959955215454,0.5307213068008423,0.6152220368385315
29787,0.304931640625,0.3366655111312866,1.0,0.9108954668045044
29788,0.197998046875,0.2677645683288574,0.34009110927581787,0.45413875579833984
29789,0.9673665165901184,0.9678410887718201,0.8748590350151062,0.8672739863395691
29790,0.08203125,0.08203125,0.18448074162006378,0.18448074162006378
29791,0.19921875,0.2504670321941376,0.3483913838863373,0.5814175605773926
29792,0.518798828125,0.5619806051254272,0.6967307925224304,0.7079982757568359
29794,0.943359375,0.9525918960571289,0.5284951329231262,0.6780821084976196
29795,0.05078125,0.10593614727258682,0.17690707743167877,0.40812721848487854
29796,0.488037109375,0.5482752919197083,0.6121358871459961,0.5784082412719727
29797,0.110107421875,0.15885654091835022,0.3951442539691925,0.5821031928062439
29798,0.9668782353401184,0.9674885869026184,0.892719030380249,0.8694934248924255
29799,0.02083333395421505,0.0409749373793602,0.23463936150074005,0.41368770599365234
29800,0.956298828125,0.9602225422859192,1.0,0.964204728603363
29801,0.110107421875,0.14279887080192566,1.0,0.8383162021636963
29802,0.02083333395421505,0.02083333395421505,0.23463936150074005,0.1264713555574417
29803,0.09375,0.11279296875,0.38685283064842224,0.5802792310714722
29804,0.197998046875,0.24786677956581116,0.42267662286758423,0.41725513339042664
29805,0.263671875,0.3310050666332245,0.7653606534004211,0.7604629993438721
29806,0.956298828125,0.9589362144470215,1.0,0.9150413274765015
29807,0.21875,0.30793529748916626,0.29608193039894104,0.4221082925796509
29808,0.959228515625,0.9595398306846619,0.8722942471504211,0.8341805934906006
29809,0.23828125,0.28001561760902405,0.7039180994033813,0.7920993566513062
29810,0.518798828125,0.5407684445381165,1.0,1.0
29811,0.466064453125,0.4970864951610565,0.5450960993766785,0.5232923030853271
29812,0.166259765625,0.2423841655254364,0.32645606994628906,0.5694047212600708
29813,0.0625,0.11057025194168091,0.3631143569946289,0.5979360342025757
29814,0.567138671875,0.6139310598373413,0.7988805174827576,0.838187038898468
29815,0.518798828125,0.5652661919593811,0.6967307925224304,0.7396221160888672
29816,0.110107421875,0.1588565558195114,1.0,1.0
29817,0.110107421875,0.1549457609653473,0.5158474445343018,0.6483519673347473
29818,0.2774251401424408,0.2998235821723938,0.8435737490653992,0.6252680420875549
29819,0.2774251401424408,0.3415786623954773,0.8435737490653992,0.841636061668396
29820,0.0625,0.081085205078125,0.4692787230014801,0.6645508408546448
29821,0.2774251401424408,0.3140411376953125,1.0,1.0
29822,0.228759765625,0.2878016531467438,0.6461858153343201,0.5764961838722229
29823,0.03125,0.10303636640310287,0.15273310244083405,0.50657719373703
29824,0.08203125,0.11965467780828476,0.7039180994033813,0.7026305794715881
29825,0.518798828125,0.5622237920761108,0.8046129941940308,0.7794430255889893
29826,0.946533203125,0.9514987468719482,0.8793432712554932,0.8613786101341248
29827,0.953369140625,0.9577028155326843,0.912726640701294,0.9443240165710449
29828,0.1106770858168602,0.15285538136959076,0.37429505586624146,0.37915053963661194
29829,0.197998046875,0.27875274419784546,0.6871474981307983,0.8069846630096436
29830,0.0,0.0,0.0,0.0
29832,0.228759765625,0.28525790572166443,0.6461858153343201,0.6773233413696289
29833,0.556884765625,0.5975318551063538,0.8308104276657104,0.665874719619751
29834,0.951171875,0.9526813626289368,0.9282863140106201,0.8141926527023315
29835,0.0625,0.09014565497636795,0.4692787230014801,0.6963212490081787
29836,0.951171875,0.9530356526374817,0.9282863140106201,0.888164222240448
29837,0.9444172978401184,0.9503476619720459,0.9456308484077454,0.9114840030670166
29838,0.2044270783662796,0.22974509000778198,0.6490147709846497,0.591924250125885
29839,0.304931640625,0.36765652894973755,1.0,0.8590331673622131
29840,0.0,0.0,0.0,0.0
29841,0.47265625,0.5170714259147644,0.5698384642601013,0.5689156651496887
29842,0.488037109375,0.5133866667747498,0.9721211791038513,0.9778186678886414
29843,0.556884765625,0.5896161198616028,0.9594535827636719,0.9386667013168335
29844,0.304931640625,0.3680547773838043,1.0,0.9368077516555786
29845,0.110107421875,0.18811407685279846,0.3333333134651184,0.6618949770927429
29846,0.110107421875,0.14677700400352478,0.5158474445343018,0.589232325553894
29847,0.03125,0.09711790084838867,0.060708411037921906,0.2771230638027191
29848,0.304931640625,0.36721837520599365,1.0,0.8400527834892273
29849,0.23828125,0.30513128638267517,0.7039180994033813,0.6820589900016785
29850,0.23828125,0.3122810125350952,0.7039180994033813,0.7516577839851379
29851,0.469970703125,0.4727616012096405,0.5924884676933289,0.5614985227584839
29852,0.633056640625,0.6360843777656555,0.7837249636650085,0.746246337890625
29853,0.260498046875,0.31285563111305237,0.8026120662689209,0.7914575338363647
29854,0.0,0.05442708730697632,0.0,0.19765843451023102
29855,0.94140625,0.9461736083030701,0.6354966163635254,0.6442540287971497
29856,0.455078125,0.5305092930793762,0.5115761756896973,0.6412494778633118
29857,0.943115234375,0.9517324566841125,0.7475366592407227,0.8448495864868164
29858,0.260498046875,0.32901784777641296,0.8026120662689209,0.7953235507011414
29859,0.304931640625,0.37751761078834534,1.0,1.0
29860,0.12109375,0.17069117724895477,0.3910655975341797,0.4176403284072876
29861,0.260498046875,0.3226025402545929,0.8026120662689209,0.7245813608169556
29862,0.0,0.012500000186264515,0.0,0.1815418004989624
29863,0.606689453125,0.6391569375991821,1.0,0.8602887988090515
29864,0.3599446713924408,0.41799187660217285,0.5626510977745056,0.7163072824478149
29865,0.14453125,0.20179522037506104,0.5307213068008423,0.560434103012085
29866,0.606689453125,0.6413754820823669,1.0,0.8791712522506714
29867,0.228759765625,0.30105912685394287,0.6461858153343201,0.6568913459777832
29868,0.488037109375,0.5514441132545471,0.6121358871459961,0.718794047832489
29869,0.518798828125,0.5677152276039124,0.8046129941940308,0.8460956811904907
29870,0.304931640625,0.37751758098602295,1.0,1.0
29871,0.967041015625,0.9672083854675293,1.0,0.8917190432548523
29872,0.940673828125,0.9429212212562561,0.6212818622589111,0.6013702750205994
29873,0.518798828125,0.565500020980835,1.0,0.9300657510757446
29874,0.556884765625,0.5640153884887695,0.9594535827636719,0.876007616519928
29875,0.0,0.0078125,0.0,0.06943123042583466
29876,0.091796875,0.13424870371818542,0.255120187997818,0.3067510426044464
29878,0.956298828125,0.9586939215660095,1.0,0.8864313364028931
29879,0.951904296875,0.9544537663459778,0.8690900206565857,0.7805891633033752
29880,0.0625,0.0625,0.15642623603343964,0.09850845485925674
29881,0.959228515625,0.9598296284675598,0.7631344795227051,0.8610074520111084
29882,0.304931640625,0.37751761078834534,1.0,1.0
29883,0.110107421875,0.14882832765579224,1.0,0.8579810261726379
29884,0.606689453125,0.6358189582824707,1.0,0.8673520684242249
29885,0.0,0.012500000186264515,0.0,0.09364787489175797
29886,0.531982421875,0.5865809917449951,0.7462155222892761,0.8262894153594971
29887,0.518798828125,0.5397340059280396,1.0,0.7097903490066528
29888,0.110107421875,0.1873878389596939,0.3333333134651184,0.6001861095428467
29889,0.261474609375,0.32496321201324463,0.49493172764778137,0.7044810056686401
29891,0.304931640625,0.37751761078834534,1.0,1.0
29892,0.9673665165901184,0.9678964614868164,0.8748590350151062,0.9505084753036499
29893,0.2044270783662796,0.25947314500808716,0.5474918484687805,0.42996037006378174
29894,0.3059895932674408,0.3806905150413513,0.4357588291168213,0.6758087873458862
29895,0.518798828125,0.5805526375770569,0.6967307925224304,0.8349526524543762
29896,0.619873046875,0.622206449508667,0.7233965992927551,0.6817777156829834
29897,0.701904296875,0.7070375680923462,0.7402501106262207,0.7266259789466858
29898,0.947998046875,0.9533308744430542,0.8348100185394287,0.8011201024055481
29899,0.9466145634651184,0.950794517993927,0.8072783350944519,0.737443745136261
29900,0.556884765625,0.5961068272590637,0.8308104276657104,0.8049583435058594
29901,0.951904296875,0.9553104639053345,0.9521908760070801,0.961578369140625
29902,0.556884765625,0.6020254492759705,0.8308104276657104,0.7644760608673096
29903,0.9444172978401184,0.9479618072509766,0.9456308484077454,0.8005185723304749
29904,0.9673665165901184,0.9678258299827576,0.8748590350151062,0.9448919296264648
29905,0.9673665165901184,0.9675765633583069,1.0,0.8292949199676514
29906,0.968017578125,0.9680503010749817,1.0,0.8281832337379456
29907,0.943115234375,0.9491891860961914,0.7475366592407227,0.7701173424720764
29908,0.968017578125,0.9680502414703369,1.0,0.8281832337379456
29909,0.304931640625,0.3691786527633667,1.0,0.8645073771476746
29910,0.9444172978401184,0.9487785696983337,0.6219719052314758,0.6048417091369629
29911,0.9668782353401184,0.9674457311630249,0.892719030380249,0.9609677195549011
29912,0.304931640625,0.3691786527633667,1.0,0.8645073771476746
29913,0.943115234375,0.9493152499198914,0.7475366592407227,0.7742865681648254
29914,0.9668782353401184,0.9675132632255554,0.7810032963752747,0.85120689868927
29915,0.959228515625,0.9599936604499817,0.7631344795227051,0.8647469282150269
29916,0.968017578125,0.9680482745170593,1.0,0.9685476422309875
29917,0.968017578125,0.9680522084236145,1.0,0.9055030345916748
29918,0.9668782353401184,0.9674456715583801,0.892719030380249,0.9609677195549011
29919,0.956298828125,0.95797199010849,1.0,0.924045979976654
29920,0.968017578125,0.9680482745170593,1.0,0.9685476422309875
29921,0.943115234375,0.9493152499198914,0.7475366592407227,0.7742865681648254
