qid,err@3,err@10,ndcg@3,ndcg@10
22939,0.110107421875,0.14165495336055756,1.0,0.8829898238182068
22941,0.2774251401424408,0.3416224420070648,0.8435737490653992,0.7310251593589783
22942,0.567138671875,0.5880032777786255,0.9225797057151794,0.833899736404419
22943,0.05078125,0.09905082732439041,0.5307212471961975,0.7649544477462769
22944,0.44921875,0.4539271891117096,0.9224036931991577,0.9633994698524475
22945,0.2774251401424408,0.3428148925304413,0.8435737490653992,0.7470523118972778
22946,0.03125,0.06332206726074219,0.29608193039894104,0.6886007785797119
22947,0.606689453125,0.629072904586792,1.0,0.9443455934524536
22948,0.706298828125,0.7093733549118042,0.871160089969635,0.892924964427948
22949,0.518798828125,0.5750687122344971,0.6967307925224304,0.873807430267334
22950,0.228759765625,0.2777877151966095,0.6461858153343201,0.6406965255737305
22951,0.304931640625,0.3566836714744568,1.0,0.9680730104446411
22952,0.968017578125,0.9680359363555908,1.0,0.8806787729263306
22953,0.606689453125,0.6366113424301147,1.0,0.975787341594696
22954,0.110107421875,0.20757120847702026,0.3333333134651184,0.6513049602508545
22955,0.518798828125,0.5485470294952393,1.0,0.9889959096908569
22956,0.560546875,0.6117173433303833,0.7653606534004211,0.8639991283416748
22957,0.25390625,0.30991774797439575,0.5692896842956543,0.7633172273635864
22958,0.212890625,0.2547479271888733,0.67329341173172,0.8265858292579651
22959,0.0625,0.0769740492105484,0.4692787230014801,0.766972005367279
22960,0.466064453125,0.538348376750946,0.5450960993766785,0.7170161604881287
22961,0.946533203125,0.9538233280181885,0.8026000261306763,0.8849679231643677
22962,0.432373046875,0.4404618442058563,0.4040961265563965,0.7082467675209045
22963,0.946533203125,0.9479881525039673,1.0,0.8919633030891418
22964,0.940673828125,0.9468687772750854,0.7038999795913696,0.8131844997406006
22965,0.110107421875,0.19145406782627106,0.3333333134651184,0.660563588142395
22966,0.1106770858168602,0.15574294328689575,0.37429505586624146,0.46026813983917236
22967,0.263671875,0.263671875,1.0,1.0
22968,0.2774251401424408,0.3385255038738251,0.8435737490653992,0.7782739400863647
22969,0.260498046875,0.3442510664463043,0.8026120662689209,0.9476170539855957
22970,0.228759765625,0.30105912685394287,0.6461858153343201,0.6919562816619873
22971,0.110107421875,0.22146087884902954,0.22686867415905,0.6320013999938965
22972,0.146728515625,0.2108093649148941,0.48975956439971924,0.7399042844772339
22973,0.967041015625,0.9675204157829285,0.9284793138504028,0.9847981333732605
22974,0.304931640625,0.35242658853530884,1.0,0.7653306722640991
22975,0.967041015625,0.9675158858299255,0.9284793138504028,0.9763016104698181
22976,0.365234375,0.458433598279953,0.3236317038536072,0.5937580466270447
22977,0.1875,0.2317139208316803,0.7262287139892578,0.9066335558891296
22978,0.166259765625,0.25908368825912476,0.32645606994628906,0.6895653605461121
22979,0.0625,0.08334359526634216,0.3631143569946289,0.5062192678451538
22980,0.567138671875,0.6027546525001526,0.7988805174827576,0.8473677039146423
22981,0.110107421875,0.13263797760009766,1.0,1.0
22982,0.1875,0.1875,1.0,1.0
22983,0.228759765625,0.302920937538147,0.6461858153343201,0.7593123316764832
22984,0.304931640625,0.35199734568595886,1.0,0.9154624938964844
22985,0.212890625,0.26386141777038574,0.67329341173172,0.8496923446655273
22986,0.939453125,0.9420921802520752,0.8987017273902893,0.8769135475158691
22987,0.304931640625,0.34561604261398315,1.0,0.8297051787376404
22988,0.08203125,0.11595448851585388,0.7039180994033813,0.7354623079299927
22989,0.12109375,0.21853291988372803,0.24055138230323792,0.5382387042045593
22990,0.03125,0.078399658203125,0.11699506640434265,0.490645170211792
22991,0.2774251401424408,0.37969690561294556,0.4175114035606384,0.7862678170204163
22992,0.956298828125,0.9582365155220032,1.0,0.9664861559867859
22993,0.146728515625,0.23226818442344666,0.48975956439971924,0.8084883093833923
22994,0.14453125,0.22614851593971252,0.5307213068008423,0.668063223361969
22995,0.556884765625,0.5754957795143127,0.9594535827636719,0.7905616164207458
22996,0.5757649540901184,0.5814362168312073,0.5708760023117065,0.7531108856201172
22997,0.962158203125,0.9623979926109314,0.9625431895256042,0.9446449279785156
22998,0.9444172978401184,0.9498224258422852,0.9456308484077454,0.9736198782920837
22999,0.110107421875,0.30645155906677246,0.11585679650306702,0.47293516993522644
23000,0.9507649540901184,0.9543269276618958,0.8898733854293823,0.9532609581947327
23001,0.962158203125,0.9626919627189636,0.8420895934104919,0.9275112748146057
23002,0.02083333395421505,0.11056692898273468,0.07821311801671982,0.5101115107536316
23003,0.560546875,0.5730090141296387,0.8838695287704468,0.8855692744255066
23004,0.943115234375,0.9504985213279724,0.819014847278595,0.9380064606666565
23005,0.9668782353401184,0.9671924114227295,0.9614850282669067,0.9753056764602661
23006,0.567138671875,0.6063153743743896,0.7988805174827576,0.8947955965995789
23007,0.606689453125,0.6497368812561035,0.6509066820144653,0.836806058883667
23008,0.304931640625,0.37491902709007263,1.0,0.953712522983551
23009,0.518798828125,0.5601881742477417,1.0,0.9325368404388428
23010,0.110107421875,0.110107421875,1.0,1.0
23011,0.518798828125,0.5826675295829773,0.6967307925224304,0.8481200337409973
23012,0.304931640625,0.3300743103027344,1.0,0.9520727396011353
23013,0.580322265625,0.6043741106987,1.0,0.8691376447677612
23014,0.212890625,0.3298943042755127,0.3493700623512268,0.6120177507400513
23015,0.05078125,0.09276159107685089,0.5307212471961975,0.6837935447692871
23016,0.091796875,0.13314858078956604,0.7653606534004211,0.7471590042114258
23017,0.659423828125,0.6631921529769897,0.8254533410072327,0.8722561001777649
23018,0.03125,0.09222197532653809,0.09869397431612015,0.34696370363235474
23019,0.9673665165901184,0.9677697420120239,1.0,0.982671320438385
23020,0.946533203125,0.9507529735565186,0.8793432712554932,0.9366834759712219
23021,0.146728515625,0.2300996035337448,0.3012597858905792,0.6141678094863892
23022,0.0625,0.10590457916259766,0.24207624793052673,0.4974607527256012
23023,0.0,0.012500000186264515,0.0,0.23719771206378937
23024,0.956298828125,0.9597088694572449,1.0,0.9849034547805786
23025,0.23046875,0.234588623046875,0.5234342813491821,0.512420117855072
23026,0.08203125,0.08203125,0.9197208285331726,0.9197208285331726
23027,0.304931640625,0.36982083320617676,1.0,1.0
23028,0.2774251401424408,0.3429816961288452,0.4175114035606384,0.5221951603889465
23029,0.304931640625,0.35843291878700256,1.0,0.801315188407898
23030,0.9507649540901184,0.9531817436218262,0.974961519241333,0.8773852586746216
23031,0.2774251401424408,0.3343409597873688,0.8435737490653992,0.8854864835739136
23032,0.197998046875,0.26184162497520447,0.6871474981307983,0.7538841366767883
23033,0.9444172978401184,0.9487954378128052,0.8315341472625732,0.8274028897285461
23034,0.946533203125,0.9481807947158813,1.0,0.9807813167572021
23035,0.9507649540901184,0.9541053175926208,0.974961519241333,0.9322946071624756
23036,0.567138671875,0.5697871446609497,1.0,0.9921161532402039
23037,0.228759765625,0.2583325505256653,1.0,0.8864440321922302
23038,0.02083333395421505,0.06523756682872772,0.09271639585494995,0.31733691692352295
23039,0.110107421875,0.14301058650016785,0.5158474445343018,0.5448035597801208
23041,0.146728515625,0.21448148787021637,0.48975956439971924,0.676977276802063
23042,0.278564453125,0.32273349165916443,0.5692896842956543,0.7148367166519165
23043,0.9668782353401184,0.9672910571098328,0.9614850282669067,0.8952531814575195
23044,0.260498046875,0.33408892154693604,0.8026120662689209,0.7698144912719727
23045,0.431884765625,0.471221387386322,0.7318407297134399,0.849274218082428
23046,0.556884765625,0.5931949615478516,0.8308104276657104,0.7726262807846069
23047,0.967041015625,0.9673619866371155,1.0,0.9917612671852112
23048,0.956298828125,0.9596447944641113,1.0,0.9910880327224731
23049,0.304931640625,0.3592365086078644,1.0,0.9361228942871094
23050,0.304931640625,0.37751758098602295,1.0,1.0
23051,0.393798828125,0.42785030603408813,0.8579513430595398,0.852254331111908
23052,0.580322265625,0.6071972846984863,1.0,0.9460095763206482
23053,0.09375,0.1302490234375,0.29608193039894104,0.4128975570201874
23054,0.4375,0.47161850333213806,0.6735438704490662,0.7535387873649597
23055,0.953369140625,0.9573192000389099,0.912726640701294,0.9832909107208252
23056,0.706298828125,0.7085950374603271,0.871160089969635,0.766528844833374
23057,0.228759765625,0.2891795039176941,0.6461858153343201,0.8409494757652283
23058,0.499755859375,0.5615715980529785,0.7271926999092102,0.8889708518981934
23059,0.940673828125,0.9472535252571106,0.8770246505737305,0.8802263736724854
23060,0.304931640625,0.35808494687080383,0.30563369393348694,0.40468132495880127
23061,0.455078125,0.5328139662742615,0.5115761756896973,0.7313289046287537
23062,0.03125,0.18852780759334564,0.04229741916060448,0.3581247329711914
23063,0.466064453125,0.5115609169006348,0.7823625802993774,0.8151080012321472
23064,0.260498046875,0.3139464557170868,0.8026120662689209,0.9372866153717041
23065,0.943115234375,0.9481926560401917,0.9313938021659851,0.9595359563827515
23066,0.9444172978401184,0.9484448432922363,0.9456308484077454,0.963283360004425
23067,0.166259765625,0.19535022974014282,0.6291344165802002,0.7766857147216797
23068,0.1106770858168602,0.1315053403377533,0.4437016248703003,0.5233939290046692
23069,0.606689453125,0.6410432457923889,1.0,0.9938993453979492
23070,0.953369140625,0.9571178555488586,1.0,0.9786157608032227
23071,0.567138671875,0.6112550497055054,0.5199966430664062,0.6170018315315247
23072,0.499755859375,0.5134801864624023,0.9037794470787048,0.9529373645782471
23073,0.393798828125,0.44099172949790955,0.8579513430595398,0.9102591872215271
23074,0.110107421875,0.17273856699466705,0.3951442539691925,0.733304500579834
23075,0.967041015625,0.9673195481300354,0.9284793138504028,0.9014958739280701
23076,0.946533203125,0.9538856744766235,0.8026000261306763,0.8954296112060547
23077,0.959228515625,0.959587037563324,0.8722942471504211,0.8712893724441528
23078,0.9507649540901184,0.9558427333831787,0.8898733854293823,0.8301033973693848
23079,0.518798828125,0.5648203492164612,1.0,0.9885308742523193
23080,0.2774251401424408,0.3149126172065735,0.8435737490653992,0.9425795674324036
23081,0.110107421875,0.1588565558195114,0.5158474445343018,0.6943559050559998
23082,0.946533203125,0.9565260410308838,0.6577322483062744,0.898293137550354
23083,0.091796875,0.097900390625,0.3948093354701996,0.3088914752006531
23084,0.091796875,0.12484169006347656,0.3948093354701996,0.6078662276268005
23085,0.940673828125,0.9462858438491821,0.771205723285675,0.7579772472381592
23086,0.488037109375,0.5432115793228149,0.7069194316864014,0.824295699596405
23087,0.940673828125,0.9453223347663879,0.7038999795913696,0.7520323991775513
23088,0.431884765625,0.476147323846817,0.7318407297134399,0.8750775456428528
23089,0.14453125,0.17287594079971313,0.6291344165802002,0.7434662580490112
23090,0.956298828125,0.9593492746353149,1.0,0.9220669269561768
23091,0.374755859375,0.41678398847579956,0.7617307901382446,0.7558053731918335
23092,0.304931640625,0.37491902709007263,1.0,0.9959547519683838
23093,0.263671875,0.341291606426239,0.4707868993282318,0.7546312808990479
23094,0.953369140625,0.9574400782585144,0.912726640701294,0.9720193147659302
23095,0.9668782353401184,0.9675961136817932,0.7810032963752747,0.9008774161338806
23096,0.197998046875,0.2378443479537964,0.6871474981307983,0.8066641092300415
23097,0.946533203125,0.9499267339706421,1.0,0.9192208647727966
23098,0.9444172978401184,0.9472339153289795,0.9456308484077454,0.9519355893135071
23099,0.1875,0.23172199726104736,0.4692787230014801,0.4639589786529541
23100,0.943359375,0.9514189958572388,0.6040917634963989,0.7734902501106262
23101,0.943115234375,0.9469509124755859,0.9313938021659851,0.9531643986701965
23102,0.166259765625,0.22281120717525482,0.5307213068008423,0.7293246388435364
23103,0.0625,0.0625,1.0,1.0
23104,0.05078125,0.06279754638671875,0.5307212471961975,0.5885987877845764
23105,0.9388020634651184,0.9438667297363281,0.7410414814949036,0.8800193667411804
23106,0.3599446713924408,0.40867847204208374,0.8075588941574097,0.8524129390716553
23107,0.02083333395421505,0.04847899079322815,0.23463936150074005,0.42690345644950867
23108,0.606689453125,0.6344796419143677,1.0,0.9181686639785767
23109,0.3599446713924408,0.4109947085380554,0.6497723460197449,0.7986046671867371
23110,0.606689453125,0.633208692073822,1.0,0.895261287689209
23111,0.1875,0.2327527403831482,0.4692787230014801,0.7675520181655884
23112,0.166259765625,0.2098618447780609,0.5307213068008423,0.6604018211364746
23113,0.606689453125,0.6333377361297607,1.0,0.8816319704055786
23114,0.393798828125,0.4558354616165161,0.5977610945701599,0.8408632278442383
23115,0.197998046875,0.2750924229621887,0.6871474981307983,0.760193407535553
23116,0.0625,0.13172046840190887,0.23463936150074005,0.4423053562641144
23117,0.05078125,0.12408018112182617,0.17690707743167877,0.4789872467517853
23118,0.556884765625,0.5898953676223755,0.8308104276657104,0.8281250596046448
23119,0.263671875,0.263671875,0.90728360414505,0.90728360414505
23120,0.2774251401424408,0.3854195773601532,0.4175114035606384,0.7019452452659607
23121,0.2774251401424408,0.33377784490585327,0.8435737490653992,0.9428360462188721
23122,0.9388020634651184,0.9408681988716125,0.8911738991737366,0.8515576720237732
23123,0.956298828125,0.9584593772888184,1.0,0.9686620831489563
23124,0.959228515625,0.9595418572425842,0.8722942471504211,0.8560013771057129
23125,0.706298828125,0.7092678546905518,0.871160089969635,0.882006824016571
23126,0.951904296875,0.9572675228118896,0.8690900206565857,0.9319833517074585
23127,0.08203125,0.10390785336494446,0.3631143569946289,0.41833969950675964
23128,0.0625,0.0625,1.0,1.0
23129,0.567138671875,0.6197488903999329,0.5199966430664062,0.7483030557632446
23130,0.619873046875,0.6228542327880859,0.6602633595466614,0.7089371085166931
23132,0.518798828125,0.5745028257369995,0.6967307925224304,0.7465687394142151
23133,0.228759765625,0.2713859975337982,0.7660098671913147,0.8659069538116455
23134,0.571533203125,0.5777906775474548,0.6093400716781616,0.7321463227272034
23135,0.05078125,0.0718710720539093,0.5307212471961975,0.5208740830421448
23136,0.197998046875,0.26445338129997253,0.6871474981307983,0.6636393070220947
23137,0.19921875,0.2606361210346222,0.3483913838863373,0.6061508655548096
23138,0.25390625,0.29759451746940613,0.5692896842956543,0.6826061010360718
23139,0.940673828125,0.9483627080917358,0.771205723285675,0.8496235013008118
23140,0.02083333395421505,0.02669270895421505,0.12103812396526337,0.19101384282112122
23141,0.2774251401424408,0.33714592456817627,0.8435737490653992,0.7577725052833557
23142,0.304931640625,0.3669155538082123,1.0,0.856411337852478
23143,0.44921875,0.5264921188354492,0.5027986764907837,0.6352290511131287
23144,0.212890625,0.3184201121330261,0.3493700623512268,0.688325822353363
23145,0.260498046875,0.3379436135292053,0.8026120662689209,0.8522490859031677
23146,0.2774251401424408,0.3213026225566864,0.8435737490653992,0.712847888469696
23148,0.0,0.0062500000931322575,0.0,0.28906482458114624
23149,0.953369140625,0.9572495222091675,0.912726640701294,0.9505499601364136
23150,0.518798828125,0.5634700655937195,0.8046129941940308,0.915124773979187
23151,0.94140625,0.9500271081924438,0.7200049757957458,0.8715440630912781
23152,0.0,0.0265066958963871,0.0,0.33063921332359314
23153,0.0,0.03351898118853569,0.0,0.366452693939209
23154,0.393798828125,0.4382794499397278,0.8579513430595398,0.8395912051200867
23155,0.304931640625,0.3680547773838043,1.0,0.9368077516555786
23156,0.946533203125,0.9564518332481384,0.7083972692489624,0.8901315331459045
23157,0.967041015625,0.9673970341682434,1.0,0.9392051100730896
23158,0.951904296875,0.9543838500976562,0.9521908760070801,0.9233130812644958
23159,0.9507649540901184,0.9531143307685852,0.974961519241333,0.9684014916419983
23160,0.110107421875,0.17643314599990845,0.3951442539691925,0.6538895964622498
23161,0.1458333432674408,0.2434881031513214,0.23463937640190125,0.5826324820518494
23162,0.953369140625,0.9579240083694458,0.912726640701294,0.7877066731452942
23163,0.260498046875,0.3284411132335663,0.8026120662689209,0.7381329536437988
23164,0.1875,0.1875,0.8262346386909485,0.8262346386909485
23165,0.304931640625,0.37751761078834534,1.0,1.0
23167,0.3599446713924408,0.4159373342990875,0.6497723460197449,0.8360688090324402
23168,0.956298828125,0.9593632817268372,1.0,1.0
23169,0.946533203125,0.9565149545669556,0.6577322483062744,0.9107666611671448
23170,0.499755859375,0.5360077023506165,0.7271926999092102,0.7165836691856384
23171,0.03125,0.03125,0.6309297680854797,0.6309297680854797
23172,0.946533203125,0.9513088464736938,1.0,0.9272295832633972
23173,0.228759765625,0.28996866941452026,0.6461858153343201,0.7562292218208313
23174,0.959228515625,0.9599260687828064,0.7631344795227051,0.9098783731460571
23175,0.03125,0.08615916222333908,0.15273310244083405,0.5667757391929626
23176,0.260498046875,0.34045594930648804,0.8026120662689209,0.8411708474159241
23177,0.499755859375,0.5581712126731873,0.7271926999092102,0.8215941190719604
23178,0.2774251401424408,0.33030062913894653,0.8435737490653992,0.9501103162765503
23179,0.946533203125,0.9532994627952576,0.8793432712554932,0.9683470726013184
23180,0.962158203125,0.9624834060668945,0.9625431895256042,0.937990128993988
23181,0.393798828125,0.40926462411880493,0.8579513430595398,0.8496958017349243
23182,0.304931640625,0.36295682191848755,1.0,0.9318115711212158
23183,0.393798828125,0.45310351252555847,0.5977610945701599,0.8536706566810608
23184,0.091796875,0.10552978515625,0.7653606534004211,0.9674680233001709
23185,0.2774251401424408,0.3192935287952423,0.8435737490653992,0.8029851913452148
23186,0.0,0.04141201451420784,0.0,0.45892515778541565
23188,0.953369140625,0.9573265314102173,0.912726640701294,0.952608048915863
23189,0.946533203125,0.9496051073074341,1.0,0.9931259155273438
23190,0.304931640625,0.3688770532608032,1.0,0.8990684151649475
23191,0.956298828125,0.96062833070755,0.8195018768310547,0.918653666973114
23193,0.518798828125,0.587618350982666,0.6967307925224304,0.9072531461715698
23194,0.499755859375,0.5279287099838257,0.7271926999092102,0.6588115096092224
23195,0.0625,0.13369128108024597,0.14433082938194275,0.42042723298072815
23196,0.05078125,0.06820487976074219,0.5307212471961975,0.7156631946563721
23197,0.03125,0.03125,0.6309297680854797,0.6309297680854797
23198,0.19921875,0.262586772441864,0.3483913838863373,0.6422750353813171
23199,0.304931640625,0.3600289821624756,1.0,0.8783188462257385
23200,0.953369140625,0.9576209783554077,0.912726640701294,0.9805529117584229
23201,0.556884765625,0.5785793662071228,0.8308104276657104,0.7589717507362366
23202,0.466064453125,0.48298248648643494,0.8656565546989441,0.9151347875595093
23203,0.967041015625,0.9674888253211975,0.8122885227203369,0.8989484310150146
23204,0.304931640625,0.3742768466472626,1.0,0.9510906934738159
23205,0.946533203125,0.953056812286377,0.8793432712554932,0.9653230309486389
23206,0.304931640625,0.3902685046195984,0.4285714626312256,0.707299530506134
23207,0.146728515625,0.23341716825962067,0.3012597858905792,0.5404022932052612
23208,0.962158203125,0.9624256491661072,0.9625431895256042,0.9320834875106812
23209,0.0625,0.0868072509765625,0.24207624793052673,0.3776576519012451
23210,0.606689453125,0.6364288926124573,0.6509066820144653,0.7487406730651855
23211,0.946533203125,0.9534164667129517,0.8026000261306763,0.9188066124916077
23212,0.466064453125,0.4932160973548889,1.0,0.9725837707519531
23213,0.488037109375,0.5202552080154419,0.8785831332206726,0.8159366250038147
23214,0.197998046875,0.23126162588596344,0.6871474981307983,0.7370409369468689
23215,0.146728515625,0.22863410413265228,0.48975956439971924,0.7134416699409485
23216,0.228759765625,0.29134511947631836,0.3198178708553314,0.492197722196579
23217,0.219970703125,0.26840418577194214,0.49370092153549194,0.586869478225708
23218,0.110107421875,0.1583201289176941,0.5158474445343018,0.7164694666862488
23219,0.0625,0.0625,1.0,1.0
23220,0.03125,0.03125,0.6309297680854797,0.6309297680854797
23221,0.166259765625,0.2522018253803253,0.5307213068008423,0.7827361822128296
23222,0.304931640625,0.3760632872581482,0.4285714626312256,0.6089740991592407
23223,0.14453125,0.21259449422359467,0.5307213068008423,0.7291781306266785
23224,0.304931640625,0.36871039867401123,1.0,0.994533896446228
23225,0.0625,0.0690104141831398,0.24207624793052673,0.3149484694004059
23226,0.9507649540901184,0.952048122882843,0.8898733854293823,0.8082283139228821
23227,0.9444172978401184,0.9488369822502136,0.9456308484077454,0.9816336631774902
23228,0.263671875,0.302751362323761,0.7653606534004211,0.7186495065689087
23229,0.197998046875,0.2768882215023041,0.42267662286758423,0.7193189263343811
23230,0.946533203125,0.9524540901184082,0.8793432712554932,0.9531298875808716
23231,0.5757650136947632,0.5793951749801636,0.763222336769104,0.782174289226532
23232,0.304931640625,0.36402982473373413,1.0,0.830696165561676
23234,0.374755859375,0.4426100254058838,0.37848135828971863,0.6116496324539185
23235,0.946533203125,0.9546099305152893,0.575423002243042,0.7194178104400635
23236,0.300537109375,0.33446797728538513,0.6655102372169495,0.7736966013908386
23237,0.499755859375,0.5674096345901489,0.7271926999092102,0.9220277070999146
23238,0.393798828125,0.4382794499397278,0.8579513430595398,0.8998250961303711
23239,0.703369140625,0.7051387429237366,0.7838867902755737,0.7375568151473999
23240,0.260498046875,0.33408892154693604,0.8026120662689209,0.8039114475250244
23241,0.659423828125,0.6625878214836121,0.8254533410072327,0.8273266553878784
23242,0.499755859375,0.5648607015609741,0.7271926999092102,0.9052383899688721
23243,0.940673828125,0.9423239827156067,1.0,0.938900887966156
23244,0.946533203125,0.9524675607681274,0.8026000261306763,0.9242727160453796
23245,0.499755859375,0.5556629300117493,0.9037794470787048,0.9726001620292664
23246,0.08984375,0.15492130815982819,0.3333333134651184,0.6726132035255432
23247,0.967041015625,0.9674184918403625,1.0,0.9500386118888855
23248,0.260498046875,0.3060612082481384,0.8026120662689209,0.8540369272232056
23249,0.110107421875,0.1462436020374298,1.0,1.0
23250,0.0625,0.12540775537490845,0.15642623603343964,0.4118192493915558
23251,0.146728515625,0.23559431731700897,0.3012597858905792,0.6356370449066162
23252,0.197998046875,0.2729435861110687,0.6871474981307983,0.8716946244239807
23253,0.518798828125,0.5538837313652039,0.8046129941940308,0.8838921189308167
23254,0.304931640625,0.3706929087638855,1.0,0.9035650491714478
23255,0.228759765625,0.25588107109069824,1.0,0.981608510017395
23256,0.02083333395421505,0.0981561467051506,0.07821311801671982,0.4205721914768219
23257,0.518798828125,0.566077470779419,1.0,0.9595922827720642
23258,0.23828125,0.23828125,0.8344475626945496,0.8344475626945496
23259,0.953369140625,0.9570184350013733,0.912726640701294,0.9465511441230774
23260,0.9466145634651184,0.9515568017959595,0.8072783350944519,0.8420100212097168
23261,0.228759765625,0.3195153474807739,0.6461858153343201,0.7474777698516846
23262,0.5694173574447632,0.5731232762336731,0.7048385143280029,0.7663997411727905
23263,0.953369140625,0.9573861360549927,0.912726640701294,0.9444420337677002
23264,0.304931640625,0.3669155538082123,1.0,0.987639844417572
23265,0.956298828125,0.9596447348594666,1.0,0.9910880327224731
23266,0.580322265625,0.6288103461265564,0.86592036485672,0.9729061126708984
23267,0.304931640625,0.3688770830631256,1.0,0.8990684151649475
23268,0.967041015625,0.9676360487937927,0.9284793138504028,0.9784739017486572
23269,0.9668782353401184,0.9675984382629395,0.7810032963752747,0.7398087382316589
23270,0.9444172978401184,0.9502720236778259,0.8315341472625732,0.9024366736412048
23271,0.967041015625,0.9675204157829285,0.9284793138504028,0.9847981333732605
23272,0.956298828125,0.9588554501533508,1.0,0.9778915643692017
23273,0.967041015625,0.9675204157829285,0.9284793138504028,0.9847981333732605
23274,0.606689453125,0.636133074760437,1.0,0.951480507850647
23275,0.946533203125,0.9538232684135437,0.8026000261306763,0.8849679231643677
23276,0.953369140625,0.957360029220581,0.912726640701294,0.9349657893180847
23277,0.967041015625,0.9675204157829285,0.9284793138504028,0.9847981333732605
23278,0.606689453125,0.6366113424301147,1.0,0.975787341594696
23279,0.947998046875,0.9510961174964905,0.9146330952644348,0.9522684216499329
23280,0.953369140625,0.9562183618545532,1.0,0.991025984287262
23281,0.953369140625,0.9573688507080078,0.912726640701294,0.8923593163490295
23282,0.9507649540901184,0.9539808630943298,0.974961519241333,0.9322972297668457
23283,0.9444172978401184,0.949165940284729,0.9456308484077454,0.9769163727760315
23284,0.967041015625,0.9675204157829285,0.9284793138504028,0.9847981333732605
23285,0.956298828125,0.9588554501533508,1.0,0.9778915643692017
23286,0.580322265625,0.627059817314148,0.86592036485672,0.6977388262748718
23287,0.304931640625,0.331580251455307,1.0,0.7335453629493713
23288,0.219970703125,0.2615892291069031,0.49370092153549194,0.49046123027801514
23289,0.44921875,0.5023739337921143,0.7216541767120361,0.7463126182556152
23290,0.499755859375,0.5633872747421265,0.629690945148468,0.6864810585975647
23291,0.166259765625,0.24001316726207733,0.22745199501514435,0.33869317173957825
23292,0.606689453125,0.6329841613769531,1.0,0.7018640637397766
23293,0.05078125,0.05078125,0.6934263706207275,0.6934263706207275
23294,0.606689453125,0.641942024230957,1.0,0.8836981654167175
23295,0.556884765625,0.5953760743141174,0.8308104276657104,0.6602898836135864
23296,0.091796875,0.20512741804122925,0.1093372330069542,0.25098326802253723
23297,0.197998046875,0.3044035732746124,0.1916866898536682,0.320692777633667
23298,0.166259765625,0.23272156715393066,0.32645606994628906,0.5042367577552795
23299,0.12109375,0.20653949677944183,0.24055138230323792,0.4378383457660675
23300,0.23828125,0.31023842096328735,0.7039180994033813,0.6875425577163696
23301,0.966796875,0.966796875,0.9799711108207703,0.9241785407066345
23302,0.5694173574447632,0.5762026309967041,0.5657033920288086,0.6926208734512329
23303,0.431884765625,0.4783560633659363,0.4763599932193756,0.5768692493438721
23304,0.212890625,0.212890625,0.28110769391059875,0.1801556944847107
23305,0.146728515625,0.20268504321575165,0.48975956439971924,0.463459312915802
23306,0.567138671875,0.6072047352790833,0.5199966430664062,0.5703584551811218
23307,0.0625,0.1347033679485321,0.15642623603343964,0.3720768690109253
23308,0.431884765625,0.4757453501224518,0.7318407297134399,0.6750693321228027
23309,0.0,0.05374658480286598,0.0,0.461568683385849
23310,0.2774251401424408,0.32619500160217285,0.4175114035606384,0.4229704737663269
23311,0.659423828125,0.6608923673629761,0.8254533410072327,0.7178779244422913
23312,0.488037109375,0.5301487445831299,0.6121358871459961,0.6186450719833374
23313,0.951904296875,0.9574556946754456,0.7122209072113037,0.6803562641143799
23314,0.393798828125,0.44216156005859375,0.5977610945701599,0.4867497682571411
23315,0.606689453125,0.637054443359375,1.0,0.8109179735183716
23316,0.2122395932674408,0.2810322642326355,0.36153164505958557,0.629357635974884
23317,0.567138671875,0.626937985420227,0.7988805174827576,0.8693202137947083
23318,0.2774251401424408,0.356442928314209,0.5188971757888794,0.7841914296150208
23319,0.946533203125,0.9523521065711975,0.8026000261306763,0.7168342471122742
23320,0.23828125,0.2992824614048004,0.30167919397354126,0.36794430017471313
23321,0.606689453125,0.6364947557449341,1.0,0.774073600769043
23322,0.166259765625,0.1939280927181244,0.6291344165802002,0.6409705877304077
23323,0.228759765625,0.2679787874221802,0.6461858153343201,0.6470096111297607
23324,0.3599446713924408,0.38718146085739136,0.5626510977745056,0.5391751527786255
23325,0.0,0.015625,0.0,0.20210735499858856
23326,0.08203125,0.08203125,0.3631143569946289,0.229233056306839
23327,0.455078125,0.4739755094051361,0.5115761756896973,0.37727996706962585
23328,0.499755859375,0.5474003553390503,0.629690945148468,0.6782875061035156
23329,0.606689453125,0.6289935111999512,1.0,0.6642923355102539
23330,0.953369140625,0.9579240083694458,0.912726640701294,0.85270756483078
23331,0.556884765625,0.5982001423835754,0.8308104276657104,0.7722042798995972
23332,0.947998046875,0.9505600929260254,0.9146330952644348,0.8000419735908508
23333,0.260498046875,0.3539336323738098,0.24530528485774994,0.4420970380306244
23334,0.0,0.0078125,0.0,0.31546488404273987
23335,0.940673828125,0.9461873769760132,0.8770246505737305,0.8903411030769348
23336,0.567138671875,0.6085339784622192,0.37281090021133423,0.3871821165084839
23337,0.450927734375,0.46261411905288696,0.3482339084148407,0.7110781669616699
23338,0.260498046875,0.3691156506538391,0.22389668226242065,0.5295944809913635
23339,0.166259765625,0.24001316726207733,0.22745199501514435,0.33869317173957825
23340,0.304931640625,0.398990273475647,0.49493172764778137,0.7945255041122437
23341,0.091796875,0.1634014993906021,0.12626707553863525,0.241507425904274
23342,0.304931640625,0.3875998556613922,0.4285714626312256,0.5424607396125793
23343,0.580322265625,0.6141610145568848,0.86592036485672,0.7682265043258667
23344,0.228759765625,0.3275889456272125,0.276936799287796,0.5649734735488892
23345,0.304931640625,0.3914368450641632,0.4285714626312256,0.5743622183799744
23346,0.499755859375,0.5500531792640686,0.629690945148468,0.7443914413452148
23347,0.94140625,0.9538263082504272,0.5162065625190735,0.7579763531684875
23348,0.606689453125,0.6360236406326294,1.0,0.8857806324958801
23349,0.23828125,0.31766122579574585,0.7039180994033813,0.7426178455352783
23350,0.957763671875,0.9581444263458252,0.8271697163581848,0.7988625764846802
23351,0.556884765625,0.6014948487281799,0.8308104276657104,0.8159449696540833
23352,0.580322265625,0.622013509273529,0.86592036485672,0.7714152932167053
23353,0.488037109375,0.5350844860076904,0.6121358871459961,0.6635235548019409
23354,0.488037109375,0.5411388278007507,0.6121358871459961,0.529643714427948
23355,0.2774251401424408,0.3539792001247406,0.8435737490653992,0.8314392566680908
23356,0.14453125,0.19723181426525116,0.5307213068008423,0.501697838306427
23357,0.1875,0.22180461883544922,0.5562983751296997,0.6201754212379456
23358,0.44921875,0.47980302572250366,0.5806522965431213,0.5961309671401978
23359,0.706298828125,0.710328221321106,0.7139173746109009,0.7685651183128357
23360,0.228759765625,0.2751615345478058,0.6461858153343201,0.7092910408973694
23361,0.2774251401424408,0.3517945408821106,0.36153164505958557,0.4729023873806
23362,0.518798828125,0.5536178350448608,1.0,0.839717447757721
23363,0.580322265625,0.6067699790000916,0.86592036485672,0.7052720189094543
23364,0.518798828125,0.5757268667221069,0.6967307925224304,0.7129881381988525
23365,0.3599446713924408,0.4117532968521118,0.5626510977745056,0.5644775032997131
23366,0.0625,0.0625,1.0,1.0
23367,0.300537109375,0.3320995569229126,0.6655102372169495,0.5551334023475647
23368,0.431884765625,0.4587852954864502,0.7318407297134399,0.657742440700531
23369,0.14453125,0.18923889100551605,0.5307213068008423,0.6383781433105469
23370,0.08203125,0.18322598934173584,0.23463936150074005,0.480112224817276
23371,0.300537109375,0.342395156621933,0.4636814594268799,0.49191105365753174
23372,0.580322265625,0.6138665676116943,0.86592036485672,0.6630591154098511
23373,0.518798828125,0.5657107830047607,0.6967307925224304,0.6458970904350281
23374,0.228759765625,0.27965325117111206,0.6461858153343201,0.5262529253959656
23375,0.968017578125,0.9680710434913635,1.0,0.8548142910003662
23376,0.5757650136947632,0.5785407423973083,0.6966133713722229,0.6550981402397156
23377,0.110107421875,0.15008802711963654,0.3333333134651184,0.4276792109012604
23378,0.110107421875,0.21716934442520142,0.1428571492433548,0.323042094707489
23379,0.197998046875,0.27779892086982727,0.29449179768562317,0.4568963646888733
23380,0.939453125,0.9444106817245483,0.8987017273902893,0.9545323848724365
23381,0.110107421875,0.16331377625465393,0.20503923296928406,0.27102169394493103
23382,0.374755859375,0.43824446201324463,0.5307213068008423,0.6236388087272644
23383,0.110107421875,0.23956866562366486,0.09298666566610336,0.39386361837387085
23384,0.344482421875,0.3791465759277344,0.5977610945701599,0.47950488328933716
23385,0.261474609375,0.32614099979400635,0.4285714626312256,0.5335079431533813
23386,0.968017578125,0.9680663347244263,1.0,0.8323543071746826
23387,0.431884765625,0.4836706221103668,0.7318407297134399,0.8363736867904663
23388,0.166259765625,0.19752928614616394,0.5307213068008423,0.5795409679412842
23389,0.0625,0.08447265625,0.1854327917098999,0.24936453998088837
23390,0.3599446713924408,0.4033774137496948,0.8075588941574097,0.8048644065856934
23391,0.197998046875,0.3141884505748749,0.29449179768562317,0.5217518210411072
23392,0.956298828125,0.9601818919181824,1.0,0.9188288450241089
23393,0.304931640625,0.304931640625,1.0,1.0
23394,0.12109375,0.21324408054351807,0.3910655975341797,0.5815389156341553
23395,0.9668782353401184,0.9673388004302979,0.892719030380249,0.8797509074211121
23396,0.946533203125,0.9500772356987,0.8026000261306763,0.6925531625747681
23397,0.518798828125,0.5821530222892761,0.6967307925224304,0.6314594745635986
23398,0.567138671875,0.6101548075675964,0.7988805174827576,0.8550558090209961
23399,0.518798828125,0.5669112801551819,0.6967307925224304,0.6168184280395508
23400,0.967041015625,0.9676885604858398,0.8122885227203369,0.9082255959510803
23401,0.14453125,0.2024582475423813,0.5307213068008423,0.5289578437805176
23402,0.939453125,0.949808657169342,0.6820816993713379,0.7159378528594971
23403,0.580322265625,0.6181151270866394,0.86592036485672,0.6895655989646912
23404,0.9673665165901184,0.9676933288574219,1.0,0.8712971806526184
23405,0.146728515625,0.2290462702512741,0.3012597858905792,0.5702888369560242
23406,0.261474609375,0.3127961754798889,0.4285714626312256,0.5318953990936279
23407,0.580322265625,0.6227578520774841,0.86592036485672,0.8324519991874695
23408,0.9673665165901184,0.967789888381958,1.0,0.9103720784187317
23409,0.09375,0.09375,0.6309297680854797,0.6309297680854797
23410,0.02083333395421505,0.08431951701641083,0.09271639585494995,0.35834529995918274
23411,0.23046875,0.2473602294921875,0.47306913137435913,0.3520256578922272
23412,0.02083333395421505,0.09050767868757248,0.04811027646064758,0.2466539442539215
23413,0.606689453125,0.635713517665863,1.0,0.7970394492149353
23414,0.556884765625,0.6191298961639404,0.5407800078392029,0.637017548084259
23415,0.228759765625,0.279985249042511,0.6461858153343201,0.6241481900215149
23416,0.21875,0.2677132785320282,0.42495885491371155,0.4779634177684784
23417,0.300537109375,0.37044665217399597,0.4636814594268799,0.5745784044265747
23418,0.490234375,0.5648305416107178,0.5961710214614868,0.6806314587593079
23419,0.659423828125,0.6627814173698425,0.6764605641365051,0.6821992993354797
23420,0.560546875,0.560546875,1.0,1.0
23421,0.228759765625,0.25779134035110474,0.6461858153343201,0.5380445122718811
23422,0.146728515625,0.20003628730773926,0.2098969668149948,0.22961555421352386
23423,0.946533203125,0.9526390433311462,0.6577322483062744,0.589145839214325
23424,0.499755859375,0.5760191679000854,0.4098700284957886,0.4524112641811371
23425,0.431884765625,0.46542900800704956,0.7318407297134399,0.571753203868866
23426,0.706298828125,0.7091827392578125,0.871160089969635,0.7530439496040344
23427,0.263671875,0.3556799292564392,0.32801172137260437,0.4682157635688782
23428,0.260498046875,0.3295174837112427,0.49370092153549194,0.585705578327179
23429,0.08203125,0.13648903369903564,0.23463936150074005,0.33448493480682373
23430,0.580322265625,0.6043778657913208,0.86592036485672,0.5451719760894775
23431,0.0625,0.08870887756347656,0.3631143569946289,0.39769622683525085
23432,0.12109375,0.17509682476520538,0.3910655975341797,0.4059048295021057
23433,0.0,0.18798828125,0.0,0.26425454020500183
23434,0.966796875,0.9677270650863647,0.7653606534004211,0.8256151676177979
23435,0.374755859375,0.43080154061317444,0.5307213068008423,0.4645620286464691
23436,0.518798828125,0.5722923874855042,0.6967307925224304,0.6828129887580872
23437,0.05078125,0.13756299018859863,0.17690707743167877,0.41316649317741394
23438,0.393798828125,0.44162458181381226,0.5977610945701599,0.5934928059577942
23439,0.0,0.0,0.0,0.0
23440,0.393798828125,0.4499970078468323,0.38908666372299194,0.5044350028038025
23441,0.197998046875,0.2577038109302521,0.29449179768562317,0.3993722200393677
23442,0.556884765625,0.6020083427429199,0.3877114951610565,0.44885820150375366
23443,0.110107421875,0.1866217851638794,0.16497723758220673,0.3358461856842041
23444,0.956298828125,0.9602372050285339,1.0,0.9374551177024841
23445,0.197998046875,0.2820633351802826,0.29449179768562317,0.46494802832603455
23446,0.951904296875,0.9555875062942505,0.9521908760070801,0.8843901753425598
23447,0.3599446713924408,0.4503069519996643,0.36623337864875793,0.5909230709075928
23448,0.953369140625,0.9588530659675598,0.7479812502861023,0.7297089695930481
23449,0.374755859375,0.4334207773208618,0.6128985285758972,0.711816668510437
23450,0.03125,0.06626565009355545,0.09869397431612015,0.2294778823852539
23451,0.9444172978401184,0.9511604905128479,0.6219719052314758,0.6480210423469543
23452,0.9444172978401184,0.9533024430274963,0.7589633464813232,0.7440369725227356
23453,0.567138671875,0.5858122706413269,0.7988805174827576,0.6765704154968262
23454,0.03125,0.10104876756668091,0.15273310244083405,0.5739955306053162
23455,0.490234375,0.561988353729248,0.5961710214614868,0.5898342132568359
23456,0.16796875,0.2315274477005005,0.3198178708553314,0.4439755380153656
23457,0.556884765625,0.5970497727394104,0.8308104276657104,0.7163268327713013
23458,0.951904296875,0.9563709497451782,0.7122209072113037,0.5690912008285522
23459,0.304931640625,0.33398139476776123,1.0,0.6379480957984924
23460,0.706298828125,0.7097364664077759,0.871160089969635,0.817702054977417
23461,0.556884765625,0.5837005376815796,0.8308104276657104,0.6732378005981445
23462,0.08984375,0.13789573311805725,0.3333333134651184,0.35386157035827637
23463,0.091796875,0.10552978515625,0.3948093354701996,0.36566275358200073
23464,0.146728515625,0.20514792203903198,0.48975956439971924,0.7069685459136963
23465,0.3599446713924408,0.43362295627593994,0.36623337864875793,0.5993322134017944
23466,0.956298828125,0.9599354267120361,0.8195018768310547,0.7552585601806641
23467,0.962158203125,0.962691605091095,0.8420895934104919,0.7729852199554443
23468,0.953369140625,0.9603369235992432,0.6543781161308289,0.7669051885604858
23469,0.95703125,0.9576971530914307,0.8046074509620667,0.8435359001159668
23470,0.1106770858168602,0.16277693212032318,0.37429505586624146,0.4319944977760315
23471,0.146728515625,0.18325583636760712,0.58057701587677,0.6618653535842896
23472,0.12109375,0.2054070681333542,0.16759954392910004,0.3564082384109497
23473,0.968017578125,0.9680578112602234,1.0,0.8787144422531128
23474,0.228759765625,0.27580100297927856,0.6461858153343201,0.780101478099823
23475,0.0,0.15587091445922852,0.0,0.33281099796295166
23476,0.0,0.08842120319604874,0.0,0.211680069565773
23477,0.393798828125,0.45019906759262085,0.5977610945701599,0.6142701506614685
23478,0.1875,0.3220334053039551,0.2886616587638855,0.6247179508209229
23479,0.0,0.06772281229496002,0.0,0.35594069957733154
23480,0.606689453125,0.643318772315979,0.6509066820144653,0.7590668201446533
23481,0.197998046875,0.25745999813079834,0.29449179768562317,0.3282947540283203
23482,0.12109375,0.16261637210845947,0.19355076551437378,0.2283545434474945
23483,0.304931640625,0.361265629529953,0.4285714626312256,0.5064225792884827
23484,0.606689453125,0.6423640251159668,1.0,0.9404875040054321
23485,0.197998046875,0.23244860768318176,0.6871474981307983,0.5830932855606079
23486,0.951904296875,0.9567497372627258,0.8690900206565857,0.760032057762146
23487,0.08203125,0.12401159107685089,0.11613046377897263,0.16265760362148285
23488,0.5757650136947632,0.5778805017471313,0.763222336769104,0.7241086363792419
23489,0.091796875,0.1743084192276001,0.1093372330069542,0.2564983069896698
23490,0.2774251401424408,0.3752792477607727,0.36153164505958557,0.5030781626701355
23491,0.580322265625,0.6146154999732971,0.86592036485672,0.7182415127754211
23492,0.393798828125,0.43827754259109497,0.5977610945701599,0.5627459287643433
23493,0.4375,0.455078125,0.6735438704490662,0.697583794593811
23494,0.08984375,0.14271564781665802,0.3333333134651184,0.3271011412143707
23495,0.0625,0.12573003768920898,0.24207624793052673,0.6635221838951111
23496,0.263671875,0.3586105704307556,0.32801172137260437,0.49166977405548096
23497,0.9507649540901184,0.9533894062042236,0.8898733854293823,0.7538463473320007
23498,0.393798828125,0.4244934022426605,0.5977610945701599,0.5221338272094727
23499,0.2044270783662796,0.2387344092130661,0.5474918484687805,0.3987486958503723
23500,0.518798828125,0.5504347085952759,0.6967307925224304,0.6499705910682678
23501,0.110107421875,0.19263750314712524,0.3333333134651184,0.5876557230949402
23502,0.212890625,0.2444092333316803,0.5679726600646973,0.5087749361991882
23503,0.967041015625,0.9676120281219482,0.9284793138504028,0.7779708504676819
23504,0.967041015625,0.9676974415779114,0.8122885227203369,0.8814816474914551
23505,0.606689453125,0.6342018246650696,1.0,0.6872711777687073
23506,0.606689453125,0.6494668126106262,0.6509066820144653,0.7476121187210083
23507,0.110107421875,0.1722521185874939,0.3333333134651184,0.48967429995536804
23508,0.278564453125,0.33272403478622437,0.45805788040161133,0.7111706137657166
23509,0.606689453125,0.6383680701255798,1.0,0.73988276720047
23510,0.0,0.08083496242761612,0.0,0.31202423572540283
23511,0.488037109375,0.5279716849327087,0.8785831332206726,0.8699556589126587
23512,0.51953125,0.5608165264129639,0.7039180994033813,0.7164587378501892
23513,0.212890625,0.31804317235946655,0.28110769391059875,0.5166183114051819
23514,0.968017578125,0.9680525064468384,1.0,0.8074519634246826
23515,0.953369140625,0.9571139216423035,0.912726640701294,0.7896087169647217
23516,0.606689453125,0.6352481842041016,1.0,0.8153501749038696
23517,0.953369140625,0.9580175876617432,0.912726640701294,0.832918643951416
23518,0.531982421875,0.5799674987792969,0.48571667075157166,0.4693566560745239
23519,0.946533203125,0.9525125622749329,0.6577322483062744,0.6613536477088928
23520,0.531982421875,0.562237560749054,0.7462155222892761,0.6357691287994385
23521,0.304931640625,0.352082759141922,1.0,0.7502561211585999
23522,0.9673665165901184,0.9677347540855408,1.0,0.8613154888153076
23523,0.499755859375,0.5385841131210327,0.7271926999092102,0.6571667790412903
23524,0.393798828125,0.4695369005203247,0.38908666372299194,0.5974961519241333
23525,0.44921875,0.5141137838363647,0.7216541767120361,0.7489234209060669
23526,0.659423828125,0.6642447710037231,0.6764605641365051,0.7629036903381348
23527,0.146728515625,0.1687256395816803,0.48975956439971924,0.45775365829467773
23528,0.9466145634651184,0.9519873261451721,0.8072783350944519,0.7384334206581116
23529,0.228759765625,0.28126898407936096,0.3198178708553314,0.4089275002479553
23530,0.567138671875,0.592035174369812,0.7988805174827576,0.6325486898422241
23531,0.946533203125,0.954314112663269,0.8026000261306763,0.8145883083343506
23532,0.1875,0.2366282194852829,0.2886616587638855,0.42284175753593445
23533,0.02083333395421505,0.0423482283949852,0.23463936150074005,0.27426549792289734
23534,0.9507649540901184,0.9553268551826477,0.8898733854293823,0.7634443640708923
23535,0.304931640625,0.39347004890441895,0.4285714626312256,0.6608606576919556
23536,0.091796875,0.13265228271484375,0.255120187997818,0.40506258606910706
23537,0.9507649540901184,0.9560062289237976,0.8898733854293823,0.9484590291976929
23538,0.19921875,0.24383527040481567,0.30167919397354126,0.3251957297325134
23539,0.3059895932674408,0.3421825170516968,0.625433623790741,0.5761222243309021
23540,0.02083333395421505,0.04801543802022934,0.12103812396526337,0.26923680305480957
23541,0.300537109375,0.34752485156059265,0.4636814594268799,0.4360162615776062
23542,0.518798828125,0.5793836116790771,0.6967307925224304,0.7644802331924438
23543,0.110107421875,0.20318511128425598,0.16497723758220673,0.4134335517883301
23544,0.304931640625,0.40549612045288086,0.4285714626312256,0.6426481604576111
23545,0.091796875,0.18388909101486206,0.255120187997818,0.4791147708892822
23546,0.09375,0.1892542541027069,0.12689225375652313,0.3712846040725708
23547,0.556884765625,0.5965816974639893,0.5407800078392029,0.5374319553375244
23548,0.606689453125,0.6370431184768677,1.0,0.8453593254089355
23549,0.556884765625,0.6018051505088806,0.8308104276657104,0.6837952733039856
23550,0.9388020634651184,0.9392598271369934,0.8427215218544006,0.6830880641937256
23551,0.146728515625,0.236943781375885,0.2098969668149948,0.287998229265213
23552,0.518798828125,0.5732055902481079,0.6967307925224304,0.7905897498130798
23553,0.959228515625,0.9597457051277161,0.7631344795227051,0.8401064872741699
23554,0.580322265625,0.618550717830658,0.5636333227157593,0.6002233028411865
23555,0.23828125,0.2563323974609375,0.8344475626945496,0.9131210446357727
23556,0.2774251401424408,0.3249858021736145,0.4175114035606384,0.4228799641132355
23557,0.16796875,0.20739346742630005,0.3198178708553314,0.3934139311313629
23558,0.374755859375,0.41142964363098145,0.5307213068008423,0.4696148633956909
23559,0.228759765625,0.3256605565547943,0.276936799287796,0.366035521030426
23560,0.9444172978401184,0.9517781734466553,0.544137716293335,0.663490891456604
23561,0.556884765625,0.5942597985267639,0.8308104276657104,0.6054602861404419
23562,0.490234375,0.506454348564148,0.8556691408157349,0.6894965767860413
23563,0.47265625,0.4767715036869049,0.4784300625324249,0.39113596081733704
23564,0.953369140625,0.9582613706588745,0.912726640701294,0.9392696022987366
23565,0.606689453125,0.6375002861022949,1.0,0.827883243560791
23566,0.146728515625,0.218081995844841,0.3012597858905792,0.4611503779888153
23567,0.365234375,0.4499138593673706,0.4972013831138611,0.6310601830482483
23568,0.03125,0.0616513192653656,0.09869397431612015,0.18504515290260315
23569,0.488037109375,0.5609166026115417,0.6121358871459961,0.8123916983604431
23570,0.0625,0.1053009033203125,0.24207624793052673,0.45698082447052
23571,0.956298828125,0.960188627243042,1.0,0.9206324815750122
23572,0.2774251401424408,0.33586132526397705,0.4175114035606384,0.4836892783641815
23573,0.1106770858168602,0.14533326029777527,0.37429505586624146,0.3687411844730377
23574,0.556884765625,0.5851545929908752,0.8308104276657104,0.7611954212188721
23575,0.943115234375,0.9500906467437744,0.7475366592407227,0.821973979473114
23576,0.968017578125,0.9680771231651306,1.0,0.9165673851966858
23577,0.091796875,0.2270849049091339,0.1093372330069542,0.3311161994934082
23578,0.633056640625,0.6369221210479736,0.715326726436615,0.653093695640564
23579,0.228759765625,0.30269238352775574,0.276936799287796,0.3758246600627899
23580,0.580322265625,0.6243934631347656,0.86592036485672,0.7786403894424438
23581,0.956298828125,0.9595581889152527,1.0,0.8529058694839478
23582,0.531982421875,0.5829798579216003,0.3482339084148407,0.44966205954551697
23583,0.947998046875,0.9560148119926453,0.6841284036636353,0.7515847086906433
23584,0.393798828125,0.4399784207344055,0.5977610945701599,0.49336954951286316
23585,0.967041015625,0.9676574468612671,0.9284793138504028,0.8440160751342773
23586,0.1875,0.1875,1.0,1.0
23587,0.5694172978401184,0.5809004902839661,0.4055802822113037,0.5233597159385681
23588,0.0,0.0,0.0,0.0
23589,0.953369140625,0.9575221538543701,0.7479812502861023,0.7673488855361938
23590,0.580322265625,0.6135587692260742,0.86592036485672,0.8161681890487671
23591,0.967041015625,0.9674392342567444,0.8122885227203369,0.5683857202529907
23592,0.518798828125,0.5726486444473267,0.6967307925224304,0.5940130949020386
23593,0.344482421875,0.38172274827957153,0.5977610945701599,0.614161491394043
23594,0.323974609375,0.39646977186203003,0.47805625200271606,0.6458653211593628
23595,0.228759765625,0.2614240348339081,1.0,0.8973537683486938
23596,0.556884765625,0.5921941995620728,0.8308104276657104,0.8311469554901123
23597,0.08984375,0.15922659635543823,0.20503923296928406,0.39384007453918457
23598,0.567138671875,0.6049056053161621,0.7988805174827576,0.6017223596572876
23599,0.499755859375,0.5424670577049255,0.9037794470787048,0.8459064364433289
23600,0.556884765625,0.5981612205505371,0.8308104276657104,0.7043365240097046
23601,0.953369140625,0.9564787745475769,0.912726640701294,0.8036726117134094
23602,0.518798828125,0.569050669670105,0.6967307925224304,0.5987758636474609
23603,0.12109375,0.1890602707862854,0.16759954392910004,0.2341504842042923
23605,0.968017578125,0.968058168888092,1.0,0.9043929576873779
23606,0.21875,0.25044530630111694,0.29608193039894104,0.2747812271118164
23607,0.51953125,0.5568421483039856,0.7039180994033813,0.5814408659934998
23608,0.304931640625,0.381539911031723,0.4285714626312256,0.5312609672546387
23609,0.263671875,0.32145923376083374,0.7653606534004211,0.7154862284660339
23610,0.365234375,0.40044867992401123,0.4972013831138611,0.504776656627655
23611,0.946533203125,0.955579400062561,0.575423002243042,0.7212857604026794
23612,0.166259765625,0.2827757000923157,0.2626707851886749,0.5499870181083679
23613,0.197998046875,0.25144678354263306,0.6871474981307983,0.5980809330940247
23614,0.03125,0.1043177992105484,0.0488467775285244,0.2135644257068634
23615,0.278564453125,0.3995465636253357,0.21157628297805786,0.5943627953529358
23616,0.2774251401424408,0.37943077087402344,0.36153164505958557,0.6466423869132996
23617,0.197998046875,0.27822399139404297,0.29449179768562317,0.39745667576789856
23618,0.9673665165901184,0.9676245450973511,1.0,0.7411157488822937
23619,0.962158203125,0.9626392722129822,0.8420895934104919,0.9035711884498596
23620,0.531982421875,0.5757088661193848,0.7462155222892761,0.6194687485694885
23621,0.9673665165901184,0.9677795767784119,0.8748590350151062,0.8333221673965454
23622,0.968017578125,0.9680763483047485,1.0,0.931971549987793
23623,0.953369140625,0.9596311450004578,0.6543781161308289,0.6779528856277466
23624,0.606689453125,0.6365423202514648,1.0,0.8552025556564331
23625,0.9673665165901184,0.9679083824157715,0.8748590350151062,0.8432640433311462
23627,0.9507649540901184,0.9578068852424622,0.6379934549331665,0.7478577494621277
23628,0.712158203125,0.7125983238220215,0.8569586873054504,0.9058645963668823
23629,0.946533203125,0.9529832005500793,0.8793432712554932,0.918764591217041
23630,0.110107421875,0.19738686084747314,0.3333333134651184,0.6956261992454529
23631,0.263671875,0.3296911120414734,0.32801172137260437,0.3587339222431183
23632,0.12109375,0.16932547092437744,0.19355076551437378,0.2684915065765381
23633,0.518798828125,0.5713971853256226,0.6967307925224304,0.6075460910797119
23634,0.261474609375,0.312822163105011,0.4285714626312256,0.4415780305862427
23635,0.14453125,0.23287129402160645,0.2626707851886749,0.4968183636665344
23636,0.606689453125,0.6279075741767883,1.0,0.8702324628829956
23637,0.706298828125,0.7111781239509583,0.6245770454406738,0.7775571346282959
23638,0.9673665165901184,0.9677667617797852,0.8748590350151062,0.8217594623565674
23639,0.263671875,0.38286828994750977,0.37880125641822815,0.7001078128814697
23640,0.374755859375,0.4059768319129944,0.6128985285758972,0.5343503952026367
23641,0.619873046875,0.627903938293457,0.4733748733997345,0.6331403851509094
23642,0.531982421875,0.5575833320617676,0.7462155222892761,0.6612225770950317
23643,0.0,0.013671875,0.0,0.20503242313861847
23644,0.967041015625,0.9676674008369446,0.8122885227203369,0.7302626371383667
23645,0.9507649540901184,0.9529173970222473,0.8898733854293823,0.7958341836929321
23646,0.05078125,0.12094472348690033,0.08755692839622498,0.23378422856330872
23647,0.3599446713924408,0.40316247940063477,0.6497723460197449,0.7008532881736755
23648,0.953369140625,0.9575962424278259,0.912726640701294,0.9787676930427551
23649,0.02083333395421505,0.09157034009695053,0.09271639585494995,0.4348052144050598
23650,0.606689453125,0.6363895535469055,1.0,0.7701862454414368
23651,0.560546875,0.6094596982002258,0.7653606534004211,0.573236882686615
23652,0.9668782353401184,0.9674529433250427,0.892719030380249,0.914851188659668
23653,0.956298828125,0.9604624509811401,0.7169486284255981,0.8135169744491577
23654,0.2774251401424408,0.35817983746528625,0.8435737490653992,0.8803485631942749
23655,0.23046875,0.2771649956703186,0.38063758611679077,0.4689158797264099
23656,0.304931640625,0.36318352818489075,0.6151177287101746,0.613677978515625
23657,0.0,0.09723183512687683,0.0,0.23720088601112366
23658,0.490234375,0.5465365648269653,0.6884825229644775,0.7342169880867004
23659,0.947998046875,0.9530452489852905,0.6841284036636353,0.7208414673805237
23660,0.3599446713924408,0.39771121740341187,0.5626510977745056,0.5970364212989807
23661,0.947998046875,0.9517213106155396,0.8348100185394287,0.7812945246696472
23662,0.09375,0.2512423098087311,0.0904926061630249,0.34800708293914795
23663,0.0,0.0621396042406559,0.0,0.15915600955486298
23664,0.267578125,0.36080464720726013,0.36312174797058105,0.599001944065094
23665,0.197998046875,0.23821291327476501,0.42267662286758423,0.40375155210494995
23666,0.968017578125,0.9680680632591248,1.0,0.9735465049743652
23667,0.08203125,0.13865114748477936,0.23463936150074005,0.3363935351371765
23668,0.260498046875,0.2895088195800781,0.8026120662689209,0.9413045644760132
23669,0.3599446713924408,0.40711042284965515,0.5626510977745056,0.6714617609977722
23670,0.488037109375,0.5911751389503479,0.4365417957305908,0.7412791848182678
23671,0.560546875,0.6050451993942261,0.7653606534004211,0.7351894378662109
23672,0.3599446713924408,0.4267755150794983,0.5626510977745056,0.6457898020744324
23673,0.499755859375,0.5710378885269165,0.629690945148468,0.5926496386528015
23674,0.304931640625,0.3082839846611023,1.0,0.6399950981140137
23675,0.14453125,0.27813825011253357,0.22745199501514435,0.6617319583892822
23676,0.323974609375,0.3828083872795105,0.5520787835121155,0.6631819605827332
23677,0.499755859375,0.5461071729660034,0.629690945148468,0.6110094785690308
23679,0.956298828125,0.9595068097114563,1.0,0.8933205008506775
23680,0.9444172978401184,0.9508598446846008,0.8315341472625732,0.8748430013656616
23681,0.3059895932674408,0.34277787804603577,0.625433623790741,0.5480545163154602
23682,0.304931640625,0.38307642936706543,0.6151177287101746,0.7397428154945374
23683,0.14453125,0.1491156667470932,0.5307213068008423,0.4881790280342102
23684,0.431884765625,0.4668114185333252,0.7318407297134399,0.6008549332618713
23685,0.3599446713924408,0.408700168132782,0.5626510977745056,0.5326008200645447
23686,0.488037109375,0.5258999466896057,0.6121358871459961,0.5400062799453735
23687,0.110107421875,0.15022173523902893,0.5158474445343018,0.6001420021057129
23688,0.560546875,0.6177437901496887,0.4981783330440521,0.6536391973495483
23689,0.365234375,0.4219377636909485,0.4972013831138611,0.6071878671646118
23690,0.47265625,0.5345046520233154,0.5698384642601013,0.7103731632232666
23691,0.953369140625,0.958503246307373,0.912726640701294,0.8809311389923096
23692,0.956298828125,0.9598919749259949,1.0,0.8893669843673706
23693,0.953369140625,0.9585043787956238,0.912726640701294,0.8542742729187012
23694,0.146728515625,0.2516697645187378,0.2098969668149948,0.5256713628768921
23695,0.304931640625,0.3878566026687622,0.4285714626312256,0.5744069218635559
23696,0.197998046875,0.26281291246414185,0.29449179768562317,0.3844406008720398
23697,0.05078125,0.10922622680664062,0.08755692839622498,0.21611608564853668
23698,0.580322265625,0.6182184815406799,0.86592036485672,0.675610363483429
23699,0.374755859375,0.4289390444755554,0.5307213068008423,0.48730623722076416
23700,0.488037109375,0.538460910320282,0.8785831332206726,0.8795728087425232
23701,0.260498046875,0.3019118309020996,0.49370092153549194,0.47941359877586365
23702,0.580322265625,0.6157985329627991,0.86592036485672,0.685127317905426
23703,0.30078125,0.3347637355327606,0.5307213068008423,0.5129518508911133
23704,0.580322265625,0.6258903741836548,0.86592036485672,0.842937171459198
23705,0.956298828125,0.9594123959541321,0.8195018768310547,0.7720801830291748
23706,0.580322265625,0.6230162978172302,0.86592036485672,0.8113653659820557
23707,0.968017578125,0.9680769443511963,1.0,0.8873602151870728
23708,0.706298828125,0.7094781994819641,0.871160089969635,0.7666016817092896
23710,0.606689453125,0.6417990922927856,1.0,0.9188462495803833
23711,0.9673665165901184,0.9677696824073792,1.0,0.9475773572921753
23712,0.110107421875,0.19032935798168182,0.1428571492433548,0.31769803166389465
23714,0.0,0.072265625,0.0,0.21166272461414337
23715,0.304931640625,0.346069872379303,0.49493172764778137,0.5075658559799194
23716,0.110107421875,0.16973662376403809,0.3951442539691925,0.6058604717254639
23717,0.304931640625,0.35523831844329834,0.6151177287101746,0.5708073973655701
23718,0.212890625,0.281491756439209,0.5679726600646973,0.544685423374176
23719,0.968017578125,0.9680652618408203,1.0,0.9256313443183899
23720,0.1106770858168602,0.18417112529277802,0.37429505586624146,0.4480440616607666
23721,0.091796875,0.15425586700439453,0.12626707553863525,0.23334355652332306
23722,0.393798828125,0.43542370200157166,0.5977610945701599,0.4979570209980011
23723,0.263671875,0.30242040753364563,0.7653606534004211,0.5343976616859436
23724,0.304931640625,0.38920721411705017,0.4285714626312256,0.7006124258041382
23725,0.365234375,0.47561293840408325,0.23202729225158691,0.4285701811313629
23726,0.393798828125,0.43586471676826477,0.5977610945701599,0.6681140065193176
23727,0.953369140625,0.9602906107902527,0.6543781161308289,0.6060798168182373
23728,0.9673665165901184,0.9679033160209656,0.8748590350151062,0.8769469857215881
23729,0.197998046875,0.24916769564151764,0.42267662286758423,0.4605547785758972
23730,0.219970703125,0.2853108048439026,0.34397661685943604,0.3399439752101898
23731,0.0,0.0078125,0.0,0.0954604297876358
23732,0.466064453125,0.4944521486759186,0.7823625802993774,0.5948339104652405
23733,0.228759765625,0.2679787874221802,0.3974803686141968,0.3547506332397461
23734,0.712158203125,0.7126185894012451,0.7497180104255676,0.8449606895446777
23735,0.300537109375,0.33807069063186646,0.5354781746864319,0.5559513568878174
23736,0.518798828125,0.5829688310623169,0.6967307925224304,0.7828204035758972
23737,0.580322265625,0.6037390232086182,0.86592036485672,0.7899811267852783
23738,0.228759765625,0.26141104102134705,0.3974803686141968,0.3442423641681671
23739,0.0,0.012500000186264515,0.0,0.38685280084609985
23740,0.16796875,0.2167598158121109,0.34665608406066895,0.5808800458908081
23741,0.706298828125,0.7089957594871521,0.871160089969635,0.7782031893730164
23742,0.431884765625,0.4660709500312805,0.390377938747406,0.41916000843048096
23743,0.1106770858168602,0.20159146189689636,0.2302355170249939,0.47473636269569397
23744,0.228759765625,0.27997395396232605,0.6461858153343201,0.5675737261772156
23745,0.518798828125,0.5848098993301392,0.3716495931148529,0.4700496792793274
23746,0.16796875,0.19840791821479797,0.3974803686141968,0.39514613151550293
23747,0.0,0.008928571827709675,0.0,0.029887614771723747
23748,0.968017578125,0.9680677652359009,1.0,0.8389753699302673
23749,0.9673665165901184,0.9677491188049316,0.8748590350151062,0.8909525275230408
23750,0.706298828125,0.7104019522666931,0.6245770454406738,0.8116754293441772
23751,0.260498046875,0.332161545753479,0.8026120662689209,0.8610835075378418
23752,0.9466145634651184,0.9551049470901489,0.6615661382675171,0.8052359223365784
23753,0.606689453125,0.6391569375991821,1.0,0.8954699039459229
23754,0.571533203125,0.5769168734550476,0.6676040887832642,0.7306462526321411
23755,0.466064453125,0.512596845626831,0.5450960993766785,0.4087071120738983
23756,0.110107421875,0.1448965072631836,0.5158474445343018,0.5510299205780029
23757,0.967041015625,0.9678148627281189,0.8122885227203369,0.7868108153343201
23758,0.51953125,0.5265350341796875,0.8129132390022278,0.6937223672866821
23759,0.110107421875,0.19042733311653137,0.3333333134651184,0.4852921664714813
23760,0.393798828125,0.4264625608921051,0.5977610945701599,0.563624918460846
23761,0.3599446713924408,0.4062013030052185,0.40125197172164917,0.5101139545440674
23762,0.556884765625,0.5893622636795044,0.8308104276657104,0.8315107226371765
23763,0.260498046875,0.32075363397598267,0.34397661685943604,0.3561907410621643
23764,0.499755859375,0.5334465503692627,0.9037794470787048,0.7790111899375916
23765,0.606689453125,0.6336118578910828,1.0,0.782429039478302
23766,0.499755859375,0.5488392114639282,0.629690945148468,0.6546062231063843
23767,0.499755859375,0.578876793384552,0.629690945148468,0.7196699976921082
23768,0.956298828125,0.9579816460609436,1.0,0.8997853994369507
23769,0.606689453125,0.6391788721084595,1.0,0.7769899964332581
23770,0.956298828125,0.9601298570632935,1.0,0.9611251950263977
23771,0.47265625,0.532699704170227,0.5698384642601013,0.4962470233440399
23772,0.393798828125,0.43945255875587463,0.5977610945701599,0.6061972975730896
23773,0.9466145634651184,0.9500201940536499,0.8844688534736633,0.8137308359146118
23774,0.228759765625,0.295884370803833,0.3974803686141968,0.4557875096797943
23775,0.23828125,0.31645575165748596,0.43299248814582825,0.5960913300514221
23776,0.953369140625,0.9587804675102234,0.912726640701294,0.8433182835578918
23777,0.3599446713924408,0.41062939167022705,0.5626510977745056,0.6532445549964905
23778,0.0,0.07552605867385864,0.0,0.25453701615333557
23779,0.304931640625,0.3676678240299225,0.49493172764778137,0.6048459410667419
23780,0.518798828125,0.5334147214889526,0.6967307925224304,0.4400423467159271
23781,0.968017578125,0.9680762887001038,1.0,0.8333206176757812
23782,0.23828125,0.3218165338039398,0.30167919397354126,0.47969701886177063
23783,0.580322265625,0.6276410222053528,0.86592036485672,0.7437058091163635
23784,0.146728515625,0.2058628350496292,0.3012597858905792,0.35995790362358093
23785,0.499755859375,0.5568996667861938,0.7271926999092102,0.8465195894241333
23786,0.956298828125,0.9611189961433411,0.7169486284255981,0.8929705619812012
23787,0.228759765625,0.346635639667511,0.18026001751422882,0.38084208965301514
23788,0.146728515625,0.146728515625,0.7579237222671509,0.7579237222671509
23789,0.951904296875,0.9598754048347473,0.7122209072113037,0.8943894505500793
23790,0.110107421875,0.1543261557817459,0.5158474445343018,0.6430379152297974
23791,0.263671875,0.35325127840042114,0.32801172137260437,0.5000235438346863
23792,0.567138671875,0.6067031025886536,0.7988805174827576,0.7184494733810425
23793,0.962158203125,0.9626118540763855,0.8420895934104919,0.7772272825241089
23794,0.08203125,0.088134765625,0.7039180994033813,0.4233240783214569
23795,0.659423828125,0.6629388928413391,0.8254533410072327,0.7772156000137329
23796,0.166259765625,0.2326432317495346,0.32645606994628906,0.4401029646396637
23797,0.146728515625,0.263871431350708,0.2098969668149948,0.5449181199073792
23798,0.25390625,0.31325826048851013,0.39664164185523987,0.48742353916168213
23799,0.261474609375,0.3415435552597046,0.2789600193500519,0.5478478670120239
23800,0.560546875,0.598250150680542,0.7653606534004211,0.810973048210144
23801,0.1106770858168602,0.13753744959831238,0.18525049090385437,0.21261130273342133
23802,0.518798828125,0.5666140913963318,0.8046129941940308,0.8122957944869995
23803,0.61328125,0.6182039380073547,0.6327316761016846,0.6130843758583069
23804,0.518798828125,0.571406900882721,0.6967307925224304,0.8098278045654297
23805,0.278564453125,0.32656678557395935,0.39664164185523987,0.3609966039657593
23806,0.25390625,0.3210966885089874,0.25817668437957764,0.34965065121650696
23807,0.0625,0.122314453125,0.07742030918598175,0.16839277744293213
23808,0.08203125,0.1678619384765625,0.18448074162006378,0.5183737277984619
23809,0.431884765625,0.4776823818683624,0.7318407297134399,0.7674415111541748
23810,0.212890625,0.3019978106021881,0.24341687560081482,0.4221155643463135
23812,0.12109375,0.1290283203125,0.46358197927474976,0.4904651641845703
23813,0.431884765625,0.4773327112197876,0.7318407297134399,0.6785997152328491
23814,0.08203125,0.16210581362247467,0.10055973380804062,0.24428415298461914
23815,0.393798828125,0.45610204339027405,0.5977610945701599,0.5866977572441101
23816,0.712158203125,0.7126419544219971,0.7497180104255676,0.869206964969635
23817,0.12109375,0.17301149666309357,0.3910655975341797,0.47433722019195557
23818,0.946533203125,0.9521823525428772,0.8026000261306763,0.7786942720413208
23819,0.0,0.0154389888048172,0.0,0.2976932227611542
23820,0.518798828125,0.5507006049156189,0.6967307925224304,0.6501116156578064
23821,0.499755859375,0.5730752348899841,0.629690945148468,0.6531468629837036
23822,0.455078125,0.49469906091690063,0.5115761756896973,0.46154406666755676
23823,0.9668782353401184,0.9674756526947021,0.892719030380249,0.8538579940795898
23824,0.580322265625,0.6272197365760803,0.86592036485672,0.7661298513412476
23825,0.304931640625,0.38130056858062744,0.4285714626312256,0.632723867893219
23826,0.0625,0.0771484375,0.4692787230014801,0.3148801624774933
23827,0.12109375,0.1258544921875,0.605190634727478,0.4262305796146393
23828,0.5757650136947632,0.5794920921325684,0.6966133713722229,0.708060085773468
23829,0.48828125,0.488884836435318,0.6066363453865051,0.6165836453437805
23830,0.197998046875,0.29017800092697144,0.29449179768562317,0.5648055672645569
23831,0.606689453125,0.6390887498855591,1.0,0.767947793006897
23832,0.228759765625,0.25869154930114746,1.0,0.8900076746940613
23833,0.469970703125,0.47658222913742065,0.5407800078392029,0.662401020526886
23834,0.9668782353401184,0.9672675132751465,0.7810032963752747,0.665113627910614
23835,0.9444172978401184,0.9499618411064148,0.8315341472625732,0.8128436207771301
23836,0.518798828125,0.5761244893074036,0.6967307925224304,0.5974453091621399
23837,0.212890625,0.27633392810821533,0.3493700623512268,0.4178086817264557
23838,0.3599446713924408,0.4186710715293884,0.5626510977745056,0.592807412147522
23839,0.2774251401424408,0.322288453578949,0.8435737490653992,0.6491333246231079
23840,0.150390625,0.1583251953125,0.7002755999565125,0.49651825428009033
23841,0.556884765625,0.599346935749054,0.8308104276657104,0.6484050154685974
23842,0.580322265625,0.6243147850036621,0.86592036485672,0.7962305545806885
23843,0.304931640625,0.37708237767219543,0.6151177287101746,0.6799448132514954
23844,0.606689453125,0.6244756579399109,1.0,0.5944980978965759
23845,0.110107421875,0.15272581577301025,0.5158474445343018,0.6657571196556091
23846,0.9673665165901184,0.9675811529159546,1.0,0.7748082280158997
23847,0.219970703125,0.30023813247680664,0.34397661685943604,0.40972447395324707
23848,0.197998046875,0.2619156837463379,0.34009110927581787,0.45546266436576843
23849,0.304931640625,0.387942910194397,0.2789600193500519,0.4463665783405304
23850,0.946533203125,0.9516388177871704,0.8026000261306763,0.807421088218689
23851,0.499755859375,0.5869570374488831,0.4098700284957886,0.6636641025543213
23852,0.05078125,0.09905082732439041,0.5307212471961975,0.7162874937057495
23853,0.03125,0.08627749979496002,0.15273310244083405,0.461880624294281
23854,0.228759765625,0.30237674713134766,0.276936799287796,0.387674480676651
23855,0.967041015625,0.9675149321556091,0.8122885227203369,0.7210791707038879
23856,0.9673665165901184,0.9676823019981384,1.0,0.8484199047088623
23857,0.518798828125,0.5624980330467224,0.6967307925224304,0.6566123962402344
23858,0.304931640625,0.40929174423217773,0.4285714626312256,0.5948092341423035
23859,0.499755859375,0.548899233341217,0.7271926999092102,0.7514269351959229
23860,0.02083333395421505,0.1520741879940033,0.038710154592990875,0.31557995080947876
23861,0.393798828125,0.4371795952320099,0.5977610945701599,0.5661057829856873
23862,0.03125,0.0458984375,0.38685283064842224,0.6509209871292114
23863,0.228759765625,0.25916528701782227,0.6461858153343201,0.42754507064819336
23864,0.518798828125,0.5566136837005615,0.6967307925224304,0.604680061340332
23865,0.2774251401424408,0.3466622829437256,0.5188971757888794,0.5732141733169556
23866,0.531982421875,0.5785226821899414,0.7462155222892761,0.703807532787323
23867,0.606689453125,0.6404634714126587,1.0,0.9613439440727234
23868,0.490234375,0.4992946684360504,0.8556691408157349,0.7020756602287292
23869,0.518798828125,0.5567592978477478,0.6967307925224304,0.5213196277618408
23870,0.304931640625,0.3646164834499359,0.49493172764778137,0.550980269908905
23871,0.0625,0.088134765625,0.24207624793052673,0.29059574007987976
23872,0.556884765625,0.5838751792907715,0.8308104276657104,0.7111937403678894
23873,0.556884765625,0.6013083457946777,0.8308104276657104,0.7133152484893799
23874,0.455078125,0.500077486038208,0.5115761756896973,0.45706668496131897
23875,0.304931640625,0.38168811798095703,0.6151177287101746,0.762103796005249
23876,0.197998046875,0.30169516801834106,0.29449179768562317,0.5833696126937866
23877,0.263671875,0.38484859466552734,0.32801172137260437,0.5574238300323486
23878,0.466064453125,0.504737138748169,0.629499077796936,0.584316611289978
23879,0.304931640625,0.38457393646240234,0.4285714626312256,0.7218006253242493
23880,0.44921875,0.5161181688308716,0.5027986764907837,0.6746056079864502
23881,0.51953125,0.5626549124717712,0.7039180994033813,0.7074828147888184
23882,0.499755859375,0.5471925735473633,0.629690945148468,0.6817002296447754
23883,0.580322265625,0.6218190789222717,0.86592036485672,0.6776914596557617
23884,0.393798828125,0.40724262595176697,0.8579513430595398,0.6644691228866577
23885,0.518798828125,0.5917650461196899,0.4535067081451416,0.6915172934532166
23886,0.9444172978401184,0.950156033039093,0.8315341472625732,0.8333778977394104
23887,0.556884765625,0.6033025979995728,0.8308104276657104,0.8048708438873291
23888,0.304931640625,0.3823223114013672,0.49493172764778137,0.6852455139160156
23889,0.3599446713924408,0.39366593956947327,0.6497723460197449,0.6546614170074463
23890,0.323974609375,0.3790425658226013,0.47805625200271606,0.51022869348526
23891,0.488037109375,0.5547155141830444,0.6121358871459961,0.5451390147209167
23892,0.518798828125,0.5643258690834045,1.0,0.9254439473152161
23893,0.968017578125,0.9680654406547546,1.0,0.7826536297798157
23894,0.228759765625,0.29670393466949463,0.3974803686141968,0.5256957411766052
23895,0.1875,0.20241698622703552,0.4692787230014801,0.2696797251701355
23896,0.5694173574447632,0.572043776512146,0.6197949647903442,0.603358805179596
23897,0.567138671875,0.5930783748626709,0.7988805174827576,0.610048234462738
23898,0.323974609375,0.38610902428627014,0.5520787835121155,0.7755467891693115
23899,0.228759765625,0.2839977741241455,0.3974803686141968,0.4397232234477997
23900,0.953369140625,0.957000195980072,0.912726640701294,0.7875913977622986
23901,0.499755859375,0.536732017993927,0.7271926999092102,0.6481401324272156
23902,0.304931640625,0.3583953380584717,1.0,0.7963371276855469
23903,0.606689453125,0.6307368874549866,1.0,0.8905794620513916
23904,0.228759765625,0.3088696002960205,0.3198178708553314,0.43762877583503723
23905,0.956298828125,0.9599694609642029,0.8195018768310547,0.7896828055381775
23906,0.02083333395421505,0.08195008337497711,0.038710154592990875,0.18744175136089325
23907,0.304931640625,0.3742768466472626,0.49493172764778137,0.6432348489761353
23908,0.606689453125,0.6378331184387207,1.0,0.8039441704750061
23909,0.9673665165901184,0.9678025245666504,1.0,0.9682329297065735
23910,0.951171875,0.9598329663276672,0.6074502468109131,0.8040574193000793
23911,0.490234375,0.5335805416107178,0.8556691408157349,0.7944225072860718
23912,0.08203125,0.1321563720703125,0.3631143569946289,0.5082557201385498
23913,0.968017578125,0.9680772423744202,1.0,0.7995802164077759
23914,0.374755859375,0.429308146238327,0.5307213068008423,0.6518787741661072
23915,0.9673665165901184,0.9678467512130737,0.8748590350151062,0.7864036560058594
23916,0.44921875,0.4711356461048126,0.5027986764907837,0.4611693024635315
23917,0.968017578125,0.9680659174919128,1.0,0.9242827296257019
23919,0.567138671875,0.6056599617004395,0.7988805174827576,0.6733173131942749
23920,0.344482421875,0.3570472300052643,0.5977610945701599,0.5817679166793823
23921,0.567138671875,0.6254042983055115,0.7988805174827576,0.7926360964775085
23922,0.556884765625,0.5849065184593201,0.9594535827636719,0.8566100597381592
23923,0.304931640625,0.37558865547180176,1.0,0.9575862288475037
23924,0.0,0.06879141926765442,0.0,0.13086476922035217
23925,0.05078125,0.11713948845863342,0.10881868004798889,0.2828338146209717
23926,0.953369140625,0.9571735262870789,0.912726640701294,0.8219547271728516
23927,0.488037109375,0.561221182346344,0.6121358871459961,0.6044422388076782
23928,0.606689453125,0.6389458179473877,1.0,0.8282707929611206
23929,0.0,0.014787946827709675,0.0,0.21109268069267273
23930,0.304931640625,0.38847339153289795,0.4285714626312256,0.6092591881752014
23931,0.08203125,0.2437121570110321,0.10055973380804062,0.5025018453598022
23932,0.556884765625,0.604703426361084,0.8308104276657104,0.789338231086731
23933,0.703369140625,0.710134744644165,0.6423966884613037,0.7663567066192627
23934,0.956298828125,0.9584593772888184,1.0,0.8804506659507751
23935,0.962158203125,0.9624288082122803,0.8420895934104919,0.6727179288864136
23936,0.0,0.0,0.0,0.0
23937,0.967041015625,0.9674356579780579,0.9284793138504028,0.9202137589454651
23938,0.580322265625,0.6079267859458923,0.4618985950946808,0.4403756856918335
23939,0.091796875,0.1009521484375,0.30242785811424255,0.25458425283432007
23940,0.344482421875,0.361563116312027,0.690318763256073,0.6695952415466309
23941,0.374755859375,0.4260774254798889,0.5307213068008423,0.6006726622581482
23942,0.968017578125,0.9680594801902771,1.0,0.8429040312767029
23943,0.968017578125,0.9680615663528442,1.0,0.8701944351196289
23944,0.946533203125,0.9493475556373596,1.0,0.8424962162971497
23945,0.567138671875,0.6224108934402466,0.7988805174827576,0.838064432144165
23946,0.091796875,0.13641619682312012,0.3948093354701996,0.5616239905357361
23947,0.560546875,0.5915098190307617,0.7653606534004211,0.8122097253799438
23948,0.263671875,0.3439931869506836,0.4707868993282318,0.6689847707748413
23949,0.466064453125,0.49482324719429016,0.5450960993766785,0.4746243357658386
23950,0.2774251401424408,0.3670348525047302,0.5188971757888794,0.6418981552124023
23951,0.25390625,0.32184508442878723,0.39664164185523987,0.4390745460987091
23952,0.30078125,0.34431353211402893,0.5307213068008423,0.4918733537197113
23953,0.518798828125,0.5722923874855042,0.6967307925224304,0.6828129887580872
23954,0.0,0.0294887013733387,0.0,0.1609330177307129
23955,0.166259765625,0.18832668662071228,0.5307213068008423,0.44753867387771606
23956,0.556884765625,0.600183367729187,0.8308104276657104,0.6741417050361633
23957,0.228759765625,0.3122692406177521,0.276936799287796,0.4264320731163025
23958,0.08203125,0.1296059787273407,0.3631143569946289,0.4776243567466736
23959,0.606689453125,0.6323557496070862,1.0,0.6936550140380859
23960,0.9673665165901184,0.9676783680915833,1.0,0.8231802582740784
23961,0.304931640625,0.3351599872112274,1.0,0.7202569246292114
23962,0.556884765625,0.6059943437576294,0.8308104276657104,0.9503684043884277
23963,0.580322265625,0.6231882572174072,0.86592036485672,0.7397236227989197
23964,0.110107421875,0.17667034268379211,0.3333333134651184,0.4533248543739319
23966,0.2774251401424408,0.30456358194351196,0.5188971757888794,0.4829302132129669
23967,0.150390625,0.1686684787273407,0.5364180207252502,0.5299816727638245
23968,0.2774251401424408,0.3837132155895233,0.4175114035606384,0.6619529128074646
23969,0.197998046875,0.27422764897346497,0.6871474981307983,0.7585928440093994
23970,0.23828125,0.3270404040813446,0.30167919397354126,0.49154695868492126
23972,0.0,0.0069444444961845875,0.0,0.022026415914297104
23973,0.2774251401424408,0.3475380837917328,0.5188971757888794,0.6401109099388123
23974,0.091796875,0.2313499003648758,0.1093372330069542,0.29652541875839233
23975,0.304931640625,0.36401137709617615,0.6151177287101746,0.7118170857429504
23976,0.956298828125,0.9602466821670532,0.7169486284255981,0.7679527997970581
23977,0.9673665165901184,0.9677194356918335,0.8748590350151062,0.6926351189613342
23978,0.606689453125,0.6415636539459229,1.0,0.8638706803321838
23979,0.02083333395421505,0.0292038694024086,0.23463936150074005,0.22906361520290375
23980,0.9668782353401184,0.9674103856086731,0.7810032963752747,0.6760352849960327
23981,0.951171875,0.9523503184318542,0.6074502468109131,0.4587576985359192
23982,0.968017578125,0.9680764675140381,1.0,0.8578121662139893
23983,0.518798828125,0.5722348093986511,0.6967307925224304,0.6903536319732666
23984,0.44921875,0.5402615070343018,0.5027986764907837,0.5931909680366516
23985,0.260498046875,0.3196592330932617,0.34397661685943604,0.409470796585083
23986,0.953369140625,0.9566830992698669,0.912726640701294,0.780692458152771
23987,0.946533203125,0.9521167278289795,0.8026000261306763,0.7354709506034851
23988,0.110107421875,0.1588565558195114,0.16497723758220673,0.2678322494029999
23989,0.212890625,0.212890625,0.67329341173172,0.5262324213981628
23990,0.374755859375,0.44179585576057434,0.3454500138759613,0.465892493724823
23991,0.703369140625,0.710356593132019,0.6423966884613037,0.8280838131904602
23992,0.05078125,0.11748047173023224,0.10881868004798889,0.2552397847175598
23993,0.580322265625,0.6240509152412415,0.5636333227157593,0.7105711102485657
23994,0.260498046875,0.33095476031303406,0.397238165140152,0.5371424555778503
23995,0.606689453125,0.633596658706665,1.0,0.7773243188858032
23996,0.9507649540901184,0.953384280204773,0.974961519241333,0.8624532222747803
23997,0.951904296875,0.9544923305511475,0.9521908760070801,0.8359934091567993
23998,0.166259765625,0.2614426016807556,0.22745199501514435,0.376686155796051
23999,0.946533203125,0.9504066705703735,0.8026000261306763,0.7721329927444458
24000,0.703369140625,0.706415593624115,0.7838867902755737,0.7663059234619141
24001,0.953369140625,0.9603001475334167,0.6543781161308289,0.6425323486328125
24002,0.606689453125,0.6425411701202393,1.0,0.9621404409408569
24003,0.956298828125,0.9606470465660095,0.7169486284255981,0.798857569694519
24004,0.304931640625,0.38824543356895447,0.4285714626312256,0.5319226384162903
24005,0.946533203125,0.954595148563385,0.8026000261306763,0.8170607089996338
24006,0.228759765625,0.26714080572128296,0.3974803686141968,0.43129420280456543
24007,0.946533203125,0.9565271139144897,0.6577322483062744,0.7931841611862183
24008,0.946533203125,0.9549932479858398,0.6577322483062744,0.7721543908119202
24009,0.4375,0.49760374426841736,0.4692787528038025,0.5434020757675171
24010,0.9673665165901184,0.9678469300270081,0.8748590350151062,0.8399432301521301
24011,0.2774251401424408,0.37707555294036865,0.36153164505958557,0.48622995615005493
24012,0.518798828125,0.5701022744178772,0.6967307925224304,0.7190782427787781
24013,0.518798828125,0.5706143379211426,0.6967307925224304,0.7616032361984253
24014,0.606689453125,0.6428090333938599,0.5334192514419556,0.6407444477081299
24015,0.968017578125,0.9680687785148621,1.0,0.8232951164245605
24016,0.967041015625,0.9675930738449097,0.8122885227203369,0.7830103635787964
24017,0.580322265625,0.6312417984008789,0.86592036485672,0.929034411907196
24018,0.08203125,0.12749086320400238,0.23463936150074005,0.3192029893398285
24019,0.0,0.015625,0.0,0.08703245967626572
24020,0.431884765625,0.4783560633659363,0.7318407297134399,0.7009992599487305
24021,0.5757650136947632,0.5812374353408813,0.5708760023117065,0.6767895221710205
24022,0.12109375,0.23829583823680878,0.16759954392910004,0.40835434198379517
24023,0.304931640625,0.33527249097824097,1.0,0.6585734486579895
24024,0.14453125,0.22713986039161682,0.5307213068008423,0.6885851621627808
24025,0.091796875,0.23428410291671753,0.07116833329200745,0.28875699639320374
24026,0.110107421875,0.18461447954177856,0.3333333134651184,0.5488709211349487
24027,0.947998046875,0.9521617889404297,0.8348100185394287,0.6719207763671875
24028,0.488037109375,0.5293719172477722,0.6121358871459961,0.5343658328056335
24029,0.943359375,0.9495406746864319,0.7371450066566467,0.7973620295524597
24030,0.606689453125,0.6421739459037781,1.0,0.9057928323745728
24031,0.956298828125,0.9606367945671082,0.7169486284255981,0.782055139541626
24032,0.212890625,0.25583454966545105,0.5679726600646973,0.5157608389854431
24033,0.659423828125,0.6604015827178955,0.8254533410072327,0.7083035111427307
24034,0.5757649540901184,0.580374002456665,0.5708760023117065,0.6265276670455933
24035,0.09375,0.1010044664144516,0.29608193039894104,0.23028604686260223
24036,0.304931640625,0.38378340005874634,0.49493172764778137,0.7644910216331482
24038,0.03125,0.047119140625,0.29608193039894104,0.28351497650146484
24039,0.0,0.0154389888048172,0.0,0.0812721699476242
24040,0.606689453125,0.6353486180305481,1.0,0.762649655342102
24041,0.431884765625,0.4741366505622864,0.7318407297134399,0.7294930815696716
24042,0.967041015625,0.9673864841461182,0.9284793138504028,0.7302667498588562
24043,0.05078125,0.10820452123880386,0.10881868004798889,0.2551415264606476
24044,0.304931640625,0.37977689504623413,0.6151177287101746,0.7772629261016846
24045,0.567138671875,0.6138889193534851,0.7988805174827576,0.7020941972732544
24046,0.606689453125,0.6389437317848206,1.0,0.9458352327346802
24047,0.02083333395421505,0.0325520858168602,0.3065735995769501,0.5437713265419006
24048,0.4375,0.4466421902179718,0.6735438704490662,0.504774808883667
24049,0.2774251401424408,0.3496645390987396,0.36153164505958557,0.4942534863948822
24050,0.09375,0.17136713862419128,0.29608193039894104,0.5151745080947876
24051,0.956298828125,0.9584895968437195,1.0,0.7760756611824036
24052,0.606689453125,0.6498919725418091,0.6509066820144653,0.8464385867118835
24053,0.091796875,0.1158294677734375,0.255120187997818,0.21830867230892181
24054,0.606689453125,0.6274489760398865,1.0,0.709155797958374
24055,0.580322265625,0.6257830262184143,0.86592036485672,0.7325305938720703
24056,0.606689453125,0.6314817070960999,1.0,0.8831181526184082
24057,0.488037109375,0.5683696866035461,0.6121358871459961,0.6555492281913757
24058,0.951904296875,0.9563964009284973,0.8690900206565857,0.7807442545890808
24059,0.374755859375,0.41858866810798645,0.5307213068008423,0.5500541925430298
24060,0.560546875,0.6169116497039795,0.7653606534004211,0.7438810467720032
24061,0.531982421875,0.6033836603164673,0.48571667075157166,0.568619430065155
24062,0.940673828125,0.946371853351593,0.8770246505737305,0.807723879814148
24063,0.393798828125,0.4394957423210144,0.8579513430595398,0.8292667865753174
24064,0.091796875,0.20352190732955933,0.1093372330069542,0.3430842459201813
24065,0.556884765625,0.5964822173118591,0.8308104276657104,0.7078647613525391
24066,0.968017578125,0.9680427312850952,1.0,0.8865155577659607
24067,0.510498046875,0.5171523690223694,0.43686550855636597,0.48667970299720764
24068,0.0,0.0611979179084301,0.0,0.14645197987556458
24069,0.304931640625,0.38081082701683044,0.4285714626312256,0.639572024345398
24070,0.374755859375,0.42110714316368103,0.5307213068008423,0.4652806520462036
24071,0.2774251401424408,0.3793492913246155,0.36153164505958557,0.5464606881141663
24072,0.9507649540901184,0.9541059732437134,0.8898733854293823,0.8685401678085327
24073,0.2044270783662796,0.293623149394989,0.3367719352245331,0.49684083461761475
24074,0.556884765625,0.6063936948776245,0.8308104276657104,0.8356420993804932
24075,0.02083333395421505,0.10492648929357529,0.07821311801671982,0.43882057070732117
24076,0.951904296875,0.9585235118865967,0.6230928897857666,0.721087634563446
24077,0.953369140625,0.9566700458526611,1.0,0.9304828643798828
24078,0.51953125,0.5744299292564392,0.3754834830760956,0.5136131048202515
24079,0.518798828125,0.5554518699645996,0.6967307925224304,0.6624802947044373
24080,0.703369140625,0.7103126049041748,0.5620065331459045,0.7229385375976562
24081,0.518798828125,0.5554990172386169,1.0,0.8160615563392639
24082,0.150390625,0.23323439061641693,0.22396063804626465,0.44813475012779236
24083,0.0,0.0,0.0,0.0
24084,0.9444172978401184,0.9542653560638428,0.544137716293335,0.6499691605567932
24085,0.606689453125,0.625916600227356,1.0,0.759303092956543
24086,0.261474609375,0.307030588388443,0.49493172764778137,0.571188747882843
24087,0.959228515625,0.959756076335907,0.7631344795227051,0.5648001432418823
24088,0.12109375,0.16570743918418884,0.3910655975341797,0.4834847152233124
24089,0.567138671875,0.6142079830169678,0.5199966430664062,0.6020992994308472
24090,0.606689453125,0.6197922229766846,1.0,0.8747108578681946
24091,0.0,0.02083333395421505,0.0,0.3010300099849701
24092,0.197998046875,0.2688916027545929,0.6871474981307983,0.6744878888130188
24093,0.228759765625,0.30321505665779114,0.6461858153343201,0.7055992484092712
24094,0.197998046875,0.2894059419631958,0.29449179768562317,0.47010478377342224
24095,0.518798828125,0.5826841592788696,0.6967307925224304,0.8101223111152649
24096,0.951171875,0.9513915777206421,0.8472716808319092,0.7779804468154907
24097,0.9388020634651184,0.9424536824226379,0.6763683557510376,0.5694354772567749
24098,0.518798828125,0.5676097869873047,0.6967307925224304,0.775687038898468
24099,0.499755859375,0.5399896502494812,0.9037794470787048,0.7967988848686218
24100,0.14453125,0.16980665922164917,0.5307213068008423,0.36817941069602966
24101,0.393798828125,0.44099172949790955,0.5977610945701599,0.5889673233032227
24102,0.344482421875,0.39688873291015625,0.5977610945701599,0.5918928980827332
24103,0.0,0.0,0.0,0.0
24104,0.2774251401424408,0.3616621494293213,0.4175114035606384,0.5470213294029236
24105,0.197998046875,0.2550162971019745,0.6871474981307983,0.6599307656288147
24106,0.580322265625,0.621202826499939,0.86592036485672,0.8282796740531921
24107,0.304931640625,0.3722998797893524,0.4285714626312256,0.5281959176063538
24108,0.08203125,0.08203125,0.9197208285331726,0.9197208285331726
24109,0.956298828125,0.9592442512512207,0.7169486284255981,0.655232310295105
24110,0.2774251401424408,0.31370386481285095,0.8435737490653992,0.7659319639205933
24111,0.953369140625,0.9602934718132019,0.7479812502861023,0.7866218090057373
24112,0.393798828125,0.4578116834163666,0.5977610945701599,0.7689375281333923
24113,0.567138671875,0.60539710521698,0.7988805174827576,0.8354464769363403
24114,0.300537109375,0.34467053413391113,0.6655102372169495,0.679416298866272
24115,0.323974609375,0.33031076192855835,0.6861420273780823,0.47131291031837463
24116,0.968017578125,0.9680516719818115,1.0,0.8610851168632507
24117,0.968017578125,0.9680449366569519,1.0,0.7997796535491943
24118,0.962158203125,0.962547779083252,0.9625431895256042,0.8721899390220642
24119,0.2774251401424408,0.35783958435058594,0.8435737490653992,0.8630152940750122
24120,0.46875,0.4697265625,0.6054627895355225,0.6330156326293945
24121,0.03125,0.10445765405893326,0.09869397431612015,0.3857053518295288
24122,0.956298828125,0.9589252471923828,0.8195018768310547,0.6743263602256775
24123,0.166259765625,0.24255616962909698,0.22745199501514435,0.2841280400753021
24124,0.956298828125,0.9593258500099182,1.0,0.9380909204483032
24125,0.03125,0.03125,0.29608193039894104,0.1388624608516693
24126,0.197998046875,0.22296492755413055,0.6871474981307983,0.6624008417129517
24127,0.05078125,0.09311321377754211,0.10881868004798889,0.20523926615715027
24128,0.499755859375,0.5474897623062134,0.629690945148468,0.5001406073570251
24129,0.374755859375,0.4212213158607483,0.7617307901382446,0.7702839970588684
24130,0.606689453125,0.6366113424301147,1.0,0.8267126679420471
24131,0.08203125,0.21201996505260468,0.14433082938194275,0.5214337706565857
24132,0.2774251401424408,0.35190826654434204,0.5188971757888794,0.6381828784942627
24133,0.490234375,0.5418639779090881,0.5961710214614868,0.6620475649833679
24134,0.956298828125,0.9591418504714966,1.0,0.8962350487709045
24135,0.47265625,0.5512011647224426,0.5698384642601013,0.7495705485343933
24136,0.701904296875,0.7036454677581787,0.6066363453865051,0.5528312921524048
24137,0.9466145634651184,0.9507683515548706,0.6615661382675171,0.637387752532959
24138,0.488037109375,0.5597010254859924,0.6121358871459961,0.5929995179176331
24139,0.374755859375,0.45824071764945984,0.5307213068008423,0.7615867257118225
24140,0.9673665165901184,0.9677801728248596,0.8748590350151062,0.7550798058509827
24141,0.1106770858168602,0.18521767854690552,0.16041216254234314,0.25090691447257996
24142,0.110107421875,0.23286744952201843,0.16497723758220673,0.40537312626838684
24143,0.146728515625,0.2326367199420929,0.2098969668149948,0.39440879225730896
24144,0.304931640625,0.3785219192504883,0.6151177287101746,0.772733211517334
24145,0.619873046875,0.6241171956062317,0.6602633595466614,0.6318801045417786
24146,0.393798828125,0.42202460765838623,0.690318763256073,0.6206747889518738
24147,0.323974609375,0.4024867117404938,0.3111700117588043,0.525954008102417
24148,0.146728515625,0.20711389183998108,0.48975956439971924,0.6888680458068848
24149,0.518798828125,0.5672516226768494,0.6967307925224304,0.7119686007499695
24150,0.606689453125,0.6283547282218933,1.0,0.7384342551231384
24151,0.706298828125,0.7110934257507324,0.6245770454406738,0.7451184988021851
24152,0.260498046875,0.3421424925327301,0.397238165140152,0.582407534122467
24153,0.110107421875,0.22201533615589142,0.16497723758220673,0.43284255266189575
24154,0.197998046875,0.26393020153045654,0.6871474981307983,0.6779903769493103
24155,0.518798828125,0.5846439599990845,0.6967307925224304,0.7314863801002502
24156,0.580322265625,0.6172447800636292,0.86592036485672,0.8602046370506287
24157,0.967041015625,0.9674867987632751,0.9284793138504028,0.8784847855567932
24158,0.12109375,0.2395707666873932,0.19355076551437378,0.47026118636131287
24159,0.197998046875,0.24415841698646545,0.6871474981307983,0.7770074009895325
24160,0.556884765625,0.5935253500938416,0.8308104276657104,0.7566072344779968
24161,0.197998046875,0.2504907250404358,0.6871474981307983,0.5976324081420898
24162,0.110107421875,0.1706949770450592,0.3333333134651184,0.5937768220901489
24163,0.940673828125,0.9456084966659546,0.8770246505737305,0.7955508828163147
24164,0.951904296875,0.9546384215354919,0.8690900206565857,0.8906917572021484
24165,0.228759765625,0.3559753894805908,0.276936799287796,0.6216405630111694
24166,0.0,0.0,0.0,0.0
24167,0.197998046875,0.26639407873153687,0.6871474981307983,0.701313316822052
24168,0.2774251401424408,0.34691208600997925,0.2932012677192688,0.422899067401886
24169,0.110107421875,0.17943331599235535,0.3333333134651184,0.41055840253829956
24170,0.947998046875,0.9510618448257446,0.9146330952644348,0.8520897030830383
24171,0.951904296875,0.956049382686615,0.9521908760070801,0.9206876754760742
24172,0.556884765625,0.5930608510971069,0.5407800078392029,0.6668463349342346
24173,0.967041015625,0.9675670266151428,0.9284793138504028,0.8229342699050903
24174,0.219970703125,0.2826102375984192,0.34397661685943604,0.518937885761261
24175,0.953369140625,0.9578855037689209,0.912726640701294,0.9317599534988403
24176,0.956298828125,0.9570834040641785,1.0,0.7933105826377869
24177,0.606689453125,0.6379784941673279,1.0,0.7468492388725281
24178,0.388427734375,0.39350515604019165,0.4002777338027954,0.46617576479911804
24179,0.567138671875,0.5946764349937439,0.9225797057151794,0.8609448075294495
24180,0.518798828125,0.5775113105773926,0.6967307925224304,0.680492103099823
24181,0.08203125,0.15454359352588654,0.23463936150074005,0.48796331882476807
24182,0.23828125,0.26801449060440063,0.43299248814582825,0.3537420332431793
24183,0.606689453125,0.6374801397323608,1.0,0.908865213394165
24184,0.14453125,0.20298802852630615,0.5307213068008423,0.6366816759109497
24185,0.701904296875,0.7098111510276794,0.6066363453865051,0.7407479286193848
24186,0.146728515625,0.24985219538211823,0.11196307837963104,0.30409887433052063
24187,0.091796875,0.15923725068569183,0.12626707553863525,0.3355430066585541
24188,0.393798828125,0.44489187002182007,0.5977610945701599,0.677278995513916
24189,0.580322265625,0.622239351272583,0.86592036485672,0.8026532530784607
24190,0.110107421875,0.16461163759231567,0.20503923296928406,0.4075948894023895
24191,0.02083333395421505,0.10010850429534912,0.04811027646064758,0.26583704352378845
24192,0.606689453125,0.642235517501831,1.0,0.922465443611145
24193,0.1875,0.2077237069606781,0.7262287139892578,0.8064268827438354
24194,0.9668782353401184,0.9673505425453186,0.892719030380249,0.8786345720291138
24195,0.263671875,0.31239429116249084,0.7653606534004211,0.6027182340621948
24196,0.12109375,0.19840899109840393,0.16759954392910004,0.1948925107717514
24197,0.0625,0.0625,0.4692787230014801,0.23504553735256195
24198,0.14453125,0.2338678240776062,0.5307213068008423,0.7799082398414612
24199,0.606689453125,0.6396100521087646,0.6509066820144653,0.8191432952880859
24200,0.946533203125,0.9525982141494751,0.8026000261306763,0.6891106367111206
24201,0.580322265625,0.6140610575675964,0.86592036485672,0.7282240986824036
24202,0.2774251401424408,0.33338913321495056,0.8435737490653992,0.642003059387207
24203,0.703369140625,0.7079135775566101,0.7838867902755737,0.7210320234298706
24204,0.580322265625,0.6423693895339966,0.5636333227157593,0.7581136226654053
24205,0.940673828125,0.9419836401939392,0.8770246505737305,0.6995211243629456
24206,0.606689453125,0.6351388692855835,1.0,0.8205134868621826
24207,0.110107421875,0.13478374481201172,0.5158474445343018,0.6851075887680054
24208,0.0,0.015625,0.0,0.43067657947540283
24209,0.518798828125,0.5800021886825562,0.6967307925224304,0.9226136207580566
24210,0.267578125,0.30435559153556824,0.5766665935516357,0.7337997555732727
24211,0.304931640625,0.33915361762046814,1.0,0.9006800055503845
24212,0.946533203125,0.9517863988876343,0.8793432712554932,0.8850575685501099
24213,0.580322265625,0.6238193511962891,0.86592036485672,0.8613483309745789
24214,0.518798828125,0.5668070316314697,1.0,0.9621871709823608
24215,0.393798828125,0.42874982953071594,0.690318763256073,0.660496175289154
24216,0.110107421875,0.15884733200073242,0.3333333134651184,0.5143671035766602
24217,0.580322265625,0.621941864490509,0.86592036485672,0.9130986928939819
24218,0.2774251401424408,0.3354713022708893,0.5188971757888794,0.5981512665748596
24219,0.388427734375,0.395183801651001,0.4535067081451416,0.6382781267166138
24221,0.146728515625,0.1957564651966095,0.48975956439971924,0.5510336756706238
24222,0.3599446713924408,0.37641191482543945,0.36623337864875793,0.32404932379722595
24223,0.956298828125,0.9594498872756958,1.0,0.8772163987159729
24224,0.2774251401424408,0.33798936009407043,0.8435737490653992,0.8983484506607056
24225,0.0625,0.14205309748649597,0.09622055292129517,0.33056336641311646
24226,0.946533203125,0.9493651986122131,1.0,0.9167666435241699
24227,0.2774251401424408,0.3172714412212372,0.5188971757888794,0.5122150182723999
24228,0.03125,0.05422210693359375,0.0775962620973587,0.16682688891887665
24229,0.278564453125,0.3140791952610016,0.5692896842956543,0.6229575872421265
24230,0.14453125,0.21206623315811157,0.5307213068008423,0.7339128255844116
24231,0.05078125,0.19127529859542847,0.10881868004798889,0.49570924043655396
24232,0.9444172978401184,0.9498769044876099,0.8315341472625732,0.8387830257415771
24233,0.9673665165901184,0.9677370190620422,1.0,0.931056559085846
24234,0.212890625,0.2650524079799652,0.67329341173172,0.8225932717323303
24236,0.166259765625,0.2958475351333618,0.14805001020431519,0.43228840827941895
24237,0.956298828125,0.9589749574661255,1.0,1.0
24238,0.943359375,0.9504740238189697,0.8076295852661133,0.8966270685195923
24239,0.212890625,0.212890625,1.0,1.0
24240,0.3599446713924408,0.4011843502521515,0.5626510977745056,0.6010636687278748
24241,0.431884765625,0.46230873465538025,0.7318407297134399,0.7560467720031738
24242,0.393798828125,0.44764864444732666,0.5977610945701599,0.7861308455467224
24243,0.091796875,0.1009521484375,0.3948093354701996,0.37460166215896606
24244,0.23046875,0.2573030889034271,0.5234342813491821,0.6595324873924255
24245,0.499755859375,0.5462213158607483,0.629690945148468,0.5342612266540527
24246,0.110107421875,0.1587068736553192,0.20503923296928406,0.30185943841934204
24247,0.466064453125,0.4937850832939148,0.8656565546989441,0.8703445196151733
24248,0.518798828125,0.5447913408279419,1.0,0.8167750239372253
24249,0.197998046875,0.2057342529296875,0.8145672082901001,0.8207556009292603
24250,0.4375,0.46535229682922363,0.7452524900436401,0.8602039217948914
24251,0.431884765625,0.457716703414917,0.7318407297134399,0.6049585342407227
24252,0.228759765625,0.27066901326179504,0.6461858153343201,0.6741911172866821
24253,0.518798828125,0.5246009826660156,1.0,1.0
24254,0.1875,0.19257812201976776,0.8262346386909485,0.9058464765548706
24255,0.197998046875,0.22953025996685028,0.6871474981307983,0.7823303937911987
24256,0.263671875,0.28915199637413025,0.90728360414505,0.8731989860534668
24257,0.488037109375,0.5131949186325073,0.8785831332206726,0.9577959179878235
24258,0.228759765625,0.2886316776275635,0.6461858153343201,0.895687460899353
24259,0.091796875,0.14715230464935303,0.3948093354701996,0.7326072454452515
24260,0.166259765625,0.2688608765602112,0.32645606994628906,0.667362630367279
24261,0.304931640625,0.35285231471061707,1.0,0.9813527464866638
24262,0.228759765625,0.3362285792827606,0.2245950698852539,0.5234139561653137
24263,0.0625,0.11360476911067963,0.24207624793052673,0.6269322633743286
24264,0.146728515625,0.2569701671600342,0.3012597858905792,0.7114413380622864
24265,0.946533203125,0.9510942697525024,1.0,0.9976606369018555
24267,0.14453125,0.2003859430551529,0.5307213068008423,0.7828199863433838
24268,0.091796875,0.091796875,1.0,1.0
24269,0.212890625,0.29679304361343384,0.3493700623512268,0.6958829164505005
24270,0.260498046875,0.30837100744247437,0.8026120662689209,0.9054334759712219
24271,0.08203125,0.1228620707988739,0.3631143569946289,0.4974956810474396
24272,0.228759765625,0.30321505665779114,0.6461858153343201,0.882131040096283
24273,0.393798828125,0.44567814469337463,0.5977610945701599,0.8244950175285339
24274,0.091796875,0.13376271724700928,0.3948093354701996,0.6874602437019348
24275,0.263671875,0.3650931119918823,0.4707868993282318,0.6821154952049255
24276,0.304931640625,0.36835917830467224,1.0,0.9422137141227722
24277,0.166259765625,0.19232413172721863,0.8213136792182922,0.8608506917953491
24278,0.393798828125,0.4126558303833008,0.8579513430595398,0.8704463243484497
24279,0.110107421875,0.21269409358501434,0.20503923296928406,0.5727952718734741
24280,0.150390625,0.16735076904296875,0.7002755999565125,0.7347437739372253
24281,0.580322265625,0.6167042851448059,0.4618985950946808,0.7117082476615906
24282,0.091796875,0.11136627197265625,0.7653606534004211,0.9267581105232239
24283,0.09375,0.17435774207115173,0.29608193039894104,0.5690866112709045
24284,0.03125,0.07500457763671875,0.09869397431612015,0.25112104415893555
24285,0.146728515625,0.2399527132511139,0.3012597858905792,0.5623226165771484
24286,0.0,0.0342203788459301,0.0,0.11259911954402924
24287,0.47265625,0.5399985909461975,0.5698384642601013,0.6968568563461304
24288,0.3059895932674408,0.37695759534835815,0.4357588291168213,0.6627686619758606
24289,0.2774251401424408,0.34871813654899597,0.36153164505958557,0.4704086184501648
24290,0.304931640625,0.41095760464668274,0.4285714626312256,0.6550719738006592
24291,0.953369140625,0.9576238989830017,0.912726640701294,0.754737138748169
24292,0.197998046875,0.28537601232528687,0.29449179768562317,0.49231064319610596
24293,0.606689453125,0.6310349702835083,1.0,0.6801274418830872
24294,0.943115234375,0.9509822726249695,0.7475366592407227,0.6768894791603088
24295,0.228759765625,0.27706944942474365,0.6461858153343201,0.5456166863441467
24296,0.304931640625,0.3656376302242279,0.34757038950920105,0.45431968569755554
24297,0.946533203125,0.9540441632270813,0.8026000261306763,0.8006117939949036
24298,0.300537109375,0.34372568130493164,0.4636814594268799,0.48411622643470764
24299,0.47265625,0.4786210060119629,0.4784300625324249,0.6075512170791626
24300,0.260498046875,0.35320982336997986,0.34397661685943604,0.6421966552734375
24301,0.706298828125,0.7082340717315674,0.871160089969635,0.6872538328170776
24302,0.166259765625,0.21896430850028992,0.5307213068008423,0.6946950554847717
24303,0.9466145634651184,0.9520375728607178,0.8072783350944519,0.7402126789093018
24304,0.584228515625,0.5850040316581726,0.6245770454406738,0.7492957711219788
24305,0.05078125,0.11482425779104233,0.17690707743167877,0.2922768294811249
24306,0.304931640625,0.41030067205429077,0.4285714626312256,0.815923273563385
24307,0.09375,0.15994450449943542,0.29608193039894104,0.5306110978126526
24308,0.374755859375,0.4474538266658783,0.5307213068008423,0.6784651279449463
24309,0.197998046875,0.25429973006248474,0.6871474981307983,0.7846236824989319
24310,0.05078125,0.09549367427825928,0.17690707743167877,0.2161075919866562
24311,0.3599446713924408,0.42668795585632324,0.5626510977745056,0.6173014640808105
24312,0.9673665165901184,0.9678005576133728,0.8748590350151062,0.9326868653297424
24313,0.556884765625,0.5915045142173767,0.8308104276657104,0.7107945680618286
24314,0.518798828125,0.5652283430099487,0.6967307925224304,0.6219409704208374
24315,0.967041015625,0.9674162864685059,1.0,0.9650452733039856
24316,0.466064453125,0.511646032333374,0.7823625802993774,0.7311155796051025
24317,0.260498046875,0.3370521366596222,0.8026120662689209,0.812228262424469
24318,0.393798828125,0.4377101957798004,0.5977610945701599,0.6434271335601807
24319,0.968017578125,0.9680711030960083,1.0,0.9192264080047607
24320,0.05078125,0.11112334579229355,0.08755692839622498,0.20569303631782532
24321,0.499755859375,0.5604462623596191,0.629690945148468,0.7673859000205994
24322,0.39453125,0.3975153863430023,0.5199966430664062,0.5037412643432617
24323,0.9673665165901184,0.9677077531814575,1.0,0.8154374361038208
24324,0.9673665165901184,0.9676513671875,1.0,0.8183322548866272
24325,0.968017578125,0.9680771827697754,1.0,0.9486271142959595
24327,0.431884765625,0.4781075119972229,0.7318407297134399,0.7897958159446716
24328,0.091796875,0.091796875,0.7653606534004211,0.5531464219093323
24329,0.228759765625,0.27100899815559387,0.3974803686141968,0.4531400799751282
24330,0.0,0.10816119611263275,0.0,0.33128511905670166
24331,0.560546875,0.5839014649391174,0.8838695287704468,0.7769313454627991
24332,0.304931640625,0.37905293703079224,0.4285714626312256,0.5819545388221741
24333,0.2774251401424408,0.3340643048286438,0.36153164505958557,0.4077793061733246
24334,0.580322265625,0.6182023286819458,0.86592036485672,0.8315477967262268
24335,0.431884765625,0.47552767395973206,0.7318407297134399,0.682125449180603
24336,0.14453125,0.20517662167549133,0.5307213068008423,0.5473028421401978
24337,0.228759765625,0.29415372014045715,0.276936799287796,0.3816284239292145
24338,0.499755859375,0.5178462266921997,1.0,0.9205565452575684
24339,0.228759765625,0.24689149856567383,0.6461858153343201,0.5087338089942932
24340,0.703369140625,0.7060341835021973,0.8588406443595886,0.8204621076583862
24341,0.260498046875,0.3020251989364624,0.8026120662689209,0.6272255778312683
24342,0.39453125,0.3983663320541382,0.5199966430664062,0.49388235807418823
24343,0.2774251401424408,0.3235032260417938,0.8435737490653992,0.6525800824165344
24344,0.212890625,0.2949337661266327,0.24341687560081482,0.39716413617134094
24345,0.05078125,0.1178334429860115,0.17690707743167877,0.32272303104400635
24346,0.518798828125,0.5513279438018799,0.8046129941940308,0.7284337878227234
24347,0.1106770858168602,0.20078778266906738,0.37429505586624146,0.551588773727417
24348,0.46875,0.4839494824409485,0.3384338617324829,0.60512375831604
24349,0.3599446713924408,0.4315813481807709,0.5626510977745056,0.817661464214325
24350,0.304931640625,0.36505645513534546,0.4285714626312256,0.45209282636642456
24351,0.110107421875,0.15363550186157227,1.0,0.9266361594200134
24352,0.110107421875,0.13233335316181183,1.0,0.69376140832901
24353,0.09375,0.148885577917099,0.29608193039894104,0.5031363368034363
24354,0.0,0.012500000186264515,0.0,0.13120506703853607
24355,0.3599446713924408,0.40397897362709045,0.6497723460197449,0.6713420152664185
24356,0.09375,0.21978719532489777,0.1465403288602829,0.5615966320037842
24357,0.580322265625,0.6055117249488831,1.0,0.8884934186935425
24358,0.518798828125,0.5611506700515747,0.6967307925224304,0.7497884035110474
24359,0.374755859375,0.43708470463752747,0.5307213068008423,0.7146927714347839
24360,0.304931640625,0.3601102828979492,0.49493172764778137,0.6020569801330566
24361,0.560546875,0.6121724247932434,0.7653606534004211,0.8773260116577148
24362,0.0,0.0,0.0,0.0
24363,0.51953125,0.5732961297035217,0.7039180994033813,0.8564527034759521
24364,0.431884765625,0.4701349437236786,0.7318407297134399,0.6085820198059082
24365,0.968017578125,0.9680643081665039,1.0,0.8729658126831055
24366,0.08203125,0.15277868509292603,0.3631143569946289,0.6835657358169556
24367,0.21875,0.21875,0.6309297680854797,0.6309297680854797
24368,0.490234375,0.5128223299980164,0.8556691408157349,0.6624865531921387
24369,0.146728515625,0.2140645533800125,0.48975956439971924,0.6528722047805786
24370,0.956298828125,0.9597116708755493,1.0,0.8419456481933594
24371,0.967041015625,0.9676140546798706,0.9284793138504028,0.784382700920105
24372,0.091796875,0.091796875,1.0,1.0
24373,0.568359375,0.5807900428771973,0.3899376392364502,0.7022981643676758
24374,0.393798828125,0.46082115173339844,0.5977610945701599,0.6557115316390991
24375,0.466064453125,0.5414565205574036,0.5450960993766785,0.7744632959365845
24376,0.261474609375,0.30259716510772705,0.4285714626312256,0.36015287041664124
24377,0.940673828125,0.9426625370979309,0.771205723285675,0.7100580930709839
24378,0.499755859375,0.5510796308517456,0.9037794470787048,0.9658197164535522
24379,0.953369140625,0.9551593065261841,1.0,0.8452931642532349
24380,0.946533203125,0.9540650248527527,0.8026000261306763,0.7293495535850525
24381,0.9466145634651184,0.9537050127983093,0.5787770748138428,0.6808213591575623
24382,0.0625,0.09274101257324219,0.4692787230014801,0.5317738056182861
24383,0.110107421875,0.19343361258506775,0.3333333134651184,0.5130297541618347
24384,0.0,0.0,0.0,0.0
24385,0.606689453125,0.649635910987854,0.6509066820144653,0.6661075353622437
24386,0.260498046875,0.3444320261478424,0.34397661685943604,0.4546290338039398
24387,0.531982421875,0.5840914845466614,0.7462155222892761,0.7147614359855652
24388,0.466064453125,0.4936668872833252,0.629499077796936,0.5234257578849792
24389,0.300537109375,0.38470223546028137,0.2163846641778946,0.5645067691802979
24390,0.9673665165901184,0.9676005244255066,1.0,0.900891125202179
24391,0.05078125,0.09159617125988007,0.08755692839622498,0.15399278700351715
24392,0.08984375,0.11150884628295898,0.20503923296928406,0.17958107590675354
24393,0.3059895932674408,0.3906688988208771,0.4357588291168213,0.5080872178077698
24394,0.946533203125,0.9508464336395264,1.0,0.9362069368362427
24395,0.567138671875,0.6254003047943115,0.7988805174827576,0.7972550988197327
24396,0.304931640625,0.37713420391082764,0.4285714626312256,0.5060923099517822
24397,0.556884765625,0.6061415076255798,0.8308104276657104,0.7751080393791199
24398,0.712158203125,0.7125602960586548,0.7497180104255676,0.7651939392089844
24399,0.499755859375,0.5311017036437988,0.9037794470787048,0.7206231951713562
24400,0.580322265625,0.6219098567962646,0.86592036485672,0.7908437848091125
24401,0.580322265625,0.6046284437179565,0.86592036485672,0.6232470273971558
24402,0.261474609375,0.3441438376903534,0.4285714626312256,0.622879147529602
24403,0.956298828125,0.9611124396324158,0.7169486284255981,0.8199433088302612
24404,0.23046875,0.2943475842475891,0.32960182428359985,0.4910365045070648
24405,0.304931640625,0.3822104334831238,0.4285714626312256,0.4910886585712433
24406,0.08203125,0.10173654556274414,0.18448074162006378,0.2320186048746109
24407,0.703369140625,0.7063102722167969,0.7838867902755737,0.7778072357177734
24408,0.966796875,0.9675876498222351,0.7653606534004211,0.698633074760437
24409,0.953369140625,0.9556673765182495,1.0,0.8915160298347473
24410,0.2044270783662796,0.2587246596813202,0.5474918484687805,0.5444027185440063
24411,0.531982421875,0.5697493553161621,0.7462155222892761,0.5760906338691711
24412,0.606689453125,0.6398618221282959,1.0,0.7993894815444946
24413,0.146728515625,0.2140645533800125,0.48975956439971924,0.6528722047805786
24414,0.02083333395421505,0.0470784530043602,0.07821311801671982,0.19572056829929352
24415,0.488037109375,0.5682491064071655,0.6121358871459961,0.6966689825057983
24416,0.091796875,0.091796875,1.0,1.0
24417,0.44140625,0.4469960927963257,0.570875883102417,0.620177149772644
24418,0.567138671875,0.6231210231781006,0.7988805174827576,0.7772399187088013
24419,0.606689453125,0.6209111213684082,1.0,0.7571421265602112
24420,0.304931640625,0.35336601734161377,0.6151177287101746,0.5805395245552063
24421,0.365234375,0.4122001528739929,0.7136205434799194,0.7805179357528687
24422,0.08984375,0.1275019645690918,0.20503923296928406,0.245701864361763
24423,0.490234375,0.5287612676620483,0.8556691408157349,0.7285127639770508
24424,0.518798828125,0.5625090003013611,1.0,0.9069293141365051
24425,0.197998046875,0.2732095420360565,0.42267662286758423,0.5949277281761169
24426,0.556884765625,0.5810273885726929,0.8308104276657104,0.6494876742362976
24427,0.518798828125,0.5911523699760437,0.6967307925224304,0.7527085542678833
24428,0.9668782353401184,0.9671827554702759,0.9614850282669067,0.922435462474823
24429,0.712158203125,0.7125256657600403,0.8569586873054504,0.7827823162078857
24430,0.9507649540901184,0.9550211429595947,0.8898733854293823,0.815679132938385
24431,0.166259765625,0.22426371276378632,0.32645606994628906,0.40287816524505615
24432,0.150390625,0.19638079404830933,0.4525081515312195,0.5156033039093018
24433,0.1875,0.3877299129962921,0.11554483324289322,0.6038292646408081
24434,0.304931640625,0.35232338309288025,1.0,0.7853663563728333
24435,0.09375,0.1131235808134079,0.29608193039894104,0.24243640899658203
24436,0.499755859375,0.518455982208252,0.9037794470787048,0.7146298885345459
24437,0.956298828125,0.9598986506462097,0.7169486284255981,0.8294886946678162
24438,0.4375,0.46393346786499023,0.8609101176261902,0.8808348178863525
24439,0.393798828125,0.4499348998069763,0.5977610945701599,0.7596237063407898
24440,0.21875,0.2901962995529175,0.29608193039894104,0.49288615584373474
24441,0.374755859375,0.44917431473731995,0.5307213068008423,0.6770642399787903
24442,0.580322265625,0.6066442728042603,0.86592036485672,0.7900012731552124
24443,0.4375,0.4594150185585022,0.6735438704490662,0.5323313474655151
24444,0.0,0.01692708395421505,0.0,0.18065893650054932
24445,0.9507649540901184,0.9555178284645081,0.8898733854293823,0.805713415145874
24446,0.488037109375,0.549911379814148,0.6121358871459961,0.591626763343811
24447,0.580322265625,0.6160000562667847,0.86592036485672,0.7702135443687439
24448,0.260498046875,0.36757156252861023,0.34397661685943604,0.5388290286064148
24449,0.706298828125,0.7083152532577515,0.871160089969635,0.7025305032730103
24450,0.3599446713924408,0.3985084891319275,0.5626510977745056,0.5746212601661682
24451,0.2774251401424408,0.33808261156082153,0.8435737490653992,0.7206808924674988
24452,0.08203125,0.10245180130004883,0.7039180994033813,0.5415880084037781
24453,0.556884765625,0.5909507274627686,0.8308104276657104,0.8353021740913391
24454,0.962158203125,0.9625100493431091,0.9625431895256042,0.881379246711731
24455,0.712158203125,0.7125669717788696,0.7497180104255676,0.7037220001220703
24456,0.580322265625,0.6318776607513428,0.4618985950946808,0.5912640690803528
24457,0.431884765625,0.4647519886493683,0.7318407297134399,0.5846307277679443
24458,0.580322265625,0.6035382747650146,1.0,0.8566513061523438
24459,0.08984375,0.16386902332305908,0.20503923296928406,0.41363731026649475
24460,0.1106770858168602,0.19086337089538574,0.37429505586624146,0.5502732992172241
24461,0.091796875,0.12863598763942719,0.3948093354701996,0.5079526305198669
24462,0.44140625,0.4512864947319031,0.3754834830760956,0.5133525729179382
24463,0.110107421875,0.15183404088020325,0.3333333134651184,0.3043859302997589
24464,0.968017578125,0.9680667519569397,1.0,0.9763315916061401
24465,0.323974609375,0.39528337121009827,0.5520787835121155,0.7653346657752991
24466,0.706298828125,0.7097949981689453,0.871160089969635,0.800558865070343
24467,0.261474609375,0.3200841546058655,0.49493172764778137,0.6503631472587585
24468,0.967041015625,0.9676089286804199,0.9284793138504028,0.8398011326789856
24469,0.580322265625,0.6309084892272949,0.86592036485672,0.8191646337509155
24470,0.0,0.14509037137031555,0.0,0.30807021260261536
24471,0.110107421875,0.13061673939228058,0.20503923296928406,0.20600031316280365
24472,0.091796875,0.1418524533510208,0.30242785811424255,0.5381442904472351
24473,0.2774251401424408,0.34644457697868347,0.5188971757888794,0.6005580425262451
24474,0.968017578125,0.9680581092834473,1.0,0.7793569564819336
24475,0.2774251401424408,0.3734610080718994,0.36153164505958557,0.46872612833976746
24476,0.968017578125,0.9680711030960083,1.0,0.9470587372779846
24477,0.304931640625,0.38326939940452576,0.20000000298023224,0.3968261182308197
24478,0.953369140625,0.9590709209442139,0.7479812502861023,0.8632361888885498
24479,0.0625,0.0625,1.0,1.0
24480,0.2774251401424408,0.35120832920074463,0.8435737490653992,0.8257045149803162
24481,0.08203125,0.16928423941135406,0.10055973380804062,0.2294280081987381
24482,0.706298828125,0.7096825838088989,0.7139173746109009,0.6745631694793701
24483,0.2774251401424408,0.3281939923763275,0.5188971757888794,0.4988318979740143
24484,0.12109375,0.3040558099746704,0.10909166932106018,0.4476025700569153
24485,0.968017578125,0.9680664539337158,1.0,0.8622118234634399
24486,0.1875,0.3127509355545044,0.11554483324289322,0.4402120113372803
24487,0.304931640625,0.4013283848762512,0.4285714626312256,0.5569505095481873
24488,0.05078125,0.0599365234375,0.5307212471961975,0.5043776035308838
24489,0.953369140625,0.9580733776092529,0.912726640701294,0.7896490693092346
24490,0.9507649540901184,0.9535750150680542,0.8898733854293823,0.8682186007499695
24491,0.14453125,0.21047984063625336,0.5307213068008423,0.5593252778053284
24492,0.706298828125,0.7102823257446289,0.871160089969635,0.8955735564231873
24493,0.946533203125,0.954076886177063,0.8026000261306763,0.8076968789100647
24494,0.110107421875,0.22796382009983063,0.1428571492433548,0.42968031764030457
24495,0.455078125,0.5038303732872009,0.7342523336410522,0.6632328033447266
24496,0.166259765625,0.2352800816297531,0.22745199501514435,0.2901775538921356
24497,0.968017578125,0.9680777192115784,1.0,0.8117902874946594
24498,0.2774251401424408,0.3242560029029846,0.36153164505958557,0.343824565410614
24499,0.580322265625,0.6204805970191956,0.86592036485672,0.7102616429328918
24500,0.580322265625,0.6192513704299927,0.86592036485672,0.6057249903678894
24501,0.606689453125,0.6329600214958191,1.0,0.9512054920196533
24502,0.393798828125,0.4420475363731384,0.8579513430595398,0.8670796751976013
24503,0.606689453125,0.6375250816345215,1.0,0.780659556388855
24504,0.957763671875,0.9582819938659668,0.8271697163581848,0.8313133120536804
24505,0.263671875,0.34323376417160034,0.4707868993282318,0.7604730129241943
24506,0.946533203125,0.9534788727760315,0.8026000261306763,0.942344605922699
24507,0.951904296875,0.9568415880203247,0.7122209072113037,0.6639738082885742
24508,0.44921875,0.5030710697174072,0.5806522965431213,0.6282303333282471
24509,0.48828125,0.4892447292804718,0.5307213068008423,0.7080838084220886
24510,0.166259765625,0.24631759524345398,0.2626707851886749,0.424274742603302
24511,0.304931640625,0.34166350960731506,0.4285714626312256,0.30655667185783386
24512,0.2044270783662796,0.2646631598472595,0.2709710896015167,0.33158525824546814
24513,0.166259765625,0.2175588309764862,0.22745199501514435,0.2921355068683624
24514,0.150390625,0.19738203287124634,0.2783457934856415,0.32241854071617126
24515,0.580322265625,0.6177560687065125,0.86592036485672,0.7498963475227356
24516,0.0625,0.09671783447265625,0.15642623603343964,0.2248668521642685
24517,0.967041015625,0.9676749110221863,0.9284793138504028,0.900429368019104
24518,0.431884765625,0.48040279746055603,0.7318407297134399,0.7739344239234924
24519,0.556884765625,0.5937764048576355,0.5407800078392029,0.5234227776527405
24520,0.431884765625,0.4785953760147095,0.7318407297134399,0.6697685718536377
24521,0.606689453125,0.6390265822410583,1.0,0.8273589015007019
24522,0.197998046875,0.27147117257118225,0.29449179768562317,0.407402366399765
24523,0.556884765625,0.5879656076431274,0.8308104276657104,0.708670973777771
24524,0.260498046875,0.2660239040851593,0.9514426589012146,0.938318133354187
24525,0.212890625,0.2529902160167694,0.5679726600646973,0.5013620257377625
24526,0.344482421875,0.3858647346496582,0.5977610945701599,0.6861942410469055
24527,0.09375,0.17848359048366547,0.1821252405643463,0.36621055006980896
24528,0.2774251401424408,0.31979429721832275,0.36153164505958557,0.3517272472381592
24529,0.304931640625,0.38366109132766724,0.4285714626312256,0.549057126045227
24530,0.518798828125,0.5811288952827454,0.6967307925224304,0.7112979888916016
24531,0.701171875,0.7097421288490295,0.5150786638259888,0.6550033688545227
24532,0.518798828125,0.5660026669502258,0.6967307925224304,0.811281144618988
24533,0.466064453125,0.5483493804931641,0.5450960993766785,0.5334044098854065
24534,0.9673665165901184,0.9677554368972778,1.0,0.8861865401268005
24535,0.0,0.0364990234375,0.0,0.5508096218109131
24536,0.219970703125,0.23368345201015472,0.24530528485774994,0.26432955265045166
24537,0.466064453125,0.5526994466781616,0.5450960993766785,0.6337735652923584
24538,0.0,0.03750000149011612,0.0,0.17673857510089874
24539,0.966796875,0.9671924114227295,0.8748388290405273,0.6500849723815918
24540,0.300537109375,0.35859352350234985,0.5354781746864319,0.6085529923439026
24541,0.967041015625,0.9676262140274048,0.8122885227203369,0.8154510259628296
24542,0.03125,0.10895166546106339,0.09869397431612015,0.3941257894039154
24543,0.580322265625,0.6121833324432373,0.5636333227157593,0.5356345176696777
24544,0.556884765625,0.5836886763572693,0.8308104276657104,0.7317357063293457
24545,0.580322265625,0.6267223358154297,0.86592036485672,0.7814782857894897
24546,0.08203125,0.18780608475208282,0.10055973380804062,0.23137326538562775
24547,0.0625,0.15445107221603394,0.09622055292129517,0.33734822273254395
24548,0.2774251401424408,0.344724178314209,0.36153164505958557,0.33896368741989136
24549,0.951904296875,0.9584279656410217,0.7122209072113037,0.8133819103240967
24550,0.968017578125,0.9680776596069336,1.0,0.7418102622032166
24551,0.03125,0.03125,0.6309297680854797,0.6309297680854797
24552,0.560546875,0.5820777416229248,0.7653606534004211,0.5491217374801636
24553,0.2774251401424408,0.3875432312488556,0.23532335460186005,0.5042411088943481
24554,0.9466145634651184,0.953417181968689,0.6615661382675171,0.678292453289032
24555,0.0,0.008928571827709675,0.0,0.10086746513843536
24556,0.967041015625,0.9677369594573975,0.8122885227203369,0.9089210033416748
24557,0.2774251401424408,0.34388047456741333,0.4175114035606384,0.49844473600387573
24558,0.091796875,0.14165914058685303,0.3948093354701996,0.5406277179718018
24559,0.03125,0.06430891156196594,0.0488467775285244,0.13023485243320465
24560,0.2774251401424408,0.347655713558197,0.5188971757888794,0.6158000230789185
24561,0.05078125,0.071380615234375,0.10881868004798889,0.16222229599952698
24562,0.12109375,0.2380974292755127,0.19355076551437378,0.4710110127925873
24563,0.9668782353401184,0.9676143527030945,0.892719030380249,0.8880002498626709
24564,0.488037109375,0.549101710319519,0.6121358871459961,0.6527190804481506
24565,0.956298828125,0.9590089321136475,1.0,0.8332566618919373
24566,0.2774251401424408,0.3467158377170563,0.5188971757888794,0.6240951418876648
24567,0.490234375,0.5579861998558044,0.5961710214614868,0.6602873206138611
24568,0.556884765625,0.5926382541656494,0.8308104276657104,0.6888503432273865
24569,0.304931640625,0.3732230067253113,0.4285714626312256,0.5081026554107666
24570,0.556884765625,0.5978139638900757,0.8308104276657104,0.7965914011001587
24571,0.08203125,0.08203125,0.3631143569946289,0.30312466621398926
24572,0.2774251401424408,0.3542390465736389,0.36153164505958557,0.3559900224208832
24573,0.510498046875,0.5185688734054565,0.43686550855636597,0.6891070604324341
24574,0.228759765625,0.27872881293296814,0.276936799287796,0.3103592097759247
24575,0.03125,0.056884765625,0.09869397431612015,0.13873495161533356
24576,0.0625,0.0625,0.4692787230014801,0.39038002490997314
24577,0.466064453125,0.5158974528312683,0.7823625802993774,0.8268234133720398
24578,0.05078125,0.16612745821475983,0.07581732422113419,0.2441999465227127
24579,0.606689453125,0.6335927844047546,1.0,0.7479629516601562
24580,0.02083333395421505,0.0490511953830719,0.12103812396526337,0.23917259275913239
24581,0.0625,0.09709472209215164,0.14433082938194275,0.18645420670509338
24582,0.9375,0.9485422372817993,0.5364049673080444,0.7048760652542114
24583,0.0625,0.0625,0.24207624793052673,0.21922101080417633
24584,0.499755859375,0.5512113571166992,0.629690945148468,0.5273649096488953
24585,0.228759765625,0.32963401079177856,0.276936799287796,0.5455096364021301
24586,0.110107421875,0.1360577940940857,0.3951442539691925,0.4123857617378235
24587,0.556884765625,0.590423047542572,0.8308104276657104,0.6027820706367493
24588,0.943115234375,0.9522970914840698,0.7475366592407227,0.7156310677528381
24589,0.110107421875,0.1461876481771469,0.16497723758220673,0.25058430433273315
24590,0.260498046875,0.3148046135902405,0.34397661685943604,0.3747604787349701
24591,0.08984375,0.1990262120962143,0.16497723758220673,0.3971017003059387
24592,0.08203125,0.19050675630569458,0.06545499712228775,0.25508996844291687
24593,0.957763671875,0.9585676789283752,0.7236568927764893,0.8455678820610046
24594,0.580322265625,0.6276537179946899,0.5636333227157593,0.7371944785118103
24595,0.580322265625,0.6318144798278809,0.86592036485672,0.8951943516731262
24596,0.263671875,0.27622172236442566,0.90728360414505,0.7424706220626831
24597,0.1458333432674408,0.17481282353401184,0.2709710896015167,0.27569279074668884
24598,0.091796875,0.18296462297439575,0.1093372330069542,0.2597680687904358
24599,0.393798828125,0.433047354221344,0.5977610945701599,0.4878544211387634
24600,0.110107421875,0.1360577940940857,0.20503923296928406,0.2124243825674057
24601,0.9673665165901184,0.9677146673202515,0.8748590350151062,0.7624557614326477
24602,0.606689453125,0.6369321942329407,1.0,0.823501706123352
24603,0.9444172978401184,0.9514444470405579,0.6219719052314758,0.5615828633308411
24604,0.03125,0.03125,0.6309297680854797,0.6309297680854797
24605,0.466064453125,0.5570140480995178,0.35480669140815735,0.6457712650299072
24606,0.03125,0.12381719797849655,0.03016420267522335,0.1822713315486908
24607,0.518798828125,0.5594161748886108,0.6967307925224304,0.6312075257301331
24608,0.228759765625,0.2556086778640747,0.3974803686141968,0.4035346806049347
24609,0.393798828125,0.4684715270996094,0.5977610945701599,0.7716749310493469
24611,0.03125,0.0957358255982399,0.09869397431612015,0.3058713674545288
24612,0.2774251401424408,0.3060871660709381,0.4175114035606384,0.3641616404056549
24613,0.567138671875,0.6123949289321899,0.7988805174827576,0.65221107006073
24614,0.212890625,0.27476149797439575,0.28110769391059875,0.36424583196640015
24615,0.110107421875,0.1907748579978943,0.16497723758220673,0.3962151110172272
24616,0.2774251401424408,0.42754441499710083,0.23532335460186005,0.504062831401825
24617,0.556884765625,0.5930580496788025,0.8308104276657104,0.6198625564575195
24618,0.518798828125,0.5764588713645935,0.6967307925224304,0.7741150259971619
24619,0.091796875,0.11411285400390625,0.255120187997818,0.1941942572593689
24620,0.488037109375,0.5320106148719788,0.398443341255188,0.38368359208106995
24621,0.9444172978401184,0.9492993950843811,0.9456308484077454,0.958824872970581
24622,0.12109375,0.1419219970703125,0.605190634727478,0.6704165935516357
24623,0.518798828125,0.575934886932373,0.4535067081451416,0.6060475707054138
24624,0.146728515625,0.2289184182882309,0.48975956439971924,0.7310837507247925
24625,0.08203125,0.12338294833898544,0.3631143569946289,0.4987853765487671
24626,0.110107421875,0.20151810348033905,0.20503923296928406,0.5698627233505249
24627,0.304931640625,0.3643154501914978,0.6151177287101746,0.6864544749259949
24629,0.499755859375,0.5400305986404419,0.7271926999092102,0.7008303999900818
24630,0.110107421875,0.1888723075389862,0.3333333134651184,0.6895275712013245
24631,0.9673665165901184,0.9677784442901611,0.8748590350151062,0.8020608425140381
24632,0.228759765625,0.2936680316925049,0.6461858153343201,0.9162428379058838
24633,0.9375,0.945342481136322,0.7171369194984436,0.7655590176582336
24634,0.110107421875,0.1874619871377945,0.3333333134651184,0.5379289984703064
24635,0.2044270783662796,0.26544898748397827,0.5474918484687805,0.715370774269104
24636,0.166259765625,0.2067534476518631,0.5307213068008423,0.48519155383110046
24637,0.9444172978401184,0.9492325186729431,0.9456308484077454,0.8992668390274048
24638,0.946533203125,0.9473068118095398,1.0,0.9784180521965027
24639,0.110107421875,0.14279887080192566,1.0,0.784981906414032
24640,0.580322265625,0.6189626455307007,0.86592036485672,0.9181057810783386
24641,0.228759765625,0.2999892830848694,0.6461858153343201,0.7327353954315186
24642,0.09375,0.20299291610717773,0.1465403288602829,0.4394538998603821
24643,0.2774251401424408,0.35155951976776123,0.8435737490653992,0.9542524218559265
24644,0.304931640625,0.3551217317581177,1.0,0.9150450825691223
24645,0.110107421875,0.17014774680137634,0.20503923296928406,0.3646751046180725
24646,0.518798828125,0.5865853428840637,0.6967307925224304,0.7940517663955688
24647,0.518798828125,0.5675684213638306,0.6967307925224304,0.734070897102356
24648,0.531982421875,0.5763890743255615,0.7462155222892761,0.7710744738578796
24649,0.228759765625,0.3086077570915222,0.276936799287796,0.4688664972782135
24650,0.110107421875,0.19744515419006348,0.3333333134651184,0.6980879306793213
24651,0.304931640625,0.40239226818084717,0.4285714626312256,0.7814570069313049
24652,0.110107421875,0.19074027240276337,0.3333333134651184,0.6328200101852417
24653,0.580322265625,0.64226233959198,0.5636333227157593,0.7528696060180664
24654,0.9673665165901184,0.9677068591117859,1.0,0.9329538345336914
24655,0.47265625,0.5001235008239746,0.8178747296333313,0.6344675421714783
24656,0.956298828125,0.9589468836784363,1.0,0.9330273270606995
24657,0.05078125,0.12306947261095047,0.10881868004798889,0.3208741247653961
24658,0.304931640625,0.34990209341049194,1.0,0.9099670052528381
24659,0.712158203125,0.7124509811401367,0.8569586873054504,0.8552319407463074
24660,0.0625,0.0708705335855484,0.4692787230014801,0.520506739616394
24661,0.956298828125,0.9599846601486206,1.0,1.0
24662,0.580322265625,0.5931482315063477,1.0,1.0
24663,0.9507649540901184,0.954298198223114,0.974961519241333,0.935309648513794
24664,0.08203125,0.09328460693359375,0.7039180994033813,0.5286742448806763
24665,0.940673828125,0.9487496018409729,0.771205723285675,0.9387969374656677
24666,0.091796875,0.13578101992607117,0.3948093354701996,0.6923067569732666
24668,0.499755859375,0.499755859375,1.0,0.9561583995819092
24669,0.228759765625,0.2607235312461853,0.7660098671913147,0.749994158744812
24670,0.499755859375,0.555526614189148,0.629690945148468,0.7552441358566284
24671,0.304931640625,0.3540682792663574,1.0,0.7550276517868042
24672,0.959228515625,0.9594637155532837,0.9394869804382324,0.9332998991012573
24673,0.606689453125,0.6131945848464966,1.0,0.896532416343689
24674,0.110107421875,0.1588565558195114,0.3951442539691925,0.5821031928062439
24675,0.967041015625,0.967440128326416,1.0,0.9799268841743469
24676,0.14453125,0.1539866179227829,0.6291344165802002,0.5136539340019226
24677,0.393798828125,0.43195852637290955,0.8579513430595398,0.8963818550109863
24678,0.940673828125,0.9433775544166565,0.8770246505737305,0.7748072743415833
24679,0.197998046875,0.28469139337539673,0.29449179768562317,0.5447717905044556
24680,0.304931640625,0.3496919572353363,1.0,0.9261205792427063
24681,0.304931640625,0.3964484930038452,0.4285714626312256,0.68955397605896
24682,0.967041015625,0.9672988057136536,0.9284793138504028,0.8886952996253967
24684,0.1875,0.2251172959804535,0.5562983751296997,0.7989307641983032
24685,0.940673828125,0.9517184495925903,0.5046601295471191,0.6371558308601379
24686,0.03125,0.10030972957611084,0.09869397431612015,0.3354061245918274
24687,0.556884765625,0.587459146976471,0.8308104276657104,0.8059409856796265
24688,0.110107421875,0.16584935784339905,0.3333333134651184,0.3757471740245819
24689,0.946533203125,0.948955774307251,1.0,0.9957094788551331
24690,0.304931640625,0.3896694481372833,0.4285714626312256,0.7136601209640503
24691,0.228759765625,0.3310825526714325,0.3974803686141968,0.69882732629776
24692,0.08984375,0.16894899308681488,0.3333333134651184,0.619562566280365
24694,0.110107421875,0.17456187307834625,0.3951442539691925,0.7400690913200378
24695,0.2774251401424408,0.37104010581970215,0.5188971757888794,0.7766544222831726
24696,0.9388020634651184,0.9398778080940247,0.9608869552612305,0.917106032371521
24697,0.518798828125,0.586269736289978,0.6967307925224304,0.7738816738128662
24698,0.2774251401424408,0.3305858075618744,0.8435737490653992,0.77793288230896
24699,0.490234375,0.5700370669364929,0.5961710214614868,0.7648542523384094
24700,0.228759765625,0.25756770372390747,1.0,0.8906967043876648
24701,0.263671875,0.3406970202922821,0.7653606534004211,0.862541675567627
24702,0.344482421875,0.3672367036342621,0.690318763256073,0.745444655418396
24703,0.304931640625,0.389738529920578,0.49493172764778137,0.7530906796455383
24704,0.197998046875,0.2649499177932739,0.6871474981307983,0.7034966349601746
24705,0.633056640625,0.6385526657104492,0.5862115621566772,0.7408077120780945
24706,0.943115234375,0.9479695558547974,0.9313938021659851,0.9089047312736511
24707,0.967041015625,0.9674919247627258,0.9284793138504028,0.9283784627914429
24708,0.228759765625,0.2543499767780304,0.7660098671913147,0.7057088613510132
24709,0.261474609375,0.3199687898159027,0.49493172764778137,0.7040907144546509
24710,0.946533203125,0.9512741565704346,1.0,0.9227043390274048
24711,0.953369140625,0.9581212997436523,0.912726640701294,0.9608553647994995
24712,0.946533203125,0.9524634480476379,0.8026000261306763,0.7263551354408264
24713,0.260498046875,0.3250259757041931,0.8026120662689209,0.7490360736846924
24714,0.9444172978401184,0.9454401135444641,1.0,0.9755476713180542
24715,0.110107421875,0.1425390988588333,1.0,0.8351142406463623
24716,0.09375,0.13255849480628967,0.4581993520259857,0.561018168926239
24717,0.518798828125,0.5673910975456238,0.8046129941940308,0.8962960839271545
24718,0.110107421875,0.17982248961925507,0.5158474445343018,0.8259897232055664
24719,0.05078125,0.14609496295452118,0.17690707743167877,0.60926353931427
24720,0.606689453125,0.6173733472824097,1.0,0.8804428577423096
24721,0.197998046875,0.2258729785680771,0.8145672082901001,0.8495116233825684
24722,0.9668782353401184,0.9670072793960571,1.0,0.9825124144554138
24723,0.14453125,0.16071997582912445,0.5307213068008423,0.48636767268180847
24724,0.0,0.07134314626455307,0.0,0.30063584446907043
24725,0.0,0.015625,0.0,0.04218051955103874
24726,0.556884765625,0.591532289981842,0.8308104276657104,0.8598208427429199
24727,0.2774251401424408,0.3428148925304413,0.8435737490653992,0.8249831795692444
24728,0.146728515625,0.21376913785934448,0.48975956439971924,0.6442594528198242
24729,0.956298828125,0.9589976668357849,1.0,0.9089823365211487
24730,0.110107421875,0.159866064786911,0.5158474445343018,0.6621084213256836
24731,0.304931640625,0.38291165232658386,0.49493172764778137,0.6577529907226562
24733,0.466064453125,0.530946671962738,0.7823625802993774,0.8375604152679443
24734,0.2044270783662796,0.28697454929351807,0.5474918484687805,0.8032251596450806
24735,0.431884765625,0.46665075421333313,0.7318407297134399,0.7119814157485962
24736,0.212890625,0.3332309424877167,0.24341687560081482,0.5097134113311768
24737,0.263671875,0.31300920248031616,0.7653606534004211,0.6128873825073242
24738,0.556884765625,0.5861996412277222,0.8308104276657104,0.8106509447097778
24739,0.490234375,0.5511184334754944,0.5961710214614868,0.6654171943664551
24740,0.212890625,0.2888687551021576,0.28110769391059875,0.40490463376045227
24741,0.23828125,0.3330153226852417,0.43299248814582825,0.7589486241340637
24742,0.580322265625,0.6110591888427734,0.86592036485672,0.7665810585021973
24743,0.951904296875,0.9585881233215332,0.6230928897857666,0.6839794516563416
24744,0.943115234375,0.9482107758522034,0.7475366592407227,0.7129535675048828
24745,0.09375,0.09375,0.29608193039894104,0.2625111937522888
24746,0.228759765625,0.28578031063079834,0.6461858153343201,0.7491863369941711
24747,0.946533203125,0.9519640803337097,0.8793432712554932,0.9271253943443298
24748,0.388427734375,0.39993080496788025,0.3716495931148529,0.6214909553527832
24749,0.606689453125,0.6360356211662292,1.0,0.940729022026062
24750,0.9507649540901184,0.9546409845352173,0.8898733854293823,0.8337557911872864
24751,0.499755859375,0.5331160426139832,0.9037794470787048,0.7471039891242981
24752,0.228759765625,0.28146979212760925,0.3198178708553314,0.4218047261238098
24753,0.228759765625,0.2941783666610718,0.6461858153343201,0.8306474089622498
24754,0.166259765625,0.20850902795791626,0.6291344165802002,0.7437677383422852
24755,0.304931640625,0.37250620126724243,0.6151177287101746,0.7898496389389038
24756,0.110107421875,0.19440126419067383,0.3333333134651184,0.6130505800247192
24757,0.953369140625,0.9587365388870239,0.912726640701294,0.9566020369529724
24758,0.146728515625,0.20112952589988708,0.48975956439971924,0.5553038716316223
24759,0.08984375,0.19455616176128387,0.16497723758220673,0.4633863568305969
24760,0.12109375,0.1544933319091797,0.46358197927474976,0.5093926787376404
24761,0.0,0.0078125,0.0,0.19342641532421112
24762,0.08984375,0.1106719970703125,0.5158474445343018,0.5229619145393372
24763,0.260498046875,0.3202188014984131,0.49370092153549194,0.5709986090660095
24764,0.957763671875,0.9586461782455444,0.7236568927764893,0.8731184601783752
24765,0.9388020634651184,0.9431444406509399,0.7410414814949036,0.7769331932067871
24767,0.9673665165901184,0.9677289128303528,1.0,0.9834354519844055
24768,0.304931640625,0.4095242917537689,0.34757038950920105,0.6702814698219299
24769,0.03125,0.13266819715499878,0.09869397431612015,0.5581427216529846
24770,0.706298828125,0.7093592286109924,0.871160089969635,0.8412483334541321
24771,0.263671875,0.33536651730537415,0.7653606534004211,0.8356181383132935
24772,0.110107421875,0.20478670299053192,0.3333333134651184,0.6624001860618591
24773,0.9673665165901184,0.9676792621612549,1.0,0.9291588068008423
24774,0.05078125,0.11482425779104233,0.2737712264060974,0.6088325381278992
24775,0.110107421875,0.2135830968618393,0.16497723758220673,0.4508603513240814
24776,0.951904296875,0.9600002765655518,0.6230928897857666,0.8902083039283752
24777,0.940673828125,0.9471713900566101,0.8770246505737305,0.9371674060821533
24778,0.3599446713924408,0.4209866225719452,0.5626510977745056,0.6761425137519836
24779,0.953369140625,0.956879734992981,0.912726640701294,0.9620519876480103
24780,0.228759765625,0.27100899815559387,0.7660098671913147,0.838335394859314
24781,0.304931640625,0.40549612045288086,0.4285714626312256,0.6151071786880493
24782,0.946533203125,0.9530975818634033,0.8026000261306763,0.8278294205665588
24783,0.150390625,0.1712188720703125,0.7002755999565125,0.8133798241615295
24784,0.166259765625,0.2319318652153015,0.5307213068008423,0.6939243674278259
24785,0.08984375,0.1637178361415863,0.20503923296928406,0.3613896667957306
24786,0.03125,0.09728077054023743,0.09869397431612015,0.3294508755207062
24787,0.4375,0.5739884972572327,0.30545666813850403,0.6182900667190552
24788,0.304931640625,0.37532487511634827,1.0,0.9558305144309998
24789,0.091796875,0.091796875,1.0,1.0
24790,0.08203125,0.11945343017578125,0.3631143569946289,0.646619439125061
24791,0.228759765625,0.27100902795791626,0.6461858153343201,0.6769125461578369
24792,0.956298828125,0.9593557715415955,1.0,0.9726905822753906
24793,0.260498046875,0.32761478424072266,0.8026120662689209,0.8270453810691833
24794,0.304931640625,0.38457393646240234,0.49493172764778137,0.7934277653694153
24795,0.278564453125,0.3528062403202057,0.39664164185523987,0.7161775827407837
24796,0.962158203125,0.9626818299293518,0.8420895934104919,0.8011962175369263
24797,0.956298828125,0.9603670239448547,0.8195018768310547,0.8476323485374451
24798,0.374755859375,0.43937528133392334,0.5307213068008423,0.7626774907112122
24799,0.110107421875,0.15885654091835022,0.5158474445343018,0.6943559050559998
24800,0.228759765625,0.30445244908332825,0.6461858153343201,0.641806423664093
24801,0.146728515625,0.20610250532627106,0.48975956439971924,0.7368429899215698
24802,0.946533203125,0.9538284540176392,0.8026000261306763,0.9130812883377075
24803,0.166259765625,0.22956876456737518,0.5307213068008423,0.7148066163063049
24804,0.953369140625,0.9592136740684509,0.7479812502861023,0.8871389031410217
24805,0.0,0.0553385429084301,0.0,0.20864130556583405
24806,0.488037109375,0.5133866667747498,0.8785831332206726,0.7993890047073364
24807,0.962158203125,0.9626394510269165,0.8420895934104919,0.8918680548667908
24808,0.228759765625,0.2679787874221802,0.7660098671913147,0.8013015389442444
24809,0.0,0.015625,0.0,0.20210735499858856
24810,0.9444172978401184,0.9475538730621338,0.9456308484077454,0.929317831993103
24811,0.953369140625,0.95781010389328,0.6543781161308289,0.7767467498779297
24812,0.0,0.010416666977107525,0.0,0.16716046631336212
24813,0.956298828125,0.9590355753898621,1.0,0.9837205410003662
24814,0.0,0.014787946827709675,0.0,0.24297180771827698
24815,0.951904296875,0.9568051695823669,0.8690900206565857,0.907279372215271
24816,0.967041015625,0.9673967361450195,1.0,0.990253746509552
24817,0.110107421875,0.18265299499034882,0.3951442539691925,0.733932375907898
24818,0.556884765625,0.5842719674110413,0.8308104276657104,0.7220920920372009
24819,0.146728515625,0.22361895442008972,0.48975956439971924,0.7225967645645142
24820,0.580322265625,0.6271618008613586,0.86592036485672,0.8887205123901367
24821,0.110107421875,0.17823269963264465,0.11585679650306702,0.2815628945827484
24822,0.260498046875,0.34386682510375977,0.49370092153549194,0.7313746809959412
24823,0.957763671875,0.9579803347587585,0.9265733957290649,0.9330443739891052
24824,0.110107421875,0.16512593626976013,0.3333333134651184,0.5530152916908264
24825,0.580322265625,0.6424795389175415,0.5636333227157593,0.7704751491546631
24826,0.946533203125,0.950960636138916,1.0,0.9192213416099548
24827,0.953369140625,0.9556518197059631,1.0,0.9063042998313904
24828,0.431884765625,0.4619535803794861,0.8451594114303589,0.8292991518974304
24829,0.0,0.02087053656578064,0.0,0.4415801167488098
24830,0.228759765625,0.2691366970539093,0.7660098671913147,0.8294170498847961
24831,0.951904296875,0.9574525952339172,0.8690900206565857,0.8519579768180847
24832,0.344482421875,0.3800142705440521,0.5977610945701599,0.5513193607330322
24833,0.1106770858168602,0.18162715435028076,0.2302355170249939,0.37255311012268066
24834,0.197998046875,0.3462427258491516,0.23883214592933655,0.5769954919815063
24835,0.488037109375,0.5902685523033142,0.398443341255188,0.6714348196983337
24836,0.197998046875,0.25026991963386536,0.6871474981307983,0.751384973526001
24837,0.110107421875,0.14442503452301025,1.0,0.7909507155418396
24838,0.212890625,0.23969636857509613,0.8789618015289307,0.9663195013999939
24839,0.0625,0.06982421875,0.6131471991539001,0.8065736293792725
24840,0.488037109375,0.5500448942184448,0.7069194316864014,0.8727983236312866
24841,0.166259765625,0.28305619955062866,0.32645606994628906,0.6300715804100037
24842,0.44921875,0.4982403814792633,0.7216541767120361,0.6730611324310303
24843,0.9507649540901184,0.9544342160224915,0.8898733854293823,0.9270944595336914
24844,0.150390625,0.1886829435825348,0.4525081515312195,0.3955599069595337
24845,0.304931640625,0.39911407232284546,0.4285714626312256,0.6914424896240234
24846,0.2774251401424408,0.3297888934612274,0.8435737490653992,0.8301126956939697
24847,0.2774251401424408,0.3078874349594116,1.0,0.9225499033927917
24848,0.957763671875,0.9582592844963074,0.8271697163581848,0.7893755435943604
24849,0.393798828125,0.43706437945365906,0.8579513430595398,0.9007830023765564
24850,0.150390625,0.1806783676147461,0.5364180207252502,0.7289589047431946
24851,0.260498046875,0.31076812744140625,0.8026120662689209,0.9145923852920532
24852,0.304931640625,0.3366655111312866,0.6151177287101746,0.4994373321533203
24853,0.2774251401424408,0.350275456905365,0.8435737490653992,0.8062532544136047
24854,0.9444172978401184,0.9472339153289795,0.9456308484077454,0.9519355893135071
24855,0.94140625,0.9460712671279907,0.7888506054878235,0.7458340525627136
24856,0.946533203125,0.9514259099960327,1.0,0.9878644347190857
24857,0.580322265625,0.6185886263847351,0.86592036485672,0.9479426741600037
24858,0.518798828125,0.5793870687484741,0.8046129941940308,0.9238052368164062
24860,0.466064453125,0.5044958591461182,0.629499077796936,0.6519744396209717
24861,0.110107421875,0.1636960655450821,0.5158474445343018,0.7418010234832764
24862,0.518798828125,0.5295654535293579,1.0,0.807075560092926
24863,0.953369140625,0.9548780918121338,1.0,0.9857116937637329
24864,0.05078125,0.11965082585811615,0.2737712264060974,0.6597732305526733
24865,0.05078125,0.06637382507324219,0.5307212471961975,0.39673784375190735
24866,0.304931640625,0.3919834494590759,0.6151177287101746,0.8102220296859741
24867,0.374755859375,0.4460645914077759,0.6128985285758972,0.8043127059936523
24868,0.967041015625,0.967041015625,1.0,1.0
24869,0.05078125,0.06203460693359375,0.2097114622592926,0.22049100697040558
24870,0.2122395932674408,0.2674516439437866,0.4175114035606384,0.5813990831375122
24871,0.701904296875,0.7064115405082703,0.7402501106262207,0.7746481895446777
24872,0.9444172978401184,0.9498234391212463,0.7589633464813232,0.7510650157928467
24873,0.263671875,0.3530084192752838,0.7653606534004211,0.8899540901184082
24874,0.556884765625,0.6005105972290039,0.8308104276657104,0.89131760597229
24875,0.953369140625,0.9559460878372192,0.912726640701294,0.8373774290084839
24876,0.946533203125,0.953056812286377,0.8793432712554932,0.9653230309486389
24877,0.304931640625,0.36018016934394836,1.0,0.8775948286056519
24878,0.23828125,0.25774839520454407,0.8344475626945496,0.8456640243530273
24879,0.488037109375,0.5632736682891846,0.6121358871459961,0.8701807856559753
24880,0.959228515625,0.9598708152770996,0.7631344795227051,0.9192991852760315
24881,0.110107421875,0.1588565558195114,0.5158474445343018,0.6943559050559998
24882,0.393798828125,0.4533790349960327,0.5977610945701599,0.7426478266716003
24883,0.951904296875,0.9572650790214539,0.8690900206565857,0.8049156665802002
24884,0.146728515625,0.23117345571517944,0.48975956439971924,0.7165378928184509
24885,0.03125,0.0537458136677742,0.29608193039894104,0.47310805320739746
24886,0.212890625,0.3015630841255188,0.3493700623512268,0.5674293637275696
24887,0.2774251401424408,0.37836095690727234,0.36153164505958557,0.6422197818756104
24888,0.304931640625,0.3922855854034424,0.4285714626312256,0.7148869037628174
24890,0.455078125,0.4870201349258423,0.8124242424964905,0.8695567846298218
24891,0.633056640625,0.6369221806526184,0.715326726436615,0.7413057088851929
24892,0.304931640625,0.3842504620552063,0.4285714626312256,0.5641885995864868
24893,0.197998046875,0.28620249032974243,0.42267662286758423,0.7252663373947144
24894,0.197998046875,0.24808578193187714,0.42267662286758423,0.4868844449520111
24895,0.08203125,0.12569761276245117,0.3631143569946289,0.5025343298912048
24896,0.518798828125,0.569050669670105,1.0,1.0
24897,0.3599446713924408,0.42131146788597107,0.5626510977745056,0.7173870205879211
24898,0.228759765625,0.25843891501426697,0.7660098671913147,0.7703142166137695
24900,0.146728515625,0.22641804814338684,0.48975956439971924,0.7504253387451172
24901,0.260498046875,0.321898490190506,0.8026120662689209,0.7032006978988647
24902,0.09375,0.1703731119632721,0.29608193039894104,0.49424102902412415
24903,0.518798828125,0.5743861794471741,0.8046129941940308,0.887525737285614
24904,0.146728515625,0.21697211265563965,0.48975956439971924,0.6589176654815674
24905,0.580322265625,0.6051231026649475,1.0,0.9155359864234924
24906,0.490234375,0.5384035706520081,0.5961710214614868,0.6389906406402588
24907,0.943115234375,0.944744348526001,0.9313938021659851,0.8616787791252136
24908,0.943115234375,0.9487570524215698,0.819014847278595,0.9116500616073608
24909,0.953369140625,0.95848149061203,0.912726640701294,0.9790863394737244
24910,0.940673828125,0.9439237713813782,0.8770246505737305,0.855852484703064
24911,0.166259765625,0.22955438494682312,0.5307213068008423,0.7808729410171509
24912,0.091796875,0.091796875,1.0,1.0
24913,0.967041015625,0.9674705266952515,1.0,1.0
24914,0.46875,0.4713517725467682,0.5441304445266724,0.5600571036338806
24915,0.0,0.02565365843474865,0.0,0.3408578336238861
24916,0.518798828125,0.5777683854103088,0.6967307925224304,0.8117488026618958
24917,0.304931640625,0.37933701276779175,0.6151177287101746,0.8036067485809326
24918,0.606689453125,0.6276347041130066,1.0,0.8375005722045898
24919,0.304931640625,0.37751761078834534,1.0,1.0
24920,0.966796875,0.9671021699905396,0.9422276020050049,0.9107748866081238
24921,0.959228515625,0.9599857330322266,0.7631344795227051,0.8688396215438843
24923,0.94140625,0.9487202763557434,0.7200049757957458,0.7428999543190002
24924,0.580322265625,0.6029448509216309,0.86592036485672,0.7850219011306763
24925,0.580322265625,0.6303410530090332,0.86592036485672,0.9684203267097473
24926,0.518798828125,0.5668070316314697,1.0,0.9621871709823608
24927,0.9444172978401184,0.9532735347747803,0.7589633464813232,0.8723289370536804
24928,0.959228515625,0.9596426486968994,0.9394869804382324,0.9336756467819214
24929,0.946533203125,0.9527774453163147,0.8793432712554932,0.9609691500663757
24930,0.518798828125,0.5598364472389221,1.0,0.8825171589851379
24931,0.946533203125,0.9527774453163147,0.8793432712554932,0.9609691500663757
24932,0.956298828125,0.9599300026893616,1.0,0.8919403553009033
24933,0.9507649540901184,0.9544389843940735,0.8898733854293823,0.8801519274711609
24934,0.9507649540901184,0.9544920921325684,0.974961519241333,0.9589886665344238
24935,0.953369140625,0.9577075839042664,0.912726640701294,0.9448952674865723
24936,0.967041015625,0.9674535989761353,0.9284793138504028,0.8316522836685181
24937,0.518798828125,0.5622315406799316,1.0,0.9183030724525452
24938,0.580322265625,0.6303409934043884,0.86592036485672,0.9684203267097473
24939,0.9507649540901184,0.9546409845352173,0.8898733854293823,0.8337557911872864
24940,0.953369140625,0.9585341811180115,0.912726640701294,0.9359426498413086
24941,0.967041015625,0.9674535989761353,0.9284793138504028,0.8316522836685181
24942,0.518798828125,0.5648203492164612,1.0,0.9561159014701843
24943,0.9668782353401184,0.9673382043838501,0.892719030380249,0.8317821025848389
24944,0.943115234375,0.9475764632225037,0.9313938021659851,0.8710225820541382
24945,0.967041015625,0.9674535989761353,0.9284793138504028,0.8316522836685181
24946,0.580322265625,0.6029448509216309,0.86592036485672,0.7631168365478516
24947,0.9507649540901184,0.9546409845352173,0.8898733854293823,0.8337557911872864
24948,0.580322265625,0.6303410530090332,0.86592036485672,0.9684203267097473
24949,0.956298828125,0.9595049023628235,1.0,0.9620596170425415
24950,0.967041015625,0.9674922823905945,0.9284793138504028,0.8801642060279846
24951,0.956298828125,0.9589192867279053,1.0,0.9002928733825684
24952,0.9668782353401184,0.9673382043838501,0.892719030380249,0.8317821025848389
24953,0.9507649540901184,0.9555672407150269,0.8898733854293823,0.9542639851570129
24954,0.953369140625,0.9577076435089111,0.912726640701294,0.9448952674865723
24955,0.9507649540901184,0.9556384086608887,0.8898733854293823,0.9734362363815308
24956,0.967041015625,0.9674535989761353,0.9284793138504028,0.8316522836685181
24957,0.14453125,0.20037934184074402,0.5307213068008423,0.5587791204452515
24958,0.12109375,0.16619062423706055,0.24055138230323792,0.30762505531311035
24959,0.51953125,0.5803369283676147,0.7039180994033813,0.8321000337600708
24960,0.110107421875,0.1549457609653473,0.5158474445343018,0.6483519673347473
24961,0.9673665165901184,0.9679083228111267,0.8748590350151062,0.9224846959114075
24962,0.304931640625,0.37722092866897583,0.4285714626312256,0.5889941453933716
24963,0.2774251401424408,0.322165846824646,0.8435737490653992,0.7586770057678223
24964,0.110107421875,0.17981424927711487,0.3333333134651184,0.510395884513855
24965,0.2774251401424408,0.32430142164230347,0.8435737490653992,0.9540984034538269
24966,0.110107421875,0.17599038779735565,0.3333333134651184,0.5398909449577332
24967,0.374755859375,0.4763002097606659,0.3454500138759613,0.5806182026863098
24968,0.946533203125,0.951590359210968,0.8793432712554932,0.9173395037651062
24969,0.946533203125,0.9514752626419067,1.0,0.9984996318817139
24970,0.197998046875,0.2688180208206177,0.6871474981307983,0.8676478862762451
24971,0.14453125,0.21428032219409943,0.5307213068008423,0.5938255190849304
24972,0.304931640625,0.35529839992523193,1.0,0.81053227186203
24973,0.431884765625,0.47253185510635376,0.7318407297134399,0.8892956376075745
24974,0.166259765625,0.2599785625934601,0.5307213068008423,0.7683263421058655
24975,0.0,0.014787946827709675,0.0,0.18833917379379272
24976,0.23828125,0.30122077465057373,0.7039180994033813,0.890487790107727
24977,0.166259765625,0.21624541282653809,0.32645606994628906,0.4247604310512543
24978,0.03125,0.0537458136677742,0.29608193039894104,0.654615581035614
24979,0.1106770858168602,0.2468486726284027,0.16041216254234314,0.5921915769577026
24980,0.499755859375,0.5434448719024658,0.9037794470787048,0.8456629514694214
24981,0.3599446713924408,0.39514946937561035,0.8075588941574097,0.7917234301567078
24982,0.197998046875,0.2601363956928253,0.6871474981307983,0.7542067766189575
24983,0.304931640625,0.39510780572891235,0.49493172764778137,0.7331032752990723
24984,0.197998046875,0.29012081027030945,0.42267662286758423,0.7584806680679321
24985,0.304931640625,0.3668407201766968,1.0,0.9929330945014954
24986,0.580322265625,0.5968738198280334,1.0,0.9651796817779541
24987,0.953369140625,0.9556311964988708,1.0,0.9328351020812988
24988,0.490234375,0.553834855556488,0.5961710214614868,0.7461615204811096
24989,0.166259765625,0.2039395570755005,0.5307213068008423,0.5954161286354065
24990,0.304931640625,0.35571110248565674,1.0,0.9939622282981873
24992,0.166259765625,0.22881576418876648,0.5307213068008423,0.7357081770896912
24993,0.261474609375,0.32258012890815735,0.4285714626312256,0.5739668607711792
24994,0.946533203125,0.9532077312469482,0.8793432712554932,0.9086715579032898
24995,0.323974609375,0.37311795353889465,0.5520787835121155,0.6580772995948792
24996,0.091796875,0.1128866970539093,0.7653606534004211,0.724714457988739
24997,0.110107421875,0.16778317093849182,0.3951442539691925,0.6629354357719421
24998,0.953369140625,0.9550782442092896,1.0,0.8617259860038757
24999,0.571533203125,0.5777837038040161,0.6093400716781616,0.713536262512207
25000,0.166259765625,0.22530168294906616,0.5307213068008423,0.5718564987182617
25001,0.150390625,0.20053815841674805,0.5364180207252502,0.7845527529716492
25002,0.16796875,0.2179832011461258,0.3198178708553314,0.47522249817848206
25003,0.110107421875,0.16778317093849182,0.5158474445343018,0.7907759547233582
25004,0.940673828125,0.951778769493103,0.5768473744392395,0.7401273250579834
25005,0.703369140625,0.7069993615150452,0.8588406443595886,0.8532111644744873
25006,0.946533203125,0.950570821762085,1.0,0.9152858257293701
25007,0.05078125,0.09860881417989731,0.5307212471961975,0.7136540412902832
25008,0.110107421875,0.17823269963264465,0.3333333134651184,0.5252479910850525
25009,0.0625,0.10927272588014603,0.4692787230014801,0.8541057705879211
25010,0.304931640625,0.3709300458431244,0.4285714626312256,0.5560262799263
25011,0.940673828125,0.9455437660217285,0.8770246505737305,0.9323521256446838
25012,0.556884765625,0.5941654443740845,0.8308104276657104,0.8217476606369019
25013,0.943115234375,0.9516582489013672,0.7475366592407227,0.7945719957351685
25014,0.940673828125,0.9449781775474548,0.8770246505737305,0.89156174659729
25015,0.947998046875,0.9517213106155396,0.9146330952644348,0.8846009373664856
25017,0.3599446713924408,0.4102577269077301,0.5626510977745056,0.5601657629013062
25018,0.304931640625,0.3680547773838043,1.0,0.9368077516555786
25019,0.946533203125,0.9515246748924255,1.0,0.9741955995559692
25020,0.3599446713924408,0.4232187867164612,0.5626510977745056,0.7754539847373962
25021,0.580322265625,0.6002057790756226,1.0,1.0
25022,0.304931640625,0.375436395406723,0.6151177287101746,0.8158239722251892
25023,0.091796875,0.1053662970662117,0.7653606534004211,0.8843252062797546
25024,0.146728515625,0.23565664887428284,0.24239754676818848,0.5913094282150269
25025,0.03125,0.08594362437725067,0.11699506640434265,0.41650164127349854
25026,0.951904296875,0.9582059979438782,0.8690900206565857,0.9504274129867554
25027,0.946533203125,0.9567035436630249,0.575423002243042,0.8871548175811768
25028,0.304931640625,0.3967166543006897,0.4285714626312256,0.8022461533546448
25029,0.05078125,0.1405738890171051,0.17690707743167877,0.6565238237380981
25030,0.567138671875,0.5934407711029053,0.9225797057151794,0.904320240020752
25031,0.518798828125,0.5785000324249268,0.6967307925224304,0.743128776550293
25032,0.943115234375,0.9512243270874023,0.7475366592407227,0.8002521991729736
25033,0.490234375,0.5259559154510498,0.8556691408157349,0.9598315954208374
25034,0.967041015625,0.9676877856254578,0.8122885227203369,0.9501656889915466
25035,0.2774251401424408,0.3489450514316559,0.5188971757888794,0.605391800403595
25036,0.0,0.02734375,0.0,0.38364914059638977
25037,0.304931640625,0.3789359927177429,0.4285714626312256,0.5589572787284851
25038,0.260498046875,0.3417209982872009,0.8026120662689209,0.8632555603981018
25039,0.967041015625,0.9673794507980347,1.0,0.9369209408760071
25040,0.946533203125,0.9516962170600891,1.0,0.9514334201812744
25041,0.03125,0.0771244615316391,0.15273310244083405,0.5300355553627014
25042,0.518798828125,0.5502226948738098,0.8046129941940308,0.7214211225509644
25043,0.0,0.03125,0.0,0.3562072217464447
25044,0.580322265625,0.6186149716377258,0.86592036485672,0.946060836315155
25045,0.431884765625,0.4741787910461426,0.7318407297134399,0.7250227928161621
25046,0.531982421875,0.5614041686058044,0.7462155222892761,0.8409310579299927
25047,0.967041015625,0.9674206376075745,1.0,0.9437623023986816
25048,0.712158203125,0.712600827217102,0.8569586873054504,0.88397216796875
25049,0.968017578125,0.9680537581443787,1.0,0.9650951027870178
25050,0.953369140625,0.9563307762145996,0.912726640701294,0.8294223546981812
25051,0.09375,0.25156116485595703,0.10290931165218353,0.4291439354419708
25052,0.940673828125,0.9492223858833313,0.6212818622589111,0.79118412733078
25053,0.197998046875,0.2709132432937622,0.6871474981307983,0.8238948583602905
25054,0.488037109375,0.5556495785713196,0.6121358871459961,0.5808170437812805
25055,0.9673665165901184,0.9676811695098877,1.0,0.860910177230835
25056,0.953369140625,0.9572346806526184,1.0,1.0
25057,0.08203125,0.09945487976074219,0.7039180994033813,0.7469385266304016
25058,0.9388020634651184,0.9434592127799988,0.8427215218544006,0.9394471049308777
25059,0.110107421875,0.15885654091835022,0.3333333134651184,0.4700182378292084
25060,0.304931640625,0.3843078017234802,0.49493172764778137,0.7157036662101746
25061,0.110107421875,0.1746726632118225,0.3951442539691925,0.6812273263931274
25062,0.518798828125,0.566692054271698,0.6967307925224304,0.7512552738189697
25063,0.304931640625,0.3343620002269745,1.0,0.7556674480438232
25064,0.9507649540901184,0.9539691805839539,0.974961519241333,0.909704327583313
25065,0.260498046875,0.3246515393257141,0.8026120662689209,0.7495534420013428
25066,0.580322265625,0.615811288356781,0.86592036485672,0.9211519956588745
25067,0.304931640625,0.3440156579017639,1.0,0.9564507603645325
25068,0.260498046875,0.33230021595954895,0.49370092153549194,0.6942675709724426
25070,0.567138671875,0.6066494584083557,0.7988805174827576,0.9419616460800171
25071,0.1875,0.2632277309894562,0.4692787230014801,0.559868335723877
25072,0.374755859375,0.4208398461341858,0.5307213068008423,0.6110029220581055
25073,0.110107421875,0.1442020833492279,1.0,0.9641804099082947
25074,0.110107421875,0.13640743494033813,0.22686867415905,0.32388609647750854
25075,0.304931640625,0.35009223222732544,1.0,0.7385886311531067
25076,0.1875,0.20994822680950165,0.2886616587638855,0.32124143838882446
25077,0.110107421875,0.17861586809158325,0.3333333134651184,0.44919946789741516
25078,0.110107421875,0.1808280646800995,0.3333333134651184,0.5820800065994263
25079,0.228759765625,0.364980548620224,0.276936799287796,0.5713929533958435
25080,0.518798828125,0.5868977308273315,0.4535067081451416,0.7166835069656372
25081,0.146728515625,0.21730583906173706,0.48975956439971924,0.602886974811554
25082,0.02083333395421505,0.02083333395421505,0.5,0.5
25083,0.9668782353401184,0.9672374129295349,0.892719030380249,0.8504058122634888
25084,0.946533203125,0.9485113024711609,1.0,0.9506106376647949
25085,0.304931640625,0.37751761078834534,1.0,1.0
25086,0.304931640625,0.3605692982673645,1.0,0.8043891191482544
25087,0.12109375,0.12109375,0.6885288953781128,0.6885288953781128
25088,0.939453125,0.9448674321174622,0.8498401045799255,0.889957845211029
25089,0.23828125,0.3205152750015259,0.7039180994033813,0.8020779490470886
25090,0.2774251401424408,0.3545195162296295,0.8435737490653992,0.9125707149505615
25091,0.08203125,0.0987396240234375,0.7039180994033813,0.5534090399742126
25092,0.08203125,0.2189686894416809,0.11613046377897263,0.5686674118041992
25093,0.953369140625,0.958579957485199,0.7479812502861023,0.7850255966186523
25094,0.304931640625,0.37099727988243103,1.0,0.9053206443786621
25095,0.967041015625,0.9675012826919556,0.9284793138504028,0.9333547353744507
25096,0.518798828125,0.5713952779769897,0.6967307925224304,0.7896248698234558
25097,0.110107421875,0.155360147356987,0.2620770037174225,0.4035159945487976
25099,0.02083333395421505,0.09089183062314987,0.12103812396526337,0.5273600220680237
25100,0.03125,0.084716796875,0.15273310244083405,0.35299021005630493
25101,0.1875,0.2378891557455063,0.4692787230014801,0.4485924541950226
25102,0.962158203125,0.9625965356826782,0.8420895934104919,0.8977037668228149
25103,0.304931640625,0.38199594616889954,0.6151177287101746,0.8266692161560059
25104,0.968017578125,0.9680293798446655,1.0,0.9373130798339844
25105,0.09375,0.1365966796875,0.29608193039894104,0.31489062309265137
25106,0.2774251401424408,0.3374250531196594,0.8435737490653992,0.8087853193283081
25107,0.393798828125,0.4236922562122345,0.8579513430595398,0.8641217350959778
25108,0.263671875,0.2955579161643982,0.7653606534004211,0.7589668035507202
25109,0.951171875,0.9563658833503723,0.694340705871582,0.7264200448989868
25110,0.197998046875,0.2854364514350891,0.42267662286758423,0.6820692420005798
25111,0.518798828125,0.5677152276039124,1.0,0.9672089219093323
25112,0.940673828125,0.9483699798583984,0.771205723285675,0.8683831691741943
25113,0.219970703125,0.2967584729194641,0.34397661685943604,0.49340617656707764
25115,0.304931640625,0.3901371359825134,0.6151177287101746,0.7911635041236877
25116,0.2774251401424408,0.3211157023906708,0.4175114035606384,0.4566875994205475
25117,0.146728515625,0.19989554584026337,0.3012597858905792,0.38029104471206665
25118,0.110107421875,0.19026504456996918,0.20503923296928406,0.40230676531791687
25119,0.03125,0.0458984375,0.29608193039894104,0.2685256004333496
25120,0.967041015625,0.9676538705825806,0.8122885227203369,0.8440636396408081
25121,0.499755859375,0.5826759934425354,0.4490610957145691,0.7381909489631653
25122,0.2774251401424408,0.33916109800338745,0.8435737490653992,0.7981191873550415
25123,0.956298828125,0.9600079655647278,1.0,1.0
25124,0.05078125,0.06451416015625,0.5307212471961975,0.732828676700592
25125,0.304931640625,0.3334411382675171,0.6151177287101746,0.5044764280319214
25126,0.166259765625,0.23977622389793396,0.32645606994628906,0.5056424736976624
25127,0.166259765625,0.24564212560653687,0.2626707851886749,0.4147406816482544
25128,0.9444172978401184,0.9529853463172913,0.7589633464813232,0.9020271301269531
25129,0.278564453125,0.30217838287353516,0.7276545763015747,0.7298080921173096
25130,0.304931640625,0.37751758098602295,1.0,1.0
25131,0.44921875,0.5213059782981873,0.5027986764907837,0.6980493664741516
25132,0.304931640625,0.36309948563575745,1.0,0.8845422267913818
25133,0.9388020634651184,0.944302499294281,0.6763683557510376,0.6651899814605713
25134,0.968017578125,0.9680771231651306,1.0,0.9294936060905457
25135,0.110107421875,0.14887464046478271,0.5158474445343018,0.5952053070068359
25137,0.08203125,0.08203125,0.27814918756484985,0.24153350293636322
25138,0.146728515625,0.23050294816493988,0.3012597858905792,0.5564543008804321
25139,0.110107421875,0.17467264831066132,0.5158474445343018,0.8125951886177063
25140,0.953369140625,0.9571534395217896,0.912726640701294,0.9220873117446899
25141,0.304931640625,0.36032694578170776,0.4285714626312256,0.5046210885047913
25142,0.606689453125,0.6299124360084534,1.0,0.971521258354187
25143,0.567138671875,0.6125271320343018,0.7988805174827576,0.7399494051933289
25144,0.9673665165901184,0.967653214931488,1.0,0.9984749555587769
25145,0.304931640625,0.3719862997531891,0.6151177287101746,0.6897876262664795
25146,0.304931640625,0.37462419271469116,1.0,1.0
25147,0.606689453125,0.6358586549758911,1.0,0.9404928684234619
25148,0.956298828125,0.9593694806098938,1.0,0.890072762966156
25149,0.02083333395421505,0.11925990879535675,0.07821311801671982,0.40869536995887756
25150,0.518798828125,0.5490133166313171,1.0,0.9604277610778809
25151,0.499755859375,0.5653663873672485,0.7271926999092102,0.873128354549408
25152,0.956298828125,0.9598557949066162,1.0,0.9767032861709595
25153,0.953369140625,0.9559834003448486,1.0,0.931611180305481
25154,0.953369140625,0.9577896595001221,0.912726640701294,0.9829123616218567
25155,0.946533203125,0.9532126188278198,0.7083972692489624,0.8212910890579224
25156,0.953369140625,0.9570822715759277,0.912726640701294,0.8940209746360779
25157,0.304931640625,0.36063259840011597,1.0,0.9260578751564026
25158,0.580322265625,0.6161945462226868,0.86592036485672,0.9347397685050964
25160,0.518798828125,0.5673123598098755,0.6967307925224304,0.6016718149185181
25161,0.580322265625,0.6142688989639282,0.86592036485672,0.7626794576644897
25162,0.967041015625,0.9674100875854492,1.0,0.9414067268371582
25163,0.967041015625,0.9674535989761353,0.9284793138504028,0.9404392242431641
25164,0.571533203125,0.5759336352348328,0.7592076063156128,0.743212878704071
25165,0.606689453125,0.6201127171516418,1.0,0.8699666857719421
25166,0.05078125,0.061767578125,0.5307212471961975,0.5925119519233704
25167,0.967041015625,0.9672690033912659,1.0,0.9677327871322632
25168,0.110107421875,0.15885654091835022,1.0,1.0
25169,0.30078125,0.3092564344406128,0.6128985285758972,0.58335280418396
25170,0.219970703125,0.2973284423351288,0.34397661685943604,0.6297248601913452
25171,0.957763671875,0.9581400156021118,0.8908864855766296,0.9271422028541565
25173,0.518798828125,0.5809075832366943,0.8046129941940308,0.9289513230323792
25174,0.304931640625,0.350841760635376,1.0,0.9339290261268616
25175,0.05078125,0.11329127103090286,0.2097114622592926,0.6046298146247864
25176,0.166259765625,0.21624541282653809,0.5307213068008423,0.7309531569480896
25177,0.110107421875,0.16805106401443481,0.3333333134651184,0.42385149002075195
25178,0.110107421875,0.20461386442184448,0.3333333134651184,0.6669198274612427
25179,0.08984375,0.16453681886196136,0.20503923296928406,0.5037586092948914
25180,0.263671875,0.31454312801361084,0.7653606534004211,0.8876038789749146
25181,0.499755859375,0.5552672743797302,0.629690945148468,0.7367230653762817
25182,0.150390625,0.22906389832496643,0.4525081515312195,0.5771077871322632
25183,0.304931640625,0.3643154501914978,1.0,0.8878984451293945
25184,0.956298828125,0.9611760377883911,0.7169486284255981,0.8427865505218506
25185,0.953369140625,0.9552507996559143,1.0,0.947545051574707
25186,0.393798828125,0.4377445578575134,0.690318763256073,0.7318383455276489
25187,0.946533203125,0.9526606798171997,0.8026000261306763,0.8772667050361633
25188,0.393798828125,0.40724262595176697,0.8579513430595398,0.7279266119003296
25189,0.953369140625,0.9579114317893982,0.912726640701294,0.990115761756897
25190,0.260498046875,0.28809767961502075,0.8026120662689209,0.7077165246009827
25191,0.260498046875,0.2918224036693573,0.8026120662689209,0.8389840126037598
25192,0.146728515625,0.19989554584026337,0.3012597858905792,0.4577506482601166
25193,0.2774251401424408,0.3498000204563141,0.8435737490653992,0.8204684257507324
25194,0.166259765625,0.21274256706237793,0.6291344165802002,0.822272539138794
25195,0.47265625,0.5123005509376526,0.8178747296333313,0.7748284935951233
25196,0.304931640625,0.43280428647994995,0.34757038950920105,0.6248403191566467
25198,0.946533203125,0.9476613998413086,1.0,0.8866257667541504
25199,0.9673665165901184,0.9676225185394287,1.0,0.9541741013526917
25200,0.0,0.0,0.0,0.0
25201,0.9668782353401184,0.9674961566925049,0.892719030380249,0.9451931715011597
25202,0.263671875,0.33834922313690186,0.4707868993282318,0.6402295827865601
25203,0.02083333395421505,0.0570882186293602,0.09271639585494995,0.3972873091697693
25204,0.956298828125,0.9598532319068909,1.0,0.9783200025558472
25205,0.091796875,0.18410776555538177,0.20058341324329376,0.5862159132957458
25206,0.580322265625,0.6119803190231323,0.86592036485672,0.8610258102416992
25207,0.304931640625,0.40423864126205444,0.4285714626312256,0.6679669618606567
25208,0.953369140625,0.9560208916664124,1.0,0.9931243062019348
25209,0.08984375,0.13490961492061615,0.5158474445343018,0.6943560242652893
25210,0.228759765625,0.2862420678138733,0.6461858153343201,0.6804173588752747
25211,0.580322265625,0.6046284437179565,1.0,0.9257181882858276
25212,0.9673665165901184,0.9678941369056702,0.8748590350151062,0.9672881364822388
25213,0.946533203125,0.9538986682891846,0.8026000261306763,0.8962231874465942
25214,0.260498046875,0.364336758852005,0.397238165140152,0.6693063378334045
25215,0.518798828125,0.5615267157554626,0.8046129941940308,0.7543299198150635
25216,0.08203125,0.14473402500152588,0.23463936150074005,0.470878928899765
25217,0.166259765625,0.22586791217327118,0.5307213068008423,0.6307003498077393
25218,0.571533203125,0.5764752626419067,0.7592076063156128,0.7725752592086792
25219,0.946533203125,0.9535725712776184,0.8026000261306763,0.9071109294891357
25220,0.146728515625,0.22739975154399872,0.48975956439971924,0.653335452079773
25221,0.228759765625,0.2830257713794708,0.6461858153343201,0.5753499269485474
25222,0.03125,0.03125,0.38685283064842224,0.38685283064842224
25223,0.9444172978401184,0.949906051158905,0.8315341472625732,0.9260209798812866
25224,0.953369140625,0.9572588205337524,0.912726640701294,0.7915706038475037
25225,0.606689453125,0.6344141960144043,1.0,0.915818452835083
25226,0.02083333395421505,0.06108614057302475,0.07821311801671982,0.20577721297740936
25227,0.956298828125,0.9577711224555969,1.0,0.8804880976676941
25228,0.956298828125,0.9601585865020752,0.8195018768310547,0.9122489094734192
25229,0.968017578125,0.9680772423744202,1.0,0.9862139821052551
25230,0.606689453125,0.6266398429870605,1.0,0.8653526306152344
25231,0.12109375,0.16619062423706055,0.3910655975341797,0.39086759090423584
25232,0.9466145634651184,0.9514548778533936,0.8072783350944519,0.7739980816841125
25233,0.953369140625,0.9576581716537476,0.912726640701294,0.9432280659675598
25234,0.110107421875,0.2069719433784485,0.20503923296928406,0.5127886533737183
25235,0.110107421875,0.1581810712814331,0.5158474445343018,0.6565988659858704
25236,0.228759765625,0.25932878255844116,1.0,0.8899396657943726
25237,0.556884765625,0.6029642820358276,0.8308104276657104,0.9116564989089966
25238,0.531982421875,0.5606775879859924,0.8617600202560425,0.8065985441207886
25239,0.966796875,0.9671547412872314,0.9422276020050049,0.970065176486969
25240,0.166259765625,0.2723757326602936,0.2626707851886749,0.6519593596458435
25241,0.166259765625,0.17648792266845703,0.8213136792182922,0.6127070188522339
25242,0.05078125,0.07626447081565857,0.5307212471961975,0.5266129374504089
25243,0.1106770858168602,0.1978401094675064,0.37429505586624146,0.688322126865387
25244,0.606689453125,0.631803035736084,1.0,0.9330905079841614
25245,0.02083333395421505,0.02083333395421505,0.5,0.5
25246,0.2774251401424408,0.3504059612751007,0.8435737490653992,0.8436691761016846
25247,0.1106770858168602,0.20218324661254883,0.2302355170249939,0.5260345935821533
25248,0.304931640625,0.37751758098602295,1.0,1.0
25249,0.304931640625,0.3300743103027344,0.6151177287101746,0.5677772760391235
25250,0.278564453125,0.33214277029037476,0.5692896842956543,0.7731347680091858
25251,0.946533203125,0.9543249607086182,0.8026000261306763,0.9253032207489014
25252,0.2774251401424408,0.3506680130958557,0.8435737490653992,0.9497851729393005
25253,0.110107421875,0.22568272054195404,0.1428571492433548,0.39209476113319397
25254,0.967041015625,0.9674510359764099,0.9284793138504028,0.9237160682678223
25255,0.967041015625,0.9674422144889832,0.8122885227203369,0.7919005155563354
25256,0.146728515625,0.16637097299098969,0.11196307837963104,0.12413620948791504
25257,0.0,0.03526284545660019,0.0,0.4631091058254242
25258,0.304931640625,0.37099727988243103,0.6151177287101746,0.6999239921569824
25259,0.943115234375,0.9480774998664856,0.9313938021659851,0.9370517134666443
25260,0.02083333395421505,0.02083333395421505,0.5,0.5
25261,0.953369140625,0.9579899907112122,0.912726640701294,0.9902306795120239
25262,0.02083333395421505,0.0464681014418602,0.23463936150074005,0.6182885766029358
25265,0.953369140625,0.9573648571968079,0.912726640701294,0.964447021484375
25267,0.967041015625,0.9675718545913696,0.9284793138504028,0.9904661774635315
25269,0.431884765625,0.4550062417984009,0.7318407297134399,0.827431857585907
25271,0.466064453125,0.5236067771911621,0.629499077796936,0.8753572702407837
25274,0.166259765625,0.23207348585128784,0.5307213068008423,0.6774115562438965
25275,0.110107421875,0.12845373153686523,1.0,0.9747428894042969
25276,0.0625,0.0625,1.0,1.0
25278,0.518798828125,0.582342267036438,0.6967307925224304,0.9118895530700684
25280,0.518798828125,0.5622832179069519,1.0,0.8781734108924866
25281,0.2044270783662796,0.272942453622818,0.5474918484687805,0.8499665260314941
25282,0.304931640625,0.371407151222229,1.0,0.9850161075592041
25284,0.2774251401424408,0.3140411376953125,1.0,1.0
25285,0.2774251401424408,0.3768671154975891,0.5188971757888794,0.7928327918052673
25286,0.091796875,0.1158294677734375,0.7653606534004211,0.9558295607566833
25287,0.110107421875,0.16667814552783966,0.5158474445343018,0.7863640189170837
25288,0.304931640625,0.36505645513534546,1.0,0.9749332070350647
25289,0.2774251401424408,0.3305441737174988,0.8435737490653992,0.9195101261138916
25290,0.304931640625,0.3665643334388733,1.0,0.8925104737281799
25291,0.260498046875,0.3258606195449829,0.8026120662689209,0.8030429482460022
25292,0.518798828125,0.5327240228652954,1.0,0.9887484908103943
25293,0.03125,0.14962202310562134,0.09869397431612015,0.6116782426834106
25294,0.2774251401424408,0.3317316770553589,0.8435737490653992,0.9527539014816284
25295,0.03125,0.03125,0.6309297680854797,0.6309297680854797
25296,0.304931640625,0.3709382712841034,1.0,0.9946876764297485
25297,0.943115234375,0.9437103271484375,0.9849443435668945,0.9828492999076843
25298,0.260498046875,0.30000364780426025,0.8026120662689209,0.9440456032752991
25299,0.2774251401424408,0.3140411674976349,1.0,1.0
25300,0.091796875,0.091796875,1.0,1.0
25301,0.466064453125,0.4932160973548889,1.0,1.0
25303,0.1875,0.27684658765792847,0.4692787230014801,0.8527401685714722
25305,0.939453125,0.9453537464141846,0.8498401045799255,0.9178133606910706
25306,0.197998046875,0.2885362505912781,0.34009110927581787,0.576127827167511
25307,0.943115234375,0.9475005865097046,0.9313938021659851,0.9598119258880615
25308,0.968017578125,0.9680760502815247,1.0,0.9929165244102478
25309,0.580322265625,0.6150574684143066,0.86592036485672,0.9567247629165649
25310,0.260498046875,0.3208272457122803,0.8026120662689209,0.9209216237068176
25311,0.23828125,0.30484628677368164,0.43299248814582825,0.7038064002990723
25312,0.956298828125,0.9588302969932556,1.0,0.9926660656929016
25313,0.2774251401424408,0.2774251401424408,1.0,1.0
25314,0.518798828125,0.5791633129119873,0.6967307925224304,0.9032415151596069
25315,0.939453125,0.9410225749015808,0.8987017273902893,0.9561967849731445
25316,0.946533203125,0.9486284255981445,1.0,0.9956333041191101
25317,0.951904296875,0.956579327583313,0.8690900206565857,0.9797650575637817
25318,0.091796875,0.1158294677734375,0.7653606534004211,0.9558295607566833
25319,0.560546875,0.6130733489990234,0.7653606534004211,0.9472970366477966
25320,0.166259765625,0.21607503294944763,0.5307213068008423,0.7809807658195496
25321,0.2044270783662796,0.2633412480354309,0.5474918484687805,0.872370183467865
25322,0.518798828125,0.5283249616622925,1.0,0.985412061214447
25323,0.110107421875,0.12298202514648438,1.0,1.0
25324,0.08984375,0.11768480390310287,0.3951442539691925,0.5105593800544739
25325,0.260498046875,0.3153488337993622,0.8026120662689209,0.9344261288642883
25326,0.1875,0.2255859375,0.6131471991539001,0.8772153258323669
25327,0.323974609375,0.38264286518096924,0.5520787835121155,0.7818810939788818
25328,0.967041015625,0.967282235622406,1.0,0.9848436117172241
25329,0.946533203125,0.9515557289123535,1.0,0.9933271408081055
25330,0.110107421875,0.110107421875,1.0,1.0
25331,0.228759765625,0.26438742876052856,1.0,1.0
25332,0.556884765625,0.5689353942871094,0.9594535827636719,0.963140606880188
25333,0.228759765625,0.2832396626472473,0.7660098671913147,0.8991265892982483
25334,0.953369140625,0.9555023908615112,1.0,0.9963329434394836
25335,0.23828125,0.3087141513824463,0.7039180994033813,0.9092902541160583
25336,0.946533203125,0.9514259099960327,1.0,1.0
25337,0.09375,0.09375,0.6309297680854797,0.6309297680854797
25338,0.9375,0.9445556402206421,0.7531440854072571,0.8995741009712219
25339,0.962158203125,0.9624754190444946,0.9625431895256042,0.9655802249908447
25340,0.02083333395421505,0.02083333395421505,0.5,0.5
25341,0.951904296875,0.9537281394004822,0.9521908760070801,0.9330494999885559
25342,0.260498046875,0.2913753390312195,0.9514426589012146,0.9637078642845154
25344,0.166259765625,0.2039841115474701,0.8213136792182922,0.8749046325683594
25345,0.1875,0.2001953125,0.8262346386909485,0.9448479413986206
25346,0.304931640625,0.37751761078834534,1.0,1.0
25347,0.0625,0.0625,1.0,1.0
25348,0.02083333395421505,0.02083333395421505,0.5,0.5
25349,0.110107421875,0.14623677730560303,0.5158474445343018,0.7289043068885803
25350,0.03125,0.041015625,0.38685283064842224,0.6052602529525757
25351,0.499755859375,0.5275915861129761,0.9037794470787048,0.9880130887031555
25352,0.580322265625,0.6122663617134094,1.0,0.9984548687934875
25354,0.300537109375,0.35377728939056396,0.6655102372169495,0.8149304389953613
25355,0.4375,0.4375,1.0,1.0
25356,0.261474609375,0.2886345386505127,0.6151177287101746,0.6963922381401062
25357,0.946533203125,0.9493712782859802,1.0,0.9883837699890137
25358,0.091796875,0.1158294677734375,0.7653606534004211,0.9558295607566833
25359,0.146728515625,0.22340773046016693,0.48975956439971924,0.8052319884300232
25360,0.304931640625,0.3585476875305176,1.0,0.986483097076416
25361,0.166259765625,0.23630665242671967,0.5307213068008423,0.8011787533760071
25362,0.0,0.0585697740316391,0.0,0.47652873396873474
25363,0.3599446713924408,0.40433329343795776,0.6497723460197449,0.8070012331008911
25364,0.091796875,0.091796875,1.0,1.0
25365,0.08203125,0.13402047753334045,0.3631143569946289,0.6914309859275818
25366,0.3599446713924408,0.37009844183921814,0.8075588941574097,0.8215928673744202
25367,0.0,0.02697405219078064,0.0,0.4792350232601166
25368,0.03125,0.0396205373108387,0.38685283064842224,0.5912352204322815
25369,0.12109375,0.19278812408447266,0.3910655975341797,0.7133089303970337
25370,0.110107421875,0.13491976261138916,1.0,0.970543622970581
25371,0.304931640625,0.3546351492404938,1.0,0.9791005253791809
25374,0.16796875,0.2366345226764679,0.3198178708553314,0.6256036162376404
25375,0.374755859375,0.4371563792228699,0.6128985285758972,0.8394920229911804
25376,0.1458333432674408,0.1711018979549408,0.37262624502182007,0.5322484970092773
25377,0.14453125,0.18134722113609314,0.5307213068008423,0.6730064749717712
25378,0.431884765625,0.4808292090892792,0.7318407297134399,0.8914104700088501
25379,0.05078125,0.08286046981811523,0.5307212471961975,0.7816511392593384
25380,0.943115234375,0.9480352401733398,0.9313938021659851,0.9711250066757202
25381,0.518798828125,0.5639393925666809,0.8046129941940308,0.9112675786018372
25382,0.2774251401424408,0.34102460741996765,0.8435737490653992,0.9698387384414673
25383,0.0,0.015625,0.0,0.43067657947540283
25385,0.260498046875,0.2734147310256958,0.9514426589012146,0.9421603679656982
25386,0.518798828125,0.5376558303833008,1.0,0.9927393198013306
25387,0.953369140625,0.9565780758857727,1.0,1.0
25388,0.110107421875,0.1581810712814331,0.5158474445343018,0.7620599269866943
25389,0.1875,0.232122540473938,0.7262287139892578,0.8191813230514526
25390,0.228759765625,0.3156883418560028,0.6461858153343201,0.8482105135917664
25391,0.05078125,0.0586286261677742,0.5307212471961975,0.6871475577354431
25392,0.1106770858168602,0.1553802788257599,0.4437016248703003,0.6122812628746033
25393,0.2044270783662796,0.2044270783662796,0.963940441608429,0.963940441608429
25394,0.25390625,0.3351452350616455,0.39664164185523987,0.7448467016220093
25395,0.953369140625,0.9561251401901245,1.0,0.9982059001922607
25396,0.304931640625,0.37751761078834534,1.0,1.0
25397,0.2044270783662796,0.26275351643562317,0.6490147709846497,0.8962339162826538
25398,0.304931640625,0.3653188943862915,1.0,0.992743730545044
25399,0.228759765625,0.2600777745246887,1.0,1.0
25400,0.166259765625,0.1988620162010193,0.6291344165802002,0.7787083387374878
25401,0.110107421875,0.15885654091835022,1.0,1.0
25402,0.2774251401424408,0.335599809885025,0.8435737490653992,0.8905438184738159
25403,0.263671875,0.31473082304000854,0.7653606534004211,0.9558296203613281
25404,0.0625,0.0625,1.0,1.0
25405,0.166259765625,0.19459235668182373,0.8213136792182922,0.8564156889915466
25406,0.9507649540901184,0.9554367661476135,0.8898733854293823,0.9701244831085205
25407,0.260498046875,0.3213757276535034,0.8026120662689209,0.9266967177391052
25408,0.166259765625,0.23964378237724304,0.5307213068008423,0.8272066116333008
25409,0.0,0.0897216796875,0.0,0.5193011164665222
25410,0.5694172978401184,0.5780276656150818,0.4993056654930115,0.7246931791305542
25411,0.959228515625,0.9597271680831909,0.8722942471504211,0.9296758770942688
25412,0.967041015625,0.9676325917243958,0.9284793138504028,0.9877429008483887
25413,0.110107421875,0.16475296020507812,0.5158474445343018,0.7466005086898804
25414,0.228759765625,0.3295876681804657,0.3974803686141968,0.711922287940979
25415,0.197998046875,0.2550260126590729,0.6871474981307983,0.8308725357055664
25416,0.1875,0.2826452851295471,0.4692787230014801,0.8484606742858887
25417,0.518798828125,0.553626537322998,1.0,0.9739097356796265
25418,0.1875,0.1875,1.0,1.0
25419,0.110107421875,0.15885654091835022,1.0,1.0
25420,0.431884765625,0.47852981090545654,0.7318407297134399,0.8905477523803711
25421,0.228759765625,0.2600777745246887,1.0,1.0
25422,0.110107421875,0.20313550531864166,0.3333333134651184,0.7615907192230225
25423,0.14453125,0.1625823974609375,0.6291344165802002,0.7229918837547302
25424,0.9507649540901184,0.9545137286186218,0.974961519241333,0.9801406264305115
25425,0.556884765625,0.5759757161140442,0.9594535827636719,0.9474058747291565
25426,0.02083333395421505,0.02083333395421505,0.5,0.5
25427,0.9668782353401184,0.9670118689537048,1.0,1.0
25428,0.3599446713924408,0.4101964831352234,0.8075588941574097,0.886561393737793
25429,0.9375,0.9375,1.0,1.0
25430,0.166259765625,0.2326432317495346,0.5307213068008423,0.6957221031188965
25431,0.2774251401424408,0.3297888934612274,0.8435737490653992,0.9842544794082642
25432,0.531982421875,0.5752867460250854,0.7462155222892761,0.9159922003746033
25433,0.953369140625,0.9547942280769348,1.0,1.0
25434,0.110107421875,0.17320090532302856,0.5158474445343018,0.808742105960846
25435,0.166259765625,0.2165566384792328,0.6291344165802002,0.7911531329154968
25436,0.23828125,0.2615128755569458,0.8344475626945496,0.9099150896072388
25437,0.02083333395421505,0.09210167825222015,0.09271639585494995,0.5485547184944153
25438,0.2774251401424408,0.3303983509540558,0.8435737490653992,0.927556574344635
25439,0.25390625,0.25390625,0.6653152108192444,0.6653152108192444
25440,0.946533203125,0.951350212097168,0.8793432712554932,0.9560175538063049
25442,0.23828125,0.2718048095703125,0.7039180994033813,0.8926893472671509
25443,0.393798828125,0.4359666109085083,0.8579513430595398,0.831056535243988
25444,0.3599446713924408,0.37009844183921814,0.8075588941574097,0.8215928673744202
25445,0.304931640625,0.3650248646736145,1.0,0.987617552280426
25446,0.393798828125,0.4588830769062042,0.5977610945701599,0.8434662818908691
25447,0.567138671875,0.5939611792564392,0.9225797057151794,0.9757647514343262
25448,0.9375,0.9417803883552551,0.8155369758605957,0.9151730537414551
25449,0.228759765625,0.2679787874221802,1.0,1.0
25450,0.0625,0.07421875,0.6131471991539001,0.8503448963165283
25451,0.228759765625,0.2995259761810303,0.6461858153343201,0.874643862247467
25453,0.146728515625,0.20793741941452026,0.48975956439971924,0.7830853462219238
25454,0.393798828125,0.4338332414627075,0.690318763256073,0.8270959854125977
25455,0.5694173574447632,0.5754317045211792,0.7048385143280029,0.7973604798316956
25456,0.278564453125,0.30024614930152893,0.7276545763015747,0.7702405452728271
25457,0.374755859375,0.4083297848701477,0.7617307901382446,0.8670425415039062
25458,0.267578125,0.2863137423992157,0.5766665935516357,0.68944251537323
25459,0.556884765625,0.5699396133422852,0.9594535827636719,0.958112359046936
25460,0.580322265625,0.613562822341919,0.86592036485672,0.9554527997970581
25461,0.304931640625,0.3680685758590698,1.0,0.9858860969543457
25462,0.197998046875,0.2404889464378357,0.6871474981307983,0.7662825584411621
25463,0.9668782353401184,0.967296838760376,0.892719030380249,0.9622204899787903
25464,0.967041015625,0.9676182270050049,0.8122885227203369,0.9531118273735046
25465,0.499755859375,0.5193829536437988,0.9037794470787048,0.9627652764320374
25466,0.02083333395421505,0.0512346550822258,0.12103812396526337,0.43598657846450806
25467,0.304931640625,0.3753248453140259,1.0,0.9981665015220642
25468,0.146728515625,0.23267057538032532,0.48975956439971924,0.7605814337730408
25469,0.304931640625,0.34311333298683167,1.0,0.9763561487197876
25470,0.197998046875,0.26767563819885254,0.6871474981307983,0.866056501865387
25471,0.490234375,0.5078321099281311,0.8556691408157349,0.9511504173278809
25472,0.09375,0.12421874701976776,0.38685283064842224,0.6240505576133728
25473,0.9375,0.9386742115020752,0.9298905730247498,0.9726371169090271
25474,0.560546875,0.5729796886444092,0.8838695287704468,0.9190788269042969
25475,0.150390625,0.25073182582855225,0.2783457934856415,0.5369960069656372
25477,0.9507649540901184,0.9538499116897583,0.974961519241333,0.9775691032409668
25478,0.9388020634651184,0.9388020634651184,0.9916236400604248,0.9916236400604248
25479,0.110107421875,0.110107421875,1.0,1.0
25480,0.580322265625,0.6151120066642761,1.0,1.0
25481,0.166259765625,0.2362831085920334,0.5307213068008423,0.8397271037101746
25483,0.518798828125,0.5838941335678101,0.6967307925224304,0.8666170239448547
25484,0.393798828125,0.44225162267684937,0.8579513430595398,0.8804804682731628
25485,0.166259765625,0.20995306968688965,0.6291344165802002,0.8133895993232727
25486,0.228759765625,0.3056502342224121,0.6461858153343201,0.9111239910125732
25487,0.304931640625,0.35010552406311035,1.0,1.0
25488,0.633056640625,0.6351686120033264,0.7837249636650085,0.8013314008712769
25489,0.146728515625,0.1931302845478058,0.58057701587677,0.7791749835014343
25490,0.606689453125,0.6323715448379517,0.6509066820144653,0.7690289616584778
25491,0.02083333395421505,0.02083333395421505,0.5,0.5
25492,0.488037109375,0.5414101481437683,0.8785831332206726,0.9545204639434814
25493,0.197998046875,0.2319878786802292,0.8145672082901001,0.8669568300247192
25494,0.4375,0.443359375,0.9173194169998169,0.9639987945556641
25495,0.9388020634651184,0.9388020634651184,0.9916236400604248,0.9916236400604248
25496,0.091796875,0.12272657454013824,0.7653606534004211,0.9434733390808105
25497,0.466064453125,0.5218813419342041,0.7823625802993774,0.9253242015838623
25498,0.499755859375,0.5417698621749878,0.9037794470787048,0.9830841422080994
25499,0.260498046875,0.2774209976196289,0.9514426589012146,0.957834780216217
25500,0.703369140625,0.7065780758857727,0.8588406443595886,0.8839298486709595
25501,0.110107421875,0.12137269973754883,1.0,0.9277589917182922
25502,0.304931640625,0.3658406734466553,1.0,0.9355385899543762
25503,0.228759765625,0.26714080572128296,1.0,0.9517899751663208
25504,0.304931640625,0.3929193615913391,0.4285714626312256,0.7581297755241394
25505,0.943115234375,0.9511190056800842,0.819014847278595,0.9251939654350281
25506,0.197998046875,0.23191949725151062,0.6871474981307983,0.8298313021659851
25507,0.567138671875,0.6118338108062744,0.7988805174827576,0.9054857492446899
25508,0.518798828125,0.582966148853302,0.6967307925224304,0.9001254439353943
25509,0.606689453125,0.6359556317329407,1.0,0.9011040329933167
25510,0.499755859375,0.553877055644989,0.7271926999092102,0.9348526000976562
25511,0.0,0.14632250368595123,0.0,0.5369500517845154
25512,0.05078125,0.08932650834321976,0.5307212471961975,0.7982650399208069
25513,0.2774251401424408,0.34512069821357727,0.8435737490653992,0.9030309915542603
25514,0.197998046875,0.3031652867794037,0.29449179768562317,0.6858752369880676
25515,0.304931640625,0.3746241629123688,1.0,1.0
25516,0.9444172978401184,0.9473671317100525,0.9456308484077454,0.9817430377006531
25517,0.110107421875,0.1771513819694519,0.3951442539691925,0.7459967732429504
25518,0.304931640625,0.3547396659851074,1.0,0.8450945019721985
25519,0.110107421875,0.110107421875,1.0,1.0
25522,0.228759765625,0.31912246346473694,0.3974803686141968,0.7006962299346924
25523,0.146728515625,0.20393656194210052,0.48975956439971924,0.7752188444137573
25524,0.02083333395421505,0.05505117028951645,0.23463936150074005,0.6533933281898499
25525,0.110107421875,0.17103008925914764,0.3951442539691925,0.7271279692649841
25526,0.967041015625,0.9674085974693298,0.9284793138504028,0.9711623787879944
25527,0.304931640625,0.34486597776412964,1.0,0.9845927953720093
25528,0.08203125,0.1266632080078125,0.3631143569946289,0.6776637434959412
25529,0.9507649540901184,0.9556383490562439,0.8898733854293823,0.9734362363815308
25530,0.08203125,0.09576416015625,0.7039180994033813,0.9060254693031311
25531,0.466064453125,0.5093411207199097,0.7823625802993774,0.914871096611023
25532,0.951171875,0.9572878479957581,0.8472716808319092,0.931506335735321
25533,0.304931640625,0.373099148273468,1.0,1.0
25534,0.08203125,0.1340303272008896,0.7039180994033813,0.8611376285552979
25535,0.197998046875,0.2626972198486328,0.6871474981307983,0.802829384803772
25536,0.580322265625,0.6172799468040466,0.86592036485672,0.846385657787323
25537,0.166259765625,0.2547626495361328,0.5307213068008423,0.8339543342590332
25538,0.706298828125,0.7095988392829895,0.871160089969635,0.9047865271568298
25539,0.466064453125,0.466064453125,1.0,1.0
25540,0.466064453125,0.5043020248413086,0.7823625802993774,0.9440870881080627
25541,0.146728515625,0.2336570918560028,0.48975956439971924,0.724909245967865
25542,0.606689453125,0.6349914073944092,1.0,1.0
25543,0.47265625,0.4851531982421875,0.904949426651001,0.9484971165657043
25544,0.344482421875,0.36840686202049255,0.690318763256073,0.7648573517799377
25545,0.968017578125,0.9680572152137756,1.0,0.9821677803993225
25546,0.05078125,0.09463068097829819,0.5307212471961975,0.8118374347686768
25547,0.940673828125,0.951262891292572,0.6461690664291382,0.8611028790473938
25548,0.110107421875,0.152557834982872,1.0,0.9216017723083496
25549,0.466064453125,0.4995096027851105,0.8656565546989441,0.9420833587646484
25550,0.05078125,0.0691244900226593,0.5307212471961975,0.7226386666297913
25551,0.44921875,0.5179281234741211,0.5027986764907837,0.8181527256965637
25552,0.606689453125,0.6409246325492859,1.0,0.9867156744003296
25553,0.304931640625,0.36471623182296753,1.0,0.8731869459152222
25554,0.14453125,0.21885401010513306,0.5307213068008423,0.7951318025588989
25555,0.263671875,0.27269744873046875,0.7653606534004211,0.7624239325523376
25556,0.23828125,0.26922607421875,0.7039180994033813,0.9060254693031311
25557,0.08203125,0.1340303272008896,0.7039180994033813,0.919646143913269
25558,0.228759765625,0.2854745388031006,0.6461858153343201,0.8995415568351746
25559,0.110107421875,0.12975460290908813,1.0,0.9391664862632751
25562,0.968017578125,0.9680505990982056,1.0,1.0
25563,0.304931640625,0.3651536703109741,1.0,0.8685693740844727
25564,0.304931640625,0.3698844313621521,1.0,0.9909259676933289
25565,0.2774251401424408,0.33623671531677246,0.8435737490653992,0.8631883263587952
25566,0.304931640625,0.37532487511634827,1.0,0.9981665015220642
25567,0.146728515625,0.2167518436908722,0.48975956439971924,0.8089792132377625
25568,0.14453125,0.18218079209327698,0.5307213068008423,0.7432692050933838
25569,0.304931640625,0.36120426654815674,1.0,0.8268994688987732
25570,0.518798828125,0.518798828125,1.0,1.0
25571,0.304931640625,0.37558865547180176,1.0,0.9575862288475037
25572,0.0625,0.0820661261677742,0.4692787230014801,0.807246744632721
25573,0.267578125,0.29229736328125,0.5766665935516357,0.7142220735549927
25574,0.091796875,0.10552978515625,0.7653606534004211,0.9674680233001709
25575,0.365234375,0.365234375,0.8339911699295044,0.8339911699295044
25576,0.150390625,0.20871704816818237,0.5364180207252502,0.8082305788993835
25577,0.110107421875,0.15885654091835022,0.5158474445343018,0.6943559050559998
25578,0.146728515625,0.17804653942584991,0.7579237222671509,0.77904212474823
25579,0.110107421875,0.14173802733421326,1.0,0.8954707384109497
25580,0.304931640625,0.3601931631565094,0.6151177287101746,0.7856569886207581
25581,0.263671875,0.3218139111995697,0.7653606534004211,0.9485394358634949
25582,0.110107421875,0.22214294970035553,0.20503923296928406,0.6358295679092407
25583,0.091796875,0.091796875,1.0,1.0
25584,0.304931640625,0.37066736817359924,1.0,1.0
25585,0.110107421875,0.15885654091835022,1.0,1.0
25586,0.197998046875,0.2550077438354492,0.6871474981307983,0.8395923972129822
25587,0.304931640625,0.3676678240299225,1.0,0.9791025519371033
25588,0.304931640625,0.34486597776412964,1.0,0.9845927953720093
25589,0.260498046875,0.3027659058570862,0.8026120662689209,0.768841028213501
25590,0.499755859375,0.5333778858184814,0.9037794470787048,0.9631196856498718
25591,0.959228515625,0.9594346880912781,0.9394869804382324,0.9438852071762085
25592,0.166259765625,0.20188742876052856,0.8213136792182922,0.8760149478912354
25594,0.110107421875,0.14022395014762878,1.0,0.9683310389518738
25596,0.518798828125,0.564940333366394,1.0,0.9982136487960815
25597,0.260498046875,0.32409751415252686,0.8026120662689209,0.9423754811286926
25598,0.091796875,0.20100753009319305,0.255120187997818,0.748264729976654
25599,0.518798828125,0.5379298329353333,1.0,0.972183108329773
25600,0.567138671875,0.6195327639579773,0.7988805174827576,0.8383073806762695
25602,0.940673828125,0.947775661945343,0.8770246505737305,0.9530887007713318
25603,0.393798828125,0.4437621235847473,0.690318763256073,0.8537282347679138
25604,0.304931640625,0.36518868803977966,1.0,1.0
25606,0.146728515625,0.2100178748369217,0.48975956439971924,0.788950502872467
25607,0.2774251401424408,0.33030062913894653,0.8435737490653992,0.9501103162765503
25608,0.940673828125,0.9495491981506348,0.7038999795913696,0.9061617255210876
25609,0.567138671875,0.6066209673881531,0.7988805174827576,0.9268594980239868
25610,0.166259765625,0.2257872223854065,0.5307213068008423,0.8062444925308228
25611,0.9444172978401184,0.9500360488891602,0.8315341472625732,0.9191402792930603
25613,0.3599446713924408,0.3877519369125366,0.8075588941574097,0.8346017599105835
25615,0.197998046875,0.2527216076850891,0.6871474981307983,0.8533507585525513
25616,0.110107421875,0.17145399749279022,0.3951442539691925,0.6733749508857727
25617,0.110107421875,0.15836742520332336,0.5158474445343018,0.7635095715522766
25618,0.304931640625,0.33525997400283813,1.0,0.9609247446060181
25619,0.08203125,0.1302037239074707,0.3631143569946289,0.6842838525772095
25620,0.499755859375,0.5779236555099487,0.629690945148468,0.9202355146408081
25621,0.374755859375,0.4268566370010376,0.6128985285758972,0.8084976673126221
25622,0.518798828125,0.5839194059371948,0.6967307925224304,0.9355067610740662
25623,0.304931640625,0.3621583580970764,1.0,1.0
25624,0.499755859375,0.560820460319519,0.7271926999092102,0.908596932888031
25625,0.580322265625,0.6124609112739563,1.0,1.0
25626,0.953369140625,0.9570620656013489,1.0,0.9967894554138184
25627,0.304931640625,0.37461990118026733,0.6151177287101746,0.7604843974113464
25628,0.12109375,0.13299560546875,0.605190634727478,0.7094471454620361
25629,0.09375,0.09375,0.6309297680854797,0.6309297680854797
25630,0.0625,0.1562551110982895,0.15642623603343964,0.6476781368255615
25631,0.518798828125,0.5648203492164612,0.6967307925224304,0.760886013507843
25632,0.9444172978401184,0.946792483329773,1.0,1.0
25633,0.946533203125,0.9515246748924255,1.0,1.0
25634,0.431884765625,0.4642163813114166,0.8451594114303589,0.891810953617096
25635,0.2774251401424408,0.3184700012207031,0.8435737490653992,0.9566633701324463
25636,0.943115234375,0.9492701292037964,0.9313938021659851,0.969393789768219
25637,0.580322265625,0.5968511700630188,1.0,0.9930967092514038
25638,0.146728515625,0.2076345682144165,0.48975956439971924,0.7793292999267578
25639,0.0625,0.26714104413986206,0.043636664748191833,0.5516666769981384
25640,0.946533203125,0.9507973194122314,0.8793432712554932,0.9424293637275696
25642,0.23828125,0.2938075065612793,0.7039180994033813,0.8748551607131958
25643,0.946533203125,0.949418306350708,1.0,0.9984439611434937
25645,0.946533203125,0.9511683583259583,1.0,1.0
25646,0.110107421875,0.16778317093849182,0.5158474445343018,0.7907759547233582
25647,0.518798828125,0.5643258690834045,1.0,0.9918370246887207
25648,0.556884765625,0.5965760946273804,0.8308104276657104,0.914413332939148
25649,0.2774251401424408,0.3229331374168396,0.8435737490653992,0.9353987574577332
25650,0.091796875,0.091796875,1.0,1.0
25651,0.304931640625,0.3585476875305176,1.0,0.986483097076416
25652,0.946533203125,0.951589822769165,1.0,1.0
25653,0.12109375,0.16970384120941162,0.3910655975341797,0.6883413791656494
25654,0.304931640625,0.35271763801574707,1.0,0.975770115852356
25656,0.228759765625,0.2446599006652832,1.0,0.9849510788917542
25657,0.08984375,0.13371708989143372,0.3333333134651184,0.6241862177848816
25659,0.146728515625,0.21972931921482086,0.48975956439971924,0.7923389077186584
25660,0.2774251401424408,0.32742130756378174,0.8435737490653992,0.9496821761131287
25661,0.2044270783662796,0.2329915314912796,0.6490147709846497,0.8642204403877258
25662,0.556884765625,0.5844711065292358,0.9594535827636719,0.9254807233810425
25663,0.946533203125,0.9508495926856995,1.0,0.9953184127807617
25664,0.304931640625,0.34289342164993286,1.0,0.9841177463531494
25665,0.956298828125,0.9588366150856018,1.0,0.9871574640274048
25666,0.488037109375,0.5345335602760315,0.7069194316864014,0.824901819229126
25667,0.228759765625,0.2679787874221802,1.0,0.9558244943618774
25668,0.110107421875,0.16363760828971863,0.5158474445343018,0.7853499054908752
25669,0.146728515625,0.19097545742988586,0.58057701587677,0.7739630937576294
25670,0.263671875,0.30052897334098816,0.7653606534004211,0.8488404750823975
25672,0.466064453125,0.5364384651184082,0.5450960993766785,0.8436649441719055
25673,0.956298828125,0.9610899686813354,0.8195018768310547,0.9549591541290283
25674,0.166259765625,0.21270394325256348,0.6291344165802002,0.8170714974403381
25675,0.518798828125,0.5607234835624695,1.0,0.9876371026039124
25677,0.110107421875,0.1512162685394287,1.0,1.0
25678,0.304931640625,0.3643154501914978,1.0,0.927225649356842
25679,0.08203125,0.09576416015625,0.7039180994033813,0.9060254693031311
25680,0.110107421875,0.1512162685394287,1.0,1.0
25681,0.518798828125,0.5562289357185364,1.0,0.9967890381813049
25682,0.08203125,0.1340303272008896,0.7039180994033813,0.919646143913269
25683,0.560546875,0.6070572137832642,0.7653606534004211,0.8232066035270691
25684,0.110107421875,0.13263797760009766,1.0,1.0
25685,0.2044270783662796,0.2044270783662796,0.963940441608429,0.963940441608429
25686,0.110107421875,0.15066374838352203,1.0,0.9963488578796387
25687,0.146728515625,0.19042181968688965,0.58057701587677,0.775438129901886
25689,0.0625,0.0625,1.0,1.0
25690,0.05078125,0.0748138427734375,0.5307212471961975,0.7606395483016968
25691,0.606689453125,0.6392685770988464,1.0,0.9782831072807312
25692,0.374755859375,0.4200068712234497,0.7617307901382446,0.8675593733787537
25693,0.304931640625,0.3548678457736969,1.0,0.9896014332771301
25694,0.953369140625,0.9567221999168396,1.0,0.9986283779144287
25695,0.0625,0.0625,1.0,1.0
25696,0.228759765625,0.31141501665115356,0.6461858153343201,0.9103812575340271
25697,0.304931640625,0.37751761078834534,1.0,1.0
25698,0.466064453125,0.49531394243240356,0.8656565546989441,0.8931118249893188
25699,0.228759765625,0.24828624725341797,1.0,1.0
25700,0.228759765625,0.3134411573410034,0.6461858153343201,0.9130389094352722
25701,0.228759765625,0.2600777745246887,1.0,1.0
25702,0.110107421875,0.15885654091835022,1.0,1.0
25703,0.260498046875,0.30969515442848206,0.8026120662689209,0.9137594699859619
25704,0.110107421875,0.20449194312095642,0.3333333134651184,0.7633293867111206
25705,0.091796875,0.091796875,1.0,1.0
25706,0.304931640625,0.3397778272628784,1.0,1.0
25707,0.606689453125,0.634282648563385,1.0,0.9683719873428345
25708,0.946533203125,0.950575590133667,1.0,1.0
25709,0.953369140625,0.9556574821472168,1.0,0.9938093423843384
25710,0.05078125,0.08932650834321976,0.5307212471961975,0.7982650399208069
25711,0.304931640625,0.3431977331638336,1.0,1.0
25712,0.260498046875,0.2992047071456909,0.8026120662689209,0.9312226176261902
25713,0.956298828125,0.9592401385307312,1.0,0.9715562462806702
25714,0.956298828125,0.958489179611206,1.0,0.9983469843864441
25715,0.228759765625,0.295884370803833,0.6461858153343201,0.9126020073890686
25716,0.110107421875,0.159866064786911,0.5158474445343018,0.7684544324874878
25717,0.304931640625,0.37558865547180176,1.0,0.9575862288475037
25718,0.091796875,0.091796875,1.0,1.0
25719,0.1875,0.21257536113262177,0.7262287139892578,0.8943065404891968
25720,0.943115234375,0.9486621618270874,0.9313938021659851,0.9590174555778503
25721,0.08203125,0.08203125,0.9197208285331726,0.9197208285331726
25722,0.518798828125,0.5605152249336243,1.0,1.0
25723,0.08984375,0.13818973302841187,0.3951442539691925,0.6681140065193176
25725,0.304931640625,0.3635978698730469,0.6151177287101746,0.8051066398620605
25726,0.703369140625,0.7083190083503723,0.7838867902755737,0.8814542293548584
25727,0.2774251401424408,0.3135337829589844,0.8435737490653992,0.9567705988883972
25728,0.110107421875,0.18137162923812866,0.3333333134651184,0.7118356823921204
25729,0.0,0.0062500000931322575,0.0,0.28906482458114624
25730,0.304931640625,0.304931640625,1.0,1.0
25731,0.03125,0.03125,0.6309297680854797,0.6309297680854797
25732,0.110107421875,0.17164243757724762,0.5158474445343018,0.8039339184761047
25733,0.304931640625,0.3717467784881592,1.0,0.9069212675094604
25734,0.23828125,0.32974013686180115,0.43299248814582825,0.7147557735443115
25736,0.946533203125,0.9489742517471313,1.0,1.0
25737,0.946533203125,0.9486284255981445,1.0,0.9956333041191101
25738,0.9444172978401184,0.9490122199058533,0.8315341472625732,0.9209513664245605
25739,0.219970703125,0.25060319900512695,0.5462626218795776,0.6762527823448181
25740,0.518798828125,0.5332661867141724,1.0,0.9927878975868225
25741,0.943115234375,0.9488703608512878,0.819014847278595,0.9174338579177856
25742,0.953369140625,0.9552662968635559,1.0,0.9936891198158264
25743,0.967041015625,0.9672865271568298,1.0,0.9858055710792542
25745,0.9444172978401184,0.9478136897087097,0.9456308484077454,0.9930327534675598
25746,0.03125,0.03125,0.6309297680854797,0.6309297680854797
25748,0.304931640625,0.3530694544315338,1.0,1.0
25750,0.228759765625,0.2694864273071289,0.7660098671913147,0.9355095028877258
25751,0.08984375,0.13167738914489746,0.5158474445343018,0.7146250009536743
25752,0.304931640625,0.383754163980484,0.49493172764778137,0.7396793961524963
25753,0.304931640625,0.3720511198043823,1.0,0.9489243626594543
25754,0.150390625,0.22044086456298828,0.4525081515312195,0.7659944295883179
25755,0.197998046875,0.24152016639709473,0.6871474981307983,0.850730836391449
25756,0.09375,0.09375,0.6309297680854797,0.6309297680854797
25757,0.14453125,0.20012986660003662,0.5307213068008423,0.7683147192001343
25758,0.110107421875,0.1462436020374298,1.0,1.0
25759,0.228759765625,0.2795933783054352,0.6461858153343201,0.888408362865448
25760,0.110107421875,0.16267706453800201,0.5158474445343018,0.7760408520698547
25762,0.967041015625,0.9672471880912781,1.0,1.0
25763,0.556884765625,0.5933148860931396,0.8308104276657104,0.9432451725006104
25764,0.3599446713924408,0.38740047812461853,0.8075588941574097,0.8333216309547424
25765,0.518798828125,0.5650508403778076,0.8046129941940308,0.9185901880264282
25766,0.110107421875,0.13263797760009766,1.0,1.0
25767,0.940673828125,0.9448967576026917,0.8770246505737305,0.9545633792877197
25768,0.9388020634651184,0.9397175908088684,0.9608869552612305,0.987585723400116
25769,0.943359375,0.94415283203125,0.97125244140625,0.9960142970085144
25770,0.304931640625,0.3746241629123688,1.0,1.0
25771,0.943359375,0.9532263278961182,0.6506248712539673,0.8602288961410522
25772,0.706298828125,0.7085251808166504,0.871160089969635,0.8906775712966919
25773,0.02083333395421505,0.02083333395421505,0.5,0.5
25774,0.943359375,0.9452128410339355,0.97125244140625,0.9921037554740906
25775,0.228759765625,0.2600777745246887,1.0,1.0
25776,0.940673828125,0.9538170099258423,0.6212818622589111,0.8827873468399048
25777,0.260498046875,0.32643023133277893,0.8026120662689209,0.9186089634895325
25778,0.166259765625,0.1821599006652832,0.8213136792182922,0.8357853293418884
25779,0.953369140625,0.9586970806121826,0.912726640701294,0.9702243208885193
25780,0.9444172978401184,0.9508599042892456,0.9456308484077454,0.9609842300415039
25781,0.499755859375,0.5481718182563782,0.629690945148468,0.7421478033065796
25782,0.490234375,0.5432591438293457,0.6884825229644775,0.8656070232391357
25783,0.110107421875,0.1462436020374298,1.0,1.0
25784,0.488037109375,0.5105390548706055,0.8785831332206726,0.9566176533699036
25785,0.110107421875,0.1543932408094406,1.0,0.9305687546730042
25786,0.110107421875,0.110107421875,1.0,1.0
25787,0.110107421875,0.1588565558195114,1.0,1.0
25788,0.166259765625,0.2277834415435791,0.5307213068008423,0.7196535468101501
25789,0.260498046875,0.33637645840644836,0.8026120662689209,0.9352585673332214
25790,0.146728515625,0.20196056365966797,0.48975956439971924,0.7743788361549377
25791,0.263671875,0.27398681640625,0.90728360414505,0.9871451258659363
25792,0.05078125,0.0748138427734375,0.5307212471961975,0.7606395483016968
25793,0.518798828125,0.5500730276107788,1.0,1.0
25794,0.091796875,0.091796875,1.0,1.0
25795,0.967041015625,0.967127799987793,1.0,1.0
25796,0.110107421875,0.17950287461280823,0.3951442539691925,0.7522584795951843
25797,0.518798828125,0.5421525239944458,1.0,0.9826078414916992
25798,0.0625,0.0625,1.0,1.0
25799,0.956298828125,0.9584617614746094,1.0,1.0
25800,0.0625,0.08655030280351639,0.4692787230014801,0.7827140688896179
25801,0.499755859375,0.5488991737365723,0.9037794470787048,0.92061448097229
25802,0.466064453125,0.4942598342895508,0.8656565546989441,0.960774302482605
25803,0.1875,0.23908887803554535,0.31939393281936646,0.593543291091919
25804,0.03125,0.0655159056186676,0.29608193039894104,0.686049222946167
25805,0.304931640625,0.3574824333190918,1.0,1.0
25806,0.110107421875,0.12298202514648438,1.0,1.0
25807,0.110107421875,0.110107421875,1.0,1.0
25808,0.166259765625,0.26935067772865295,0.32645606994628906,0.6945264339447021
25809,0.951904296875,0.9576972723007202,0.8690900206565857,0.9679833054542542
25810,0.556884765625,0.5920194983482361,0.8308104276657104,0.9475768804550171
25811,0.968017578125,0.9680752158164978,1.0,0.9989686012268066
25812,0.9375,0.9375,1.0,1.0
25813,0.304931640625,0.4330272972583771,0.34757038950920105,0.6965110301971436
25814,0.943115234375,0.9497352838516235,0.819014847278595,0.9446352124214172
25815,0.05078125,0.05078125,0.6934263706207275,0.6934263706207275
25816,0.304931640625,0.37462419271469116,1.0,1.0
25817,0.304931640625,0.304931640625,1.0,1.0
25819,0.110107421875,0.1512162685394287,1.0,1.0
25820,0.304931640625,0.3534645140171051,1.0,0.8895763158798218
25821,0.304931640625,0.3530694544315338,1.0,1.0
25822,0.499755859375,0.537046492099762,0.9037794470787048,0.9717763662338257
25823,0.2774251401424408,0.3434560000896454,0.8435737490653992,0.9708046913146973
25824,0.228759765625,0.32532867789268494,0.3974803686141968,0.7489224672317505
25825,0.212890625,0.2337188720703125,0.8789618015289307,0.9751957654953003
25826,0.3059895932674408,0.3454591929912567,0.625433623790741,0.7709148526191711
25827,0.110107421875,0.16691550612449646,0.5158474445343018,0.788594126701355
25828,0.518798828125,0.5299808979034424,1.0,0.991584062576294
25829,0.05078125,0.09905082732439041,0.5307212471961975,0.8232007026672363
25830,0.146728515625,0.24839338660240173,0.3012597858905792,0.6811025142669678
25831,0.05078125,0.08736873418092728,0.5307212471961975,0.7859362959861755
25832,0.166259765625,0.21361923217773438,0.6291344165802002,0.8178545832633972
25833,0.110107421875,0.1174643337726593,1.0,0.9619990587234497
25834,0.212890625,0.212890625,1.0,1.0
25835,0.951904296875,0.954007089138031,0.9521908760070801,0.9853408932685852
25836,0.304931640625,0.3585476875305176,1.0,0.986483097076416
25837,0.966796875,0.9672613143920898,0.8748388290405273,0.9775704741477966
25838,0.304931640625,0.36736926436424255,0.6151177287101746,0.8113522529602051
25839,0.9375,0.9375,1.0,1.0
25840,0.110107421875,0.1588565558195114,1.0,1.0
25841,0.943115234375,0.9486598372459412,0.819014847278595,0.9178661704063416
25842,0.260498046875,0.260498046875,0.9514426589012146,0.9514426589012146
25843,0.228759765625,0.284048467874527,0.6461858153343201,0.8996263146400452
25844,0.531982421875,0.5495321154594421,0.9340764880180359,0.9451761245727539
25845,0.304931640625,0.36104464530944824,1.0,0.9901472330093384
25846,0.05078125,0.06451416015625,0.5307212471961975,0.732828676700592
25847,0.2044270783662796,0.3238590657711029,0.3367719352245331,0.7421504855155945
25848,0.267578125,0.2943572998046875,0.5766665935516357,0.7133676409721375
25849,0.110107421875,0.1410064697265625,0.5158474445343018,0.7215633988380432
25850,0.946533203125,0.9506921172142029,1.0,0.9979436993598938
25851,0.706298828125,0.7072257995605469,0.871160089969635,0.878036379814148
25852,0.1106770858168602,0.17482933402061462,0.37429505586624146,0.721408486366272
25853,0.091796875,0.102783203125,0.7653606534004211,0.9469023942947388
25854,0.260498046875,0.3108159005641937,0.8026120662689209,0.8922733068466187
25855,0.228759765625,0.2548607587814331,1.0,0.9795652031898499
25856,0.1875,0.2335948944091797,0.5562983751296997,0.8425737619400024
25857,0.091796875,0.11937317252159119,0.7653606534004211,0.8887327313423157
25858,0.197998046875,0.2623575031757355,0.6871474981307983,0.8231590390205383
25859,0.260498046875,0.31262174248695374,0.8026120662689209,0.9420785903930664
25860,0.09375,0.17591595649719238,0.29608193039894104,0.7050776481628418
25861,0.03125,0.03125,0.6309297680854797,0.6309297680854797
25862,0.228759765625,0.228759765625,1.0,1.0
25863,0.3599446713924408,0.4055187702178955,0.6497723460197449,0.8107312917709351
25864,0.580322265625,0.6129122376441956,0.86592036485672,0.9642569422721863
25865,0.606689453125,0.6368751525878906,1.0,0.981624186038971
25866,0.110107421875,0.1512162685394287,1.0,1.0
25867,0.146728515625,0.16486024856567383,0.7579237222671509,0.791723906993866
25868,0.110107421875,0.110107421875,1.0,1.0
25869,0.580322265625,0.6056948900222778,0.86592036485672,0.9413504600524902
25870,0.263671875,0.27398681640625,0.90728360414505,0.9871451258659363
25871,0.110107421875,0.17103008925914764,0.3951442539691925,0.7271279692649841
25872,0.518798828125,0.5652213096618652,1.0,1.0
25873,0.518798828125,0.5521249771118164,1.0,1.0
25874,0.466064453125,0.5076391696929932,0.7823625802993774,0.9383320212364197
25875,0.499755859375,0.5493490099906921,0.9037794470787048,0.9771105051040649
25876,0.08203125,0.16746102273464203,0.15969696640968323,0.5301382541656494
25877,0.146728515625,0.18935474753379822,0.58057701587677,0.7377908229827881
25878,0.09375,0.1022135391831398,0.5212960839271545,0.6193996071815491
25879,0.304931640625,0.35010552406311035,1.0,1.0
25880,0.393798828125,0.40250205993652344,0.8579513430595398,0.8440782427787781
25881,0.304931640625,0.38610678911209106,0.6151177287101746,0.8539380431175232
25882,0.110107421875,0.1512162685394287,1.0,1.0
25883,0.228759765625,0.24217592179775238,1.0,0.9741356372833252
25884,0.12109375,0.1705794334411621,0.46358197927474976,0.7302507758140564
25885,0.110107421875,0.110107421875,1.0,1.0
25886,0.0,0.012500000186264515,0.0,0.38685280084609985
25887,0.197998046875,0.28105783462524414,0.42267662286758423,0.7202847599983215
25888,0.518798828125,0.557504415512085,1.0,0.9870932102203369
25889,0.488037109375,0.5274302959442139,0.8785831332206726,0.9424664974212646
25890,0.943115234375,0.9467606544494629,0.9313938021659851,0.9801879525184631
25891,0.488037109375,0.5379220247268677,0.7069194316864014,0.8805467486381531
25892,0.953369140625,0.9551687240600586,1.0,0.9335932731628418
25893,0.304931640625,0.3574824333190918,1.0,1.0
25894,0.0625,0.0625,1.0,1.0
25895,0.02083333395421505,0.05505117028951645,0.23463936150074005,0.6533933281898499
25896,0.304931640625,0.35607001185417175,1.0,0.984323263168335
25897,0.09375,0.124298095703125,0.35098522901535034,0.607640266418457
25898,0.304931640625,0.35843291878700256,1.0,0.979339599609375
25899,0.584228515625,0.584993839263916,0.6245770454406738,0.8124663829803467
25900,0.2774251401424408,0.31068870425224304,1.0,0.9964877367019653
25901,0.260498046875,0.2895088195800781,0.8026120662689209,0.9413045644760132
25902,0.110107421875,0.15884733200073242,0.5158474445343018,0.7607700824737549
25903,0.2774251401424408,0.36728861927986145,0.5188971757888794,0.8038544058799744
25904,0.260498046875,0.2701683044433594,0.9514426589012146,0.9550337791442871
25905,0.580322265625,0.6092028617858887,1.0,1.0
25906,0.0625,0.0625,1.0,1.0
25907,0.946533203125,0.951589822769165,1.0,1.0
25908,0.2774251401424408,0.2774251401424408,1.0,1.0
25909,0.940673828125,0.9445047974586487,0.9274492263793945,0.9738442897796631
25910,0.943115234375,0.9444169998168945,0.9849443435668945,0.9856202602386475
25911,0.9466145634651184,0.9478172659873962,0.9288777112960815,0.9468967914581299
25912,0.146728515625,0.21629191935062408,0.48975956439971924,0.7851006984710693
25913,0.304931640625,0.41420066356658936,0.30563369393348694,0.6489925980567932
25914,0.946533203125,0.9483398795127869,1.0,0.9944485425949097
25915,0.260498046875,0.3105265200138092,0.8026120662689209,0.9348061680793762
25916,0.946533203125,0.9494971632957458,1.0,0.9910144805908203
25917,0.967041015625,0.9673383235931396,1.0,0.993532121181488
25919,0.110107421875,0.1448965072631836,1.0,0.9911206364631653
25923,0.110107421875,0.1462436020374298,1.0,1.0
25924,0.110107421875,0.15709972381591797,0.5158474445343018,0.7698986530303955
25925,0.228759765625,0.298641562461853,0.6461858153343201,0.9218558073043823
25927,0.0,0.010416666977107525,0.0,0.3562071919441223
25928,0.228759765625,0.251165509223938,1.0,0.9643429517745972
25929,0.3059895932674408,0.37826645374298096,0.5032320022583008,0.7232591509819031
25930,0.712158203125,0.7125284075737,0.8569586873054504,0.8849095702171326
25931,0.2774251401424408,0.30830246210098267,1.0,1.0
25932,0.110107421875,0.15094850957393646,1.0,0.9770153164863586
25933,0.0625,0.0625,1.0,1.0
25934,0.110107421875,0.12298202514648438,1.0,1.0
25935,0.518798828125,0.5744227170944214,0.496870219707489,0.7244054079055786
25936,0.304931640625,0.3650248646736145,1.0,0.987617552280426
25937,0.304931640625,0.3720511496067047,1.0,0.9489243626594543
25938,0.1875,0.23343998193740845,0.4692787230014801,0.569757342338562
25939,0.110107421875,0.15929153561592102,0.3951442539691925,0.6096747517585754
25940,0.580322265625,0.6127949953079224,0.86592036485672,0.9839574694633484
25941,0.2774251401424408,0.3611781597137451,0.8435737490653992,0.9266360998153687
25943,0.304931640625,0.3621583580970764,1.0,1.0
25944,0.560546875,0.5633719563484192,0.9580413699150085,0.9860137701034546
25946,0.940673828125,0.944842517375946,0.8770246505737305,0.9372583627700806
25947,0.091796875,0.091796875,1.0,1.0
25948,0.110107421875,0.110107421875,1.0,1.0
25949,0.466064453125,0.4722442626953125,1.0,0.9948814511299133
25950,0.946533203125,0.9538812041282654,0.7083972692489624,0.8892167806625366
25951,0.260498046875,0.30430012941360474,0.8026120662689209,0.9354835152626038
25952,0.091796875,0.15493419766426086,0.3948093354701996,0.7530946135520935
25953,0.567138671875,0.581937849521637,1.0,1.0
25954,0.166259765625,0.2117307484149933,0.6291344165802002,0.8175907731056213
25955,0.518798828125,0.5491769313812256,1.0,0.9761424660682678
25956,0.146728515625,0.18865814805030823,0.58057701587677,0.7733727097511292
25957,0.304931640625,0.3635978698730469,0.6151177287101746,0.8051066398620605
25959,0.166259765625,0.17369842529296875,0.8213136792182922,0.821858823299408
25960,0.228759765625,0.3342633545398712,0.3974803686141968,0.7292965054512024
25961,0.110107421875,0.14018169045448303,1.0,1.0
25962,0.2774251401424408,0.3127215802669525,0.8435737490653992,0.9807710647583008
25963,0.304931640625,0.34790122509002686,1.0,0.9843795895576477
25964,0.197998046875,0.27138859033584595,0.6871474981307983,0.8772686719894409
25965,0.197998046875,0.2667961120605469,0.6871474981307983,0.8614688515663147
25966,0.08203125,0.1064094603061676,0.7039180994033813,0.8599919080734253
25967,0.110107421875,0.15777386724948883,0.5158474445343018,0.7189744114875793
25969,0.091796875,0.1326276957988739,0.7653606534004211,0.7959399223327637
25970,0.300537109375,0.3423892557621002,0.6655102372169495,0.7970846891403198
25971,0.606689453125,0.6329253315925598,1.0,0.9836926460266113
25972,0.263671875,0.263671875,1.0,1.0
25973,0.091796875,0.102783203125,0.7653606534004211,0.9469023942947388
25974,0.2774251401424408,0.28709539771080017,1.0,1.0
25975,0.304931640625,0.33603978157043457,1.0,0.8625728487968445
25976,0.0625,0.07421875,0.6131471991539001,0.8503448963165283
25977,0.499755859375,0.5556629300117493,0.9037794470787048,0.9726001620292664
25978,0.304931640625,0.35523831844329834,1.0,0.9639139175415039
25979,0.260498046875,0.3442510664463043,0.8026120662689209,0.9074249863624573
25980,0.606689453125,0.6369037628173828,1.0,0.9117282629013062
25981,0.228759765625,0.3280605673789978,0.3974803686141968,0.7559555172920227
25983,0.940673828125,0.944753110408783,0.8770246505737305,0.9523003697395325
25984,0.962158203125,0.9624634385108948,0.9625431895256042,0.9603424072265625
25985,0.571533203125,0.575575590133667,0.7592076063156128,0.7978988289833069
25986,0.304931640625,0.3222335875034332,1.0,0.990565299987793
25987,0.2774251401424408,0.3310123682022095,0.8435737490653992,0.9497674107551575
25988,0.228759765625,0.282456636428833,0.7660098671913147,0.9400152564048767
25989,0.166259765625,0.23358559608459473,0.5307213068008423,0.8338541984558105
25990,0.304931640625,0.373099148273468,1.0,1.0
25991,0.166259765625,0.22149181365966797,0.5307213068008423,0.8106961846351624
25992,0.967041015625,0.967440128326416,1.0,0.9983512163162231
25993,0.518798828125,0.5825942754745483,0.6967307925224304,0.9224874973297119
25994,0.556884765625,0.5752253532409668,0.9594535827636719,0.9657363295555115
25995,0.03125,0.03125,0.6309297680854797,0.6309297680854797
25996,0.110107421875,0.110107421875,1.0,1.0
25997,0.518798828125,0.542923092842102,1.0,1.0
25998,0.110107421875,0.13263797760009766,1.0,1.0
25999,0.228759765625,0.2607194185256958,0.7660098671913147,0.90572190284729
26000,0.940673828125,0.9449499249458313,0.8770246505737305,0.9587189555168152
26001,0.300537109375,0.3602565824985504,0.4636814594268799,0.7415162324905396
26002,0.260498046875,0.32948026061058044,0.8026120662689209,0.9227940440177917
26003,0.9444172978401184,0.9457190632820129,1.0,1.0
26004,0.304931640625,0.3300743103027344,1.0,1.0
26005,0.304931640625,0.34990209341049194,1.0,0.9720593690872192
26006,0.2774251401424408,0.3185296654701233,0.8435737490653992,0.964993953704834
26007,0.2774251401424408,0.31767675280570984,0.8435737490653992,0.9610618352890015
26008,0.166259765625,0.22297455370426178,0.5307213068008423,0.806104302406311
26009,0.0625,0.0625,0.5,0.5
26010,0.580322265625,0.6050050258636475,1.0,0.9851180911064148
26011,0.2774251401424408,0.33875584602355957,0.8435737490653992,0.9319160580635071
26012,0.518798828125,0.5525511503219604,1.0,0.9955747723579407
26013,0.304931640625,0.3195981979370117,1.0,1.0
26014,0.260498046875,0.31049418449401855,0.8026120662689209,0.9208325743675232
26015,0.263671875,0.3559405505657196,0.4707868993282318,0.7860840559005737
26016,0.0625,0.14145660400390625,0.1854327917098999,0.6540427207946777
26017,0.606689453125,0.6342222690582275,1.0,1.0
26018,0.706298828125,0.7088682651519775,0.871160089969635,0.8991860151290894
26019,0.531982421875,0.5645468235015869,0.8617600202560425,0.9237216114997864
26020,0.560546875,0.6107269525527954,0.7653606534004211,0.9558296203613281
26021,0.110107421875,0.1204071044921875,1.0,0.9828919768333435
26022,0.228759765625,0.27100902795791626,1.0,1.0
26023,0.0625,0.130859375,0.1310456246137619,0.4578014016151428
26024,0.110107421875,0.110107421875,1.0,1.0
26025,0.967041015625,0.9673519730567932,1.0,1.0
26026,0.260498046875,0.3164401650428772,0.8026120662689209,0.9378759264945984
26027,0.091796875,0.091796875,1.0,1.0
26028,0.110107421875,0.12298202514648438,1.0,1.0
26030,0.110107421875,0.1512162685394287,1.0,1.0
26032,0.091796875,0.091796875,1.0,1.0
26034,0.263671875,0.305095911026001,0.7653606534004211,0.9235371351242065
26035,0.110107421875,0.15066374838352203,1.0,0.9963488578796387
26036,0.146728515625,0.23951444029808044,0.48975956439971924,0.8240432143211365
26037,0.091796875,0.1158294677734375,0.7653606534004211,0.9558295607566833
26038,0.110107421875,0.155360147356987,1.0,1.0
26039,0.2044270783662796,0.2916806936264038,0.5474918484687805,0.8705830574035645
26040,0.0,0.008928571827709675,0.0,0.3333333432674408
26041,0.556884765625,0.6059943437576294,0.8308104276657104,0.9503684043884277
26042,0.304931640625,0.3621372580528259,1.0,0.9710929989814758
26043,0.94140625,0.9432597160339355,0.9486689567565918,0.9705341458320618
26044,0.606689453125,0.6216563582420349,1.0,0.9940726161003113
26045,0.606689453125,0.6248724460601807,1.0,0.999048113822937
26046,0.260498046875,0.2682342529296875,0.9514426589012146,0.9475083947181702
26047,0.9388020634651184,0.9404042363166809,0.9608869552612305,0.9852624535560608
26048,0.2774251401424408,0.36822113394737244,0.5188971757888794,0.8071191310882568
26049,0.499755859375,0.5265542268753052,0.9037794470787048,0.9467943906784058
26050,0.166259765625,0.19232413172721863,0.8213136792182922,0.8608506917953491
26051,0.304931640625,0.36684074997901917,1.0,0.9929330945014954
26052,0.146728515625,0.21405434608459473,0.48975956439971924,0.801979660987854
26054,0.9673665165901184,0.9677660465240479,1.0,0.9903393983840942
26055,0.466064453125,0.4841090142726898,1.0,1.0
26056,0.968017578125,0.9680522680282593,1.0,1.0
26057,0.304931640625,0.3500467538833618,1.0,0.9398752450942993
26058,0.260498046875,0.3375803232192993,0.49370092153549194,0.7703352570533752
26059,0.03125,0.0396205373108387,0.38685283064842224,0.5912352204322815
26060,0.228759765625,0.2985982298851013,0.3974803686141968,0.7006500959396362
26061,0.304931640625,0.37751758098602295,1.0,1.0
26063,0.518798828125,0.5289525985717773,1.0,1.0
26064,0.304931640625,0.37223631143569946,0.6151177287101746,0.8149222135543823
26065,0.110107421875,0.21025033295154572,0.20503923296928406,0.6203287839889526
26066,0.9673665165901184,0.96778404712677,0.8748590350151062,0.9635255932807922
26067,0.228759765625,0.29828542470932007,0.3974803686141968,0.6613418459892273
26068,0.9388020634651184,0.9429929256439209,0.8427215218544006,0.9298107028007507
26070,0.304931640625,0.3500376343727112,1.0,0.9887740612030029
26071,0.304931640625,0.3611045181751251,1.0,0.9956689476966858
26072,0.110107421875,0.14548586308956146,1.0,0.9950883388519287
26073,0.9444172978401184,0.948689877986908,0.9456308484077454,0.9891001582145691
26074,0.228759765625,0.2920491099357605,0.6461858153343201,0.9106742739677429
26075,0.110107421875,0.18604633212089539,0.3333333134651184,0.6460286378860474
26076,0.951904296875,0.9537839889526367,0.9521908760070801,0.993620753288269
26077,0.518798828125,0.5643081665039062,1.0,1.0
26078,0.197998046875,0.26533329486846924,0.6871474981307983,0.7857497930526733
26079,0.304931640625,0.35593628883361816,1.0,0.9815686345100403
26080,0.166259765625,0.166259765625,0.8213136792182922,0.8213136792182922
26081,0.567138671875,0.5930938720703125,0.7988805174827576,0.9529094696044922
26082,0.304931640625,0.3600511848926544,1.0,1.0
26083,0.08203125,0.0898786261677742,0.7039180994033813,0.8603443503379822
26084,0.4375,0.45803070068359375,0.8609101176261902,0.9546965956687927
26085,0.633056640625,0.6363628506660461,0.7837249636650085,0.8243432641029358
26086,0.2774251401424408,0.28709539771080017,1.0,1.0
26087,0.940673828125,0.9421758651733398,1.0,1.0
26088,0.110107421875,0.16364791989326477,0.5158474445343018,0.7764903903007507
26089,0.946533203125,0.946533203125,1.0,1.0
26090,0.260498046875,0.3211335837841034,0.8026120662689209,0.9402880072593689
26091,0.197998046875,0.23329448699951172,0.6871474981307983,0.8420809507369995
26093,0.304931640625,0.40449148416519165,0.4285714626312256,0.7531204223632812
26094,0.110107421875,0.15885654091835022,1.0,1.0
26095,0.166259765625,0.2039840966463089,0.8213136792182922,0.8749046325683594
26096,0.9507649540901184,0.9576548933982849,0.7292529344558716,0.921591579914093
26097,0.518798828125,0.5362052917480469,1.0,1.0
26098,0.228759765625,0.25942108035087585,1.0,0.9968307614326477
26099,0.197998046875,0.22887535393238068,0.8145672082901001,0.8614060878753662
26100,0.08203125,0.09945487976074219,0.7039180994033813,0.8597408533096313
26101,0.393798828125,0.4521191716194153,0.690318763256073,0.8717247247695923
26102,0.2774251401424408,0.3083024322986603,1.0,1.0
26103,0.304931640625,0.3600511848926544,1.0,1.0
26104,0.2774251401424408,0.28709539771080017,1.0,1.0
26105,0.110107421875,0.1499060094356537,1.0,0.9918291568756104
26106,0.4375,0.4572950005531311,0.8609101176261902,0.9520249366760254
26107,0.431884765625,0.46099621057510376,0.8451594114303589,0.882891833782196
26108,0.2044270783662796,0.2322290688753128,0.8472668528556824,0.94448322057724
26109,0.606689453125,0.6405408978462219,1.0,0.9954260587692261
26110,0.9444172978401184,0.9480994343757629,0.9456308484077454,0.9887257218360901
26111,0.146728515625,0.23955242335796356,0.3012597858905792,0.6704050302505493
26112,0.02083333395421505,0.0354817733168602,0.3065735995769501,0.5706417560577393
26113,0.146728515625,0.23600247502326965,0.48975956439971924,0.8191924691200256
26114,0.166259765625,0.228729248046875,0.5307213068008423,0.7939239144325256
26115,0.304931640625,0.373099148273468,1.0,1.0
26116,0.956298828125,0.9586315751075745,1.0,0.9883289933204651
26117,0.9507649540901184,0.95289546251297,0.974961519241333,0.971648097038269
26118,0.488037109375,0.5333626866340637,0.8785831332206726,0.9444546699523926
26119,0.166259765625,0.166259765625,0.8213136792182922,0.8213136792182922
26120,0.499755859375,0.5382091403007507,0.9037794470787048,0.982266902923584
26121,0.1458333432674408,0.2239278256893158,0.15272833406925201,0.4680217504501343
26122,0.260498046875,0.2967466711997986,0.8026120662689209,0.9246577620506287
26123,0.2774251401424408,0.29799601435661316,1.0,0.9918496012687683
26124,0.166259765625,0.18041646480560303,0.8213136792182922,0.8275519609451294
26125,0.110107421875,0.15570497512817383,0.5158474445343018,0.7637056708335876
26126,0.304931640625,0.3784382939338684,0.6151177287101746,0.8282878398895264
26127,0.091796875,0.21268051862716675,0.15692895650863647,0.6171776056289673
26128,0.197998046875,0.227891206741333,0.8145672082901001,0.8569290637969971
26129,0.05078125,0.08985337615013123,0.2737712264060974,0.5756033062934875
26130,0.9444172978401184,0.9496880769729614,0.9456308484077454,0.9221678972244263
26131,0.946533203125,0.9498385787010193,1.0,0.9930838346481323
26132,0.946533203125,0.9497243762016296,1.0,1.0
26133,0.9507649540901184,0.9544579386711121,0.974961519241333,0.9777977466583252
26134,0.488037109375,0.4947319030761719,0.9721211791038513,0.9733434319496155
26135,0.110107421875,0.110107421875,1.0,1.0
26136,0.606689453125,0.6346418261528015,1.0,1.0
26137,0.260498046875,0.3156141936779022,0.8026120662689209,0.9422428607940674
26138,0.197998046875,0.2815518379211426,0.42267662286758423,0.6586347222328186
26139,0.488037109375,0.5158728361129761,0.8785831332206726,0.965373694896698
26140,0.110107421875,0.12298202514648438,1.0,1.0
26141,0.260498046875,0.3007831573486328,0.8026120662689209,0.9382072687149048
26142,0.03125,0.03125,0.6309297680854797,0.6309297680854797
26143,0.03125,0.03125,0.6309297680854797,0.6309297680854797
26144,0.943115234375,0.9483504295349121,0.9313938021659851,0.9751958847045898
26145,0.967041015625,0.9675614833831787,0.8122885227203369,0.9422343969345093
26146,0.304931640625,0.3530167043209076,1.0,0.9830914735794067
26147,0.3599446713924408,0.39890262484550476,0.8075588941574097,0.8545252680778503
26148,0.110107421875,0.16929864883422852,0.5158474445343018,0.7962373495101929
26149,0.08203125,0.11093568801879883,0.7039180994033813,0.7764475345611572
26150,0.304931640625,0.3838691711425781,0.49493172764778137,0.7854617834091187
26152,0.03125,0.03125,0.6309297680854797,0.6309297680854797
26154,0.228759765625,0.27100902795791626,1.0,1.0
26155,0.946533203125,0.9500080943107605,1.0,1.0
26156,0.304931640625,0.35010552406311035,1.0,1.0
26157,0.263671875,0.27744969725608826,0.90728360414505,0.9638547897338867
26158,0.943115234375,0.9495577812194824,0.9313938021659851,0.9507676959037781
26159,0.166259765625,0.20188742876052856,0.8213136792182922,0.8760149478912354
26160,0.703369140625,0.7083379030227661,0.7838867902755737,0.8814041614532471
26161,0.2044270783662796,0.2044270783662796,0.963940441608429,0.963940441608429
26162,0.197998046875,0.20766830444335938,0.8145672082901001,0.8282809257507324
26163,0.110107421875,0.27696171402931213,0.10187789052724838,0.5343544483184814
26164,0.146728515625,0.21840517222881317,0.48975956439971924,0.7876437306404114
26165,0.304931640625,0.3195981979370117,1.0,1.0
26166,0.110107421875,0.17164242267608643,0.5158474445343018,0.8039339184761047
26167,0.304931640625,0.3628605008125305,1.0,0.9957889914512634
26169,0.146728515625,0.20717358589172363,0.48975956439971924,0.7838503122329712
26170,0.260498046875,0.3228815495967865,0.8026120662689209,0.9375775456428528
26171,0.940673828125,0.940673828125,1.0,1.0
26172,0.2774251401424408,0.35607996582984924,0.8435737490653992,0.9196818470954895
26173,0.300537109375,0.369416743516922,0.5354781746864319,0.7919200658798218
26174,0.197998046875,0.2586335837841034,0.6871474981307983,0.8600691556930542
26175,0.953369140625,0.9573615193367004,0.912726640701294,0.9728249907493591
26176,0.0,0.015625,0.0,0.43067657947540283
26177,0.2774251401424408,0.3000142574310303,1.0,1.0
26179,0.2774251401424408,0.3535866439342499,0.8435737490653992,0.8912755846977234
26180,0.197998046875,0.2458658218383789,0.6871474981307983,0.8480743169784546
26181,0.943115234375,0.9493631720542908,0.9313938021659851,0.9486762881278992
26182,0.260498046875,0.3064577281475067,0.8026120662689209,0.9090397357940674
26183,0.03125,0.03125,0.6309297680854797,0.6309297680854797
26185,0.260498046875,0.2774209976196289,0.9514426589012146,0.957834780216217
26187,0.518798828125,0.5807048082351685,0.6967307925224304,0.9317734837532043
26188,0.304931640625,0.3947603702545166,0.49493172764778137,0.7951012849807739
26189,0.09375,0.1709136962890625,0.1821252405643463,0.5284819006919861
26191,0.2774251401424408,0.31167396903038025,0.8435737490653992,0.9765208959579468
26192,0.47265625,0.49311044812202454,0.8178747296333313,0.9233540892601013
26193,0.21875,0.21875,0.6309297680854797,0.6309297680854797
26194,0.9444172978401184,0.9482656717300415,0.9456308484077454,0.9859219789505005
26195,0.943115234375,0.951235830783844,0.6597968339920044,0.8626854419708252
26196,0.606689453125,0.6204549670219421,1.0,1.0
26197,0.110107421875,0.14961132407188416,0.5158474445343018,0.7342315912246704
26198,0.490234375,0.5328044295310974,0.8556691408157349,0.939224123954773
26199,0.278564453125,0.3595416843891144,0.39664164185523987,0.7424228191375732
26200,0.08203125,0.13945451378822327,0.27814918756484985,0.6449685096740723
26201,0.03125,0.03125,0.6309297680854797,0.6309297680854797
26203,0.9444172978401184,0.9480360150337219,0.9456308484077454,0.9685618281364441
26204,0.146728515625,0.146728515625,0.7579237222671509,0.7579237222671509
26205,0.3059895932674408,0.36748287081718445,0.5032320022583008,0.7542536854743958
26206,0.03125,0.03125,0.6309297680854797,0.6309297680854797
26207,0.09375,0.1064453125,0.5212960839271545,0.6399093270301819
26208,0.606689453125,0.6310211420059204,1.0,0.9969015121459961
26209,0.518798828125,0.5617795586585999,1.0,1.0
26211,0.488037109375,0.5036756992340088,0.9721211791038513,0.9752179980278015
26214,0.9444172978401184,0.9504045844078064,0.9456308484077454,0.9822889566421509
26215,0.05078125,0.08932650834321976,0.5307212471961975,0.7982650399208069
26216,0.1875,0.1875,1.0,1.0
26217,0.091796875,0.1695961356163025,0.30242785811424255,0.7219578623771667
26218,0.110107421875,0.155360147356987,1.0,1.0
26219,0.304931640625,0.3732230067253113,1.0,0.9897118806838989
26220,0.947998046875,0.9495429992675781,0.9146330952644348,0.9567050933837891
26221,0.110107421875,0.110107421875,1.0,1.0
26222,0.1875,0.21473416686058044,0.7262287139892578,0.8756573796272278
26223,0.947998046875,0.9525811672210693,0.8348100185394287,0.9490144848823547
26224,0.0625,0.1029459685087204,0.24207624793052673,0.595892071723938
26225,0.946533203125,0.9517887234687805,0.8793432712554932,0.9518972635269165
26226,0.606689453125,0.6340250372886658,1.0,0.986485481262207
26227,0.518798828125,0.5789587497711182,0.6967307925224304,0.9193744659423828
26228,0.110107421875,0.21373194456100464,0.2620770037174225,0.643721878528595
26229,0.606689453125,0.6395550966262817,1.0,0.8816190958023071
26230,0.606689453125,0.6111194491386414,1.0,0.988616406917572
26231,0.304931640625,0.37751758098602295,1.0,1.0
26232,0.1875,0.19765624403953552,0.8262346386909485,0.9327783584594727
26233,0.08203125,0.14242859184741974,0.27814918756484985,0.6513418555259705
26234,0.08203125,0.08203125,0.9197208285331726,0.9197208285331726
26235,0.304931640625,0.3300743103027344,1.0,1.0
26236,0.304931640625,0.3633233904838562,1.0,0.9052115678787231
26237,0.304931640625,0.36083975434303284,1.0,0.9270495176315308
26238,0.4375,0.4375,1.0,1.0
26239,0.580322265625,0.6186963319778442,0.86592036485672,0.9777969717979431
26240,0.304931640625,0.37462419271469116,1.0,1.0
26241,0.05078125,0.06451416015625,0.5307212471961975,0.732828676700592
26242,0.278564453125,0.3415094017982483,0.5692896842956543,0.7864936590194702
26243,0.0,0.025390625,0.0,0.4824755787849426
26245,0.518798828125,0.5500730276107788,1.0,1.0
26246,0.150390625,0.1712188720703125,0.7002755999565125,0.8133798241615295
26247,0.091796875,0.10552978515625,0.7653606534004211,0.9674680233001709
26249,0.9375,0.9398437738418579,0.8879528045654297,0.9566541910171509
26250,0.304931640625,0.3300743103027344,1.0,1.0
26251,0.518798828125,0.5323523283004761,1.0,1.0
26252,0.19921875,0.22393798828125,0.4790908992290497,0.616646409034729
26253,0.08203125,0.10160064697265625,0.7039180994033813,0.8756458759307861
26254,0.110107421875,0.1512162685394287,1.0,1.0
26255,0.0,0.12204939126968384,0.0,0.46134668588638306
26256,0.260498046875,0.260498046875,0.9514426589012146,0.9514426589012146
26257,0.0625,0.0625,1.0,1.0
26258,0.166259765625,0.21720576286315918,0.6291344165802002,0.8349753022193909
26259,0.304931640625,0.3574824333190918,1.0,1.0
26260,0.0,0.0234375,0.0,0.31546488404273987
26261,0.304931640625,0.38790783286094666,0.6151177287101746,0.8473049402236938
26262,0.1875,0.1875,1.0,1.0
26264,0.0,0.02226562425494194,0.0,0.455605149269104
26266,0.304931640625,0.3377501666545868,1.0,0.9830001592636108
26267,0.166259765625,0.1961073875427246,0.6291344165802002,0.7806787490844727
26268,0.08203125,0.08203125,0.9197208285331726,0.9197208285331726
26269,0.08984375,0.10174560546875,0.5158474445343018,0.6201040744781494
26270,0.44921875,0.45745849609375,0.9224036931991577,0.9753714203834534
26271,0.304931640625,0.40871986746788025,0.4285714626312256,0.8069730997085571
26272,0.344482421875,0.39564937353134155,0.5977610945701599,0.8110628724098206
26273,0.2774251401424408,0.3252929151058197,0.8435737490653992,0.9719643592834473
26274,0.365234375,0.38665771484375,0.7136205434799194,0.8379403352737427
26275,0.08984375,0.08984375,0.5868826508522034,0.5868826508522034
26276,0.110107421875,0.2157476246356964,0.16497723758220673,0.6008201241493225
26277,0.304931640625,0.3397778272628784,1.0,1.0
26278,0.260498046875,0.2895088195800781,0.8026120662689209,0.9413045644760132
26279,0.09375,0.09375,0.6309297680854797,0.6309297680854797
26280,0.466064453125,0.466064453125,1.0,1.0
26281,0.228759765625,0.24689149856567383,1.0,0.9938070774078369
26282,0.3599446713924408,0.38112252950668335,0.8075588941574097,0.8343228101730347
26283,0.606689453125,0.6308051943778992,1.0,1.0
26284,0.110107421875,0.13829576969146729,1.0,0.9876712560653687
26285,0.110107421875,0.12298202514648438,1.0,1.0
26286,0.304931640625,0.34641703963279724,1.0,1.0
26287,0.304931640625,0.37066736817359924,1.0,1.0
26288,0.1875,0.1875,1.0,1.0
26289,0.499755859375,0.562775731086731,0.7271926999092102,0.9269800186157227
26290,0.5694172978401184,0.5758552551269531,0.6197949647903442,0.7622758746147156
26291,0.940673828125,0.9436907172203064,1.0,1.0
26292,0.02083333395421505,0.0360703244805336,0.23463936150074005,0.5391066074371338
26293,0.091796875,0.12387609481811523,0.7653606534004211,0.9512312412261963
26294,0.304931640625,0.3709383010864258,1.0,0.9946876764297485
26295,0.23828125,0.2832036316394806,0.7039180994033813,0.8727615475654602
26296,0.518798828125,0.5395235419273376,1.0,0.9805432558059692
26297,0.091796875,0.1158294677734375,0.7653606534004211,0.9558295607566833
26298,0.166259765625,0.19757778942584991,0.8213136792182922,0.8690776824951172
26299,0.228759765625,0.26438742876052856,1.0,1.0
26300,0.228759765625,0.274320125579834,0.7660098671913147,0.9175099730491638
26301,0.518798828125,0.5807662010192871,0.8046129941940308,0.9584692716598511
26302,0.05078125,0.09117889404296875,0.2737712264060974,0.5804304480552673
26303,0.939453125,0.9410552978515625,0.9690036177635193,0.9931680560112
26304,0.940673828125,0.94461989402771,0.9274492263793945,0.9699480533599854
26305,0.956298828125,0.9585204124450684,1.0,1.0
26307,0.110107421875,0.13263797760009766,1.0,1.0
26308,0.304931640625,0.3746255338191986,0.6151177287101746,0.8258507251739502
26309,0.567138671875,0.617530107498169,0.7988805174827576,0.9478541016578674
26310,0.518798828125,0.579362154006958,0.6967307925224304,0.9205400943756104
26311,0.197998046875,0.2057342529296875,0.8145672082901001,0.8207556009292603
26312,0.166259765625,0.21361923217773438,0.6291344165802002,0.7875661849975586
26313,0.197998046875,0.2792209982872009,0.6871474981307983,0.8857979774475098
26314,0.110107421875,0.13263797760009766,1.0,1.0
26315,0.393798828125,0.4250730574131012,0.8579513430595398,0.8881738781929016
26316,0.962158203125,0.9624139666557312,0.9625431895256042,0.9666054248809814
26317,0.9444172978401184,0.9495292901992798,0.9456308484077454,0.9255357384681702
26318,0.9673665165901184,0.9677786827087402,1.0,1.0
26319,0.091796875,0.13030937314033508,0.3948093354701996,0.6282750368118286
26320,0.518798828125,0.5551801919937134,1.0,1.0
26321,0.568359375,0.5786621570587158,0.48004820942878723,0.7426736950874329
26322,0.278564453125,0.31068873405456543,0.6298989057540894,0.7504226565361023
26323,0.146728515625,0.21669259667396545,0.48975956439971924,0.7893016934394836
26324,0.606689453125,0.629562497138977,1.0,0.9747429490089417
26325,0.260498046875,0.2774209976196289,0.9514426589012146,0.957834780216217
26326,0.499755859375,0.499755859375,1.0,1.0
26327,0.580322265625,0.6282150149345398,0.86592036485672,0.9462181329727173
26328,0.304931640625,0.34641703963279724,1.0,1.0
26329,0.110107421875,0.13263797760009766,1.0,1.0
26331,0.304931640625,0.373099148273468,1.0,1.0
26332,0.946533203125,0.9487946033477783,1.0,0.9927091002464294
26333,0.2774251401424408,0.3554205000400543,0.5188971757888794,0.7802004814147949
26334,0.469970703125,0.4740297794342041,0.6737852096557617,0.72523033618927
26335,0.146728515625,0.1556549072265625,0.7579237222671509,0.7711718678474426
26336,0.946533203125,0.9502193927764893,1.0,0.960821270942688
26337,0.956298828125,0.9603677988052368,0.8195018768310547,0.9396659731864929
26338,0.304931640625,0.37751761078834534,1.0,1.0
26342,0.110107421875,0.12298202514648438,1.0,1.0
26343,0.943359375,0.9491389393806458,0.9184463024139404,0.9639477133750916
26344,0.304931640625,0.36518868803977966,1.0,1.0
26345,0.304931640625,0.3325652778148651,1.0,0.9921161532402039
26346,0.2774251401424408,0.2912052571773529,1.0,0.9880087971687317
26347,0.110107421875,0.16805106401443481,0.5158474445343018,0.7940199971199036
26348,0.431884765625,0.46667447686195374,0.8451594114303589,0.9007660746574402
26350,0.0625,0.141845703125,0.15969696640968323,0.49385178089141846
26351,0.278564453125,0.3244607150554657,0.5692896842956543,0.7165226340293884
26352,0.946533203125,0.9532989859580994,0.7083972692489624,0.8829250335693359
26353,0.2774251401424408,0.3140411376953125,0.8435737490653992,0.8864335417747498
26354,0.946533203125,0.9500241279602051,1.0,1.0
26355,0.518798828125,0.5406022071838379,1.0,0.9929474592208862
26356,0.14453125,0.1686263084411621,0.6291344165802002,0.7353127002716064
26357,0.304931640625,0.38990160822868347,0.6151177287101746,0.8484700322151184
26358,0.940673828125,0.940673828125,1.0,1.0
26359,0.304931640625,0.36835917830467224,1.0,0.9925092458724976
26360,0.091796875,0.15756385028362274,0.30242785811424255,0.6887422800064087
26361,0.943115234375,0.9466660022735596,0.9313938021659851,0.9688125848770142
26362,0.110107421875,0.13263797760009766,1.0,1.0
26363,0.110107421875,0.1444081962108612,1.0,0.9888008832931519
26364,0.393798828125,0.4202907383441925,0.8579513430595398,0.8843148946762085
26365,0.518798828125,0.5762438774108887,0.8046129941940308,0.9540643692016602
26366,0.03125,0.03125,0.6309297680854797,0.6309297680854797
26367,0.2774251401424408,0.32954883575439453,0.8435737490653992,0.973149299621582
26368,0.571533203125,0.5767456293106079,0.7592076063156128,0.8176841139793396
26370,0.110107421875,0.13263797760009766,1.0,1.0
26371,0.9444172978401184,0.9468348622322083,0.9456308484077454,0.98822021484375
26372,0.304931640625,0.36353254318237305,1.0,0.976559042930603
26373,0.0625,0.0690104141831398,0.6131471991539001,0.7977229356765747
26374,0.263671875,0.2884277403354645,0.7653606534004211,0.9469023942947388
26375,0.9668782353401184,0.9670565128326416,1.0,0.9879120588302612
26376,0.08203125,0.11296094954013824,0.7039180994033813,0.8990671038627625
26377,0.0625,0.07860056310892105,0.3631143569946289,0.5273492336273193
26378,0.304931640625,0.3589973449707031,1.0,0.995535671710968
26379,0.146728515625,0.1830666959285736,0.58057701587677,0.7535886168479919
26380,0.374755859375,0.3814506530761719,0.8428282141685486,0.8497189283370972
26381,0.946533203125,0.9526423811912537,0.8793432712554932,0.9676634073257446
26382,0.518798828125,0.5551373958587646,1.0,0.9957556128501892
26383,0.1875,0.20654296875,0.6131471991539001,0.8065735697746277
26384,0.0625,0.0625,1.0,1.0
26385,0.953369140625,0.9560853838920593,1.0,0.9922393560409546
26386,0.212890625,0.24859619140625,0.67329341173172,0.9128780961036682
26387,0.2774251401424408,0.33613649010658264,0.8435737490653992,0.9010420441627502
26388,0.110107421875,0.16667813062667847,0.5158474445343018,0.7863640189170837
26389,0.940673828125,0.9468041062355042,0.8770246505737305,0.9458519816398621
26390,0.3599446713924408,0.3886653184890747,0.8075588941574097,0.8443019390106201
26391,0.110107421875,0.12298202514648438,1.0,1.0
26392,0.166259765625,0.20547880232334137,0.8213136792182922,0.8819824457168579
26393,0.02083333395421505,0.05962546914815903,0.23463936150074005,0.5516485571861267
26394,0.110107421875,0.152557834982872,1.0,0.9842184782028198
26395,0.267578125,0.34153467416763306,0.41934773325920105,0.7188055515289307
26396,0.9668782353401184,0.9674189686775208,0.892719030380249,0.9812657833099365
26397,0.09375,0.1318359375,0.38685283064842224,0.6509209871292114
26398,0.08203125,0.08203125,0.9197208285331726,0.9197208285331726
26399,0.263671875,0.27398681640625,0.90728360414505,0.9871451258659363
26400,0.110107421875,0.14548586308956146,1.0,0.9950883388519287
26401,0.304931640625,0.382572740316391,0.6151177287101746,0.8363307118415833
26402,0.374755859375,0.43310192227363586,0.6128985285758972,0.8249772191047668
26403,0.166259765625,0.21952173113822937,0.5307213068008423,0.7999240159988403
26404,0.304931640625,0.3719862997531891,1.0,1.0
26405,0.228759765625,0.2600777745246887,1.0,1.0
26406,0.518798828125,0.5500730276107788,1.0,1.0
26407,0.940673828125,0.9421758651733398,1.0,1.0
26408,0.0625,0.0771484375,0.6131471991539001,0.8772153258323669
26409,0.1875,0.1875,1.0,1.0
26410,0.51953125,0.5741580128669739,0.7039180994033813,0.882427453994751
26411,0.946533203125,0.9518455862998962,0.8793432712554932,0.9462568163871765
26412,0.393798828125,0.4287036061286926,0.8579513430595398,0.8461369276046753
26413,0.304931640625,0.34641703963279724,1.0,1.0
26414,0.0625,0.0625,1.0,1.0
26415,0.228759765625,0.28758591413497925,0.6461858153343201,0.9000054597854614
26416,0.518798828125,0.5323523283004761,1.0,1.0
26417,0.374755859375,0.4503483474254608,0.5307213068008423,0.8376364707946777
26418,0.556884765625,0.5927571058273315,0.8308104276657104,0.9355129599571228
26419,0.580322265625,0.605509340763092,1.0,1.0
26420,0.197998046875,0.2886114716529846,0.42267662286758423,0.7339465618133545
26421,0.260498046875,0.33213260769844055,0.8026120662689209,0.9436518549919128
26422,0.9668782353401184,0.9673060774803162,0.892719030380249,0.9146963357925415
26423,0.110107421875,0.15570497512817383,0.5158474445343018,0.7637056708335876
26424,0.260498046875,0.2939985990524292,0.8026120662689209,0.937031090259552
26425,0.3599446713924408,0.410233736038208,0.6497723460197449,0.8222881555557251
26426,0.946533203125,0.9484672546386719,1.0,1.0
26427,0.08203125,0.11296094954013824,0.7039180994033813,0.8990671038627625
26428,0.567138671875,0.5883008241653442,0.9225797057151794,0.9903874397277832
26429,0.0625,0.103759765625,0.27814918756484985,0.5732163786888123
26430,0.110107421875,0.15885654091835022,1.0,1.0
26431,0.518798828125,0.5781562328338623,0.8046129941940308,0.9226486682891846
26432,0.556884765625,0.5850028991699219,0.8308104276657104,0.9505808353424072
26433,0.956298828125,0.9596072435379028,1.0,0.9637885093688965
26434,0.9673665165901184,0.9676147699356079,1.0,0.9916752576828003
26435,0.110107421875,0.1462436020374298,1.0,1.0
26436,0.3599446713924408,0.38406893610954285,0.8075588941574097,0.8390714526176453
26437,0.166259765625,0.22743774950504303,0.5307213068008423,0.817199170589447
26439,0.567138671875,0.5937601327896118,0.9225797057151794,0.9851948618888855
26440,0.228759765625,0.28405657410621643,0.6461858153343201,0.8999919295310974
26441,0.05078125,0.05078125,0.6934263706207275,0.6934263706207275
26442,0.946533203125,0.9511683583259583,1.0,1.0
26443,0.953369140625,0.9572293758392334,0.912726640701294,0.9852511882781982
26444,0.3599446713924408,0.39474260807037354,0.8075588941574097,0.8468409180641174
26445,0.946533203125,0.9517104625701904,0.8793432712554932,0.9550331234931946
26446,0.962158203125,0.9623012542724609,0.9625431895256042,0.9625783562660217
26447,0.09375,0.15666547417640686,0.29608193039894104,0.6699926257133484
26448,0.567138671875,0.5935738682746887,0.7988805174827576,0.9350231289863586
26449,0.110107421875,0.12298202514648438,1.0,1.0
26450,0.260498046875,0.2774209976196289,0.9514426589012146,0.957834780216217
26451,0.23828125,0.31615906953811646,0.43299248814582825,0.7274395227432251
26452,0.08203125,0.093017578125,0.7039180994033813,0.885459840297699
26453,0.197998046875,0.2480265200138092,0.6871474981307983,0.8472230434417725
26454,0.580322265625,0.6014996767044067,1.0,0.9881100654602051
26455,0.110107421875,0.14464408159255981,1.0,0.9672068953514099
26456,0.556884765625,0.5950533747673035,0.8308104276657104,0.9537633061408997
26457,0.146728515625,0.19321131706237793,0.58057701587677,0.784321129322052
26458,0.940673828125,0.9451918005943298,0.8770246505737305,0.9569718837738037
26459,0.146728515625,0.20445367693901062,0.48975956439971924,0.7768999338150024
26460,0.518798828125,0.5684733390808105,0.8046129941940308,0.932027280330658
26461,0.556884765625,0.5799567699432373,0.9594535827636719,0.9673870801925659
26462,0.166259765625,0.2080851048231125,0.6291344165802002,0.8067592978477478
26463,0.091796875,0.11740124225616455,0.7653606534004211,0.9121559262275696
26464,0.304931640625,0.3300743103027344,1.0,1.0
26465,0.946533203125,0.9497243762016296,1.0,1.0
26466,0.146728515625,0.1556549072265625,0.7579237222671509,0.7711718678474426
26467,0.455078125,0.461669921875,0.9385064244270325,0.9860844016075134
26468,0.110107421875,0.16363760828971863,0.5158474445343018,0.7853499054908752
26469,0.580322265625,0.6100305318832397,1.0,0.9920356869697571
26470,0.518798828125,0.5821530222892761,0.6967307925224304,0.8735684752464294
26471,0.228759765625,0.23991775512695312,1.0,1.0
26472,0.260498046875,0.2774209976196289,0.9514426589012146,0.957834780216217
26473,0.2774251401424408,0.30885347723960876,0.8435737490653992,0.9686151742935181
26474,0.197998046875,0.23828314244747162,0.6871474981307983,0.844770073890686
26475,0.0625,0.0625,1.0,1.0
26476,0.03125,0.03125,0.6309297680854797,0.6309297680854797
26477,0.0625,0.0771484375,0.6131471991539001,0.8772153258323669
26478,0.09375,0.1022135391831398,0.5212960839271545,0.6193996071815491
26479,0.946533203125,0.9487946033477783,1.0,0.9927091002464294
26480,0.490234375,0.5211839079856873,0.8556691408157349,0.9674317836761475
26481,0.946533203125,0.948039174079895,1.0,1.0
26482,0.278564453125,0.30566146969795227,0.6298989057540894,0.7384318113327026
26483,0.9444172978401184,0.9485287070274353,0.9456308484077454,0.9861478805541992
26485,0.580322265625,0.6118287444114685,1.0,1.0
26486,0.08203125,0.08203125,0.9197208285331726,0.9197208285331726
26487,0.228759765625,0.2600777745246887,1.0,1.0
26488,0.03125,0.03125,0.6309297680854797,0.6309297680854797
26489,0.110107421875,0.19090357422828674,0.3951442539691925,0.7835652232170105
26490,0.0,0.02734375,0.0,0.5012658834457397
26491,0.197998046875,0.2495885044336319,0.6871474981307983,0.8399064540863037
26492,0.304931640625,0.3746241629123688,1.0,1.0
26493,0.9444172978401184,0.9496524930000305,0.9456308484077454,0.9870172739028931
26494,0.466064453125,0.49950963258743286,0.8656565546989441,0.9420833587646484
26495,0.08203125,0.09576416015625,0.7039180994033813,0.9060254693031311
26496,0.3059895932674408,0.3507665991783142,0.625433623790741,0.7801412343978882
26497,0.166259765625,0.2069864273071289,0.6291344165802002,0.8166524767875671
26498,0.267578125,0.267578125,0.7098097205162048,0.7098097205162048
26499,0.304931640625,0.37751761078834534,1.0,1.0
26500,0.304931640625,0.3709382712841034,1.0,0.9946876764297485
26501,0.431884765625,0.4549567401409149,0.8451594114303589,0.8754563927650452
26502,0.03125,0.1038447767496109,0.11699506640434265,0.5683578252792358
26503,0.2774251401424408,0.3467634916305542,0.8435737490653992,0.9561748504638672
26504,0.556884765625,0.5941409468650818,0.8308104276657104,0.9201732277870178
26505,0.02083333395421505,0.02083333395421505,0.5,0.5
26507,0.03125,0.03125,0.6309297680854797,0.6309297680854797
26508,0.228759765625,0.23991775512695312,1.0,1.0
26509,0.110107421875,0.15885654091835022,1.0,1.0
26510,0.25390625,0.32460784912109375,0.45805788040161133,0.7397878766059875
26511,0.556884765625,0.605199933052063,0.8308104276657104,0.9496755599975586
26512,0.110107421875,0.110107421875,1.0,1.0
26513,0.580322265625,0.6018229722976685,1.0,0.9745779633522034
26515,0.260498046875,0.3635499179363251,0.397238165140152,0.7540524005889893
26516,0.943115234375,0.9438591003417969,0.9849443435668945,0.9853081107139587
26517,0.946533203125,0.9496925473213196,1.0,1.0
26518,0.03125,0.0508161261677742,0.29608193039894104,0.6340499520301819
26519,0.946533203125,0.9565231800079346,0.6577322483062744,0.9132593274116516
26520,0.365234375,0.3982369005680084,0.7136205434799194,0.8129746317863464
26521,0.08984375,0.1285247802734375,0.3951442539691925,0.6391665935516357
26522,0.940673828125,0.9430829286575317,1.0,1.0
26523,0.940673828125,0.9436845779418945,0.9274492263793945,0.970406711101532
26524,0.110107421875,0.155360147356987,1.0,1.0
26525,0.518798828125,0.5631848573684692,0.8046129941940308,0.9284849762916565
26526,0.166259765625,0.19232413172721863,0.8213136792182922,0.8608506917953491
26527,0.166259765625,0.3044317364692688,0.1844630092382431,0.5518865585327148
26528,0.957763671875,0.9578208923339844,0.9265733957290649,0.9278187155723572
26529,0.946533203125,0.9502361416816711,1.0,1.0
26530,0.0625,0.0625,1.0,1.0
26531,0.431884765625,0.4588751792907715,0.8451594114303589,0.8771458268165588
26532,0.091796875,0.091796875,1.0,1.0
26533,0.304931640625,0.3574824333190918,1.0,1.0
26534,0.518798828125,0.539151668548584,1.0,0.9880156517028809
26535,0.580322265625,0.6143213510513306,0.86592036485672,0.9754531979560852
26536,0.110107421875,0.14548586308956146,1.0,0.9950883388519287
26537,0.091796875,0.10552978515625,0.7653606534004211,0.9674680233001709
26538,0.531982421875,0.5530979633331299,0.8617600202560425,0.9177724719047546
26539,0.2774251401424408,0.37310951948165894,0.4175114035606384,0.7610092759132385
26540,0.1875,0.22145995497703552,0.5562983751296997,0.7650898098945618
26541,0.110107421875,0.14022395014762878,1.0,0.9683310389518738
26542,0.0625,0.0625,1.0,1.0
26543,0.2774251401424408,0.3252326250076294,0.8435737490653992,0.9127851724624634
26544,0.05078125,0.08171094954013824,0.5307212471961975,0.7738932371139526
26545,0.943115234375,0.9466506242752075,0.9313938021659851,0.9608279466629028
26547,0.091796875,0.091796875,1.0,1.0
26548,0.939453125,0.9420921802520752,0.9690036177635193,0.9846717715263367
26549,0.2774251401424408,0.3378782272338867,0.8435737490653992,0.9745929837226868
26550,0.03125,0.03125,0.6309297680854797,0.6309297680854797
26551,0.110107421875,0.1462436020374298,1.0,1.0
26552,0.946533203125,0.9492136836051941,1.0,1.0
26554,0.946533203125,0.9565247297286987,0.6577322483062744,0.8985015749931335
26555,0.146728515625,0.20839975774288177,0.48975956439971924,0.7863136529922485
26556,0.304931640625,0.3681248128414154,1.0,0.8992936015129089
26557,0.706298828125,0.7101938724517822,0.7139173746109009,0.8482434749603271
26558,0.304931640625,0.3522448241710663,1.0,0.9629901051521301
26559,0.2774251401424408,0.29676565527915955,0.8435737490653992,0.9469397664070129
26560,0.228759765625,0.29024529457092285,0.439797967672348,0.6996011734008789
26561,0.260498046875,0.3260546326637268,0.8026120662689209,0.9201801419258118
26562,0.228759765625,0.32539787888526917,0.6461858153343201,0.9131222367286682
26563,0.166259765625,0.21265259385108948,0.6291344165802002,0.8265983462333679
26565,0.469970703125,0.47391477227211,0.6737852096557617,0.7278560996055603
26566,0.0,0.012500000186264515,0.0,0.38685280084609985
26567,0.304931640625,0.33916983008384705,1.0,0.9972859025001526
26568,0.228759765625,0.292778342962265,0.6461858153343201,0.9062455892562866
26569,0.091796875,0.091796875,1.0,1.0
26570,0.3599446713924408,0.41369619965553284,0.6497723460197449,0.8295985460281372
26571,0.0625,0.0625,1.0,1.0
26572,0.228759765625,0.2600777745246887,1.0,1.0
26573,0.228759765625,0.25482413172721863,1.0,1.0
26574,0.304931640625,0.35718148946762085,1.0,0.9895544052124023
26575,0.567138671875,0.619605302810669,0.7988805174827576,0.9383230805397034
26576,0.146728515625,0.2629885971546173,0.24239754676818848,0.6559381484985352
26577,0.499755859375,0.5326948761940002,0.9037794470787048,0.9603866934776306
26578,0.9375,0.9375,1.0,1.0
26579,0.304931640625,0.304931640625,1.0,1.0
26580,0.518798828125,0.562605082988739,0.8046129941940308,0.9364759922027588
26581,0.943359375,0.9473648071289062,0.9184463024139404,0.9702796339988708
26582,0.499755859375,0.5275915861129761,0.9037794470787048,0.9880130887031555
26583,0.228759765625,0.2859678268432617,0.6461858153343201,0.9018033742904663
26584,0.197998046875,0.26963260769844055,0.6871474981307983,0.8737707734107971
26585,0.197998046875,0.24754878878593445,0.6871474981307983,0.8352473378181458
26586,0.344482421875,0.36742496490478516,0.690318763256073,0.7789511680603027
26587,0.304931640625,0.34678947925567627,1.0,0.9667569994926453
26588,0.228759765625,0.24828624725341797,1.0,1.0
26589,0.304931640625,0.39170074462890625,0.6151177287101746,0.8564162850379944
26590,0.9444172978401184,0.9457190632820129,1.0,1.0
26591,0.110107421875,0.13263797760009766,1.0,1.0
26592,0.466064453125,0.49301424622535706,0.8656565546989441,0.9388449788093567
26593,0.091796875,0.091796875,1.0,1.0
26594,0.518798828125,0.5861368179321289,0.6967307925224304,0.9113458395004272
26595,0.940673828125,0.9442494511604309,0.9274492263793945,0.9741715788841248
26596,0.946533203125,0.9490066766738892,1.0,0.9870126843452454
26597,0.953369140625,0.9584042429924011,0.912726640701294,0.8918740749359131
26598,0.110107421875,0.1462436020374298,1.0,1.0
26599,0.556884765625,0.582071840763092,0.9594535827636719,0.9681392908096313
26600,0.0625,0.0625,1.0,1.0
26601,0.580322265625,0.6059648990631104,1.0,0.9869644045829773
26602,0.956298828125,0.9573030471801758,1.0,0.9964364171028137
26603,0.110107421875,0.1462436020374298,1.0,1.0
26604,0.260498046875,0.3039199411869049,0.8026120662689209,0.9069170951843262
26605,0.959228515625,0.9594391584396362,0.9394869804382324,0.9352446794509888
26606,0.518798828125,0.5512829422950745,1.0,0.9795331954956055
26607,0.304931640625,0.39170074462890625,0.6151177287101746,0.8564162850379944
26608,0.146728515625,0.22011253237724304,0.48975956439971924,0.7973180413246155
26609,0.110107421875,0.1499060094356537,1.0,0.9918291568756104
26610,0.323974609375,0.36571264266967773,0.6861420273780823,0.8037309646606445
26611,0.1875,0.1875,1.0,1.0
26613,0.499755859375,0.5417343378067017,0.9037794470787048,0.978215754032135
26614,0.304931640625,0.3195981979370117,1.0,1.0
26615,0.110107421875,0.1512162685394287,1.0,1.0
26616,0.3599446713924408,0.3682127594947815,0.8075588941574097,0.8149499893188477
26617,0.580322265625,0.6144845485687256,0.86592036485672,0.9808982014656067
26618,0.393798828125,0.41434812545776367,0.8579513430595398,0.8751682043075562
26619,0.263671875,0.39637839794158936,0.2660166919231415,0.6293783187866211
26620,0.304931640625,0.36518868803977966,1.0,1.0
26621,0.228759765625,0.28344079852104187,0.7660098671913147,0.9444922208786011
26622,0.9507649540901184,0.952974259853363,0.974961519241333,0.9775893092155457
26623,0.940673828125,0.9449781775474548,0.9274492263793945,0.9753525257110596
26624,0.0,0.015625,0.0,0.43067657947540283
26625,0.304931640625,0.36376845836639404,1.0,0.9097563624382019
26626,0.951904296875,0.9537144303321838,1.0,1.0
26627,0.488037109375,0.5149229168891907,0.8785831332206726,0.9447877407073975
26628,0.09375,0.11685943603515625,0.4581993520259857,0.6418781876564026
26629,0.9444172978401184,0.9472125768661499,0.9456308484077454,0.9884346723556519
26630,0.304931640625,0.3585476875305176,1.0,0.986483097076416
26631,0.0625,0.0771484375,0.6131471991539001,0.8772153258323669
26632,0.110107421875,0.15709972381591797,0.5158474445343018,0.7698986530303955
26633,0.9444172978401184,0.9494965672492981,0.9456308484077454,0.9868384003639221
26634,0.146728515625,0.146728515625,0.7579237222671509,0.7579237222671509
26635,0.146728515625,0.20140953361988068,0.58057701587677,0.8058983087539673
26636,0.263671875,0.2753836214542389,0.90728360414505,0.9555240869522095
26637,0.166259765625,0.19163091480731964,0.6291344165802002,0.7646945714950562
26638,0.9444172978401184,0.9465051889419556,1.0,1.0
26639,0.304931640625,0.3642254173755646,1.0,0.9950883388519287
26640,0.2774251401424408,0.3487432897090912,0.5188971757888794,0.7817558646202087
26641,0.556884765625,0.5898097157478333,0.8308104276657104,0.935397744178772
26642,0.212890625,0.23223114013671875,0.8789618015289307,0.9684776067733765
26643,0.110107421875,0.1462436020374298,1.0,1.0
26645,0.488037109375,0.5124731063842773,0.8785831332206726,0.9642734527587891
26646,0.197998046875,0.2374836951494217,0.6871474981307983,0.8377016186714172
26647,0.110107421875,0.16209903359413147,0.3951442539691925,0.6696717143058777
26648,0.488037109375,0.524743914604187,0.8785831332206726,0.9555438756942749
26649,0.304931640625,0.34369325637817383,1.0,0.9896062016487122
26650,0.943359375,0.9462555050849915,0.9184463024139404,0.9866233468055725
26651,0.488037109375,0.5159267783164978,0.8785831332206726,0.9589781165122986
26653,0.02083333395421505,0.0292038694024086,0.3065735995769501,0.5109560489654541
26654,0.9444172978401184,0.9444172978401184,1.0,1.0
26655,0.1106770858168602,0.2209366261959076,0.2302355170249939,0.6326136589050293
26656,0.490234375,0.5329025387763977,0.6884825229644775,0.8958418965339661
26657,0.03125,0.03125,0.6309297680854797,0.6309297680854797
26659,0.110107421875,0.11869049072265625,1.0,0.9709285497665405
26662,0.304931640625,0.3482896387577057,1.0,0.9933390021324158
26663,0.110107421875,0.11869049072265625,1.0,0.9709285497665405
26664,0.0,0.008928571827709675,0.0,0.3333333432674408
26666,0.304931640625,0.3300743103027344,1.0,1.0
26668,0.263671875,0.31235069036483765,0.7653606534004211,0.9107721447944641
26669,0.228759765625,0.30214378237724304,0.6461858153343201,0.9114574790000916
26671,0.110107421875,0.155360147356987,1.0,1.0
26672,0.146728515625,0.23404301702976227,0.3012597858905792,0.6592717170715332
26673,0.0625,0.1732722669839859,0.08391720056533813,0.4979688227176666
26674,0.51953125,0.5402036309242249,0.8129132390022278,0.8852032423019409
26675,0.304931640625,0.35808858275413513,1.0,0.8987867832183838
26676,0.51953125,0.5375763177871704,0.8129132390022278,0.9124683737754822
26677,0.228759765625,0.228759765625,1.0,1.0
26678,0.304931640625,0.3680547773838043,1.0,0.9368077516555786
26679,0.263671875,0.2695661187171936,0.90728360414505,0.9690945744514465
26680,0.0625,0.12354560196399689,0.23463936150074005,0.610924243927002
26681,0.09375,0.14008788764476776,0.35098522901535034,0.6623051166534424
26682,0.166259765625,0.166259765625,0.8213136792182922,0.8213136792182922
26683,0.110107421875,0.12298202514648438,1.0,1.0
26684,0.606689453125,0.6374539732933044,1.0,0.9909496307373047
26685,0.365234375,0.418435662984848,0.5741883516311646,0.810515284538269
26686,0.606689453125,0.6133636236190796,1.0,0.9918887615203857
26687,0.304931640625,0.3195981979370117,1.0,1.0
26688,0.946533203125,0.9541131854057312,0.8026000261306763,0.937168538570404
26689,0.091796875,0.091796875,1.0,1.0
26690,0.946533203125,0.9484672546386719,1.0,1.0
26691,0.166259765625,0.23961421847343445,0.5307213068008423,0.8209047913551331
26692,0.212890625,0.2508934736251831,0.8789618015289307,0.9672694206237793
26693,0.571533203125,0.5770525932312012,0.6676040887832642,0.7811697721481323
26694,0.946533203125,0.9518674612045288,1.0,0.9964659214019775
26695,0.110107421875,0.12298202514648438,1.0,1.0
26696,0.304931640625,0.3708950877189636,0.6151177287101746,0.8110710978507996
26697,0.304931640625,0.4029647707939148,0.30563369393348694,0.667226254940033
26698,0.08203125,0.1003744900226593,0.7039180994033813,0.7529988288879395
26699,0.110107421875,0.1626770794391632,0.5158474445343018,0.7760408520698547
26700,0.110107421875,0.12298202514648438,1.0,1.0
26701,0.304931640625,0.3663727343082428,1.0,0.9968176484107971
26702,0.518798828125,0.5640016794204712,1.0,0.9551260471343994
26703,0.146728515625,0.22164767980575562,0.48975956439971924,0.7889878153800964
26704,0.146728515625,0.2502858638763428,0.3012597858905792,0.7070111036300659
26705,0.091796875,0.1437959522008896,0.7653606534004211,0.8899540901184082
26706,0.263671875,0.263671875,1.0,1.0
26707,0.2774251401424408,0.32105880975723267,0.8435737490653992,0.9411908984184265
26708,0.466064453125,0.4932160973548889,1.0,1.0
26709,0.518798828125,0.5527504682540894,0.8046129941940308,0.916542112827301
26711,0.166259765625,0.23034857213497162,0.5307213068008423,0.827219545841217
26712,0.304931640625,0.3947643041610718,0.49493172764778137,0.8014037013053894
26713,0.323974609375,0.376179039478302,0.5520787835121155,0.7685254812240601
26714,0.304931640625,0.32504576444625854,1.0,0.9828920364379883
26715,0.23828125,0.24653320014476776,0.8344475626945496,0.9061827659606934
26716,0.956298828125,0.9594385623931885,1.0,0.988205075263977
26717,0.946533203125,0.9519174098968506,0.8793432712554932,0.9447158575057983
26719,0.304931640625,0.36835190653800964,1.0,0.9148568511009216
26720,0.110107421875,0.110107421875,1.0,1.0
26721,0.0,0.1230601817369461,0.0,0.6198962926864624
26722,0.5757650136947632,0.5809894800186157,0.5708760023117065,0.7743149399757385
26723,0.260498046875,0.260498046875,0.9514426589012146,0.9514426589012146
26724,0.556884765625,0.5916745066642761,0.9594535827636719,0.9740146398544312
26725,0.304931640625,0.3585476875305176,1.0,0.986483097076416
26726,0.110107421875,0.15885654091835022,1.0,1.0
26727,0.431884765625,0.4699779450893402,0.7318407297134399,0.8794398307800293
26728,0.571533203125,0.5787848830223083,0.49935534596443176,0.7435006499290466
26729,0.953369140625,0.9562992453575134,1.0,0.9856126308441162
26730,0.304931640625,0.31855058670043945,1.0,0.9957497715950012
26731,0.02083333395421505,0.0851818323135376,0.07821311801671982,0.409180611371994
26732,0.967041015625,0.9673258662223816,1.0,1.0
26733,0.150390625,0.16229248046875,0.7002755999565125,0.8045321106910706
26734,0.946533203125,0.9502834677696228,1.0,0.9971950054168701
26735,0.228759765625,0.2628687918186188,1.0,0.9030553102493286
26736,0.518798828125,0.5858272314071655,0.6967307925224304,0.9362726807594299
26737,0.03125,0.103759765625,0.11699506640434265,0.5717853903770447
26738,0.1875,0.1875,1.0,1.0
26739,0.110107421875,0.110107421875,1.0,1.0
26740,0.393798828125,0.42806944251060486,0.690318763256073,0.8007060885429382
26741,0.146728515625,0.22398065030574799,0.48975956439971924,0.7466472387313843
26742,0.304931640625,0.3694836497306824,1.0,0.938636302947998
26743,0.304931640625,0.35998010635375977,0.6151177287101746,0.7841101884841919
26744,0.943115234375,0.9503618478775024,0.6597968339920044,0.8470889329910278
26745,0.946533203125,0.9518941640853882,1.0,1.0
26746,0.304931640625,0.37751758098602295,1.0,1.0
26747,0.606689453125,0.63691246509552,1.0,0.9886231422424316
26749,0.263671875,0.263671875,1.0,1.0
26750,0.46875,0.47724664211273193,0.3645033836364746,0.5768090486526489
26751,0.304931640625,0.35620465874671936,1.0,0.9897477626800537
26752,0.946533203125,0.9514259099960327,1.0,1.0
26753,0.14453125,0.2063942402601242,0.5307213068008423,0.7690023183822632
26754,0.953369140625,0.9581617116928101,0.912726640701294,0.989815354347229
26755,0.946533203125,0.950294554233551,1.0,0.9912489652633667
26756,0.278564453125,0.33999544382095337,0.5692896842956543,0.7842040061950684
26757,0.08203125,0.08203125,0.9197208285331726,0.9197208285331726
26758,0.05078125,0.06451416015625,0.5307212471961975,0.732828676700592
26759,0.518798828125,0.5934381484985352,0.6967307925224304,0.9246676564216614
26760,0.940673828125,0.9468127489089966,0.8770246505737305,0.9103947877883911
26761,0.499755859375,0.5381669998168945,0.9037794470787048,0.9702534675598145
26762,0.304931640625,0.38914287090301514,0.49493172764778137,0.8067533373832703
26763,0.5694173574447632,0.5792818069458008,0.4055802822113037,0.7354471683502197
26764,0.03125,0.03125,0.6309297680854797,0.6309297680854797
26765,0.431884765625,0.47738778591156006,0.7318407297134399,0.8857980370521545
26766,0.580322265625,0.5923728942871094,1.0,1.0
26767,0.110107421875,0.12845373153686523,1.0,0.9747428894042969
26768,0.953369140625,0.9571319222450256,1.0,0.9794657230377197
26769,0.110107421875,0.155360147356987,1.0,1.0
26770,0.956298828125,0.9593580365180969,1.0,1.0
26771,0.9507649540901184,0.9575219750404358,0.7292529344558716,0.9205378293991089
26772,0.260498046875,0.3236229121685028,0.8026120662689209,0.8163632154464722
26773,0.946533203125,0.9493454098701477,1.0,0.9908930063247681
26774,0.304931640625,0.3551950454711914,1.0,0.971921443939209
26775,0.606689453125,0.6381915807723999,1.0,1.0
26776,0.956298828125,0.9593254923820496,1.0,1.0
26778,0.466064453125,0.5575674772262573,0.5450960993766785,0.8645000457763672
26779,0.228759765625,0.30227622389793396,0.6461858153343201,0.8869889378547668
26780,0.110107421875,0.110107421875,1.0,1.0
26781,0.304931640625,0.37558865547180176,1.0,0.9575862288475037
26782,0.606689453125,0.6320451498031616,1.0,0.996995210647583
26783,0.2774251401424408,0.37320345640182495,0.5188971757888794,0.794435977935791
26784,0.304931640625,0.37462419271469116,1.0,1.0
26785,0.260498046875,0.29836559295654297,0.8026120662689209,0.9304487705230713
26786,0.150390625,0.17825737595558167,0.7002755999565125,0.8055726885795593
26787,0.02083333395421505,0.0501302108168602,0.13770577311515808,0.432016521692276
26788,0.09375,0.09375,0.6309297680854797,0.6309297680854797
26789,0.567138671875,0.5858486294746399,0.9225797057151794,0.9526863694190979
26790,0.606689453125,0.635677695274353,1.0,0.9553866386413574
26791,0.304931640625,0.3574824333190918,1.0,1.0
26792,0.9673665165901184,0.9676057696342468,1.0,0.9632965326309204
26793,0.9444172978401184,0.9475277066230774,0.9456308484077454,0.9657310843467712
26794,0.2774251401424408,0.35817983746528625,0.8435737490653992,0.9637973308563232
26795,0.23828125,0.33699241280555725,0.30167919397354126,0.6949213147163391
26796,0.946533203125,0.9500964283943176,1.0,0.9971538186073303
26797,0.365234375,0.40061914920806885,0.7136205434799194,0.8360584378242493
26798,0.146728515625,0.1980275809764862,0.58057701587677,0.7956300973892212
26799,0.3599446713924408,0.4227738380432129,0.5626510977745056,0.839694082736969
26800,0.304931640625,0.3610042631626129,1.0,0.8800456523895264
26801,0.09375,0.16773121058940887,0.29608193039894104,0.6838829517364502
26802,0.9444172978401184,0.9506319761276245,0.8315341472625732,0.9468756914138794
26803,0.2774251401424408,0.3083024322986603,1.0,1.0
26804,0.951904296875,0.9558441042900085,0.8690900206565857,0.9662991166114807
26805,0.967041015625,0.9675614833831787,0.9284793138504028,0.9902975559234619
26806,0.951904296875,0.9550549387931824,0.9521908760070801,0.9862204790115356
26807,0.03125,0.041015625,0.38685283064842224,0.6052602529525757
26808,0.959228515625,0.9592781066894531,0.9394869804382324,0.9404743313789368
26809,0.1106770858168602,0.138479083776474,0.5792374610900879,0.7207346558570862
26810,0.304931640625,0.3460031747817993,1.0,1.0
26812,0.946533203125,0.9540391564369202,0.7083972692489624,0.8919260501861572
26813,0.951171875,0.9567026495933533,0.8472716808319092,0.9536914229393005
26815,0.260498046875,0.3354435861110687,0.8026120662689209,0.9357110261917114
26816,0.263671875,0.34438928961753845,0.4707868993282318,0.74595707654953
26817,0.580322265625,0.6053650975227356,1.0,0.9936176538467407
26818,0.518798828125,0.5733910799026489,0.8046129941940308,0.9527822136878967
26819,0.946533203125,0.9515295624732971,1.0,0.9954325556755066
26820,0.9466145634651184,0.9475072026252747,0.9288777112960815,0.9478894472122192
26822,0.580322265625,0.6135860085487366,0.86592036485672,0.9352555274963379
26823,0.261474609375,0.31956034898757935,0.49493172764778137,0.7344797849655151
26824,0.3599446713924408,0.42050081491470337,0.5626510977745056,0.8257721662521362
26825,0.110107421875,0.1433473527431488,1.0,0.9815441966056824
26826,0.228759765625,0.29695889353752136,0.3974803686141968,0.5723671317100525
26828,0.518798828125,0.5629533529281616,1.0,0.9959160089492798
26829,0.940673828125,0.9458973407745361,0.8770246505737305,0.9539573192596436
26830,0.110107421875,0.110107421875,1.0,1.0
26831,0.606689453125,0.640754222869873,1.0,0.9950883388519287
26832,0.260498046875,0.34132516384124756,0.49370092153549194,0.774105966091156
26833,0.212890625,0.2337188720703125,0.8789618015289307,0.9751957654953003
26834,0.580322265625,0.60813307762146,1.0,0.954603910446167
26835,0.228759765625,0.28890249133110046,0.6461858153343201,0.9171613454818726
26836,0.466064453125,0.5204294919967651,0.7823625802993774,0.9420124888420105
26837,0.304931640625,0.3543332517147064,1.0,0.9943985342979431
26838,0.150390625,0.1686684787273407,0.7002755999565125,0.8016472458839417
26839,0.110107421875,0.16116158664226532,0.5158474445343018,0.7700380682945251
26840,0.110107421875,0.110107421875,1.0,1.0
26841,0.304931640625,0.3680547773838043,0.6151177287101746,0.7242673635482788
26842,0.2122395932674408,0.2550937533378601,0.5188971757888794,0.6438037753105164
26843,0.606689453125,0.6408352851867676,1.0,0.9847546815872192
26844,0.166259765625,0.18929490447044373,0.8213136792182922,0.8473931550979614
26845,0.967041015625,0.9676613211631775,0.8122885227203369,0.9472742080688477
26846,0.263671875,0.3336282968521118,0.7653606534004211,0.7247624397277832
26847,0.110107421875,0.16736531257629395,0.3333333134651184,0.6095725297927856
26848,0.03125,0.03125,0.6309297680854797,0.6309297680854797
26849,0.304931640625,0.37751761078834534,1.0,1.0
26850,0.2122395932674408,0.26548948884010315,0.4175114035606384,0.5515848994255066
26851,0.304931640625,0.3321695327758789,1.0,0.9891412258148193
26852,0.2774251401424408,0.3343409597873688,0.8435737490653992,0.8854864835739136
26853,0.304931640625,0.3709300458431244,0.6151177287101746,0.7786834239959717
26854,0.091796875,0.1399693489074707,0.3948093354701996,0.7107425928115845
26855,0.606689453125,0.623401939868927,1.0,0.9331375956535339
26856,0.091796875,0.091796875,1.0,1.0
26857,0.606689453125,0.6171395778656006,1.0,0.9948294758796692
26858,0.03125,0.03125,0.6309297680854797,0.6309297680854797
26859,0.466064453125,0.466064453125,1.0,1.0
26860,0.567138671875,0.6143750548362732,0.7988805174827576,0.9656833410263062
26861,0.0,0.18122556805610657,0.0,0.6047157049179077
26862,0.9668782353401184,0.9671022891998291,0.9614850282669067,0.9895312786102295
26863,0.3599446713924408,0.4131367802619934,0.6497723460197449,0.8311941623687744
26864,0.14453125,0.19526264071464539,0.5307213068008423,0.695574164390564
26865,0.499755859375,0.5538850426673889,0.9037794470787048,0.9748449921607971
26866,0.2044270783662796,0.2322290688753128,0.8472668528556824,0.94448322057724
26867,0.499755859375,0.5531288981437683,0.9037794470787048,0.9710733294487
26868,0.946533203125,0.950960636138916,1.0,0.9891142845153809
26869,0.3599446713924408,0.41325142979621887,0.5626510977745056,0.8069637417793274
26871,0.304931640625,0.39182937145233154,0.49493172764778137,0.7905065417289734
26872,0.304931640625,0.38790783286094666,0.6151177287101746,0.8473049402236938
26873,0.455078125,0.5344153642654419,0.5907889604568481,0.871799647808075
26874,0.03125,0.03125,0.6309297680854797,0.6309297680854797
26875,0.490234375,0.538260817527771,0.8556691408157349,0.9495882987976074
26876,0.110107421875,0.1761167049407959,0.3951442539691925,0.7426412105560303
26877,0.0625,0.0625,1.0,1.0
26878,0.304931640625,0.36630895733833313,1.0,0.9378573298454285
26879,0.0625,0.081085205078125,0.4692787230014801,0.7988615036010742
26880,0.2774251401424408,0.34820157289505005,0.5188971757888794,0.7665479183197021
26881,0.091796875,0.091796875,1.0,1.0
26882,0.304931640625,0.37751761078834534,1.0,1.0
26883,0.110107421875,0.17679226398468018,0.5158474445343018,0.8179474472999573
26884,0.14453125,0.17746704816818237,0.6291344165802002,0.7558594346046448
26885,0.0625,0.12639805674552917,0.23463936150074005,0.6089837551116943
26886,0.260498046875,0.31186336278915405,0.8026120662689209,0.9291384220123291
26887,0.197998046875,0.2667961120605469,0.6871474981307983,0.8614688515663147
26888,0.091796875,0.091796875,1.0,1.0
26889,0.606689453125,0.6379274129867554,1.0,0.9871949553489685
26890,0.0,0.015625,0.0,0.43067657947540283
26891,0.304931640625,0.4057716131210327,0.4285714626312256,0.7527613639831543
26892,0.05078125,0.06451416015625,0.5307212471961975,0.732828676700592
26893,0.946533203125,0.951259434223175,1.0,0.9984616041183472
26894,0.260498046875,0.3032127916812897,0.8026120662689209,0.8958254456520081
26895,0.08984375,0.08984375,0.5868826508522034,0.5868826508522034
26897,0.110107421875,0.18545380234718323,0.3333333134651184,0.7333571314811707
26898,0.110107421875,0.155360147356987,1.0,1.0
26899,0.2774251401424408,0.3114149868488312,1.0,0.9629660844802856
26900,0.228759765625,0.2706893980503082,0.7660098671913147,0.925660252571106
26901,0.228759765625,0.3351517915725708,0.3974803686141968,0.7602238059043884
26902,0.091796875,0.12775571644306183,0.7653606534004211,0.7797775268554688
26903,0.2774251401424408,0.34905970096588135,0.8435737490653992,0.9684426188468933
26904,0.197998046875,0.22887535393238068,0.8145672082901001,0.8614060878753662
26905,0.197998046875,0.2586335837841034,0.6871474981307983,0.8600691556930542
26906,0.304931640625,0.37558865547180176,1.0,1.0
26907,0.05078125,0.10444535315036774,0.2097114622592926,0.4924595355987549
26908,0.374755859375,0.39683008193969727,0.8428282141685486,0.8659799098968506
26909,0.5694172978401184,0.574018657207489,0.6197949647903442,0.735554575920105
26910,0.197998046875,0.25695252418518066,0.42267662286758423,0.6605198979377747
26912,0.146728515625,0.2130231261253357,0.48975956439971924,0.7957568168640137
26913,0.228759765625,0.228759765625,1.0,1.0
26914,0.166259765625,0.1990828514099121,0.6291344165802002,0.7905480265617371
26915,0.110107421875,0.16364791989326477,0.5158474445343018,0.7421885132789612
26916,0.606689453125,0.6344943046569824,1.0,0.9983358979225159
26917,0.940673828125,0.944976270198822,0.8770246505737305,0.9358106851577759
26919,0.0625,0.0625,1.0,1.0
26920,0.110107421875,0.14018169045448303,1.0,1.0
26921,0.05078125,0.08762036263942719,0.5307212471961975,0.7762007117271423
26922,0.0,0.013671875,0.0,0.3706657290458679
26923,0.953369140625,0.955786943435669,1.0,0.9938894510269165
26924,0.08203125,0.12588068842887878,0.7039180994033813,0.9132861495018005
26925,0.146728515625,0.2423231303691864,0.2098969668149948,0.6195431351661682
26926,0.02083333395421505,0.0849190279841423,0.07821311801671982,0.5181931257247925
26927,0.967041015625,0.9673144817352295,1.0,0.9934499263763428
26928,0.03125,0.03125,0.6309297680854797,0.6309297680854797
26929,0.304931640625,0.36701491475105286,1.0,1.0
26930,0.02083333395421505,0.0519612655043602,0.12103812396526337,0.3941311240196228
26931,0.2774251401424408,0.3218843340873718,0.8435737490653992,0.9621445536613464
26932,0.953369140625,0.957486093044281,0.912726640701294,0.9590505957603455
26933,0.304931640625,0.36701491475105286,1.0,1.0
26934,0.304931640625,0.36645185947418213,1.0,0.9304357171058655
26935,0.518798828125,0.5538082718849182,1.0,1.0
26936,0.0625,0.0625,1.0,1.0
26937,0.518798828125,0.5670474767684937,1.0,1.0
26938,0.518798828125,0.566939115524292,0.8046129941940308,0.9182294011116028
26939,0.228759765625,0.2660452127456665,0.7660098671913147,0.8518171906471252
26940,0.946533203125,0.949887752532959,1.0,0.9775909185409546
26941,0.197998046875,0.21977771818637848,0.8145672082901001,0.8442290425300598
26942,0.304931640625,0.3611045181751251,1.0,0.9956689476966858
26943,0.110107421875,0.1549457609653473,1.0,0.9337458610534668
26944,0.959228515625,0.9596425890922546,0.9394869804382324,0.9336756467819214
26945,0.580322265625,0.6172583699226379,0.86592036485672,0.9686822891235352
26946,0.304931640625,0.3663727343082428,1.0,0.9968176484107971
26947,0.146728515625,0.24997477233409882,0.3012597858905792,0.6509344577789307
26948,0.9668782353401184,0.9671161770820618,0.9614850282669067,0.9948909878730774
26950,0.556884765625,0.5708003640174866,0.9594535827636719,0.9604506492614746
26951,0.1875,0.1875,1.0,1.0
26952,0.0,0.015625,0.0,0.43067657947540283
26953,0.304931640625,0.3753248453140259,1.0,0.9558305144309998
26954,0.943115234375,0.94856858253479,0.9313938021659851,0.9691413044929504
26955,0.431884765625,0.4671558439731598,0.7318407297134399,0.6759021878242493
26956,0.110107421875,0.16067363321781158,0.3951442539691925,0.6668844819068909
26958,0.146728515625,0.21625275909900665,0.48975956439971924,0.7749232053756714
26959,0.03125,0.03125,0.6309297680854797,0.6309297680854797
26960,0.146728515625,0.21904225647449493,0.48975956439971924,0.7108341455459595
26961,0.110107421875,0.13263797760009766,1.0,1.0
26962,0.2774251401424408,0.28709539771080017,1.0,1.0
26963,0.967041015625,0.9674797654151917,0.9284793138504028,0.9835339784622192
26964,0.197998046875,0.2964317798614502,0.23883214592933655,0.5419883131980896
26965,0.9507649540901184,0.9551674127578735,0.8898733854293823,0.9350298047065735
26966,0.571533203125,0.5786759257316589,0.6093400716781616,0.7961261868476868
26967,0.940673828125,0.946199357509613,0.8770246505737305,0.9533290863037109
26969,0.260498046875,0.29396432638168335,0.8026120662689209,0.907419741153717
26970,0.466064453125,0.48774614930152893,1.0,1.0
26971,0.9444172978401184,0.9497576951980591,0.9456308484077454,0.976645827293396
26972,0.0,0.015625,0.0,0.43067657947540283
26973,0.393798828125,0.4320273995399475,0.8579513430595398,0.8879340291023254
26974,0.110107421875,0.12472546100616455,1.0,0.950531005859375
26975,0.488037109375,0.5577588081359863,0.6121358871459961,0.802632749080658
26976,0.0625,0.0625,1.0,1.0
26977,0.304931640625,0.3398453891277313,1.0,0.9899959564208984
26978,0.304931640625,0.3815518915653229,0.6151177287101746,0.8366618156433105
26979,0.304931640625,0.3300743103027344,1.0,1.0
26980,0.110107421875,0.1512162685394287,1.0,1.0
26981,0.146728515625,0.204522043466568,0.58057701587677,0.7835386395454407
26982,0.197998046875,0.2500694990158081,0.6871474981307983,0.7526522874832153
26983,0.9444172978401184,0.9492382407188416,0.9456308484077454,0.9705162644386292
26984,0.518798828125,0.5500730276107788,1.0,1.0
26985,0.4375,0.45443856716156006,0.8609101176261902,0.9433268308639526
26986,0.219970703125,0.26565390825271606,0.49370092153549194,0.6858435869216919
26987,0.091796875,0.12556716799736023,0.3948093354701996,0.6562496423721313
26988,0.2774251401424408,0.33577418327331543,0.8435737490653992,0.9750685691833496
26989,0.110107421875,0.155360147356987,1.0,1.0
26990,0.518798828125,0.5774879455566406,0.6967307925224304,0.9170804619789124
26991,0.05078125,0.12344822287559509,0.17690707743167877,0.5517095923423767
26992,0.228759765625,0.24689149856567383,1.0,0.9938070774078369
26993,0.374755859375,0.4396377503871918,0.6128985285758972,0.8408905267715454
26994,0.304931640625,0.3573589324951172,1.0,0.9880723357200623
26995,0.091796875,0.091796875,1.0,1.0
26996,0.05078125,0.12272081524133682,0.17690707743167877,0.48494696617126465
26997,0.1106770858168602,0.1672307848930359,0.4437016248703003,0.7315117716789246
26998,0.940673828125,0.9447636008262634,0.9274492263793945,0.9722579121589661
26999,0.03125,0.056884765625,0.29608193039894104,0.6797310709953308
27000,0.374755859375,0.40732407569885254,0.7617307901382446,0.8421393632888794
27001,0.228759765625,0.29071497917175293,0.6461858153343201,0.8688701391220093
27002,0.304931640625,0.3726564645767212,1.0,0.9895947575569153
27003,0.556884765625,0.5809403657913208,0.9594535827636719,0.9167079329490662
27004,0.03125,0.03125,0.6309297680854797,0.6309297680854797
27005,0.580322265625,0.6132336854934692,0.86592036485672,0.9572240710258484
27006,0.304931640625,0.38618791103363037,0.6151177287101746,0.8477012515068054
27007,0.260498046875,0.3442510962486267,0.8026120662689209,0.9476170539855957
27009,0.580322265625,0.6092028617858887,1.0,1.0
27010,0.3599446713924408,0.41114342212677,0.6497723460197449,0.8254302740097046
27011,0.304931640625,0.3653188943862915,1.0,0.992743730545044
27012,0.260498046875,0.2883000373840332,0.8026120662689209,0.9195472002029419
27013,0.304931640625,0.3732230067253113,1.0,0.9897118806838989
27014,0.951904296875,0.9570685625076294,0.8690900206565857,0.9499263167381287
27015,0.110107421875,0.1588565558195114,1.0,1.0
27016,0.518798828125,0.5644957423210144,1.0,0.9960023760795593
27017,0.260498046875,0.29682478308677673,0.8026120662689209,0.7781649827957153
27018,0.304931640625,0.3543332517147064,1.0,0.9943985342979431
27019,0.25390625,0.2664031982421875,0.6298989057540894,0.685505211353302
27020,0.580322265625,0.62224942445755,0.86592036485672,0.9573216438293457
27021,0.212890625,0.22479248046875,0.8789618015289307,0.9832184314727783
27022,0.08984375,0.1756007820367813,0.3333333134651184,0.7222002148628235
27023,0.304931640625,0.37462419271469116,1.0,1.0
27024,0.110107421875,0.110107421875,1.0,1.0
27025,0.0,0.0267857164144516,0.0,0.3333333432674408
27026,0.08203125,0.08203125,0.9197208285331726,0.9197208285331726
27027,0.606689453125,0.6296992897987366,1.0,0.9699081778526306
27028,0.953369140625,0.9564416408538818,0.912726640701294,0.9786341190338135
27029,0.228759765625,0.30105912685394287,0.6461858153343201,0.9288164973258972
27030,0.166259765625,0.23793642222881317,0.5307213068008423,0.8147323131561279
27031,0.02083333395421505,0.07232088595628738,0.23463936150074005,0.7211558222770691
27032,0.110107421875,0.15885654091835022,1.0,1.0
27033,0.110107421875,0.14018169045448303,1.0,1.0
27034,0.3059895932674408,0.3587992191314697,0.625433623790741,0.7436095476150513
27036,0.9444172978401184,0.9506652355194092,0.9456308484077454,0.9374945163726807
27037,0.580322265625,0.6106101274490356,1.0,0.9955577254295349
27038,0.212890625,0.26008737087249756,0.67329341173172,0.8818142414093018
27039,0.091796875,0.14557325839996338,0.3948093354701996,0.7258541584014893
27040,0.2774251401424408,0.35101598501205444,0.8435737490653992,0.9099283814430237
27041,0.0625,0.0625,0.5,0.5
27042,0.110107421875,0.110107421875,1.0,1.0
27043,0.943115234375,0.9482746124267578,0.9313938021659851,0.9407324194908142
27044,0.9375,0.9375,1.0,1.0
27045,0.946533203125,0.9516600370407104,1.0,0.9988051056861877
27046,0.567138671875,0.567138671875,1.0,1.0
27047,0.9668782353401184,0.9669354557991028,1.0,1.0
27048,0.110107421875,0.13263797760009766,1.0,1.0
27049,0.9507649540901184,0.9537564516067505,0.974961519241333,0.9772999286651611
27050,0.05078125,0.05078125,0.6934263706207275,0.6934263706207275
27051,0.110107421875,0.15194988250732422,0.5158474445343018,0.75218665599823
27053,0.4375,0.45965495705604553,0.7452524900436401,0.8791127800941467
27054,0.110107421875,0.110107421875,1.0,1.0
27055,0.943115234375,0.9507685303688049,0.819014847278595,0.9408042430877686
27056,0.304931640625,0.40275824069976807,0.34757038950920105,0.6762201189994812
27057,0.940673828125,0.9448800683021545,0.9274492263793945,0.9791569113731384
27058,0.4375,0.5136210918426514,0.6735438704490662,0.807563304901123
27060,0.110107421875,0.17667034268379211,0.3951442539691925,0.7426000833511353
27061,0.091796875,0.13505694270133972,0.7653606534004211,0.9453079104423523
27062,0.0625,0.0625,1.0,1.0
27063,0.3599446713924408,0.3893479108810425,0.8075588941574097,0.8362884521484375
27064,0.110107421875,0.14018169045448303,1.0,1.0
27065,0.531982421875,0.5522003769874573,0.8617600202560425,0.9256046414375305
27066,0.166259765625,0.23167836666107178,0.5307213068008423,0.7542889714241028
27067,0.08203125,0.16446441411972046,0.23463936150074005,0.6816038489341736
27068,0.556884765625,0.573137104511261,0.9594535827636719,0.9530242085456848
27069,0.304931640625,0.3394179046154022,1.0,0.9879564046859741
27070,0.03125,0.0716959685087204,0.15273310244083405,0.5065490007400513
27071,0.267578125,0.31859588623046875,0.41934773325920105,0.6795827746391296
27072,0.197998046875,0.2688962519168854,0.42267662286758423,0.671959400177002
27073,0.146728515625,0.19767451286315918,0.58057701587677,0.7970238327980042
27074,0.940673828125,0.940673828125,1.0,1.0
27075,0.23828125,0.3344077467918396,0.43299248814582825,0.738146960735321
27076,0.940673828125,0.9439237713813782,1.0,1.0
27077,0.304931640625,0.3449372947216034,1.0,0.9838137626647949
27078,0.1875,0.23560333251953125,0.4692787230014801,0.6648551225662231
27079,0.228759765625,0.25848710536956787,1.0,0.992773711681366
27081,0.44140625,0.44219970703125,0.6036984324455261,0.6284602284431458
27082,0.146728515625,0.15788650512695312,0.7579237222671509,0.7807790040969849
27083,0.946533203125,0.9564138650894165,0.7083972692489624,0.9180387258529663
27084,0.5694173574447632,0.5733801126480103,0.7048385143280029,0.7709986567497253
27085,0.304931640625,0.38040223717689514,0.4285714626312256,0.6383281350135803
27086,0.940673828125,0.9434144496917725,1.0,1.0
27087,0.968017578125,0.9680278301239014,1.0,0.9961627721786499
27088,0.110107421875,0.17145399749279022,0.5158474445343018,0.8032286167144775
27090,0.14453125,0.22167633473873138,0.5307213068008423,0.7973561882972717
27091,0.953369140625,0.9564220905303955,0.912726640701294,0.9548453092575073
27092,0.606689453125,0.6427099704742432,1.0,1.0
27093,0.091796875,0.14240632951259613,0.3948093354701996,0.7185060977935791
27096,0.260498046875,0.2701683044433594,0.9514426589012146,0.9550337791442871
27097,0.560546875,0.6118074655532837,0.7653606534004211,0.9400110244750977
27098,0.110107421875,0.15709972381591797,0.5158474445343018,0.7698986530303955
27099,0.091796875,0.091796875,1.0,1.0
27100,0.091796875,0.091796875,1.0,1.0
27101,0.150390625,0.20671024918556213,0.4525081515312195,0.7637507915496826
27102,0.091796875,0.11887025833129883,0.7653606534004211,0.8851119875907898
27103,0.304931640625,0.3530694544315338,1.0,1.0
27104,0.110107421875,0.14018169045448303,1.0,1.0
27105,0.197998046875,0.22237426042556763,0.6871474981307983,0.7967625856399536
27106,0.466064453125,0.49072974920272827,1.0,1.0
27107,0.2774251401424408,0.35895246267318726,0.8435737490653992,0.9233866333961487
27108,0.228759765625,0.228759765625,1.0,1.0
27109,0.228759765625,0.29318374395370483,0.6461858153343201,0.8756834864616394
27110,0.02083333395421505,0.0384463369846344,0.23463936150074005,0.5582260489463806
27111,0.150390625,0.150390625,0.7967076301574707,0.7967076301574707
27112,0.110107421875,0.1588565558195114,1.0,1.0
27113,0.05078125,0.10278032720088959,0.5307212471961975,0.8328978419303894
27114,0.9668782353401184,0.9673009514808655,0.9614850282669067,0.986370325088501
27115,0.580322265625,0.6157437562942505,0.86592036485672,0.9708821177482605
27116,0.940673828125,0.9453215003013611,0.8770246505737305,0.9326855540275574
27117,0.110107421875,0.13263797760009766,1.0,1.0
27118,0.267578125,0.35179781913757324,0.36312174797058105,0.7143292427062988
27119,0.580322265625,0.614187479019165,1.0,0.9713150262832642
27121,0.9444172978401184,0.9484453201293945,0.9456308484077454,0.993336021900177
27122,0.2044270783662796,0.3160673677921295,0.2709710896015167,0.6841798424720764
27123,0.2044270783662796,0.2689018249511719,0.5474918484687805,0.8618703484535217
27124,0.1458333432674408,0.1458333432674408,0.5,0.5
27127,0.556884765625,0.5973795652389526,0.8308104276657104,0.9149813652038574
27128,0.0625,0.0625,1.0,1.0
27130,0.606689453125,0.635530412197113,1.0,0.9568638205528259
27131,0.09375,0.19736014306545258,0.1465403288602829,0.5784810185432434
27132,0.03125,0.03125,0.6309297680854797,0.6309297680854797
27133,0.953369140625,0.9570785760879517,0.912726640701294,0.9655443429946899
27135,0.110107421875,0.20978927612304688,0.3333333134651184,0.7818224430084229
27136,0.9668782353401184,0.9673649668693542,0.892719030380249,0.9513660073280334
27137,0.197998046875,0.24649371206760406,0.6871474981307983,0.8607341051101685
27138,0.091796875,0.091796875,1.0,1.0
27139,0.4375,0.4375,1.0,1.0
27140,0.091796875,0.1158294677734375,0.7653606534004211,0.9558295607566833
27141,0.323974609375,0.3306694030761719,0.7591918706893921,0.7697492837905884
27143,0.951904296875,0.956663191318512,0.8690900206565857,0.9455925822257996
27144,0.957763671875,0.9579647779464722,0.9265733957290649,0.9323297739028931
27145,0.1875,0.209716796875,0.7262287139892578,0.9241331219673157
27146,0.110107421875,0.16973662376403809,0.5158474445343018,0.7943265438079834
27147,0.3599446713924408,0.4051475524902344,0.8075588941574097,0.8685051202774048
27149,0.431884765625,0.46552222967147827,0.7318407297134399,0.8573611378669739
27150,0.197998046875,0.2382051646709442,0.6871474981307983,0.8495152592658997
27151,0.197998046875,0.2458658218383789,0.6871474981307983,0.8480743169784546
27152,0.9444172978401184,0.9491407871246338,0.9456308484077454,0.9826292991638184
27153,0.466064453125,0.48620399832725525,0.8656565546989441,0.9364649653434753
27154,0.571533203125,0.5754114985466003,0.7592076063156128,0.7962779998779297
27155,0.166259765625,0.166259765625,0.8213136792182922,0.8213136792182922
27156,0.953369140625,0.9578855037689209,0.912726640701294,0.9849909543991089
27157,0.567138671875,0.5947133302688599,0.9225797057151794,0.9598469734191895
27158,0.08984375,0.11900769174098969,0.5158474445343018,0.6663135290145874
27159,0.943359375,0.9462555050849915,0.9184463024139404,0.9866233468055725
27160,0.2774251401424408,0.3140411376953125,1.0,1.0
27161,0.08203125,0.11976825445890427,0.7039180994033813,0.9045395255088806
27162,0.9375,0.9384765625,0.9596357941627502,0.9871886372566223
27163,0.940673828125,0.9501582980155945,0.7038999795913696,0.9207301139831543
27164,0.953369140625,0.9547080993652344,1.0,1.0
27165,0.946533203125,0.9521948099136353,0.8026000261306763,0.9309457540512085
27166,0.518798828125,0.5517092943191528,1.0,0.9922717809677124
27167,0.959228515625,0.9595624208450317,0.8722942471504211,0.9279831647872925
27168,0.393798828125,0.4204750657081604,0.8579513430595398,0.7724987268447876
27169,0.110107421875,0.20023465156555176,0.3333333134651184,0.6522257328033447
27170,0.943115234375,0.9462517499923706,0.9313938021659851,0.9686641693115234
27171,0.228759765625,0.27100899815559387,1.0,1.0
27172,0.110107421875,0.12298202514648438,1.0,1.0
27173,0.228759765625,0.24828624725341797,1.0,1.0
27174,0.490234375,0.5291427373886108,0.8556691408157349,0.9608494639396667
27175,0.110107421875,0.155360147356987,1.0,1.0
27176,0.518798828125,0.5786575675010681,0.6967307925224304,0.8347152471542358
27177,0.2774251401424408,0.3611781597137451,0.8435737490653992,0.9266360998153687
27178,0.606689453125,0.62679523229599,1.0,0.9864965677261353
27179,0.219970703125,0.23252344131469727,0.63103848695755,0.6613220572471619
27180,0.943115234375,0.9475765228271484,0.9313938021659851,0.9643086791038513
27181,0.304931640625,0.34221068024635315,1.0,0.9637506604194641
27183,0.9507649540901184,0.9541863799095154,0.974961519241333,0.9787628054618835
27184,0.518798828125,0.5502162575721741,1.0,0.9860752820968628
27185,0.374755859375,0.4388576149940491,0.6128985285758972,0.8386882543563843
27187,0.146728515625,0.19376975297927856,0.58057701587677,0.751928985118866
27188,0.260498046875,0.31424862146377563,0.8026120662689209,0.9273424744606018
27189,0.967041015625,0.9672472476959229,1.0,0.9910430312156677
27190,0.146728515625,0.18897776305675507,0.7579237222671509,0.8471779823303223
27191,0.393798828125,0.4524839520454407,0.5977610945701599,0.8356839418411255
27192,0.197998046875,0.2439577281475067,0.6871474981307983,0.8277170062065125
27193,0.466064453125,0.4795827865600586,1.0,1.0
27194,0.580322265625,0.6009171605110168,1.0,0.9907252192497253
27195,0.967041015625,0.967822790145874,0.8122885227203369,0.9505718946456909
27196,0.1875,0.1875,1.0,1.0
27197,0.304931640625,0.3316919803619385,1.0,1.0
27198,0.580322265625,0.6209604740142822,0.86592036485672,0.9089604616165161
27199,0.228759765625,0.3095731735229492,0.6461858153343201,0.8737668991088867
27200,0.304931640625,0.3748011887073517,0.6151177287101746,0.8184458613395691
27201,0.0625,0.0625,1.0,1.0
27202,0.304931640625,0.35031354427337646,1.0,1.0
27203,0.633056640625,0.6379379034042358,0.5862115621566772,0.7766119837760925
27204,0.304931640625,0.304931640625,1.0,1.0
27205,0.580322265625,0.611249566078186,0.86592036485672,0.916481614112854
27206,0.946533203125,0.948955774307251,1.0,0.9957094788551331
27207,0.110107421875,0.1204071044921875,1.0,0.9828919768333435
27209,0.606689453125,0.6296123266220093,1.0,0.9854649901390076
27210,0.146728515625,0.20514792203903198,0.48975956439971924,0.7761247754096985
27212,0.51953125,0.51953125,0.9197208285331726,0.9197208285331726
27213,0.0625,0.0863037109375,0.4692787230014801,0.8385465741157532
27214,0.9668782353401184,0.96755450963974,0.892719030380249,0.9762052297592163
27215,0.091796875,0.10922050476074219,0.7653606534004211,0.9108532071113586
27216,0.518798828125,0.5936145782470703,0.496870219707489,0.7655519247055054
27217,0.518798828125,0.5613349676132202,1.0,0.9976534247398376
27218,0.12109375,0.16615961492061615,0.605190634727478,0.7507580518722534
27219,0.110107421875,0.1549457609653473,1.0,0.9337458610534668
27220,0.518798828125,0.5500730276107788,1.0,1.0
27221,0.943115234375,0.9518331289291382,0.6126077175140381,0.8502658009529114
27222,0.260498046875,0.31500619649887085,0.8026120662689209,0.9396320581436157
27223,0.304931640625,0.3600511848926544,1.0,1.0
27224,0.110107421875,0.17919039726257324,0.3951442539691925,0.754207193851471
27225,0.304931640625,0.34265080094337463,1.0,0.9903436899185181
27226,0.499755859375,0.5545514822006226,0.7271926999092102,0.908623218536377
27227,0.946533203125,0.9528144598007202,0.7083972692489624,0.8574625849723816
27228,0.967041015625,0.9674050211906433,1.0,0.9721677303314209
27229,0.940673828125,0.9447636008262634,0.9274492263793945,0.9722579121589661
27230,0.304931640625,0.35843613743782043,1.0,0.9659827351570129
27232,0.05078125,0.079994335770607,0.5307212471961975,0.76349937915802
27233,0.946533203125,0.956699788570404,0.575423002243042,0.9018954634666443
27234,0.146728515625,0.17804653942584991,0.7579237222671509,0.8226321339607239
27235,0.091796875,0.12387609481811523,0.7653606534004211,0.9512312412261963
27236,0.4375,0.4375,1.0,1.0
27237,0.0625,0.0708705335855484,0.6131471991539001,0.8175296187400818
27238,0.47265625,0.47265625,0.9558305144309998,0.9558305144309998
27239,0.263671875,0.3530084490776062,0.7653606534004211,0.8899540901184082
27240,0.304931640625,0.362599641084671,1.0,0.9780470132827759
27241,0.503173828125,0.5055323839187622,0.6796846985816956,0.7060407996177673
27242,0.518798828125,0.5521460175514221,1.0,0.9753541350364685
27243,0.2774251401424408,0.3644953966140747,0.5188971757888794,0.7432411313056946
27244,0.531982421875,0.5720956325531006,0.7462155222892761,0.9239501953125
27245,0.940673828125,0.9440348744392395,0.9274492263793945,0.954988420009613
27246,0.260498046875,0.3417209982872009,0.8026120662689209,0.9450840950012207
27247,0.08984375,0.15562641620635986,0.3333333134651184,0.6887926459312439
27248,0.03125,0.06546783447265625,0.29608193039894104,0.7045057415962219
27249,0.08203125,0.1060638427734375,0.7039180994033813,0.904717206954956
27250,0.3599446713924408,0.40491199493408203,0.6497723460197449,0.7177603840827942
27251,0.08203125,0.17119726538658142,0.11613046377897263,0.5154145956039429
27252,0.110107421875,0.17320090532302856,0.5158474445343018,0.808742105960846
27253,0.260498046875,0.33213257789611816,0.8026120662689209,0.9436518549919128
27254,0.304931640625,0.3717467784881592,1.0,0.992888867855072
27255,0.091796875,0.13034212589263916,0.7653606534004211,0.9495662450790405
27256,0.567138671875,0.5911167860031128,0.9225797057151794,0.9807654619216919
27258,0.2774251401424408,0.3419429659843445,0.5188971757888794,0.7596279978752136
27259,0.3599446713924408,0.43410930037498474,0.5626510977745056,0.8504627346992493
27260,0.499755859375,0.5556573867797852,0.7271926999092102,0.9296143054962158
27261,0.228759765625,0.27883630990982056,0.6461858153343201,0.873550295829773
27262,0.304931640625,0.3746241629123688,1.0,1.0
27263,0.499755859375,0.5304186940193176,0.9037794470787048,0.9318249821662903
27264,0.946533203125,0.9508541822433472,1.0,0.9979724884033203
27265,0.02083333395421505,0.03059895895421505,0.3065735995769501,0.5249810218811035
27266,0.110107421875,0.14381882548332214,1.0,0.9848331809043884
27268,0.46875,0.470703125,0.4524630308151245,0.5035529136657715
27269,0.518798828125,0.5425021648406982,1.0,0.9981594681739807
27270,0.962158203125,0.9624298214912415,0.9625431895256042,0.9424141645431519
27271,0.953369140625,0.956824779510498,1.0,1.0
27273,0.03125,0.041015625,0.38685283064842224,0.6052602529525757
27274,0.110107421875,0.13910400867462158,1.0,0.9930782914161682
27275,0.1106770858168602,0.1225789412856102,0.5792374610900879,0.683493971824646
27276,0.9466145634651184,0.9508106112480164,0.8072783350944519,0.9347929358482361
27277,0.518798828125,0.5570273995399475,1.0,0.9848697781562805
27278,0.260498046875,0.29683706164360046,0.8026120662689209,0.9354850649833679
27279,0.146728515625,0.18865814805030823,0.58057701587677,0.7733727097511292
27280,0.212890625,0.26022350788116455,0.67329341173172,0.9037377834320068
27281,0.580322265625,0.6084403991699219,0.86592036485672,0.9828920960426331
27282,0.228759765625,0.2980167269706726,0.6461858153343201,0.8927068710327148
27283,0.197998046875,0.23433706164360046,0.6871474981307983,0.8379316329956055
27284,0.3599446713924408,0.4493868052959442,0.40125197172164917,0.732395589351654
27285,0.518798828125,0.5675325989723206,1.0,0.9658516645431519
27286,0.967041015625,0.9674104452133179,0.9284793138504028,0.9906454682350159
27287,0.110107421875,0.13668644428253174,1.0,0.8887516856193542
27288,0.967041015625,0.9673894643783569,1.0,0.993332028388977
27289,0.110107421875,0.1483735889196396,1.0,0.9052116274833679
27290,0.968017578125,0.9680320024490356,1.0,1.0
27291,0.518798828125,0.5690506100654602,1.0,1.0
27292,0.2774251401424408,0.333516001701355,0.8435737490653992,0.9260131120681763
27293,0.556884765625,0.6024871468544006,0.8308104276657104,0.9503121376037598
27294,0.110107421875,0.14018169045448303,1.0,1.0
27295,0.1875,0.1875,1.0,1.0
27296,0.1875,0.1959635466337204,0.8262346386909485,0.9243382215499878
27297,0.488037109375,0.5264903903007507,0.8785831332206726,0.9617470502853394
27299,0.304931640625,0.36086905002593994,1.0,0.9634113907814026
27300,0.304931640625,0.3478756248950958,1.0,0.9032765626907349
27301,0.959228515625,0.959791362285614,0.7631344795227051,0.8863003849983215
27302,0.146728515625,0.21956489980220795,0.48975956439971924,0.7819682359695435
27303,0.9375,0.9375,1.0,1.0
27304,0.1458333432674408,0.17116819322109222,0.4304550588130951,0.5628048777580261
27305,0.499755859375,0.5651606917381287,0.7271926999092102,0.9310263395309448
27306,0.488037109375,0.5437086820602417,0.8785831332206726,0.959174394607544
27307,0.08203125,0.08203125,0.9197208285331726,0.9197208285331726
27309,0.9668782353401184,0.9669849276542664,1.0,0.9955921173095703
27310,0.304931640625,0.3628605008125305,1.0,0.9957889914512634
27311,0.166259765625,0.23964378237724304,0.5307213068008423,0.8272066116333008
27312,0.304931640625,0.38538557291030884,0.49493172764778137,0.7962926030158997
27313,0.228759765625,0.27777522802352905,0.6461858153343201,0.8908010721206665
27314,0.166259765625,0.2237420529127121,0.6291344165802002,0.8155542016029358
27315,0.05078125,0.0838383287191391,0.2737712264060974,0.5519508123397827
27316,0.110107421875,0.1613088846206665,0.5158474445343018,0.6907742023468018
27317,0.967041015625,0.96751868724823,0.9284793138504028,0.9503710269927979
27318,0.9668782353401184,0.9673961400985718,0.892719030380249,0.9528260231018066
27319,0.091796875,0.091796875,1.0,1.0
27320,0.304931640625,0.37751758098602295,1.0,1.0
27321,0.228759765625,0.31279945373535156,0.6461858153343201,0.8889896273612976
27322,0.968017578125,0.9680747985839844,1.0,1.0
27323,0.110107421875,0.110107421875,1.0,1.0
27324,0.9444172978401184,0.9513070583343506,0.8315341472625732,0.94227135181427
27325,0.197998046875,0.33408817648887634,0.15708759427070618,0.6369783878326416
27326,0.304931640625,0.37269333004951477,1.0,0.9516623020172119
27327,0.505615234375,0.5152816772460938,0.4607907235622406,0.7219930291175842
27328,0.14453125,0.20821739733219147,0.5307213068008423,0.751675546169281
27329,0.2774251401424408,0.3045674264431,1.0,1.0
27330,0.260498046875,0.3207523822784424,0.8026120662689209,0.9082035422325134
27331,0.03125,0.03125,0.6309297680854797,0.6309297680854797
27332,0.560546875,0.5808901786804199,0.8838695287704468,0.9708429574966431
27333,0.499755859375,0.5431354641914368,0.9037794470787048,0.9834420084953308
27334,0.08203125,0.12448307871818542,0.7039180994033813,0.904406726360321
27335,0.2774251401424408,0.3176400065422058,0.8435737490653992,0.9532734751701355
27336,0.304931640625,0.3600289821624756,1.0,0.9805079102516174
27338,0.518798828125,0.5611713528633118,0.8046129941940308,0.9141751527786255
27339,0.304931640625,0.3417570888996124,1.0,0.973176896572113
27340,0.03125,0.05856132507324219,0.29608193039894104,0.6595293283462524
27341,0.0625,0.0625,1.0,1.0
27342,0.02083333395421505,0.02083333395421505,0.5,0.5
27343,0.110107421875,0.110107421875,1.0,1.0
27344,0.304931640625,0.37066736817359924,1.0,1.0
27345,0.959228515625,0.9597593545913696,0.8722942471504211,0.9450881481170654
27346,0.2774251401424408,0.3248153626918793,0.8435737490653992,0.9831233620643616
27347,0.228759765625,0.32539787888526917,0.6461858153343201,0.8340610861778259
27348,0.304931640625,0.3540682792663574,1.0,0.8707211017608643
27349,0.518798828125,0.569050669670105,1.0,1.0
27350,0.263671875,0.2877669334411621,0.90728360414505,0.9768461585044861
27351,0.567138671875,0.605680525302887,0.9225797057151794,0.9787027835845947
27352,0.9668782353401184,0.9674959182739258,0.7810032963752747,0.9331721663475037
27353,0.499755859375,0.5559871196746826,0.9037794470787048,0.9743551015853882
27354,0.393798828125,0.4450809955596924,0.690318763256073,0.828298032283783
27355,0.946533203125,0.9491415619850159,1.0,0.9900779724121094
27356,0.110107421875,0.1715635359287262,0.3951442539691925,0.7295770645141602
27358,0.05078125,0.05078125,0.6934263706207275,0.6934263706207275
27359,0.2774251401424408,0.35043099522590637,0.5188971757888794,0.7784048914909363
27360,0.0,0.046875,0.0,0.43067657947540283
27361,0.3599446713924408,0.4121510982513428,0.6497723460197449,0.8233580589294434
27362,0.166259765625,0.20850902795791626,0.8213136792182922,0.8871959447860718
27363,0.968017578125,0.9680758714675903,1.0,0.9739100933074951
27364,0.110107421875,0.1204071044921875,1.0,0.9828919768333435
27365,0.606689453125,0.6271986961364746,1.0,0.9983270168304443
27366,0.304931640625,0.36032694578170776,1.0,0.9695661067962646
27367,0.110107421875,0.155360147356987,1.0,1.0
27368,0.091796875,0.091796875,1.0,1.0
27369,0.260498046875,0.30887091159820557,0.8026120662689209,0.9284559488296509
27370,0.110107421875,0.12298202514648438,1.0,1.0
27371,0.166259765625,0.2039395570755005,0.6291344165802002,0.7984265089035034
27372,0.946533203125,0.9505524039268494,1.0,0.9951887130737305
27373,0.0625,0.0708705335855484,0.6131471991539001,0.8175296187400818
27374,0.146728515625,0.2098710983991623,0.48975956439971924,0.7914907336235046
27375,0.2774251401424408,0.3158831298351288,0.8435737490653992,0.9746031165122986
27376,0.1106770858168602,0.20634794235229492,0.2302355170249939,0.6343672275543213
27377,0.304931640625,0.35718148946762085,1.0,0.9895544052124023
27378,0.951904296875,0.9558335542678833,0.9521908760070801,0.9556770324707031
27379,0.951171875,0.9534562826156616,0.9282863140106201,0.9610269665718079
27380,0.518798828125,0.5570477247238159,1.0,0.9769457578659058
27381,0.304931640625,0.35232338309288025,1.0,0.9598475694656372
27382,0.9673665165901184,0.9676024913787842,1.0,0.9967291355133057
27383,0.580322265625,0.6018761396408081,1.0,0.9828040599822998
27384,0.9507649540901184,0.9577580690383911,0.6379934549331665,0.8986745476722717
27385,0.260498046875,0.29837164282798767,0.8026120662689209,0.927446186542511
27386,0.110107421875,0.1234993040561676,1.0,0.9427731037139893
27387,0.146728515625,0.2252557873725891,0.48975956439971924,0.7864019274711609
27389,0.3599446713924408,0.4322369396686554,0.5626510977745056,0.838083028793335
27390,0.091796875,0.091796875,1.0,1.0
27391,0.23828125,0.2975396513938904,0.7039180994033813,0.8454377055168152
27392,0.0625,0.0625,1.0,1.0
27393,0.110107421875,0.110107421875,1.0,1.0
27394,0.584228515625,0.5847784876823425,0.7139173746109009,0.8097547888755798
27395,0.956298828125,0.9597278237342834,1.0,0.9897947907447815
27396,0.9388020634651184,0.939325213432312,0.9608869552612305,0.9815511703491211
27397,0.228759765625,0.2600777745246887,1.0,1.0
27398,0.110107421875,0.1512162685394287,1.0,1.0
27399,0.304931640625,0.35593628883361816,1.0,0.9815686345100403
27400,0.197998046875,0.26737281680107117,0.6871474981307983,0.8577642440795898
27401,0.12109375,0.12109375,0.6885288953781128,0.6885288953781128
27402,0.110107421875,0.1588565558195114,1.0,1.0
27403,0.12109375,0.12109375,0.6885288953781128,0.6885288953781128
27404,0.212890625,0.2271728515625,0.5679726600646973,0.6592139601707458
27405,0.323974609375,0.3396132290363312,0.7591918706893921,0.7859410047531128
27406,0.946533203125,0.9483426809310913,1.0,1.0
27407,0.091796875,0.091796875,1.0,1.0
27408,0.9375,0.9413554072380066,0.7531440854072571,0.881904661655426
27409,0.606689453125,0.6298729181289673,1.0,0.8705202341079712
27410,0.110107421875,0.1462436020374298,1.0,1.0
27411,0.110107421875,0.15848776698112488,0.5158474445343018,0.7688271999359131
27412,0.606689453125,0.640406608581543,1.0,0.9982732534408569
27413,0.304931640625,0.37066736817359924,1.0,1.0
27414,0.0625,0.12352357804775238,0.24207624793052673,0.6629893183708191
27415,0.166259765625,0.24976924061775208,0.5307213068008423,0.8341768383979797
27416,0.499755859375,0.5251054167747498,1.0,1.0
27417,0.304931640625,0.3589973449707031,1.0,0.995535671710968
27418,0.556884765625,0.574567973613739,0.9594535827636719,0.9510343074798584
27419,0.556884765625,0.5906407833099365,0.8308104276657104,0.9270238876342773
27420,0.212890625,0.2208251953125,0.8789618015289307,0.965191125869751
27421,0.263671875,0.3267771303653717,0.7653606534004211,0.9137941002845764
27422,0.9444172978401184,0.9484268426895142,0.9456308484077454,0.9889222979545593
27423,0.228759765625,0.24689149856567383,1.0,0.9938070774078369
27425,0.23828125,0.2718048095703125,0.7039180994033813,0.8926893472671509
27426,0.946533203125,0.9516599774360657,0.8793432712554932,0.9427637457847595
27427,0.323974609375,0.35246676206588745,0.6861420273780823,0.7748035788536072
27428,0.260498046875,0.31354576349258423,0.8026120662689209,0.8520103096961975
27429,0.9668782353401184,0.967094898223877,1.0,1.0
27430,0.110107421875,0.15885654091835022,1.0,1.0
27431,0.110107421875,0.17320090532302856,0.5158474445343018,0.7358101606369019
27432,0.304931640625,0.3971882462501526,0.49493172764778137,0.7675203680992126
27433,0.2774251401424408,0.3199160397052765,0.8435737490653992,0.9548074007034302
27434,0.3599446713924408,0.4068310856819153,0.8075588941574097,0.8298420310020447
27435,0.166259765625,0.24970997869968414,0.5307213068008423,0.8028305172920227
27436,0.9466145634651184,0.9538126587867737,0.6615661382675171,0.8745390176773071
27437,0.02083333395421505,0.070068359375,0.12103812396526337,0.4588426947593689
27438,0.939453125,0.941591739654541,0.9690036177635193,0.9915158748626709
27439,0.1875,0.20559081435203552,0.7262287139892578,0.9061059355735779
27440,0.110107421875,0.15885654091835022,1.0,1.0
27441,0.091796875,0.1158294677734375,0.7653606534004211,0.9558295607566833
27442,0.110107421875,0.15885654091835022,1.0,1.0
27443,0.166259765625,0.23508571088314056,0.5307213068008423,0.7716994285583496
27444,0.110107421875,0.1715635359287262,0.3951442539691925,0.7295770645141602
27446,0.2774251401424408,0.35155630111694336,0.8435737490653992,0.9669082164764404
27448,0.260498046875,0.3171941637992859,0.8026120662689209,0.9340946078300476
27449,0.0625,0.0625,1.0,1.0
27451,0.488037109375,0.523960292339325,0.8785831332206726,0.942936897277832
27452,0.44921875,0.4804360866546631,0.7216541767120361,0.8740960955619812
27453,0.323974609375,0.37439844012260437,0.6861420273780823,0.7921082973480225
27454,0.197998046875,0.26654860377311707,0.6871474981307983,0.8165725469589233
27455,0.2774251401424408,0.3045674264431,1.0,1.0
27456,0.956298828125,0.9596234560012817,1.0,1.0
27457,0.12109375,0.18818071484565735,0.3910655975341797,0.7402850985527039
27458,0.091796875,0.11619424819946289,0.7653606534004211,0.9032021164894104
27459,0.956298828125,0.9579929709434509,1.0,0.9969621896743774
27460,0.09375,0.09375,0.6309297680854797,0.6309297680854797
27461,0.197998046875,0.2583272457122803,0.6871474981307983,0.8502218127250671
27462,0.518798828125,0.5594161748886108,1.0,0.9946224689483643
27463,0.228759765625,0.32108327746391296,0.6461858153343201,0.9054611921310425
27464,0.499755859375,0.5185467004776001,1.0,1.0
27465,0.431884765625,0.4821165204048157,0.7318407297134399,0.888728678226471
27466,0.110107421875,0.1588565558195114,1.0,1.0
27467,0.556884765625,0.5819275975227356,0.9594535827636719,0.9623901844024658
27468,0.959228515625,0.9595608711242676,0.9394869804382324,0.9463426470756531
27469,0.08203125,0.093017578125,0.7039180994033813,0.885459840297699
27470,0.9375,0.9375,1.0,1.0
27471,0.0,0.05441713705658913,0.0,0.6389751434326172
27472,0.9444172978401184,0.9485987424850464,0.9456308484077454,0.954739511013031
27473,0.959228515625,0.9596086740493774,0.9394869804382324,0.9488098621368408
27475,0.110107421875,0.110107421875,1.0,1.0
27476,0.2774251401424408,0.3045674264431,1.0,1.0
27477,0.580322265625,0.6063551902770996,1.0,0.9811246395111084
27478,0.228759765625,0.2548607587814331,1.0,0.9795652031898499
27479,0.110107421875,0.12298202514648438,1.0,1.0
27480,0.946533203125,0.9521238207817078,0.8793432712554932,0.9668872356414795
27481,0.9668782353401184,0.9670664072036743,0.9614850282669067,0.9828551411628723
27482,0.393798828125,0.43195852637290955,0.8579513430595398,0.8963818550109863
27483,0.2774251401424408,0.3541276454925537,0.8435737490653992,0.9084027409553528
27484,0.580322265625,0.5945487022399902,1.0,0.9979002475738525
27485,0.304931640625,0.304931640625,1.0,1.0
27486,0.02083333395421505,0.0464681014418602,0.23463936150074005,0.6182885766029358
27487,0.228759765625,0.2920491099357605,0.6461858153343201,0.9106742739677429
27488,0.499755859375,0.5656890869140625,0.7271926999092102,0.9248892068862915
27490,0.166259765625,0.166259765625,0.8213136792182922,0.8213136792182922
27491,0.110107421875,0.13263797760009766,1.0,1.0
27492,0.110107421875,0.1588565558195114,0.5158474445343018,0.6943559050559998
27493,0.518798828125,0.5600385069847107,1.0,0.9862020015716553
27494,0.0625,0.1223427951335907,0.24207624793052673,0.6603410840034485
27495,0.166259765625,0.19892403483390808,0.8213136792182922,0.8623125553131104
27496,0.304931640625,0.37994369864463806,0.6151177287101746,0.8311538100242615
27497,0.606689453125,0.6150321960449219,1.0,1.0
27499,0.466064453125,0.5327891707420349,0.629499077796936,0.8628799915313721
27500,0.261474609375,0.28773510456085205,0.6151177287101746,0.7224719524383545
27501,0.197998046875,0.25038376450538635,0.6871474981307983,0.848487138748169
27502,0.488037109375,0.528688907623291,0.8785831332206726,0.9383522868156433
27503,0.05078125,0.10455762594938278,0.2737712264060974,0.6315975189208984
27504,0.304931640625,0.3391525149345398,1.0,0.9785508513450623
27505,0.2774251401424408,0.3111037015914917,1.0,0.9984081387519836
27506,0.03125,0.18363872170448303,0.0488467775285244,0.5496063232421875
27507,0.05078125,0.061767578125,0.5307212471961975,0.7122630476951599
27508,0.2774251401424408,0.3450075089931488,0.8435737490653992,0.9549258351325989
27509,0.278564453125,0.33748936653137207,0.45805788040161133,0.7275373935699463
27510,0.219970703125,0.28097259998321533,0.397238165140152,0.6819462776184082
27511,0.08203125,0.08203125,0.9197208285331726,0.9197208285331726
27512,0.091796875,0.091796875,1.0,1.0
27513,0.967041015625,0.9673380255699158,1.0,0.9890163540840149
27514,0.304931640625,0.33642545342445374,1.0,0.9896001815795898
27515,0.260498046875,0.3146514892578125,0.49370092153549194,0.7242503762245178
27516,0.9668782353401184,0.9672890305519104,0.9614850282669067,0.9824009537696838
27517,0.967041015625,0.9676402807235718,0.9284793138504028,0.9754054546356201
27518,0.953369140625,0.9571815133094788,0.912726640701294,0.9152595400810242
27519,0.110107421875,0.19664889574050903,0.2620770037174225,0.6336382627487183
27520,0.2774251401424408,0.35738304257392883,0.8435737490653992,0.9643269777297974
27521,0.228759765625,0.23991775512695312,1.0,1.0
27522,0.518798828125,0.5581493377685547,1.0,0.8772880434989929
27523,0.1106770858168602,0.1289549320936203,0.5792374610900879,0.6920366883277893
27524,0.393798828125,0.46274834871292114,0.5977610945701599,0.8547554612159729
27525,0.110107421875,0.16584935784339905,0.3951442539691925,0.6561709046363831
27526,0.263671875,0.3313509225845337,0.7653606534004211,0.842939019203186
27527,0.0625,0.1005859375,0.3065735995769501,0.5706417560577393
27528,0.943115234375,0.948322594165802,0.9313938021659851,0.9718843698501587
27529,0.393798828125,0.4313945174217224,0.8579513430595398,0.8977679014205933
27530,0.365234375,0.3699951171875,0.789595901966095,0.8275193572044373
27531,0.701904296875,0.7082973122596741,0.6066363453865051,0.8076744079589844
27532,0.146728515625,0.25602519512176514,0.3012597858905792,0.6970308423042297
27533,0.212890625,0.27851587533950806,0.5679726600646973,0.744288444519043
27534,0.946533203125,0.9526233673095703,0.8793432712554932,0.9597287178039551
27535,0.228759765625,0.23619842529296875,1.0,0.9836748242378235
27536,0.166259765625,0.20850901305675507,0.8213136792182922,0.8871959447860718
27537,0.9507649540901184,0.9539808630943298,0.974961519241333,0.9764998555183411
27538,0.4375,0.4375,1.0,1.0
27539,0.946533203125,0.9497050642967224,1.0,0.983462393283844
27540,0.212890625,0.24256722629070282,0.8789618015289307,0.9524022936820984
27541,0.146728515625,0.20268504321575165,0.48975956439971924,0.7174291610717773
27542,0.499755859375,0.5360077023506165,0.9037794470787048,0.9891727566719055
27543,0.943115234375,0.9471067190170288,0.9313938021659851,0.9640063047409058
27544,0.304931640625,0.35429251194000244,1.0,0.9882770776748657
27545,0.146728515625,0.22619059681892395,0.48975956439971924,0.7961939573287964
27546,0.212890625,0.212890625,1.0,1.0
27547,0.166259765625,0.18339525163173676,0.8213136792182922,0.8400189280509949
27549,0.967041015625,0.9672412872314453,1.0,0.9801101088523865
27550,0.08203125,0.1060638427734375,0.7039180994033813,0.904717206954956
27551,0.943115234375,0.9447438716888428,0.9849443435668945,0.9837018251419067
27552,0.943115234375,0.9473685622215271,0.9313938021659851,0.9684844613075256
27554,0.431884765625,0.4569275975227356,0.8451594114303589,0.8743645548820496
27555,0.466064453125,0.4932160973548889,1.0,1.0
27556,0.0625,0.13757839798927307,0.23463936150074005,0.6521109342575073
27557,0.304931640625,0.3650248944759369,1.0,0.9146402478218079
27558,0.304931640625,0.3574824333190918,1.0,1.0
27560,0.08203125,0.09404754638671875,0.7039180994033813,0.6368357539176941
27561,0.304931640625,0.36548948287963867,1.0,0.8905526995658875
27562,0.956298828125,0.9578648209571838,1.0,0.9855265617370605
27563,0.3599446713924408,0.3599446713924408,0.8075588941574097,0.8075588941574097
27564,0.466064453125,0.49039825797080994,1.0,0.99854975938797
27565,0.263671875,0.2926236391067505,0.90728360414505,0.9746187925338745
27566,0.44921875,0.4777635931968689,0.7984848022460938,0.9289350509643555
27567,0.9444172978401184,0.9465559124946594,0.9456308484077454,0.9834344387054443
27568,0.556884765625,0.6052832007408142,0.8308104276657104,0.9317732453346252
27569,0.091796875,0.098663330078125,0.7653606534004211,0.759833574295044
27570,0.260498046875,0.2967466711997986,0.8026120662689209,0.9246577620506287
27572,0.110107421875,0.15363550186157227,1.0,0.9266361594200134
27574,0.4375,0.4829696714878082,0.6735438704490662,0.9005897641181946
27575,0.518798828125,0.5578896403312683,1.0,0.9798375964164734
27577,0.0,0.0069444444961845875,0.0,0.3010300099849701
27578,0.3599446713924408,0.3982323408126831,0.8075588941574097,0.8372217416763306
27579,0.304931640625,0.3316919803619385,1.0,1.0
27580,0.228759765625,0.2655501067638397,1.0,0.9892650246620178
27581,0.304931640625,0.37751761078834534,1.0,1.0
27582,0.939453125,0.939453125,1.0,1.0
27583,0.3599446713924408,0.3967849314212799,0.8075588941574097,0.847822368144989
27585,0.374755859375,0.44457343220710754,0.6128985285758972,0.8518220782279968
27586,0.393798828125,0.43375399708747864,0.8579513430595398,0.8928181529045105
27587,0.228759765625,0.2679787874221802,1.0,1.0
27588,0.228759765625,0.28479641675949097,0.6461858153343201,0.8609959483146667
27589,0.197998046875,0.23114430904388428,0.6871474981307983,0.8206003308296204
27590,0.9668782353401184,0.9671881198883057,0.9614850282669067,0.9951140284538269
27591,0.580322265625,0.5923728942871094,1.0,1.0
27592,0.9444172978401184,0.9477218389511108,0.9456308484077454,0.9909853935241699
27593,0.3599446713924408,0.3693731725215912,0.8075588941574097,0.8188591003417969
27594,0.304931640625,0.36244577169418335,1.0,0.9016878604888916
27596,0.2774251401424408,0.34296971559524536,0.8435737490653992,0.806831955909729
27597,0.374755859375,0.47898268699645996,0.3454500138759613,0.6380806565284729
27598,0.0,0.010416666977107525,0.0,0.3562071919441223
27599,0.488037109375,0.5170229077339172,0.8785831332206726,0.9466061592102051
27600,0.03125,0.047119140625,0.29608193039894104,0.4368949830532074
27601,0.9507649540901184,0.9545426368713379,0.8898733854293823,0.9630714654922485
27602,0.567138671875,0.5907183289527893,0.9225797057151794,0.9656081199645996
27603,0.0625,0.15748383104801178,0.15642623603343964,0.5381173491477966
27604,0.212890625,0.212890625,1.0,1.0
27605,0.278564453125,0.3326377868652344,0.4964968264102936,0.7233425378799438
27606,0.44921875,0.5032818913459778,0.7216541767120361,0.8943657279014587
27607,0.943359375,0.9448878169059753,0.97125244140625,0.9861348271369934
27608,0.3599446713924408,0.3984929919242859,0.6497723460197449,0.7924494743347168
27610,0.278564453125,0.3075926601886749,0.6298989057540894,0.7442322969436646
27611,0.466064453125,0.5161659717559814,0.7823625802993774,0.9324920773506165
27612,0.228759765625,0.2891795039176941,0.7660098671913147,0.9486886858940125
27613,0.967041015625,0.9671897888183594,1.0,1.0
27614,0.9388020634651184,0.9397175908088684,0.9608869552612305,0.987585723400116
27615,0.150390625,0.19898834824562073,0.5364180207252502,0.7800145149230957
27616,0.091796875,0.10552978515625,0.7653606534004211,0.9674680233001709
27617,0.05078125,0.07809552550315857,0.5307212471961975,0.7333091497421265
27618,0.9444172978401184,0.9451611638069153,1.0,1.0
27619,0.166259765625,0.19804006814956665,0.8213136792182922,0.7820722460746765
27620,0.02083333395421505,0.02083333395421505,0.3065735995769501,0.3065735995769501
27622,0.0625,0.0625,1.0,1.0
27623,0.228759765625,0.2664395570755005,0.7660098671913147,0.9108361005783081
27624,0.228759765625,0.228759765625,1.0,1.0
27625,0.967041015625,0.9673342704772949,1.0,0.9963987469673157
27626,0.9673665165901184,0.9678906202316284,0.8748590350151062,0.9840085506439209
27627,0.146728515625,0.2547692358493805,0.24239754676818848,0.6437023878097534
27628,0.260498046875,0.3091334402561188,0.8026120662689209,0.7409659624099731
27629,0.260498046875,0.31041446328163147,0.8026120662689209,0.9168379902839661
27630,0.490234375,0.5143393278121948,0.8556691408157349,0.8343731760978699
27631,0.110107421875,0.18607676029205322,0.16497723758220673,0.29905185103416443
27632,0.606689453125,0.6266837120056152,1.0,1.0
27633,0.344482421875,0.3801814317703247,0.690318763256073,0.7787052392959595
27634,0.9668782353401184,0.9669885039329529,1.0,0.9962757229804993
27635,0.2044270783662796,0.2804098129272461,0.5474918484687805,0.7643488645553589
27636,0.304931640625,0.3742768168449402,1.0,0.9510906934738159
27637,0.091796875,0.16747134923934937,0.20058341324329376,0.5371249318122864
27638,0.263671875,0.3129783570766449,0.7653606534004211,0.7999733686447144
27639,0.499755859375,0.5367586016654968,0.9037794470787048,0.9774640202522278
27640,0.946533203125,0.9513942003250122,1.0,0.9708629250526428
27641,0.940673828125,0.9460602402687073,0.8770246505737305,0.9694486260414124
27642,0.228759765625,0.28444844484329224,0.7660098671913147,0.9377825260162354
27643,0.1875,0.1875,1.0,1.0
27644,0.091796875,0.091796875,1.0,1.0
27645,0.304931640625,0.3574824333190918,1.0,1.0
27646,0.197998046875,0.2256999909877777,0.8145672082901001,0.8476235866546631
27647,0.946533203125,0.9503738880157471,1.0,0.9985215663909912
27648,0.9444172978401184,0.9465051889419556,1.0,1.0
27649,0.304931640625,0.3742768466472626,1.0,0.9510906934738159
27650,0.556884765625,0.598591685295105,0.8308104276657104,0.9375418424606323
27651,0.304931640625,0.3482896685600281,1.0,0.9933390021324158
27652,0.0,0.0078125,0.0,0.31546488404273987
27653,0.110107421875,0.1588565558195114,1.0,1.0
27654,0.110107421875,0.152557834982872,1.0,0.9842184782028198
27655,0.146728515625,0.19585324823856354,0.58057701587677,0.7890270352363586
27656,0.166259765625,0.19139014184474945,0.8213136792182922,0.8565386533737183
27657,0.304931640625,0.33642545342445374,1.0,0.9896001815795898
27658,0.556884765625,0.582071840763092,0.9594535827636719,0.9681392908096313
27659,0.556884765625,0.596723198890686,0.8308104276657104,0.8101471662521362
27660,0.94140625,0.9487528204917908,0.7888506054878235,0.9291957020759583
27661,0.197998046875,0.25634709000587463,0.6871474981307983,0.8648961186408997
27662,0.212890625,0.2730477452278137,0.5679726600646973,0.8585869073867798
27663,0.110107421875,0.1512162685394287,1.0,1.0
27664,0.228759765625,0.25482413172721863,1.0,1.0
27665,0.05078125,0.10278031975030899,0.5307212471961975,0.8328978419303894
27666,0.08203125,0.1101837158203125,0.3631143569946289,0.5259411931037903
27667,0.2774251401424408,0.3113465905189514,0.8435737490653992,0.9619923830032349
27668,0.9507649540901184,0.956511378288269,0.7292529344558716,0.9079490303993225
27669,0.584228515625,0.5843607187271118,0.7689103484153748,0.7799764275550842
27670,0.946533203125,0.9514392614364624,1.0,0.9972876310348511
27671,0.9507649540901184,0.9550384283065796,0.8898733854293823,0.9216456413269043
27673,0.499755859375,0.5619999766349792,0.7271926999092102,0.9260241389274597
27674,0.304931640625,0.32169342041015625,1.0,0.9709286093711853
27675,0.263671875,0.263671875,1.0,1.0
27676,0.518798828125,0.5465306043624878,1.0,0.9934481978416443
27677,0.3599446713924408,0.39660996198654175,0.8075588941574097,0.7837821245193481
27678,0.21875,0.2264404296875,0.4702019691467285,0.5111269354820251
27679,0.951171875,0.951171875,1.0,1.0
27680,0.166259765625,0.23005947470664978,0.5307213068008423,0.7495564818382263
27681,0.518798828125,0.5786575675010681,0.8046129941940308,0.949185311794281
27682,0.2774251401424408,0.34302547574043274,0.8435737490653992,0.9587795734405518
27683,0.499755859375,0.5417343378067017,0.9037794470787048,0.978215754032135
27684,0.967041015625,0.9672021865844727,1.0,0.9968293309211731
27685,0.2774251401424408,0.32974404096603394,0.8435737490653992,0.7937214374542236
27686,0.940673828125,0.9489567875862122,0.771205723285675,0.9331895112991333
27687,0.953369140625,0.9544117450714111,1.0,1.0
27688,0.956298828125,0.9589730501174927,1.0,1.0
27689,0.44921875,0.4999312460422516,0.7216541767120361,0.8822158575057983
27690,0.2044270783662796,0.2633412480354309,0.5474918484687805,0.872370183467865
27691,0.953369140625,0.9564935564994812,1.0,0.9968264698982239
27693,0.08203125,0.08203125,0.9197208285331726,0.9197208285331726
27694,0.150390625,0.1938323974609375,0.5364180207252502,0.7850431799888611
27695,0.9388020634651184,0.941371738910675,0.9608869552612305,0.9828025698661804
27696,0.943115234375,0.9470856189727783,0.9313938021659851,0.9193325042724609
27698,0.146728515625,0.21218696236610413,0.3012597858905792,0.5807188749313354
27699,0.146728515625,0.18594755232334137,0.7579237222671509,0.8401150703430176
27700,0.197998046875,0.2796979248523712,0.34009110927581787,0.5764485001564026
27701,0.580322265625,0.607750415802002,1.0,1.0
27702,0.304931640625,0.36518868803977966,1.0,1.0
27703,0.150390625,0.21875201165676117,0.4525081515312195,0.797581136226654
27704,0.304931640625,0.36518868803977966,1.0,1.0
27705,0.431884765625,0.471506804227829,0.7318407297134399,0.7395816445350647
27706,0.110107421875,0.1588565558195114,1.0,1.0
27707,0.228759765625,0.27100902795791626,1.0,1.0
27708,0.9444172978401184,0.9451611638069153,1.0,1.0
27710,0.2774251401424408,0.35868433117866516,0.5188971757888794,0.7043003439903259
27711,0.962158203125,0.9625447988510132,0.9625431895256042,0.9610547423362732
27712,0.304931640625,0.3617473244667053,1.0,0.9750388860702515
27713,0.951171875,0.9545965194702148,0.9282863140106201,0.9763420820236206
27714,0.304931640625,0.3600511848926544,1.0,1.0
27716,0.567138671875,0.5961323976516724,0.9225797057151794,0.974480152130127
27717,0.0,0.0154389888048172,0.0,0.3889581263065338
27718,0.571533203125,0.5733426809310913,0.7592076063156128,0.7774434685707092
27719,0.304931640625,0.37269333004951477,1.0,0.9976812601089478
27720,0.304931640625,0.3482896685600281,1.0,0.9933390021324158
27721,0.943359375,0.9490562677383423,0.9184463024139404,0.8935815691947937
27722,0.1458333432674408,0.2006278932094574,0.3367719352245331,0.6003727912902832
27723,0.110107421875,0.14018169045448303,1.0,1.0
27724,0.518798828125,0.5614676475524902,1.0,0.8876310586929321
27725,0.228759765625,0.3294559717178345,0.3974803686141968,0.7493188977241516
27726,0.2774251401424408,0.32305580377578735,0.8435737490653992,0.8345833420753479
27727,0.08203125,0.09576416015625,0.7039180994033813,0.9060254693031311
27728,0.110107421875,0.1479802131652832,0.5158474445343018,0.7371376156806946
27729,0.393798828125,0.4301801323890686,0.8579513430595398,0.8938995003700256
27730,0.488037109375,0.5497604012489319,0.7069194316864014,0.8720366358757019
27731,0.3599446713924408,0.3911718726158142,0.8075588941574097,0.8443256616592407
27732,0.304931640625,0.3574824333190918,1.0,1.0
27733,0.9507649540901184,0.9552307724952698,0.8898733854293823,0.9452781677246094
27734,0.304931640625,0.384151816368103,0.6151177287101746,0.7546820044517517
27735,0.9673665165901184,0.9677153825759888,1.0,0.9974786043167114
27736,0.166259765625,0.21456944942474365,0.5307213068008423,0.7249568104743958
27737,0.968017578125,0.9680533409118652,1.0,0.9703284502029419
27738,0.2774251401424408,0.33798936009407043,0.8435737490653992,0.970250129699707
27739,0.110107421875,0.2557072043418884,0.1428571492433548,0.6500532627105713
27741,0.110107421875,0.16823455691337585,0.5158474445343018,0.6848695874214172
27742,0.488037109375,0.5564544796943665,0.6121358871459961,0.8905916810035706
27743,0.110107421875,0.15363550186157227,1.0,0.9266361594200134
27744,0.580322265625,0.6200919151306152,0.86592036485672,0.985734224319458
27745,0.967041015625,0.9675112962722778,0.9284793138504028,0.9864456057548523
27746,0.197998046875,0.2462615668773651,0.6871474981307983,0.8302347660064697
27747,0.260498046875,0.3023664355278015,0.8026120662689209,0.7282137274742126
27748,0.05078125,0.1078801155090332,0.2737712264060974,0.6397990584373474
27749,0.110107421875,0.15042677521705627,0.5158474445343018,0.7385598421096802
27750,0.110107421875,0.13263797760009766,1.0,1.0
27751,0.1106770858168602,0.15194466710090637,0.4437016248703003,0.6232653856277466
27752,0.946533203125,0.950191080570221,1.0,0.9187105298042297
27753,0.08203125,0.1302037239074707,0.3631143569946289,0.6842838525772095
27754,0.947998046875,0.9488992691040039,0.9605564475059509,0.9621117115020752
27755,0.466064453125,0.49762216210365295,0.8656565546989441,0.9599318504333496
27756,0.05078125,0.06451416015625,0.5307212471961975,0.732828676700592
27757,0.953369140625,0.9552363753318787,1.0,0.9925705194473267
27758,0.953369140625,0.9581470489501953,0.912726640701294,0.9684813022613525
27759,0.110107421875,0.144644096493721,1.0,0.9672068953514099
27760,0.304931640625,0.36518868803977966,1.0,1.0
27761,0.260498046875,0.3090631365776062,0.8026120662689209,0.9180172085762024
27762,0.304931640625,0.3896990120410919,0.4285714626312256,0.649177610874176
27763,0.431884765625,0.47859665751457214,0.7318407297134399,0.8788571953773499
27764,0.9507649540901184,0.9555091857910156,0.8898733854293823,0.9614340662956238
27765,0.0625,0.07421875,0.6131471991539001,0.8503448963165283
27766,0.518798828125,0.5246009826660156,1.0,1.0
27768,0.9375,0.9413725733757019,0.8624263405799866,0.9400500655174255
27769,0.606689453125,0.6185100078582764,1.0,0.9915376305580139
27770,0.166259765625,0.22094078361988068,0.6291344165802002,0.8421905040740967
27771,0.02083333395421505,0.10200687497854233,0.09271639585494995,0.5943454504013062
27772,0.09375,0.09375,0.6309297680854797,0.6309297680854797
27773,0.956298828125,0.9599038362503052,0.8195018768310547,0.9277765154838562
27774,0.946533203125,0.9492495059967041,1.0,0.9922484755516052
27775,0.959228515625,0.9594227075576782,0.9394869804382324,0.9392886757850647
27776,0.9668782353401184,0.9673540592193604,0.9614850282669067,0.9874595403671265
27777,0.110107421875,0.1360577940940857,1.0,0.8141829967498779
27778,0.946533203125,0.9517863988876343,1.0,0.9722045660018921
27779,0.490234375,0.5302702188491821,0.8556691408157349,0.9127914905548096
27780,0.393798828125,0.43888863921165466,0.690318763256073,0.8368129134178162
27781,0.940673828125,0.9455814957618713,0.8770246505737305,0.9605156779289246
27782,0.953369140625,0.9601039886474609,0.7479812502861023,0.9337535500526428
27784,0.228759765625,0.2376861572265625,1.0,0.9903929233551025
27785,0.567138671875,0.6141824722290039,0.7988805174827576,0.9629392623901367
27786,0.0625,0.09765625,0.24207624793052673,0.4366123676300049
27788,0.304931640625,0.35564449429512024,1.0,0.8100148439407349
27789,0.0625,0.1055733859539032,0.23463936150074005,0.2618080675601959
27790,0.02083333395421505,0.05197761207818985,0.12103812396526337,0.40931692719459534
27791,0.431884765625,0.4616406559944153,0.8451594114303589,0.8873441219329834
27793,0.304931640625,0.36471623182296753,1.0,0.9786790013313293
27794,0.304931640625,0.37066733837127686,1.0,1.0
27796,0.300537109375,0.3499112129211426,0.5354781746864319,0.7490478157997131
27798,0.1875,0.24159139394760132,0.4692787230014801,0.758302628993988
27799,0.518798828125,0.5289525985717773,1.0,1.0
27800,0.959228515625,0.959605872631073,0.9394869804382324,0.9478901624679565
27801,0.3599446713924408,0.3846074044704437,0.8075588941574097,0.8356662392616272
27802,0.304931640625,0.3574206531047821,1.0,0.9306273460388184
27803,0.488037109375,0.5266914963722229,0.8785831332206726,0.9324506521224976
27804,0.2774251401424408,0.2960619628429413,1.0,0.9851759076118469
27806,0.110107421875,0.16369685530662537,0.5158474445343018,0.77829909324646
27807,0.228759765625,0.27066901326179504,0.7660098671913147,0.8349650502204895
27808,0.150390625,0.19929249584674835,0.4525081515312195,0.6007336378097534
27809,0.110107421875,0.14836373925209045,0.5158474445343018,0.7269494533538818
27810,0.499755859375,0.5303234457969666,0.9037794470787048,0.9883488416671753
27811,0.9444172978401184,0.9496611952781677,0.8315341472625732,0.9366920590400696
27812,0.2774251401424408,0.323644757270813,0.8435737490653992,0.9734282493591309
27813,0.47265625,0.5113248825073242,0.8178747296333313,0.9406879544258118
27814,0.110107421875,0.1588565558195114,0.5158474445343018,0.6943559050559998
27815,0.9507649540901184,0.954955518245697,0.8898733854293823,0.9683703184127808
27816,0.946533203125,0.9484672546386719,1.0,1.0
27817,0.304931640625,0.35472625494003296,1.0,0.9207326769828796
27818,0.946533203125,0.948799192905426,1.0,1.0
27819,0.706298828125,0.7092105150222778,0.871160089969635,0.8928892016410828
27820,0.2774251401424408,0.30885347723960876,0.8435737490653992,0.9686151742935181
27821,0.946533203125,0.9501549005508423,1.0,0.8552703261375427
27822,0.9388020634651184,0.9442258477210999,0.8427215218544006,0.8592347502708435
27823,0.304931640625,0.36871036887168884,1.0,0.994533896446228
27824,0.431884765625,0.46983110904693604,0.7318407297134399,0.8790273070335388
27826,0.0,0.046875,0.0,0.43067657947540283
27827,0.1875,0.2454652190208435,0.5562983751296997,0.8175439238548279
27828,0.110107421875,0.2305111289024353,0.20503923296928406,0.647735059261322
27829,0.146728515625,0.3224668502807617,0.12058758735656738,0.5747954845428467
27830,0.9444172978401184,0.95130854845047,0.8315341472625732,0.9541165828704834
27831,0.499755859375,0.5307630300521851,0.9037794470787048,0.9816238880157471
27832,0.953369140625,0.9571569561958313,0.912726640701294,0.9717201590538025
27833,0.946533203125,0.9521319270133972,0.8793432712554932,0.9572026133537292
27834,0.9507649540901184,0.953328549861908,0.974961519241333,0.9782316088676453
27835,0.499755859375,0.5198402404785156,0.9037794470787048,0.9871901273727417
27836,0.02083333395421505,0.0647786483168602,0.13770577311515808,0.4935457110404968
27838,0.946533203125,0.9521167278289795,1.0,1.0
27839,0.393798828125,0.42861783504486084,0.8579513430595398,0.875178873538971
27840,0.488037109375,0.5257949233055115,0.8785831332206726,0.9533804655075073
27841,0.228759765625,0.30105912685394287,0.6461858153343201,0.9288164973258972
27842,0.946533203125,0.9501899480819702,1.0,0.995101273059845
27843,0.14453125,0.2314937263727188,0.2626707851886749,0.49877697229385376
27844,0.956298828125,0.9596447944641113,1.0,0.9505670666694641
27845,0.2774251401424408,0.3556117117404938,0.8435737490653992,0.8750489354133606
27846,0.953369140625,0.957080602645874,1.0,0.9691985845565796
27847,0.9507649540901184,0.9530739784240723,0.974961519241333,0.9753423929214478
27848,0.9673665165901184,0.9678474068641663,0.8748590350151062,0.9374486804008484
27849,0.946533203125,0.95090651512146,1.0,0.9660177230834961
27850,0.943115234375,0.9480352401733398,0.9313938021659851,0.9711250066757202
27851,0.956298828125,0.9596447944641113,1.0,0.9505670666694641
27852,0.946533203125,0.9522019624710083,0.8793432712554932,0.9100058078765869
27853,0.956298828125,0.9596447348594666,1.0,0.9505670666694641
27854,0.953369140625,0.9579198956489563,0.912726640701294,0.9703153967857361
27855,0.518798828125,0.542923092842102,1.0,1.0
27856,0.946533203125,0.9515557289123535,1.0,0.9475884437561035
27857,0.956298828125,0.9596447348594666,1.0,0.9505670666694641
27858,0.03125,0.09297005832195282,0.15273310244083405,0.4816100597381592
27859,0.09375,0.15262344479560852,0.29608193039894104,0.3791375160217285
27860,0.260498046875,0.3469999134540558,0.49370092153549194,0.7206612229347229
27861,0.606689453125,0.6374044418334961,1.0,0.8664961457252502
27862,0.166259765625,0.279175341129303,0.22745199501514435,0.4109882712364197
27863,0.091796875,0.1915833055973053,0.15692895650863647,0.42138686776161194
27864,0.956298828125,0.9602823257446289,1.0,0.9697494506835938
27865,0.260498046875,0.34303921461105347,0.397238165140152,0.6350590586662292
27866,0.94140625,0.9477927684783936,0.7200049757957458,0.6733052134513855
27867,0.606689453125,0.6346394419670105,1.0,0.7030292749404907
27868,0.16796875,0.26325860619544983,0.276936799287796,0.4796869158744812
27869,0.365234375,0.43045759201049805,0.4972013831138611,0.527358889579773
27870,0.580322265625,0.6244326829910278,0.86592036485672,0.8096321225166321
27871,0.531982421875,0.5788999199867249,0.7462155222892761,0.8524167537689209
27872,0.23046875,0.2883414626121521,0.32960182428359985,0.38672271370887756
27873,0.940673828125,0.94962477684021,0.771205723285675,0.8380005359649658
27874,0.518798828125,0.594432532787323,0.4535067081451416,0.5948240756988525
27875,0.580322265625,0.6285218000411987,0.86592036485672,0.7745741009712219
27876,0.499755859375,0.5336867570877075,0.9037794470787048,0.7401993274688721
27877,0.260498046875,0.3226363956928253,0.34397661685943604,0.45717260241508484
27878,0.518798828125,0.5627445578575134,0.8046129941940308,0.8050869107246399
27879,0.9673665165901184,0.9677981734275818,1.0,0.9957053065299988
27880,0.2774251401424408,0.341934472322464,0.8435737490653992,0.7305077910423279
27881,0.091796875,0.17421674728393555,0.255120187997818,0.37225502729415894
27882,0.956298828125,0.9599143862724304,1.0,0.9324763417243958
27883,0.962158203125,0.9625644087791443,0.8420895934104919,0.8894079327583313
27884,0.943359375,0.9493717551231384,0.7371450066566467,0.6946329474449158
27885,0.197998046875,0.24368007481098175,0.6871474981307983,0.5662181973457336
27886,0.3059895932674408,0.32732725143432617,0.5032320022583008,0.44954565167427063
27887,0.455078125,0.5145241618156433,0.7342523336410522,0.7028108835220337
27888,0.219970703125,0.28252947330474854,0.34397661685943604,0.450093150138855
27889,0.2774251401424408,0.37382277846336365,0.36153164505958557,0.46359783411026
27890,0.300537109375,0.3835487961769104,0.4636814594268799,0.6489842534065247
27891,0.943115234375,0.9487186670303345,0.819014847278595,0.8301470875740051
27892,0.0,0.02592773362994194,0.0,0.11394662410020828
27893,0.091796875,0.12666773796081543,0.7653606534004211,0.7756770849227905
27894,0.431884765625,0.4661809504032135,0.7318407297134399,0.6030794978141785
27895,0.0,0.0239955373108387,0.0,0.25912177562713623
27896,0.228759765625,0.2955808639526367,0.3974803686141968,0.48515263199806213
27897,0.455078125,0.5082825422286987,0.5115761756896973,0.47616249322891235
27898,0.94140625,0.9467520117759705,0.8970906734466553,0.8430448174476624
27899,0.968017578125,0.9680769443511963,1.0,0.885545015335083
27900,0.219970703125,0.29352131485939026,0.34397661685943604,0.5167335271835327
27901,0.091796875,0.15361791849136353,0.12626707553863525,0.25202473998069763
27902,0.323974609375,0.38610902428627014,0.47805625200271606,0.554620087146759
27903,0.08203125,0.11790643632411957,0.08155369758605957,0.13636468350887299
27904,0.0625,0.1588485985994339,0.23463936150074005,0.486968070268631
27905,0.556884765625,0.5808934569358826,0.8308104276657104,0.73468416929245
27906,0.510498046875,0.5154443979263306,0.6093400716781616,0.6487399935722351
27907,0.393798828125,0.42151886224746704,0.8579513430595398,0.6951950192451477
27908,0.9673665165901184,0.9677277207374573,0.8748590350151062,0.7397969961166382
27909,0.466064453125,0.509297251701355,0.5450960993766785,0.5274432301521301
27910,0.393798828125,0.4570988714694977,0.5977610945701599,0.6716501116752625
27911,0.962158203125,0.9626117944717407,0.8420895934104919,0.8554320931434631
27912,0.091796875,0.091796875,1.0,1.0
27913,0.110107421875,0.15272581577301025,0.5158474445343018,0.6057195067405701
27914,0.706298828125,0.7091439366340637,0.7139173746109009,0.639015257358551
27915,0.956298828125,0.9603902101516724,0.7169486284255981,0.8605014085769653
27916,0.300537109375,0.34676507115364075,0.4636814594268799,0.4650498330593109
27917,0.3599446713924408,0.43200623989105225,0.5626510977745056,0.7994498610496521
27918,0.300537109375,0.37722253799438477,0.4636814594268799,0.7207925319671631
27919,0.432373046875,0.4383871257305145,0.4618985950946808,0.6264474987983704
27920,0.606689453125,0.6438970565795898,0.6509066820144653,0.7151380777359009
27921,0.518798828125,0.5694280862808228,0.6967307925224304,0.7046637535095215
27922,0.374755859375,0.4353433847427368,0.5307213068008423,0.6844606399536133
27923,0.263671875,0.31666672229766846,0.7653606534004211,0.8635491132736206
27924,0.9375,0.945376455783844,0.7171369194984436,0.7514790296554565
27925,0.518798828125,0.5792243480682373,0.6967307925224304,0.8386452198028564
27926,0.2774251401424408,0.35864514112472534,0.36153164505958557,0.5622231960296631
27927,0.431884765625,0.4794405400753021,0.7318407297134399,0.6905137300491333
27928,0.0625,0.06982421875,0.4692787230014801,0.5135312080383301
27929,0.21875,0.28017210960388184,0.29608193039894104,0.35277846455574036
27930,0.606689453125,0.631309986114502,1.0,0.8150767087936401
27931,0.956298828125,0.9594084620475769,1.0,0.781653881072998
27932,0.556884765625,0.5745348334312439,0.9594535827636719,0.7870487570762634
27933,0.9444172978401184,0.9482702016830444,0.9456308484077454,0.9080781936645508
27934,0.606689453125,0.6411736607551575,1.0,0.8338208198547363
27935,0.197998046875,0.24815897643566132,0.29449179768562317,0.32922178506851196
27936,0.956298828125,0.9593291282653809,0.7169486284255981,0.677010178565979
27937,0.580322265625,0.6178526878356934,0.86592036485672,0.8941431641578674
27938,0.110107421875,0.31122368574142456,0.07620275020599365,0.529542863368988
27939,0.212890625,0.2993265390396118,0.3493700623512268,0.5134775638580322
27940,0.110107421875,0.22108222544193268,0.1428571492433548,0.3976432681083679
27941,0.706298828125,0.7094717025756836,0.7139173746109009,0.6908677816390991
27942,0.219970703125,0.2944626808166504,0.34397661685943604,0.5038217306137085
27943,0.166259765625,0.23362845182418823,0.5307213068008423,0.5542060136795044
27944,0.606689453125,0.6389176249504089,1.0,0.8489751219749451
27945,0.455078125,0.49158284068107605,0.7342523336410522,0.7435443997383118
27946,0.706298828125,0.7097994089126587,0.871160089969635,0.7450289726257324
27947,0.2044270783662796,0.22973181307315826,0.6490147709846497,0.6438460946083069
27948,0.606689453125,0.6347789764404297,1.0,0.7539703845977783
27949,0.300537109375,0.36684516072273254,0.4636814594268799,0.5927695631980896
27950,0.606689453125,0.6318355798721313,1.0,0.8181732296943665
27951,0.304931640625,0.40100279450416565,0.4285714626312256,0.7181878685951233
27952,0.166259765625,0.25718021392822266,0.32645606994628906,0.5625571012496948
27954,0.953369140625,0.9590511322021484,0.7479812502861023,0.8431259989738464
27955,0.499755859375,0.5574324727058411,0.629690945148468,0.6947343945503235
27956,0.212890625,0.2455960214138031,0.5679726600646973,0.5814750790596008
27957,0.260498046875,0.3192172646522522,0.49370092153549194,0.5416839122772217
27958,0.166259765625,0.2860736548900604,0.32645606994628906,0.6665270924568176
27959,0.455078125,0.5071471929550171,0.7342523336410522,0.8401203751564026
27960,0.956298828125,0.9590649604797363,0.8195018768310547,0.7341018319129944
27961,0.263671875,0.27675357460975647,0.7653606534004211,0.6584978699684143
27962,0.0,0.04995466023683548,0.0,0.2624902129173279
27963,0.0625,0.11927032470703125,0.15642623603343964,0.30833375453948975
27964,0.431884765625,0.4742662310600281,0.7318407297134399,0.6494331359863281
27965,0.956298828125,0.9600437879562378,1.0,0.8858517408370972
27966,0.0,0.0,0.0,0.0
27967,0.228759765625,0.3195153474807739,0.3198178708553314,0.5055288076400757
27968,0.431884765625,0.4555657207965851,0.7318407297134399,0.6301755905151367
27969,0.344482421875,0.40148910880088806,0.5977610945701599,0.6502490639686584
27970,0.567138671875,0.6030839085578918,0.7988805174827576,0.6050304174423218
27971,0.260498046875,0.3359438478946686,0.34397661685943604,0.5523470044136047
27972,0.956298828125,0.9610941410064697,0.7169486284255981,0.7740079164505005
27973,0.951904296875,0.9583625197410583,0.8690900206565857,0.8402706384658813
27974,0.344482421875,0.4173380136489868,0.2789551615715027,0.660099983215332
27975,0.261474609375,0.33418428897857666,0.4285714626312256,0.5691789984703064
27976,0.228759765625,0.33200603723526,0.276936799287796,0.429345041513443
27977,0.962158203125,0.9626011848449707,0.9625431895256042,0.950867772102356
27978,0.166259765625,0.2146213948726654,0.5307213068008423,0.5221053957939148
27979,0.146728515625,0.1625356674194336,0.24239754676818848,0.23857437074184418
27980,0.706298828125,0.7091240882873535,0.7139173746109009,0.6953127384185791
27981,0.956298828125,0.9598623514175415,1.0,0.8813848495483398
27982,0.606689453125,0.6234065294265747,1.0,0.727369487285614
27983,0.1106770858168602,0.15905976295471191,0.2302355170249939,0.2883453071117401
27984,0.567138671875,0.6055622696876526,0.7988805174827576,0.7086146473884583
27985,0.9673665165901184,0.9675567746162415,1.0,0.8439266085624695
27986,0.956298828125,0.9600765109062195,0.8195018768310547,0.7938094735145569
27987,0.701904296875,0.7051587104797363,0.7402501106262207,0.7978973388671875
27988,0.606689453125,0.6395126581192017,1.0,0.8152173757553101
27989,0.518798828125,0.5606240034103394,0.6967307925224304,0.6860730648040771
27990,0.9466145634651184,0.952612578868866,0.6615661382675171,0.6462537050247192
27991,0.940673828125,0.9468396902084351,0.771205723285675,0.8214142918586731
27992,0.9444172978401184,0.9518557786941528,0.6219719052314758,0.7971958518028259
27993,0.956298828125,0.9595900177955627,1.0,0.9337589144706726
27994,0.567138671875,0.6145026683807373,0.7988805174827576,0.6662932634353638
27995,0.9673665165901184,0.967714786529541,1.0,0.9087204933166504
27996,0.323974609375,0.3732759952545166,0.6861420273780823,0.6772969961166382
27997,0.304931640625,0.38610678911209106,0.4285714626312256,0.6305415630340576
27998,0.0625,0.0820661261677742,0.4692787230014801,0.671526312828064
27999,0.946533203125,0.95114666223526,0.6577322483062744,0.6525731682777405
28000,0.0,0.015625,0.0,0.2640681564807892
28001,0.606689453125,0.6422358155250549,1.0,0.9076083302497864
28002,0.304931640625,0.3712784945964813,0.6151177287101746,0.69952392578125
28003,0.08203125,0.0969085693359375,0.7039180994033813,0.47479018568992615
28004,0.947998046875,0.9523633122444153,0.8348100185394287,0.745877206325531
28005,0.953369140625,0.9580637216567993,0.7479812502861023,0.7571881413459778
28006,0.968017578125,0.9680445790290833,1.0,0.9409870505332947
28007,0.947998046875,0.9516925811767578,0.8348100185394287,0.713830828666687
28008,0.212890625,0.23641538619995117,0.5679726600646973,0.42203211784362793
28009,0.951904296875,0.9561418890953064,0.8690900206565857,0.8560124039649963
28010,0.956298828125,0.9597156643867493,1.0,0.8892248868942261
28011,0.956298828125,0.9589849710464478,1.0,0.9284299612045288
28012,0.9673665165901184,0.9679083228111267,0.8748590350151062,0.8484320044517517
28013,0.110107421875,0.110107421875,1.0,1.0
28014,0.962158203125,0.9625763297080994,0.8420895934104919,0.7907220125198364
28015,0.431884765625,0.4617881178855896,0.7318407297134399,0.775492787361145
28016,0.146728515625,0.23905202746391296,0.48975956439971924,0.7117879390716553
28017,0.197998046875,0.2523941099643707,0.42267662286758423,0.48238682746887207
28018,0.968017578125,0.9680651426315308,1.0,0.8412628769874573
28019,0.956298828125,0.9597854614257812,1.0,0.9224748611450195
28020,0.9673665165901184,0.9676611423492432,1.0,0.9374170899391174
28021,0.9673665165901184,0.9677001237869263,1.0,0.9681702852249146
28022,0.166259765625,0.19753368198871613,0.6291344165802002,0.7760229110717773
28023,0.9507649540901184,0.9539986848831177,0.974961519241333,0.9380552172660828
28024,0.606689453125,0.6348297595977783,1.0,0.9322423338890076
28025,0.9673665165901184,0.9675928354263306,0.8748590350151062,0.8069976568222046
28026,0.110107421875,0.19587472081184387,0.20503923296928406,0.3780868649482727
28027,0.02083333395421505,0.05701812356710434,0.23463936150074005,0.6469902396202087
28028,0.0625,0.0876116082072258,0.27541154623031616,0.5508230924606323
28029,0.953369140625,0.956261157989502,1.0,1.0
28030,0.300537109375,0.34552112221717834,0.5354781746864319,0.5708414316177368
28031,0.466064453125,0.4740995764732361,0.7823625802993774,0.6079943180084229
28032,0.431884765625,0.4613707959651947,0.8451594114303589,0.827029287815094
28033,0.606689453125,0.6290433406829834,1.0,0.7789481282234192
28034,0.953369140625,0.9570620656013489,1.0,0.9763210415840149
28035,0.431884765625,0.4745628237724304,0.7318407297134399,0.7317402958869934
28036,0.556884765625,0.5970430374145508,0.8308104276657104,0.8205816149711609
28037,0.3599446713924408,0.41184577345848083,0.6497723460197449,0.7922639846801758
28038,0.556884765625,0.6066726446151733,0.8308104276657104,0.8223310708999634
28039,0.304931640625,0.3706929087638855,1.0,0.9035650491714478
28040,0.0625,0.13648121058940887,0.23463936150074005,0.4496895372867584
28041,0.953369140625,0.9592152237892151,0.6543781161308289,0.8184500932693481
28042,0.580322265625,0.6255522966384888,0.86592036485672,0.7996415495872498
28043,0.957763671875,0.9579485654830933,0.8908864855766296,0.8681055307388306
28044,0.518798828125,0.5775149464607239,0.6967307925224304,0.8852948546409607
28045,0.606689453125,0.6351135969161987,1.0,0.9278647899627686
28046,0.08984375,0.1043243408203125,0.3333333134651184,0.2699888348579407
28047,0.606689453125,0.6406306028366089,1.0,0.9898678660392761
28048,0.556884765625,0.5978229641914368,0.8308104276657104,0.9574492573738098
28049,0.946533203125,0.9546511769294739,0.575423002243042,0.7306410670280457
28050,0.197998046875,0.3009609580039978,0.34009110927581787,0.6177458167076111
28051,0.14453125,0.26620203256607056,0.22745199501514435,0.5920727849006653
28052,0.956298828125,0.9593430161476135,1.0,0.889097273349762
28053,0.260498046875,0.3380067050457001,0.49370092153549194,0.7193859815597534
28054,0.2774251401424408,0.3648093342781067,0.5188971757888794,0.8042526841163635
28055,0.606689453125,0.6322298049926758,1.0,0.7933056950569153
28056,0.956298828125,0.960016667842865,1.0,0.9227309226989746
28057,0.946533203125,0.950575590133667,1.0,1.0
28058,0.953369140625,0.958118200302124,0.912726640701294,0.9481272101402283
28059,0.091796875,0.1158294677734375,0.7653606534004211,0.9558295607566833
28060,0.110107421875,0.16584935784339905,0.3951442539691925,0.6561709046363831
28061,0.9673665165901184,0.967766284942627,0.8748590350151062,0.8611394166946411
28062,0.9673665165901184,0.9678453803062439,0.8748590350151062,0.9484327435493469
28063,0.110107421875,0.15732276439666748,0.3951442539691925,0.5482122302055359
28064,0.3599446713924408,0.4234859049320221,0.5626510977745056,0.7560166716575623
28065,0.197998046875,0.30209824442863464,0.34009110927581787,0.6763024926185608
28066,0.431884765625,0.46105748414993286,0.8451594114303589,0.8127601742744446
28067,0.968017578125,0.968064546585083,1.0,0.8870506882667542
28068,0.9507649540901184,0.9545459151268005,0.7292529344558716,0.7249982357025146
28069,0.946533203125,0.9540517330169678,0.575423002243042,0.7802478671073914
28070,0.260498046875,0.32293933629989624,0.8026120662689209,0.7047485113143921
28071,0.263671875,0.3445773720741272,0.7653606534004211,0.8765465021133423
28072,0.2044270783662796,0.22497372329235077,0.8472668528556824,0.9136613607406616
28073,0.150390625,0.22351807355880737,0.22396063804626465,0.34551769495010376
28075,0.606689453125,0.6412278413772583,0.5334192514419556,0.5986161231994629
28076,0.556884765625,0.6030916571617126,0.8308104276657104,0.8259478211402893
28077,0.953369140625,0.9582827091217041,0.912726640701294,0.8086795806884766
28078,0.212890625,0.27567291259765625,0.3493700623512268,0.5312062501907349
28079,0.9673665165901184,0.9677000045776367,1.0,0.8756623864173889
28080,0.956298828125,0.9594689607620239,1.0,0.8913451433181763
28081,0.19921875,0.2603289484977722,0.3483913838863373,0.6110697984695435
28082,0.490234375,0.5649760365486145,0.5961710214614868,0.8173696994781494
28083,0.94140625,0.949026346206665,0.7200049757957458,0.7176679968833923
28084,0.091796875,0.10552978515625,0.7653606534004211,0.9674680233001709
28085,0.1875,0.1875,1.0,1.0
28086,0.9668782353401184,0.9676303863525391,0.7810032963752747,0.8665515184402466
28087,0.47265625,0.5076781511306763,0.8178747296333313,0.7975406646728516
28088,0.606689453125,0.6306471228599548,1.0,0.9326102137565613
28090,0.267578125,0.31393516063690186,0.5211794376373291,0.6405755877494812
28091,0.05078125,0.10427790880203247,0.17690707743167877,0.42783862352371216
28092,0.304931640625,0.37491902709007263,0.49493172764778137,0.6450080275535583
28093,0.2774251401424408,0.3333672285079956,0.8435737490653992,0.9077131748199463
28094,0.08203125,0.14766860008239746,0.08155369758605957,0.1959526091814041
28095,0.946533203125,0.9519683718681335,0.8793432712554932,0.8898271918296814
28096,0.9375,0.939208984375,0.9298905730247498,0.980571448802948
28097,0.968017578125,0.9680602550506592,1.0,0.9495599865913391
28098,0.278564453125,0.33984375,0.39664164185523987,0.5153037309646606
28099,0.953369140625,0.9586933255195618,0.7479812502861023,0.8118170499801636
28100,0.567138671875,0.5945994853973389,0.9225797057151794,0.8457064032554626
28101,0.567138671875,0.5962195992469788,0.9225797057151794,0.8028468489646912
28102,0.261474609375,0.34245964884757996,0.4285714626312256,0.6629866361618042
28103,0.19921875,0.24491429328918457,0.30167919397354126,0.43293750286102295
28104,0.953369140625,0.9577662944793701,0.912726640701294,0.9442139267921448
28105,0.08203125,0.15090082585811615,0.14433082938194275,0.28487515449523926
28106,0.2774251401424408,0.3307456374168396,0.8435737490653992,0.6571005582809448
28107,0.499755859375,0.5346165895462036,0.9037794470787048,0.7672894597053528
28108,0.466064453125,0.5514978170394897,0.5450960993766785,0.7388237118721008
28109,0.606689453125,0.6333931088447571,1.0,0.9252314567565918
28110,0.2044270783662796,0.2677593529224396,0.5474918484687805,0.6017404794692993
28111,0.228759765625,0.3086838126182556,0.3974803686141968,0.6572153568267822
28112,0.966796875,0.9672205448150635,0.9422276020050049,0.9235022664070129
28113,0.956298828125,0.9596150517463684,1.0,0.9400376081466675
28114,0.499755859375,0.5064506530761719,1.0,1.0
28115,0.499755859375,0.5477216839790344,0.629690945148468,0.6667095422744751
28116,0.091796875,0.12953388690948486,0.255120187997818,0.3227686882019043
28117,0.2044270783662796,0.29566940665245056,0.5474918484687805,0.719097375869751
28118,0.967041015625,0.9676397442817688,0.9284793138504028,0.9267021417617798
28119,0.2774251401424408,0.3058587312698364,0.5188971757888794,0.46483761072158813
28120,0.659423828125,0.6627346277236938,0.8254533410072327,0.8082270622253418
28121,0.260498046875,0.34125274419784546,0.8026120662689209,0.8611375093460083
28122,0.518798828125,0.5722923874855042,0.8046129941940308,0.9096317291259766
28123,0.967041015625,0.9673058986663818,0.8122885227203369,0.6711366772651672
28124,0.580322265625,0.6063500642776489,0.86592036485672,0.7657259106636047
28125,0.706298828125,0.7097691297531128,0.871160089969635,0.8467501401901245
28126,0.091796875,0.16891860961914062,0.255120187997818,0.5218338370323181
28127,0.304931640625,0.3340468406677246,1.0,0.8006245493888855
28128,0.606689453125,0.6380339860916138,1.0,0.7952070832252502
28129,0.9673665165901184,0.9678053855895996,1.0,0.9700266122817993
28130,0.30078125,0.3195009231567383,0.6128985285758972,0.6088786721229553
28131,0.228759765625,0.3323216140270233,0.3974803686141968,0.6646614670753479
28132,0.518798828125,0.5739261507987976,0.6967307925224304,0.7584937214851379
28133,0.0,0.01982421800494194,0.0,0.3295827805995941
28134,0.5694173574447632,0.574783980846405,0.6197949647903442,0.6295303702354431
28135,0.9668782353401184,0.9672340750694275,0.9614850282669067,0.9814706444740295
28136,0.967041015625,0.9676176905632019,0.9284793138504028,0.984423041343689
28137,0.0625,0.1095733642578125,0.15642623603343964,0.31802329421043396
28138,0.531982421875,0.5642091631889343,0.7462155222892761,0.8950581550598145
28139,0.02083333395421505,0.08477004617452621,0.09271639585494995,0.4715089499950409
28140,0.47265625,0.4836350381374359,0.3430097699165344,0.4529851973056793
28141,0.03125,0.03125,0.11699506640434265,0.08083227276802063
28142,0.0,0.15651728212833405,0.0,0.3324090242385864
28143,0.606689453125,0.6362099647521973,1.0,0.8192248940467834
28144,0.518798828125,0.569050669670105,1.0,1.0
28145,0.466064453125,0.5175548195838928,0.629499077796936,0.7840059995651245
28146,0.304931640625,0.38341566920280457,0.6151177287101746,0.8259358406066895
28147,0.304931640625,0.36500677466392517,0.49493172764778137,0.6019159555435181
28148,0.166259765625,0.2777242362499237,0.2626707851886749,0.6308948993682861
28149,0.947998046875,0.9511937499046326,0.8348100185394287,0.8818871378898621
28150,0.3599446713924408,0.3920421898365021,0.6497723460197449,0.6463067531585693
28151,0.606689453125,0.6398460268974304,1.0,0.8501885533332825
28152,0.02083333395421505,0.05965709686279297,0.23463936150074005,0.4775044023990631
28153,0.374755859375,0.4328640103340149,0.5307213068008423,0.6532719135284424
28154,0.9668782353401184,0.9677749872207642,0.7810032963752747,0.9385730028152466
28155,0.947998046875,0.9490803480148315,0.9605564475059509,0.9595679044723511
28156,0.1875,0.2001953125,0.8262346386909485,0.9448479413986206
28157,0.197998046875,0.2665178179740906,0.29449179768562317,0.423110693693161
28158,0.940673828125,0.9438174366950989,0.9274492263793945,0.9361426830291748
28159,0.943115234375,0.9507894515991211,0.819014847278595,0.8790165185928345
28160,0.606689453125,0.6349853277206421,1.0,0.8638495802879333
28161,0.580322265625,0.6244926452636719,0.86592036485672,0.9135662913322449
28162,0.499755859375,0.5042190551757812,0.9037794470787048,0.7613180875778198
28163,0.197998046875,0.2695179581642151,0.42267662286758423,0.5486724376678467
28164,0.499755859375,0.5725624561309814,0.629690945148468,0.7697649598121643
28165,0.110107421875,0.15951183438301086,0.3333333134651184,0.5427963733673096
28166,0.21875,0.2330322265625,0.42495885491371155,0.437265008687973
28167,0.962158203125,0.9624555706977844,0.9625431895256042,0.9249781966209412
28168,0.953369140625,0.9575030207633972,0.912726640701294,0.9400365948677063
28169,0.110107421875,0.22250209748744965,0.16497723758220673,0.42102912068367004
28170,0.956298828125,0.960152804851532,0.8195018768310547,0.8017855286598206
28171,0.2774251401424408,0.35061076283454895,0.8435737490653992,0.8618956208229065
28172,0.706298828125,0.7076783180236816,0.871160089969635,0.8445838689804077
28173,0.968017578125,0.9680597186088562,1.0,0.9329360723495483
28174,0.263671875,0.3498102128505707,0.7653606534004211,0.8436666131019592
28175,0.23828125,0.25504302978515625,0.7039180994033813,0.5442911386489868
28176,0.02083333395421505,0.02083333395421505,0.23463936150074005,0.13743816316127777
28177,0.03125,0.06574249267578125,0.09869397431612015,0.269001841545105
28178,0.0,0.01835937425494194,0.0,0.14817534387111664
28179,0.9673665165901184,0.9677173495292664,1.0,0.9556652903556824
28180,0.94140625,0.9471428990364075,0.5900454521179199,0.6032431721687317
28182,0.580322265625,0.6049957871437073,1.0,0.8498519062995911
28183,0.606689453125,0.6338115334510803,1.0,0.9178619384765625
28184,0.499755859375,0.5619319677352905,0.7271926999092102,0.8605545163154602
28185,0.2774251401424408,0.34512069821357727,0.5188971757888794,0.6122254133224487
28186,0.260498046875,0.3206692636013031,0.49370092153549194,0.5279776453971863
28187,0.150390625,0.150390625,0.7967076301574707,0.7967076301574707
28188,0.110107421875,0.1543932408094406,0.3951442539691925,0.54168701171875
28189,0.323974609375,0.37633711099624634,0.6861420273780823,0.725953996181488
28190,0.939453125,0.9458073973655701,0.8498401045799255,0.8500153422355652
28191,0.567138671875,0.6094424724578857,0.7988805174827576,0.7161585688591003
28192,0.556884765625,0.5805058479309082,0.8308104276657104,0.6754405498504639
28193,0.0,0.010416666977107525,0.0,0.0456358827650547
28194,0.956298828125,0.9597134590148926,0.7169486284255981,0.797157883644104
28195,0.02083333395421505,0.2410830557346344,0.030996352434158325,0.4135095775127411
28196,0.431884765625,0.47235673666000366,0.7318407297134399,0.705291748046875
28197,0.0,0.03867187350988388,0.0,0.21295371651649475
28198,0.571533203125,0.5760248899459839,0.7592076063156128,0.7767958641052246
28199,0.584228515625,0.5849893093109131,0.6245770454406738,0.800190269947052
28200,0.967041015625,0.9672288298606873,1.0,0.9705398678779602
28201,0.1875,0.26842817664146423,0.17248526215553284,0.41836023330688477
28202,0.940673828125,0.9441675543785095,0.8770246505737305,0.8119267821311951
28203,0.959228515625,0.9595690369606018,0.8722942471504211,0.8397365212440491
28204,0.9507649540901184,0.952180802822113,0.974961519241333,0.9609683156013489
28205,0.953369140625,0.9582183361053467,0.912726640701294,0.948254406452179
28206,0.091796875,0.14149156212806702,0.255120187997818,0.2915443778038025
28207,0.2774251401424408,0.3375665545463562,0.5188971757888794,0.5175645351409912
28208,0.150390625,0.2064683735370636,0.4525081515312195,0.5527302622795105
28209,0.150390625,0.23299583792686462,0.4525081515312195,0.6277685165405273
28210,0.9507649540901184,0.9563285708427429,0.8898733854293823,0.880195677280426
28211,0.51953125,0.5443133115768433,0.7039180994033813,0.602022647857666
28212,0.263671875,0.2905643880367279,0.4707868993282318,0.4726867973804474
28213,0.968017578125,0.9680778384208679,1.0,0.8980898857116699
28214,0.260498046875,0.3435930609703064,0.49370092153549194,0.6898870468139648
28215,0.956298828125,0.9598994255065918,0.8195018768310547,0.7581538558006287
28216,0.0625,0.0625,1.0,1.0
28217,0.08984375,0.15256060659885406,0.3333333134651184,0.4513958990573883
28218,0.304931640625,0.36918145418167114,1.0,0.9008240699768066
28219,0.953369140625,0.9587900042533875,0.6543781161308289,0.847253143787384
28220,0.110107421875,0.1775144338607788,0.3951442539691925,0.7474427223205566
28221,0.946533203125,0.9537375569343567,0.8026000261306763,0.891838788986206
28222,0.146728515625,0.27231237292289734,0.2098969668149948,0.5988631844520569
28223,0.606689453125,0.6456918716430664,0.6509066820144653,0.7829522490501404
28224,0.197998046875,0.2640044689178467,0.42267662286758423,0.5375795364379883
28225,0.03125,0.0465087890625,0.29608193039894104,0.4328368306159973
28226,0.9673665165901184,0.9676956534385681,1.0,0.8529074788093567
28227,0.455078125,0.5265285968780518,0.5907889604568481,0.7135573625564575
28228,0.1875,0.2567204535007477,0.4692787230014801,0.5627825260162354
28229,0.3599446713924408,0.4348045289516449,0.5626510977745056,0.7585285902023315
28230,0.959228515625,0.9598397612571716,0.7631344795227051,0.8088194131851196
28231,0.2774251401424408,0.35330355167388916,0.5188971757888794,0.6418473720550537
28232,0.499755859375,0.5447399020195007,0.9037794470787048,0.968198299407959
28233,0.9673665165901184,0.9677706956863403,1.0,0.9576056003570557
28234,0.9444172978401184,0.9470420479774475,0.9456308484077454,0.8785982131958008
28235,0.5757650136947632,0.5827028155326843,0.49943602085113525,0.6579537391662598
28236,0.606689453125,0.6424568295478821,1.0,0.9432106614112854
28237,0.606689453125,0.6403001546859741,1.0,0.9691003561019897
28238,0.260498046875,0.3334132432937622,0.8026120662689209,0.7685761451721191
28239,0.12109375,0.14328420162200928,0.46358197927474976,0.49318990111351013
28240,0.951904296875,0.9585058093070984,0.8690900206565857,0.9519619941711426
28241,0.304931640625,0.36018016934394836,1.0,0.8403727412223816
28242,0.946533203125,0.9522098898887634,0.8793432712554932,0.9277509450912476
28244,0.584228515625,0.5848523378372192,0.6245770454406738,0.7903383374214172
28245,0.968017578125,0.9680778384208679,1.0,0.8773727416992188
28246,0.02083333395421505,0.0417073592543602,0.23463936150074005,0.5833415985107422
28247,0.03125,0.09066161513328552,0.09869397431612015,0.3189134895801544
28248,0.02083333395421505,0.0743001326918602,0.12103812396526337,0.47765687108039856
28249,0.110107421875,0.1619976907968521,0.3951442539691925,0.5545530915260315
28250,0.110107421875,0.15094850957393646,0.3333333134651184,0.3981337547302246
28251,0.374755859375,0.4101810157299042,0.7617307901382446,0.7077973484992981
28252,0.110107421875,0.1834179162979126,0.20503923296928406,0.45433083176612854
28253,0.556884765625,0.5869535803794861,0.8308104276657104,0.7618305087089539
28254,0.518798828125,0.5726133584976196,0.6967307925224304,0.8298977017402649
28255,0.304931640625,0.39086416363716125,0.4285714626312256,0.4534350335597992
28257,0.146728515625,0.20268505811691284,0.48975956439971924,0.6535030007362366
28258,0.939453125,0.9411554336547852,0.9690036177635193,0.9840481877326965
28259,0.584228515625,0.5845693349838257,0.7139173746109009,0.6993103623390198
28260,0.580322265625,0.6264663934707642,0.86592036485672,0.9315609931945801
28261,0.2774251401424408,0.34375134110450745,0.5188971757888794,0.5820003151893616
28262,0.9668782353401184,0.9675246477127075,0.7810032963752747,0.8433755040168762
28263,0.5757650136947632,0.5800879001617432,0.6966133713722229,0.7725502252578735
28264,0.02083333395421505,0.08205588907003403,0.04811027646064758,0.20224487781524658
28265,0.14453125,0.1681879758834839,0.5307213068008423,0.40358635783195496
28266,0.08203125,0.08203125,0.7039180994033813,0.7039180994033813
28267,0.393798828125,0.44050005078315735,0.8579513430595398,0.8463320136070251
28268,0.1106770858168602,0.15251071751117706,0.4437016248703003,0.5786177515983582
28269,0.9668782353401184,0.9672982692718506,0.7810032963752747,0.7835274934768677
28270,0.956298828125,0.9583219289779663,1.0,0.9822776913642883
28271,0.091796875,0.1189216673374176,0.7653606534004211,0.9192613959312439
28272,0.466064453125,0.5297378301620483,0.5450960993766785,0.6344702243804932
28273,0.110107421875,0.24022161960601807,0.1428571492433548,0.41093745827674866
28274,0.606689453125,0.637054443359375,1.0,0.8892993927001953
28275,0.08203125,0.18916940689086914,0.10055973380804062,0.23732517659664154
28276,0.946533203125,0.9513590335845947,0.8026000261306763,0.7237294316291809
28277,0.606689453125,0.6277521848678589,1.0,0.7728219628334045
28278,0.957763671875,0.9583949446678162,0.7236568927764893,0.865324854850769
28279,0.0625,0.1064453125,0.27541154623031616,0.6312515139579773
28281,0.518798828125,0.5773088932037354,0.6967307925224304,0.7963744401931763
28282,0.393798828125,0.4239608645439148,0.690318763256073,0.6265001893043518
28283,0.08203125,0.13738667964935303,0.3631143569946289,0.706148624420166
28284,0.0625,0.06982421875,0.6131471991539001,0.8065736293792725
28285,0.228759765625,0.35903942584991455,0.276936799287796,0.6074977517127991
28286,0.0625,0.13580015301704407,0.23463936150074005,0.4280127286911011
28287,0.556884765625,0.5900980830192566,0.8308104276657104,0.8453214764595032
28288,0.228759765625,0.2600777745246887,1.0,1.0
28289,0.9673665165901184,0.9675567746162415,1.0,0.8883177042007446
28290,0.518798828125,0.518798828125,1.0,1.0
28291,0.946533203125,0.9511725902557373,0.8026000261306763,0.8163498640060425
28292,0.365234375,0.365234375,0.789595901966095,0.7263737320899963
28294,0.431884765625,0.46116572618484497,0.8451594114303589,0.8010354042053223
28295,0.0625,0.0625,1.0,1.0
28297,0.146728515625,0.21669918298721313,0.48975956439971924,0.787006139755249
28298,0.228759765625,0.2524954080581665,1.0,0.9899108409881592
28299,0.09375,0.09375,0.6309297680854797,0.6309297680854797
28300,0.0625,0.0849958136677742,0.4692787230014801,0.8278123736381531
28301,0.580322265625,0.6146745085716248,0.86592036485672,0.8184546232223511
28302,0.197998046875,0.23821726441383362,0.6871474981307983,0.6398365497589111
28303,0.943115234375,0.9453468322753906,0.9313938021659851,0.9787229895591736
28304,0.606689453125,0.6416488289833069,1.0,0.8869611024856567
28305,0.228759765625,0.2871791422367096,0.276936799287796,0.3536139130592346
28306,0.219970703125,0.2815549671649933,0.34397661685943604,0.501033365726471
28307,0.02083333395421505,0.0727132186293602,0.12103812396526337,0.5200371146202087
28308,0.2774251401424408,0.2943480908870697,1.0,1.0
28309,0.146728515625,0.146728515625,0.7579237222671509,0.7579237222671509
28310,0.956298828125,0.960152804851532,1.0,0.9304842352867126
28311,0.488037109375,0.5415728688240051,0.6121358871459961,0.624439537525177
28312,0.556884765625,0.5921915173530579,0.8308104276657104,0.6295457482337952
28313,0.0,0.04704904556274414,0.0,0.22597523033618927
28314,0.2774251401424408,0.3627568781375885,0.4175114035606384,0.6544628739356995
28316,0.304931640625,0.3742768466472626,1.0,0.9510906934738159
28317,0.263671875,0.31558048725128174,0.7653606534004211,0.7455568313598633
28318,0.08203125,0.1902073323726654,0.14433082938194275,0.387991726398468
28319,0.091796875,0.15213897824287415,0.255120187997818,0.3930450677871704
28320,0.466064453125,0.5140668153762817,0.629499077796936,0.6372703313827515
28321,0.166259765625,0.2160743623971939,0.5307213068008423,0.7043808698654175
28322,0.431884765625,0.4678542912006378,0.7318407297134399,0.6975064277648926
28323,0.946533203125,0.9552163481712341,0.575423002243042,0.8082515001296997
28324,0.110107421875,0.14537939429283142,0.5158474445343018,0.5842956304550171
28325,0.703369140625,0.7061775922775269,0.8588406443595886,0.8038528561592102
28326,0.300537109375,0.3340534269809723,0.6655102372169495,0.5990766882896423
28327,0.091796875,0.1888429969549179,0.12626707553863525,0.3662700653076172
28328,0.091796875,0.14117921888828278,0.3948093354701996,0.5734840035438538
28329,0.946533203125,0.9480412602424622,1.0,0.7719128131866455
28330,0.946533203125,0.9519107937812805,0.8793432712554932,0.8672563433647156
28331,0.584228515625,0.5845801830291748,0.7689103484153748,0.7642532587051392
28332,0.393798828125,0.43930816650390625,0.690318763256073,0.7136960029602051
28333,0.518798828125,0.5554641485214233,1.0,0.844754695892334
28334,0.968017578125,0.9680778384208679,1.0,0.9438146352767944
28335,0.393798828125,0.42802196741104126,0.38908666372299194,0.44870489835739136
28336,0.956298828125,0.9595797061920166,1.0,0.8948538303375244
28337,0.0625,0.10275280475616455,0.4692787230014801,0.753238320350647
28338,0.567138671875,0.5928568243980408,0.9225797057151794,0.7897022366523743
28339,0.2044270783662796,0.26450884342193604,0.5474918484687805,0.5162821412086487
28340,0.556884765625,0.5987870097160339,0.8308104276657104,0.8584434390068054
28341,0.110107421875,0.2176210582256317,0.3333333134651184,0.6410457491874695
28342,0.9673665165901184,0.9676302075386047,1.0,0.954749584197998
28343,0.110107421875,0.15885654091835022,1.0,1.0
28344,0.304931640625,0.33461394906044006,1.0,0.9962032437324524
28345,0.0625,0.088134765625,0.4692787230014801,0.8529279232025146
28346,0.110107421875,0.1310286521911621,1.0,0.8829373717308044
28347,0.2774251401424408,0.35101601481437683,0.8435737490653992,0.8638176918029785
28348,0.08203125,0.1835716962814331,0.23463936150074005,0.67625492811203
28349,0.110107421875,0.1888723075389862,0.3333333134651184,0.6280875205993652
28350,0.518798828125,0.5723210573196411,0.6967307925224304,0.668034553527832
28352,0.091796875,0.14699134230613708,0.255120187997818,0.4890424609184265
28353,0.12109375,0.1564686894416809,0.605190634727478,0.6849411725997925
28354,0.110107421875,0.12065744400024414,1.0,0.598875105381012
28355,0.08203125,0.1045784056186676,0.7039180994033813,0.8495981097221375
28356,0.499755859375,0.5158711671829224,0.9037794470787048,0.9615820646286011
28357,0.197998046875,0.27952536940574646,0.6871474981307983,0.8108583688735962
28358,0.304931640625,0.3922129273414612,0.6151177287101746,0.826949417591095
28359,0.110107421875,0.18755888938903809,0.3333333134651184,0.6854690909385681
28360,0.488037109375,0.5260920524597168,0.7069194316864014,0.8568856716156006
28362,0.953369140625,0.9589522480964661,0.912726640701294,0.8642871975898743
28363,0.091796875,0.17006638646125793,0.255120187997818,0.6140791177749634
28365,0.393798828125,0.451710969209671,0.5977610945701599,0.7366113662719727
28366,0.956298828125,0.9586911797523499,1.0,0.939938485622406
28367,0.323974609375,0.3919711709022522,0.47805625200271606,0.780016303062439
28368,0.110107421875,0.22436460852622986,0.1428571492433548,0.4583815038204193
28369,0.968017578125,0.968052327632904,1.0,0.79823237657547
28370,0.712158203125,0.7124998569488525,0.8569586873054504,0.8436349630355835
28371,0.110107421875,0.1888723075389862,0.3333333134651184,0.5443950295448303
28372,0.606689453125,0.6336777210235596,1.0,0.9280673265457153
28373,0.304931640625,0.3732230067253113,0.49493172764778137,0.6409649848937988
28374,0.0625,0.13524273037910461,0.15642623603343964,0.3014562129974365
28375,0.946533203125,0.9533126950263977,0.8026000261306763,0.8582373857498169
28376,0.2774251401424408,0.3654341697692871,0.5188971757888794,0.7479574680328369
28377,0.219970703125,0.30495885014533997,0.34397661685943604,0.5539793968200684
28378,0.9668782353401184,0.9677456021308899,0.7810032963752747,0.9385545253753662
28379,0.556884765625,0.5906234979629517,0.9594535827636719,0.9441422820091248
28380,0.556884765625,0.6195005178451538,0.5407800078392029,0.6873306632041931
28381,0.02083333395421505,0.10160288214683533,0.038710154592990875,0.21418216824531555
28382,0.08203125,0.08203125,0.7039180994033813,0.7039180994033813
28383,0.091796875,0.10552978515625,0.7653606534004211,0.6992148160934448
28384,0.110107421875,0.20116721093654633,0.3333333134651184,0.7549073100090027
28385,0.260498046875,0.32398343086242676,0.49370092153549194,0.5801939368247986
28386,0.2774251401424408,0.28902944922447205,0.8435737490653992,0.7427709698677063
28387,0.9444172978401184,0.9512004256248474,0.544137716293335,0.6485944986343384
28388,0.304931640625,0.3732230067253113,1.0,0.9477344751358032
28389,0.0,0.0162760429084301,0.0,0.3028124272823334
28390,0.9388020634651184,0.9399029016494751,0.8427215218544006,0.7573094367980957
28391,0.03125,0.03125,0.6309297680854797,0.6309297680854797
28392,0.953369140625,0.9578927159309387,0.7479812502861023,0.7682353854179382
28393,0.2774251401424408,0.3548707067966461,0.8435737490653992,0.8353129625320435
28394,0.260498046875,0.35018885135650635,0.34397661685943604,0.5496488809585571
28395,0.110107421875,0.18050381541252136,0.3951442539691925,0.7587857246398926
28396,0.197998046875,0.2684893012046814,0.6871474981307983,0.7058098912239075
28397,0.518798828125,0.5599291920661926,1.0,0.8568668961524963
28398,0.260498046875,0.3192172944545746,0.8026120662689209,0.7006441354751587
28399,0.197998046875,0.23503822088241577,0.6871474981307983,0.7026379704475403
28400,0.05078125,0.07794053107500076,0.2097114622592926,0.32072171568870544
28401,0.166259765625,0.20188742876052856,0.1844630092382431,0.2252558171749115
28402,0.488037109375,0.5393866300582886,0.7069194316864014,0.8768986463546753
28403,0.03125,0.04296875,0.38685283064842224,0.6240505576133728
28404,0.166259765625,0.2701118588447571,0.32645606994628906,0.5152426362037659
28405,0.431884765625,0.4852004647254944,0.390377938747406,0.6515557765960693
28406,0.2774251401424408,0.3927777111530304,0.36153164505958557,0.6659432649612427
28407,0.1106770858168602,0.13854382932186127,0.5792374610900879,0.5766425132751465
28408,0.946533203125,0.9514122009277344,1.0,0.9258834719657898
28409,0.300537109375,0.3527403771877289,0.6655102372169495,0.7133172750473022
28410,0.260498046875,0.3250259757041931,0.8026120662689209,0.7490360736846924
28411,0.2774251401424408,0.3409990072250366,0.8435737490653992,0.8405981063842773
28412,0.304931640625,0.381212055683136,0.4285714626312256,0.720304012298584
28413,0.2774251401424408,0.3134015202522278,0.8435737490653992,0.8829836249351501
28414,0.499755859375,0.5561978816986084,0.9037794470787048,0.9104894995689392
28415,0.466064453125,0.5294485688209534,0.5450960993766785,0.6121636629104614
28416,0.374755859375,0.4472510516643524,0.5307213068008423,0.8181958794593811
28417,0.953369140625,0.9580477476119995,0.912726640701294,0.9336917996406555
28418,0.466064453125,0.5372064113616943,0.5450960993766785,0.762949526309967
28419,0.2774251401424408,0.35061076283454895,0.8435737490653992,0.8618956208229065
28420,0.228759765625,0.3409142792224884,0.276936799287796,0.44772228598594666
28421,0.374755859375,0.4258365333080292,0.6128985285758972,0.6836538314819336
28422,0.261474609375,0.30324095487594604,0.6151177287101746,0.6169201731681824
28423,0.499755859375,0.548899233341217,0.9037794470787048,0.8589889407157898
28424,0.9507649540901184,0.952190101146698,0.8898733854293823,0.8026750683784485
28425,0.968017578125,0.9680624604225159,1.0,0.9489819407463074
28426,0.304931640625,0.36730533838272095,1.0,0.857277512550354
28427,0.166259765625,0.20850901305675507,0.5307213068008423,0.42590829730033875
28428,0.940673828125,0.9477006196975708,0.7038999795913696,0.7499976754188538
28429,0.278564453125,0.358443021774292,0.39664164185523987,0.5802144408226013
28430,0.556884765625,0.5955305099487305,0.8308104276657104,0.8463568091392517
28431,0.110107421875,0.155360147356987,1.0,0.9363793134689331
28432,0.499755859375,0.5447399020195007,0.7271926999092102,0.6937069296836853
28433,0.967041015625,0.9675061106681824,0.8122885227203369,0.8110571503639221
28434,0.956298828125,0.9599539637565613,1.0,0.9004324674606323
28435,0.304931640625,0.36582908034324646,1.0,0.8943939805030823
28436,0.0625,0.16747039556503296,0.14433082938194275,0.4443844258785248
28437,0.304931640625,0.36083975434303284,1.0,0.8038716912269592
28438,0.1875,0.26626911759376526,0.4692787230014801,0.6166010499000549
28439,0.9507649540901184,0.9532983303070068,0.8898733854293823,0.865473210811615
28440,0.166259765625,0.21321448683738708,0.6291344165802002,0.7824397683143616
28441,0.393798828125,0.44753891229629517,0.5977610945701599,0.642932116985321
28442,0.2774251401424408,0.37939000129699707,0.36153164505958557,0.507166862487793
28443,0.2774251401424408,0.33707427978515625,0.8435737490653992,0.807752251625061
28444,0.2774251401424408,0.3182586431503296,0.8435737490653992,0.6879270672798157
28445,0.518798828125,0.5784640312194824,0.8046129941940308,0.8703938722610474
28446,0.146728515625,0.18558841943740845,0.58057701587677,0.6716525554656982
28447,0.956298828125,0.9596992135047913,0.7169486284255981,0.7289320826530457
28448,0.2774251401424408,0.3400123715400696,0.8435737490653992,0.7998244762420654
28449,0.03125,0.0816374197602272,0.11699506640434265,0.34951290488243103
28450,0.518798828125,0.5622237920761108,1.0,0.891015350818634
28451,0.03125,0.03125,0.38685283064842224,0.38685283064842224
28452,0.0,0.015625,0.0,0.20210735499858856
28453,0.2774251401424408,0.3227424621582031,0.2932012677192688,0.34491798281669617
28454,0.110107421875,0.19497939944267273,0.3333333134651184,0.6889523267745972
28455,0.943115234375,0.9474552273750305,0.9313938021659851,0.9464699029922485
28456,0.956298828125,0.9587035179138184,1.0,0.9357969760894775
28457,0.166259765625,0.2419019639492035,0.5307213068008423,0.6253928542137146
28458,0.490234375,0.565066933631897,0.5961710214614868,0.6917567253112793
28459,0.393798828125,0.46556928753852844,0.5977610945701599,0.7948278784751892
28460,0.0,0.0062500000931322575,0.0,0.28906482458114624
28461,0.518798828125,0.5825121998786926,0.496870219707489,0.768287718296051
28462,0.260498046875,0.3405117392539978,0.397238165140152,0.5806252360343933
28463,0.146728515625,0.18763145804405212,0.3012597858905792,0.3668060302734375
28464,0.110107421875,0.1901828497648239,0.1428571492433548,0.3119812309741974
28465,0.431884765625,0.4772005081176758,0.7318407297134399,0.8291692137718201
28466,0.304931640625,0.359920859336853,0.4285714626312256,0.48296666145324707
28467,0.228759765625,0.3185698091983795,0.3974803686141968,0.574897289276123
28468,0.567138671875,0.5931234955787659,0.9225797057151794,0.8540469408035278
28469,0.110107421875,0.110107421875,1.0,1.0
28470,0.488037109375,0.5357838869094849,0.6121358871459961,0.7124223709106445
28471,0.959228515625,0.9596724510192871,0.8722942471504211,0.8797916173934937
28472,0.304931640625,0.37751758098602295,1.0,1.0
28473,0.2774251401424408,0.3625091314315796,0.36153164505958557,0.6451788544654846
28474,0.146728515625,0.20172718167304993,0.48975956439971924,0.5089521408081055
28475,0.0,0.0069444444961845875,0.0,0.11751610785722733
28476,0.946533203125,0.9524084329605103,0.6577322483062744,0.6914389729499817
28477,0.503173828125,0.5137706398963928,0.3920743465423584,0.539581298828125
28478,0.0,0.06975746154785156,0.0,0.4983290731906891
28479,0.304931640625,0.3669155538082123,0.6151177287101746,0.6621111035346985
28480,0.951171875,0.95941162109375,0.694340705871582,0.9253577589988708
28481,0.304931640625,0.37751761078834534,1.0,1.0
28482,0.2122395932674408,0.2757067382335663,0.36153164505958557,0.6362984776496887
28483,0.1106770858168602,0.1821826994419098,0.37429505586624146,0.5035491585731506
28484,0.560546875,0.5836181640625,0.7653606534004211,0.6921476125717163
28485,0.300537109375,0.3488370180130005,0.6655102372169495,0.770586371421814
28486,0.278564453125,0.31609663367271423,0.5692896842956543,0.5867672562599182
28487,0.9673665165901184,0.967710018157959,1.0,0.9698076248168945
28488,0.556884765625,0.5949289798736572,0.8308104276657104,0.7607104778289795
28489,0.606689453125,0.6300895810127258,1.0,0.7336157560348511
28491,0.23828125,0.2677120566368103,0.7039180994033813,0.576148271560669
28492,0.0,0.0162527896463871,0.0,0.30446720123291016
28493,0.0625,0.15422363579273224,0.14433082938194275,0.4285159707069397
28494,0.1106770858168602,0.13917064666748047,0.5792374610900879,0.5783095955848694
28495,0.0,0.0,0.0,0.0
28496,0.0,0.0553385429084301,0.0,0.1129285916686058
28497,0.968017578125,0.9680554866790771,1.0,0.9869023561477661
28498,0.0625,0.1478804051876068,0.23463936150074005,0.49238577485084534
28499,0.951904296875,0.9548367261886597,0.9521908760070801,0.8895465135574341
28500,0.2774251401424408,0.3471916615962982,0.8435737490653992,0.7778475284576416
28501,0.146728515625,0.23689472675323486,0.48975956439971924,0.752485990524292
28503,0.466064453125,0.5257973670959473,0.629499077796936,0.7024885416030884
28504,0.466064453125,0.5224813222885132,0.629499077796936,0.7387974858283997
28505,0.0,0.01982421800494194,0.0,0.17764614522457123
28506,0.304931640625,0.37558865547180176,1.0,0.9575862288475037
28507,0.580322265625,0.6303403973579407,0.86592036485672,0.8800990581512451
28508,0.0625,0.08981132507324219,0.1854327917098999,0.28529903292655945
28509,0.0,0.029052734375,0.0,0.4914152920246124
28510,0.228759765625,0.30041879415512085,0.6461858153343201,0.7958953976631165
28511,0.940673828125,0.9447929859161377,0.8770246505737305,0.8410564661026001
28512,0.556884765625,0.5753524303436279,0.8308104276657104,0.8158577084541321
28513,0.706298828125,0.708787739276886,0.871160089969635,0.8623798489570618
28514,0.9388020634651184,0.9451054334640503,0.7410414814949036,0.8085909485816956
28515,0.580322265625,0.6063200831413269,1.0,0.8645002245903015
28516,0.304931640625,0.3581453561782837,1.0,0.7957755923271179
28517,0.2774251401424408,0.3161318004131317,0.8435737490653992,0.8123933672904968
28518,0.9668782353401184,0.9673850536346436,0.892719030380249,0.8732572793960571
28519,0.304931640625,0.371407151222229,1.0,0.943237841129303
28521,0.9444172978401184,0.9525396227836609,0.7589633464813232,0.8739482760429382
28522,0.951171875,0.9554514288902283,0.9282863140106201,0.8990088701248169
28523,0.260498046875,0.3314828872680664,0.8026120662689209,0.8337603211402893
28524,0.0625,0.13635116815567017,0.23463936150074005,0.619796097278595
28525,0.110107421875,0.13296198844909668,1.0,0.9582148790359497
28526,0.94140625,0.9477056860923767,0.7888506054878235,0.9008129835128784
28527,0.110107421875,0.17656421661376953,0.3951442539691925,0.7171733975410461
28528,0.9444172978401184,0.9517270922660828,0.7589633464813232,0.8124050498008728
28529,0.953369140625,0.9578121900558472,0.912726640701294,0.9163064360618591
28530,0.278564453125,0.3064367175102234,0.5692896842956543,0.5304468274116516
28531,0.9375,0.9375,1.0,1.0
28532,0.1875,0.25721895694732666,0.23226092755794525,0.3808956444263458
28533,0.21875,0.2451171875,0.42495885491371155,0.5274223685264587
28534,0.2044270783662796,0.2722623348236084,0.5474918484687805,0.6344786882400513
28535,0.962158203125,0.9626860022544861,0.8420895934104919,0.8813239932060242
28536,0.304931640625,0.3573858141899109,1.0,0.8165103197097778
28537,0.946533203125,0.9532471299171448,0.8793432712554932,0.944068431854248
28538,0.968017578125,0.9680763483047485,1.0,0.9804553389549255
28539,0.9507649540901184,0.9559284448623657,0.8898733854293823,0.9505449533462524
28540,0.263671875,0.34410354495048523,0.7653606534004211,0.8084665536880493
28541,0.197998046875,0.24125710129737854,0.6871474981307983,0.6145586967468262
28542,0.260498046875,0.338684618473053,0.8026120662689209,0.818723738193512
28543,0.110107421875,0.2074260115623474,0.16497723758220673,0.406389057636261
28544,0.943115234375,0.9496791958808899,0.7475366592407227,0.8012570142745972
28545,0.518798828125,0.562710165977478,1.0,0.8922528624534607
28546,0.967041015625,0.9675518870353699,0.8122885227203369,0.6941403150558472
28547,0.968017578125,0.9680535793304443,1.0,0.9234200119972229
28548,0.968017578125,0.9680616855621338,1.0,0.9694480895996094
28549,0.956298828125,0.9586390852928162,1.0,0.9534185528755188
28550,0.0,0.015625,0.0,0.08703245967626572
28551,0.228759765625,0.30283355712890625,0.6461858153343201,0.6384502053260803
28552,0.966796875,0.9670794010162354,0.7653606534004211,0.7237541675567627
28553,0.260498046875,0.338684618473053,0.49370092153549194,0.6329739093780518
28554,0.260498046875,0.3417209982872009,0.8026120662689209,0.9014912247657776
28555,0.940673828125,0.9444014430046082,0.9274492263793945,0.9425939321517944
28556,0.261474609375,0.29770582914352417,0.4285714626312256,0.48767900466918945
28557,0.197998046875,0.28017348051071167,0.29449179768562317,0.50803142786026
28558,0.146728515625,0.20473246276378632,0.48975956439971924,0.5494688153266907
28559,0.9673665165901184,0.9677190184593201,1.0,0.9739823937416077
28560,0.0625,0.0625,0.24207624793052673,0.21922101080417633
28561,0.9388020634651184,0.9462448954582214,0.7782489061355591,0.8993059396743774
28562,0.304931640625,0.38703519105911255,0.49493172764778137,0.8022136092185974
28563,0.110107421875,0.1360577940940857,0.5158474445343018,0.49191024899482727
28564,0.166259765625,0.2148536741733551,0.5307213068008423,0.6142106652259827
28565,0.940673828125,0.9467998147010803,0.8770246505737305,0.9503535628318787
28566,0.304931640625,0.33438950777053833,1.0,0.7636004686355591
28567,0.304931640625,0.37674227356910706,0.6151177287101746,0.7682209014892578
28568,0.197998046875,0.2369631826877594,0.6871474981307983,0.6547507643699646
28569,0.1106770858168602,0.15347512066364288,0.37429505586624146,0.40478163957595825
28570,0.304931640625,0.37722092866897583,0.6151177287101746,0.7401196360588074
28571,0.228759765625,0.33609405159950256,0.3974803686141968,0.6910207271575928
28572,0.567138671875,0.5702285766601562,1.0,0.9637724757194519
28573,0.560546875,0.5935914516448975,0.8838695287704468,0.8327829241752625
28574,0.304931640625,0.3332333564758301,1.0,0.8789876103401184
28575,0.02083333395421505,0.09260671585798264,0.07821311801671982,0.4119877517223358
28576,0.9444172978401184,0.9478510022163391,0.9456308484077454,0.7974131107330322
28577,0.2044270783662796,0.25240984559059143,0.5474918484687805,0.700604259967804
28578,0.606689453125,0.6202178001403809,1.0,0.8354697227478027
28579,0.939453125,0.9432671070098877,0.8987017273902893,0.9647311568260193
28580,0.228759765625,0.3084176182746887,0.3974803686141968,0.5142858028411865
28581,0.466064453125,0.5078935027122498,0.7823625802993774,0.8906316757202148
28582,0.304931640625,0.3949250280857086,0.4285714626312256,0.6593868732452393
28583,0.304931640625,0.37582385540008545,0.4285714626312256,0.6192140579223633
28584,0.110107421875,0.18148121237754822,0.3333333134651184,0.5616605281829834
28585,0.260498046875,0.3128618001937866,0.8026120662689209,0.6750668883323669
28586,0.518798828125,0.5613897442817688,1.0,0.9157083034515381
28587,0.951904296875,0.9565075635910034,0.8690900206565857,0.9462542533874512
28588,0.9673665165901184,0.967748761177063,1.0,0.9977361559867859
28589,0.323974609375,0.38392385840415955,0.47805625200271606,0.5301841497421265
28590,0.261474609375,0.29046040773391724,0.49493172764778137,0.579571545124054
28591,0.940673828125,0.9455273747444153,0.8770246505737305,0.8829659819602966
28592,0.499755859375,0.5380356907844543,0.9037794470787048,0.7512922286987305
28593,0.3599446713924408,0.4053955078125,0.6497723460197449,0.788767397403717
28594,0.091796875,0.1420694887638092,0.15692895650863647,0.31225621700286865
28595,0.0,0.012500000186264515,0.0,0.38685280084609985
28596,0.304931640625,0.3789500594139099,0.6151177287101746,0.7741923928260803
28597,0.940673828125,0.9450951814651489,0.771205723285675,0.8456095457077026
28598,0.947998046875,0.9527405500411987,0.8348100185394287,0.9358451962471008
28599,0.110107421875,0.1335432231426239,1.0,0.6968405842781067
28600,0.166259765625,0.24797511100769043,0.22745199501514435,0.39165061712265015
28601,0.0625,0.0745035782456398,0.4692787230014801,0.6207412481307983
28602,0.05078125,0.10621819645166397,0.17690707743167877,0.4336286783218384
28603,0.946533203125,0.9511356949806213,0.8026000261306763,0.7736538648605347
28604,0.606689453125,0.6329253315925598,1.0,0.9836926460266113
28605,0.606689453125,0.6312238574028015,1.0,0.7942339181900024
28606,0.02083333395421505,0.0541410893201828,0.12103812396526337,0.4069196283817291
28607,0.393798828125,0.44510042667388916,0.5977610945701599,0.7578293085098267
28608,0.967041015625,0.9676263928413391,0.8122885227203369,0.8769635558128357
28609,0.488037109375,0.5217278003692627,0.8785831332206726,0.8284395337104797
28610,0.9444172978401184,0.9516367316246033,0.7589633464813232,0.7326943874359131
28611,0.304931640625,0.3668407201766968,1.0,0.9929330945014954
28612,0.9444172978401184,0.9559010863304138,0.6219719052314758,0.8314830660820007
28613,0.197998046875,0.2695179283618927,0.6871474981307983,0.7096835374832153
28614,0.02083333395421505,0.02083333395421505,0.09271639585494995,0.0761437639594078
28615,0.9507649540901184,0.9558299779891968,0.8898733854293823,0.9159517288208008
28616,0.956298828125,0.9589189291000366,1.0,0.8464794754981995
28617,0.09375,0.10919596254825592,0.4581993520259857,0.6247193813323975
28618,0.633056640625,0.6383504271507263,0.715326726436615,0.8190100789070129
28619,0.304931640625,0.36918142437934875,1.0,0.940723717212677
28620,0.146728515625,0.23758995532989502,0.3012597858905792,0.5592425465583801
28621,0.953369140625,0.9588244557380676,0.912726640701294,0.9233952760696411
28622,0.946533203125,0.9501578211784363,1.0,0.8754739761352539
28623,0.431884765625,0.4938870668411255,0.4763599932193756,0.7734366655349731
28624,0.0,0.01432291604578495,0.0,0.3780021369457245
28625,0.304931640625,0.39330118894577026,0.4285714626312256,0.5934332609176636
28626,0.953369140625,0.957050085067749,0.912726640701294,0.9469565749168396
28627,0.2774251401424408,0.3541977107524872,0.5188971757888794,0.6463086009025574
28628,0.455078125,0.5818878412246704,0.33298835158348083,0.604081392288208
28629,0.0,0.01981608010828495,0.0,0.24891690909862518
28630,0.02083333395421505,0.0384114608168602,0.07821311801671982,0.14579196274280548
28631,0.03125,0.08747521787881851,0.09869397431612015,0.2802834212779999
28632,0.967041015625,0.9673500061035156,1.0,0.9779828190803528
28633,0.0625,0.11633148789405823,0.1854327917098999,0.4300084412097931
28634,0.703369140625,0.7101468443870544,0.6423966884613037,0.8069310188293457
28635,0.567138671875,0.6069103479385376,0.7988805174827576,0.8604943156242371
28636,0.946533203125,0.9487728476524353,0.8026000261306763,0.7076375484466553
28637,0.940673828125,0.9448997378349304,0.8770246505737305,0.9008041620254517
28638,0.3599446713924408,0.421455055475235,0.5626510977745056,0.7927904725074768
28639,0.091796875,0.1773177832365036,0.255120187997818,0.5216074585914612
28640,0.940673828125,0.9479936361312866,0.771205723285675,0.8568263649940491
28641,0.9507649540901184,0.9563029408454895,0.6379934549331665,0.7134586572647095
28642,0.03125,0.08353301882743835,0.09869397431612015,0.3372584283351898
28643,0.2044270783662796,0.24367013573646545,0.8472668528556824,0.8491437435150146
28644,0.518798828125,0.5659924149513245,0.8046129941940308,0.8745673894882202
28645,0.393798828125,0.46299421787261963,0.5977610945701599,0.808817446231842
28646,0.197998046875,0.2758334279060364,0.6871474981307983,0.7628151774406433
28647,0.9444172978401184,0.9502376914024353,0.7589633464813232,0.750649631023407
28648,0.304931640625,0.36732256412506104,0.49493172764778137,0.6279948353767395
28649,0.946533203125,0.9525690674781799,0.6577322483062744,0.7180998921394348
28650,0.9507649540901184,0.9563028812408447,0.6379934549331665,0.7134586572647095
28651,0.968017578125,0.9680558443069458,1.0,0.9124804735183716
28652,0.9673665165901184,0.9676414728164673,1.0,0.9646382927894592
28653,0.962158203125,0.9625933766365051,0.9625431895256042,0.9195942878723145
28654,0.946533203125,0.9549025893211365,0.6577322483062744,0.8365382552146912
28655,0.967041015625,0.967552900314331,0.9284793138504028,0.9566113948822021
28656,0.940673828125,0.9425526261329651,0.7038999795913696,0.5417129397392273
28657,0.518798828125,0.5675325989723206,0.8046129941940308,0.8449083566665649
28658,0.9673665165901184,0.9676414728164673,1.0,0.9646382927894592
28659,0.946533203125,0.9509709477424622,0.8793432712554932,0.8707735538482666
28660,0.968017578125,0.9680558443069458,1.0,0.9124804735183716
28661,0.110107421875,0.15885654091835022,1.0,1.0
28662,0.212890625,0.24405495822429657,0.8789618015289307,0.7767672538757324
28663,0.94140625,0.9450002908706665,0.7888506054878235,0.7745484113693237
28664,0.08203125,0.12322998046875,0.3631143569946289,0.6758840680122375
28665,0.146728515625,0.2421513795852661,0.3012597858905792,0.5533961057662964
28666,0.968017578125,0.9680452346801758,1.0,0.9550373554229736
28667,0.260498046875,0.31109175086021423,0.8026120662689209,0.7703820466995239
28668,0.9388020634651184,0.944389820098877,0.5542851090431213,0.5560720562934875
28669,0.0625,0.1083744615316391,0.1854327917098999,0.3707760274410248
28670,0.110107421875,0.17145399749279022,0.3333333134651184,0.5969021916389465
28671,0.260498046875,0.30430012941360474,0.8026120662689209,0.6740444898605347
28672,0.0,0.008928571827709675,0.0,0.07336392998695374
28673,0.110107421875,0.14779695868492126,1.0,0.8521705269813538
28674,0.571533203125,0.5775171518325806,0.6093400716781616,0.6867833733558655
28675,0.2774251401424408,0.34597569704055786,0.8435737490653992,0.7414998412132263
28676,0.0,0.012500000186264515,0.0,0.38685280084609985
28677,0.956298828125,0.9590812921524048,1.0,0.8662670254707336
28678,0.304931640625,0.3639143705368042,1.0,0.9740815758705139
28679,0.0,0.0069444444961845875,0.0,0.3010300099849701
28680,0.962158203125,0.9624528288841248,0.9625431895256042,0.9090501070022583
28681,0.03125,0.05498504638671875,0.15273310244083405,0.2593834400177002
28682,0.712158203125,0.712565004825592,0.8569586873054504,0.8355844020843506
28683,0.2774251401424408,0.33866629004478455,0.8435737490653992,0.6867868304252625
28684,0.946533203125,0.9515917301177979,1.0,0.9487147927284241
28685,0.567138671875,0.6014174222946167,0.7988805174827576,0.7202374935150146
28686,0.46875,0.46875,0.6309297680854797,0.6309297680854797
28687,0.110107421875,0.1516391634941101,0.3951442539691925,0.5526931285858154
28688,0.366455078125,0.3697050213813782,0.5660510659217834,0.6225103139877319
28689,0.2774251401424408,0.34330037236213684,0.36153164505958557,0.5185121893882751
28690,0.304931640625,0.3297649323940277,1.0,0.8642393350601196
28691,0.953369140625,0.9585519433021545,0.912726640701294,0.8768349289894104
28692,0.3599446713924408,0.4041096568107605,0.8075588941574097,0.7924748063087463
28693,0.946533203125,0.9534953236579895,0.8026000261306763,0.929948627948761
28694,0.2044270783662796,0.2044270783662796,0.963940441608429,0.963940441608429
28695,0.9668782353401184,0.9676111936569214,0.7810032963752747,0.7054038643836975
28696,0.02083333395421505,0.02083333395421505,0.5,0.5
28697,0.5694173574447632,0.5726379752159119,0.7048385143280029,0.6525311470031738
28698,0.967041015625,0.9674513339996338,1.0,0.9799207448959351
28699,0.166259765625,0.2463075816631317,0.2626707851886749,0.45341941714286804
28700,0.499755859375,0.5422155857086182,0.9037794470787048,0.8163928389549255
28701,0.2774251401424408,0.33210790157318115,0.8435737490653992,0.7120023965835571
28702,0.08203125,0.1587613970041275,0.14433082938194275,0.4362625777721405
28703,0.968017578125,0.9680580496788025,1.0,0.9207109808921814
28704,0.9673665165901184,0.9677596688270569,0.8748590350151062,0.834345817565918
28705,0.2774251401424408,0.3132251799106598,0.8435737490653992,0.6111758947372437
28706,0.0,0.0238444022834301,0.0,0.14865031838417053
28707,0.2774251401424408,0.35025954246520996,0.8435737490653992,0.8634438514709473
28708,0.23046875,0.2724441587924957,0.47306913137435913,0.6263920068740845
28709,0.05078125,0.07964181900024414,0.5307212471961975,0.525920033454895
28710,0.968017578125,0.9680778384208679,1.0,0.8051004409790039
28711,0.967041015625,0.9675541520118713,0.8122885227203369,0.8317043781280518
28712,0.943115234375,0.9544286131858826,0.5359453558921814,0.6267896890640259
28713,0.968017578125,0.9680607318878174,1.0,0.8551925420761108
28714,0.304931640625,0.3732230067253113,1.0,0.9477344751358032
28715,0.9444172978401184,0.9492055177688599,0.9456308484077454,0.8450420498847961
28716,0.2774251401424408,0.30296066403388977,0.8435737490653992,0.6744922399520874
28717,0.23828125,0.3339468836784363,0.30167919397354126,0.5530938506126404
28718,0.146728515625,0.1556549072265625,0.7579237222671509,0.7711718678474426
28719,0.12109375,0.15966768562793732,0.3910655975341797,0.467380166053772
28720,0.02083333395421505,0.0598599873483181,0.23463936150074005,0.6669000387191772
28721,0.953369140625,0.9582021236419678,0.912726640701294,0.8931771516799927
28722,0.1875,0.2841344475746155,0.4692787230014801,0.6293950080871582
28723,0.9444172978401184,0.945942223072052,0.9456308484077454,0.7457417249679565
28724,0.091796875,0.12392116338014603,0.15692895650863647,0.20932742953300476
28725,0.2774251401424408,0.3428393602371216,0.8435737490653992,0.7501698136329651
28726,0.1875,0.2582489252090454,0.2886616587638855,0.41243529319763184
28727,0.09375,0.1335645318031311,0.29608193039894104,0.5004482269287109
28728,0.110107421875,0.1866011917591095,0.3333333134651184,0.5082230567932129
28729,0.606689453125,0.6390275955200195,1.0,0.8255478739738464
28730,0.2774251401424408,0.3611781597137451,0.8435737490653992,0.9266360998153687
28731,0.166259765625,0.2326432317495346,0.5307213068008423,0.6957221031188965
28732,0.490234375,0.5215184092521667,0.8556691408157349,0.6974403858184814
28733,0.488037109375,0.5469770431518555,0.4365417957305908,0.602936327457428
28734,0.0,0.015625,0.0,0.43067657947540283
28735,0.943115234375,0.9479695558547974,0.819014847278595,0.7689636945724487
28736,0.1875,0.23042191565036774,0.5562983751296997,0.6507397294044495
28737,0.2122395932674408,0.2566547691822052,0.4175114035606384,0.605628252029419
28738,0.05078125,0.11042310297489166,0.2737712264060974,0.5606225728988647
28740,0.490234375,0.5560569763183594,0.5961710214614868,0.7798418402671814
28741,0.450927734375,0.45816925168037415,0.5321600437164307,0.6559701561927795
28742,0.261474609375,0.2950485348701477,0.6151177287101746,0.6321647763252258
28743,0.0,0.010416666977107525,0.0,0.13905617594718933
28744,0.9444172978401184,0.9498224258422852,0.9456308484077454,0.9048218131065369
28745,0.518798828125,0.5741105079650879,0.6967307925224304,0.6136953234672546
28746,0.197998046875,0.25429973006248474,0.6871474981307983,0.7846236824989319
28747,0.23828125,0.2671881914138794,0.7039180994033813,0.7052829265594482
28748,0.110107421875,0.14191046357154846,1.0,0.7788065671920776
28749,0.110107421875,0.1588565558195114,1.0,1.0
28750,0.556884765625,0.5926600694656372,0.8308104276657104,0.8208442330360413
28751,0.110107421875,0.17436359822750092,0.3333333134651184,0.5733634233474731
28752,0.304931640625,0.3833552598953247,0.4285714626312256,0.6943149566650391
28753,0.946533203125,0.9543930292129517,0.7083972692489624,0.8016021251678467
28754,0.943115234375,0.9477834701538086,0.9313938021659851,0.9022437334060669
28755,0.393798828125,0.44415467977523804,0.5977610945701599,0.49867740273475647
28756,0.469970703125,0.4799901247024536,0.4431702494621277,0.6595328450202942
28757,0.9507649540901184,0.9551526308059692,0.8898733854293823,0.9071411490440369
28758,0.967041015625,0.9675137996673584,0.9284793138504028,0.8664695024490356
28759,0.23828125,0.2933368980884552,0.7039180994033813,0.5868622660636902
28760,0.08203125,0.16337858140468597,0.11613046377897263,0.2990371584892273
28761,0.1875,0.2718450129032135,0.20111946761608124,0.3158588409423828
28762,0.3599446713924408,0.40867847204208374,0.8075588941574097,0.8524129390716553
28763,0.518798828125,0.569050669670105,0.6967307925224304,0.6566521525382996
28764,0.968017578125,0.9680777788162231,1.0,0.9778228998184204
28765,0.03125,0.08226606249809265,0.29608193039894104,0.6036081910133362
28766,0.110107421875,0.1807330846786499,0.20503923296928406,0.3343827426433563
28767,0.304931640625,0.37238895893096924,1.0,0.909542977809906
28768,0.2774251401424408,0.3747882544994354,0.5188971757888794,0.7399898767471313
28769,0.260498046875,0.32533910870552063,0.8026120662689209,0.7110448479652405
28770,0.518798828125,0.5599106550216675,1.0,0.9133316874504089
28771,0.263671875,0.2869035303592682,0.7653606534004211,0.6251986026763916
28772,0.2774251401424408,0.3305974006652832,0.5188971757888794,0.5753903388977051
28773,0.518798828125,0.559200644493103,0.6967307925224304,0.535570502281189
28774,0.9668782353401184,0.9674820899963379,0.7810032963752747,0.8458052277565002
28775,0.967041015625,0.9674615859985352,0.9284793138504028,0.868711531162262
28776,0.953369140625,0.9573971033096313,0.912726640701294,0.9544341564178467
28777,0.304931640625,0.37933701276779175,0.6151177287101746,0.8036067485809326
28778,0.02083333395421505,0.08309821784496307,0.12103812396526337,0.538302481174469
28779,0.0,0.0078125,0.0,0.06943123042583466
28780,0.110107421875,0.15885654091835022,1.0,1.0
28781,0.531982421875,0.5683501958847046,0.7462155222892761,0.7697950005531311
28782,0.228759765625,0.24707932770252228,0.439797967672348,0.4350489675998688
28783,0.953369140625,0.9555265307426453,1.0,0.8373113870620728
28784,0.9444172978401184,0.9514163136482239,0.8315341472625732,0.9278561472892761
28785,0.946533203125,0.9533048272132874,0.6577322483062744,0.6649283766746521
28786,0.469970703125,0.475202739238739,0.5407800078392029,0.5412377715110779
28787,0.110107421875,0.20927134156227112,0.20503923296928406,0.4531724452972412
28788,0.946533203125,0.9517768621444702,1.0,0.9539540410041809
28789,0.323974609375,0.3618319034576416,0.6861420273780823,0.6490514278411865
28790,0.939453125,0.9503306746482849,0.6820816993713379,0.8643984794616699
28791,0.212890625,0.2482655644416809,0.8789618015289307,0.8577721118927002
28792,0.304931640625,0.37112390995025635,0.49493172764778137,0.6001994609832764
28793,0.228759765625,0.3094310164451599,0.6461858153343201,0.7266993522644043
28794,0.304931640625,0.3839991092681885,0.49493172764778137,0.7424687743186951
28795,0.212890625,0.2720394432544708,0.28110769391059875,0.3553295433521271
28796,0.2774251401424408,0.3552604913711548,0.8435737490653992,0.8732154369354248
28797,0.323974609375,0.36186879873275757,0.6861420273780823,0.6332212686538696
28798,0.9668782353401184,0.967150092124939,0.9614850282669067,0.9064316749572754
28799,0.304931640625,0.37640291452407837,0.6151177287101746,0.7664740085601807
28800,0.02083333395421505,0.0325520858168602,0.05323231965303421,0.07907509058713913
28801,0.2044270783662796,0.2966063618659973,0.3367719352245331,0.6272268295288086
28802,0.499755859375,0.5525928735733032,0.9037794470787048,0.8826691508293152
28803,0.9444172978401184,0.953231692314148,0.7589633464813232,0.8928647637367249
28804,0.091796875,0.2158927619457245,0.1093372330069542,0.29097506403923035
28805,0.166259765625,0.2675313651561737,0.2626707851886749,0.5896596908569336
28807,0.197998046875,0.26098835468292236,0.34009110927581787,0.45229366421699524
28808,0.304931640625,0.3547930121421814,1.0,0.7893454432487488
28809,0.260498046875,0.27566322684288025,0.8026120662689209,0.6936498284339905
28810,0.393798828125,0.4439718723297119,0.5977610945701599,0.7512075901031494
28811,0.110107421875,0.20250317454338074,0.22686867415905,0.5832987427711487
28812,0.05078125,0.061767578125,0.5307212471961975,0.7122630476951599
28813,0.304931640625,0.3820761740207672,0.4285714626312256,0.4700329303741455
28814,0.110107421875,0.17456187307834625,0.3333333134651184,0.5975675582885742
28815,0.9507649540901184,0.9537481665611267,0.974961519241333,0.9149731993675232
28816,0.47265625,0.532861053943634,0.8178747296333313,0.8598511815071106
28817,0.968017578125,0.9680470824241638,1.0,0.9067851305007935
28818,0.0,0.0062500000931322575,0.0,0.28906482458114624
28819,0.584228515625,0.5846037864685059,0.7689103484153748,0.7843324542045593
28820,0.212890625,0.218841552734375,0.67329341173172,0.6354576945304871
28821,0.150390625,0.2222157120704651,0.4525081515312195,0.6300628185272217
28822,0.304931640625,0.33064723014831543,1.0,0.5984084606170654
28823,0.94140625,0.9493747353553772,0.7200049757957458,0.710271954536438
28824,0.304931640625,0.36871039867401123,1.0,0.8623893857002258
28825,0.197998046875,0.2736327648162842,0.6871474981307983,0.7381086945533752
28826,0.1875,0.21805943548679352,0.5562983751296997,0.7063812613487244
28827,0.940673828125,0.9442105293273926,0.8770246505737305,0.9055889248847961
28828,0.499755859375,0.5521183609962463,0.7271926999092102,0.7693458795547485
28829,0.9507649540901184,0.9559828639030457,0.6379934549331665,0.7518623471260071
28830,0.304931640625,0.36765652894973755,0.6151177287101746,0.6641380786895752
28831,0.706298828125,0.7094290256500244,0.871160089969635,0.8142910599708557
28832,0.947998046875,0.9514249563217163,0.8348100185394287,0.7773752808570862
28834,0.556884765625,0.5893622636795044,0.9594535827636719,0.9140247702598572
28835,0.30078125,0.3440447747707367,0.5307213068008423,0.6215350031852722
28836,0.110107421875,0.17823269963264465,0.3951442539691925,0.7505086064338684
28837,0.9673665165901184,0.967670738697052,0.8748590350151062,0.820724606513977
28838,0.146728515625,0.17697712779045105,0.48975956439971924,0.36805692315101624
28839,0.05078125,0.07309722900390625,0.5307212471961975,0.42209500074386597
28840,0.2774251401424408,0.35190826654434204,0.5188971757888794,0.6381828784942627
28841,0.304931640625,0.371407151222229,0.4285714626312256,0.5384644865989685
28842,0.518798828125,0.5434257388114929,1.0,0.9619889259338379
28843,0.580322265625,0.6169610619544983,0.86592036485672,0.8381932973861694
28844,0.228759765625,0.30251598358154297,0.276936799287796,0.4016081988811493
28845,0.304931640625,0.3680685758590698,1.0,0.9185775518417358
28846,0.260498046875,0.3304097354412079,0.397238165140152,0.5622844099998474
28847,0.091796875,0.1437959522008896,0.10110574960708618,0.2180573046207428
28848,0.146728515625,0.23312675952911377,0.24239754676818848,0.4847242534160614
28849,0.0,0.04965972900390625,0.0,0.22715429961681366
28850,0.580322265625,0.6256380081176758,0.86592036485672,0.966667652130127
28851,0.091796875,0.1248539537191391,0.3948093354701996,0.4611836373806
28852,0.197998046875,0.34519845247268677,0.23883214592933655,0.5353954434394836
28853,0.304931640625,0.3905939757823944,0.49493172764778137,0.8131644129753113
28854,0.09375,0.14811883866786957,0.29608193039894104,0.4452332854270935
28855,0.44921875,0.453338623046875,0.9224036931991577,0.9612018465995789
28856,0.567138671875,0.6183056831359863,0.7988805174827576,0.863632082939148
28857,0.9388020634651184,0.9413545727729797,0.8427215218544006,0.7939492464065552
28858,0.2774251401424408,0.3176761865615845,0.8435737490653992,0.7276927828788757
28859,0.05078125,0.1142631396651268,0.17690707743167877,0.3549487292766571
28860,0.304931640625,0.38517165184020996,0.6151177287101746,0.7730635404586792
28861,0.228759765625,0.24291065335273743,0.6461858153343201,0.5719761252403259
28862,0.951904296875,0.9561299681663513,0.8690900206565857,0.8387454152107239
28863,0.499755859375,0.5560122132301331,0.629690945148468,0.7226608991622925
28864,0.110107421875,0.14882832765579224,0.5158474445343018,0.595744252204895
28865,0.146728515625,0.18594753742218018,0.58057701587677,0.6731854677200317
28866,0.556884765625,0.5909864902496338,0.8308104276657104,0.8400046825408936
28867,0.518798828125,0.5647807717323303,0.6967307925224304,0.7585112452507019
28868,0.9507649540901184,0.9554130434989929,0.8898733854293823,0.9477781057357788
28869,0.951904296875,0.9563645124435425,0.8690900206565857,0.8124096393585205
28870,0.959228515625,0.9597153067588806,0.8722942471504211,0.7783874869346619
28871,0.959228515625,0.9597827196121216,0.7631344795227051,0.8550376296043396
28872,0.110107421875,0.1595040261745453,0.3333333134651184,0.5157153606414795
28873,0.261474609375,0.3042867183685303,0.6151177287101746,0.6680675148963928
28874,0.110107421875,0.17861586809158325,0.3333333134651184,0.6953551173210144
28875,0.2774251401424408,0.34770479798316956,0.8435737490653992,0.8157726526260376
28876,0.9507649540901184,0.9553731679916382,0.8898733854293823,0.793948769569397
28877,0.03125,0.03125,0.6309297680854797,0.6309297680854797
28878,0.166259765625,0.166259765625,0.8213136792182922,0.7437707185745239
28879,0.304931640625,0.39858898520469666,0.4285714626312256,0.5654881596565247
28880,0.110107421875,0.17566555738449097,0.3333333134651184,0.44270405173301697
28881,0.943359375,0.9470106959342957,0.9184463024139404,0.8990212678909302
28882,0.967041015625,0.9678072333335876,0.8122885227203369,0.8365623950958252
28883,0.499755859375,0.541522204875946,0.7271926999092102,0.6885207295417786
28884,0.953369140625,0.9560275673866272,0.912726640701294,0.7999635338783264
28885,0.146728515625,0.2278049886226654,0.24239754676818848,0.44304654002189636
28886,0.3599446713924408,0.4130566418170929,0.5626510977745056,0.6786530613899231
28887,0.940673828125,0.9430667757987976,0.9274492263793945,0.9280741810798645
28888,0.0625,0.09839407354593277,0.1854327917098999,0.3364003598690033
28889,0.0625,0.0690104141831398,0.1854327917098999,0.20949488878250122
28890,0.3599446713924408,0.41323256492614746,0.6497723460197449,0.8352915644645691
28891,0.08203125,0.108497753739357,0.3631143569946289,0.39372965693473816
28892,0.166259765625,0.22667235136032104,0.5307213068008423,0.611746072769165
28893,0.0,0.0548773854970932,0.0,0.15490292012691498
28894,0.150390625,0.20395630598068237,0.5364180207252502,0.7032332420349121
28895,0.0625,0.10179504752159119,0.4692787230014801,0.5926825404167175
28896,0.393798828125,0.4548901915550232,0.5977610945701599,0.8320281505584717
28897,0.9375,0.9391741156578064,0.8155369758605957,0.6717168688774109
28898,0.08984375,0.18866880238056183,0.22686867415905,0.5709891319274902
28899,0.606689453125,0.6199403405189514,1.0,0.7556005120277405
28900,0.166259765625,0.2238556444644928,0.5307213068008423,0.5803683996200562
28901,0.953369140625,0.9563771486282349,0.912726640701294,0.6921060085296631
28902,0.02083333395421505,0.03059895895421505,0.23463936150074005,0.4017998278141022
28903,0.212890625,0.23037147521972656,0.8789618015289307,0.668912947177887
28904,0.304931640625,0.3825562000274658,0.49493172764778137,0.6858313083648682
28905,0.260498046875,0.3442510962486267,0.8026120662689209,0.9074249863624573
28906,0.03125,0.06554753333330154,0.15273310244083405,0.30739152431488037
28907,0.323974609375,0.3717573285102844,0.5520787835121155,0.6115978956222534
28908,0.197998046875,0.2682643234729767,0.6871474981307983,0.74766606092453
28909,0.580322265625,0.6151120066642761,0.86592036485672,0.8440889120101929
28910,0.02083333395421505,0.08318985998630524,0.038710154592990875,0.1720302402973175
28911,0.304931640625,0.3643037974834442,0.6151177287101746,0.656074047088623
28912,0.2774251401424408,0.3109440803527832,0.8435737490653992,0.6900152564048767
28913,0.560546875,0.560546875,0.4981783330440521,0.4507262706756592
28914,0.556884765625,0.5908986330032349,0.8308104276657104,0.9332756996154785
28915,0.110107421875,0.14030113816261292,1.0,0.9642409086227417
28916,0.9507649540901184,0.952296257019043,0.8898733854293823,0.6515085101127625
28917,0.110107421875,0.16667813062667847,0.3333333134651184,0.4613708555698395
28918,0.2774251401424408,0.34162241220474243,0.8435737490653992,0.7634040117263794
28919,0.166259765625,0.20165537297725677,0.6291344165802002,0.6942057013511658
28920,0.08984375,0.14710435271263123,0.3333333134651184,0.5174196362495422
28921,0.946533203125,0.9567092061042786,0.575423002243042,0.8786347508430481
28922,0.0,0.0069444444961845875,0.0,0.3010300099849701
28923,0.260498046875,0.3131449520587921,0.27896419167518616,0.3363204002380371
28924,0.967041015625,0.9674897193908691,0.9284793138504028,0.8131260275840759
28926,0.146728515625,0.21661031246185303,0.48975956439971924,0.681705117225647
28927,0.146728515625,0.216339111328125,0.48975956439971924,0.7877357006072998
28928,0.943359375,0.9493368268013,0.9184463024139404,0.877455472946167
28929,0.580322265625,0.6073945760726929,1.0,0.9641127586364746
28930,0.940673828125,0.9454123377799988,0.5768473744392395,0.5862312912940979
28931,0.0625,0.0625,1.0,1.0
28932,0.366455078125,0.3694443106651306,0.5249836444854736,0.5676491260528564
28933,0.304931640625,0.38271471858024597,0.49493172764778137,0.7389224767684937
28934,0.946533203125,0.9518674612045288,1.0,0.9739895462989807
28935,0.304931640625,0.3696334958076477,0.4285714626312256,0.41908466815948486
28936,0.580322265625,0.624167799949646,0.86592036485672,0.8680732250213623
28937,0.580322265625,0.6429556012153625,0.5636333227157593,0.7165241241455078
28938,0.967041015625,0.9673619866371155,1.0,0.9195082783699036
28939,0.9444172978401184,0.9523007869720459,0.7589633464813232,0.7801395058631897
28940,0.967041015625,0.9673623442649841,1.0,0.9039149284362793
28941,0.9507649540901184,0.9532036185264587,0.8898733854293823,0.8560329079627991
28942,0.9668782353401184,0.9677624106407166,0.7810032963752747,0.8517741560935974
28943,0.571533203125,0.5775171518325806,0.6093400716781616,0.6867833733558655
28944,0.968017578125,0.9680377244949341,1.0,0.9160590767860413
28945,0.3599446713924408,0.40867847204208374,0.8075588941574097,0.8524129390716553
28946,0.9668782353401184,0.9677624106407166,0.7810032963752747,0.8517741560935974
28947,0.956298828125,0.9593162536621094,1.0,0.7466257810592651
28948,0.967041015625,0.9674513339996338,1.0,0.9799207448959351
28949,0.940673828125,0.953952431678772,0.5768473744392395,0.7175763249397278
28950,0.9673665165901184,0.9677585363388062,0.8748590350151062,0.7230759263038635
28951,0.580322265625,0.6429556608200073,0.5636333227157593,0.7165241241455078
28952,0.9668782353401184,0.9677624106407166,0.7810032963752747,0.8517741560935974
28953,0.9507649540901184,0.9549643397331238,0.8898733854293823,0.9453173875808716
28954,0.503173828125,0.5051069259643555,0.6796846985816956,0.700089156627655
28955,0.146728515625,0.19503819942474365,0.48975956439971924,0.6952183246612549
28956,0.466064453125,0.4846038818359375,0.8656565546989441,0.9458462595939636
28957,0.304931640625,0.35878488421440125,1.0,0.8356329202651978
28958,0.05078125,0.0757150650024414,0.5307212471961975,0.47870397567749023
28959,0.23828125,0.3064647614955902,0.7039180994033813,0.645051121711731
28960,0.091796875,0.12816449999809265,0.30242785811424255,0.42430174350738525
28961,0.0625,0.06982421875,0.4692787230014801,0.28952300548553467
28962,0.556884765625,0.5904290080070496,0.9594535827636719,0.9427098035812378
28963,0.091796875,0.1158294677734375,0.7653606534004211,0.9558295607566833
28964,0.110107421875,0.15840750932693481,0.3333333134651184,0.40059328079223633
28965,0.228759765625,0.24142873287200928,1.0,0.8066902756690979
28966,0.09375,0.12937621772289276,0.1821252405643463,0.22664502263069153
28967,0.499755859375,0.5248718857765198,0.9037794470787048,0.9368453025817871
28968,0.556884765625,0.6040560007095337,0.8308104276657104,0.8281071186065674
28969,0.431884765625,0.47980043292045593,0.7318407297134399,0.7979530692100525
28970,0.02083333395421505,0.0354817733168602,0.3065735995769501,0.5706417560577393
28971,0.0,0.03125,0.0,0.1011684313416481
28972,0.304931640625,0.36730533838272095,0.49493172764778137,0.5797877907752991
28973,0.212890625,0.2925203740596771,0.3493700623512268,0.5237325429916382
28974,0.05078125,0.06451416015625,0.2097114622592926,0.22632437944412231
28975,0.304931640625,0.35031357407569885,1.0,0.7406041026115417
28976,0.110107421875,0.15170951187610626,0.5158474445343018,0.6344713568687439
28977,0.219970703125,0.219970703125,0.49370092153549194,0.4020722806453705
28978,0.466064453125,0.503136932849884,0.7823625802993774,0.8959403038024902
28979,0.12109375,0.2053583264350891,0.3910655975341797,0.645573616027832
28980,0.393798828125,0.4842001497745514,0.38908666372299194,0.7570256590843201
28981,0.02083333395421505,0.07640155404806137,0.09271639585494995,0.3427382707595825
28982,0.0,0.02734375,0.0,0.12493649870157242
28984,0.580322265625,0.6241828203201294,0.86592036485672,0.9162377715110779
28986,0.228759765625,0.2891795039176941,0.3974803686141968,0.5418186783790588
28987,0.304931640625,0.3533211946487427,0.4285714626312256,0.4841879606246948
28988,0.12109375,0.18521878123283386,0.19355076551437378,0.3357929587364197
28989,0.499755859375,0.5796152949333191,0.629690945148468,0.7827404141426086
28990,0.1875,0.21190795302391052,0.7262287139892578,0.6540225744247437
28991,0.946533203125,0.9505136013031006,1.0,0.9344537258148193
28992,0.606689453125,0.6305179595947266,0.6509066820144653,0.541877806186676
28993,0.956298828125,0.9582873582839966,1.0,0.9841363430023193
28994,0.0625,0.1117604523897171,0.23463936150074005,0.43662384152412415
28995,0.946533203125,0.948076605796814,1.0,0.9131126403808594
28996,0.606689453125,0.6339824199676514,0.46666663885116577,0.46827664971351624
28997,0.9444172978401184,0.9483119249343872,0.9456308484077454,0.9400853514671326
28998,0.0,0.03632812574505806,0.0,0.37392255663871765
28999,0.940673828125,0.948185920715332,0.771205723285675,0.8474884033203125
29000,0.110107421875,0.17823269963264465,0.3333333134651184,0.47050634026527405
29001,0.2774251401424408,0.3523706793785095,0.8435737490653992,0.8107497692108154
29002,0.393798828125,0.435958594083786,0.8579513430595398,0.8346198797225952
29003,0.228759765625,0.27100902795791626,0.6461858153343201,0.5255664587020874
29004,0.304931640625,0.3658406734466553,1.0,0.8545365929603577
29005,0.518798828125,0.5806039571762085,0.6967307925224304,0.7794073224067688
29006,0.260498046875,0.30608826875686646,0.8026120662689209,0.9087358117103577
29007,0.9507649540901184,0.9539669156074524,0.974961519241333,0.9283947348594666
29008,0.304931640625,0.4104757308959961,0.4285714626312256,0.8179277181625366
29009,0.1875,0.2379884272813797,0.5562983751296997,0.8554304838180542
29010,0.957763671875,0.9584172368049622,0.7236568927764893,0.8322263956069946
29011,0.967041015625,0.9673947691917419,0.9284793138504028,0.8180839419364929
29012,0.2774251401424408,0.3473402261734009,0.8435737490653992,0.819274365901947
29013,0.110107421875,0.163970485329628,0.5158474445343018,0.7090146541595459
29014,0.943115234375,0.9496552348136902,0.6126077175140381,0.6757405400276184
29015,0.968017578125,0.9680485725402832,1.0,0.929067075252533
29016,0.967041015625,0.9674226641654968,0.9284793138504028,0.8972921371459961
29017,0.9507649540901184,0.9532166719436646,0.8898733854293823,0.7493997812271118
29018,0.951171875,0.9568753838539124,0.8472716808319092,0.8555538654327393
29019,0.556884765625,0.6023396253585815,0.8308104276657104,0.846954882144928
29021,0.197998046875,0.24362266063690186,0.6871474981307983,0.5655705332756042
29022,0.946533203125,0.9522224068641663,0.8026000261306763,0.7217148542404175
29023,0.08203125,0.14803197979927063,0.27814918756484985,0.5884107947349548
29024,0.580322265625,0.6210569739341736,0.86592036485672,0.8767796754837036
29025,0.946533203125,0.9523550271987915,0.8793432712554932,0.9141949415206909
29026,0.263671875,0.3371301591396332,0.23391999304294586,0.3411429822444916
29027,0.943359375,0.9479544162750244,0.8076295852661133,0.7451333403587341
29028,0.518798828125,0.5535740852355957,1.0,0.824491024017334
29030,0.02083333395421505,0.062790647149086,0.09271639585494995,0.2763412892818451
29031,0.228759765625,0.28192681074142456,0.6461858153343201,0.5323266983032227
29032,0.518798828125,0.5690506100654602,1.0,1.0
29033,0.967041015625,0.9673879146575928,0.9284793138504028,0.8643322587013245
29034,0.503173828125,0.5073645710945129,0.5961002111434937,0.6657436490058899
29035,0.228759765625,0.322837233543396,0.3198178708553314,0.5187809467315674
29036,0.531982421875,0.5618600249290466,0.8617600202560425,0.7754462361335754
29037,0.166259765625,0.24414174258708954,0.2626707851886749,0.4359898269176483
29038,0.94140625,0.9464520215988159,0.7888506054878235,0.7521132230758667
29039,0.1875,0.2501935660839081,0.23226092755794525,0.3848852515220642
29040,0.967041015625,0.9676021933555603,0.8122885227203369,0.7016775012016296
29041,0.956298828125,0.961141049861908,0.7169486284255981,0.9310460686683655
29042,0.0,0.01432291604578495,0.0,0.24066729843616486
29043,0.518798828125,0.5764603614807129,0.8046129941940308,0.9216862320899963
29044,0.374755859375,0.4430783689022064,0.5307213068008423,0.6492134928703308
29045,0.962158203125,0.9625001549720764,0.9625431895256042,0.8596559166908264
29046,0.166259765625,0.22667235136032104,0.5307213068008423,0.5587791204452515
29047,0.263671875,0.34081941843032837,0.7653606534004211,0.7643246650695801
29048,0.09375,0.11924275755882263,0.4581993520259857,0.6030208468437195
29049,0.956298828125,0.9586382508277893,1.0,0.8796988129615784
29050,0.08984375,0.1929243952035904,0.3333333134651184,0.6873332262039185
29051,0.25390625,0.3178778886795044,0.45805788040161133,0.6303090453147888
29052,0.166259765625,0.2214977890253067,0.5307213068008423,0.7966092228889465
29053,0.967041015625,0.9674384593963623,0.9284793138504028,0.8985337018966675
29054,0.431884765625,0.4665365517139435,0.7318407297134399,0.7153257727622986
29055,0.9507649540901184,0.9549684524536133,0.7292529344558716,0.7688339352607727
29056,0.9668782353401184,0.9673040509223938,0.7810032963752747,0.5462180376052856
29057,0.05078125,0.057647705078125,0.5307212471961975,0.3183395564556122
29058,0.946533203125,0.9529892206192017,0.8026000261306763,0.8414110541343689
29059,0.03125,0.0458984375,0.29608193039894104,0.32124462723731995
29060,0.967041015625,0.9675365686416626,0.9284793138504028,0.857004702091217
29061,0.499755859375,0.5371723771095276,0.629690945148468,0.7030438780784607
29062,0.02083333395421505,0.02083333395421505,0.5,0.5
29063,0.393798828125,0.44253259897232056,0.690318763256073,0.7716597318649292
29064,0.0625,0.0952962264418602,0.23463936150074005,0.30831536650657654
29065,0.9507649540901184,0.9558037519454956,0.8898733854293823,0.8727843165397644
29066,0.518798828125,0.5942599773406982,0.496870219707489,0.7674198746681213
29067,0.943115234375,0.9458692669868469,0.9313938021659851,0.8998488187789917
29068,0.967041015625,0.9675735235214233,0.8122885227203369,0.8386772871017456
29069,0.431884765625,0.46490803360939026,0.7318407297134399,0.5784554481506348
29070,0.0625,0.0625,1.0,1.0
29071,0.304931640625,0.3709300458431244,0.4285714626312256,0.5560262799263
29073,0.304931640625,0.35031357407569885,0.6151177287101746,0.5482926964759827
29074,0.0,0.02083333395421505,0.0,0.2487214207649231
29075,0.260498046875,0.3441197872161865,0.49370092153549194,0.7292386889457703
29076,0.110107421875,0.19557717442512512,0.3333333134651184,0.49172234535217285
29077,0.0,0.0,0.0,0.0
29078,0.956298828125,0.9594924449920654,1.0,0.8540991544723511
29079,0.0,0.008928571827709675,0.0,0.3333333432674408
29080,0.304931640625,0.37238895893096924,0.6151177287101746,0.7031883597373962
29081,0.1106770858168602,0.15251071751117706,0.37429505586624146,0.5129061937332153
29082,0.08203125,0.19587792456150055,0.15969696640968323,0.49910634756088257
29083,0.23828125,0.3034549951553345,0.43299248814582825,0.5433597564697266
29084,0.2044270783662796,0.31210872530937195,0.2709710896015167,0.6415299773216248
29085,0.110107421875,0.19551891088485718,0.3333333134651184,0.529461681842804
29086,0.260498046875,0.33929577469825745,0.8026120662689209,0.8551595211029053
29087,0.304931640625,0.37558865547180176,1.0,0.9575862288475037
29088,0.228759765625,0.3038586974143982,0.3974803686141968,0.48076507449150085
29089,0.940673828125,0.9540126919746399,0.5046601295471191,0.6844411492347717
29090,0.228759765625,0.25318965315818787,0.7660098671913147,0.6743935346603394
29091,0.091796875,0.091796875,0.7653606534004211,0.636682391166687
29092,0.947998046875,0.9559917449951172,0.6841284036636353,0.8298420310020447
29093,0.263671875,0.3101685345172882,0.7653606534004211,0.6676821112632751
29094,0.0,0.0342203788459301,0.0,0.15665209293365479
29095,0.03125,0.049835205078125,0.29608193039894104,0.29343679547309875
29096,0.556884765625,0.5901212692260742,0.9594535827636719,0.9409366846084595
29097,0.110107421875,0.16197852790355682,0.20503923296928406,0.3041985034942627
29098,0.9507649540901184,0.9552004933357239,0.8898733854293823,0.9476571679115295
29099,0.197998046875,0.27952536940574646,0.6871474981307983,0.8108583688735962
29100,0.9673665165901184,0.9677847027778625,1.0,0.9080004096031189
29101,0.9444172978401184,0.9479618072509766,0.9456308484077454,0.9143224954605103
29102,0.490234375,0.5460402965545654,0.6884825229644775,0.7476601004600525
29103,0.374755859375,0.4038664400577545,0.7617307901382446,0.5792111754417419
29104,0.580322265625,0.6231200098991394,0.86592036485672,0.9647376537322998
29105,0.518798828125,0.5632794499397278,0.8046129941940308,0.8077067136764526
29106,0.946533203125,0.956709086894989,0.575423002243042,0.8320382237434387
29107,0.466064453125,0.49724772572517395,0.629499077796936,0.6681873202323914
29108,0.260498046875,0.3133735656738281,0.8026120662689209,0.7549046277999878
29109,0.304931640625,0.371407151222229,0.49493172764778137,0.6379238963127136
29110,0.09375,0.12414312362670898,0.35098522901535034,0.45517054200172424
29111,0.197998046875,0.2871028780937195,0.34009110927581787,0.6111190319061279
29112,0.3599446713924408,0.41480880975723267,0.6497723460197449,0.7581400275230408
29113,0.556884765625,0.5878089666366577,0.8308104276657104,0.7854294180870056
29114,0.580322265625,0.6176282167434692,0.86592036485672,0.6960226893424988
29115,0.2774251401424408,0.3541276454925537,0.8435737490653992,0.8698739409446716
29116,0.110107421875,0.16328969597816467,0.3333333134651184,0.31992703676223755
29117,0.957763671875,0.9581132531166077,0.8271697163581848,0.8641071319580078
29118,0.951171875,0.9550925493240356,0.9282863140106201,0.8741783499717712
29119,0.263671875,0.27398681640625,0.90728360414505,0.6820217967033386
29120,0.304931640625,0.40175044536590576,0.4285714626312256,0.6936290860176086
29121,0.431884765625,0.4748331904411316,0.7318407297134399,0.7627916932106018
29122,0.0,0.02697405219078064,0.0,0.06455402076244354
29123,0.503173828125,0.5064237713813782,0.6796846985816956,0.7213595509529114
29124,0.0625,0.18936848640441895,0.09622055292129517,0.4672473967075348
29125,0.14453125,0.1764172911643982,0.5307213068008423,0.5886171460151672
29126,0.304931640625,0.34265080094337463,1.0,0.8059819340705872
29127,0.968017578125,0.9680566787719727,1.0,0.9663018584251404
29128,0.946533203125,0.9521167278289795,0.7083972692489624,0.7719656825065613
29129,0.393798828125,0.44764867424964905,0.5977610945701599,0.5475963354110718
29130,0.956298828125,0.9601954221725464,1.0,0.9339541792869568
29131,0.466064453125,0.493190735578537,0.629499077796936,0.5450372695922852
29132,0.304931640625,0.37751758098602295,0.6151177287101746,0.7731227278709412
29133,0.260498046875,0.3147387206554413,0.49370092153549194,0.5303108096122742
29134,0.956298828125,0.9579938054084778,1.0,0.9413508772850037
29135,0.946533203125,0.9538325071334839,0.8026000261306763,0.845233142375946
29136,0.953369140625,0.956824779510498,1.0,0.935671865940094
29137,0.212890625,0.2664563059806824,0.28110769391059875,0.3089732527732849
29138,0.946533203125,0.9520352482795715,0.575423002243042,0.5450608134269714
29139,0.197998046875,0.29500579833984375,0.1916866898536682,0.42232075333595276
29140,0.499755859375,0.5305352807044983,0.9037794470787048,0.8636893033981323
29141,0.556884765625,0.5876790285110474,0.8308104276657104,0.7655385136604309
29142,0.110107421875,0.1821296513080597,0.22686867415905,0.5560618042945862
29143,0.110107421875,0.1679176390171051,0.3333333134651184,0.5616647005081177
29144,0.968017578125,0.968039333820343,1.0,0.8018811941146851
29145,0.518798828125,0.5648407340049744,0.6967307925224304,0.5304107069969177
29146,0.344482421875,0.37407007813453674,0.5977610945701599,0.5631415247917175
29147,0.518798828125,0.580714225769043,0.6967307925224304,0.7170891165733337
29148,0.091796875,0.19235283136367798,0.05102403834462166,0.1760132759809494
29149,0.23828125,0.2902022898197174,0.7039180994033813,0.613875687122345
29150,0.304931640625,0.37751758098602295,1.0,1.0
29151,0.197998046875,0.23941180109977722,0.6871474981307983,0.524438202381134
29152,0.0,0.0,0.0,0.0
29153,0.9375,0.9474519491195679,0.5364049673080444,0.5231317281723022
29154,0.953369140625,0.9571319222450256,1.0,0.9794657230377197
29156,0.1875,0.2466210424900055,0.4692787230014801,0.5773483514785767
29157,0.967041015625,0.967382550239563,1.0,0.921327531337738
29158,0.0625,0.08071644604206085,0.3631143569946289,0.49435630440711975
29159,0.943115234375,0.9511679410934448,0.6597968339920044,0.8329782485961914
29160,0.51953125,0.5292961597442627,0.7039180994033813,0.705051839351654
29161,0.455078125,0.48434221744537354,0.7342523336410522,0.7456780672073364
29162,0.9668782353401184,0.9672890901565552,0.9614850282669067,0.9171141982078552
29163,0.304931640625,0.35137391090393066,1.0,0.7469316124916077
29164,0.939453125,0.9414136409759521,0.8498401045799255,0.8155380487442017
29165,0.263671875,0.32703107595443726,0.7653606534004211,0.6679443120956421
29166,0.0,0.0,0.0,0.0
29167,0.110107421875,0.19878214597702026,0.3333333134651184,0.7673397660255432
29168,0.0,0.010416666977107525,0.0,0.3562071919441223
29169,0.08203125,0.14423537254333496,0.14433082938194275,0.28614863753318787
29170,0.110107421875,0.110107421875,1.0,1.0
29171,0.943115234375,0.9477034211158752,0.9313938021659851,0.8517398834228516
29172,0.1106770858168602,0.16388669610023499,0.37429505586624146,0.39675796031951904
29173,0.166259765625,0.2240533083677292,0.5307213068008423,0.5718433856964111
29174,0.0,0.0,0.0,0.0
29175,0.03125,0.0907527506351471,0.09869397431612015,0.29773974418640137
29176,0.304931640625,0.3964432179927826,0.6151177287101746,0.8708334565162659
29177,0.110107421875,0.14537939429283142,0.3951442539691925,0.4898357391357422
29178,0.110107421875,0.1588565558195114,1.0,1.0
29179,0.431884765625,0.4820628762245178,0.7318407297134399,0.7353202104568481
29180,0.556884765625,0.594143271446228,0.8308104276657104,0.8054865002632141
29181,0.228759765625,0.30105912685394287,0.3974803686141968,0.47961264848709106
29182,0.0625,0.1330127716064453,0.09622055292129517,0.32243025302886963
29183,0.706298828125,0.7071453332901001,0.871160089969635,0.8549991250038147
29184,0.2774251401424408,0.31572210788726807,0.8435737490653992,0.5905953049659729
29185,0.05078125,0.10278032720088959,0.2737712264060974,0.5415339469909668
29186,0.393798828125,0.44452622532844543,0.5977610945701599,0.7126755118370056
29187,0.2774251401424408,0.33338823914527893,0.5188971757888794,0.5100390315055847
29188,0.374755859375,0.43629342317581177,0.5307213068008423,0.7065465450286865
29189,0.1875,0.2001953125,0.5562983751296997,0.5891125202178955
29190,0.580322265625,0.6273109912872314,0.86592036485672,0.8441897034645081
29191,0.228759765625,0.32539787888526917,0.3974803686141968,0.6448315978050232
29192,0.556884765625,0.595466136932373,0.8308104276657104,0.8810535073280334
29193,0.703369140625,0.7067095041275024,0.8588406443595886,0.8268818855285645
29194,0.9375,0.9496438503265381,0.5364049673080444,0.7443488836288452
29195,0.08203125,0.14237335324287415,0.23463936150074005,0.4670317471027374
29196,0.0,0.04735056310892105,0.0,0.39753103256225586
29197,0.0,0.05151907354593277,0.0,0.3142666220664978
29198,0.9507649540901184,0.9576285481452942,0.6379934549331665,0.7416942119598389
29199,0.0,0.05926339328289032,0.0,0.37100905179977417
29200,0.05078125,0.1398305892944336,0.13908983767032623,0.4742276966571808
29201,0.197998046875,0.234940767288208,0.34009110927581787,0.3483421504497528
29202,0.02083333395421505,0.07758411020040512,0.09271639585494995,0.3435215651988983
29203,0.228759765625,0.3088075816631317,0.6461858153343201,0.7245813608169556
29204,0.940673828125,0.9460493326187134,0.771205723285675,0.7295160293579102
29205,0.9375,0.9409586787223816,0.8624263405799866,0.8405899405479431
29206,0.260498046875,0.32524383068084717,0.8026120662689209,0.6965851783752441
29207,0.580322265625,0.6097154021263123,0.86592036485672,0.7906966805458069
29208,0.946533203125,0.9508129954338074,0.7083972692489624,0.6916596293449402
29209,0.228759765625,0.31279945373535156,0.6461858153343201,0.7708688378334045
29210,0.47265625,0.5285438895225525,0.5698384642601013,0.6751800179481506
29211,0.9444172978401184,0.9516294002532959,0.7589633464813232,0.827245831489563
29212,0.091796875,0.14529263973236084,0.30242785811424255,0.5193386673927307
29213,0.03125,0.0550537109375,0.29608193039894104,0.6653497219085693
29214,0.9668782353401184,0.9670059084892273,0.9614850282669067,0.8385760188102722
29215,0.94140625,0.9449310302734375,0.8970906734466553,0.8131890892982483
29216,0.2044270783662796,0.23908326029777527,0.5474918484687805,0.5927873849868774
29217,0.260498046875,0.33214718103408813,0.8026120662689209,0.7627725601196289
29218,0.946533203125,0.9544305801391602,0.7083972692489624,0.8015304207801819
29219,0.260498046875,0.3179533779621124,0.8026120662689209,0.8626974821090698
29220,0.9673665165901184,0.9676278233528137,1.0,0.9025463461875916
29221,0.9673665165901184,0.9676631689071655,1.0,0.8533406853675842
29222,0.951904296875,0.9563002586364746,0.7122209072113037,0.7842066287994385
29223,0.260498046875,0.31266993284225464,0.8026120662689209,0.6354151368141174
29224,0.304931640625,0.3487551510334015,1.0,0.7931153774261475
29225,0.03125,0.06902095675468445,0.11699506640434265,0.34663712978363037
29226,0.953369140625,0.9601629972457886,0.7479812502861023,0.8107545375823975
29227,0.150390625,0.22273322939872742,0.22396063804626465,0.37043941020965576
29228,0.08203125,0.16738539934158325,0.23463936150074005,0.5391547083854675
29229,0.03125,0.05889565497636795,0.29608193039894104,0.46289297938346863
29230,0.968017578125,0.9680308699607849,1.0,0.8252382278442383
29231,0.304931640625,0.3712456524372101,1.0,0.9723436832427979
29232,0.260498046875,0.3103882074356079,0.8026120662689209,0.6627849340438843
29233,0.0,0.03428192064166069,0.0,0.29659342765808105
29234,0.947998046875,0.9528136253356934,0.8348100185394287,0.8493160605430603
29235,0.953369140625,0.9550591111183167,1.0,0.9345039129257202
29236,0.580322265625,0.6254642009735107,0.86592036485672,0.9448730945587158
29237,0.393798828125,0.44050002098083496,0.5977610945701599,0.6735190153121948
29238,0.953369140625,0.9578051567077637,0.912726640701294,0.9106913208961487
29239,0.228759765625,0.2787454128265381,0.6461858153343201,0.6070014238357544
29240,0.959228515625,0.9596580266952515,0.8722942471504211,0.898551881313324
29241,0.959228515625,0.9596514701843262,0.8722942471504211,0.8528025150299072
29242,0.9444172978401184,0.9503377079963684,0.8315341472625732,0.8099628686904907
29243,0.9673665165901184,0.9677674174308777,0.8748590350151062,0.8123373985290527
29244,0.968017578125,0.9680564999580383,1.0,0.8993650078773499
29245,0.943115234375,0.9489024877548218,0.7475366592407227,0.7016938328742981
29246,0.968017578125,0.9680564999580383,1.0,0.8993650078773499
29247,0.968017578125,0.968039333820343,1.0,0.9251907467842102
29248,0.9673665165901184,0.9677441120147705,0.8748590350151062,0.8137022852897644
29249,0.953369140625,0.958400309085846,0.912726640701294,0.8286740779876709
29250,0.9673665165901184,0.9677652716636658,0.8748590350151062,0.8479143381118774
29251,0.947998046875,0.9547441601753235,0.6841284036636353,0.8148221373558044
29252,0.968017578125,0.968039333820343,1.0,0.8018811941146851
29253,0.940673828125,0.9478282332420349,0.5768473744392395,0.6569862961769104
29254,0.9673665165901184,0.9677435755729675,0.8748590350151062,0.8174555897712708
29255,0.9673665165901184,0.9678909778594971,0.8748590350151062,0.8329577445983887
29256,0.953369140625,0.958400309085846,0.912726640701294,0.8286740779876709
29257,0.953369140625,0.9588636755943298,0.912726640701294,0.8806294798851013
29258,0.946533203125,0.9517541527748108,0.8026000261306763,0.636769711971283
29259,0.9507649540901184,0.9530851244926453,0.974961519241333,0.8561012148857117
29260,0.946533203125,0.9517541527748108,0.8026000261306763,0.636769711971283
29261,0.968017578125,0.9680411219596863,1.0,0.8406108021736145
29262,0.9507649540901184,0.9541431665420532,0.8898733854293823,0.8701967000961304
29263,0.0625,0.0625,1.0,1.0
29265,0.0625,0.0625,1.0,1.0
29266,0.3599446713924408,0.4101964831352234,0.8075588941574097,0.886561393737793
29267,0.228759765625,0.27100899815559387,1.0,1.0
29268,0.946533203125,0.9520063400268555,0.8793432712554932,0.9248625040054321
29269,0.304931640625,0.3709210157394409,1.0,0.8863993287086487
29270,0.110107421875,0.19352978467941284,0.3333333134651184,0.45328766107559204
29271,0.0,0.0,0.0,0.0
29272,0.0625,0.1053466796875,0.23463936150074005,0.29846739768981934
29273,0.05078125,0.07626447081565857,0.5307212471961975,0.6576957106590271
29274,0.946533203125,0.9531058073043823,0.8026000261306763,0.9011339545249939
29275,0.946533203125,0.952516496181488,0.6577322483062744,0.7639526724815369
29276,0.03125,0.0396205373108387,0.29608193039894104,0.4525081515312195
29277,0.228759765625,0.28996866941452026,0.6461858153343201,0.7079234719276428
29278,0.580322265625,0.6304035782814026,0.86592036485672,0.8605649471282959
29279,0.518798828125,0.5690506100654602,0.8046129941940308,0.8747807145118713
29280,0.946533203125,0.9514259099960327,0.8026000261306763,0.7803337574005127
29281,0.940673828125,0.9435756802558899,1.0,0.9820242524147034
29282,0.2774251401424408,0.3535866439342499,0.8435737490653992,0.8141059875488281
29283,0.197998046875,0.28385037183761597,0.42267662286758423,0.6901680827140808
29284,0.0625,0.0771484375,0.4692787230014801,0.3148801624774933
29285,0.0625,0.0777587890625,0.15642623603343964,0.20026865601539612
29286,0.9507649540901184,0.9543617963790894,0.8898733854293823,0.7414472103118896
29287,0.947998046875,0.950886607170105,0.8348100185394287,0.9218529462814331
29288,0.968017578125,0.9680768847465515,1.0,0.9385139346122742
29289,0.0625,0.0625,0.4692787230014801,0.23504553735256195
29290,0.212890625,0.2181803435087204,0.8789618015289307,0.8619682192802429
29291,0.9673665165901184,0.9679015278816223,0.8748590350151062,0.8729920387268066
29292,0.431884765625,0.47343793511390686,0.7318407297134399,0.7318363189697266
29293,0.606689453125,0.6339970827102661,1.0,0.9359124898910522
29294,0.499755859375,0.5352364778518677,0.9037794470787048,0.8731124997138977
29295,0.0,0.0,0.0,0.0
29296,0.197998046875,0.23433706164360046,0.6871474981307983,0.8379316329956055
29297,0.946533203125,0.9523060917854309,0.8793432712554932,0.9307202696800232
29298,0.9375,0.9397030472755432,0.8155369758605957,0.7860502004623413
29299,0.197998046875,0.2615719139575958,0.6871474981307983,0.6555432677268982
29300,0.939453125,0.9413945078849792,0.8498401045799255,0.8660910725593567
29301,0.300537109375,0.3523716628551483,0.5354781746864319,0.6124359965324402
29302,0.580322265625,0.6114230155944824,1.0,0.9101377725601196
29303,0.300537109375,0.34797391295433044,0.6655102372169495,0.7675381302833557
29304,0.304931640625,0.304931640625,1.0,0.623849093914032
29305,0.0,0.0,0.0,0.0
29306,0.05078125,0.17553167045116425,0.10881868004798889,0.42392393946647644
29307,0.560546875,0.564501941204071,0.9580413699150085,0.9559556841850281
29308,0.323974609375,0.34932416677474976,0.6861420273780823,0.6983038187026978
29309,0.110107421875,0.18372246623039246,0.3333333134651184,0.6795737743377686
29310,0.03125,0.14139044284820557,0.060708411037921906,0.4038536548614502
29311,0.940673828125,0.9465323686599731,0.5768473744392395,0.6253218054771423
29312,0.146728515625,0.18641239404678345,0.58057701587677,0.7018866539001465
29313,0.431884765625,0.47357773780822754,0.7318407297134399,0.7758626937866211
29314,0.571533203125,0.5783200263977051,0.5378206372261047,0.6811975836753845
29315,0.946533203125,0.9521381855010986,0.8793432712554932,0.9089167714118958
29316,0.967041015625,0.967812716960907,0.8122885227203369,0.8514158725738525
29317,0.260498046875,0.3302645683288574,0.8026120662689209,0.8868581652641296
29318,0.606689453125,0.6404831409454346,1.0,0.8738122582435608
29319,0.110107421875,0.1588565558195114,1.0,1.0
29320,0.197998046875,0.2635546028614044,0.6871474981307983,0.698756754398346
29321,0.946533203125,0.952516496181488,0.8793432712554932,0.9551806449890137
29322,0.304931640625,0.35843613743782043,1.0,0.8376318216323853
29323,0.110107421875,0.1818554848432541,0.20503923296928406,0.34961801767349243
29324,0.166259765625,0.19615969061851501,0.5307213068008423,0.4833943545818329
29325,0.110107421875,0.17774775624275208,0.3333333134651184,0.5787210464477539
29326,0.212890625,0.2865378260612488,0.5679726600646973,0.7485918402671814
29327,0.701904296875,0.7049302458763123,0.8110315203666687,0.7577426433563232
29328,0.946533203125,0.9506486654281616,1.0,0.8943372368812561
29329,0.304931640625,0.37558865547180176,1.0,0.9575862288475037
29330,0.1875,0.2485456019639969,0.4692787230014801,0.4917537271976471
29331,0.959228515625,0.9599963426589966,0.7631344795227051,0.865505576133728
29332,0.706298828125,0.7091231346130371,0.871160089969635,0.8312299251556396
29333,0.499755859375,0.5227844715118408,1.0,0.9732779264450073
29334,0.304931640625,0.36062461137771606,1.0,0.8610421419143677
29335,0.0625,0.12849560379981995,0.23463936150074005,0.46716368198394775
29336,0.966796875,0.9668784141540527,0.9422276020050049,0.9063447713851929
29337,0.212890625,0.3014686703681946,0.3493700623512268,0.5061299204826355
29338,0.580322265625,0.6105765700340271,1.0,0.9572622179985046
29339,0.228759765625,0.2850908935070038,0.6461858153343201,0.6358723640441895
29340,0.23828125,0.28735464811325073,0.43299248814582825,0.5266242623329163
29341,0.03125,0.09687218815088272,0.11699506640434265,0.4707612991333008
29342,0.212890625,0.2945554256439209,0.3493700623512268,0.6322212815284729
29343,0.966796875,0.9674144387245178,0.8748388290405273,0.9445315599441528
29344,0.0,0.0,0.0,0.0
29345,0.110107421875,0.16626843810081482,0.5158474445343018,0.7520619034767151
29346,0.304931640625,0.3706929087638855,0.6151177287101746,0.6985666751861572
29347,0.580322265625,0.6051706075668335,1.0,0.8506906032562256
29348,0.166259765625,0.2347973734140396,0.5307213068008423,0.6433855891227722
29349,0.956298828125,0.9591648578643799,1.0,0.9897032976150513
29350,0.374755859375,0.4280364513397217,0.6128985285758972,0.7850015759468079
29351,0.03125,0.05226898193359375,0.11699506640434265,0.20206883549690247
29352,0.968017578125,0.9680548906326294,1.0,0.9374637007713318
29353,0.110107421875,0.12523508071899414,1.0,0.8493587374687195
29354,0.606689453125,0.6302255988121033,1.0,0.8678404688835144
29355,0.9668782353401184,0.9673364758491516,0.9614850282669067,0.9667535424232483
29356,0.091796875,0.12903819978237152,0.30242785811424255,0.4236604571342468
29357,0.0,0.05534907802939415,0.0,0.37364211678504944
29358,0.940673828125,0.9426788091659546,1.0,0.9331899881362915
29359,0.466064453125,0.501579225063324,0.7823625802993774,0.6358363628387451
29360,0.228759765625,0.2999935746192932,0.6461858153343201,0.7014438509941101
29361,0.110107421875,0.17320090532302856,0.3951442539691925,0.6168557405471802
29362,0.3599446713924408,0.4146836996078491,0.5626510977745056,0.6672305464744568
29363,0.260498046875,0.32749101519584656,0.8026120662689209,0.7521100044250488
29364,0.304931640625,0.3819030523300171,0.4285714626312256,0.6696096658706665
29365,0.943115234375,0.9482746124267578,0.9313938021659851,0.8908074498176575
29366,0.967041015625,0.9672287702560425,1.0,0.9705398678779602
29367,0.08984375,0.13490961492061615,0.5158474445343018,0.6943560242652893
29368,0.393798828125,0.4656352400779724,0.38908666372299194,0.7188323140144348
29369,0.946533203125,0.9503933787345886,0.8793432712554932,0.7988362312316895
29370,0.0,0.015625,0.0,0.43067657947540283
29371,0.518798828125,0.5783833265304565,0.6967307925224304,0.8899154663085938
29372,0.9444172978401184,0.9486379027366638,0.8315341472625732,0.7623292803764343
29373,0.05078125,0.07095146179199219,0.5307212471961975,0.5680062770843506
29374,0.08984375,0.18151527643203735,0.3333333134651184,0.5861584544181824
29375,0.9668782353401184,0.9671509265899658,0.9614850282669067,0.9359367489814758
29376,0.951904296875,0.957553505897522,0.8690900206565857,0.8326532244682312
29377,0.51953125,0.5527631640434265,0.7039180994033813,0.8273482322692871
29378,0.14453125,0.20377779006958008,0.5307213068008423,0.5528901815414429
29379,0.05078125,0.17443129420280457,0.10881868004798889,0.4577564001083374
29380,0.110107421875,0.15885654091835022,1.0,1.0
29381,0.9444172978401184,0.9470615386962891,0.9456308484077454,0.8091287612915039
29382,0.08203125,0.11418518424034119,0.7039180994033813,0.6339754462242126
29383,0.0625,0.0690104141831398,0.15642623603343964,0.1345878541469574
29384,0.0,0.06819915771484375,0.0,0.34853094816207886
29385,0.110107421875,0.2565854787826538,0.16497723758220673,0.5427790284156799
29386,0.166259765625,0.24878272414207458,0.2626707851886749,0.4303511083126068
29387,0.499755859375,0.5241349935531616,0.9037794470787048,0.6918026208877563
29388,0.228759765625,0.2886316776275635,0.6461858153343201,0.6042423844337463
29389,0.02083333395421505,0.04749806970357895,0.23463936150074005,0.42199182510375977
29390,0.2774251401424408,0.32182055711746216,0.8435737490653992,0.6957042813301086
29391,0.091796875,0.11887025833129883,0.7653606534004211,0.6437684297561646
29392,0.9507649540901184,0.9575772285461426,0.7292529344558716,0.8830835223197937
29393,0.943115234375,0.9465351700782776,0.9313938021659851,0.8729029297828674
29394,0.968017578125,0.9680455327033997,1.0,0.9620904922485352
29395,0.9375,0.9375,0.6008664965629578,0.6008664965629578
29396,0.2774251401424408,0.34914296865463257,0.8435737490653992,0.7993285059928894
29397,0.393798828125,0.45665243268013,0.5977610945701599,0.6117468476295471
29398,0.9673665165901184,0.967812180519104,0.8748590350151062,0.8624306321144104
29399,0.393798828125,0.45622849464416504,0.690318763256073,0.8583225607872009
29400,0.946533203125,0.9527774453163147,0.8793432712554932,0.9609691500663757
29401,0.946533203125,0.9512326121330261,1.0,0.9215778708457947
29402,0.959228515625,0.9596630334854126,0.8722942471504211,0.8635464906692505
29403,0.166259765625,0.1820669174194336,0.6291344165802002,0.5487362742424011
29404,0.606689453125,0.6350744366645813,1.0,0.8454219102859497
29405,0.23828125,0.3101480007171631,0.7039180994033813,0.7663492560386658
29406,0.0,0.015625,0.0,0.43067657947540283
29407,0.943115234375,0.9528043270111084,0.6126077175140381,0.8201195597648621
29408,0.304931640625,0.3574206531047821,1.0,0.7614578008651733
29409,0.304931640625,0.37751761078834534,1.0,1.0
29410,0.08203125,0.12223342806100845,0.7039180994033813,0.7617726922035217
29411,0.567138671875,0.5922361016273499,0.7988805174827576,0.688412070274353
29412,0.0,0.0,0.0,0.0
29413,0.304931640625,0.36353251338005066,1.0,0.8468028903007507
29414,0.488037109375,0.5261934995651245,0.7069194316864014,0.6666616201400757
29415,0.0625,0.0834590345621109,0.24207624793052673,0.3675684928894043
29416,0.580322265625,0.6151120066642761,1.0,1.0
29417,0.953369140625,0.956054151058197,0.7479812502861023,0.7051172852516174
29419,0.956298828125,0.9588404297828674,1.0,0.924954891204834
29420,0.304931640625,0.36627835035324097,1.0,0.8899151682853699
29421,0.1106770858168602,0.1516168713569641,0.5792374610900879,0.6861639022827148
29422,0.2774251401424408,0.3365862965583801,0.8435737490653992,0.7150663733482361
29423,0.197998046875,0.27679577469825745,0.6871474981307983,0.8010066151618958
29424,0.0,0.015625,0.0,0.43067657947540283
29425,0.580322265625,0.6241828203201294,0.86592036485672,0.987483561038971
29426,0.9673665165901184,0.967653214931488,1.0,0.9362581968307495
29427,0.606689453125,0.63985276222229,1.0,0.9030222296714783
29428,0.110107421875,0.14946399629116058,1.0,0.8603819608688354
29429,0.567138671875,0.615885853767395,0.7988805174827576,0.7818085551261902
29430,0.956298828125,0.9582585096359253,1.0,0.9258111119270325
29431,0.228759765625,0.2925594747066498,0.6461858153343201,0.7647094130516052
29432,0.956298828125,0.9598391652107239,0.8195018768310547,0.8735644221305847
29434,0.499755859375,0.566220760345459,0.629690945148468,0.8195145726203918
29435,0.0,0.04280710220336914,0.0,0.42809122800827026
29436,0.03125,0.07138165831565857,0.29608193039894104,0.5113553404808044
29437,0.712158203125,0.7125157713890076,0.8569586873054504,0.8707172870635986
29438,0.300537109375,0.31621217727661133,0.7363635897636414,0.702813982963562
29439,0.946533203125,0.9503069519996643,1.0,0.8583801984786987
29440,0.110107421875,0.17145399749279022,0.3333333134651184,0.5969021916389465
29441,0.304931640625,0.3509063124656677,1.0,0.8158116936683655
29442,0.304931640625,0.37751758098602295,1.0,1.0
29443,0.304931640625,0.3540682792663574,1.0,0.7550276517868042
29444,0.0,0.0069444444961845875,0.0,0.3010300099849701
29445,0.1458333432674408,0.1546224057674408,0.37262624502182007,0.40013131499290466
29446,0.110107421875,0.1174643412232399,1.0,0.9619990587234497
29447,0.228759765625,0.27100902795791626,0.7660098671913147,0.838335394859314
29448,0.110107421875,0.23283220827579498,0.1428571492433548,0.4414661228656769
29450,0.967041015625,0.9673389792442322,1.0,0.9292969107627869
29451,0.304931640625,0.37751758098602295,1.0,1.0
29452,0.584228515625,0.5846086740493774,0.7689103484153748,0.7785714268684387
29453,0.228759765625,0.28209012746810913,0.6461858153343201,0.7270472645759583
29454,0.166259765625,0.19506770372390747,0.5307213068008423,0.35454705357551575
29455,0.518798828125,0.5867146849632263,0.6967307925224304,0.7434601187705994
29456,0.9444172978401184,0.9458004236221313,1.0,0.9931831359863281
29457,0.260498046875,0.2918393611907959,0.8026120662689209,0.6409984827041626
29458,0.946533203125,0.9484204649925232,1.0,0.897206723690033
29459,0.9444172978401184,0.9476379752159119,0.8315341472625732,0.7239916920661926
29460,0.02083333395421505,0.02815755270421505,0.12103812396526337,0.14463727176189423
29461,0.09375,0.16445723176002502,0.29608193039894104,0.5382633209228516
29462,0.3599446713924408,0.4085708558559418,0.5626510977745056,0.7113249897956848
29463,0.110107421875,0.17667034268379211,0.3951442539691925,0.6864590048789978
29464,0.953369140625,0.9567509889602661,0.912726640701294,0.8766994476318359
29465,0.2774251401424408,0.3247036337852478,0.8435737490653992,0.7703197002410889
29466,0.957763671875,0.9583864212036133,0.8271697163581848,0.9237909317016602
29467,0.110107421875,0.13716420531272888,0.3951442539691925,0.4307306706905365
29468,0.956298828125,0.9589038491249084,1.0,0.9808276295661926
29469,0.304931640625,0.37782979011535645,0.4285714626312256,0.5354329347610474
29470,0.110107421875,0.1399383395910263,0.5158474445343018,0.5694194436073303
29471,0.967041015625,0.967355489730835,0.9284793138504028,0.8917664289474487
29472,0.940673828125,0.9468357563018799,0.7038999795913696,0.7080332636833191
29473,0.946533203125,0.9514122009277344,0.8793432712554932,0.8428886532783508
29474,0.9375,0.9424175024032593,0.8155369758605957,0.781932532787323
29475,0.304931640625,0.35434746742248535,1.0,0.8066586256027222
29476,0.951171875,0.9550358057022095,0.8472716808319092,0.7056129574775696
29478,0.110107421875,0.16921375691890717,0.3333333134651184,0.5634096264839172
29479,0.14453125,0.1724037528038025,0.5307213068008423,0.4364389181137085
29480,0.966796875,0.9669172167778015,0.9422276020050049,0.9170628786087036
29481,0.956298828125,0.9610686898231506,0.7169486284255981,0.6917402744293213
29482,0.2774251401424408,0.3123170733451843,0.8435737490653992,0.8012709617614746
29483,0.940673828125,0.9485338926315308,0.771205723285675,0.8261454701423645
29484,0.956298828125,0.9599872827529907,1.0,0.8572227358818054
29485,0.953369140625,0.9570372700691223,0.912726640701294,0.7867898344993591
29486,0.304931640625,0.3605692982673645,1.0,0.8043891191482544
29487,0.499755859375,0.524276077747345,0.9037794470787048,0.8437949419021606
29488,0.606689453125,0.6277357339859009,1.0,0.9142537713050842
29489,0.9507649540901184,0.9536287784576416,0.7292529344558716,0.6929678320884705
29490,0.9673665165901184,0.9678053855895996,0.8748590350151062,0.8568251132965088
29491,0.580322265625,0.6209532022476196,0.86592036485672,0.7452556490898132
29492,0.956298828125,0.9597994089126587,1.0,0.8708447217941284
29493,0.260498046875,0.33672764897346497,0.8026120662689209,0.8127456903457642
29494,0.23828125,0.3134719133377075,0.7039180994033813,0.713675320148468
29495,0.956298828125,0.959890604019165,0.8195018768310547,0.7749456763267517
29496,0.518798828125,0.5907422304153442,0.6967307925224304,0.8702923059463501
29497,0.304931640625,0.37751761078834534,0.6151177287101746,0.7731227278709412
29498,0.304931640625,0.3813754916191101,0.6151177287101746,0.8387050032615662
29499,0.110107421875,0.14173804223537445,0.20503923296928406,0.24515891075134277
29500,0.9668782353401184,0.9671297073364258,0.9614850282669067,0.9859764575958252
29501,0.304931640625,0.37751761078834534,1.0,1.0
29502,0.304931640625,0.35970646142959595,1.0,0.8210300803184509
29503,0.2774251401424408,0.3247470557689667,0.8435737490653992,0.6582526564598083
29504,0.580322265625,0.6184104084968567,0.86592036485672,0.8638033270835876
29505,0.466064453125,0.5169604420661926,0.7823625802993774,0.8820470571517944
29506,0.166259765625,0.1829967498779297,0.5307213068008423,0.3671189248561859
29507,0.940673828125,0.947381854057312,0.7038999795913696,0.8877911567687988
29508,0.23828125,0.30609336495399475,0.7039180994033813,0.663408637046814
29509,0.946533203125,0.9549949169158936,0.575423002243042,0.5862262845039368
29510,0.9444172978401184,0.9481530785560608,0.9456308484077454,0.8894960284233093
29511,0.580322265625,0.6297978162765503,0.86592036485672,0.8225096464157104
29512,0.146728515625,0.24079850316047668,0.48975956439971924,0.7182833552360535
29513,0.518798828125,0.5258581042289734,1.0,0.7673342227935791
29514,0.518798828125,0.5875498056411743,0.6967307925224304,0.7449420094490051
29515,0.953369140625,0.9561450481414795,0.912726640701294,0.8936559557914734
29516,0.2774251401424408,0.33813244104385376,0.4175114035606384,0.5142644047737122
29518,0.25390625,0.3307802379131317,0.25817668437957764,0.4080183804035187
29519,0.228759765625,0.29900336265563965,0.3974803686141968,0.47354036569595337
29520,0.304931640625,0.37238895893096924,1.0,0.909542977809906
29521,0.110107421875,0.24713516235351562,0.1428571492433548,0.5410755276679993
29522,0.953369140625,0.9582358598709106,0.7479812502861023,0.8195683360099792
29523,0.08984375,0.1305704116821289,0.3333333134651184,0.4570404887199402
29524,0.304931640625,0.36509969830513,1.0,0.8519148230552673
29525,0.110107421875,0.15885654091835022,1.0,1.0
29526,0.488037109375,0.5133866667747498,0.8785831332206726,0.9014589190483093
29527,0.951904296875,0.9552401900291443,0.7122209072113037,0.6678224802017212
29528,0.956298828125,0.9587496519088745,1.0,0.9743418097496033
29529,0.23828125,0.30052024126052856,0.7039180994033813,0.7135004997253418
29530,0.304931640625,0.3552865982055664,1.0,0.8277801871299744
29531,0.110107421875,0.15363550186157227,1.0,0.9266361594200134
29532,0.0625,0.0745035782456398,0.1854327917098999,0.20371678471565247
29533,0.0625,0.17236328125,0.06199270486831665,0.3461000621318817
29534,0.580322265625,0.609186053276062,0.5636333227157593,0.608962893486023
29535,0.03125,0.0751953125,0.17376534640789032,0.5296052694320679
29536,0.946533203125,0.9513888359069824,1.0,0.9663936495780945
29537,0.05078125,0.05078125,0.6934263706207275,0.6934263706207275
29538,0.606689453125,0.6404753923416138,1.0,0.8672736883163452
29539,0.0,0.02636370062828064,0.0,0.2372199147939682
29540,0.304931640625,0.340270072221756,1.0,0.945022702217102
29541,0.304931640625,0.3509163558483124,1.0,0.7098181843757629
29542,0.0625,0.0868072509765625,0.4692787230014801,0.4409203827381134
29543,0.9444172978401184,0.9484978914260864,0.9456308484077454,0.976483941078186
29544,0.953369140625,0.9563378691673279,1.0,0.9149201512336731
29545,0.228759765625,0.2639926075935364,0.6461858153343201,0.6089452505111694
29546,0.2774251401424408,0.3493947982788086,0.8435737490653992,0.7839136123657227
29547,0.0625,0.0801130011677742,0.4692787230014801,0.5730249285697937
29548,0.606689453125,0.6256711483001709,1.0,0.8376899361610413
29549,0.228759765625,0.2800588309764862,0.6461858153343201,0.8188396096229553
29550,0.344482421875,0.3748897612094879,0.5977610945701599,0.6754265427589417
29551,0.2774251401424408,0.35607996582984924,0.8435737490653992,0.8400527834892273
29552,0.580322265625,0.6227578520774841,0.86592036485672,0.8864009976387024
29553,0.946533203125,0.9504342079162598,1.0,0.8989637494087219
29554,0.228759765625,0.3060593605041504,0.6461858153343201,0.8295398950576782
29555,0.0,0.0422210693359375,0.0,0.2980254292488098
29556,0.0625,0.0625,0.27814918756484985,0.27814918756484985
29557,0.03125,0.0458984375,0.38685283064842224,0.6509209871292114
29558,0.304931640625,0.3616027534008026,1.0,0.7887308597564697
29559,0.968017578125,0.9680285453796387,1.0,0.9563745856285095
29560,0.146728515625,0.22398066520690918,0.48975956439971924,0.6109216213226318
29562,0.304931640625,0.3821116089820862,0.4285714626312256,0.6223044395446777
29563,0.606689453125,0.6211709380149841,1.0,0.8302077651023865
29564,0.110107421875,0.1746726632118225,0.5158474445343018,0.8125951886177063
29565,0.580322265625,0.6054797172546387,1.0,0.863438606262207
29566,0.946533203125,0.9524134993553162,0.8793432712554932,0.9514299631118774
29567,0.956298828125,0.9610545635223389,0.8195018768310547,0.9238693714141846
29568,0.946533203125,0.9518674612045288,1.0,0.9739895462989807
29569,0.518798828125,0.5650554299354553,1.0,0.9280388355255127
29570,0.959228515625,0.9596409201622009,0.8722942471504211,0.8331446647644043
29571,0.9507649540901184,0.9549643993377686,0.8898733854293823,0.9230824708938599
29572,0.9507649540901184,0.9543617963790894,0.8898733854293823,0.7414472103118896
29573,0.968017578125,0.9680528044700623,1.0,0.7949451208114624
29574,0.946533203125,0.9521381258964539,0.8793432712554932,0.9089167714118958
29575,0.946533203125,0.952516496181488,0.6577322483062744,0.7639526724815369
29576,0.959228515625,0.9599963426589966,0.7631344795227051,0.865505576133728
29577,0.9444172978401184,0.9491180181503296,0.8315341472625732,0.7776262760162354
29578,0.962158203125,0.9622763395309448,0.9625431895256042,0.8802521824836731
29579,0.946533203125,0.9518674612045288,1.0,0.9739895462989807
29580,0.951904296875,0.956683874130249,0.8690900206565857,0.8154029250144958
29581,0.956298828125,0.9581174254417419,1.0,0.9238775372505188
29582,0.968017578125,0.9680527448654175,1.0,0.7949451208114624
29583,0.946533203125,0.952516496181488,0.6577322483062744,0.7639526724815369
29584,0.959228515625,0.9599963426589966,0.7631344795227051,0.865505576133728
29585,0.9444172978401184,0.9491180181503296,0.8315341472625732,0.7776262760162354
29586,0.9668782353401184,0.9673269987106323,0.892719030380249,0.8768194913864136
29587,0.953369140625,0.9582425355911255,0.912726640701294,0.9908041954040527
29588,0.946533203125,0.952516496181488,0.6577322483062744,0.7639526724815369
29589,0.968017578125,0.9680491089820862,1.0,0.9829939603805542
29590,0.967041015625,0.967526912689209,0.9284793138504028,0.9679006934165955
29591,0.968017578125,0.9680590033531189,1.0,0.9402719140052795
29592,0.9507649540901184,0.9549643397331238,0.8898733854293823,0.9230824708938599
29593,0.9444172978401184,0.9491180181503296,0.8315341472625732,0.7776262760162354
29594,0.968017578125,0.9680590629577637,1.0,0.9402719140052795
29595,0.968017578125,0.9680528044700623,1.0,0.7949451208114624
29596,0.962158203125,0.9625312685966492,0.9625431895256042,0.9213813543319702
29597,0.943115234375,0.9454749226570129,0.9313938021659851,0.8274001479148865
29598,0.9444172978401184,0.9484087824821472,0.9456308484077454,0.8878738284111023
29599,0.9444172978401184,0.9477651715278625,0.9456308484077454,0.9225661158561707
29600,0.260498046875,0.32761478424072266,0.8026120662689209,0.7919672727584839
29601,0.260498046875,0.33428123593330383,0.8026120662689209,0.8064935207366943
29602,0.03125,0.03125,0.6309297680854797,0.6309297680854797
29603,0.0,0.0,0.0,0.0
29604,0.9388020634651184,0.9419905543327332,0.9608869552612305,0.9497420787811279
29605,0.0625,0.0625,1.0,1.0
29606,0.146728515625,0.22260624170303345,0.48975956439971924,0.5852382779121399
29607,0.9673665165901184,0.9676539301872253,1.0,0.9492074251174927
29608,0.0625,0.072265625,0.4692787230014801,0.3727892339229584
29609,0.9668782353401184,0.9673386216163635,0.892719030380249,0.7683573961257935
29610,0.166259765625,0.2547626495361328,0.5307213068008423,0.7231461405754089
29611,0.091796875,0.11597219854593277,0.7653606534004211,0.8684152364730835
29612,0.091796875,0.102783203125,0.7653606534004211,0.5546405911445618
29613,0.499755859375,0.5190538763999939,0.9037794470787048,0.8691243529319763
29615,0.940673828125,0.9444452524185181,0.8770246505737305,0.826921284198761
29616,0.08203125,0.1045784056186676,0.7039180994033813,0.8495981097221375
29617,0.110107421875,0.15885654091835022,1.0,1.0
29618,0.946533203125,0.9519255757331848,0.8026000261306763,0.8284445405006409
29619,0.110107421875,0.1327717900276184,1.0,0.7416703104972839
29620,0.197998046875,0.2560999393463135,0.34009110927581787,0.4606044292449951
29621,0.05078125,0.1588115394115448,0.07581732422113419,0.3046110272407532
29622,0.110107421875,0.1588565558195114,1.0,1.0
29623,0.2774251401424408,0.34714001417160034,0.36153164505958557,0.6065008640289307
29624,0.957763671875,0.957889199256897,0.8908864855766296,0.8156343102455139
29627,0.260498046875,0.3309893012046814,0.49370092153549194,0.5875445008277893
29628,0.9444172978401184,0.9519271850585938,0.7589633464813232,0.8883208632469177
29629,0.953369140625,0.9586220383644104,0.912726640701294,0.9536449909210205
29630,0.110107421875,0.152557834982872,1.0,0.9216017723083496
29632,0.304931640625,0.3366655111312866,1.0,0.707234799861908
29634,0.260498046875,0.33929577469825745,0.8026120662689209,0.8551595211029053
29635,0.304931640625,0.3639143407344818,1.0,0.7970129251480103
29636,0.2774251401424408,0.35607996582984924,0.8435737490653992,0.8400527834892273
29637,0.08203125,0.11690809577703476,0.7039180994033813,0.6929852962493896
29638,0.197998046875,0.26787248253822327,0.6871474981307983,0.7060531377792358
29639,0.091796875,0.13903507590293884,0.7653606534004211,0.8205229043960571
29640,0.2774251401424408,0.3489450216293335,0.8435737490653992,0.7830474376678467
29641,0.2774251401424408,0.32842421531677246,0.8435737490653992,0.7700548768043518
29642,0.166259765625,0.2266794890165329,0.5307213068008423,0.6896585822105408
29643,0.2044270783662796,0.2908647358417511,0.5474918484687805,0.6576476693153381
29644,0.228759765625,0.3093841075897217,0.6461858153343201,0.7519482374191284
29645,0.393798828125,0.4576877951622009,0.5977610945701599,0.7270681262016296
29646,0.260498046875,0.33333244919776917,0.8026120662689209,0.8442327976226807
29647,0.567138671875,0.5832804441452026,1.0,0.9789917469024658
29648,0.304931640625,0.37361976504325867,1.0,0.9305687546730042
29649,0.110107421875,0.1811230182647705,0.10187789052724838,0.24355444312095642
29650,0.499755859375,0.5407136082649231,0.9037794470787048,0.810519278049469
29651,0.263671875,0.30179014801979065,0.7653606534004211,0.7522358298301697
29652,0.02083333395421505,0.02083333395421505,0.12103812396526337,0.10961050540208817
29653,0.304931640625,0.37751758098602295,1.0,1.0
29654,0.23828125,0.27481165528297424,0.7039180994033813,0.7499731779098511
29655,0.957763671875,0.9586427807807922,0.7236568927764893,0.8152205348014832
29656,0.556884765625,0.6001052856445312,0.8308104276657104,0.8700910806655884
29657,0.0625,0.10263165831565857,0.4692787230014801,0.8147398829460144
29658,0.9466145634651184,0.9475072026252747,0.6615661382675171,0.6544356346130371
29659,0.110107421875,0.15885654091835022,0.5158474445343018,0.6943559050559998
29660,0.304931640625,0.37022465467453003,0.49493172764778137,0.6096601486206055
29661,0.946533203125,0.9501787424087524,1.0,0.8858554363250732
29662,0.946533203125,0.9507830739021301,1.0,0.9151085019111633
29663,0.9444172978401184,0.9526366591453552,0.7589633464813232,0.8462844491004944
29664,0.091796875,0.1189216673374176,0.30242785811424255,0.34724652767181396
29665,0.110107421875,0.1888723075389862,0.3333333134651184,0.6280875205993652
29667,0.455078125,0.5018476843833923,0.7342523336410522,0.7750095129013062
29668,0.946533203125,0.9524862766265869,0.8793432712554932,0.9167559146881104
29669,0.953369140625,0.9574171304702759,0.7479812502861023,0.7687220573425293
29670,0.110107421875,0.18878743052482605,0.3333333134651184,0.45996516942977905
29671,0.9668782353401184,0.9671652317047119,0.9614850282669067,0.8628780841827393
29672,0.366455078125,0.3696788549423218,0.398443341255188,0.41613662242889404
29673,0.03125,0.041015625,0.38685283064842224,0.6052602529525757
29674,0.08203125,0.15858934819698334,0.23463936150074005,0.5195648670196533
29675,0.580322265625,0.6207824349403381,0.86592036485672,0.9331797361373901
29676,0.110107421875,0.18425455689430237,0.3333333134651184,0.4654007852077484
29677,0.03125,0.0607757568359375,0.29608193039894104,0.37830331921577454
29678,0.110107421875,0.12781000137329102,0.3333333134651184,0.32374057173728943
29679,0.393798828125,0.4440506398677826,0.8579513430595398,0.9162663817405701
29680,0.228759765625,0.2914295792579651,0.6461858153343201,0.7931890487670898
29681,0.228759765625,0.25610095262527466,1.0,0.8797469139099121
29682,0.304931640625,0.37751758098602295,1.0,1.0
29684,0.556884765625,0.568325400352478,0.9594535827636719,0.8836763501167297
29685,0.304931640625,0.3852406442165375,0.4285714626312256,0.6282364130020142
29686,0.146728515625,0.22683390974998474,0.48975956439971924,0.6126120090484619
29687,0.946533203125,0.9511032104492188,0.8793432712554932,0.8207294344902039
29688,0.953369140625,0.9558756351470947,1.0,0.9389026165008545
29689,0.943115234375,0.9480921030044556,0.9313938021659851,0.8869746327400208
29690,0.9673665165901184,0.9676587581634521,1.0,0.9271396994590759
29691,0.968017578125,0.9680591225624084,1.0,0.9367320537567139
29692,0.197998046875,0.2679131329059601,0.6871474981307983,0.7459104061126709
29693,0.091796875,0.091796875,1.0,1.0
29694,0.212890625,0.28637462854385376,0.5679726600646973,0.6194952130317688
29695,0.23828125,0.23828125,0.7039180994033813,0.508740246295929
29696,0.518798828125,0.5675325989723206,1.0,0.9658516645431519
29697,0.304931640625,0.37422850728034973,1.0,0.933745801448822
29698,0.580322265625,0.6223868131637573,0.86592036485672,0.7868756055831909
29699,0.197998046875,0.22887535393238068,0.8145672082901001,0.7962831854820251
29700,0.166259765625,0.19382239878177643,0.8213136792182922,0.7336089611053467
29701,0.0,0.03967530280351639,0.0,0.3946349620819092
29702,0.110107421875,0.20116721093654633,0.3333333134651184,0.5861229300498962
29703,0.606689453125,0.6346859931945801,1.0,0.7510412931442261
29705,0.110107421875,0.17467264831066132,0.3333333134651184,0.509293258190155
29706,0.9507649540901184,0.9538527727127075,0.8898733854293823,0.8386813402175903
29707,0.9507649540901184,0.9550731182098389,0.8898733854293823,0.7275993227958679
29708,0.146728515625,0.2071482539176941,0.58057701587677,0.820572555065155
29709,0.488037109375,0.53657466173172,0.7069194316864014,0.7450524568557739
29710,0.2774251401424408,0.37013331055641174,0.36153164505958557,0.5490392446517944
29711,0.0,0.010416666977107525,0.0,0.3562071919441223
29712,0.953369140625,0.9561997652053833,0.7479812502861023,0.7362478971481323
29713,0.304931640625,0.3592365086078644,1.0,0.7659543752670288
29714,0.091796875,0.1437959522008896,0.7653606534004211,0.8899540901184082
29715,0.9507649540901184,0.9541302919387817,0.8898733854293823,0.8535429239273071
29716,0.146728515625,0.22138141095638275,0.48975956439971924,0.6407428979873657
29717,0.197998046875,0.2877477705478668,0.42267662286758423,0.7312559485435486
29718,0.03125,0.0665108859539032,0.15273310244083405,0.38037875294685364
29719,0.304931640625,0.36479079723358154,1.0,0.8512361645698547
29720,0.304931640625,0.37751758098602295,1.0,1.0
29721,0.560546875,0.5895960330963135,0.8838695287704468,0.7832706570625305
29722,0.580322265625,0.6127997636795044,1.0,0.9400101900100708
29723,0.110107421875,0.1588565558195114,1.0,1.0
29724,0.947998046875,0.9519010186195374,0.6841284036636353,0.6534740924835205
29725,0.0,0.012500000186264515,0.0,0.38685280084609985
29726,0.110107421875,0.15885654091835022,1.0,1.0
29727,0.946533203125,0.9516160488128662,0.8793432712554932,0.8630162477493286
29728,0.304931640625,0.37751758098602295,1.0,1.0
29729,0.968017578125,0.9680197834968567,1.0,0.9852296113967896
29730,0.94140625,0.9506614208221436,0.7200049757957458,0.7026610374450684
29731,0.304931640625,0.38700437545776367,0.6151177287101746,0.7537506222724915
29732,0.166259765625,0.22985373437404633,0.5307213068008423,0.5647571682929993
29733,0.304931640625,0.3509063124656677,1.0,0.9728726148605347
29734,0.110107421875,0.14537939429283142,1.0,0.8414930105209351
29735,0.110107421875,0.1588565558195114,1.0,1.0
29736,0.2774251401424408,0.3083024322986603,1.0,1.0
29737,0.9673665165901184,0.9675887227058411,1.0,0.9240813851356506
29738,0.9668782353401184,0.9674808979034424,0.7810032963752747,0.8099967837333679
29739,0.0625,0.12455205619335175,0.23463936150074005,0.3782614767551422
29741,0.953369140625,0.9578836560249329,0.912726640701294,0.9227085709571838
29742,0.488037109375,0.5199373364448547,0.8785831332206726,0.8088207840919495
29743,0.956298828125,0.958656370639801,0.8195018768310547,0.6980003118515015
29744,0.263671875,0.3304287791252136,0.7653606534004211,0.6717589497566223
29745,0.3599446713924408,0.42075902223587036,0.5626510977745056,0.8297318816184998
29746,0.508056640625,0.5148888230323792,0.5334192514419556,0.7034645676612854
29747,0.228759765625,0.27100902795791626,1.0,1.0
29748,0.956298828125,0.95921391248703,1.0,0.840916633605957
29749,0.110107421875,0.16667813062667847,0.3333333134651184,0.4928528964519501
29750,0.260498046875,0.2971140742301941,0.8026120662689209,0.5534250736236572
29751,0.091796875,0.091796875,1.0,1.0
29752,0.260498046875,0.33975356817245483,0.8026120662689209,0.837993860244751
29753,0.304931640625,0.3753248453140259,1.0,0.9558305144309998
29754,0.166259765625,0.2547626495361328,0.5307213068008423,0.7231461405754089
29755,0.260498046875,0.3128618001937866,0.34397661685943604,0.3520072102546692
29756,0.0,0.0,0.0,0.0
29757,0.947998046875,0.9558382630348206,0.6841284036636353,0.8947658538818359
29758,0.228759765625,0.3224785625934601,0.276936799287796,0.48598742485046387
29759,0.2044270783662796,0.209716796875,0.8472668528556824,0.6077277660369873
29760,0.228759765625,0.2941855192184448,0.439797967672348,0.7091605067253113
29761,0.580322265625,0.6169610619544983,0.86592036485672,0.7937124371528625
29762,0.110107421875,0.17607735097408295,0.3333333134651184,0.4917515516281128
29763,0.967041015625,0.9678062796592712,0.8122885227203369,0.9024195671081543
29764,0.197998046875,0.27841252088546753,0.6871474981307983,0.7896513938903809
29765,0.946533203125,0.9521167278289795,1.0,1.0
29767,0.304931640625,0.38738954067230225,0.49493172764778137,0.7730737924575806
29768,0.197998046875,0.24794545769691467,0.42267662286758423,0.4877993166446686
29769,0.943115234375,0.9493009448051453,0.5359453558921814,0.5995031595230103
29770,0.110107421875,0.22245052456855774,0.20503923296928406,0.4467673599720001
29771,0.959228515625,0.9599283337593079,0.7631344795227051,0.8920040130615234
29772,0.943115234375,0.950642466545105,0.819014847278595,0.9205038547515869
29774,0.946533203125,0.9564386606216431,0.7083972692489624,0.8730745315551758
29775,0.580322265625,0.6228044033050537,0.86592036485672,0.7160655856132507
29776,0.2774251401424408,0.33209866285324097,0.8435737490653992,0.8566535711288452
29777,0.08203125,0.15888375043869019,0.23463936150074005,0.47694131731987
29778,0.2774251401424408,0.33764609694480896,0.8435737490653992,0.7027744650840759
29779,0.228759765625,0.30561119318008423,0.6461858153343201,0.7851549386978149
29781,0.956298828125,0.9589914679527283,1.0,0.9636343717575073
29782,0.212890625,0.22925567626953125,0.8789618015289307,0.6956072449684143
29783,0.166259765625,0.20454145967960358,0.5307213068008423,0.4567927420139313
29784,0.150390625,0.2327929139137268,0.4525081515312195,0.5934507250785828
29785,0.518798828125,0.5657107830047607,1.0,0.931423008441925
29786,0.30078125,0.3375239074230194,0.5307213068008423,0.5856267809867859
29787,0.2774251401424408,0.3268834352493286,0.8435737490653992,0.8639190196990967
29788,0.197998046875,0.25268083810806274,0.34009110927581787,0.4319193959236145
29789,0.9673665165901184,0.9678418040275574,0.8748590350151062,0.8756949305534363
29790,0.091796875,0.091796875,0.20058341324329376,0.20058341324329376
29791,0.19921875,0.2706727981567383,0.3483913838863373,0.6195187568664551
29792,0.556884765625,0.5886841416358948,0.8308104276657104,0.8275142908096313
29794,0.946533203125,0.952917754650116,0.575423002243042,0.6999322772026062
29795,0.08203125,0.12448307871818542,0.23463936150074005,0.3736598491668701
29796,0.531982421875,0.5592616200447083,0.7462155222892761,0.5893148183822632
29797,0.110107421875,0.15885654091835022,0.3951442539691925,0.5821031928062439
29798,0.9673665165901184,0.9676613807678223,1.0,0.8929629921913147
29799,0.0625,0.0907178595662117,0.4692787230014801,0.7003793120384216
29800,0.956298828125,0.9599449038505554,1.0,0.8664143085479736
29801,0.110107421875,0.13263797760009766,1.0,0.6930221915245056
29802,0.02083333395421505,0.03059895895421505,0.23463936150074005,0.2165713608264923
29803,0.1875,0.20654296875,0.6131471991539001,0.8065735697746277
29804,0.12109375,0.18392682075500488,0.24055138230323792,0.35035431385040283
29805,0.263671875,0.31879106163978577,0.7653606534004211,0.6790987253189087
29806,0.956298828125,0.9590420126914978,1.0,0.9182437658309937
29807,0.21875,0.31080129742622375,0.29608193039894104,0.44418588280677795
29808,0.967041015625,0.9673333764076233,0.9284793138504028,0.8549044728279114
29809,0.2044270783662796,0.24461886286735535,0.5474918484687805,0.6075916290283203
29810,0.518798828125,0.5407684445381165,1.0,1.0
29811,0.499755859375,0.5196542739868164,0.629690945148468,0.5498523712158203
29812,0.228759765625,0.29797571897506714,0.3974803686141968,0.6075345873832703
29813,0.03125,0.09561490267515182,0.15273310244083405,0.5571309924125671
29814,0.580322265625,0.6230977773666382,0.86592036485672,0.8525860905647278
29815,0.466064453125,0.532967746257782,0.5450960993766785,0.6937140822410583
29816,0.110107421875,0.1588565558195114,1.0,1.0
29817,0.110107421875,0.15885654091835022,0.5158474445343018,0.6943559050559998
29818,0.212890625,0.2756587266921997,0.5679726600646973,0.6581118702888489
29819,0.2774251401424408,0.3421243131160736,0.8435737490653992,0.8831475377082825
29820,0.03125,0.052001953125,0.29608193039894104,0.5319460034370422
29821,0.2774251401424408,0.3140411376953125,1.0,1.0
29822,0.166259765625,0.2294023483991623,0.5307213068008423,0.5137289762496948
29823,0.03125,0.09160889685153961,0.15273310244083405,0.5106022357940674
29824,0.091796875,0.12667372822761536,0.7653606534004211,0.7218018770217896
29825,0.518798828125,0.5659917593002319,0.8046129941940308,0.8162232637405396
29826,0.946533203125,0.9510076642036438,0.8793432712554932,0.8544636368751526
29827,0.703369140625,0.7073155641555786,0.7838867902755737,0.8431737422943115
29828,0.03125,0.0907580554485321,0.09869397431612015,0.2437756359577179
29829,0.260498046875,0.33583617210388184,0.8026120662689209,0.8088720440864563
29830,0.0,0.0,0.0,0.0
29832,0.228759765625,0.2865533232688904,0.6461858153343201,0.6815634369850159
29833,0.518798828125,0.5852594971656799,0.6967307925224304,0.650425136089325
29834,0.951171875,0.9528051018714905,0.9282863140106201,0.82455974817276
29835,0.05078125,0.0674896240234375,0.5307212471961975,0.6168688535690308
29836,0.951171875,0.9522705078125,0.9282863140106201,0.8468256592750549
29837,0.9444172978401184,0.9500513672828674,0.9456308484077454,0.9061813354492188
29838,0.1875,0.20450738072395325,0.5562983751296997,0.5026543736457825
29839,0.304931640625,0.3691786527633667,1.0,0.8645073771476746
29840,0.0,0.0,0.0,0.0
29841,0.3059895932674408,0.3705194592475891,0.4357588291168213,0.5330569744110107
29842,0.466064453125,0.5048035979270935,0.8656565546989441,0.9586499929428101
29843,0.556884765625,0.5916745066642761,0.9594535827636719,0.9740146398544312
29844,0.304931640625,0.36505645513534546,1.0,0.8905202746391296
29845,0.110107421875,0.16584935784339905,0.3333333134651184,0.5816519260406494
29846,0.110107421875,0.15094850957393646,0.5158474445343018,0.6352363228797913
29847,0.091796875,0.1507411003112793,0.15692895650863647,0.3303707242012024
29848,0.263671875,0.35030966997146606,0.7653606534004211,0.845784604549408
29849,0.197998046875,0.2696472108364105,0.6871474981307983,0.7086196541786194
29850,0.263671875,0.3386225700378418,0.7653606534004211,0.7843480110168457
29851,0.943115234375,0.947691798210144,0.819014847278595,0.7718462944030762
29852,0.633056640625,0.6356004476547241,0.7837249636650085,0.7351612448692322
29853,0.146728515625,0.20887957513332367,0.48975956439971924,0.5453458428382874
29854,0.0,0.0595819391310215,0.0,0.2729266583919525
29855,0.943359375,0.9491702318191528,0.6506248712539673,0.6679384708404541
29856,0.19921875,0.26620396971702576,0.30167919397354126,0.4335963726043701
29857,0.947998046875,0.9527588486671448,0.8348100185394287,0.8492430448532104
29858,0.2774251401424408,0.34679991006851196,0.8435737490653992,0.8171563744544983
29859,0.304931640625,0.37751761078834534,1.0,1.0
29860,0.260498046875,0.2949678897857666,0.8026120662689209,0.6156564354896545
29861,0.197998046875,0.2659411132335663,0.6871474981307983,0.6839800477027893
29862,0.02083333395421505,0.02083333395421505,0.23463936150074005,0.23463936150074005
29863,0.606689453125,0.6381122469902039,1.0,0.9002879858016968
29864,0.304931640625,0.39240938425064087,0.4285714626312256,0.6424645185470581
29865,0.14453125,0.2041897475719452,0.5307213068008423,0.5654684901237488
29866,0.606689453125,0.6402788162231445,1.0,0.8715649843215942
29867,0.228759765625,0.3054389953613281,0.6461858153343201,0.7055139541625977
29868,0.488037109375,0.5471129417419434,0.6121358871459961,0.7089824676513672
29869,0.518798828125,0.5650554299354553,0.8046129941940308,0.811830461025238
29870,0.304931640625,0.37751758098602295,1.0,1.0
29871,0.94140625,0.9534808397293091,0.6354966163635254,0.797171950340271
29872,0.940673828125,0.9428532719612122,0.6212818622589111,0.6008158326148987
29873,0.518798828125,0.5598364472389221,1.0,0.8825171589851379
29874,0.499755859375,0.5415225028991699,0.7271926999092102,0.8332126140594482
29875,0.0,0.008928571827709675,0.0,0.07336392998695374
29876,0.110107421875,0.1549449861049652,0.3333333134651184,0.39739903807640076
29878,0.956298828125,0.9590644240379333,1.0,0.9324662685394287
29879,0.951904296875,0.9543343186378479,0.8690900206565857,0.7706062197685242
29880,0.0625,0.15749311447143555,0.15642623603343964,0.4738527536392212
29881,0.584228515625,0.5848051309585571,0.6245770454406738,0.7466750144958496
29882,0.304931640625,0.37751761078834534,1.0,1.0
29883,0.110107421875,0.14381884038448334,1.0,0.7885498404502869
29884,0.606689453125,0.641808271408081,1.0,0.8902813196182251
29885,0.0,0.012500000186264515,0.0,0.09364787489175797
29886,0.531982421875,0.5733230113983154,0.7462155222892761,0.7906801700592041
29887,0.518798828125,0.5324060916900635,1.0,0.6675731539726257
29888,0.110107421875,0.19074027240276337,0.3333333134651184,0.6328200101852417
29889,0.197998046875,0.29543060064315796,0.34009110927581787,0.6012361645698547
29891,0.304931640625,0.37558865547180176,1.0,0.9575862288475037
29892,0.9673665165901184,0.9678958058357239,0.8748590350151062,0.9363330602645874
29893,0.2044270783662796,0.23643456399440765,0.5474918484687805,0.3937584161758423
29894,0.47265625,0.54254549741745,0.5698384642601013,0.737453281879425
29895,0.556884765625,0.5968032479286194,0.8308104276657104,0.9080455899238586
29896,0.701904296875,0.7038498520851135,0.8110315203666687,0.717583179473877
29897,0.701904296875,0.7065033912658691,0.7402501106262207,0.7080883383750916
29898,0.947998046875,0.9527897238731384,0.8348100185394287,0.777715265750885
29899,0.951171875,0.9536223411560059,0.8472716808319092,0.743030309677124
29900,0.556884765625,0.600017786026001,0.8308104276657104,0.8161935806274414
29901,0.947998046875,0.9504578709602356,0.9146330952644348,0.9102425575256348
29902,0.556884765625,0.5989870429039001,0.8308104276657104,0.7601481676101685
29903,0.9444172978401184,0.9485394358634949,0.9456308484077454,0.8263996839523315
29904,0.9673665165901184,0.9679002165794373,0.8748590350151062,0.9523453712463379
29905,0.967041015625,0.9674615859985352,0.9284793138504028,0.8337703347206116
29906,0.968017578125,0.9680473208427429,1.0,0.801768958568573
29907,0.951904296875,0.9561886787414551,0.8690900206565857,0.8293774724006653
29908,0.968017578125,0.9680473208427429,1.0,0.801768958568573
29909,0.304931640625,0.36645182967185974,1.0,0.890972375869751
29910,0.946533203125,0.9500241875648499,0.6577322483062744,0.6155012249946594
29911,0.9673665165901184,0.9675765633583069,1.0,0.9749587178230286
29912,0.304931640625,0.36645185947418213,1.0,0.890972375869751
29913,0.951904296875,0.9563297033309937,0.8690900206565857,0.8332225680351257
29914,0.9668782353401184,0.9673358201980591,0.7810032963752747,0.7380890250205994
29915,0.959228515625,0.9599924683570862,0.7631344795227051,0.8617047071456909
29916,0.968017578125,0.9680466651916504,1.0,0.9649056792259216
29917,0.968017578125,0.968051552772522,1.0,0.8934875130653381
29918,0.9673665165901184,0.9675765037536621,1.0,0.9749587178230286
29919,0.956298828125,0.95797199010849,1.0,0.924045979976654
29920,0.968017578125,0.9680466651916504,1.0,0.9649056792259216
29921,0.951904296875,0.9563297033309937,0.8690900206565857,0.8332225680351257
