qid,err@3,err@10,ndcg@3,ndcg@10
032047,0.4375,0.466064453125,0.7452524900436401,0.914662778377533
032049,0.9507649540901184,0.9531490802764893,0.8898733854293823,0.9363136887550354
032053,0.146728515625,0.2894403338432312,0.09795191138982773,0.3216037154197693
032054,0.951171875,0.9538898468017578,0.8472716808319092,0.8639518618583679
032055,0.633056640625,0.6378121972084045,0.5862115621566772,0.6628167629241943
032057,0.499755859375,0.5736900568008423,0.3358892798423767,0.5387064814567566
032059,0.953369140625,0.960416316986084,0.6543781161308289,0.8615658283233643
032061,0.953369140625,0.9574632048606873,0.7479812502861023,0.8598580956459045
032062,0.946533203125,0.9555907249450684,0.6577322483062744,0.8796679377555847
032065,0.703369140625,0.7087504863739014,0.7838867902755737,0.8376225233078003
032067,0.968017578125,0.968056321144104,1.0,0.9644360542297363
032070,0.966796875,0.9673168063163757,0.8748388290405273,0.9207174777984619
032071,0.278564453125,0.38702648878097534,0.18509942293167114,0.5037946701049805
032076,0.957763671875,0.9582319855690002,0.8271697163581848,0.8082271218299866
032078,0.957763671875,0.9586487412452698,0.7236568927764893,0.810092568397522
032079,0.9466145634651184,0.9482625126838684,0.8844688534736633,0.946239709854126
032083,0.951904296875,0.96001797914505,0.6230928897857666,0.8199623227119446
032086,0.966796875,0.96697998046875,0.9422276020050049,0.9919900894165039
032088,0.490234375,0.5483307838439941,0.3180091083049774,0.5115493535995483
032091,0.9668782353401184,0.9676753282546997,0.7810032963752747,0.9255834817886353
032094,0.09375,0.255615234375,0.10290931165218353,0.4886486530303955
032097,0.943359375,0.9456855654716492,0.9184463024139404,0.9700957536697388
032099,0.956298828125,0.960019588470459,0.7169486284255981,0.7176756858825684
032105,0.951171875,0.9546051025390625,0.8472716808319092,0.9503295421600342
032106,0.12109375,0.2401123046875,0.07821311801671982,0.20892001688480377
032108,0.9444172978401184,0.9561503529548645,0.544137716293335,0.847946047782898
032111,0.3599446713924408,0.44697698950767517,0.40125197172164917,0.63558030128479
032113,0.490234375,0.49737548828125,0.9467676877975464,0.992619514465332
032116,0.951171875,0.9545730352401733,0.8472716808319092,0.9093945026397705
032117,0.3599446713924408,0.3832983374595642,0.8075588941574097,0.7634015679359436
032118,0.966796875,0.9673647880554199,0.7653606534004211,0.7235280871391296
032125,0.956298828125,0.9577065110206604,1.0,0.8952046036720276
032126,0.962158203125,0.9626081585884094,0.8420895934104919,0.9171729683876038
032127,0.469970703125,0.472922682762146,0.6737852096557617,0.6747981309890747
032128,0.09375,0.25904539227485657,0.05921638384461403,0.4456770718097687
032132,0.701904296875,0.7099618911743164,0.5307213068008423,0.7865127325057983
032133,0.953369140625,0.9575400352478027,0.7479812502861023,0.7136861681938171
032135,0.9507649540901184,0.9565792083740234,0.7292529344558716,0.8926638960838318
032137,0.3125,0.3218994140625,0.32727500796318054,0.567633867263794
032141,0.2774251401424408,0.2774251401424408,0.2932012677192688,0.28649288415908813
032144,0.48828125,0.4884033203125,0.6533654928207397,0.6945234537124634
032145,0.633056640625,0.6347337961196899,0.7837249636650085,0.7623138427734375
032146,0.09375,0.1332465261220932,0.20151513814926147,0.4258585274219513
032155,0.508056640625,0.5116453170776367,0.5334192514419556,0.591345489025116
032156,0.1875,0.26335448026657104,0.31939393281936646,0.6456204056739807
032161,0.95703125,0.9575181007385254,0.8046074509620667,0.8872913122177124
032162,0.1106770858168602,0.1106770858168602,0.4437016248703003,0.4437016248703003
032167,0.05078125,0.20493316650390625,0.056783534586429596,0.45126667618751526
032168,0.150390625,0.2737833261489868,0.12623168528079987,0.3432445824146271
032169,0.967041015625,0.9675325155258179,0.9284793138504028,0.8543169498443604
032170,0.940673828125,0.954058051109314,0.5768473744392395,0.7502052783966064
032171,0.9673665165901184,0.9677615165710449,0.8748590350151062,0.9073711633682251
032173,0.9466145634651184,0.9519084692001343,0.6615661382675171,0.837810218334198
032174,0.953369140625,0.9602847695350647,0.7479812502861023,0.9041545987129211
032175,0.560546875,0.6350753903388977,0.4981783330440521,0.7512084245681763
032176,0.9375,0.9458705186843872,0.5364049673080444,0.5754522085189819
032179,0.260498046875,0.3835369646549225,0.24530528485774994,0.5767419934272766
032180,0.9668782353401184,0.9672862887382507,0.7810032963752747,0.8282305002212524
032182,0.556884765625,0.5617049932479858,0.9594535827636719,0.8627692461013794
032184,0.9673665165901184,0.9674881100654602,1.0,0.9989661574363708
032185,0.966796875,0.9669438004493713,0.9422276020050049,0.9351719617843628
032190,0.560546875,0.6379091143608093,0.4082580804824829,0.757439374923706
032191,0.432373046875,0.4383561611175537,0.4040961265563965,0.5021612048149109
032193,0.560546875,0.5724121332168579,0.8838695287704468,0.8851766586303711
032196,0.501953125,0.5048795342445374,0.525390625,0.6300985813140869
032199,0.943359375,0.9554154872894287,0.6040917634963989,0.8370495438575745
032202,0.703369140625,0.703369140625,0.8588406443595886,0.8588406443595886
032203,0.968017578125,0.9680537581443787,1.0,0.8435957431793213
032204,0.30078125,0.33761292695999146,0.5307213068008423,0.7374706268310547
032205,0.967041015625,0.9674758315086365,0.8122885227203369,0.7051786184310913
032206,0.946533203125,0.9564112424850464,0.575423002243042,0.750225841999054
032214,0.940673828125,0.9466819763183594,0.8099276423454285,0.9409491419792175
032215,0.197998046875,0.24804162979125977,0.42267662286758423,0.6487854719161987
032216,0.9673665165901184,0.9677793979644775,0.8748590350151062,0.9629657864570618
032217,0.263671875,0.27192384004592896,0.4707868993282318,0.4877958595752716
032218,0.150390625,0.30081892013549805,0.13830174505710602,0.5309504866600037
032221,0.9375,0.9414306879043579,0.7171369194984436,0.775790810585022
032223,0.953369140625,0.9590597152709961,0.7479812502861023,0.9209243655204773
032225,0.4375,0.4781494140625,0.6735438704490662,0.900687038898468
032226,0.9668782353401184,0.9675737619400024,0.7810032963752747,0.9369505643844604
032227,0.9673665165901184,0.9679024815559387,0.8748590350151062,0.8147008419036865
032228,0.956298828125,0.9594095349311829,1.0,0.9552249312400818
032231,0.19921875,0.2606048583984375,0.3776274025440216,0.639950692653656
032234,0.706298828125,0.7102730870246887,0.7139173746109009,0.8481637835502625
032236,0.956298828125,0.9609491229057312,0.8195018768310547,0.9382683634757996
032237,0.959228515625,0.959993839263916,0.7631344795227051,0.9206417798995972
032240,0.951904296875,0.9579154849052429,0.7122209072113037,0.8159980177879333
032241,0.966796875,0.9672576785087585,0.8748388290405273,0.9729275703430176
032242,0.21875,0.24936524033546448,0.42495885491371155,0.5987136363983154
032245,0.584228515625,0.584535539150238,0.7139173746109009,0.7764840722084045
032248,0.450927734375,0.45575231313705444,0.5321600437164307,0.5632750391960144
032250,0.9673665165901184,0.9677369594573975,0.8748590350151062,0.8594866394996643
032254,0.091796875,0.124755859375,0.3948093354701996,0.6757529973983765
032258,0.953369140625,0.9603491425514221,0.6543781161308289,0.9083115458488464
032260,0.951171875,0.95281982421875,0.9282863140106201,0.9900571703910828
032261,0.701904296875,0.706523060798645,0.6066363453865051,0.5561084151268005
032262,0.4778645932674408,0.4797872006893158,0.5657033920288086,0.6267293095588684
032265,0.706298828125,0.711125910282135,0.6245770454406738,0.8184551000595093
032266,0.956298828125,0.9611766338348389,0.7169486284255981,0.8825315833091736
032267,0.712158203125,0.712520956993103,0.7497180104255676,0.69464510679245
032268,0.962158203125,0.9624939560890198,0.8420895934104919,0.8172082304954529
032270,0.701904296875,0.7046335935592651,0.7402501106262207,0.7119613885879517
032273,0.3125,0.314849853515625,0.40776848793029785,0.47159597277641296
032275,0.9673665165901184,0.9679040908813477,0.8748590350151062,0.9303279519081116
032276,0.966796875,0.9671618342399597,0.8748388290405273,0.9265747666358948
032279,0.959228515625,0.9593443870544434,0.8722942471504211,0.7656776905059814
032280,0.947998046875,0.9511300325393677,0.9146330952644348,0.9386865496635437
032281,0.9375,0.9398437738418579,0.8155369758605957,0.8786355257034302
032282,0.1458333432674408,0.2360435277223587,0.10949836671352386,0.3837398886680603
032283,0.946533203125,0.9476613998413086,0.7083972692489624,0.660010576248169
032284,0.967041015625,0.9672934412956238,0.9284793138504028,0.9513838887214661
032285,0.9507649540901184,0.9577588438987732,0.6379934549331665,0.8461061716079712
032286,0.263671875,0.3657391369342804,0.23391999304294586,0.5672358274459839
032288,0.953369140625,0.9582298398017883,0.7479812502861023,0.7208107113838196
032289,0.606689453125,0.6502653360366821,0.46666663885116577,0.6992292404174805
032292,0.518798828125,0.5327240228652954,1.0,0.9887484908103943
032293,0.510498046875,0.5184546113014221,0.49935534596443176,0.6872829794883728
032299,0.959228515625,0.959748387336731,0.7631344795227051,0.7321080565452576
032305,0.556884765625,0.6054033637046814,0.4431702494621277,0.6412248611450195
032307,0.9375,0.9471666216850281,0.4692787230014801,0.5688193440437317
032309,0.968017578125,0.9680607914924622,1.0,0.9189596772193909
032313,0.5757649540901184,0.5802526473999023,0.5708760023117065,0.6571107506752014
032314,0.47265625,0.5265716314315796,0.6580725908279419,0.8797526955604553
032316,0.619873046875,0.6266216039657593,0.4733748733997345,0.6504985094070435
032319,0.95703125,0.9575085639953613,0.7039180397987366,0.844970703125
032322,0.94140625,0.9537317752838135,0.5162065625190735,0.6894887089729309
032323,0.47265625,0.5852344036102295,0.3039627969264984,0.6264172792434692
032324,0.580322265625,0.6285247802734375,0.4618985950946808,0.5824437141418457
032327,0.2044270783662796,0.3829548954963684,0.20123280584812164,0.5726596713066101
032328,0.946533203125,0.9506269693374634,0.6577322483062744,0.6318522691726685
032330,0.966796875,0.967272162437439,0.7653606534004211,0.6443856954574585
032331,0.9375,0.9375,0.7171369194984436,0.6418733596801758
032334,0.508056640625,0.5148183703422546,0.5334192514419556,0.740952730178833
032337,0.951171875,0.9596266150474548,0.6074502468109131,0.7470495700836182
032339,0.967041015625,0.9675660133361816,0.8122885227203369,0.8654245138168335
032342,0.35546875,0.3586578369140625,0.4621376097202301,0.5611956715583801
032343,0.21875,0.296254962682724,0.29608193039894104,0.533135712146759
032347,0.9375,0.9416748285293579,0.6545500159263611,0.6678062677383423
032348,0.567138671875,0.6373567581176758,0.5199966430664062,0.7943445444107056
032349,0.706298828125,0.7106444835662842,0.6245770454406738,0.7944603562355042
032351,0.968017578125,0.9680773615837097,1.0,0.9555444717407227
032353,0.9673665165901184,0.9676922559738159,0.8748590350151062,0.9149050712585449
032356,0.703369140625,0.7092028856277466,0.6423966884613037,0.8319948315620422
032357,0.94140625,0.9474153518676758,0.7200049757957458,0.8630514144897461
032360,0.706298828125,0.7094231247901917,0.871160089969635,0.8875635862350464
032361,0.701171875,0.705291748046875,0.5887562036514282,0.7579731345176697
032363,0.23828125,0.3733213543891907,0.14078360795974731,0.40579986572265625
032364,0.701171875,0.7032318115234375,0.7184317708015442,0.8126561045646667
032368,0.9673665165901184,0.9678098559379578,0.8748590350151062,0.765932559967041
032369,0.47265625,0.4791833758354187,0.4784300625324249,0.5238609910011292
032371,0.503173828125,0.5103577971458435,0.4222757816314697,0.6043086647987366
032372,0.580322265625,0.5943813323974609,0.86592036485672,0.8707857131958008
032373,0.943115234375,0.9519811868667603,0.5359453558921814,0.7800592184066772
032374,0.951904296875,0.9598521590232849,0.7122209072113037,0.8578352928161621
032376,0.9673665165901184,0.9677400588989258,0.8748590350151062,0.914544403553009
032377,0.94140625,0.9476016163825989,0.5162065625190735,0.46960169076919556
032378,0.263671875,0.263671875,0.90728360414505,0.90728360414505
032379,0.956298828125,0.9597345590591431,0.7169486284255981,0.8516135811805725
032380,0.432373046875,0.4378781318664551,0.4618985950946808,0.6423200964927673
032383,0.393798828125,0.4513036012649536,0.5977610945701599,0.8356159925460815
032387,0.5757649540901184,0.5762112736701965,0.6966133713722229,0.6372956037521362
032388,0.110107421875,0.31167149543762207,0.06666666269302368,0.351805716753006
032389,0.4375,0.5402750372886658,0.30545666813850403,0.5766490697860718
032390,0.39453125,0.39815759658813477,0.37281090021133423,0.3661903142929077
032391,0.968017578125,0.9680519700050354,1.0,0.9279195070266724
032393,0.44921875,0.5779946446418762,0.2682024836540222,0.7001172304153442
032394,0.469970703125,0.4779198467731476,0.3877114951610565,0.6960812211036682
032400,0.946533203125,0.9549713730812073,0.6577322483062744,0.8528152704238892
032401,0.228759765625,0.37326109409332275,0.14772342145442963,0.42140913009643555
032402,0.953369140625,0.9603515267372131,0.6543781161308289,0.8167125582695007
032403,0.706298828125,0.7089730501174927,0.871160089969635,0.8924307823181152
032404,0.393798828125,0.45344698429107666,0.38908666372299194,0.6599814891815186
032405,0.703369140625,0.7102905511856079,0.6423966884613037,0.8522591590881348
032406,0.12109375,0.20440673828125,0.26616159081459045,0.5871244072914124
032408,0.9466145634651184,0.9533650279045105,0.6615661382675171,0.7726770043373108
032409,0.947998046875,0.9525650143623352,0.8348100185394287,0.8697343468666077
032410,0.968017578125,0.968017578125,1.0,1.0
032413,0.531982421875,0.604666531085968,0.3482339084148407,0.7030383944511414
032416,0.197998046875,0.2761399447917938,0.15708759427070618,0.27763333916664124
032418,0.706298828125,0.7081044912338257,0.871160089969635,0.8661007881164551
032419,0.0625,0.2854151725769043,0.04780912771821022,0.3892222046852112
032421,0.490234375,0.5705049633979797,0.38805168867111206,0.6703476309776306
032422,0.3599446713924408,0.4196840822696686,0.26257050037384033,0.44189468026161194
032423,0.51953125,0.51953125,0.45818498730659485,0.45818498730659485
032425,0.323974609375,0.4052635431289673,0.340923547744751,0.6226115226745605
032426,0.571533203125,0.5796687602996826,0.43686550855636597,0.5973272323608398
032427,0.9673665165901184,0.9675468802452087,1.0,0.9720506072044373
032428,0.946533203125,0.952957034111023,0.6577322483062744,0.7598799467086792
032429,0.701904296875,0.7098054885864258,0.6066363453865051,0.7048932313919067
032430,0.560546875,0.6057995557785034,0.7653606534004211,0.8736368417739868
032431,0.4375,0.4375,0.5874204039573669,0.5874204039573669
032433,0.431884765625,0.4935133159160614,0.4763599932193756,0.7403052449226379
032434,0.706298828125,0.7091906666755676,0.6245770454406738,0.6510935425758362
032436,0.947998046875,0.9539235830307007,0.5985158681869507,0.7934622168540955
032437,0.3599446713924408,0.45156553387641907,0.26257050037384033,0.7171691060066223
032439,0.508056640625,0.508056640625,0.7131452560424805,0.7131452560424805
032442,0.959228515625,0.9597546458244324,0.8722942471504211,0.8952018022537231
032443,0.9673665165901184,0.9678881168365479,0.8748590350151062,0.7569138407707214
032445,0.556884765625,0.5928931832313538,0.5407800078392029,0.6555799841880798
032446,0.432373046875,0.4404641389846802,0.4040961265563965,0.7130516171455383
032448,0.0625,0.080078125,0.15642623603343964,0.2736431062221527
032450,0.712158203125,0.7123332619667053,0.8569586873054504,0.8583013415336609
032451,0.9668782353401184,0.9676796793937683,0.7810032963752747,0.8888208866119385
032452,0.584228515625,0.5849996209144592,0.6245770454406738,0.7574411630630493
032453,0.0625,0.16648833453655243,0.10055973380804062,0.4652872681617737
032454,0.21875,0.33469459414482117,0.15793579816818237,0.5690259337425232
032460,0.962158203125,0.9622384309768677,0.9625431895256042,0.8763118386268616
032461,0.701171875,0.707763671875,0.5887562036514282,0.7962659597396851
032462,0.61328125,0.6152267456054688,0.6932323575019836,0.7564574480056763
032465,0.9673665165901184,0.9676662683486938,0.8748590350151062,0.8071221113204956
032468,0.2774251401424408,0.28709539771080017,1.0,1.0
032473,0.556884765625,0.5622501373291016,0.9594535827636719,0.9547793865203857
032474,0.619873046875,0.6279979348182678,0.4733748733997345,0.6368342638015747
032475,0.580322265625,0.6298067569732666,0.5636333227157593,0.6939805746078491
032484,0.510498046875,0.5176700353622437,0.49935534596443176,0.6990342736244202
032485,0.501953125,0.50469970703125,0.6016255021095276,0.6759108901023865
032486,0.943115234375,0.9504799842834473,0.7475366592407227,0.8422401547431946
032487,0.3125,0.3190104067325592,0.23463936150074005,0.3709087669849396
032489,0.712158203125,0.7125738859176636,0.7497180104255676,0.8513388633728027
032490,0.959228515625,0.9597476720809937,0.7631344795227051,0.7482776641845703
032491,0.508056640625,0.51153963804245,0.6509066820144653,0.6638622879981995
032498,0.951904296875,0.9600358605384827,0.6230928897857666,0.894785463809967
032499,0.956298828125,0.9593803286552429,0.7169486284255981,0.7943502068519592
032500,0.560546875,0.5976849794387817,0.4981783330440521,0.5932358503341675
032502,0.9668782353401184,0.9673434495925903,0.892719030380249,0.8068731427192688
032504,0.706298828125,0.7103983163833618,0.6245770454406738,0.8142948746681213
032509,0.968017578125,0.9680416584014893,1.0,0.8880236744880676
032510,0.946533203125,0.9547070264816284,0.6577322483062744,0.8566977381706238
032511,0.633056640625,0.6384661793708801,0.5862115621566772,0.7080724835395813
032512,0.432373046875,0.4385075569152832,0.4040961265563965,0.5733800530433655
032513,0.9668782353401184,0.967585563659668,0.7810032963752747,0.8576473593711853
032514,0.706298828125,0.7101766467094421,0.6245770454406738,0.7078431248664856
032515,0.0,0.19880370795726776,0.0,0.33511102199554443
032516,0.9673665165901184,0.9677997827529907,0.8748590350151062,0.751194417476654
032520,0.619873046875,0.6223312616348267,0.5410870313644409,0.5208427906036377
032522,0.712158203125,0.7124397158622742,0.8569586873054504,0.8250597715377808
032523,0.14453125,0.30560073256492615,0.12132726609706879,0.546574592590332
032524,0.947998046875,0.9522392153739929,0.5985158681869507,0.5747225284576416
032526,0.712158203125,0.712561309337616,0.7497180104255676,0.8351015448570251
032528,0.94140625,0.953726589679718,0.5900454521179199,0.8719433546066284
032529,0.947998046875,0.9537318348884583,0.5985158681869507,0.6956581473350525
032530,0.39453125,0.39953291416168213,0.37281090021133423,0.4797784090042114
032531,0.956298828125,0.9584351778030396,0.8195018768310547,0.7394787073135376
032532,0.703369140625,0.7047080993652344,0.8588406443595886,0.8670529127120972
032533,0.966796875,0.9672083258628845,0.7653606534004211,0.8411006927490234
032535,0.953369140625,0.9570725560188293,0.6543781161308289,0.7308773994445801
032536,0.02083333395421505,0.2427571564912796,0.028747543692588806,0.4669007956981659
032537,0.943115234375,0.9530411958694458,0.5359453558921814,0.6727619171142578
032538,0.09375,0.10919596254825592,0.29608193039894104,0.34106433391571045
032539,0.951171875,0.959545910358429,0.6074502468109131,0.6443443298339844
032540,0.966796875,0.9673051834106445,0.8748388290405273,0.7693799138069153
032541,0.469970703125,0.4783688187599182,0.4431702494621277,0.7009034156799316
032542,0.499755859375,0.5790619254112244,0.3358892798423767,0.5344937443733215
032543,0.5757649540901184,0.581503689289093,0.49943602085113525,0.7484828233718872
032544,0.46875,0.4769757091999054,0.29608190059661865,0.49451741576194763
032548,0.940673828125,0.9483620524406433,0.771205723285675,0.9089131355285645
032553,0.968017578125,0.9680759310722351,1.0,0.8606305122375488
032554,0.703369140625,0.7084049582481384,0.6423966884613037,0.6842576265335083
032555,0.1875,0.33984375,0.16310739517211914,0.4222898483276367
032556,0.499755859375,0.5131454467773438,0.9037794470787048,0.866608202457428
032557,0.9466145634651184,0.950061559677124,0.8072783350944519,0.8349875211715698
032558,0.365234375,0.47594404220581055,0.23202729225158691,0.5099123120307922
032560,0.263671875,0.263671875,0.7653606534004211,0.7653606534004211
032561,0.571533203125,0.5793297290802002,0.6093400716781616,0.7921611666679382
032565,0.508056640625,0.5137526988983154,0.5334192514419556,0.7379909753799438
032566,0.959228515625,0.9598916172981262,0.7631344795227051,0.8854200839996338
032568,0.956298828125,0.9603281021118164,0.8195018768310547,0.8773197531700134
032573,0.47265625,0.48217788338661194,0.3430097699165344,0.5575568079948425
032574,0.939453125,0.9435114860534668,0.6820816993713379,0.6714586019515991
032576,0.499755859375,0.5428954362869263,0.4098700284957886,0.44263818860054016
032577,0.956298828125,0.9582858681678772,1.0,0.8575661778450012
032579,0.968017578125,0.9680685997009277,1.0,0.9350376725196838
032580,0.966796875,0.967541515827179,0.7653606534004211,0.7956740260124207
032581,0.3599446713924408,0.425065279006958,0.36623337864875793,0.5272228717803955
032582,0.962158203125,0.9626846313476562,0.8420895934104919,0.8493732213973999
032583,0.5757649540901184,0.580353856086731,0.5708760023117065,0.5791949033737183
032585,0.23828125,0.33876797556877136,0.14078360795974731,0.35211503505706787
032586,0.9673665165901184,0.9677485823631287,1.0,0.9950541853904724
032589,0.5757649540901184,0.5826546549797058,0.5708760023117065,0.7910873889923096
032593,0.531982421875,0.5867253541946411,0.48571667075157166,0.6185071468353271
032596,0.967041015625,0.9673716425895691,0.8122885227203369,0.8353917002677917
032598,0.3125,0.3170572817325592,0.32727500796318054,0.3507241904735565
032602,0.951171875,0.9541327357292175,0.8472716808319092,0.7922269105911255
032604,0.9673665165901184,0.9674489498138428,1.0,0.9575220942497253
032606,0.659423828125,0.6641587615013123,0.6764605641365051,0.8180990219116211
032608,0.967041015625,0.9675934910774231,0.8122885227203369,0.7933031320571899
032609,0.5694172978401184,0.5738297700881958,0.5657033920288086,0.6418321132659912
032610,0.466064453125,0.4763641357421875,0.629499077796936,0.6577832102775574
032613,0.365234375,0.4744851291179657,0.3236317038536072,0.5813778638839722
032616,0.962158203125,0.9625478386878967,0.8420895934104919,0.798825204372406
032617,0.962158203125,0.9623889327049255,0.8420895934104919,0.7468900680541992
032619,0.14453125,0.3047938942909241,0.12132726609706879,0.43226683139801025
032620,0.706298828125,0.7102869153022766,0.7139173746109009,0.8432790637016296
032621,0.953369140625,0.9603081941604614,0.6543781161308289,0.7961333990097046
032622,0.633056640625,0.6370401978492737,0.715326726436615,0.7818010449409485
032623,0.571533203125,0.5814595818519592,0.49935534596443176,0.6713114380836487
032624,0.260498046875,0.38787898421287537,0.22389668226242065,0.626051664352417
032626,0.701171875,0.7024902105331421,0.7871269583702087,0.8426122665405273
032627,0.263671875,0.3703991174697876,0.23391999304294586,0.4880618155002594
032628,0.34765625,0.36016732454299927,0.293855756521225,0.566419243812561
032629,0.956298828125,0.9582265019416809,1.0,0.8595648407936096
032630,0.19921875,0.2990870475769043,0.19636499881744385,0.538112461566925
032631,0.0,0.23790892958641052,0.0,0.4352136552333832
032632,0.0,0.19010399281978607,0.0,0.332241415977478
032633,0.703369140625,0.7065938115119934,0.6423966884613037,0.6061154007911682
032634,0.431884765625,0.47215551137924194,0.390377938747406,0.6672971248626709
032636,0.956298828125,0.9603643417358398,0.7169486284255981,0.7440197467803955
032639,0.9507649540901184,0.9515300989151001,0.974961519241333,0.9467767477035522
032640,0.1106770858168602,0.1392415463924408,0.4437016248703003,0.6589072346687317
032642,0.706298828125,0.7081003189086914,0.7139173746109009,0.615393877029419
032643,0.606689453125,0.6499834656715393,0.5334192514419556,0.7886930108070374
032645,0.951171875,0.9565333127975464,0.694340705871582,0.7600840926170349
032646,0.35546875,0.364606112241745,0.3709116578102112,0.6093997955322266
032647,0.499755859375,0.6036503314971924,0.3358892798423767,0.5649439692497253
032648,0.943359375,0.9518051147460938,0.7371450066566467,0.8709408640861511
032649,0.943359375,0.9483383297920227,0.6040917634963989,0.586259126663208
032650,0.9668782353401184,0.9674942493438721,0.7810032963752747,0.8944432139396667
032652,0.946533203125,0.9565460085868835,0.575423002243042,0.726511538028717
032653,0.9507649540901184,0.9578030705451965,0.6379934549331665,0.7622443437576294
032654,0.531982421875,0.5887176990509033,0.48571667075157166,0.7162946462631226
032655,0.951904296875,0.9558349251747131,0.8690900206565857,0.8218108415603638
032656,0.531982421875,0.5517010688781738,0.8617600202560425,0.9067938327789307
032658,0.3599446713924408,0.44064539670944214,0.36623337864875793,0.6137706637382507
032660,0.556884765625,0.5817559361457825,0.8308104276657104,0.9238706231117249
032661,0.4375,0.5220947265625,0.2503223121166229,0.3532979488372803
032662,0.4375,0.5727638602256775,0.30545666813850403,0.612360417842865
032664,0.659423828125,0.6634401679039001,0.6764605641365051,0.8064351081848145
032666,0.956298828125,0.961136519908905,0.7169486284255981,0.8862492442131042
032667,0.947998046875,0.9531155824661255,0.5985158681869507,0.5309700965881348
032669,0.606689453125,0.6487011313438416,0.6509066820144653,0.815237820148468
032670,0.706298828125,0.7084617614746094,0.871160089969635,0.837171196937561
032671,0.943359375,0.946533203125,0.8076295852661133,0.9191842079162598
032674,0.9668782353401184,0.9675398468971252,0.7810032963752747,0.8989325165748596
032676,0.0,0.1628875732421875,0.0,0.43621179461479187
032677,0.450927734375,0.4624611735343933,0.3482339084148407,0.5374194979667664
032678,0.0,0.07734374701976776,0.0,0.2031688541173935
032679,0.967041015625,0.9674625992774963,0.9284793138504028,0.9570005536079407
032683,0.967041015625,0.967243492603302,0.9284793138504028,0.8943600058555603
032684,0.455078125,0.585056483745575,0.2728845775127411,0.7088944315910339
032685,0.520263671875,0.5209564566612244,0.5620065331459045,0.5572056174278259
032688,0.556884765625,0.5780941843986511,0.9594535827636719,0.9440928101539612
032689,0.505615234375,0.5135065317153931,0.4607907235622406,0.6511574983596802
032690,0.947998046875,0.9523462057113647,0.8348100185394287,0.8287273645401001
032692,0.962158203125,0.9625541567802429,0.8420895934104919,0.7959017753601074
032693,0.568359375,0.5753322839736938,0.5438850522041321,0.6322315335273743
032697,0.962158203125,0.962407112121582,0.8420895934104919,0.8680163621902466
032698,0.951904296875,0.9590299725532532,0.7122209072113037,0.8582470417022705
032699,0.633056640625,0.6380109190940857,0.5862115621566772,0.7135677933692932
032701,0.712158203125,0.7126066088676453,0.7497180104255676,0.8346922993659973
032702,0.967041015625,0.967808187007904,0.8122885227203369,0.9124264121055603
032703,0.580322265625,0.6299997568130493,0.5636333227157593,0.785942018032074
032705,0.703369140625,0.7103471159934998,0.5620065331459045,0.6765753030776978
032706,0.9673665165901184,0.9677770137786865,0.8748590350151062,0.7938439249992371
032708,0.953369140625,0.9604146480560303,0.6543781161308289,0.8908461928367615
032710,0.9673665165901184,0.9678958654403687,0.8748590350151062,0.8209697008132935
032711,0.962158203125,0.9626937508583069,0.8420895934104919,0.9150006771087646
032712,0.962158203125,0.9625277519226074,0.8420895934104919,0.9011306762695312
032713,0.967041015625,0.9675097465515137,0.8122885227203369,0.7731435894966125
032714,0.956298828125,0.9585312604904175,0.8195018768310547,0.7119492292404175
032717,0.967041015625,0.9674943089485168,0.9284793138504028,0.8472229838371277
032720,0.571533203125,0.575933575630188,0.7592076063156128,0.7814769148826599
032721,0.946533203125,0.9518787264823914,0.6577322483062744,0.7315938472747803
032722,0.0625,0.2628020644187927,0.053640495985746384,0.5311863422393799
032723,0.951904296875,0.9591317772865295,0.6230928897857666,0.803903341293335
032724,0.9673665165901184,0.9675546288490295,1.0,0.8863321542739868
032725,0.967041015625,0.9675333499908447,0.9284793138504028,0.9022281765937805
032726,0.967041015625,0.9677945375442505,0.8122885227203369,0.9652087092399597
032727,0.962158203125,0.9625932574272156,0.8420895934104919,0.9035577178001404
032728,0.9673665165901184,0.9675969481468201,1.0,0.9566401243209839
032729,0.9507649540901184,0.9576845765113831,0.7292529344558716,0.881804347038269
032730,0.943115234375,0.9548447132110596,0.5359453558921814,0.8490785956382751
032731,0.951904296875,0.9579740762710571,0.6230928897857666,0.7331030368804932
032733,0.300537109375,0.3639890253543854,0.4636814594268799,0.6761320233345032
032735,0.951904296875,0.9599175453186035,0.6230928897857666,0.8282315135002136
032736,0.967041015625,0.9674826264381409,0.9284793138504028,0.8334231376647949
032737,0.520263671875,0.5208141803741455,0.6423966884613037,0.6199057102203369
032738,0.365234375,0.4567713439464569,0.26521679759025574,0.5135841369628906
032740,0.947998046875,0.95322185754776,0.6841284036636353,0.7693557143211365
032741,0.47265625,0.48485228419303894,0.3920743465423584,0.6257320046424866
032743,0.959228515625,0.9599967002868652,0.7631344795227051,0.9211775660514832
032744,0.966796875,0.9675381183624268,0.7653606534004211,0.7298262119293213
032745,0.9668782353401184,0.9674503803253174,0.7810032963752747,0.752012312412262
032748,0.520263671875,0.5210656523704529,0.5620065331459045,0.765832781791687
032749,0.951171875,0.9577874541282654,0.6074502468109131,0.7154994010925293
032751,0.9507649540901184,0.9554668664932251,0.6379934549331665,0.7367520332336426
032752,0.9466145634651184,0.9517425298690796,0.6615661382675171,0.8303321599960327
032754,0.9668782353401184,0.9677756428718567,0.7810032963752747,0.9246014952659607
032758,0.39453125,0.3975456953048706,0.4261382520198822,0.46122676134109497
032759,0.9673665165901184,0.9678472280502319,0.8748590350151062,0.9505084156990051
032760,0.606689453125,0.6240882873535156,0.6509066820144653,0.5649316310882568
032761,0.967041015625,0.9675881862640381,0.8122885227203369,0.8319467902183533
032762,0.9444172978401184,0.9559349417686462,0.6219719052314758,0.7902986407279968
032763,0.967041015625,0.96760094165802,0.9284793138504028,0.8530763983726501
032766,0.959228515625,0.9597023725509644,0.7631344795227051,0.704477846622467
032767,0.951904296875,0.9563993811607361,0.6230928897857666,0.6195217967033386
032768,0.9507649540901184,0.9577052593231201,0.6379934549331665,0.8070331811904907
032769,0.9466145634651184,0.9533025026321411,0.5787770748138428,0.5662535429000854
032770,0.968017578125,0.9680406451225281,1.0,0.8111913204193115
032772,0.9668782353401184,0.9673416614532471,0.7810032963752747,0.7393752932548523
032773,0.951904296875,0.9571638107299805,0.7122209072113037,0.7846918702125549
032774,0.3125,0.3171848654747009,0.23463936150074005,0.23564182221889496
032775,0.9673665165901184,0.9677093029022217,0.8748590350151062,0.7848349809646606
032778,0.953369140625,0.9572451710700989,0.6543781161308289,0.6977582573890686
032782,0.150390625,0.19809335470199585,0.4525081515312195,0.5651373267173767
032784,0.659423828125,0.6642997860908508,0.5918076038360596,0.842181921005249
032785,0.967041015625,0.9678088426589966,0.8122885227203369,0.9012975692749023
032786,0.556884765625,0.6034935712814331,0.4431702494621277,0.6742417812347412
032788,0.531982421875,0.6039130091667175,0.48571667075157166,0.7645286917686462
032790,0.3599446713924408,0.4197062849998474,0.3001289367675781,0.4604506194591522
032791,0.703369140625,0.7102606296539307,0.5620065331459045,0.5805236101150513
032793,0.9668782353401184,0.9675402045249939,0.7810032963752747,0.7740179300308228
032797,0.967041015625,0.9674407839775085,0.8122885227203369,0.7211332321166992
032798,0.1875,0.3144022822380066,0.1309099942445755,0.4385939836502075
032801,0.9673665165901184,0.9675649404525757,1.0,0.8751015663146973
032802,0.5757649540901184,0.579393744468689,0.5708760023117065,0.569598913192749
032803,0.9673665165901184,0.9679060578346252,0.8748590350151062,0.9584423899650574
032806,0.951904296875,0.9553866982460022,0.7122209072113037,0.6322201490402222
032807,0.95703125,0.9577864408493042,0.7039180397987366,0.7277714014053345
032808,0.518798828125,0.6093564629554749,0.3716495931148529,0.6688942909240723
032810,0.9507649540901184,0.9562039375305176,0.6379934549331665,0.7177332639694214
032811,0.703369140625,0.7090936899185181,0.6423966884613037,0.6518111228942871
032812,0.584228515625,0.5848142504692078,0.6245770454406738,0.7924826741218567
032815,0.365234375,0.4406089186668396,0.3236317038536072,0.6399083733558655
032816,0.712158203125,0.7126918435096741,0.7497180104255676,0.7669638991355896
032817,0.150390625,0.1646728515625,0.19393208622932434,0.19034823775291443
032818,0.967041015625,0.9677352905273438,0.8122885227203369,0.9293090105056763
032819,0.571533203125,0.5761545300483704,0.6676040887832642,0.7241125702857971
032820,0.946533203125,0.953530490398407,0.8026000261306763,0.9163455367088318
032822,0.9673665165901184,0.9677820205688477,1.0,0.9799774289131165
032823,0.962158203125,0.9623265862464905,0.9625431895256042,0.7810566425323486
032825,0.9388020634651184,0.9530788660049438,0.48492133617401123,0.6386549472808838
032826,0.110107421875,0.2667074203491211,0.09298666566610336,0.47357019782066345
032827,0.959228515625,0.9598928689956665,0.7631344795227051,0.8630078434944153
032829,0.580322265625,0.6047661900520325,0.5636333227157593,0.503494143486023
032830,0.962158203125,0.9626993536949158,0.8420895934104919,0.8284695148468018
032831,0.9507649540901184,0.9577456116676331,0.6379934549331665,0.8601491451263428
032832,0.488037109375,0.5733957290649414,0.4365417957305908,0.7181000709533691
032833,0.9673665165901184,0.9677191972732544,1.0,0.9218481183052063
032834,0.469970703125,0.47717082500457764,0.5407800078392029,0.6315038204193115
032836,0.9444172978401184,0.9509531855583191,0.544137716293335,0.5609537363052368
032844,0.962158203125,0.9626190662384033,0.8420895934104919,0.9274099469184875
032845,0.962158203125,0.9624959230422974,0.9625431895256042,0.8759781122207642
032846,0.703369140625,0.7082176208496094,0.6423966884613037,0.7347579002380371
032847,0.967041015625,0.9676408767700195,0.8122885227203369,0.8390301465988159
032848,0.580322265625,0.6431407332420349,0.4618985950946808,0.7834921479225159
032850,0.712158203125,0.7125914692878723,0.7497180104255676,0.8344731330871582
032851,0.488037109375,0.5475558638572693,0.398443341255188,0.5470609068870544
032858,0.9673665165901184,0.9677425026893616,0.8748590350151062,0.771511971950531
032859,0.46875,0.48077312111854553,0.29608190059661865,0.42715662717819214
032861,0.959228515625,0.9598382115364075,0.7631344795227051,0.852938711643219
032863,0.962158203125,0.9623479843139648,0.9625431895256042,0.9038361310958862
032864,0.967041015625,0.9677342772483826,0.8122885227203369,0.9180183410644531
032866,0.946533203125,0.946533203125,1.0,0.9343641400337219
032868,0.966796875,0.9672742486000061,0.8748388290405273,0.907274603843689
032869,0.967041015625,0.9678129553794861,0.8122885227203369,0.9089904427528381
032872,0.962158203125,0.9626885056495667,0.8420895934104919,0.8697651624679565
032874,0.659423828125,0.6625431776046753,0.6764605641365051,0.7184056043624878
032875,0.393798828125,0.462045818567276,0.31885725259780884,0.5559778213500977
032876,0.968017578125,0.968075692653656,1.0,0.9493707418441772
032877,0.469970703125,0.4773831069469452,0.5407800078392029,0.7262152433395386
032879,0.556884765625,0.619219958782196,0.4431702494621277,0.6498146057128906
032880,0.962158203125,0.9626368880271912,0.8420895934104919,0.8636569976806641
032882,0.951904296875,0.9599101543426514,0.7122209072113037,0.8641954064369202
032883,0.706298828125,0.7110841274261475,0.6245770454406738,0.742321252822876
032884,0.959228515625,0.959304690361023,0.7631344795227051,0.5923156142234802
032885,0.968017578125,0.9680585861206055,1.0,0.8070070147514343
032886,0.432373046875,0.4384891092777252,0.4040961265563965,0.6221725344657898
032887,0.571533203125,0.5817058086395264,0.43686550855636597,0.7703338265419006
032888,0.957763671875,0.9582286477088928,0.8271697163581848,0.7334319353103638
032890,0.21875,0.32953208684921265,0.15793579816818237,0.5342749357223511
032891,0.951171875,0.9597009420394897,0.6074502468109131,0.7108221054077148
032896,0.943359375,0.9501988291740417,0.7371450066566467,0.7352191209793091
032897,0.956298828125,0.9610635638237,0.8195018768310547,0.953905463218689
032898,0.431884765625,0.49489349126815796,0.390377938747406,0.7284238338470459
032899,0.967041015625,0.9673931002616882,0.8122885227203369,0.6705849170684814
032900,0.951171875,0.9588431715965271,0.6074502468109131,0.7230178713798523
032901,0.95703125,0.9575745463371277,0.7039180397987366,0.6718519330024719
032903,0.706298828125,0.7097932696342468,0.7139173746109009,0.7087869048118591
032904,0.959228515625,0.9597275853157043,0.8722942471504211,0.9148411154747009
032905,0.9507649540901184,0.955371081829071,0.6379934549331665,0.6676586866378784
032906,0.956298828125,0.9595043063163757,1.0,0.9880875945091248
032907,0.703369140625,0.7101756930351257,0.6423966884613037,0.739120602607727
032910,0.967041015625,0.9676150679588318,0.9284793138504028,0.9575163125991821
032911,0.0,0.0,0.0,0.0
032914,0.584228515625,0.5847153067588806,0.6245770454406738,0.5886855125427246
032915,0.9668782353401184,0.9677652716636658,0.7810032963752747,0.8706026077270508
032917,0.962158203125,0.9626930356025696,0.8420895934104919,0.9300341010093689
032920,0.701171875,0.706706166267395,0.5887562036514282,0.639848530292511
032922,0.9444172978401184,0.9530855417251587,0.6219719052314758,0.6849644184112549
032925,0.953369140625,0.9576880931854248,0.7479812502861023,0.7606308460235596
032926,0.703369140625,0.7085115313529968,0.5620065331459045,0.6720943450927734
032927,0.956298828125,0.9600849151611328,0.7169486284255981,0.7783312797546387
032929,0.110107421875,0.19478128850460052,0.3333333134651184,0.7576682567596436
032933,0.939453125,0.9523366689682007,0.489017516374588,0.7470234632492065
032934,0.47265625,0.4815198481082916,0.3920743465423584,0.47457656264305115
032935,0.9507649540901184,0.9541996717453003,0.7292529344558716,0.652061939239502
032938,0.304931640625,0.4361877143383026,0.22860826551914215,0.6172423362731934
032939,0.9444172978401184,0.9558631777763367,0.6219719052314758,0.8938738107681274
032942,0.9375,0.93896484375,0.8879528045654297,0.9439764022827148
032943,0.968017578125,0.9680662751197815,1.0,0.9195552468299866
032944,0.556884765625,0.6012513637542725,0.5407800078392029,0.7019817233085632
032947,0.48828125,0.48862770199775696,0.6066363453865051,0.7025840878486633
032949,0.946533203125,0.954437792301178,0.6577322483062744,0.7835565805435181
032950,0.956298828125,0.9603143334388733,0.8195018768310547,0.8401804566383362
032952,0.263671875,0.2884277403354645,0.7653606534004211,0.7877020239830017
032954,0.946533203125,0.956558346748352,0.6577322483062744,0.8275582790374756
032956,0.956298828125,0.9582449793815613,1.0,0.9273990988731384
032958,0.962158203125,0.9624713063240051,0.9625431895256042,0.9376436471939087
032959,0.967041015625,0.9671600461006165,0.8122885227203369,0.5729457139968872
032960,0.968017578125,0.968066394329071,1.0,0.9100301265716553
032961,0.556884765625,0.5865092277526855,0.8308104276657104,0.8729192614555359
032964,0.300537109375,0.35307374596595764,0.5354781746864319,0.656111478805542
032965,0.1106770858168602,0.1106770858168602,0.4437016248703003,0.4437016248703003
032966,0.39453125,0.4028167724609375,0.37281090021133423,0.43920639157295227
032968,0.940673828125,0.9454934000968933,0.5046601295471191,0.4013286828994751
032969,0.956298828125,0.9601513743400574,0.8195018768310547,0.8822110891342163
032971,0.701171875,0.7067713141441345,0.5887562036514282,0.7145882248878479
032972,0.580322265625,0.6089367270469666,0.5636333227157593,0.5902794599533081
032973,0.567138671875,0.601121723651886,0.7988805174827576,0.7620260715484619
032974,0.3599446713924408,0.42986607551574707,0.36623337864875793,0.5597569346427917
032975,0.968017578125,0.9680624604225159,1.0,0.966763973236084
032977,0.957763671875,0.9585068225860596,0.7236568927764893,0.8715544939041138
032978,0.633056640625,0.6371846199035645,0.5862115621566772,0.60108482837677
032980,0.09375,0.14492301642894745,0.35098522901535034,0.6674954295158386
032982,0.943359375,0.9557900428771973,0.5284951329231262,0.6750895977020264
032983,0.95703125,0.9579861760139465,0.7039180397987366,0.7718188166618347
032984,0.584228515625,0.5850057005882263,0.6245770454406738,0.6220731735229492
032985,0.943359375,0.9499067664146423,0.5284951329231262,0.5334382057189941
032986,0.0,0.03447265550494194,0.0,0.24722778797149658
032987,0.962158203125,0.9626871347427368,0.8420895934104919,0.8969200849533081
032989,0.967041015625,0.9675358533859253,0.8122885227203369,0.8901578783988953
032990,0.957763671875,0.9586336016654968,0.7236568927764893,0.8027144074440002
032993,0.393798828125,0.4838331639766693,0.38908666372299194,0.6921594142913818
032994,0.9673665165901184,0.9678152203559875,0.8748590350151062,0.9227070212364197
032996,0.951171875,0.9597183465957642,0.694340705871582,0.8501781821250916
032997,0.9668782353401184,0.9677743315696716,0.7810032963752747,0.8139100670814514
033000,0.951171875,0.9568071365356445,0.694340705871582,0.8094284534454346
033004,0.956298828125,0.9603409767150879,0.8195018768310547,0.9094539880752563
033005,0.962158203125,0.9625218510627747,0.8420895934104919,0.8251618146896362
033006,0.706298828125,0.7111724615097046,0.6245770454406738,0.8435527682304382
033007,0.374755859375,0.45214948058128357,0.28309693932533264,0.5379250049591064
033012,0.571533203125,0.5799502730369568,0.49935534596443176,0.7097412347793579
033014,0.518798828125,0.5556631684303284,0.6967307925224304,0.689376950263977
033016,0.567138671875,0.5975425243377686,0.7988805174827576,0.7896493673324585
033018,0.962158203125,0.9623452425003052,0.9625431895256042,0.8604621887207031
033019,0.968017578125,0.9680590033531189,1.0,0.8163815140724182
033020,0.953369140625,0.9580796360969543,0.912726640701294,0.9702683091163635
033021,0.48828125,0.4886794090270996,0.6066363453865051,0.6150872111320496
033022,0.606689453125,0.6312722563743591,1.0,0.9740204215049744
033024,0.956298828125,0.960048496723175,0.7169486284255981,0.7892887592315674
033027,0.701904296875,0.7067046165466309,0.5307213068008423,0.568170964717865
033029,0.9507649540901184,0.9543120265007019,0.7292529344558716,0.6918556690216064
033032,0.0,0.24433204531669617,0.0,0.31942686438560486
033033,0.953369140625,0.9578285217285156,0.912726640701294,0.9644325375556946
033036,0.968017578125,0.9680569171905518,1.0,0.8510733842849731
033038,0.19921875,0.26975902915000916,0.19636499881744385,0.3811272084712982
033039,0.953369140625,0.9564010500907898,0.912726640701294,0.7376847863197327
033041,0.957763671875,0.9585044384002686,0.7236568927764893,0.8908175826072693
033043,0.2122395932674408,0.32443252205848694,0.1687147468328476,0.5131677389144897
033044,0.962158203125,0.9625234007835388,0.9625431895256042,0.897558867931366
033046,0.365234375,0.4458306133747101,0.26521679759025574,0.38865339756011963
033047,0.3059895932674408,0.38848060369491577,0.23244215548038483,0.3583170175552368
033051,0.968017578125,0.9680646061897278,1.0,0.9731382131576538
033053,0.712158203125,0.7122039794921875,0.8569586873054504,0.8080864548683167
033054,0.469970703125,0.4777986407279968,0.4431702494621277,0.700288712978363
033055,0.9507649540901184,0.9560139179229736,0.7292529344558716,0.8749462366104126
033059,0.556884765625,0.5979348421096802,0.5407800078392029,0.6422593593597412
033060,0.9375,0.9489560127258301,0.5364049673080444,0.656259298324585
033062,0.212890625,0.3978191912174225,0.1584416627883911,0.6057961583137512
033063,0.9668782353401184,0.9675083160400391,0.7810032963752747,0.751745879650116
033065,0.633056640625,0.6372935175895691,0.715326726436615,0.668031632900238
033067,0.706298828125,0.7103118300437927,0.6245770454406738,0.6059447526931763
033069,0.633056640625,0.6338376998901367,0.7837249636650085,0.7498527765274048
033070,0.95703125,0.95745849609375,0.8046074509620667,0.6959671378135681
033073,0.51953125,0.5968808531761169,0.3754834830760956,0.6703094840049744
033076,0.9673665165901184,0.9677785038948059,1.0,0.9946341514587402
033077,0.9388020634651184,0.9444034099578857,0.6763683557510376,0.6575729250907898
033080,0.703369140625,0.7083362340927124,0.5620065331459045,0.6481825709342957
033086,0.520263671875,0.5209702253341675,0.6423966884613037,0.7362271547317505
033089,0.9673665165901184,0.9678989052772522,0.8748590350151062,0.824103057384491
033090,0.5694172978401184,0.5770493745803833,0.4055802822113037,0.48110902309417725
033091,0.703369140625,0.7104132771492004,0.5620065331459045,0.8294959664344788
033092,0.953369140625,0.9576159119606018,0.7479812502861023,0.7327849864959717
033093,0.568359375,0.5734796524047852,0.4457148313522339,0.42277398705482483
033097,0.47265625,0.4826108515262604,0.3430097699165344,0.5439047813415527
033098,0.9444172978401184,0.9519410729408264,0.6219719052314758,0.7125886082649231
033103,0.956298828125,0.9568451642990112,0.7169486284255981,0.5453082919120789
033105,0.520263671875,0.5209923386573792,0.5620065331459045,0.6558060050010681
033107,0.619873046875,0.6237320303916931,0.5410870313644409,0.5533166527748108
033108,0.953369140625,0.958399772644043,0.6543781161308289,0.5871333479881287
033110,0.712158203125,0.7125017046928406,0.7497180104255676,0.7908208966255188
033113,0.518798828125,0.5733522176742554,0.4535067081451416,0.46999430656433105
033114,0.962158203125,0.9625555276870728,0.8420895934104919,0.8540778160095215
033115,0.966796875,0.9677473902702332,0.7653606534004211,0.7555439472198486
033116,0.39453125,0.39938944578170776,0.4261382520198822,0.5047601461410522
033117,0.968017578125,0.9680420160293579,1.0,0.8729060292243958
033118,0.968017578125,0.9680490493774414,1.0,0.9159507155418396
033119,0.260498046875,0.36189544200897217,0.22389668226242065,0.41746771335601807
033120,0.0,0.15691013634204865,0.0,0.2050996869802475
033122,0.300537109375,0.3866042494773865,0.2163846641778946,0.5176613926887512
033123,0.2122395932674408,0.26997625827789307,0.23532335460186005,0.3242075741291046
033124,0.968017578125,0.9680774211883545,1.0,0.934751033782959
033128,0.967041015625,0.9675398468971252,0.9284793138504028,0.8490684628486633
033129,0.953369140625,0.9602438807487488,0.6543781161308289,0.6274571418762207
033132,0.9507649540901184,0.9576959609985352,0.6379934549331665,0.732574462890625
033133,0.388427734375,0.4001742899417877,0.3251410126686096,0.7122180461883545
033138,0.946533203125,0.9536606669425964,0.575423002243042,0.6424160003662109
033139,0.953369140625,0.9578215479850769,0.7479812502861023,0.8150215744972229
033141,0.701904296875,0.7063184380531311,0.6066363453865051,0.6089131236076355
033143,0.9668782353401184,0.9674493074417114,0.7810032963752747,0.7908990979194641
033146,0.962158203125,0.9624062776565552,0.9625431895256042,0.9634878039360046
033147,0.580322265625,0.6200549006462097,0.5636333227157593,0.7298093438148499
033148,0.703369140625,0.7087404131889343,0.5620065331459045,0.6237050890922546
033149,0.9466145634651184,0.9550465941429138,0.6615661382675171,0.7814953327178955
033150,0.953369140625,0.9602471590042114,0.7479812502861023,0.8356066942214966
033151,0.947998046875,0.9547675251960754,0.5985158681869507,0.7995099425315857
033155,0.943359375,0.9533085227012634,0.5284951329231262,0.6728380918502808
033157,0.619873046875,0.6249110102653503,0.5410870313644409,0.6161260604858398
033158,0.703369140625,0.7090705633163452,0.6423966884613037,0.8019563555717468
033160,0.703369140625,0.710304856300354,0.6423966884613037,0.8261841535568237
033161,0.940673828125,0.9496729969978333,0.5768473744392395,0.6994027495384216
033163,0.968017578125,0.9680768847465515,1.0,0.9532104134559631
033164,0.943115234375,0.950594961643219,0.7475366592407227,0.8742683529853821
033165,0.2774251401424408,0.42837801575660706,0.1687147468328476,0.5038748979568481
033167,0.304931640625,0.4372350573539734,0.20000000298023224,0.6301897168159485
033168,0.953369140625,0.9585519433021545,0.912726640701294,0.9570685029029846
033171,0.633056640625,0.639252781867981,0.5128524899482727,0.6015302538871765
033172,0.567138671875,0.6191899180412292,0.5199966430664062,0.7527337670326233
033173,0.304931640625,0.304931640625,1.0,1.0
033174,0.431884765625,0.4946318566799164,0.3415256440639496,0.585590124130249
033177,0.503173828125,0.5143213272094727,0.3430097699165344,0.6601873636245728
033178,0.3599446713924408,0.45005711913108826,0.3001289367675781,0.6588967442512512
033179,0.659423828125,0.6612321734428406,0.8254533410072327,0.7320321798324585
033180,0.946533203125,0.9564849138259888,0.575423002243042,0.6983228921890259
033181,0.212890625,0.2662098705768585,0.1974104940891266,0.3015184998512268
033185,0.939453125,0.9423014521598816,0.7848228216171265,0.8717736601829529
033186,0.946533203125,0.9547358155250549,0.6577322483062744,0.8198227286338806
033187,0.47265625,0.4751247763633728,0.5241767168045044,0.5362723469734192
033188,0.9388020634651184,0.9433339238166809,0.7410414814949036,0.7462013959884644
033190,0.9466145634651184,0.9552773237228394,0.5787770748138428,0.7346575260162354
033191,0.503173828125,0.516718864440918,0.3430097699165344,0.6496816277503967
033192,0.701904296875,0.7065500020980835,0.6066363453865051,0.6064039468765259
033194,0.44140625,0.4537511169910431,0.3284950852394104,0.629228413105011
033195,0.571533203125,0.579790472984314,0.43686550855636597,0.7361977100372314
033198,0.957763671875,0.9585000276565552,0.7236568927764893,0.8740653395652771
033200,0.518798828125,0.5942869782447815,0.3716495931148529,0.6873456835746765
033201,0.619873046875,0.6256479024887085,0.4733748733997345,0.5788953304290771
033203,0.943359375,0.9493499994277954,0.7371450066566467,0.7332409620285034
033204,0.94140625,0.9501835703849792,0.7200049757957458,0.8655141592025757
033207,0.9673665165901184,0.9677871465682983,0.8748590350151062,0.8124982118606567
033208,0.9466145634651184,0.9520859718322754,0.6615661382675171,0.734450101852417
033209,0.197998046875,0.3337729275226593,0.13742950558662415,0.4846861660480499
033212,0.9375,0.9404964447021484,0.7171369194984436,0.6363643407821655
033215,0.4375,0.5600345730781555,0.21899673342704773,0.44212785363197327
033216,0.946533203125,0.9544095993041992,0.6577322483062744,0.8540524840354919
033217,0.488037109375,0.5746706128120422,0.2856633961200714,0.44720280170440674
033218,0.0625,0.21760490536689758,0.053640495985746384,0.24973614513874054
033219,0.946533203125,0.9501925110816956,0.8026000261306763,0.7422629594802856
033220,0.712158203125,0.7123590707778931,0.7497180104255676,0.5607984662055969
033221,0.966796875,0.9671699404716492,0.8748388290405273,0.8348923325538635
033222,0.606689453125,0.6432515382766724,0.46666663885116577,0.7133456468582153
033226,0.499755859375,0.5838590860366821,0.293855756521225,0.5479423999786377
033230,0.9673665165901184,0.9677407741546631,1.0,0.9653105735778809
033234,0.940673828125,0.9506032466888428,0.5768473744392395,0.7834070920944214
033235,0.23828125,0.26922607421875,0.7039180994033813,0.7536976337432861
033236,0.34765625,0.3556652069091797,0.293855756521225,0.3183780312538147
033241,0.701904296875,0.7023162841796875,0.7402501106262207,0.7310513854026794
033244,0.25390625,0.3520965576171875,0.25817668437957764,0.5190944671630859
033246,0.967041015625,0.9675720930099487,0.9284793138504028,0.9684653282165527
033248,0.956298828125,0.9601314067840576,0.7169486284255981,0.7646799087524414
033249,0.943359375,0.9447479248046875,0.7371450066566467,0.6525861620903015
033250,0.9673665165901184,0.9678924083709717,0.8748590350151062,0.9226567149162292
033253,0.947998046875,0.9531502723693848,0.8348100185394287,0.791032612323761
033254,0.9668782353401184,0.9677413105964661,0.7810032963752747,0.8857867121696472
033256,0.34765625,0.35885390639305115,0.293855756521225,0.571628212928772
033257,0.518798828125,0.6063750982284546,0.3716495931148529,0.4810279607772827
033258,0.9673665165901184,0.9674864411354065,1.0,0.878930926322937
033261,0.967041015625,0.9674746990203857,0.8122885227203369,0.7250852584838867
033262,0.4700520932674408,0.477658212184906,0.4347934126853943,0.5040946006774902
033263,0.219970703125,0.3231891393661499,0.18348374962806702,0.4317541718482971
033264,0.957763671875,0.9583549499511719,0.7236568927764893,0.7467348575592041
033265,0.956298828125,0.9594441056251526,0.8195018768310547,0.8158177137374878
033267,0.490234375,0.4959472715854645,0.9467676877975464,0.9446403980255127
033268,0.4375,0.5330123901367188,0.30545666813850403,0.42422762513160706
033270,0.633056640625,0.6343955993652344,0.7837249636650085,0.7963072061538696
033271,0.34765625,0.3600992262363434,0.293855756521225,0.6432355642318726
033273,0.61328125,0.6217610239982605,0.5185247659683228,0.692719042301178
033275,0.701171875,0.705256462097168,0.5150786638259888,0.4937194585800171
033276,0.09375,0.2852376401424408,0.0729006752371788,0.32572683691978455
033277,0.9673665165901184,0.9675024151802063,1.0,0.897424578666687
033278,0.9388020634651184,0.9529702067375183,0.48492133617401123,0.5912641882896423
033280,0.701171875,0.7080127596855164,0.5887562036514282,0.6938289403915405
033281,0.968017578125,0.9680197834968567,1.0,0.9969950914382935
033282,0.520263671875,0.5208067297935486,0.5620065331459045,0.7150707244873047
033283,0.967041015625,0.9674226641654968,0.9284793138504028,0.8944278955459595
033285,0.212890625,0.3440934121608734,0.12984324991703033,0.4313337206840515
033287,0.951904296875,0.9585332870483398,0.6230928897857666,0.6538017988204956
033290,0.659423828125,0.6635545492172241,0.6764605641365051,0.8372673392295837
033291,0.469970703125,0.4724564254283905,0.5407800078392029,0.5151359438896179
033293,0.703369140625,0.7076583504676819,0.5620065331459045,0.6478036046028137
033294,0.957763671875,0.9586514234542847,0.7236568927764893,0.7530246376991272
033295,0.571533203125,0.5805790424346924,0.43686550855636597,0.6350259184837341
033296,0.393798828125,0.4264625608921051,0.8579513430595398,0.8665359020233154
033298,0.150390625,0.18222808837890625,0.4525081515312195,0.6030612587928772
033299,0.9507649540901184,0.9569705724716187,0.6379934549331665,0.7204667925834656
033300,0.518798828125,0.5380910038948059,1.0,0.991899311542511
033303,0.584228515625,0.5849990248680115,0.6245770454406738,0.7793213725090027
033304,0.5757649540901184,0.580845296382904,0.5708760023117065,0.6974757313728333
033306,0.46875,0.47983518242836,0.29608190059661865,0.4484911859035492
033308,0.712158203125,0.7125756144523621,0.7497180104255676,0.80338454246521
033310,0.951904296875,0.9583666920661926,0.7122209072113037,0.9004923105239868
033311,0.967041015625,0.9678151607513428,0.8122885227203369,0.9005323052406311
033312,0.267578125,0.3192439079284668,0.23635835945606232,0.33385756611824036
033314,0.951171875,0.951171875,0.974895179271698,0.974895179271698
033315,0.940673828125,0.9496326446533203,0.5768473744392395,0.6534985303878784
033316,0.966796875,0.966796875,0.8748388290405273,0.7086207866668701
033317,0.388427734375,0.3975030481815338,0.3716495931148529,0.5953540802001953
033319,0.0625,0.1938575804233551,0.10055973380804062,0.44428807497024536
033321,0.9668782353401184,0.9675436019897461,0.7810032963752747,0.7620865106582642
033323,0.490234375,0.5553189516067505,0.42515653371810913,0.6238529682159424
033324,0.393798828125,0.4407487213611603,0.31885725259780884,0.42515915632247925
033325,0.365234375,0.365234375,0.789595901966095,0.789595901966095
033326,0.560546875,0.6021575927734375,0.4981783330440521,0.5939216017723083
033328,0.323974609375,0.3762687146663666,0.5520787835121155,0.7667583227157593
033330,0.940673828125,0.9526860117912292,0.5046601295471191,0.6924647688865662
033332,0.953369140625,0.9574049115180969,0.912726640701294,0.9289394021034241
033333,0.518798828125,0.6007178425788879,0.3251410126686096,0.6899229884147644
033334,0.0,0.10256696492433548,0.0,0.28707215189933777
033335,0.580322265625,0.6002057790756226,0.5636333227157593,0.5813322067260742
033336,0.9673665165901184,0.9678073525428772,0.8748590350151062,0.9609007835388184
033337,0.0,0.2467086762189865,0.0,0.47953397035598755
033339,0.9673665165901184,0.9677918553352356,0.8748590350151062,0.7642720341682434
033340,0.0,0.11772801727056503,0.0,0.4219936430454254
033342,0.9673665165901184,0.9676976799964905,0.8748590350151062,0.7998201251029968
033344,0.9375,0.9391741156578064,0.5364049673080444,0.4435728192329407
033346,0.956298828125,0.956298828125,1.0,1.0
033348,0.263671875,0.3668212890625,0.2660166919231415,0.5437838435173035
033349,0.571533203125,0.5794309377670288,0.49935534596443176,0.7353649139404297
033350,0.450927734375,0.4622707962989807,0.39804574847221375,0.623843252658844
033351,0.959228515625,0.9597058296203613,0.8722942471504211,0.920158863067627
033352,0.0625,0.1513671875,0.1686759740114212,0.5076850056648254
033353,0.469970703125,0.475143700838089,0.5407800078392029,0.6898983120918274
033354,0.943359375,0.9556289911270142,0.5284951329231262,0.8414515852928162
033356,0.9673665165901184,0.9678007364273071,0.8748590350151062,0.7942776083946228
033357,0.21875,0.3287334442138672,0.15793579816818237,0.48750433325767517
033358,0.959228515625,0.9594910740852356,0.7631344795227051,0.6246970891952515
033359,0.9673665165901184,0.9677230715751648,0.8748590350151062,0.8646359443664551
033361,0.46875,0.479227215051651,0.29608190059661865,0.5086871981620789
033368,0.518798828125,0.5696775913238525,0.6967307925224304,0.6359472870826721
033370,0.0,0.20007069408893585,0.0,0.42038071155548096
033374,0.499755859375,0.5756655931472778,0.4098700284957886,0.6481643915176392
033375,0.9466145634651184,0.9510301351547241,0.6615661382675171,0.6400600075721741
033377,0.953369140625,0.9604047536849976,0.6543781161308289,0.7474876046180725
033382,0.499755859375,0.5675215721130371,0.4098700284957886,0.5280544757843018
033383,0.951171875,0.951995849609375,0.9282863140106201,0.9011971354484558
033384,0.956298828125,0.9609800577163696,0.8195018768310547,0.9397381544113159
033385,0.946533203125,0.9532842040061951,0.8026000261306763,0.8169249892234802
033388,0.146728515625,0.2669210433959961,0.09795191138982773,0.2987338900566101
033389,0.4375,0.503857433795929,0.5419421792030334,0.8516232967376709
033391,0.951171875,0.9551544189453125,0.8472716808319092,0.9736624360084534
033392,0.968017578125,0.9680468440055847,1.0,0.9818553328514099
033393,0.9673665165901184,0.9678196310997009,0.8748590350151062,0.9297005534172058
033394,0.956298828125,0.9589285850524902,1.0,0.9524573087692261
033396,0.510498046875,0.5169453620910645,0.49935534596443176,0.7241182923316956
033397,0.9673665165901184,0.967780590057373,0.8748590350151062,0.8883045315742493
033398,0.701171875,0.7069370150566101,0.5150786638259888,0.5039108395576477
033399,0.520263671875,0.5207682251930237,0.5620065331459045,0.5820683240890503
033400,0.943359375,0.9524614214897156,0.5284951329231262,0.6103572249412537
033404,0.966796875,0.9670181274414062,0.8748388290405273,0.9080805778503418
033405,0.571533203125,0.578583300113678,0.43686550855636597,0.5649096965789795
033407,0.956298828125,0.9603822231292725,0.7169486284255981,0.8242982625961304
033410,0.450927734375,0.45575159788131714,0.42870715260505676,0.4909220039844513
033412,0.962158203125,0.9625973701477051,0.8420895934104919,0.89692223072052
033413,0.488037109375,0.5909807085990906,0.2856633961200714,0.47906437516212463
033414,0.21875,0.2682419717311859,0.19272169470787048,0.24137172102928162
033415,0.32421875,0.3315460681915283,0.35480669140815735,0.4429105222225189
033416,0.943359375,0.952435314655304,0.5284951329231262,0.6124836206436157
033417,0.16796875,0.22066020965576172,0.3198178708553314,0.5408096313476562
033420,0.3125,0.3253367841243744,0.23463936150074005,0.5747336745262146
033421,0.953369140625,0.9603489637374878,0.6543781161308289,0.7678195834159851
033422,0.953369140625,0.9580841660499573,0.7479812502861023,0.7608806490898132
033424,0.48828125,0.4889495372772217,0.6066363453865051,0.7143983244895935
033425,0.166259765625,0.32262635231018066,0.12132726609706879,0.4650344252586365
033426,0.9673665165901184,0.9676932692527771,1.0,0.9372037053108215
033427,0.962158203125,0.9625330567359924,0.8420895934104919,0.8684839606285095
033429,0.304931640625,0.4351590871810913,0.20000000298023224,0.44624388217926025
033430,0.956298828125,0.9605941772460938,0.8195018768310547,0.8816750049591064
033435,0.580322265625,0.6014108657836914,0.5636333227157593,0.5450844764709473
033436,0.571533203125,0.5806047320365906,0.43686550855636597,0.7676194906234741
033439,0.94140625,0.9536800384521484,0.5162065625190735,0.5690154433250427
033441,0.0,0.23984375596046448,0.0,0.2026994377374649
033442,0.968017578125,0.9680662155151367,1.0,0.9029013514518738
033443,0.9673665165901184,0.9678982496261597,0.8748590350151062,0.8498212695121765
033444,0.9673665165901184,0.9677187204360962,1.0,0.9236277341842651
033445,0.2044270783662796,0.3719226121902466,0.12516115605831146,0.6124150156974792
033447,0.34765625,0.35798168182373047,0.293855756521225,0.6353622078895569
033448,0.701171875,0.7046913504600525,0.5887562036514282,0.5705327987670898
033452,0.953369140625,0.9575429558753967,0.6543781161308289,0.6869221925735474
033454,0.4778645932674408,0.4782308042049408,0.5657033920288086,0.570525050163269
033455,0.967041015625,0.9675195217132568,0.8122885227203369,0.7091081738471985
033457,0.966796875,0.9674093127250671,0.8748388290405273,0.7772278785705566
033459,0.701171875,0.7066650390625,0.5887562036514282,0.7798274755477905
033460,0.4778645932674408,0.48373153805732727,0.4635950028896332,0.6740460395812988
033463,0.962158203125,0.9625667333602905,0.8420895934104919,0.8766247034072876
033466,0.9507649540901184,0.9546500444412231,0.6379934549331665,0.6308997869491577
033468,0.560546875,0.6199966669082642,0.4981783330440521,0.7499133944511414
033470,0.967041015625,0.9675737619400024,0.8122885227203369,0.7214387059211731
033472,0.95703125,0.9574958682060242,0.8046074509620667,0.7982054948806763
033474,0.939453125,0.9457168579101562,0.5589672327041626,0.7807757258415222
033475,0.25390625,0.3205914795398712,0.25817668437957764,0.41613584756851196
033476,0.951904296875,0.9599757194519043,0.6230928897857666,0.902405321598053
033478,0.9673665165901184,0.9678975343704224,0.8748590350151062,0.9175915122032166
033480,0.712158203125,0.7125431895256042,0.7497180104255676,0.7528707385063171
033481,0.3059895932674408,0.39631426334381104,0.2033541053533554,0.5404258966445923
033487,0.323974609375,0.4289335608482361,0.2230929136276245,0.5804908871650696
033488,0.703369140625,0.703369140625,0.8588406443595886,0.8088757395744324
033489,0.959228515625,0.9600101709365845,0.7631344795227051,0.9272384643554688
033490,0.508056640625,0.5129387378692627,0.46666663885116577,0.5725289583206177
033491,0.30078125,0.350961297750473,0.24766992032527924,0.29336705803871155
033492,0.953369140625,0.9563249349594116,0.7479812502861023,0.7231488227844238
033495,0.951904296875,0.9598531723022461,0.7122209072113037,0.8007445335388184
033496,0.962158203125,0.9625779986381531,0.8420895934104919,0.8368173241615295
033497,0.455078125,0.5172882080078125,0.5907889604568481,0.7242786884307861
033498,0.300537109375,0.377726674079895,0.24733662605285645,0.6019296646118164
033500,0.21875,0.31604817509651184,0.13817155361175537,0.46170806884765625
033502,0.34765625,0.35292115807533264,0.4098700284957886,0.4681495428085327
033503,0.9668782353401184,0.9676759243011475,0.7810032963752747,0.8495543003082275
033505,0.501953125,0.505157470703125,0.525390625,0.6362661719322205
033506,0.365234375,0.39342689514160156,0.26521679759025574,0.27225154638290405
033508,0.197998046875,0.3315731883049011,0.2100154310464859,0.5539879202842712
033509,0.951171875,0.9596394300460815,0.6074502468109131,0.6760619878768921
033510,0.951904296875,0.9547615051269531,0.6230928897857666,0.5673550963401794
033512,0.968017578125,0.9680628776550293,1.0,0.8387895822525024
033513,0.9673665165901184,0.9678947925567627,0.8748590350151062,0.8248797059059143
033514,0.560546875,0.603966474533081,0.7653606534004211,0.6790689826011658
033515,0.09375,0.25161927938461304,0.05921638384461403,0.3099730908870697
033516,0.2122395932674408,0.3124051094055176,0.1687147468328476,0.5103970170021057
033517,0.9388020634651184,0.9424412846565247,0.8427215218544006,0.9381493330001831
033519,0.48828125,0.48908233642578125,0.5307213068008423,0.7059670090675354
033520,0.466064453125,0.5540734529495239,0.35480669140815735,0.6321733593940735
033523,0.953369140625,0.9590137600898743,0.7479812502861023,0.7798357009887695
033526,0.966796875,0.9671747088432312,0.8748388290405273,0.8347821235656738
033527,0.5757649540901184,0.5820226669311523,0.5708760023117065,0.7875785231590271
033528,0.962158203125,0.9623918533325195,0.9625431895256042,0.8828872442245483
033530,0.9388020634651184,0.9514561891555786,0.5542851090431213,0.7563235759735107
033532,0.951171875,0.9567411541938782,0.8472716808319092,0.8792532682418823
033533,0.166259765625,0.21096831560134888,0.16220630705356598,0.21624641120433807
033534,0.490234375,0.5862587094306946,0.3180091083049774,0.6421857476234436
033537,0.9673665165901184,0.9676505923271179,0.8748590350151062,0.7566045522689819
033538,0.947998046875,0.953281819820404,0.6841284036636353,0.7490836381912231
033539,0.947998046875,0.9559476971626282,0.6841284036636353,0.8389149308204651
033540,0.508056640625,0.5149790048599243,0.46666663885116577,0.6243667602539062
033541,0.3059895932674408,0.41399893164634705,0.2033541053533554,0.33030667901039124
033542,0.1875,0.2324625700712204,0.14342738687992096,0.20252346992492676
033543,0.46875,0.47790831327438354,0.3384338617324829,0.4143385887145996
033544,0.508056640625,0.5139048099517822,0.46666663885116577,0.6386526226997375
033545,0.701171875,0.7088904976844788,0.5150786638259888,0.7439860701560974
033546,0.706298828125,0.7102728486061096,0.6245770454406738,0.7467637062072754
033549,0.95703125,0.9576429724693298,0.7039180397987366,0.6751242876052856
033550,0.197998046875,0.197998046875,0.8145672082901001,0.8145672082901001
033552,0.951904296875,0.959882915019989,0.6230928897857666,0.777319610118866
033553,0.505615234375,0.5153254270553589,0.427834689617157,0.5911754965782166
033555,0.957763671875,0.9584394693374634,0.8271697163581848,0.8948957324028015
033557,0.4375,0.46672362089157104,0.6735438704490662,0.7928231358528137
033558,0.091796875,0.1192626953125,0.3948093354701996,0.6534972190856934
033560,0.957763671875,0.9584393501281738,0.8271697163581848,0.8903595805168152
033562,0.943359375,0.9529139399528503,0.6506248712539673,0.833915650844574
033563,0.953369140625,0.9576300978660583,0.912726640701294,0.962594747543335
033564,0.300537109375,0.4060709774494171,0.24733662605285645,0.6382977366447449
033567,0.431884765625,0.48352622985839844,0.4763599932193756,0.7325384616851807
033568,0.261474609375,0.33263060450553894,0.22860826551914215,0.41695573925971985
033571,0.9673665165901184,0.9678177237510681,0.8748590350151062,0.8623850345611572
033572,0.701171875,0.7037811279296875,0.5887562036514282,0.6130282282829285
033573,0.968017578125,0.96805340051651,1.0,0.8740289211273193
033577,0.943115234375,0.950408935546875,0.5359453558921814,0.4845922589302063
033588,0.393798828125,0.4344139099121094,0.690318763256073,0.839723527431488
033589,0.520263671875,0.5211597084999084,0.5620065331459045,0.7465088963508606
033592,0.94140625,0.948839545249939,0.7200049757957458,0.8751533627510071
033594,0.94140625,0.9453338384628296,0.8970906734466553,0.9628022313117981
033595,0.962158203125,0.962287187576294,0.9625431895256042,0.9621624946594238
033596,0.94140625,0.9490469694137573,0.5162065625190735,0.6410879492759705
033597,0.968017578125,0.9680249094963074,1.0,0.8359236121177673
033598,0.567138671875,0.624068558216095,0.4261382520198822,0.5699579119682312
033600,0.2774251401424408,0.4294286370277405,0.1687147468328476,0.6609987616539001
033603,0.957763671875,0.9581514596939087,0.7236568927764893,0.8203750848770142
033605,0.304931640625,0.40790173411369324,0.30563369393348694,0.6308669447898865
033606,0.9668782353401184,0.9675533175468445,0.7810032963752747,0.9015921950340271
033607,0.4375,0.47255632281303406,0.5419421792030334,0.6456887125968933
033608,0.966796875,0.9677532911300659,0.7653606534004211,0.9048901200294495
033609,0.488037109375,0.589017927646637,0.4365417957305908,0.738392174243927
033610,0.966796875,0.9671975374221802,0.8748388290405273,0.9629456400871277
033611,0.659423828125,0.662815511226654,0.6764605641365051,0.8159860372543335
033612,0.39453125,0.395355224609375,0.5697178244590759,0.6149641871452332
033613,0.508056640625,0.5123820304870605,0.46666663885116577,0.4632413685321808
033617,0.968017578125,0.968052864074707,1.0,0.8563717603683472
033618,0.712158203125,0.7122983932495117,0.8569586873054504,0.8600277304649353
033619,0.957763671875,0.9586504101753235,0.7236568927764893,0.8762186169624329
033620,0.531982421875,0.5864216089248657,0.39804574847221375,0.5896392464637756
033621,0.951904296875,0.951904296875,1.0,1.0
033623,0.633056640625,0.6338690519332886,0.715326726436615,0.660799503326416
033625,0.94140625,0.9448918104171753,0.7200049757957458,0.7019534111022949
033626,0.584228515625,0.5847694277763367,0.6245770454406738,0.7485225200653076
033627,0.9388020634651184,0.952843189239502,0.48492133617401123,0.6424781084060669
033628,0.94140625,0.9535903930664062,0.5900454521179199,0.8316199779510498
033631,0.953369140625,0.9572189450263977,0.6543781161308289,0.6215447187423706
033633,0.3059895932674408,0.3530052900314331,0.23244215548038483,0.31632107496261597
033634,0.9444172978401184,0.9527206420898438,0.6219719052314758,0.7357578277587891
033635,0.703369140625,0.703369140625,0.8588406443595886,0.8588406443595886
033636,0.2774251401424408,0.42800435423851013,0.19284793734550476,0.6137022376060486
033638,0.4375,0.49396973848342896,0.3514672517776489,0.5885984301567078
033639,0.703369140625,0.708906888961792,0.5620065331459045,0.6572425961494446
033640,0.943115234375,0.9491754174232483,0.7475366592407227,0.8946340680122375
033642,0.962158203125,0.9624355435371399,0.9625431895256042,0.9598433375358582
033643,0.701171875,0.7038941979408264,0.7871269583702087,0.8472006916999817
033645,0.323974609375,0.37164363265037537,0.2550044059753418,0.39773187041282654
033646,0.962158203125,0.9624449014663696,0.8420895934104919,0.668756365776062
033647,0.951171875,0.951995849609375,0.9282863140106201,0.9538916349411011
033649,0.556884765625,0.5872122049331665,0.8308104276657104,0.7597601413726807
033650,0.0,0.10068359225988388,0.0,0.17118717730045319
033652,0.5694172978401184,0.5810357332229614,0.4055802822113037,0.642035186290741
033654,0.3599446713924408,0.40733325481414795,0.6497723460197449,0.743776798248291
033656,0.633056640625,0.6389451026916504,0.5128524899482727,0.6654760241508484
033657,0.9673665165901184,0.9676535129547119,1.0,0.8109588027000427
033662,0.61328125,0.61712646484375,0.5185247659683228,0.5449642539024353
033664,0.967041015625,0.967517077922821,0.8122885227203369,0.7891286015510559
033665,0.9668782353401184,0.9673553109169006,0.892719030380249,0.9655438661575317
033666,0.951904296875,0.9596290588378906,0.7122209072113037,0.9289313554763794
033669,0.956298828125,0.9593747854232788,1.0,0.9950883984565735
033672,0.4375,0.5420329570770264,0.30545666813850403,0.48860374093055725
033673,0.946533203125,0.9540185928344727,0.6577322483062744,0.8658306002616882
033676,0.4375,0.5728033781051636,0.30545666813850403,0.6651480197906494
033677,0.560546875,0.6205485463142395,0.4082580804824829,0.5907544493675232
033678,0.951171875,0.959761381149292,0.6074502468109131,0.8670742511749268
033679,0.953369140625,0.9547080993652344,1.0,1.0
033683,0.556884765625,0.556884765625,0.5407800078392029,0.5119181275367737
033684,0.951904296875,0.9599558711051941,0.6230928897857666,0.8395964503288269
033687,0.940673828125,0.9421758651733398,1.0,1.0
033688,0.9507649540901184,0.9512112736701965,0.974961519241333,0.9754666686058044
033689,0.967041015625,0.9677848815917969,0.8122885227203369,0.859312891960144
033690,0.16796875,0.2764146327972412,0.12923716008663177,0.5991345047950745
033692,0.9444172978401184,0.9485829472541809,0.8315341472625732,0.9416117072105408
033694,0.39453125,0.40166038274765015,0.4261382520198822,0.6625106334686279
033696,0.951904296875,0.9565905928611755,0.8690900206565857,0.8886616826057434
033697,0.95703125,0.9578094482421875,0.7039180397987366,0.8899098634719849
033699,0.197998046875,0.34960925579071045,0.13742950558662415,0.5194294452667236
033700,0.943115234375,0.9444169998168945,0.9849443435668945,0.9856202602386475
033702,0.951904296875,0.9562687277793884,0.8690900206565857,0.9271048307418823
033703,0.0,0.133928582072258,0.0,0.20329011976718903
033708,0.943359375,0.9448360800743103,0.6040917634963989,0.5645185112953186
033709,0.703369140625,0.7068554162979126,0.7838867902755737,0.803413450717926
033710,0.30078125,0.3239394426345825,0.6128985285758972,0.72016841173172
033711,0.499755859375,0.5826292037963867,0.3358892798423767,0.5697411894798279
033712,0.393798828125,0.48534032702445984,0.31885725259780884,0.6889057755470276
033713,0.267578125,0.3127017617225647,0.23635835945606232,0.27573248744010925
033716,0.02083333395421505,0.1184895858168602,0.028747543692588806,0.2883637547492981
033717,0.48828125,0.4890466332435608,0.5307213068008423,0.5924427509307861
033718,0.490234375,0.5808148980140686,0.38805168867111206,0.7024970650672913
033719,0.508056640625,0.5149460434913635,0.46666663885116577,0.5898644328117371
033720,0.09375,0.18509390950202942,0.10882609337568283,0.39994606375694275
033721,0.957763671875,0.958213746547699,0.7236568927764893,0.7093349099159241
033722,0.0,0.0,0.0,0.0
033725,0.23828125,0.37187421321868896,0.14078360795974731,0.4530332386493683
033726,0.505615234375,0.5132870078086853,0.37429502606391907,0.6387795209884644
033728,0.520263671875,0.5206899642944336,0.6423966884613037,0.6735121011734009
033729,0.947998046875,0.9541040062904358,0.5985158681869507,0.8328775763511658
033730,0.39453125,0.4015495181083679,0.37281090021133423,0.5716239809989929
033731,0.940673828125,0.9538344740867615,0.5768473744392395,0.7040244936943054
033733,0.9388020634651184,0.9413655400276184,0.5542851090431213,0.5694472193717957
033734,0.953369140625,0.9582686424255371,0.6543781161308289,0.7025286555290222
033737,0.9507649540901184,0.9578076004981995,0.6379934549331665,0.8654423356056213
033738,0.4700520932674408,0.4772690236568451,0.3563140034675598,0.38895294070243835
033739,0.956298828125,0.9586315751075745,1.0,0.9668731689453125
033740,0.967041015625,0.9672021865844727,1.0,0.9968293309211731
033741,0.3599446713924408,0.4326648712158203,0.3001289367675781,0.6436760425567627
033742,0.9444172978401184,0.9517947435379028,0.544137716293335,0.6824873685836792
033743,0.9388020634651184,0.9461435675621033,0.5542851090431213,0.6633217930793762
033744,0.219970703125,0.31610342860221863,0.18348374962806702,0.5157908797264099
033746,0.967041015625,0.9675338268280029,0.9284793138504028,0.9163208603858948
033749,0.703369140625,0.7103584408760071,0.5620065331459045,0.730810821056366
033751,0.571533203125,0.5759144425392151,0.6676040887832642,0.7465876936912537
033752,0.584228515625,0.5849987864494324,0.6245770454406738,0.7986275553703308
033753,0.947998046875,0.9532169103622437,0.5985158681869507,0.802619218826294
033754,0.967041015625,0.9676320552825928,0.8122885227203369,0.9091611504554749
033755,0.946533203125,0.9565894603729248,0.575423002243042,0.7363365888595581
033756,0.962158203125,0.9624094367027283,0.8420895934104919,0.7340085506439209
033757,0.967041015625,0.9673514366149902,0.8122885227203369,0.6712546944618225
033758,0.228759765625,0.38427677750587463,0.18026001751422882,0.505388081073761
033763,0.9507649540901184,0.9545363187789917,0.8898733854293823,0.8001508116722107
033764,0.953369140625,0.96030193567276,0.7479812502861023,0.8715222477912903
033765,0.499755859375,0.5389413237571716,0.7271926999092102,0.7460541725158691
033766,0.374755859375,0.4545478820800781,0.3454500138759613,0.5591403841972351
033768,0.584228515625,0.5849992632865906,0.6245770454406738,0.7551460266113281
033770,0.968017578125,0.9680503010749817,1.0,0.7528718113899231
033771,0.9673665165901184,0.9677126407623291,1.0,0.9567315578460693
033772,0.393798828125,0.4642174541950226,0.38908666372299194,0.6627506613731384
033776,0.951904296875,0.9571347832679749,0.7122209072113037,0.7328294515609741
033778,0.967041015625,0.967373251914978,0.9284793138504028,0.9334034323692322
033781,0.9507649540901184,0.956588864326477,0.6379934549331665,0.7619836926460266
033782,0.150390625,0.22936439514160156,0.10344710201025009,0.22642284631729126
033783,0.5757649540901184,0.5826706290245056,0.5708760023117065,0.7710044384002686
033784,0.703369140625,0.7071107029914856,0.6423966884613037,0.5885394811630249
033785,0.9466145634651184,0.9534582495689392,0.5787770748138428,0.6424786448478699
033786,0.947998046875,0.954711377620697,0.6841284036636353,0.7842757105827332
033791,0.580322265625,0.6427739858627319,0.4618985950946808,0.7162714600563049
033792,0.95703125,0.9579681158065796,0.7039180397987366,0.6505963206291199
033793,0.584228515625,0.5846996903419495,0.6245770454406738,0.7101537585258484
033794,0.9466145634651184,0.9525375366210938,0.5787770748138428,0.7019894123077393
033795,0.968017578125,0.9680557250976562,1.0,0.9364086389541626
033796,0.946533203125,0.954121470451355,0.6577322483062744,0.8367502689361572
033798,0.08984375,0.23260089755058289,0.07620275020599365,0.2949579656124115
033800,0.967041015625,0.9675931930541992,0.8122885227203369,0.8419378995895386
033802,0.9507649540901184,0.9555246233940125,0.6379934549331665,0.6218714118003845
033803,0.9673665165901184,0.9677522778511047,0.8748590350151062,0.8296594619750977
033804,0.23046875,0.338367760181427,0.1538141816854477,0.4130135178565979
033807,0.951171875,0.9558802843093872,0.694340705871582,0.7881712317466736
033808,0.3599446713924408,0.4266067445278168,0.26257050037384033,0.558223307132721
033809,0.951171875,0.9578801393508911,0.694340705871582,0.6839630007743835
033810,0.25390625,0.34464752674102783,0.18509942293167114,0.46994301676750183
033811,0.556884765625,0.6197566390037537,0.3877114951610565,0.5747151374816895
033812,0.659423828125,0.6623520255088806,0.8254533410072327,0.8481945395469666
033813,0.940673828125,0.9536200761795044,0.5768473744392395,0.6767333149909973
033814,0.490234375,0.5420827865600586,0.5961710214614868,0.6972851753234863
033817,0.531982421875,0.5892931222915649,0.39804574847221375,0.6884372234344482
033818,0.518798828125,0.5937644839286804,0.3716495931148529,0.5663948655128479
033822,0.48828125,0.4888535439968109,0.6066363453865051,0.711646318435669
033824,0.9673665165901184,0.9678177833557129,0.8748590350151062,0.927950382232666
033825,0.9444172978401184,0.9538081288337708,0.544137716293335,0.803800106048584
033827,0.9507649540901184,0.9507649540901184,0.974961519241333,0.974961519241333
033829,0.712158203125,0.7124983072280884,0.8569586873054504,0.8204820156097412
033833,0.25390625,0.31788477301597595,0.25817668437957764,0.4144381880760193
033834,0.510498046875,0.5129007697105408,0.49935534596443176,0.4863350987434387
033835,0.3059895932674408,0.37388554215431213,0.2836383283138275,0.5558693408966064
033836,0.956298828125,0.9601038098335266,0.8195018768310547,0.847409725189209
033837,0.939453125,0.9481420516967773,0.6820816993713379,0.8130090832710266
033839,0.9388020634651184,0.9464461207389832,0.5542851090431213,0.6548373103141785
033841,0.706298828125,0.7092316150665283,0.6245770454406738,0.5744003653526306
033842,0.95703125,0.9579789638519287,0.7039180397987366,0.7681965231895447
033843,0.606689453125,0.6201236844062805,0.5334192514419556,0.4463711678981781
033845,0.261474609375,0.3643966019153595,0.2789600193500519,0.5185248851776123
033846,0.962158203125,0.9625870585441589,0.8420895934104919,0.8471740484237671
033848,0.9673665165901184,0.9675766229629517,1.0,0.8181381225585938
033849,0.966796875,0.9673084020614624,0.7653606534004211,0.6941139698028564
033850,0.953369140625,0.9596063494682312,0.6543781161308289,0.7660066485404968
033851,0.212890625,0.3255784511566162,0.24341687560081482,0.4342033267021179
033853,0.508056640625,0.5139070153236389,0.46666663885116577,0.6785090565681458
033855,0.556884765625,0.619681715965271,0.4431702494621277,0.6814689636230469
033858,0.967041015625,0.9676450490951538,0.8122885227203369,0.7544662356376648
033860,0.9673665165901184,0.9679017663002014,0.8748590350151062,0.9151062369346619
033863,0.951904296875,0.959041178226471,0.6230928897857666,0.7088342905044556
033864,0.4700520932674408,0.4812811017036438,0.3563140034675598,0.5138162970542908
033868,0.584228515625,0.5848527550697327,0.6245770454406738,0.7105892300605774
033869,0.14453125,0.2783862352371216,0.16220630705356598,0.565679132938385
033872,0.968017578125,0.9680768251419067,1.0,0.9297206997871399
033874,0.967041015625,0.9674496650695801,0.8122885227203369,0.7317180037498474
033875,0.966796875,0.967342734336853,0.8748388290405273,0.7517404556274414
033876,0.47265625,0.5490937829017639,0.3039627969264984,0.5303674340248108
033879,0.14453125,0.25593382120132446,0.14805001020431519,0.392192006111145
033881,0.701171875,0.7072336673736572,0.7184317708015442,0.7334062457084656
033883,0.9673665165901184,0.9678967595100403,0.8748590350151062,0.8923246264457703
033884,0.23828125,0.31882140040397644,0.16092148423194885,0.4084184467792511
033885,0.962158203125,0.962457537651062,0.9625431895256042,0.8660008907318115
033886,0.30078125,0.3040771484375,0.3454500138759613,0.35433462262153625
033888,0.4700520932674408,0.47843775153160095,0.3563140034675598,0.48504409193992615
033889,0.968017578125,0.9680545330047607,1.0,0.9078688621520996
033891,0.962158203125,0.9624897837638855,0.8420895934104919,0.74976646900177
033893,0.947998046875,0.955253005027771,0.5985158681869507,0.843654453754425
033895,0.14453125,0.15278320014476776,0.6291344165802002,0.700869619846344
033897,0.968017578125,0.9680639505386353,1.0,0.817130982875824
033899,0.967041015625,0.9676618576049805,0.8122885227203369,0.7721254825592041
033900,0.9673665165901184,0.9678139090538025,0.8748590350151062,0.8969267010688782
033901,0.9507649540901184,0.9570004343986511,0.7292529344558716,0.9007969498634338
033902,0.967041015625,0.9675323367118835,0.8122885227203369,0.7914796471595764
033903,0.2774251401424408,0.3832436800003052,0.23532335460186005,0.43929460644721985
033904,0.568359375,0.5807673931121826,0.3899376392364502,0.706366777420044
033906,0.9673665165901184,0.9677237868309021,0.8748590350151062,0.8866755962371826
033908,0.701904296875,0.7098573446273804,0.6066363453865051,0.74140864610672
033909,0.701171875,0.7097268104553223,0.5150786638259888,0.7209043502807617
033912,0.580322265625,0.6179099082946777,0.4040961265563965,0.49189019203186035
033914,0.9668782353401184,0.9673243761062622,0.892719030380249,0.7542247176170349
033915,0.9673665165901184,0.9674733281135559,1.0,0.9479666948318481
033916,0.9673665165901184,0.967902660369873,0.8748590350151062,0.8758338689804077
033917,0.956298828125,0.9591431021690369,1.0,0.9365518093109131
033920,0.701904296875,0.7057172060012817,0.7402501106262207,0.8465827703475952
033922,0.968017578125,0.9680444598197937,1.0,0.8288071155548096
033924,0.701904296875,0.7068322896957397,0.5307213068008423,0.5974852442741394
033925,0.659423828125,0.6642650961875916,0.5918076038360596,0.7809281945228577
033927,0.9668782353401184,0.967444896697998,0.7810032963752747,0.7038028836250305
033929,0.5757649540901184,0.5825662612915039,0.5708760023117065,0.7802370190620422
033930,0.393798828125,0.4687228202819824,0.38908666372299194,0.6636950373649597
033931,0.968017578125,0.9680766463279724,1.0,0.8543253540992737
033932,0.968017578125,0.9680641889572144,1.0,0.9432607889175415
033933,0.393798828125,0.46600085496902466,0.31885725259780884,0.5529025197029114
033934,0.966796875,0.9676461219787598,0.7653606534004211,0.9492730498313904
033936,0.606689453125,0.6350952386856079,0.5334192514419556,0.6961780786514282
033937,0.951904296875,0.9586178660392761,0.7122209072113037,0.8433310985565186
033939,0.962158203125,0.9626941680908203,0.8420895934104919,0.9056092500686646
033940,0.9673665165901184,0.9679020643234253,0.8748590350151062,0.9558278322219849
033941,0.968017578125,0.9680671095848083,1.0,0.9766430854797363
033945,0.571533203125,0.5779498219490051,0.49935534596443176,0.5534979104995728
033947,0.967041015625,0.9676749110221863,0.9284793138504028,0.9680750370025635
033949,0.9466145634651184,0.9528306126594543,0.5787770748138428,0.6543078422546387
033951,0.466064453125,0.5537312030792236,0.35480669140815735,0.612453818321228
033952,0.508056640625,0.5115717649459839,0.6509066820144653,0.6468760967254639
033954,0.9466145634651184,0.9529668092727661,0.6615661382675171,0.7854209542274475
033955,0.943115234375,0.9528429508209229,0.5359453558921814,0.6870764493942261
033958,0.956298828125,0.9610233902931213,0.7169486284255981,0.7481203675270081
033959,0.9375,0.9375,0.4692787230014801,0.32263633608818054
033962,0.344482421875,0.41728681325912476,0.2789551615715027,0.5457744002342224
033963,0.951171875,0.9553094506263733,0.8472716808319092,0.8629782199859619
033964,0.968017578125,0.968059241771698,1.0,0.9366922974586487
033966,0.947998046875,0.956122636795044,0.5985158681869507,0.8762125968933105
033967,0.9668782353401184,0.9672358632087708,0.892719030380249,0.9764125943183899
033969,0.51953125,0.5974591374397278,0.3754834830760956,0.7244482636451721
033971,0.567138671875,0.6394665241241455,0.37281090021133423,0.6770171523094177
033974,0.9375,0.94921875,0.4692787230014801,0.5451794862747192
033976,0.947998046875,0.9546836614608765,0.5985158681869507,0.735561192035675
033977,0.95703125,0.9576427936553955,0.7039180397987366,0.738312840461731
033978,0.9673665165901184,0.9678273797035217,0.8748590350151062,0.9394859671592712
033980,0.510498046875,0.5152578353881836,0.49935534596443176,0.644768476486206
033981,0.951904296875,0.959923505783081,0.6230928897857666,0.7246522307395935
033984,0.962158203125,0.9624790549278259,0.8420895934104919,0.7860488891601562
033985,0.951904296875,0.9599624276161194,0.6230928897857666,0.6851345896720886
033986,0.956298828125,0.9603192210197449,0.7169486284255981,0.9015393257141113
033990,0.9673665165901184,0.9677248597145081,1.0,0.9193644523620605
033991,0.968017578125,0.9680538177490234,1.0,0.8356630206108093
033992,0.9668782353401184,0.9676316380500793,0.7810032963752747,0.9006140828132629
033993,0.962158203125,0.9625147581100464,0.8420895934104919,0.7111620306968689
033994,0.556884765625,0.619551420211792,0.3877114951610565,0.61693274974823
033995,0.9673665165901184,0.9676147699356079,1.0,0.933323085308075
033998,0.967041015625,0.9678148031234741,0.8122885227203369,0.8823647499084473
034000,0.9388020634651184,0.9479260444641113,0.5542851090431213,0.6130601167678833
034001,0.3599446713924408,0.41301167011260986,0.36623337864875793,0.5159823298454285
034003,0.967041015625,0.9675255417823792,0.8122885227203369,0.7373039722442627
034004,0.469970703125,0.47658607363700867,0.5407800078392029,0.646364152431488
034005,0.5757649540901184,0.5827462077140808,0.49943602085113525,0.8016951084136963
034006,0.9668782353401184,0.9677581787109375,0.7810032963752747,0.8165844082832336
034007,0.9673665165901184,0.9677491188049316,0.8748590350151062,0.8509849905967712
034008,0.1875,0.3020884394645691,0.14342738687992096,0.4226137399673462
034010,0.703369140625,0.7082558274269104,0.5620065331459045,0.5978553891181946
034011,0.959228515625,0.9597866535186768,0.7631344795227051,0.8371968269348145
034013,0.967041015625,0.96733558177948,1.0,0.9169713258743286
034014,0.968017578125,0.9680535793304443,1.0,0.8540604114532471
034020,0.703369140625,0.708960771560669,0.6423966884613037,0.6977308988571167
034021,0.9375,0.9527003169059753,0.5364049673080444,0.8334649801254272
034022,0.9668782353401184,0.9676810503005981,0.7810032963752747,0.8726241588592529
034023,0.712158203125,0.7124512195587158,0.7497180104255676,0.5758554935455322
034024,0.701904296875,0.7077320218086243,0.6066363453865051,0.7657599449157715
034026,0.962158203125,0.9625483751296997,0.8420895934104919,0.8419656753540039
034027,0.959228515625,0.9598813056945801,0.7631344795227051,0.8126549124717712
034028,0.1458333432674408,0.24962598085403442,0.12516115605831146,0.4235907196998596
034030,0.518798828125,0.5388991236686707,0.496870219707489,0.43581509590148926
034032,0.3599446713924408,0.43356817960739136,0.26257050037384033,0.44452977180480957
034033,0.968017578125,0.9680765271186829,1.0,0.9441424608230591
034034,0.968017578125,0.9680665135383606,1.0,0.9341010451316833
034037,0.962158203125,0.9624502062797546,0.9625431895256042,0.9270470142364502
034038,0.606689453125,0.620934784412384,1.0,0.9893202781677246
034039,0.962158203125,0.9624823331832886,0.9625431895256042,0.9143643379211426
034042,0.323974609375,0.3571138381958008,0.6861420273780823,0.708058774471283
034043,0.9375,0.9525970220565796,0.5364049673080444,0.8377134203910828
034045,0.967041015625,0.9678146243095398,0.8122885227203369,0.7711415886878967
034047,0.46875,0.48236021399497986,0.29608190059661865,0.511924684047699
034048,0.9673665165901184,0.9677868485450745,0.8748590350151062,0.8430856466293335
034050,0.968017578125,0.9680400490760803,1.0,0.8379465341567993
034051,0.9375,0.9475389122962952,0.5364049673080444,0.5420197248458862
034052,0.967041015625,0.9674887657165527,0.8122885227203369,0.8011528253555298
034054,0.962158203125,0.9626323580741882,0.8420895934104919,0.8418063521385193
034055,0.567138671875,0.6136041879653931,0.37281090021133423,0.43455880880355835
034056,0.968017578125,0.9680376052856445,1.0,0.9776840806007385
034058,0.956298828125,0.9603199362754822,0.7169486284255981,0.8763101696968079
034060,0.943115234375,0.9505197405815125,0.6126077175140381,0.5837040543556213
034061,0.374755859375,0.4394060969352722,0.37848135828971863,0.6088219285011292
034062,0.943115234375,0.9545865058898926,0.5359453558921814,0.7327339053153992
034063,0.951171875,0.9572556018829346,0.6074502468109131,0.7002102136611938
034065,0.47265625,0.48269107937812805,0.3430097699165344,0.433616578578949
034068,0.939453125,0.9536249041557312,0.5589672327041626,0.8306495547294617
034070,0.959228515625,0.9597588777542114,0.7631344795227051,0.8374797105789185
034071,0.951171875,0.9570044279098511,0.694340705871582,0.782142698764801
034072,0.956298828125,0.959003210067749,0.7169486284255981,0.6775597333908081
034074,0.304931640625,0.3133125305175781,1.0,1.0
034075,0.1875,0.1875,0.14342738687992096,0.1350831836462021
034076,0.571533203125,0.5800454020500183,0.43686550855636597,0.7338470816612244
034078,0.4375,0.5301448106765747,0.2503223121166229,0.5146255493164062
034080,0.393798828125,0.44464465975761414,0.690318763256073,0.7952874302864075
034081,0.568359375,0.5785027146339417,0.3899376392364502,0.6334671378135681
034083,0.520263671875,0.5209360718727112,0.6423966884613037,0.7057757377624512
034084,0.450927734375,0.46061909198760986,0.3482339084148407,0.5222393870353699
034087,0.95703125,0.9577605128288269,0.7039180397987366,0.7086783647537231
034088,0.701904296875,0.7074687480926514,0.6066363453865051,0.7404112815856934
034089,0.197998046875,0.31538522243499756,0.29449179768562317,0.6516952514648438
034090,0.962158203125,0.962158203125,0.9625431895256042,0.9625431895256042
034091,0.25390625,0.30413761734962463,0.25817668437957764,0.31823116540908813
034092,0.703369140625,0.7078879475593567,0.6423966884613037,0.659733772277832
034093,0.9673665165901184,0.967766284942627,1.0,0.9943360686302185
034094,0.9668782353401184,0.9672431945800781,0.892719030380249,0.8094605207443237
034095,0.959228515625,0.9596912860870361,0.7631344795227051,0.7741010785102844
034096,0.580322265625,0.5944126844406128,1.0,0.9900385141372681
034097,0.953369140625,0.9578344225883484,0.7479812502861023,0.7866237759590149
034099,0.48828125,0.488813191652298,0.5307213068008423,0.46664682030677795
034101,0.9507649540901184,0.9549679756164551,0.7292529344558716,0.7770702242851257
034102,0.5757649540901184,0.5785849690437317,0.6966133713722229,0.6874491572380066
034103,0.304931640625,0.41707614064216614,0.2789600193500519,0.626349925994873
034104,0.967041015625,0.9676154255867004,0.8122885227203369,0.9106916785240173
034105,0.365234375,0.4161573052406311,0.23202729225158691,0.2945992350578308
034106,0.505615234375,0.5086511373519897,0.5220667123794556,0.5587035417556763
034107,0.508056640625,0.5150992274284363,0.46666663885116577,0.7349460124969482
034108,0.44921875,0.5131080150604248,0.2682024836540222,0.3790576756000519
034112,0.943115234375,0.9522603750228882,0.5359453558921814,0.740525484085083
034113,0.968017578125,0.9680576920509338,1.0,0.9350989460945129
034116,0.962158203125,0.9625305533409119,0.8420895934104919,0.8764232397079468
034117,0.706298828125,0.7102860808372498,0.7139173746109009,0.7902511954307556
034122,0.9673665165901184,0.9678901433944702,0.8748590350151062,0.8956306576728821
034123,0.9673665165901184,0.967699408531189,1.0,0.9618605375289917
034128,0.9507649540901184,0.9553728103637695,0.6379934549331665,0.8386151790618896
034129,0.962158203125,0.9626889228820801,0.8420895934104919,0.7467885613441467
034130,0.703369140625,0.7047080993652344,0.8588406443595886,0.8670529127120972
034131,0.962158203125,0.9622868895530701,0.8420895934104919,0.7623690366744995
034132,0.956298828125,0.9601085186004639,0.8195018768310547,0.7904780507087708
034133,0.03125,0.0561000294983387,0.022562257945537567,0.053617723286151886
034136,0.712158203125,0.712635338306427,0.7497180104255676,0.8186441659927368
034139,0.95703125,0.9579647183418274,0.7039180397987366,0.763446033000946
034140,0.959228515625,0.9597648978233337,0.7631344795227051,0.6781626343727112
034141,0.580322265625,0.6222999095916748,0.5636333227157593,0.7248803377151489
034142,0.951904296875,0.9586489796638489,0.6230928897857666,0.7433469891548157
034144,0.953369140625,0.9601592421531677,0.7479812502861023,0.8557037115097046
034146,0.9673665165901184,0.9678210020065308,0.8748590350151062,0.9157717823982239
034147,0.967041015625,0.9677920937538147,0.8122885227203369,0.962277352809906
034148,0.9375,0.9405381679534912,0.5364049673080444,0.4514511823654175
034149,0.951904296875,0.959939181804657,0.7122209072113037,0.9174152612686157
034150,0.9444172978401184,0.9544498920440674,0.544137716293335,0.7870233058929443
034153,0.712158203125,0.7124640941619873,0.7497180104255676,0.6811378598213196
034155,0.9668782353401184,0.9677714109420776,0.7810032963752747,0.8977215886116028
034157,0.712158203125,0.7126103639602661,0.7497180104255676,0.7501296997070312
034158,0.9673665165901184,0.9678452610969543,0.8748590350151062,0.9066416025161743
034160,0.962158203125,0.9621925354003906,0.9625431895256042,0.9631113409996033
034162,0.712158203125,0.7125076651573181,0.7497180104255676,0.6873309016227722
034164,0.703369140625,0.7081493735313416,0.5620065331459045,0.6346859335899353
034165,0.518798828125,0.5865739583969116,0.3251410126686096,0.5050703883171082
034166,0.953369140625,0.9588778018951416,0.6543781161308289,0.7166309952735901
034169,0.967041015625,0.9676615595817566,0.8122885227203369,0.6834853291511536
034173,0.947998046875,0.9536636471748352,0.5985158681869507,0.724812388420105
034174,0.3599446713924408,0.4400302767753601,0.3001289367675781,0.47194668650627136
034175,0.9444172978401184,0.9535292983055115,0.7589633464813232,0.9259693026542664
034179,0.659423828125,0.6631070971488953,0.6764605641365051,0.7058945298194885
034182,0.966796875,0.9672894477844238,0.8748388290405273,0.7875607013702393
034186,0.967041015625,0.9677364826202393,0.8122885227203369,0.9224579334259033
034187,0.9673665165901184,0.9676614999771118,0.8748590350151062,0.8637543320655823
034188,0.508056640625,0.5139222145080566,0.46666663885116577,0.6980473399162292
034189,0.9668782353401184,0.967463493347168,0.7810032963752747,0.8928046822547913
034190,0.571533203125,0.5761808753013611,0.6093400716781616,0.6934104561805725
034191,0.48828125,0.4886189103126526,0.6066363453865051,0.6356087327003479
034192,0.503173828125,0.5123280882835388,0.3920743465423584,0.5787754654884338
034193,0.962158203125,0.9626998901367188,0.8420895934104919,0.9131323099136353
034194,0.9673665165901184,0.967530369758606,1.0,0.9951599836349487
034195,0.606689453125,0.641335129737854,0.46666663885116577,0.6009523868560791
034197,0.951904296875,0.9577035307884216,0.7122209072113037,0.8145788908004761
034198,0.9444172978401184,0.9529740810394287,0.6219719052314758,0.6766069531440735
034199,0.263671875,0.3589737117290497,0.17496776580810547,0.2693650424480438
034200,0.25390625,0.30240631103515625,0.45805788040161133,0.6647295951843262
034201,0.4700520932674408,0.4814535975456238,0.3117245137691498,0.491123765707016
034203,0.9673665165901184,0.9677385091781616,0.8748590350151062,0.9125941395759583
034204,0.9444172978401184,0.9539968371391296,0.544137716293335,0.6986640691757202
034205,0.957763671875,0.9584931135177612,0.7236568927764893,0.8062146902084351
034207,0.4375,0.515594482421875,0.30545666813850403,0.6207500696182251
034209,0.9673665165901184,0.9678030610084534,0.8748590350151062,0.8742563724517822
034210,0.23046875,0.29627084732055664,0.214540034532547,0.4197864532470703
034211,0.48828125,0.48921799659729004,0.5307213068008423,0.5947290062904358
034216,0.110107421875,0.23204392194747925,0.10187789052724838,0.37675684690475464
034219,0.946533203125,0.9530895948410034,0.6577322483062744,0.6548144221305847
034220,0.25390625,0.3313823640346527,0.21157628297805786,0.38931968808174133
034221,0.9507649540901184,0.9570204019546509,0.6379934549331665,0.7969566583633423
034222,0.951904296875,0.9567720890045166,0.6230928897857666,0.6235597133636475
034223,0.267578125,0.2917456030845642,0.5211794376373291,0.55772864818573
034224,0.943115234375,0.9545836448669434,0.5359453558921814,0.6488597989082336
034227,0.4700520932674408,0.4841054379940033,0.3563140034675598,0.6737918257713318
034229,0.962158203125,0.9626349210739136,0.8420895934104919,0.8792868256568909
034230,0.951904296875,0.9585211873054504,0.6230928897857666,0.7401832938194275
034231,0.567138671875,0.6166993975639343,0.4261382520198822,0.5122599601745605
034236,0.946533203125,0.955482006072998,0.575423002243042,0.6543075442314148
034237,0.14453125,0.3030203580856323,0.1061442568898201,0.34462279081344604
034242,0.943359375,0.9475250244140625,0.7371450066566467,0.7676435708999634
034243,0.09375,0.21138013899326324,0.05921638384461403,0.1832953244447708
034244,0.1875,0.366763710975647,0.09385573863983154,0.4341500997543335
034245,0.263671875,0.3892562985420227,0.17496776580810547,0.3830127716064453
034250,0.947998046875,0.9516850113868713,0.6841284036636353,0.6156555414199829
034251,0.469970703125,0.4777866005897522,0.4431702494621277,0.5883485674858093
034252,0.1875,0.28519439697265625,0.20111946761608124,0.3615155518054962
034253,0.606689453125,0.606689453125,1.0,1.0
034254,0.9673665165901184,0.9678180813789368,0.8748590350151062,0.9511439204216003
034255,0.2122395932674408,0.3053146302700043,0.23532335460186005,0.5392990708351135
034257,0.968017578125,0.9680213928222656,1.0,1.0
034259,0.30078125,0.36208924651145935,0.24766992032527924,0.4489787220954895
034260,0.278564453125,0.37398022413253784,0.18509942293167114,0.3639710545539856
034261,0.94140625,0.9445999264717102,0.7888506054878235,0.8014507293701172
034262,0.9673665165901184,0.9678992629051208,0.8748590350151062,0.9779554605484009
034265,0.953369140625,0.9602335095405579,0.6543781161308289,0.7734379768371582
034266,0.946533203125,0.9565152525901794,0.6577322483062744,0.8314465284347534
034268,0.962158203125,0.9624938368797302,0.9625431895256042,0.9014747738838196
034274,0.706298828125,0.711174726486206,0.6245770454406738,0.8764323592185974
034275,0.518798828125,0.6091292500495911,0.3251410126686096,0.5899242162704468
034276,0.706298828125,0.708238959312439,0.7139173746109009,0.6405723690986633
034277,0.956298828125,0.9606077671051025,0.8195018768310547,0.9130024909973145
034281,0.951171875,0.9595317840576172,0.694340705871582,0.7786064147949219
034283,0.0,0.0062500000931322575,0.0,0.009416738525032997
034284,0.9673665165901184,0.9678072333335876,0.8748590350151062,0.8214444518089294
034285,0.962158203125,0.9624229073524475,0.8420895934104919,0.6484054327011108
034286,0.9388020634651184,0.9414089322090149,0.5542851090431213,0.528247058391571
034287,0.450927734375,0.46256476640701294,0.3482339084148407,0.6193692684173584
034288,0.47265625,0.5826489329338074,0.3039627969264984,0.5391865372657776
034289,0.9466145634651184,0.953848659992218,0.5787770748138428,0.7348347306251526
034290,0.946533203125,0.9542506337165833,0.6577322483062744,0.839695394039154
034291,0.951171875,0.9567108154296875,0.694340705871582,0.8771781325340271
034294,0.9375,0.9455367922782898,0.5364049673080444,0.6505597829818726
034295,0.35546875,0.35975900292396545,0.3039627969264984,0.316583514213562
034296,0.940673828125,0.9539373517036438,0.5046601295471191,0.6206706762313843
034300,0.365234375,0.4003572463989258,0.3236317038536072,0.36313632130622864
034301,0.701171875,0.707403302192688,0.5150786638259888,0.5551587343215942
034302,0.9673665165901184,0.9677597880363464,1.0,0.9944354295730591
034304,0.967041015625,0.9677371978759766,0.8122885227203369,0.8991546630859375
034307,0.34765625,0.36008986830711365,0.293855756521225,0.6567012667655945
034311,0.946533203125,0.9510459899902344,0.6577322483062744,0.7038120627403259
034312,0.9673665165901184,0.9677408933639526,0.8748590350151062,0.8685961365699768
034315,0.47265625,0.48113274574279785,0.3920743465423584,0.6435585618019104
034316,0.959228515625,0.9597769975662231,0.7631344795227051,0.891631007194519
034317,0.962158203125,0.962559700012207,0.8420895934104919,0.9312257170677185
034319,0.940673828125,0.9410171508789062,0.8099276423454285,0.7919342517852783
034320,0.703369140625,0.7087621688842773,0.6423966884613037,0.8110663294792175
034325,0.584228515625,0.5846056938171387,0.7139173746109009,0.7303224802017212
034327,0.962158203125,0.9625962376594543,0.8420895934104919,0.7952354550361633
034330,0.9673665165901184,0.9677815437316895,0.8748590350151062,0.9049627184867859
034332,0.956298828125,0.9602366089820862,0.7169486284255981,0.7468911409378052
034333,0.9375,0.9512723088264465,0.4692787230014801,0.754541277885437
034334,0.1875,0.2649846076965332,0.23226092755794525,0.47945645451545715
034335,0.619873046875,0.6256022453308105,0.5410870313644409,0.734277606010437
034336,0.431884765625,0.478341668844223,0.4763599932193756,0.6727649569511414
034337,0.967041015625,0.9674139022827148,0.9284793138504028,0.8315565586090088
034338,0.490234375,0.499755859375,0.8556691408157349,0.9425649642944336
034339,0.09375,0.18959960341453552,0.1821252405643463,0.5043115019798279
034341,0.47265625,0.47555238008499146,0.5961002111434937,0.6298841834068298
034342,0.9673665165901184,0.9678090810775757,0.8748590350151062,0.929090678691864
034347,0.703369140625,0.7086579203605652,0.6423966884613037,0.7684226036071777
034348,0.706298828125,0.7111762762069702,0.6245770454406738,0.832274854183197
034351,0.951904296875,0.9599916934967041,0.6230928897857666,0.9029467105865479
034352,0.9507649540901184,0.9564645886421204,0.6379934549331665,0.7101571559906006
034354,0.260498046875,0.260498046875,0.9514426589012146,0.8810784220695496
034356,0.3059895932674408,0.3875989615917206,0.23244215548038483,0.4565671980381012
034358,0.967041015625,0.9678140878677368,0.8122885227203369,0.922049343585968
034362,0.393798828125,0.4392244815826416,0.31885725259780884,0.4251268208026886
034363,0.455078125,0.5824535489082336,0.23873552680015564,0.44996562600135803
034364,0.580322265625,0.6427626013755798,0.4618985950946808,0.74887615442276
034365,0.939453125,0.943115234375,0.7848228216171265,0.8828869462013245
034368,0.5694172978401184,0.5766205191612244,0.4993056654930115,0.7018144130706787
034369,0.5757649540901184,0.5820618867874146,0.49943602085113525,0.7371847629547119
034371,0.94140625,0.9447536468505859,0.8970906734466553,0.9519225358963013
034374,0.701171875,0.70172119140625,0.5887562036514282,0.5309687852859497
034375,0.21875,0.306640625,0.2111494094133377,0.4665987193584442
034376,0.606689453125,0.6292913556098938,0.5334192514419556,0.5359625816345215
034378,0.9388020634651184,0.948826014995575,0.5969816446304321,0.8369695544242859
034379,0.968017578125,0.9680601954460144,1.0,0.930088460445404
034380,0.02083333395421505,0.22348853945732117,0.017880165949463844,0.3330313265323639
034383,0.0,0.19418907165527344,0.0,0.24548327922821045
034384,0.9668782353401184,0.9674726724624634,0.7810032963752747,0.7129344344139099
034385,0.703369140625,0.7074949145317078,0.6423966884613037,0.5821506381034851
034389,0.966796875,0.9672819375991821,0.7653606534004211,0.6747102737426758
034390,0.943359375,0.9555655121803284,0.6040917634963989,0.8548484444618225
034391,0.706298828125,0.7110885977745056,0.6245770454406738,0.7722393274307251
034393,0.9466145634651184,0.9551616907119751,0.5787770748138428,0.7577272653579712
034395,0.263671875,0.4234839975833893,0.15307211875915527,0.37290865182876587
034396,0.488037109375,0.5231847763061523,0.7069194316864014,0.8586878180503845
034397,0.9375,0.9375,0.6545500159263611,0.4566712975502014
034399,0.0,0.0499441958963871,0.0,0.19087646901607513
034400,0.9507649540901184,0.9553080797195435,0.6379934549331665,0.6640968322753906
034401,0.9673665165901184,0.9679040908813477,0.8748590350151062,0.959890604019165
034402,0.968017578125,0.9680616855621338,1.0,0.9325953722000122
034403,0.943115234375,0.9526751041412354,0.6597968339920044,0.8791089057922363
034404,0.953369140625,0.9571865797042847,0.912726640701294,0.9870761632919312
034405,0.499755859375,0.5193919539451599,0.9037794470787048,0.9393216967582703
034406,0.344482421875,0.3941606879234314,0.31885725259780884,0.46256476640701294
034407,0.962158203125,0.962634801864624,0.8420895934104919,0.8147897124290466
034408,0.5757649540901184,0.5788220763206482,0.6966133713722229,0.669083833694458
034409,0.966796875,0.9673407077789307,0.8748388290405273,0.805903971195221
034410,0.9466145634651184,0.9551171064376831,0.5787770748138428,0.6798681616783142
034415,0.518798828125,0.5999540686607361,0.3251410126686096,0.5563281774520874
034417,0.962158203125,0.9623985290527344,0.8420895934104919,0.7268375158309937
034418,0.943359375,0.9556463956832886,0.5284951329231262,0.6405649781227112
034420,0.962158203125,0.962158203125,0.9625431895256042,0.9625431895256042
034421,0.1875,0.2963169813156128,0.16310739517211914,0.4250014126300812
034422,0.388427734375,0.388427734375,0.5975343585014343,0.5975343585014343
034423,0.9673665165901184,0.967900812625885,0.8748590350151062,0.959123969078064
034425,0.23828125,0.2998485565185547,0.30167919397354126,0.49038541316986084
034432,0.967041015625,0.9676320552825928,0.8122885227203369,0.7812123894691467
034433,0.946533203125,0.9542726874351501,0.6577322483062744,0.8524309396743774
034435,0.0,0.12183786928653717,0.0,0.2973750829696655
034437,0.966796875,0.9673880934715271,0.7653606534004211,0.8307274580001831
034438,0.9444172978401184,0.9447892308235168,0.544137716293335,0.3702177107334137
034439,0.0,0.0062500000931322575,0.0,0.03376292064785957
034441,0.968017578125,0.968039870262146,1.0,0.7448458671569824
034443,0.606689453125,0.6371433734893799,0.5334192514419556,0.7507845759391785
034444,0.946533203125,0.9565113186836243,0.575423002243042,0.5703514218330383
034445,0.951904296875,0.9597978591918945,0.6230928897857666,0.7423239350318909
034448,0.0625,0.19870363175868988,0.10055973380804062,0.5573946833610535
034449,0.5757649540901184,0.5826359987258911,0.49943602085113525,0.5921456217765808
034450,0.9668782353401184,0.9672636389732361,0.7810032963752747,0.7326563596725464
034451,0.490234375,0.583684504032135,0.3180091083049774,0.5267981886863708
034454,0.9673665165901184,0.9679002165794373,0.8748590350151062,0.8687244057655334
034457,0.3599446713924408,0.45003774762153625,0.26257050037384033,0.46689343452453613
034458,0.957763671875,0.9583984017372131,0.7236568927764893,0.8444618582725525
034460,0.39453125,0.4030880630016327,0.37281090021133423,0.5995545387268066
034461,0.9388020634651184,0.9454897046089172,0.6763683557510376,0.7024708390235901
034462,0.706298828125,0.711122989654541,0.6245770454406738,0.7913272976875305
034463,0.61328125,0.6190627813339233,0.5185247659683228,0.7179273366928101
034464,0.0625,0.1602274477481842,0.04692786931991577,0.1823265701532364
034470,0.21875,0.2445286363363266,0.42495885491371155,0.5878803133964539
034471,0.571533203125,0.5797322988510132,0.43686550855636597,0.727448582649231
034472,0.4375,0.48298341035842896,0.5419421792030334,0.740253746509552
034473,0.9668782353401184,0.9675700664520264,0.7810032963752747,0.9182983040809631
034474,0.967041015625,0.9673187136650085,0.9284793138504028,0.8238344788551331
034475,0.30078125,0.35332784056663513,0.3454500138759613,0.620722770690918
034476,0.9673665165901184,0.9677460789680481,1.0,0.9755503535270691
034478,0.0,0.14806649088859558,0.0,0.5152923464775085
034479,0.706298828125,0.7111395001411438,0.6245770454406738,0.8559023141860962
034480,0.518798828125,0.5754827857017517,0.4535067081451416,0.6599557995796204
034481,0.951904296875,0.9539422392845154,0.8690900206565857,0.7276419401168823
034482,0.39453125,0.399118036031723,0.5199966430664062,0.6647160053253174
034483,0.959228515625,0.9596234560012817,0.8722942471504211,0.7617641091346741
034484,0.946533203125,0.9546154141426086,0.6577322483062744,0.7476309537887573
034485,0.956298828125,0.9584617614746094,1.0,1.0
034487,0.619873046875,0.627988338470459,0.4733748733997345,0.7583694458007812
034488,0.946533203125,0.9517207145690918,0.6577322483062744,0.7147303819656372
034489,0.30078125,0.37801334261894226,0.28309693932533264,0.6639294028282166
034493,0.966796875,0.966796875,0.8748388290405273,0.7293701171875
034495,0.3059895932674408,0.33800187706947327,0.625433623790741,0.690350353717804
034499,0.47265625,0.5189828276634216,0.3709116578102112,0.47060948610305786
034500,0.9673665165901184,0.9677222371101379,1.0,1.0
034501,0.619873046875,0.6235031485557556,0.6602633595466614,0.7677109837532043
034502,0.706298828125,0.7091209888458252,0.871160089969635,0.882271945476532
034503,0.560546875,0.5808269381523132,0.7653606534004211,0.7804054617881775
034504,0.580322265625,0.641279935836792,0.4040961265563965,0.4909752607345581
034506,0.9375,0.9449055790901184,0.5777241587638855,0.7947583198547363
034507,0.0,0.24179382622241974,0.0,0.47793227434158325
034508,0.490234375,0.583926796913147,0.3180091083049774,0.5768566131591797
034509,0.432373046875,0.43444204330444336,0.5636333227157593,0.5895243883132935
034510,0.703369140625,0.7103130221366882,0.5620065331459045,0.7066122889518738
034512,0.365234375,0.47342541813850403,0.26521679759025574,0.45082736015319824
034514,0.0,0.24290204048156738,0.0,0.38609883189201355
034515,0.304931640625,0.304931640625,1.0,1.0
034516,0.94140625,0.9445999264717102,0.8970906734466553,0.951452910900116
034517,0.962158203125,0.9626908302307129,0.8420895934104919,0.9458466172218323
034518,0.3125,0.3148437440395355,0.3585684597492218,0.4140537679195404
034519,0.956298828125,0.9597954750061035,1.0,0.9277282357215881
034520,0.951904296875,0.9567515850067139,0.6230928897857666,0.6614177823066711
034524,0.1106770858168602,0.16155752539634705,0.2302355170249939,0.415470153093338
034525,0.518798828125,0.5604996085166931,0.8046129941940308,0.9092016816139221
034526,0.967041015625,0.9672393798828125,0.9284793138504028,0.9672307372093201
034527,0.580322265625,0.6428413391113281,0.4618985950946808,0.7071385979652405
034528,0.568359375,0.5772457122802734,0.3899376392364502,0.529087245464325
034532,0.619873046875,0.6248325705528259,0.5410870313644409,0.6285272240638733
034533,0.956298828125,0.9581740498542786,1.0,0.8085950016975403
034534,0.508056640625,0.5131652355194092,0.5334192514419556,0.7306414842605591
034536,0.05078125,0.093505859375,0.04044242203235626,0.08902893215417862
034538,0.9507649540901184,0.9523111581802368,0.7292529344558716,0.7078409194946289
034539,0.03125,0.23726001381874084,0.022562257945537567,0.4845801889896393
034540,0.499755859375,0.5415425300598145,0.629690945148468,0.8381660580635071
034541,0.9673665165901184,0.967448890209198,0.8748590350151062,0.6151912808418274
034542,0.393798828125,0.47002077102661133,0.31885725259780884,0.5996776819229126
034543,0.947998046875,0.9557976722717285,0.6841284036636353,0.8208884000778198
034544,0.571533203125,0.5746564865112305,0.49935534596443176,0.5042180418968201
034545,0.939453125,0.9495561122894287,0.6820816993713379,0.9040408730506897
034546,0.962158203125,0.9626095294952393,0.8420895934104919,0.8999403119087219
034547,0.580322265625,0.6363623142242432,0.5636333227157593,0.7849677801132202
034550,0.5757649540901184,0.5794175863265991,0.5708760023117065,0.6897314190864563
034553,0.21875,0.324253648519516,0.19272169470787048,0.4496017396450043
034555,0.5694172978401184,0.5776715874671936,0.4055802822113037,0.5920040011405945
034556,0.939453125,0.9465497136116028,0.5589672327041626,0.6646325588226318
034558,0.571533203125,0.5774844288825989,0.6093400716781616,0.5944338440895081
034559,0.1106770858168602,0.2189095914363861,0.0855669379234314,0.24739521741867065
034562,0.44921875,0.5567472577095032,0.23463936150074005,0.5859561562538147
034563,0.968017578125,0.9680577516555786,1.0,0.8093104362487793
034564,0.606689453125,0.6288374662399292,0.6509066820144653,0.6164955496788025
034565,0.659423828125,0.663291871547699,0.5918076038360596,0.6997836828231812
034566,0.633056640625,0.6335029602050781,0.5862115621566772,0.5675391554832458
034567,0.499755859375,0.499755859375,1.0,1.0
034570,0.943359375,0.9486172795295715,0.8076295852661133,0.8660597801208496
034573,0.943115234375,0.9484672546386719,0.819014847278595,0.9230424165725708
034574,0.9673665165901184,0.967400848865509,1.0,0.9578917622566223
034575,0.962158203125,0.9626957774162292,0.8420895934104919,0.8946418166160583
034577,0.25390625,0.34514638781547546,0.18509942293167114,0.4488561749458313
034578,0.706298828125,0.706298828125,0.871160089969635,0.8246655464172363
034580,0.488037109375,0.5924612283706665,0.2856633961200714,0.5847133994102478
034581,0.712158203125,0.7126775979995728,0.7497180104255676,0.8447796106338501
034582,0.556884765625,0.6124573349952698,0.3877114951610565,0.534076988697052
034589,0.959228515625,0.9598256945610046,0.7631344795227051,0.9081218242645264
034590,0.953369140625,0.9586784243583679,0.7479812502861023,0.8705134391784668
034594,0.432373046875,0.4384097754955292,0.4040961265563965,0.5400838851928711
034596,0.35546875,0.35767173767089844,0.2659246027469635,0.2151053547859192
034597,0.959228515625,0.9598428606987,0.7631344795227051,0.7740930318832397
034600,0.9673665165901184,0.9677197933197021,1.0,0.9160779118537903
034602,0.567138671875,0.5961065292358398,0.7988805174827576,0.9568525552749634
034603,0.508056640625,0.5113301277160645,0.5334192514419556,0.5093629956245422
034604,0.490234375,0.5779222249984741,0.42515653371810913,0.6727951169013977
034605,0.943115234375,0.9525719881057739,0.6126077175140381,0.83906489610672
034607,0.501953125,0.5107650756835938,0.4566117227077484,0.6841139197349548
034609,0.261474609375,0.2731904983520508,0.6806060075759888,0.7061794996261597
034610,0.556884765625,0.6195363402366638,0.4431702494621277,0.7150875329971313
034611,0.9375,0.945874035358429,0.5364049673080444,0.5765510201454163
034612,0.0,0.1433933824300766,0.0,0.3655156195163727
034613,0.701171875,0.7080507278442383,0.5887562036514282,0.8106759190559387
034616,0.556884765625,0.5993837714195251,0.3877114951610565,0.537039041519165
034617,0.956298828125,0.9603185653686523,0.7169486284255981,0.8363770842552185
034618,0.712158203125,0.7124910950660706,0.7497180104255676,0.6821185946464539
034619,0.584228515625,0.584729015827179,0.7139173746109009,0.779486894607544
034621,0.9507649540901184,0.957640528678894,0.6379934549331665,0.6974740028381348
034622,0.951904296875,0.9599953889846802,0.6230928897857666,0.8981082439422607
034623,0.712158203125,0.7125383615493774,0.7497180104255676,0.7774550914764404
034625,0.953369140625,0.9602933526039124,0.7479812502861023,0.9111403822898865
034626,0.23828125,0.3977864980697632,0.16092148423194885,0.44062739610671997
034627,0.967041015625,0.9672698378562927,1.0,0.9550217390060425
034628,0.1458333432674408,0.21738725900650024,0.23463937640190125,0.5040609240531921
034630,0.267578125,0.3089538514614105,0.5211794376373291,0.7100560665130615
034631,0.260498046875,0.37862610816955566,0.18348374962806702,0.47197142243385315
034632,0.304931640625,0.437174916267395,0.20000000298023224,0.6402835845947266
034633,0.9444172978401184,0.9541968703269958,0.6219719052314758,0.8518168330192566
034642,0.9507649540901184,0.9555344581604004,0.6379934549331665,0.6236478686332703
034643,0.9668782353401184,0.9676278829574585,0.7810032963752747,0.8307666778564453
034644,0.957763671875,0.9584163427352905,0.7236568927764893,0.868392825126648
034645,0.659423828125,0.663084089756012,0.5918076038360596,0.7692698240280151
034646,0.2122395932674408,0.2468559294939041,0.5188971757888794,0.5805634260177612
034647,0.2774251401424408,0.34102463722229004,0.8435737490653992,0.9698387384414673
034648,0.455078125,0.539315938949585,0.5907889604568481,0.8779610991477966
034649,0.580322265625,0.6322632431983948,0.5636333227157593,0.7989782094955444
034650,0.967041015625,0.9675197005271912,0.8122885227203369,0.7537807822227478
034651,0.47265625,0.4822831451892853,0.3920743465423584,0.5982031226158142
034652,0.304931640625,0.3097207248210907,1.0,0.9857341051101685
034653,0.584228515625,0.5847398638725281,0.6245770454406738,0.7701376676559448
034655,0.19921875,0.32668018341064453,0.19636499881744385,0.54424649477005
034658,0.9673665165901184,0.9677532911300659,0.8748590350151062,0.8340871930122375
034659,0.956298828125,0.9610592126846313,0.8195018768310547,0.867657482624054
034660,0.967041015625,0.9677890539169312,0.8122885227203369,0.6850983500480652
034662,0.5757649540901184,0.5801482200622559,0.49943602085113525,0.6347066164016724
034663,0.1875,0.34491443634033203,0.1309099942445755,0.46396851539611816
034666,0.9673665165901184,0.9676454067230225,0.8748590350151062,0.7800196409225464
034667,0.939453125,0.939453125,0.8987017273902893,0.8987017273902893
034668,0.95703125,0.9575271606445312,0.8046074509620667,0.8739771842956543
034675,0.431884765625,0.49300891160964966,0.4763599932193756,0.7021449208259583
034676,0.95703125,0.9575034379959106,0.7039180397987366,0.8358332514762878
034678,0.488037109375,0.539921760559082,0.398443341255188,0.5012912750244141
034680,0.0,0.12272949516773224,0.0,0.4637819528579712
034682,0.0,0.234375,0.0,0.24494288861751556
034683,0.520263671875,0.5209833383560181,0.5620065331459045,0.7225229144096375
034684,0.962158203125,0.9624185562133789,0.8420895934104919,0.7938884496688843
034685,0.568359375,0.5755240321159363,0.4457148313522339,0.5542430281639099
034686,0.9466145634651184,0.948821485042572,0.8072783350944519,0.7824007868766785
034688,0.701904296875,0.7034492492675781,0.7402501106262207,0.742251992225647
034690,0.365234375,0.40522462129592896,0.5741883516311646,0.7125629186630249
034692,0.957763671875,0.958432137966156,0.8271697163581848,0.83620685338974
034693,0.44140625,0.44219970703125,0.501995861530304,0.4305526912212372
034695,0.951171875,0.9598332047462463,0.6074502468109131,0.7194334268569946
034696,0.9673665165901184,0.9676029682159424,0.8748590350151062,0.7704523205757141
034697,0.9673665165901184,0.9673665165901184,1.0,1.0
034698,0.304931640625,0.433133065700531,0.30563369393348694,0.6583822965621948
034700,0.556884765625,0.5820126533508301,0.5407800078392029,0.5810182690620422
034701,0.706298828125,0.7111654281616211,0.6245770454406738,0.8551273345947266
034702,0.0,0.015625,0.0,0.10425657033920288
034703,0.959228515625,0.9600048065185547,0.7631344795227051,0.8839796781539917
034704,0.953369140625,0.953369140625,1.0,1.0
034707,0.959228515625,0.9596937298774719,0.8722942471504211,0.9374761581420898
034708,0.260498046875,0.4101874530315399,0.22389668226242065,0.6036508679389954
034711,0.4778645932674408,0.48050883412361145,0.5657033920288086,0.6412253975868225
034714,0.633056640625,0.6389015913009644,0.5862115621566772,0.7226284146308899
034715,0.584228515625,0.584518313407898,0.7139173746109009,0.7027171850204468
034716,0.966796875,0.9672164916992188,0.7653606534004211,0.6669575572013855
034719,0.0,0.010416666977107525,0.0,0.020480163395404816
034720,0.968017578125,0.9680747985839844,1.0,0.8703655004501343
034721,0.953369140625,0.9567386507987976,0.7479812502861023,0.6894360184669495
034723,0.32421875,0.3371143341064453,0.25437816977500916,0.5613141655921936
034724,0.9673665165901184,0.9676651954650879,1.0,0.8946995735168457
034725,0.633056640625,0.6366473436355591,0.5862115621566772,0.5471524596214294
034726,0.951171875,0.9597346186637878,0.6074502468109131,0.7964250445365906
034727,0.091796875,0.1628432273864746,0.255120187997818,0.578658401966095
034732,0.568359375,0.5777647495269775,0.4457148313522339,0.579987645149231
034735,0.9673665165901184,0.9674866199493408,1.0,0.8527324795722961
034736,0.943359375,0.9516234397888184,0.5284951329231262,0.5214217901229858
034737,0.953369140625,0.955394983291626,0.912726640701294,0.7921653985977173
034738,0.9673665165901184,0.9675604701042175,0.8748590350151062,0.8047828078269958
034739,0.947998046875,0.9532027244567871,0.6841284036636353,0.7134135365486145
034743,0.466064453125,0.5539431571960449,0.5450960993766785,0.7665244936943054
034745,0.46875,0.47148436307907104,0.3384338617324829,0.37329789996147156
034746,0.02083333395421505,0.15282440185546875,0.017880165949463844,0.2318490445613861
034752,0.432373046875,0.43767762184143066,0.4618985950946808,0.6447611451148987
034753,0.9507649540901184,0.9507649540901184,0.974961519241333,0.9182409644126892
034756,0.951904296875,0.9567495584487915,0.8690900206565857,0.8655795454978943
034757,0.47265625,0.4740164577960968,0.5961002111434937,0.6504693627357483
034759,0.956298828125,0.9591341614723206,0.8195018768310547,0.7457408308982849
034760,0.951904296875,0.95770663022995,0.6230928897857666,0.6792107820510864
034761,0.47265625,0.512646496295929,0.5698384642601013,0.5870566368103027
034763,0.946533203125,0.9551588296890259,0.6577322483062744,0.8302747011184692
034764,0.712158203125,0.712638795375824,0.7497180104255676,0.8153942227363586
034767,0.30078125,0.36573275923728943,0.24766992032527924,0.582173228263855
034769,0.706298828125,0.7101901173591614,0.6245770454406738,0.7692164182662964
034770,0.508056640625,0.5149023532867432,0.5334192514419556,0.6497407555580139
034771,0.568359375,0.5772039890289307,0.4457148313522339,0.5537097454071045
034775,0.968017578125,0.9680555462837219,1.0,0.8025789856910706
034779,0.431884765625,0.431884765625,0.8451594114303589,0.8451594114303589
034781,0.943115234375,0.9518334865570068,0.5359453558921814,0.5938158631324768
034783,0.499755859375,0.5303113460540771,0.7271926999092102,0.6612786650657654
034784,0.14453125,0.2158762663602829,0.16220630705356598,0.3789035677909851
034785,0.47265625,0.47904306650161743,0.3430097699165344,0.37861472368240356
034787,0.571533203125,0.5769898295402527,0.6676040887832642,0.7788193225860596
034791,0.212890625,0.35004091262817383,0.1584416627883911,0.5478704571723938
034792,0.4778645932674408,0.4826775789260864,0.4635950028896332,0.519307553768158
034793,0.16796875,0.22840213775634766,0.18026001751422882,0.298909068107605
034794,0.344482421875,0.3905400037765503,0.31885725259780884,0.3791119158267975
034798,0.432373046875,0.44037479162216187,0.4040961265563965,0.5822487473487854
034801,0.48828125,0.4892316460609436,0.5307213068008423,0.7452439665794373
034802,0.263671875,0.360127329826355,0.15307211875915527,0.30292561650276184
034804,0.490234375,0.5689100027084351,0.27821314334869385,0.48117077350616455
034805,0.19921875,0.2792455852031708,0.19636499881744385,0.54887455701828
034806,0.659423828125,0.6607441902160645,0.8254533410072327,0.7977420687675476
034807,0.706298828125,0.7064224481582642,0.871160089969635,0.8674712181091309
034808,0.0,0.14847123622894287,0.0,0.3824860751628876
034810,0.943115234375,0.950442373752594,0.7475366592407227,0.7808699011802673
034811,0.956298828125,0.960270881652832,0.7169486284255981,0.8282050490379333
034813,0.943115234375,0.9544504880905151,0.6126077175140381,0.7160701155662537
034814,0.957763671875,0.958646297454834,0.7236568927764893,0.7896600961685181
034815,0.953369140625,0.9601207971572876,0.7479812502861023,0.9315296411514282
034817,0.953369140625,0.9568890333175659,0.7479812502861023,0.6951637268066406
034818,0.94140625,0.94696044921875,0.7888506054878235,0.9329825043678284
034820,0.263671875,0.263671875,0.2660166919231415,0.2660166919231415
034821,0.9668782353401184,0.9672773480415344,0.7810032963752747,0.6615175008773804
034822,0.09375,0.26136183738708496,0.05921638384461403,0.37611833214759827
034823,0.95703125,0.957994282245636,0.7039180397987366,0.8826487064361572
034824,0.47265625,0.4807296693325043,0.3430097699165344,0.4022325873374939
034825,0.9673665165901184,0.9676399230957031,1.0,0.9428066611289978
034826,0.633056640625,0.6400373578071594,0.5128524899482727,0.6957073211669922
034827,0.0625,0.20937597751617432,0.07171369343996048,0.4252748191356659
034828,0.943359375,0.9471210837364197,0.7371450066566467,0.6514625549316406
034829,0.712158203125,0.7123149633407593,0.7497180104255676,0.5921546220779419
034830,0.228759765625,0.37492144107818604,0.18026001751422882,0.569530189037323
034831,0.953369140625,0.9545327425003052,1.0,0.9890152215957642
034833,0.61328125,0.6186373829841614,0.5185247659683228,0.6015145778656006
034836,0.261474609375,0.3634353280067444,0.22860826551914215,0.4045615792274475
034837,0.94140625,0.9501144886016846,0.5900454521179199,0.6442437171936035
034840,0.46875,0.4805501401424408,0.29608190059661865,0.4474967420101166
034841,0.9444172978401184,0.9540775418281555,0.6219719052314758,0.7518890500068665
034845,0.146728515625,0.146728515625,0.7579237222671509,0.7579237222671509
034846,0.947998046875,0.9545822739601135,0.5985158681869507,0.6602651476860046
034850,0.959228515625,0.9596149921417236,0.7631344795227051,0.6984134316444397
034851,0.9375,0.9458050727844238,0.5364049673080444,0.593960165977478
034852,0.9375,0.9485121965408325,0.4692787230014801,0.48751530051231384
034854,0.5757649540901184,0.5809859037399292,0.49943602085113525,0.6899793148040771
034858,0.968017578125,0.9680639505386353,1.0,0.9269435405731201
034859,0.580322265625,0.6426510214805603,0.5636333227157593,0.7739806771278381
034860,0.568359375,0.5761336088180542,0.3899376392364502,0.5747691988945007
034861,0.584228515625,0.584801435470581,0.7139173746109009,0.7683412432670593
034862,0.706298828125,0.7103089690208435,0.7139173746109009,0.8442264795303345
034865,0.956298828125,0.9610886573791504,0.7169486284255981,0.8523544073104858
034866,0.9668782353401184,0.967495322227478,0.892719030380249,0.8797116279602051
034869,0.365234375,0.43950724601745605,0.3236317038536072,0.6020289659500122
034872,0.957763671875,0.9586496353149414,0.7236568927764893,0.7354312539100647
034873,0.943359375,0.94891357421875,0.7371450066566467,0.7847155928611755
034876,0.51953125,0.59368896484375,0.45818498730659485,0.6685357689857483
034877,0.957763671875,0.958484947681427,0.7236568927764893,0.887748658657074
034880,0.4375,0.478515625,0.4692787528038025,0.6364392042160034
034888,0.505615234375,0.5130707621574402,0.5719858407974243,0.7102161049842834
034889,0.469970703125,0.47549885511398315,0.5407800078392029,0.5913639664649963
034891,0.9388020634651184,0.9430745244026184,0.5542851090431213,0.6251747012138367
034892,0.712158203125,0.7124999761581421,0.7497180104255676,0.635674238204956
034894,0.962158203125,0.9624851942062378,0.9625431895256042,0.8702424764633179
034895,0.966796875,0.9675117135047913,0.8748388290405273,0.8798338174819946
034896,0.953369140625,0.9562816023826599,0.7479812502861023,0.721055805683136
034897,0.951171875,0.9537353515625,0.8472716808319092,0.7146649360656738
034898,0.951171875,0.9579141736030579,0.694340705871582,0.8786442279815674
034900,0.518798828125,0.5945392847061157,0.3251410126686096,0.5109808444976807
034901,0.967041015625,0.9673957228660583,0.8122885227203369,0.7561944127082825
034902,0.39453125,0.40301185846328735,0.4261382520198822,0.5807783007621765
034904,0.9466145634651184,0.9474385380744934,0.8844688534736633,0.9297151565551758
034905,0.956298828125,0.956298828125,1.0,1.0
034906,0.508056640625,0.5138581395149231,0.5334192514419556,0.6651796698570251
034907,0.571533203125,0.579436182975769,0.49935534596443176,0.7200300693511963
034908,0.9375,0.9526450037956238,0.4692787230014801,0.6428360342979431
034909,0.968017578125,0.9680483341217041,1.0,0.8495389223098755
034911,0.712158203125,0.7124171257019043,0.7497180104255676,0.661675214767456
034915,0.967041015625,0.9675115346908569,0.9284793138504028,0.9305357933044434
034917,0.953369140625,0.9581434726715088,0.7479812502861023,0.8209616541862488
034923,0.9673665165901184,0.9675359725952148,1.0,0.8085647821426392
034924,0.9673665165901184,0.9676059484481812,0.8748590350151062,0.781541645526886
034925,0.9466145634651184,0.9552857279777527,0.5787770748138428,0.8029670715332031
034927,0.267578125,0.39447879791259766,0.23635835945606232,0.5719459056854248
034929,0.9375,0.9468463063240051,0.4692787230014801,0.4870528280735016
034932,0.9507649540901184,0.9507649540901184,0.8898733854293823,0.8423800468444824
034933,0.94140625,0.9477741718292236,0.5900454521179199,0.6569233536720276
034935,0.703369140625,0.7064163088798523,0.6423966884613037,0.5905827879905701
034937,0.947998046875,0.9532395005226135,0.6841284036636353,0.7115523219108582
034938,0.9668782353401184,0.9676860570907593,0.7810032963752747,0.8970378041267395
034939,0.94140625,0.9479921460151672,0.5900454521179199,0.6455227136611938
034940,0.956298828125,0.9572257995605469,1.0,1.0
034942,0.9673665165901184,0.9675135016441345,1.0,0.9417588710784912
034944,0.946533203125,0.9564417004585266,0.575423002243042,0.6560108065605164
034945,0.967041015625,0.967516303062439,0.8122885227203369,0.9044694900512695
034946,0.503173828125,0.5120546817779541,0.3920743465423584,0.608310878276825
034949,0.968017578125,0.9680488109588623,1.0,0.8624489903450012
034950,0.365234375,0.4215165376663208,0.3236317038536072,0.42501869797706604
034952,0.508056640625,0.5149514079093933,0.46666663885116577,0.557058572769165
034954,0.956298828125,0.9610841274261475,0.7169486284255981,0.8708139061927795
034955,0.951171875,0.9579453468322754,0.694340705871582,0.7058188915252686
034956,0.967041015625,0.9678022265434265,0.8122885227203369,0.7709149122238159
034959,0.712158203125,0.7123505473136902,0.8569586873054504,0.7031329870223999
034963,0.939453125,0.9514362812042236,0.5589672327041626,0.7646653056144714
034965,0.967041015625,0.967522919178009,0.9284793138504028,0.9430047273635864
034973,0.701904296875,0.7065744400024414,0.7402501106262207,0.8064777255058289
034974,0.9507649540901184,0.9520136117935181,0.8898733854293823,0.8231356739997864
034975,0.4700520932674408,0.47782108187675476,0.3117245137691498,0.3709184229373932
034978,0.9375,0.9449244737625122,0.4692787230014801,0.46320247650146484
034979,0.9673665165901184,0.9677445292472839,1.0,0.9393936991691589
034983,0.9668782353401184,0.9676310420036316,0.7810032963752747,0.8518078923225403
034985,0.967041015625,0.9675484299659729,0.8122885227203369,0.8404871821403503
034986,0.703369140625,0.7092775702476501,0.5620065331459045,0.7685250639915466
034987,0.9673665165901184,0.9677505493164062,0.8748590350151062,0.8398023843765259
034991,0.51953125,0.5563238263130188,0.45818498730659485,0.48905855417251587
034992,0.943359375,0.9508820176124573,0.6040917634963989,0.6935712695121765
034993,0.966796875,0.9675481915473938,0.7653606534004211,0.935250997543335
034994,0.967041015625,0.9676019549369812,0.8122885227203369,0.7967517971992493
034996,0.5694172978401184,0.5783565640449524,0.5657033920288086,0.7359799146652222
034997,0.951904296875,0.959938645362854,0.6230928897857666,0.7738347053527832
034998,0.95703125,0.9577274918556213,0.7039180397987366,0.7753877639770508
034999,0.966796875,0.9672985076904297,0.7653606534004211,0.8287824392318726
035000,0.703369140625,0.7089383006095886,0.5620065331459045,0.6917091608047485
035003,0.568359375,0.575782060623169,0.4457148313522339,0.5143953561782837
035004,0.344482421875,0.3850477933883667,0.31885725259780884,0.41722920536994934
035009,0.967041015625,0.9676417708396912,0.9284793138504028,0.967657744884491
035010,0.968017578125,0.9680530428886414,1.0,0.8993088603019714
035011,0.4778645932674408,0.48634180426597595,0.4635950028896332,0.6078404784202576
035012,0.323974609375,0.42827707529067993,0.3111700117588043,0.6598429083824158
035013,0.953369140625,0.9603068232536316,0.7479812502861023,0.9165860414505005
035014,0.706298828125,0.7091655731201172,0.871160089969635,0.7537746429443359
035016,0.706298828125,0.7103677988052368,0.6245770454406738,0.8027835488319397
035022,0.956298828125,0.959648072719574,1.0,0.9784815311431885
035024,0.951904296875,0.9575107097625732,0.6230928897857666,0.811763346195221
035026,0.943115234375,0.9525995254516602,0.6597968339920044,0.8039352893829346
035029,0.947998046875,0.9532316327095032,0.6841284036636353,0.7023499608039856
035033,0.962158203125,0.9626854062080383,0.8420895934104919,0.8805680274963379
035036,0.701171875,0.7067009210586548,0.7184317708015442,0.8293470740318298
035038,0.967041015625,0.9674886465072632,0.8122885227203369,0.9168463349342346
035042,0.34765625,0.34900230169296265,0.4098700284957886,0.40651845932006836
035044,0.968017578125,0.9680767059326172,1.0,0.9069666862487793
035045,0.706298828125,0.7095881700515747,0.7139173746109009,0.7123880386352539
035047,0.959228515625,0.9596115350723267,0.7631344795227051,0.6097241044044495
035050,0.9375,0.9444560408592224,0.4692787230014801,0.4384744465351105
035052,0.9673665165901184,0.9676796793937683,1.0,0.9113038778305054
035055,0.968017578125,0.9680528044700623,1.0,0.909051239490509
035057,0.962158203125,0.9626941084861755,0.8420895934104919,0.871888279914856
035061,0.962158203125,0.9626893401145935,0.8420895934104919,0.9419450163841248
035063,0.962158203125,0.9624244570732117,0.9625431895256042,0.933388888835907
035064,0.953369140625,0.9566105008125305,0.912726640701294,0.961697518825531
035067,0.567138671875,0.5969209671020508,0.9225797057151794,0.9220796227455139
035068,0.962158203125,0.9625869393348694,0.8420895934104919,0.9036310911178589
035072,0.953369140625,0.9595295786857605,0.6543781161308289,0.6989220976829529
035076,0.957763671875,0.9583825469017029,0.7236568927764893,0.7474110722541809
035078,0.9673665165901184,0.9677172899246216,0.8748590350151062,0.9258156418800354
035079,0.9668782353401184,0.9677748084068298,0.7810032963752747,0.9205531477928162
035080,0.967041015625,0.9678201079368591,0.8122885227203369,0.935869038105011
035081,0.953369140625,0.9602588415145874,0.7479812502861023,0.8443306684494019
035085,0.9673665165901184,0.9678142070770264,0.8748590350151062,0.7968818545341492
035092,0.9668782353401184,0.9673179388046265,0.892719030380249,0.8143717050552368
035098,0.953369140625,0.9571622014045715,0.7479812502861023,0.6762586832046509
035100,0.962158203125,0.9625001549720764,0.8420895934104919,0.8001424670219421
035101,0.9444172978401184,0.9534080028533936,0.544137716293335,0.6777187585830688
035104,0.9673665165901184,0.9676047563552856,1.0,0.9186041355133057
035105,0.712158203125,0.7125542163848877,0.7497180104255676,0.7469043135643005
035108,0.560546875,0.6056341528892517,0.7653606534004211,0.8729264140129089
035112,0.508056640625,0.5149440765380859,0.46666663885116577,0.5741614103317261
035120,0.956298828125,0.9601308107376099,0.8195018768310547,0.8663011789321899
035121,0.951904296875,0.9576150178909302,0.7122209072113037,0.8336578011512756
035123,0.951904296875,0.9599183201789856,0.6230928897857666,0.7914162278175354
035128,0.9668782353401184,0.9675251245498657,0.7810032963752747,0.7715405821800232
035130,0.9507649540901184,0.9554464221000671,0.8898733854293823,0.8249361515045166
035135,0.2122395932674408,0.3118531107902527,0.19284793734550476,0.45689818263053894
035137,0.556884765625,0.5849446058273315,0.4431702494621277,0.4828716814517975
035138,0.560546875,0.6029326915740967,0.4082580804824829,0.4802788197994232
035140,0.962158203125,0.9625595808029175,0.8420895934104919,0.8491162657737732
035142,0.300537109375,0.38514548540115356,0.24733662605285645,0.4725498557090759
035146,0.968017578125,0.9680497646331787,1.0,0.8885139226913452
035149,0.556884765625,0.6093264818191528,0.4431702494621277,0.6427820324897766
035151,0.953369140625,0.9567656517028809,1.0,0.9742147326469421
035152,0.531982421875,0.531982421875,0.9340764880180359,0.9340764880180359
035154,0.51953125,0.5975736379623413,0.3284950852394104,0.6276028752326965
035155,0.469970703125,0.4790443181991577,0.3877114951610565,0.6938130259513855
035158,0.962158203125,0.962552011013031,0.8420895934104919,0.8248673677444458
035160,0.968017578125,0.9680668711662292,1.0,0.8588541746139526
035162,0.962158203125,0.9626050591468811,0.8420895934104919,0.7995516657829285
035167,0.956298828125,0.9585195779800415,1.0,0.8875606656074524
035168,0.947998046875,0.9559512138366699,0.5985158681869507,0.5829735398292542
035169,0.962158203125,0.9625549912452698,0.8420895934104919,0.8123800754547119
035170,0.701171875,0.7046931982040405,0.7184317708015442,0.6539646983146667
035172,0.9673665165901184,0.9677965641021729,0.8748590350151062,0.932290256023407
035173,0.94140625,0.9507167935371399,0.5162065625190735,0.6711349487304688
035176,0.947998046875,0.9560045003890991,0.5985158681869507,0.675184965133667
035180,0.531982421875,0.5781987905502319,0.48571667075157166,0.5309244990348816
035181,0.946533203125,0.9540355205535889,0.6577322483062744,0.713947594165802
035187,0.967041015625,0.9678052663803101,0.8122885227203369,0.9580290913581848
035190,0.9668782353401184,0.967151939868927,0.892719030380249,0.7853240966796875
035199,0.947998046875,0.955172598361969,0.6841284036636353,0.8519384264945984
035202,0.701904296875,0.7085378766059875,0.6066363453865051,0.7248209118843079
035203,0.450927734375,0.46223658323287964,0.42870715260505676,0.6314413547515869
035204,0.967041015625,0.967574417591095,0.8122885227203369,0.8374599814414978
035206,0.967041015625,0.967689037322998,0.8122885227203369,0.9019724726676941
035207,0.388427734375,0.3958517909049988,0.4535067081451416,0.5331224203109741
035211,0.953369140625,0.9576730132102966,0.7479812502861023,0.8522892594337463
035212,0.499755859375,0.6039710640907288,0.4098700284957886,0.7371618747711182
035214,0.9507649540901184,0.9562948942184448,0.7292529344558716,0.786902666091919
035216,0.943115234375,0.9518395066261292,0.7475366592407227,0.8365798592567444
035221,0.947998046875,0.9503442049026489,0.9146330952644348,0.8245809674263
035224,0.9673665165901184,0.9676852226257324,0.8748590350151062,0.8418703079223633
035225,0.9375,0.9462559819221497,0.4692787230014801,0.5681819319725037
035228,0.962158203125,0.9625175595283508,0.9625431895256042,0.9391790628433228
035232,0.701171875,0.7052505612373352,0.5150786638259888,0.5183537006378174
035245,0.567138671875,0.6128581762313843,0.5199966430664062,0.6135688424110413
035248,0.968017578125,0.9680395126342773,1.0,0.7161687612533569
035249,0.5757649540901184,0.5817371606826782,0.49943602085113525,0.6530467867851257
035256,0.706298828125,0.7111274600028992,0.6245770454406738,0.8487879037857056
035261,0.951904296875,0.9563807249069214,0.8690900206565857,0.7571892142295837
035271,0.957763671875,0.9584035277366638,0.7236568927764893,0.7648857235908508
035272,0.946533203125,0.9565945267677307,0.575423002243042,0.698530912399292
035278,0.968017578125,0.9680529832839966,1.0,0.8631604909896851
035279,0.9668782353401184,0.9674677848815918,0.7810032963752747,0.756050705909729
035281,0.39453125,0.40182241797447205,0.37281090021133423,0.6295260190963745
035284,0.9507649540901184,0.955008864402771,0.7292529344558716,0.6764976978302002
035285,0.953369140625,0.9573585987091064,0.7479812502861023,0.7696292400360107
035286,0.703369140625,0.708426833152771,0.7838867902755737,0.8632027506828308
035288,0.9673665165901184,0.9677531123161316,0.8748590350151062,0.7888613939285278
035289,0.939453125,0.9520679712295532,0.489017516374588,0.6827783584594727
035293,0.260498046875,0.3689219355583191,0.34397661685943604,0.7441912889480591
035294,0.968017578125,0.9680517315864563,1.0,0.912275493144989
035295,0.712158203125,0.7124733328819275,0.7497180104255676,0.7091718316078186
035299,0.967041015625,0.967041015625,1.0,1.0
035300,0.9673665165901184,0.967714786529541,0.8748590350151062,0.8687596321105957
035305,0.956298828125,0.9596156477928162,0.7169486284255981,0.7370573282241821
035310,0.956298828125,0.9610996842384338,0.7169486284255981,0.8193468451499939
035312,0.267578125,0.267578125,0.7098097205162048,0.7098097205162048
035314,0.633056640625,0.6342202425003052,0.7837249636650085,0.7104799151420593
035315,0.466064453125,0.5722799301147461,0.35480669140815735,0.7140992879867554
035316,0.518798828125,0.5861902832984924,0.3716495931148529,0.568433940410614
035320,0.712158203125,0.7126902937889099,0.7497180104255676,0.7646778225898743
035323,0.9668782353401184,0.96759432554245,0.892719030380249,0.933250904083252
035332,0.962158203125,0.9621993899345398,0.9625431895256042,0.8047806024551392
035333,0.953369140625,0.9576965570449829,0.7479812502861023,0.8685081601142883
035336,0.968017578125,0.9680480360984802,1.0,0.9388097524642944
035338,0.953369140625,0.9577075839042664,0.912726640701294,0.9103413224220276
035344,0.450927734375,0.4551492929458618,0.5321600437164307,0.6490480303764343
035345,0.946533203125,0.9520041346549988,0.8026000261306763,0.7865543961524963
035347,0.962158203125,0.9626358151435852,0.8420895934104919,0.9241536259651184
035348,0.959228515625,0.9597553014755249,0.7631344795227051,0.7011573910713196
035349,0.9375,0.9375,0.5364049673080444,0.512715756893158
035352,0.9668782353401184,0.9676434397697449,0.7810032963752747,0.946517288684845
035354,0.9507649540901184,0.9569808840751648,0.7292529344558716,0.8179728388786316
035355,0.267578125,0.35738658905029297,0.23635835945606232,0.42074641585350037
035359,0.968017578125,0.9680578708648682,1.0,0.8890565037727356
035360,0.962158203125,0.9625782370567322,0.8420895934104919,0.8013991713523865
035370,0.966796875,0.9674737453460693,0.7653606534004211,0.7526135444641113
035373,0.9507649540901184,0.9546380639076233,0.7292529344558716,0.7118791937828064
035377,0.962158203125,0.9624548554420471,0.8420895934104919,0.7775712013244629
035379,0.966796875,0.9674333930015564,0.8748388290405273,0.9220970273017883
035381,0.4778645932674408,0.480555921792984,0.5657033920288086,0.6014925241470337
035382,0.967041015625,0.9676175713539124,0.8122885227203369,0.7556934952735901
035384,0.393798828125,0.4843969941139221,0.31885725259780884,0.6580787897109985
035389,0.95703125,0.9579932689666748,0.7039180397987366,0.7800898551940918
035391,0.701904296875,0.7083466053009033,0.6066363453865051,0.727688193321228
035395,0.9673665165901184,0.9676970839500427,1.0,0.9546800255775452
035399,0.947998046875,0.9546456933021545,0.6841284036636353,0.796848714351654
035400,0.946533203125,0.9531210660934448,0.575423002243042,0.5330020189285278
035403,0.951171875,0.9565579891204834,0.8472716808319092,0.8308423757553101
035408,0.9673665165901184,0.967802107334137,0.8748590350151062,0.8260691165924072
035414,0.967041015625,0.9675050377845764,0.8122885227203369,0.7962607741355896
035415,0.953369140625,0.9602406620979309,0.6543781161308289,0.7491282820701599
035419,0.712158203125,0.7125892639160156,0.7497180104255676,0.832086980342865
035421,0.9673665165901184,0.9677655100822449,0.8748590350151062,0.7550407648086548
035424,0.431884765625,0.4952127933502197,0.3415256440639496,0.5762774348258972
035428,0.510498046875,0.5169835090637207,0.49935534596443176,0.6390581130981445
035430,0.962158203125,0.9626904726028442,0.8420895934104919,0.8404433131217957
035437,0.9668782353401184,0.9676135182380676,0.7810032963752747,0.9111906290054321
035439,0.9673665165901184,0.9676799774169922,1.0,0.9370513558387756
035442,0.508056640625,0.5141997933387756,0.5334192514419556,0.6958513259887695
035443,0.701904296875,0.710035502910614,0.5307213068008423,0.7170611619949341
035444,0.966796875,0.9675720930099487,0.7653606534004211,0.7954251170158386
035445,0.946533203125,0.9565608501434326,0.6577322483062744,0.7856127619743347
035446,0.962158203125,0.9626065492630005,0.8420895934104919,0.8148012161254883
035448,0.968017578125,0.9680522084236145,1.0,0.9203842282295227
035451,0.9673665165901184,0.9678494930267334,0.8748590350151062,0.8548455834388733
035452,0.571533203125,0.5765058398246765,0.6093400716781616,0.6683218479156494
035454,0.197998046875,0.35063907504081726,0.13742950558662415,0.5777998566627502
035455,0.9507649540901184,0.9562110900878906,0.7292529344558716,0.8160727620124817
035463,0.956298828125,0.9606515169143677,0.7169486284255981,0.9259303212165833
035465,0.940673828125,0.9480600357055664,0.5768473744392395,0.6173707246780396
035466,0.940673828125,0.946685254573822,0.771205723285675,0.8247748613357544
035472,0.962158203125,0.9626063704490662,0.8420895934104919,0.9317338466644287
035473,0.962158203125,0.9626873731613159,0.8420895934104919,0.9031978845596313
035474,0.25390625,0.3455508351325989,0.25817668437957764,0.5064324736595154
035475,0.606689453125,0.642862856388092,0.5334192514419556,0.7335362434387207
035476,0.946533203125,0.9529330134391785,0.6577322483062744,0.7046351432800293
035479,0.488037109375,0.5906246900558472,0.4365417957305908,0.7233055233955383
035480,0.701904296875,0.7056534290313721,0.7402501106262207,0.6996044516563416
035492,0.951171875,0.9579042792320251,0.6074502468109131,0.6882056593894958
035495,0.706298828125,0.7110464572906494,0.7139173746109009,0.7945249676704407
035496,0.9668782353401184,0.967410683631897,0.892719030380249,0.7744180560112
035499,0.967041015625,0.967807948589325,0.8122885227203369,0.9371970295906067
035504,0.947998046875,0.9529786705970764,0.8348100185394287,0.7830970883369446
035506,0.968017578125,0.9680498242378235,1.0,0.9215102791786194
035508,0.956298828125,0.9601885080337524,0.7169486284255981,0.7546592950820923
035514,0.48828125,0.4887658357620239,0.5307213068008423,0.5203505158424377
035516,0.9466145634651184,0.9550842642784119,0.5787770748138428,0.6896920800209045
035527,0.146728515625,0.29138684272766113,0.1496870219707489,0.5517796277999878
035529,0.956298828125,0.9602733254432678,0.8195018768310547,0.8987928032875061
035532,0.953369140625,0.95692378282547,0.7479812502861023,0.7507632970809937
035541,0.9444172978401184,0.9516919255256653,0.544137716293335,0.6869078278541565
035543,0.951904296875,0.9571740031242371,0.6230928897857666,0.7027222514152527
035551,0.9673665165901184,0.9676257371902466,1.0,0.9625415205955505
035554,0.520263671875,0.52086341381073,0.5620065331459045,0.5438934564590454
035555,0.957763671875,0.9584933519363403,0.8271697163581848,0.8817516565322876
035557,0.571533203125,0.577124834060669,0.49935534596443176,0.5508866906166077
035562,0.967041015625,0.967814564704895,0.8122885227203369,0.8371462821960449
035565,0.95703125,0.9570719599723816,0.901299774646759,0.9155686497688293
035566,0.51953125,0.5615771412849426,0.7039180994033813,0.9020704627037048
035567,0.9668782353401184,0.9676691889762878,0.7810032963752747,0.7756795883178711
035569,0.962158203125,0.9625327587127686,0.8420895934104919,0.8781285881996155
035572,0.5757649540901184,0.5827154517173767,0.49943602085113525,0.6918193101882935
035573,0.968017578125,0.9680652618408203,1.0,0.9117996692657471
035574,0.606689453125,0.626701831817627,1.0,0.9580473899841309
035578,0.967041015625,0.9672777652740479,1.0,0.949885368347168
035583,0.9673665165901184,0.967791736125946,0.8748590350151062,0.9452717304229736
035586,0.959228515625,0.9599231481552124,0.7631344795227051,0.8871415853500366
035588,0.9668782353401184,0.9675461053848267,0.7810032963752747,0.8677369356155396
035592,0.962158203125,0.962398111820221,0.8420895934104919,0.6980921030044556
035598,0.488037109375,0.5764754414558411,0.2856633961200714,0.5923306345939636
035599,0.432373046875,0.4359779357910156,0.5636333227157593,0.6823625564575195
035605,0.703369140625,0.7102438807487488,0.5620065331459045,0.598587155342102
035606,0.956298828125,0.9610825181007385,0.7169486284255981,0.7851926684379578
035616,0.9375,0.9398507475852966,0.8624263405799866,0.9193975329399109
035619,0.943359375,0.9530372619628906,0.5284951329231262,0.577355682849884
035622,0.02083333395421505,0.2138294130563736,0.015642624348402023,0.40038713812828064
035624,0.956298828125,0.9589036107063293,0.8195018768310547,0.8018683791160583
035626,0.9673665165901184,0.9677836298942566,1.0,0.9932683706283569
035628,0.966796875,0.96722412109375,0.8748388290405273,0.9826468229293823
035630,0.962158203125,0.9624704718589783,0.8420895934104919,0.8381685018539429
035635,0.556884765625,0.6123992204666138,0.5407800078392029,0.7911436557769775
035639,0.962158203125,0.9626868367195129,0.8420895934104919,0.8341057896614075
035640,0.659423828125,0.6628895401954651,0.5918076038360596,0.6749496459960938
035642,0.47265625,0.5647035837173462,0.3709116578102112,0.618532121181488
035643,0.956298828125,0.9606104493141174,0.7169486284255981,0.7209665775299072
035645,0.968017578125,0.9680555462837219,1.0,0.8920121788978577
035647,0.968017578125,0.9680598974227905,1.0,0.9384062886238098
035649,0.518798828125,0.5718330144882202,0.3716495931148529,0.4522150754928589
035656,0.959228515625,0.9599984288215637,0.7631344795227051,0.9123421907424927
035657,0.951904296875,0.9598400592803955,0.6230928897857666,0.7369885444641113
035658,0.48828125,0.4889993667602539,0.5307213068008423,0.7180083394050598
035659,0.962158203125,0.9624055624008179,0.9625431895256042,0.8263621926307678
035660,0.9444172978401184,0.9533098936080933,0.6219719052314758,0.722871720790863
035662,0.962158203125,0.9625959396362305,0.8420895934104919,0.9002872705459595
035663,0.947998046875,0.9559037685394287,0.6841284036636353,0.8026446104049683
035666,0.703369140625,0.7066700458526611,0.5620065331459045,0.5139192342758179
035677,0.959228515625,0.9595615267753601,0.7631344795227051,0.6934326887130737
035679,0.946533203125,0.9562810063362122,0.575423002243042,0.6616852879524231
035680,0.5694172978401184,0.5779574513435364,0.4635950028896332,0.6756849884986877
035682,0.947998046875,0.9529070854187012,0.8348100185394287,0.9253132939338684
035685,0.967041015625,0.9678052067756653,0.8122885227203369,0.832953929901123
035687,0.967041015625,0.9676015377044678,0.8122885227203369,0.8195370435714722
035688,0.968017578125,0.9680595993995667,1.0,0.9095385670661926
035693,0.959228515625,0.9597086906433105,0.8722942471504211,0.7741535902023315
035700,0.9673665165901184,0.9676984548568726,1.0,0.9404518008232117
035702,0.959228515625,0.9600050449371338,0.7631344795227051,0.9114716053009033
035706,0.5757649540901184,0.5796877145767212,0.5708760023117065,0.5728550553321838
035709,0.47265625,0.49360138177871704,0.8178747296333313,0.8653642535209656
035713,0.95703125,0.9576924443244934,0.7039180397987366,0.7149733304977417
035720,0.9507649540901184,0.9558558464050293,0.8898733854293823,0.9575155377388
035721,0.947998046875,0.954465389251709,0.6841284036636353,0.8089569211006165
035724,0.9375,0.9375,0.4692787230014801,0.3417106866836548
035725,0.503173828125,0.5104364156723022,0.4784300625324249,0.6892496347427368
035726,0.431884765625,0.47119438648223877,0.7318407297134399,0.8633900880813599
035727,0.951171875,0.951171875,0.694340705871582,0.5484258532524109
035729,0.2774251401424408,0.3985951542854309,0.23532335460186005,0.6427684426307678
035733,0.967041015625,0.967409610748291,0.9284793138504028,0.8277267217636108
035734,0.943115234375,0.9519076347351074,0.5359453558921814,0.6467450261116028
035738,0.9673665165901184,0.9676766991615295,1.0,0.9024790525436401
035744,0.9673665165901184,0.9678512811660767,0.8748590350151062,0.8628243803977966
035752,0.968017578125,0.9680627584457397,1.0,0.9705814123153687
035753,0.633056640625,0.639245867729187,0.5862115621566772,0.7175770401954651
035757,0.393798828125,0.46891915798187256,0.38908666372299194,0.6333099603652954
035761,0.9673665165901184,0.967901349067688,0.8748590350151062,0.8425244092941284
035763,0.9673665165901184,0.9677948951721191,0.8748590350151062,0.9257323145866394
035771,0.48828125,0.48891833424568176,0.5307213068008423,0.6223630905151367
035772,0.659423828125,0.6617957353591919,0.8254533410072327,0.8278995752334595
035773,0.606689453125,0.631969690322876,1.0,0.7745202779769897
035780,0.2044270783662796,0.38883188366889954,0.10949836671352386,0.4358237087726593
035784,0.9388020634651184,0.9528266787528992,0.5542851090431213,0.6871307492256165
035786,0.943359375,0.9520914554595947,0.5284951329231262,0.5849408507347107
035787,0.962158203125,0.9624743461608887,0.8420895934104919,0.7379876375198364
035788,0.968017578125,0.968063235282898,1.0,0.8447463512420654
035789,0.939453125,0.9522667527198792,0.489017516374588,0.6088394522666931
035790,0.946533203125,0.9516870379447937,0.8793432712554932,0.9454578161239624
035792,0.9668782353401184,0.9676154255867004,0.7810032963752747,0.8867582678794861
035797,0.571533203125,0.5798037052154541,0.49935534596443176,0.6755425930023193
035799,0.9444172978401184,0.9559761881828308,0.544137716293335,0.718697726726532
035800,0.703369140625,0.7072499990463257,0.5620065331459045,0.6097429990768433
035803,0.9673665165901184,0.967636227607727,0.8748590350151062,0.7145716547966003
035808,0.518798828125,0.5847271680831909,0.4535067081451416,0.5876385569572449
035811,0.25390625,0.33821383118629456,0.21157628297805786,0.5119109153747559
035813,0.03125,0.1337890625,0.0775962620973587,0.448370099067688
035815,0.431884765625,0.431884765625,0.8451594114303589,0.8451594114303589
035816,0.9507649540901184,0.9507649540901184,0.974961519241333,0.974961519241333
035818,0.567138671875,0.628028392791748,0.4261382520198822,0.6629889011383057
035819,0.967041015625,0.9678128957748413,0.8122885227203369,0.8560572266578674
035820,0.35546875,0.36687377095222473,0.2659246027469635,0.5423882007598877
035823,0.943115234375,0.9547264575958252,0.5359453558921814,0.7072386145591736
035825,0.1875,0.2943522334098816,0.10728099197149277,0.25086987018585205
035826,0.9444172978401184,0.9540002942085266,0.6219719052314758,0.731440007686615
035827,0.967041015625,0.9675585031509399,0.8122885227203369,0.8720769882202148
035828,0.956298828125,0.9611189961433411,0.7169486284255981,0.8344641327857971
035829,0.9673665165901184,0.9676461219787598,1.0,0.8413749933242798
035830,0.366455078125,0.3699135184288025,0.3265250623226166,0.29203179478645325
035832,0.962158203125,0.9626162052154541,0.8420895934104919,0.8088951110839844
035833,0.959228515625,0.9596341252326965,0.7631344795227051,0.6847345232963562
035839,0.466064453125,0.5365822315216064,0.2907647490501404,0.43487298488616943
035842,0.943115234375,0.9476619958877563,0.819014847278595,0.9036909341812134
035846,0.23828125,0.3974950611591339,0.19636499881744385,0.5443976521492004
035847,0.9673665165901184,0.9678928852081299,0.8748590350151062,0.8496338725090027
035849,0.940673828125,0.9449224472045898,0.8770246505737305,0.9673717021942139
035851,0.943359375,0.9500138163566589,0.7371450066566467,0.8979979753494263
035853,0.946533203125,0.9535877704620361,0.8026000261306763,0.9222140908241272
035854,0.951904296875,0.957449734210968,0.8690900206565857,0.8937512636184692
035855,0.9507649540901184,0.9561336636543274,0.7292529344558716,0.829669177532196
035856,0.951904296875,0.9586484432220459,0.6230928897857666,0.7370532155036926
035857,0.956298828125,0.9599823355674744,0.7169486284255981,0.9044813513755798
035858,0.946533203125,0.9525272250175476,0.6577322483062744,0.6785577535629272
035859,0.659423828125,0.6622112393379211,0.8254533410072327,0.8281022310256958
035860,0.951171875,0.9560567736625671,0.694340705871582,0.8239577412605286
035861,0.571533203125,0.5748174786567688,0.49935534596443176,0.5064290165901184
035862,0.9668782353401184,0.9675725698471069,0.7810032963752747,0.9400941133499146
035865,0.212890625,0.22479248046875,0.386565625667572,0.4134595990180969
035866,0.304931640625,0.38848617672920227,0.6151177287101746,0.8434731364250183
035867,0.9375,0.9425439834594727,0.4692787230014801,0.4070688486099243
035868,0.150390625,0.18197903037071228,0.22396063804626465,0.29225990176200867
035869,0.9466145634651184,0.9525827765464783,0.5787770748138428,0.8024978637695312
035870,0.505615234375,0.5112135410308838,0.5220667123794556,0.6274844408035278
035871,0.9507649540901184,0.9560691714286804,0.6379934549331665,0.7022577524185181
035872,0.967041015625,0.9671600461006165,1.0,0.9951764345169067
035873,0.9668782353401184,0.9672759175300598,0.892719030380249,0.8967852592468262
035874,0.966796875,0.9675686955451965,0.7653606534004211,0.8012084364891052
035875,0.967041015625,0.9676603078842163,0.8122885227203369,0.9206822514533997
035876,0.300537109375,0.3708496391773224,0.30181336402893066,0.5711478590965271
035878,0.0625,0.2894134521484375,0.043636664748191833,0.5354586839675903
035879,0.962158203125,0.9624767303466797,0.9625431895256042,0.9467777013778687
035881,0.946533203125,0.9566869735717773,0.575423002243042,0.677772581577301
035882,0.9673665165901184,0.9675989747047424,1.0,0.8902270793914795
035883,0.584228515625,0.5848773717880249,0.6245770454406738,0.7727876305580139
035886,0.304931640625,0.304931640625,1.0,1.0
035888,0.228759765625,0.3332827389240265,0.18026001751422882,0.3572480380535126
035889,0.946533203125,0.9517104625701904,0.8793432712554932,0.9550331234931946
035890,0.953369140625,0.9557339549064636,0.7479812502861023,0.6068410873413086
035891,0.9673665165901184,0.9675770998001099,1.0,0.9860609769821167
035892,0.953369140625,0.956253170967102,1.0,0.9137938618659973
035893,0.9668782353401184,0.9677687883377075,0.7810032963752747,0.7964881062507629
035894,0.962158203125,0.9626898169517517,0.8420895934104919,0.8741583824157715
035895,0.499755859375,0.5812805891036987,0.4098700284957886,0.617030143737793
035897,0.606689453125,0.6277946829795837,1.0,1.0
035898,0.947998046875,0.947998046875,0.9605564475059509,0.9605564475059509
035900,0.3059895932674408,0.4185737073421478,0.23244215548038483,0.5804224610328674
035901,0.959228515625,0.9597981572151184,0.7631344795227051,0.8122648596763611
035908,0.9668782353401184,0.9673442244529724,0.892719030380249,0.8583137392997742
035909,0.9668782353401184,0.9675094485282898,0.7810032963752747,0.9186162948608398
035910,0.967041015625,0.9676661491394043,0.8122885227203369,0.9350951910018921
035912,0.712158203125,0.7126376032829285,0.7497180104255676,0.8136146068572998
035914,0.9507649540901184,0.9567848443984985,0.6379934549331665,0.7645170092582703
035919,0.939453125,0.940185546875,0.9690036177635193,0.9671635031700134
035920,0.431884765625,0.4787946939468384,0.4763599932193756,0.6404567956924438
035921,0.9668782353401184,0.9674798846244812,0.7810032963752747,0.7424896955490112
035922,0.967041015625,0.9678240418434143,0.8122885227203369,0.9003495573997498
035923,0.9507649540901184,0.955982506275177,0.7292529344558716,0.8587468862533569
035926,0.584228515625,0.5846925973892212,0.7139173746109009,0.7750895023345947
035928,0.304931640625,0.39816904067993164,0.34757038950920105,0.6249791383743286
035933,0.9375,0.9380580186843872,0.7171369194984436,0.7182835936546326
035938,0.9673665165901184,0.9679079055786133,0.8748590350151062,0.8832881450653076
035941,0.940673828125,0.9464498162269592,0.8099276423454285,0.9266707301139832
035942,0.959228515625,0.95976322889328,0.8722942471504211,0.9390581846237183
035943,0.967041015625,0.9675092697143555,0.8122885227203369,0.9268710017204285
035944,0.3599446713924408,0.44843658804893494,0.40125197172164917,0.6990062594413757
035945,0.9466145634651184,0.9488118290901184,0.8072783350944519,0.9090972542762756
035946,0.568359375,0.5721304416656494,0.4457148313522339,0.5149782299995422
035948,0.9673665165901184,0.9678971767425537,0.8748590350151062,0.924866795539856
035950,0.263671875,0.29461669921875,0.7653606534004211,0.9674680233001709
035953,0.951171875,0.9576330184936523,0.6074502468109131,0.7772664427757263
035955,0.943115234375,0.9506013989448547,0.6126077175140381,0.6284800171852112
035956,0.956298828125,0.9610472917556763,0.8195018768310547,0.8345227837562561
035957,0.947998046875,0.9543619155883789,0.5985158681869507,0.802496075630188
035958,0.3599446713924408,0.43091827630996704,0.36623337864875793,0.6310281753540039
035961,0.508056640625,0.5149615406990051,0.5334192514419556,0.7261357307434082
035962,0.943115234375,0.9505575895309448,0.6126077175140381,0.6663699746131897
035963,0.946533203125,0.9489090442657471,1.0,0.9434611201286316
035964,0.5757649540901184,0.5807061791419983,0.5708760023117065,0.7225311398506165
035965,0.951171875,0.9549546837806702,0.694340705871582,0.6443560123443604
035966,0.956298828125,0.959108829498291,0.8195018768310547,0.7097146511077881
035967,0.9668782353401184,0.9675552845001221,0.892719030380249,0.8510056138038635
035969,0.508056640625,0.511156439781189,0.46666663885116577,0.4566018581390381
035971,0.510498046875,0.5128798484802246,0.49935534596443176,0.5130537748336792
035975,0.3125,0.3125,0.3585684597492218,0.31611818075180054
035976,0.959228515625,0.9596158862113953,0.7631344795227051,0.7370927333831787
035977,0.580322265625,0.6356484889984131,0.5636333227157593,0.6850894093513489
035978,0.947998046875,0.9542163014411926,0.5985158681869507,0.6551273465156555
035980,0.968017578125,0.9680567383766174,1.0,0.888555645942688
035982,0.966796875,0.9673247933387756,0.8748388290405273,0.8229576349258423
035983,0.2044270783662796,0.3552405834197998,0.12516115605831146,0.39405104517936707
035986,0.957763671875,0.9584131836891174,0.8271697163581848,0.8805347681045532
035988,0.953369140625,0.9564822912216187,0.912726640701294,0.9021721482276917
035989,0.518798828125,0.6075941324234009,0.3716495931148529,0.5290419459342957
035990,0.946533203125,0.9520819783210754,0.575423002243042,0.5865783095359802
035991,0.951904296875,0.9570282101631165,0.8690900206565857,0.9581772089004517
035992,0.23828125,0.400896817445755,0.14078360795974731,0.4257797598838806
035993,0.9507649540901184,0.9532580375671387,0.8898733854293823,0.7851390838623047
035997,0.5757649540901184,0.5792893767356873,0.6966133713722229,0.6581880450248718
035998,0.518798828125,0.5802799463272095,0.3251410126686096,0.4594604969024658
036000,0.9444172978401184,0.9530730247497559,0.6219719052314758,0.7742376923561096
036002,0.508056640625,0.5150693655014038,0.46666663885116577,0.7346009016036987
036004,0.947998046875,0.9492340087890625,0.6841284036636353,0.659398078918457
036006,0.703369140625,0.7096189260482788,0.5620065331459045,0.7229166030883789
036008,0.4375,0.44453126192092896,0.21899673342704773,0.16331714391708374
036009,0.388427734375,0.4000079929828644,0.3251410126686096,0.5948272347450256
036010,0.959228515625,0.9597644805908203,0.7631344795227051,0.7582651376724243
036011,0.02083333395421505,0.20134548842906952,0.015642624348402023,0.22399859130382538
036012,0.344482421875,0.4097056984901428,0.2789551615715027,0.6014572978019714
036014,0.956298828125,0.9600561857223511,0.8195018768310547,0.8443188071250916
036015,0.9507649540901184,0.9577580690383911,0.6379934549331665,0.8164674639701843
036017,0.5694172978401184,0.5773599743843079,0.4635950028896332,0.5715556144714355
036018,0.957763671875,0.9584296941757202,0.7236568927764893,0.7128456234931946
036019,0.3599446713924408,0.3865518271923065,0.8075588941574097,0.7708473801612854
036022,0.5757649540901184,0.5805311799049377,0.49943602085113525,0.6023870706558228
036023,0.1458333432674408,0.22479471564292908,0.10949836671352386,0.2306373566389084
036024,0.571533203125,0.5795164704322815,0.49935534596443176,0.5481780767440796
036025,0.4700520932674408,0.4816255569458008,0.3117245137691498,0.48998498916625977
036026,0.488037109375,0.592793345451355,0.2856633961200714,0.575259804725647
036027,0.959228515625,0.9596045613288879,0.8722942471504211,0.7939065098762512
036028,0.9668782353401184,0.9673885703086853,0.892719030380249,0.832151472568512
036029,0.431884765625,0.45833107829093933,0.7318407297134399,0.7404002547264099
036031,0.47265625,0.5257742404937744,0.5698384642601013,0.6077084541320801
036032,0.953369140625,0.9603305459022522,0.6543781161308289,0.7705104351043701
036034,0.946533203125,0.9475002288818359,0.8793432712554932,0.803835391998291
036035,0.946533203125,0.9518406987190247,0.8026000261306763,0.7711610198020935
036036,0.580322265625,0.6299997568130493,0.5636333227157593,0.7552410960197449
036037,0.9673665165901184,0.9677308797836304,0.8748590350151062,0.9532290101051331
036039,0.5757649540901184,0.5801655054092407,0.5708760023117065,0.7337903380393982
036043,0.956298828125,0.9577955007553101,0.8195018768310547,0.7023906111717224
036044,0.9668782353401184,0.9677697420120239,0.7810032963752747,0.7831647992134094
036045,0.9668782353401184,0.9677718877792358,0.7810032963752747,0.8368774652481079
036047,0.304931640625,0.43609750270843506,0.22860826551914215,0.6006207466125488
036049,0.962158203125,0.9625363349914551,0.8420895934104919,0.8933385014533997
036050,0.9388020634651184,0.9453602433204651,0.5542851090431213,0.5559836626052856
036051,0.35546875,0.36637985706329346,0.3039627969264984,0.5047134757041931
036053,0.967041015625,0.967583179473877,0.8122885227203369,0.7715182304382324
036054,0.9444172978401184,0.9485287070274353,0.7589633464813232,0.7475524544715881
036055,0.959228515625,0.95992511510849,0.7631344795227051,0.9289306998252869
036056,0.633056640625,0.637855052947998,0.5128524899482727,0.6372432112693787
036057,0.9673665165901184,0.9676198959350586,1.0,0.8889370560646057
036058,0.518798828125,0.5544484257698059,0.4535067081451416,0.5103044509887695
036059,0.9388020634651184,0.9482872486114502,0.48492133617401123,0.6798734664916992
036061,0.967041015625,0.9674266576766968,0.8122885227203369,0.8040189743041992
036062,0.432373046875,0.43822064995765686,0.4618985950946808,0.6916805505752563
036064,0.962158203125,0.9626086354255676,0.8420895934104919,0.9213846325874329
036065,0.0625,0.1912623941898346,0.05020960420370102,0.41213318705558777
036066,0.967041015625,0.9678105115890503,0.8122885227203369,0.8853908181190491
036067,0.518798828125,0.578055739402771,0.6967307925224304,0.7893341183662415
036068,0.44921875,0.5639029145240784,0.2682024836540222,0.5354945063591003
036069,0.953369140625,0.9556686282157898,0.7479812502861023,0.6161907911300659
036070,0.580322265625,0.6195365786552429,0.4040961265563965,0.5405427813529968
036071,0.30078125,0.37608933448791504,0.28309693932533264,0.44230809807777405
036072,0.606689453125,0.6356927752494812,0.46666663885116577,0.545395016670227
036074,0.556884765625,0.6129515171051025,0.3877114951610565,0.5432261824607849
036075,0.03125,0.25725650787353516,0.01973879337310791,0.30059948563575745
036076,0.947998046875,0.956084132194519,0.5985158681869507,0.7687727808952332
036077,0.956298828125,0.9600244164466858,0.8195018768310547,0.9247851371765137
036078,0.659423828125,0.6632398962974548,0.6764605641365051,0.7962498664855957
036079,0.531982421875,0.5967534184455872,0.3482339084148407,0.5347372889518738
036080,0.712158203125,0.7124871611595154,0.7497180104255676,0.7641367316246033
036081,0.531982421875,0.5748727321624756,0.7462155222892761,0.9184498190879822
036082,0.580322265625,0.6368330717086792,0.4040961265563965,0.7614487409591675
036084,0.968017578125,0.9680506587028503,1.0,0.8681846261024475
036085,0.706298828125,0.7083030939102173,0.7139173746109009,0.634566068649292
036086,0.5757649540901184,0.5791904330253601,0.5708760023117065,0.4974305033683777
036087,0.706298828125,0.7074133157730103,0.871160089969635,0.8673288226127625
036088,0.703369140625,0.7073695659637451,0.7838867902755737,0.8555235862731934
036089,0.968017578125,0.9680764079093933,1.0,0.8149129152297974
036090,0.505615234375,0.5153424739837646,0.427834689617157,0.6604146361351013
036091,0.959228515625,0.9595432877540588,0.8722942471504211,0.7748120427131653
036093,0.968017578125,0.9680634140968323,1.0,0.9238228797912598
036094,0.263671875,0.3214355409145355,0.21350501477718353,0.28061041235923767
036096,0.953369140625,0.9596508741378784,0.6543781161308289,0.7887017726898193
036097,0.0,0.12944285571575165,0.0,0.3519078493118286
036098,0.712158203125,0.7124661803245544,0.7497180104255676,0.7163171172142029
036099,0.503173828125,0.5109198689460754,0.3920743465423584,0.4719133973121643
036100,0.9466145634651184,0.953787088394165,0.5787770748138428,0.6680357456207275
036103,0.9673665165901184,0.9676212072372437,1.0,0.8611920475959778
036104,0.580322265625,0.6316540241241455,0.4618985950946808,0.5368860363960266
036105,0.947998046875,0.9527334570884705,0.5985158681869507,0.581372082233429
036107,0.9673665165901184,0.9676241278648376,1.0,0.8897282481193542
036108,0.4778645932674408,0.4862630367279053,0.4635950028896332,0.5987327098846436
036109,0.943115234375,0.9526811242103577,0.5359453558921814,0.7407999038696289
036112,0.703369140625,0.7080821990966797,0.5620065331459045,0.622799277305603
036115,0.584228515625,0.5847788453102112,0.7139173746109009,0.7066314220428467
036117,0.606689453125,0.6411813497543335,0.5334192514419556,0.5716555118560791
036118,0.9673665165901184,0.9677799344062805,0.8748590350151062,0.8648337721824646
036119,0.947998046875,0.9559361934661865,0.6841284036636353,0.7884235382080078
036122,0.962158203125,0.9624996185302734,0.9625431895256042,0.8948966860771179
036123,0.968017578125,0.968061089515686,1.0,0.9898110628128052
036124,0.953369140625,0.9588576555252075,0.6543781161308289,0.8459053039550781
036125,0.956298828125,0.9581016302108765,1.0,0.9927276372909546
036126,0.9673665165901184,0.9677139520645142,1.0,0.9211080074310303
036127,0.962158203125,0.9623960256576538,0.9625431895256042,0.9416754245758057
036128,0.619873046875,0.6278983354568481,0.4733748733997345,0.7146071195602417
036130,0.967041015625,0.967627227306366,0.8122885227203369,0.9185507893562317
036131,0.431884765625,0.4947826862335205,0.3415256440639496,0.5816484689712524
036132,0.953369140625,0.9582388401031494,0.912726640701294,0.8394806385040283
036133,0.584228515625,0.5849812030792236,0.6245770454406738,0.6769747138023376
036135,0.3599446713924408,0.44945067167282104,0.3001289367675781,0.5283129811286926
036136,0.956298828125,0.9590334892272949,1.0,0.9183509349822998
036137,0.08203125,0.259416401386261,0.053640495985746384,0.4858977496623993
036139,0.261474609375,0.36705440282821655,0.22860826551914215,0.5828526616096497
036140,0.9668782353401184,0.967766523361206,0.7810032963752747,0.9091538190841675
036141,0.712158203125,0.71234130859375,0.8569586873054504,0.7752460837364197
036142,0.499755859375,0.5827474594116211,0.4098700284957886,0.7404868602752686
036143,0.9668782353401184,0.9676166772842407,0.7810032963752747,0.9092322587966919
036144,0.263671875,0.3980490565299988,0.15307211875915527,0.3983917236328125
036145,0.263671875,0.3254433274269104,0.32801172137260437,0.385201632976532
036146,0.4778645932674408,0.486322283744812,0.4635950028896332,0.6356120705604553
036148,0.701904296875,0.7065607905387878,0.7402501106262207,0.8316296339035034
036152,0.619873046875,0.6260678768157959,0.4733748733997345,0.6277177333831787
036154,0.9673665165901184,0.9677644371986389,1.0,0.9673662185668945
036155,0.19921875,0.32727253437042236,0.19636499881744385,0.6113196611404419
036157,0.968017578125,0.968046247959137,1.0,0.822359561920166
036160,0.9507649540901184,0.9559584259986877,0.7292529344558716,0.8652185797691345
036161,0.968017578125,0.9680636525154114,1.0,0.9360142946243286
036165,0.9673665165901184,0.9675365090370178,1.0,1.0
036166,0.946533203125,0.9536025524139404,0.6577322483062744,0.7844033241271973
036167,0.14453125,0.25481951236724854,0.12132726609706879,0.40020886063575745
036168,0.374755859375,0.39648953080177307,0.28309693932533264,0.2997485101222992
036169,0.946533203125,0.9520881175994873,0.8793432712554932,0.9515625238418579
036170,0.499755859375,0.5086822509765625,0.9037794470787048,0.9512552618980408
036175,0.943115234375,0.9491784572601318,0.819014847278595,0.9265666604042053
036176,0.956298828125,0.9603533744812012,0.7169486284255981,0.7538830041885376
036180,0.940673828125,0.9539281129837036,0.5768473744392395,0.7697831392288208
036181,0.957763671875,0.958458662033081,0.7236568927764893,0.8112170696258545
036182,0.712158203125,0.7125515937805176,0.7497180104255676,0.8005998134613037
036183,0.946533203125,0.9518035054206848,0.6577322483062744,0.642797589302063
036184,0.9668782353401184,0.9674127697944641,0.7810032963752747,0.7338005900382996
036185,0.968017578125,0.9680434465408325,1.0,0.7796302437782288
036186,0.503173828125,0.5073344707489014,0.3920743465423584,0.35382091999053955
036188,0.968017578125,0.9680612683296204,1.0,0.9493733644485474
036190,0.450927734375,0.4543339014053345,0.6051790118217468,0.6390494108200073
036191,0.957763671875,0.9586566090583801,0.7236568927764893,0.8639705181121826
036195,0.953369140625,0.9564167261123657,1.0,1.0
036196,0.9673665165901184,0.9676031470298767,1.0,0.9497055411338806
036197,0.5694172978401184,0.5797968506813049,0.4055802822113037,0.6340275406837463
036198,0.431884765625,0.47261282801628113,0.3415256440639496,0.495045930147171
036200,0.300537109375,0.38217848539352417,0.24733662605285645,0.49606403708457947
036201,0.957763671875,0.9582549929618835,0.7236568927764893,0.7799810767173767
036202,0.957763671875,0.9585604667663574,0.7236568927764893,0.8027775287628174
036203,0.712158203125,0.7126922607421875,0.7497180104255676,0.816150426864624
036204,0.957763671875,0.9586628079414368,0.7236568927764893,0.9002686738967896
036205,0.9507649540901184,0.9552679061889648,0.7292529344558716,0.7299927473068237
036206,0.5757649540901184,0.5812373161315918,0.49943602085113525,0.5849572420120239
036209,0.510498046875,0.5173875689506531,0.49935534596443176,0.7257553339004517
036213,0.25390625,0.2984268367290497,0.5692896842956543,0.7320342659950256
036214,0.712158203125,0.7125779986381531,0.8569586873054504,0.8822205066680908
036218,0.951904296875,0.9600256681442261,0.6230928897857666,0.8318194150924683
036219,0.940673828125,0.9538394212722778,0.5768473744392395,0.7546114325523376
036221,0.959228515625,0.9597139358520508,0.8722942471504211,0.8792118430137634
036222,0.946533203125,0.9563487768173218,0.7083972692489624,0.8925454020500183
036223,0.508056640625,0.514285147190094,0.5334192514419556,0.7025385499000549
036227,0.706298828125,0.7083384990692139,0.871160089969635,0.7983673810958862
036228,0.5757649540901184,0.5762112736701965,0.763222336769104,0.7679992914199829
036230,0.9673665165901184,0.9676235318183899,1.0,0.9288802146911621
036231,0.946533203125,0.9535794258117676,0.6577322483062744,0.689610481262207
036232,0.967041015625,0.9676193594932556,0.8122885227203369,0.8833879828453064
036233,0.967041015625,0.9674946665763855,0.8122885227203369,0.8040319681167603
036234,0.940673828125,0.9526857137680054,0.5768473744392395,0.827520489692688
036235,0.503173828125,0.5067125558853149,0.5961002111434937,0.6868858337402344
036236,0.9673665165901184,0.9677280783653259,0.8748590350151062,0.9197614192962646
036239,0.9507649540901184,0.956419050693512,0.7292529344558716,0.8433251976966858
036241,0.304931640625,0.435883492231369,0.20000000298023224,0.6389763951301575
036242,0.304931640625,0.37769269943237305,0.2789600193500519,0.43130725622177124
036243,0.580322265625,0.6144424676895142,0.86592036485672,0.7675890326499939
036245,0.567138671875,0.6074978113174438,0.5199966430664062,0.6057125926017761
036246,0.9466145634651184,0.948805570602417,0.6615661382675171,0.6074506640434265
036247,0.323974609375,0.40576469898223877,0.2550044059753418,0.49338942766189575
036249,0.712158203125,0.7126731872558594,0.7497180104255676,0.8418576121330261
036251,0.943115234375,0.9507549405097961,0.6126077175140381,0.5803568959236145
036252,0.953369140625,0.95853191614151,0.7479812502861023,0.8230874538421631
036253,0.9507649540901184,0.954901397228241,0.8898733854293823,0.9313158988952637
036259,0.953369140625,0.9603341817855835,0.6543781161308289,0.8564735054969788
036261,0.0,0.24240723252296448,0.0,0.5088719725608826
036262,0.510498046875,0.5168086290359497,0.43686550855636597,0.5973203182220459
036263,0.703369140625,0.7081634402275085,0.6423966884613037,0.732446551322937
036265,0.503173828125,0.5119332671165466,0.3430097699165344,0.5087988376617432
036267,0.956298828125,0.95885169506073,0.8195018768310547,0.7920805811882019
036268,0.9668782353401184,0.9676319360733032,0.7810032963752747,0.9129145741462708
036269,0.967041015625,0.9676526188850403,0.9284793138504028,0.9347802400588989
036270,0.9673665165901184,0.96775221824646,0.8748590350151062,0.8234737515449524
036271,0.940673828125,0.9512969851493835,0.5768473744392395,0.8016432523727417
036272,0.956298828125,0.9591878056526184,0.8195018768310547,0.8643870949745178
036274,0.956298828125,0.9606369733810425,0.7169486284255981,0.8571955561637878
036275,0.606689453125,0.6497613191604614,0.6509066820144653,0.8191497921943665
036276,0.520263671875,0.5210058689117432,0.5620065331459045,0.7532141804695129
036277,0.9668782353401184,0.967759370803833,0.7810032963752747,0.7382999658584595
036278,0.9507649540901184,0.9556511044502258,0.8898733854293823,0.8778377175331116
036280,0.388427734375,0.39651942253112793,0.3251410126686096,0.4699951112270355
036281,0.16796875,0.25057703256607056,0.276936799287796,0.6503397822380066
036282,0.520263671875,0.5211632251739502,0.5620065331459045,0.8034734129905701
036284,0.21875,0.3299289345741272,0.15793579816818237,0.4721089005470276
036285,0.508056640625,0.5143120884895325,0.46666663885116577,0.633607029914856
036287,0.706298828125,0.7084746360778809,0.7139173746109009,0.6651215553283691
036288,0.3599446713924408,0.4243623912334442,0.3001289367675781,0.6555926203727722
036289,0.968017578125,0.9680512547492981,1.0,0.8626452684402466
036291,0.606689453125,0.6361281871795654,0.46666663885116577,0.6087148785591125
036293,0.323974609375,0.40670812129974365,0.2550044059753418,0.6200031042098999
036294,0.531982421875,0.5864485502243042,0.39804574847221375,0.5565951466560364
036295,0.584228515625,0.5850017070770264,0.6245770454406738,0.7669411897659302
036296,0.518798828125,0.5701675415039062,0.3716495931148529,0.44742351770401
036299,0.2122395932674408,0.2163202166557312,0.4175114035606384,0.3923240303993225
036300,0.943115234375,0.952491283416748,0.6126077175140381,0.6663659811019897
036301,0.951171875,0.957763671875,0.694340705871582,0.7950162291526794
036302,0.619873046875,0.62660813331604,0.5410870313644409,0.7228047251701355
036303,0.706298828125,0.7111129760742188,0.7139173746109009,0.8690568208694458
036304,0.261474609375,0.3671138882637024,0.22860826551914215,0.6631474494934082
036305,0.947998046875,0.9531726241111755,0.5985158681869507,0.6237155795097351
036306,0.9507649540901184,0.9557000398635864,0.6379934549331665,0.8304355144500732
036308,0.580322265625,0.580322265625,1.0,1.0
036309,0.300537109375,0.381711483001709,0.3306722342967987,0.6102095246315002
036311,0.94140625,0.9486532807350159,0.5900454521179199,0.5432842969894409
036312,0.968017578125,0.968056857585907,1.0,0.8950663805007935
036313,0.939453125,0.9514808654785156,0.489017516374588,0.7078755497932434
036318,0.47265625,0.4850330054759979,0.3430097699165344,0.6363731622695923
036321,0.466064453125,0.5496276617050171,0.25437816977500916,0.5307431817054749
036324,0.30078125,0.3443388044834137,0.24766992032527924,0.3684890866279602
036325,0.951171875,0.9583737254142761,0.694340705871582,0.8322263956069946
036326,0.606689453125,0.6452910304069519,0.6509066820144653,0.7951597571372986
036327,0.712158203125,0.7126898169517517,0.7497180104255676,0.7516246438026428
036328,0.706298828125,0.7109581828117371,0.7139173746109009,0.7458095550537109
036329,0.344482421875,0.41754257678985596,0.31885725259780884,0.6155803203582764
036331,0.560546875,0.5968213677406311,0.7653606534004211,0.8699656128883362
036334,0.9507649540901184,0.9555171132087708,0.7292529344558716,0.7398862242698669
036335,0.619873046875,0.6242726445198059,0.6602633595466614,0.7166744470596313
036336,0.300537109375,0.4053282141685486,0.2163846641778946,0.5083487033843994
036337,0.962158203125,0.9625543355941772,0.8420895934104919,0.8739738464355469
036339,0.968017578125,0.9680777192115784,1.0,0.9106698632240295
036340,0.959228515625,0.9598687887191772,0.7631344795227051,0.7275506258010864
036341,0.39453125,0.3997017443180084,0.4261382520198822,0.46048375964164734
036342,0.9668782353401184,0.9675206542015076,0.7810032963752747,0.7695236802101135
036343,0.956298828125,0.9611732363700867,0.7169486284255981,0.9266941547393799
036344,0.956298828125,0.9602957963943481,0.7169486284255981,0.8463783264160156
036349,0.633056640625,0.6399639844894409,0.5862115621566772,0.7434647679328918
036351,0.9673665165901184,0.9677436351776123,0.8748590350151062,0.9569442272186279
036352,0.505615234375,0.5119175314903259,0.5220667123794556,0.5379546284675598
036353,0.939453125,0.9443740844726562,0.5589672327041626,0.5788492560386658
036354,0.567138671875,0.6170661449432373,0.4261382520198822,0.6644895076751709
036355,0.02083333395421505,0.0559895858168602,0.09271639585494995,0.2851495146751404
036356,0.712158203125,0.7123536467552185,0.8569586873054504,0.783189594745636
036360,0.520263671875,0.5208563208580017,0.5620065331459045,0.6547830104827881
036363,0.508056640625,0.5134543180465698,0.5334192514419556,0.6809152364730835
036364,0.51953125,0.5960295796394348,0.3754834830760956,0.6311295628547668
036367,0.953369140625,0.9565566182136536,0.6543781161308289,0.5918847918510437
036368,0.556884765625,0.6177339553833008,0.3877114951610565,0.4880330264568329
036370,0.300537109375,0.3875751197338104,0.2163846641778946,0.41953179240226746
036372,0.3599446713924408,0.4181273877620697,0.36623337864875793,0.49524709582328796
036373,0.44921875,0.4867095947265625,0.6293790340423584,0.8025880455970764
036374,0.943115234375,0.9496844410896301,0.5359453558921814,0.6563708782196045
036377,0.951171875,0.9534558057785034,0.8472716808319092,0.6729468703269958
036378,0.1875,0.287078857421875,0.23226092755794525,0.44267070293426514
036380,0.943115234375,0.9469635486602783,0.9313938021659851,0.9731032252311707
036381,0.4700520932674408,0.4793446958065033,0.3563140034675598,0.4778323173522949
036383,0.968017578125,0.9680767059326172,1.0,0.9118238091468811
036384,0.9673665165901184,0.967728853225708,1.0,0.9834354519844055
036385,0.9673665165901184,0.9675886034965515,1.0,0.8384547829627991
036386,0.967041015625,0.9678053855895996,0.8122885227203369,0.8532296419143677
036387,0.9673665165901184,0.9675810933113098,1.0,0.9916167855262756
036388,0.967041015625,0.9674886465072632,0.9284793138504028,0.8708252906799316
036389,0.951904296875,0.9598684906959534,0.7122209072113037,0.8327333927154541
036390,0.9668782353401184,0.9676476716995239,0.7810032963752747,0.9107298851013184
036392,0.47265625,0.501220703125,0.3709116578102112,0.3638164699077606
036393,0.968017578125,0.9680551886558533,1.0,0.8177129030227661
036394,0.9444172978401184,0.9497655630111694,0.9456308484077454,0.9850168824195862
036396,0.393798828125,0.4273985028266907,0.8579513430595398,0.824177086353302
036398,0.951171875,0.9556376934051514,0.694340705871582,0.6958328485488892
036399,0.706298828125,0.7077665328979492,0.7139173746109009,0.578045129776001
036400,0.584228515625,0.5850016474723816,0.6245770454406738,0.8090814352035522
036401,0.9673665165901184,0.9677190184593201,0.8748590350151062,0.7941842675209045
036402,0.962158203125,0.9624831080436707,0.9625431895256042,0.9167974591255188
036403,0.962158203125,0.9626008868217468,0.8420895934104919,0.841231644153595
036406,0.34765625,0.35630860924720764,0.293855756521225,0.5189507603645325
036408,0.567138671875,0.6377602219581604,0.5199966430664062,0.6442622542381287
036409,0.556884765625,0.58646559715271,0.8308104276657104,0.7973141074180603
036410,0.1458333432674408,0.1722005307674408,0.3935772776603699,0.5388668775558472
036411,0.953369140625,0.9567700028419495,0.912726640701294,0.8465994596481323
036412,0.953369140625,0.9603261351585388,0.7479812502861023,0.9185479283332825
036414,0.968017578125,0.9680569767951965,1.0,0.9729346632957458
036415,0.953369140625,0.9582638740539551,0.6543781161308289,0.7371661067008972
036417,0.39453125,0.39997684955596924,0.37281090021133423,0.4554424583911896
036418,0.556884765625,0.5980221629142761,0.5407800078392029,0.6713273525238037
036419,0.606689453125,0.6360679268836975,0.46666663885116577,0.5121518969535828
036420,0.703369140625,0.7077056765556335,0.6423966884613037,0.7199864387512207
036422,0.571533203125,0.5775312781333923,0.6093400716781616,0.7637573480606079
036424,0.584228515625,0.5847471952438354,0.7139173746109009,0.7499198317527771
036425,0.431884765625,0.4575086832046509,0.4763599932193756,0.43220508098602295
036427,0.946533203125,0.9565733075141907,0.575423002243042,0.876642644405365
036428,0.212890625,0.3450387120246887,0.12984324991703033,0.43695464730262756
036430,0.706298828125,0.7097827196121216,0.6245770454406738,0.6364411115646362
036432,0.940673828125,0.9473718404769897,0.771205723285675,0.9021779894828796
036433,0.9673665165901184,0.9675389528274536,1.0,0.9608625173568726
036435,0.956298828125,0.9595679640769958,0.8195018768310547,0.872739851474762
036439,0.1106770858168602,0.23786938190460205,0.10441335290670395,0.30985257029533386
036440,0.499755859375,0.5848572254180908,0.3358892798423767,0.5778172612190247
036441,0.9507649540901184,0.952043354511261,0.974961519241333,0.968634843826294
036442,0.9668782353401184,0.9674171805381775,0.7810032963752747,0.80425626039505
036443,0.940673828125,0.9490049481391907,0.5768473744392395,0.7671778798103333
036444,0.703369140625,0.7083084583282471,0.7838867902755737,0.7942217588424683
036445,0.9673665165901184,0.9677229523658752,1.0,0.9310001134872437
036446,0.943359375,0.9503540992736816,0.7371450066566467,0.7084649205207825
036447,0.957763671875,0.9582077264785767,0.7236568927764893,0.6544444561004639
036448,0.943359375,0.9519627094268799,0.5284951329231262,0.6232180595397949
036449,0.953369140625,0.9570151567459106,0.7479812502861023,0.7551949620246887
036451,0.9673665165901184,0.9679014682769775,0.8748590350151062,0.9726325869560242
036455,0.9444172978401184,0.9559962749481201,0.6219719052314758,0.824474573135376
036456,0.520263671875,0.520958423614502,0.6423966884613037,0.7100077271461487
036458,0.5694172978401184,0.5738858580589294,0.6197949647903442,0.6643536686897278
036459,0.95703125,0.9577032327651978,0.7039180397987366,0.8455886244773865
036461,0.531982421875,0.5875760316848755,0.3482339084148407,0.6192118525505066
036463,0.35546875,0.3596397042274475,0.3273770213127136,0.39612916111946106
036464,0.943115234375,0.9546182751655579,0.6126077175140381,0.8009671568870544
036466,0.431884765625,0.48308777809143066,0.3415256440639496,0.5825067758560181
036467,0.701904296875,0.7047882080078125,0.7402501106262207,0.7998213171958923
036468,0.44921875,0.5314568877220154,0.2682024836540222,0.5675492286682129
036469,0.701904296875,0.7039642333984375,0.7402501106262207,0.6953177452087402
036471,0.4700520932674408,0.47947150468826294,0.3563140034675598,0.4347451627254486
036473,0.9673665165901184,0.9677823185920715,0.8748590350151062,0.8735466599464417
036474,0.946533203125,0.9549567699432373,0.6577322483062744,0.7952575087547302
036475,0.967041015625,0.967602014541626,0.9284793138504028,0.8742588758468628
036476,0.962158203125,0.9624365568161011,0.8420895934104919,0.7554388046264648
036477,0.4375,0.5179165005683899,0.30545666813850403,0.41333577036857605
036478,0.701171875,0.7070165872573853,0.5150786638259888,0.6887197494506836
036480,0.02083333395421505,0.11983563005924225,0.021818332374095917,0.23776580393314362
036484,0.374755859375,0.46324580907821655,0.24766992032527924,0.5713204741477966
036485,0.946533203125,0.9548737406730652,0.6577322483062744,0.7607743144035339
036486,0.365234375,0.4464585483074188,0.4972013831138611,0.7630312442779541
036487,0.951904296875,0.9551334381103516,0.9521908760070801,0.9741913676261902
036490,0.580322265625,0.6437409520149231,0.4040961265563965,0.787301778793335
036492,0.968017578125,0.9680585265159607,1.0,0.9106272459030151
036493,0.568359375,0.57073974609375,0.6776539087295532,0.7479004263877869
036494,0.3599446713924408,0.44697698950767517,0.40125197172164917,0.6687940359115601
036498,0.35546875,0.36499112844467163,0.3709116578102112,0.5388128161430359
036499,0.951904296875,0.9578643441200256,0.8690900206565857,0.9122095108032227
036500,0.9673665165901184,0.9676969051361084,1.0,0.951122522354126
036501,0.956298828125,0.9611693620681763,0.7169486284255981,0.8864986300468445
036502,0.947998046875,0.9509222507476807,0.9146330952644348,0.9413913488388062
036505,0.956298828125,0.9564224481582642,1.0,0.9064536690711975
036508,0.2774251401424408,0.38460350036621094,0.1687147468328476,0.4891664981842041
036509,0.518798828125,0.6088492274284363,0.3251410126686096,0.522129476070404
036512,0.5757649540901184,0.5803561210632324,0.49943602085113525,0.5009582042694092
036516,0.499755859375,0.5936745405197144,0.3358892798423767,0.6734837889671326
036517,0.30078125,0.3504197597503662,0.3454500138759613,0.5732315182685852
036519,0.19921875,0.2719642221927643,0.30167919397354126,0.5026639699935913
036521,0.939453125,0.9462200403213501,0.6820816993713379,0.7995243668556213
036522,0.701904296875,0.7082332372665405,0.6066363453865051,0.6593825817108154
036523,0.967041015625,0.9676544070243835,0.8122885227203369,0.8669929504394531
036525,0.953369140625,0.955751359462738,1.0,0.9780341982841492
036528,0.9507649540901184,0.954282283782959,0.6379934549331665,0.566652774810791
036530,0.300537109375,0.33812227845191956,0.6655102372169495,0.7236495018005371
036531,0.260498046875,0.3164401650428772,0.8026120662689209,0.9378759264945984
036532,0.260498046875,0.345746248960495,0.24530528485774994,0.4262699782848358
036533,0.499755859375,0.5809306502342224,0.3358892798423767,0.662865161895752
036534,0.556884765625,0.5766413807868958,0.9594535827636719,0.9573405385017395
036535,0.5757649540901184,0.5813947916030884,0.5708760023117065,0.7131984233856201
036537,0.943115234375,0.9510600566864014,0.6126077175140381,0.696887195110321
036538,0.503173828125,0.514558732509613,0.3430097699165344,0.5627498030662537
036541,0.940673828125,0.9472931623458862,0.5768473744392395,0.556098222732544
036542,0.968017578125,0.9680607318878174,1.0,0.9143533110618591
036543,0.4778645932674408,0.4850085973739624,0.4635950028896332,0.5921456813812256
036544,0.701171875,0.7080222964286804,0.5150786638259888,0.6457032561302185
036545,0.556884765625,0.5906763672828674,0.8308104276657104,0.943030059337616
036549,0.431884765625,0.48433011770248413,0.4763599932193756,0.6614698767662048
036550,0.388427734375,0.39644917845726013,0.4535067081451416,0.6236377954483032
036551,0.197998046875,0.3054649829864502,0.13742950558662415,0.36419761180877686
036552,0.3599446713924408,0.4504784345626831,0.26257050037384033,0.560672402381897
036554,0.0,0.12264343351125717,0.0,0.1749410480260849
036555,0.344482421875,0.3876827657222748,0.2789551615715027,0.42251357436180115
036556,0.388427734375,0.39888644218444824,0.3251410126686096,0.5681729912757874
036557,0.580322265625,0.6065810322761536,0.4618985950946808,0.43438804149627686
036558,0.2774251401424408,0.3420545160770416,0.1687147468328476,0.2634410560131073
036560,0.344482421875,0.35746002197265625,0.5977610945701599,0.7128319144248962
036561,0.2122395932674408,0.2950109541416168,0.1687147468328476,0.32502835988998413
036562,0.499755859375,0.499755859375,1.0,1.0
036564,0.619873046875,0.6277942657470703,0.4733748733997345,0.5739514827728271
036565,0.490234375,0.5392029881477356,0.27821314334869385,0.29928478598594666
036566,0.34765625,0.35692334175109863,0.293855756521225,0.4539976716041565
036569,0.61328125,0.6209611296653748,0.5185247659683228,0.6919131875038147
036570,0.712158203125,0.7123738527297974,0.8569586873054504,0.7807358503341675
036571,0.431884765625,0.43805354833602905,0.4763599932193756,0.39226749539375305
036573,0.9668782353401184,0.9674869775772095,0.892719030380249,0.9610051512718201
036574,0.946533203125,0.9545109868049622,0.575423002243042,0.8619940876960754
036575,0.450927734375,0.45572102069854736,0.48571667075157166,0.49990400671958923
036576,0.16796875,0.22733354568481445,0.14772342145442963,0.21911916136741638
036577,0.4700520932674408,0.47790059447288513,0.4347934126853943,0.5533771514892578
036578,0.953369140625,0.9602104425430298,0.7479812502861023,0.7855207324028015
036579,0.556884765625,0.5951851010322571,0.5407800078392029,0.662122368812561
036580,0.967041015625,0.9673928618431091,0.8122885227203369,0.7330941557884216
036584,0.08203125,0.2936590909957886,0.06545499712228775,0.44240817427635193
036586,0.951171875,0.9557785391807556,0.8472716808319092,0.8364357948303223
036587,0.712158203125,0.7124772667884827,0.7497180104255676,0.7669046521186829
036588,0.304931640625,0.4143345355987549,0.2789600193500519,0.5995438098907471
036589,0.9668782353401184,0.9677808284759521,0.7810032963752747,0.8589840531349182
036591,0.966796875,0.9677379727363586,0.7653606534004211,0.8057274222373962
036595,0.393798828125,0.44813743233680725,0.2789551615715027,0.4224112629890442
036596,0.712158203125,0.7124773859977722,0.8569586873054504,0.872096598148346
036600,0.701904296875,0.7099615931510925,0.5307213068008423,0.7824850678443909
036601,0.968017578125,0.9680545330047607,1.0,0.98203444480896
036602,0.957763671875,0.9582007527351379,0.8271697163581848,0.7730197906494141
036603,0.962158203125,0.9624758362770081,0.9625431895256042,0.9162002801895142
036604,0.304931640625,0.3996172547340393,0.20000000298023224,0.32781776785850525
036605,0.703369140625,0.7069640159606934,0.5620065331459045,0.5171282887458801
036606,0.466064453125,0.550347089767456,0.2907647490501404,0.6708968877792358
036607,0.943359375,0.9556223154067993,0.6040917634963989,0.7956894040107727
036608,0.957763671875,0.9581224918365479,0.8271697163581848,0.6927679777145386
036609,0.9673665165901184,0.9676673412322998,1.0,0.8599834442138672
036612,0.959228515625,0.9597941637039185,0.8722942471504211,0.9415435194969177
036614,0.4375,0.5278582572937012,0.30545666813850403,0.6124246120452881
036615,0.703369140625,0.7091063857078552,0.5620065331459045,0.7906115055084229
036616,0.968017578125,0.9680436253547668,1.0,0.8248336315155029
036617,0.9673665165901184,0.9677980542182922,0.8748590350151062,0.8858365416526794
036622,0.619873046875,0.6240602135658264,0.4733748733997345,0.5098677277565002
036625,0.962158203125,0.9623531103134155,0.9625431895256042,0.9103832244873047
036627,0.61328125,0.62189781665802,0.4536360800266266,0.7363103628158569
036628,0.951904296875,0.955599308013916,0.6230928897857666,0.5623621940612793
036629,0.659423828125,0.6634883284568787,0.5918076038360596,0.7641059756278992
036631,0.9375,0.9527609944343567,0.4692787230014801,0.8066083788871765
036632,0.956298828125,0.9601806998252869,0.7169486284255981,0.8704310059547424
036635,0.520263671875,0.5208447575569153,0.5620065331459045,0.5917575359344482
036638,0.556884765625,0.6058387756347656,0.5407800078392029,0.6638582348823547
036639,0.967041015625,0.9676859974861145,0.8122885227203369,0.9071143269538879
036640,0.499755859375,0.5438647866249084,0.4098700284957886,0.47673264145851135
036641,0.1875,0.3820953369140625,0.1309099942445755,0.4891834557056427
036644,0.951904296875,0.95821213722229,0.6230928897857666,0.7445258498191833
036645,0.2044270783662796,0.3896142840385437,0.12516115605831146,0.49240827560424805
036646,0.3125,0.32609954476356506,0.2682024836540222,0.4998142123222351
036648,0.567138671875,0.6058076620101929,0.7988805174827576,0.7609705328941345
036649,0.659423828125,0.6627135872840881,0.8254533410072327,0.8011411428451538
036650,0.505615234375,0.5160000920295715,0.427834689617157,0.7096530795097351
036651,0.2122395932674408,0.2989972233772278,0.19284793734550476,0.5563147068023682
036652,0.219970703125,0.31862714886665344,0.16052241623401642,0.4300745129585266
036653,0.953369140625,0.9603793621063232,0.6543781161308289,0.916692316532135
036654,0.2774251401424408,0.43001237511634827,0.19284793734550476,0.5739778876304626
036655,0.943115234375,0.9490619897842407,0.819014847278595,0.9202827215194702
036656,0.469970703125,0.4765189290046692,0.3877114951610565,0.5420544743537903
036658,0.9673665165901184,0.967625081539154,1.0,0.9279397130012512
036660,0.9507649540901184,0.9553805589675903,0.6379934549331665,0.705458402633667
036662,0.701904296875,0.707368791103363,0.5307213068008423,0.658173680305481
036663,0.946533203125,0.9566129446029663,0.575423002243042,0.7906227707862854
036670,0.2774251401424408,0.3843551576137543,0.257824569940567,0.6093639135360718
036671,0.962158203125,0.9624647498130798,0.9625431895256042,0.8840831518173218
036674,0.2122395932674408,0.28997519612312317,0.23532335460186005,0.41486024856567383
036675,0.94140625,0.9481801986694336,0.5900454521179199,0.6198941469192505
036676,0.1875,0.266845703125,0.31939393281936646,0.6535487771034241
036677,0.956298828125,0.9587995409965515,1.0,0.9226622581481934
036678,0.584228515625,0.5846507549285889,0.7139173746109009,0.7372773885726929
036681,0.3599446713924408,0.4507678747177124,0.3001289367675781,0.6024492979049683
036682,0.968017578125,0.9680777192115784,1.0,0.9747866988182068
036683,0.943115234375,0.9474110007286072,0.6126077175140381,0.5366488695144653
036685,0.947998046875,0.9547638297080994,0.6841284036636353,0.8688101768493652
036686,0.951171875,0.9563103318214417,0.8472716808319092,0.9465519785881042
036687,0.953369140625,0.9574756026268005,0.912726640701294,0.9485819339752197
036688,0.9668782353401184,0.9676279425621033,0.7810032963752747,0.8874272108078003
036689,0.968017578125,0.9680470824241638,1.0,0.8102569580078125
036691,0.943115234375,0.9504319429397583,0.6126077175140381,0.7511018514633179
036692,0.12109375,0.3086312711238861,0.07821311801671982,0.4204537272453308
036693,0.956298828125,0.9585602879524231,1.0,0.8642881512641907
036694,0.968017578125,0.9680608510971069,1.0,0.9614964723587036
036695,0.61328125,0.6166579723358154,0.6327316761016846,0.6432933807373047
036697,0.953369140625,0.9589036107063293,0.912726640701294,0.9331481456756592
036699,0.9673665165901184,0.9675742387771606,0.8748590350151062,0.7422971129417419
036700,0.584228515625,0.5842781066894531,0.7689103484153748,0.772680938243866
036701,0.968017578125,0.9680574536323547,1.0,0.8981985449790955
036702,0.9507649540901184,0.9563989639282227,0.6379934549331665,0.8323367238044739
036703,0.9668782353401184,0.9674193859100342,0.892719030380249,0.899994432926178
036704,0.951904296875,0.9561400413513184,0.8690900206565857,0.9151092767715454
036705,0.9673665165901184,0.9677727222442627,0.8748590350151062,0.9126461744308472
036706,0.219970703125,0.26844358444213867,0.397238165140152,0.5822851657867432
036707,0.499755859375,0.5934371948242188,0.3358892798423767,0.616020917892456
036709,0.3059895932674408,0.4050509035587311,0.2033541053533554,0.3837643265724182
036710,0.947998046875,0.9559358954429626,0.5985158681869507,0.8246102333068848
036711,0.956298828125,0.9595887660980225,0.8195018768310547,0.8051063418388367
036713,0.94140625,0.9450616240501404,0.7888506054878235,0.7602393627166748
036714,0.703369140625,0.7103093266487122,0.5620065331459045,0.714655339717865
036716,0.388427734375,0.39477840065956116,0.3251410126686096,0.4270156919956207
036717,0.943359375,0.9525130987167358,0.5284951329231262,0.6878623366355896
036719,0.110107421875,0.2548369765281677,0.09298666566610336,0.38726553320884705
036722,0.510498046875,0.5159326791763306,0.6093400716781616,0.6520818471908569
036723,0.9673665165901184,0.967826247215271,0.8748590350151062,0.9311386942863464
036726,0.966796875,0.9672982096672058,0.7653606534004211,0.6078940033912659
036727,0.5694172978401184,0.5762606859207153,0.4635950028896332,0.6183137893676758
036728,0.5757649540901184,0.5803331732749939,0.49943602085113525,0.5856678485870361
036729,0.606689453125,0.6293196678161621,0.46666663885116577,0.4982151985168457
036731,0.953369140625,0.958385169506073,0.6543781161308289,0.6981452703475952
036732,0.712158203125,0.7125335335731506,0.7497180104255676,0.7433468699455261
036733,0.263671875,0.3581142723560333,0.37880125641822815,0.7294791340827942
036735,0.32421875,0.3327450454235077,0.25437816977500916,0.34423112869262695
036739,0.518798828125,0.5923689603805542,0.3716495931148529,0.6505411267280579
036740,0.44921875,0.555112361907959,0.32727500796318054,0.5209689140319824
036741,0.951171875,0.9559507369995117,0.694340705871582,0.6746304035186768
036743,0.946533203125,0.9495435357093811,1.0,0.9840964674949646
036744,0.703369140625,0.7102726697921753,0.6423966884613037,0.8440311551094055
036747,0.956298828125,0.9584365487098694,1.0,0.9113723635673523
036749,0.4700520932674408,0.4807232618331909,0.3117245137691498,0.548566460609436
036750,0.9444172978401184,0.9541136622428894,0.544137716293335,0.693778932094574
036751,0.432373046875,0.43839573860168457,0.4618985950946808,0.6296271681785583
036752,0.304931640625,0.4371478855609894,0.20000000298023224,0.4567216634750366
036753,0.967041015625,0.9675212502479553,0.8122885227203369,0.9354087710380554
036755,0.947998046875,0.9560608267784119,0.5985158681869507,0.8343074917793274
036756,0.584228515625,0.5848608016967773,0.6245770454406738,0.7862141728401184
036759,0.584228515625,0.5848064422607422,0.6245770454406738,0.6250270009040833
036761,0.2122395932674408,0.3195348083972931,0.23532335460186005,0.4433403015136719
036762,0.580322265625,0.6000788807868958,0.86592036485672,0.7768038511276245
036763,0.4778645932674408,0.4813527464866638,0.5657033920288086,0.6443074941635132
036764,0.968017578125,0.9680548906326294,1.0,0.890057384967804
036766,0.556884765625,0.6198359727859497,0.4431702494621277,0.7263695597648621
036769,0.393798828125,0.42125463485717773,0.8579513430595398,0.8720155954360962
036772,0.712158203125,0.7124329805374146,0.8569586873054504,0.7643129229545593
036773,0.260498046875,0.4120117723941803,0.18348374962806702,0.6229217052459717
036774,0.956298828125,0.9589266777038574,0.8195018768310547,0.6736871004104614
036775,0.706298828125,0.7089412212371826,0.7139173746109009,0.6723368167877197
036777,0.968017578125,0.9680769443511963,1.0,0.9239271879196167
036778,0.946533203125,0.955216109752655,0.575423002243042,0.8160915970802307
036780,0.344482421875,0.39823025465011597,0.38908666372299194,0.6312430500984192
036781,0.61328125,0.6173505187034607,0.5185247659683228,0.6013186573982239
036783,0.9673665165901184,0.9677494764328003,1.0,0.9057022333145142
036784,0.968017578125,0.9680582284927368,1.0,0.9548650979995728
036785,0.488037109375,0.593602180480957,0.3265250623226166,0.6216200590133667
036788,0.267578125,0.34511733055114746,0.23635835945606232,0.524593710899353
036789,0.9673665165901184,0.9677695035934448,0.8748590350151062,0.9493357539176941
036790,0.388427734375,0.3969601094722748,0.3716495931148529,0.5708215236663818
036791,0.374755859375,0.4772302210330963,0.37848135828971863,0.7068301439285278
036793,0.659423828125,0.6624943017959595,0.6764605641365051,0.621653139591217
036795,0.703369140625,0.7065477967262268,0.7838867902755737,0.6956955790519714
036797,0.560546875,0.5780563354492188,0.8838695287704468,0.8951280117034912
036798,0.968017578125,0.9680525064468384,1.0,0.9013004302978516
036800,0.953369140625,0.9576658010482788,0.7479812502861023,0.8688556551933289
036801,0.968017578125,0.9680545330047607,1.0,0.8542611002922058
036804,0.967041015625,0.9675053954124451,0.9284793138504028,0.9130700826644897
036805,0.263671875,0.31473082304000854,0.2660166919231415,0.352374404668808
036806,0.956298828125,0.9584582448005676,0.8195018768310547,0.7596459984779358
036809,0.9444172978401184,0.952187180519104,0.544137716293335,0.5548133850097656
036812,0.9668782353401184,0.9677730798721313,0.7810032963752747,0.9464529156684875
036813,0.5757649540901184,0.578314483165741,0.6966133713722229,0.6856884360313416
036814,0.261474609375,0.3317805528640747,0.22860826551914215,0.4366467297077179
036815,0.304931640625,0.3585001230239868,0.2789600193500519,0.37535354495048523
036816,0.947998046875,0.9517914056777954,0.9146330952644348,0.9168827533721924
036818,0.703369140625,0.7085168957710266,0.6423966884613037,0.7656959891319275
036822,0.9673665165901184,0.9677135348320007,1.0,0.8594078421592712
036823,0.388427734375,0.3953365683555603,0.3251410126686096,0.4287160634994507
036824,0.943115234375,0.9545350074768066,0.5359453558921814,0.6708779335021973
036825,0.228759765625,0.3485713005065918,0.276936799287796,0.5986467599868774
036826,0.393798828125,0.48429957032203674,0.31885725259780884,0.6871247291564941
036827,0.505615234375,0.5122683048248291,0.5220667123794556,0.626396894454956
036828,0.959228515625,0.9597054719924927,0.8722942471504211,0.8929830193519592
036829,0.968017578125,0.9680474996566772,1.0,0.890614926815033
036831,0.946533203125,0.9563006162643433,0.6577322483062744,0.6876845955848694
036832,0.940673828125,0.9541608095169067,0.5046601295471191,0.7862671613693237
036833,0.166259765625,0.2744079828262329,0.22745199501514435,0.5893158912658691
036836,0.1458333432674408,0.1942189633846283,0.2709710896015167,0.3809875249862671
036837,0.212890625,0.3079407513141632,0.1584416627883911,0.3077217936515808
036838,0.968017578125,0.9680591225624084,1.0,0.9613653421401978
036839,0.946533203125,0.9563188552856445,0.6577322483062744,0.7744138240814209
036841,0.556884765625,0.6035674214363098,0.4431702494621277,0.6862025260925293
036842,0.556884765625,0.6086766123771667,0.3877114951610565,0.6311095952987671
036850,0.967041015625,0.9676485061645508,0.8122885227203369,0.8831502795219421
036851,0.968017578125,0.9680764079093933,1.0,0.8155571222305298
036854,0.9673665165901184,0.9677433967590332,0.8748590350151062,0.8588972687721252
036855,0.61328125,0.6158625483512878,0.4536360800266266,0.44754040241241455
036856,0.947998046875,0.9530573487281799,0.5985158681869507,0.7800109386444092
036857,0.962158203125,0.9625446796417236,0.9625431895256042,0.8764263391494751
036858,0.431884765625,0.4952915906906128,0.3415256440639496,0.6716907620429993
036859,0.61328125,0.6187254786491394,0.5185247659683228,0.5896611213684082
036860,0.712158203125,0.7125334143638611,0.7497180104255676,0.7256548404693604
036862,0.228759765625,0.3987618684768677,0.12923716008663177,0.26727643609046936
036863,0.940673828125,0.9500877261161804,0.5046601295471191,0.7293125987052917
036864,0.531982421875,0.5863533616065979,0.3482339084148407,0.5164350271224976
036867,0.531982421875,0.6037036180496216,0.3482339084148407,0.558838427066803
036868,0.469970703125,0.4776567220687866,0.3877114951610565,0.49593624472618103
036869,0.571533203125,0.5798550844192505,0.43686550855636597,0.5955259799957275
036870,0.943115234375,0.9526300430297852,0.5359453558921814,0.7422803640365601
036873,0.12109375,0.2057412564754486,0.08940082788467407,0.20423465967178345
036874,0.959228515625,0.9597796201705933,0.7631344795227051,0.7080037593841553
036875,0.956298828125,0.9601554274559021,0.7169486284255981,0.6350840330123901
036876,0.3599446713924408,0.4128316640853882,0.3001289367675781,0.4321173131465912
036877,0.956298828125,0.9605858325958252,0.8195018768310547,0.9425551295280457
036878,0.531982421875,0.5796105265617371,0.39804574847221375,0.6097447872161865
036880,0.219970703125,0.29868075251579285,0.18348374962806702,0.3671790063381195
036884,0.19921875,0.32724517583847046,0.14078360795974731,0.37077009677886963
036885,0.488037109375,0.5610468983650208,0.2856633961200714,0.5408042073249817
036887,0.9507649540901184,0.9562873244285583,0.7292529344558716,0.87598717212677
036888,0.9673665165901184,0.9673894047737122,1.0,0.9029067754745483
036889,0.9375,0.9434272050857544,0.6008664965629578,0.7732740044593811
036891,0.531982421875,0.5546904802322388,0.3482339084148407,0.34244146943092346
036893,0.9507649540901184,0.9542862176895142,0.7292529344558716,0.6941699981689453
036894,0.568359375,0.5775433778762817,0.4457148313522339,0.6650667786598206
036895,0.556884765625,0.5946512818336487,0.4431702494621277,0.6449633240699768
036896,0.30078125,0.36013877391815186,0.28309693932533264,0.46092841029167175
036898,0.966796875,0.9673164486885071,0.7653606534004211,0.8991906642913818
036899,0.659423828125,0.6641920804977417,0.5918076038360596,0.6707169413566589
036900,0.197998046875,0.3496330976486206,0.15708759427070618,0.6234236359596252
036901,0.432373046875,0.43908220529556274,0.4618985950946808,0.700835108757019
036904,0.953369140625,0.9576792120933533,0.912726640701294,0.9820103645324707
036905,0.5757649540901184,0.5814868211746216,0.5708760023117065,0.7445745468139648
036906,0.344482421875,0.4014723300933838,0.31885725259780884,0.539888322353363
036907,0.44140625,0.444183349609375,0.501995861530304,0.5722237825393677
036909,0.3599446713924408,0.4201541543006897,0.26257050037384033,0.5008463263511658
036910,0.94140625,0.9473261833190918,0.5900454521179199,0.562461793422699
036911,0.44140625,0.446778804063797,0.3754834830760956,0.39930811524391174
036912,0.0625,0.1921694576740265,0.10055973380804062,0.45530200004577637
036913,0.47265625,0.5610763430595398,0.2659246027469635,0.4232889711856842
036914,0.968017578125,0.9680616855621338,1.0,0.9746319651603699
036915,0.580322265625,0.591556966304779,0.4618985950946808,0.40863749384880066
036916,0.9444172978401184,0.951352596282959,0.6219719052314758,0.8298323750495911
036918,0.0,0.0385044664144516,0.0,0.06353466957807541
036919,0.150390625,0.3380180597305298,0.09050162881612778,0.3795624375343323
036922,0.304931640625,0.43593111634254456,0.22860826551914215,0.5585150718688965
036923,0.962158203125,0.9623926281929016,0.9625431895256042,0.867048442363739
036925,0.9673665165901184,0.9675997495651245,0.8748590350151062,0.7577624320983887
036926,0.5757649540901184,0.5801295638084412,0.5708760023117065,0.5609316229820251
036927,0.9668782353401184,0.9677808284759521,0.7810032963752747,0.8230074048042297
036929,0.962158203125,0.9624506831169128,0.8420895934104919,0.7440667748451233
036930,0.703369140625,0.7104095220565796,0.5620065331459045,0.8201872706413269
036931,0.701904296875,0.7098831534385681,0.6066363453865051,0.7888275980949402
036932,0.374755859375,0.44387370347976685,0.28309693932533264,0.5203688740730286
036933,0.956298828125,0.9600352048873901,0.8195018768310547,0.9066694974899292
036934,0.967041015625,0.9675719141960144,0.9284793138504028,0.9568160176277161
036935,0.9673665165901184,0.9676347374916077,1.0,0.8477053046226501
036937,0.967041015625,0.9674935936927795,0.9284793138504028,0.8852382302284241
036938,0.968017578125,0.9680419564247131,1.0,0.8849846124649048
036939,0.953369140625,0.9589579701423645,0.7479812502861023,0.8564541339874268
036940,0.95703125,0.957975447177887,0.7039180397987366,0.768546998500824
036941,0.23828125,0.39675527811050415,0.16092148423194885,0.4001614451408386
036942,0.943115234375,0.9501128196716309,0.6126077175140381,0.6362007260322571
036945,0.02083333395421505,0.0384114608168602,0.021818332374095917,0.04992029443383217
036946,0.23046875,0.3582864999771118,0.17581595480442047,0.49016073346138
036947,0.701171875,0.7089229226112366,0.5150786638259888,0.7286719679832458
036948,0.469970703125,0.4783947467803955,0.3877114951610565,0.4806922972202301
036949,0.34765625,0.35812869668006897,0.293855756521225,0.5863170027732849
036950,0.09375,0.24239809811115265,0.0676867738366127,0.3395565450191498
036952,0.706298828125,0.7097653746604919,0.7139173746109009,0.7220625877380371
036955,0.94140625,0.9490925073623657,0.5900454521179199,0.5980668067932129
036956,0.568359375,0.5753153562545776,0.4457148313522339,0.5290756225585938
036958,0.571533203125,0.5796631574630737,0.6093400716781616,0.8098690509796143
036959,0.939453125,0.9505923986434937,0.5589672327041626,0.6879738569259644
036960,0.580322265625,0.6421072483062744,0.5636333227157593,0.8136104941368103
036961,0.966796875,0.9677472710609436,0.7653606534004211,0.8461716175079346
036963,0.959228515625,0.9596229195594788,0.8722942471504211,0.751094400882721
036965,0.956298828125,0.95888352394104,0.7169486284255981,0.6753815412521362
036966,0.499755859375,0.6043634414672852,0.293855756521225,0.5916723012924194
036967,0.568359375,0.5709133148193359,0.4457148313522339,0.42326417565345764
036970,0.146728515625,0.26614275574684143,0.1496870219707489,0.518581748008728
036972,0.560546875,0.6385785341262817,0.3571682572364807,0.6121490597724915
036974,0.9466145634651184,0.9537366628646851,0.6615661382675171,0.7460507750511169
036976,0.510498046875,0.5186242461204529,0.43686550855636597,0.7292237877845764
036977,0.260498046875,0.3287821412086487,0.18348374962806702,0.2974473834037781
036978,0.584228515625,0.5844262838363647,0.7139173746109009,0.6337813138961792
036979,0.365234375,0.42078259587287903,0.4972013831138611,0.7643812298774719
036980,0.505615234375,0.5128990411758423,0.37429502606391907,0.565278947353363
036981,0.9673665165901184,0.9678938984870911,0.8748590350151062,0.94242924451828
036982,0.633056640625,0.6357377767562866,0.715326726436615,0.7564666867256165
036984,0.08203125,0.24482223391532898,0.04692786931991577,0.3686862885951996
036985,0.580322265625,0.632627010345459,0.4040961265563965,0.5324302315711975
036986,0.951904296875,0.9570943117141724,0.6230928897857666,0.7363624572753906
036988,0.939453125,0.9501489996910095,0.5589672327041626,0.7229971289634705
036989,0.9673665165901184,0.9676358103752136,0.8748590350151062,0.7471352815628052
036990,0.943115234375,0.951368510723114,0.7475366592407227,0.8460646271705627
036991,0.633056640625,0.6379584074020386,0.5128524899482727,0.5679609775543213
036992,0.450927734375,0.4570080041885376,0.3482339084148407,0.42299506068229675
036993,0.967041015625,0.9678230881690979,0.8122885227203369,0.8894514441490173
036994,0.95703125,0.9577056169509888,0.7039180397987366,0.7471354007720947
036996,0.150390625,0.21396636962890625,0.2783457934856415,0.5777662992477417
036997,0.956298828125,0.959382176399231,0.8195018768310547,0.807249128818512
036998,0.365234375,0.40949809551239014,0.3236317038536072,0.4038896858692169
037000,0.518798828125,0.6090651154518127,0.3716495931148529,0.616864800453186
037001,0.9444172978401184,0.9559470415115356,0.6219719052314758,0.797901451587677
037002,0.260498046875,0.3684970736503601,0.16052241623401642,0.469873309135437
037003,0.951904296875,0.9569349884986877,0.8690900206565857,0.8548324108123779
037005,0.951171875,0.9596680998802185,0.6074502468109131,0.6949740648269653
037006,0.946533203125,0.9544310569763184,0.6577322483062744,0.7564380168914795
037007,0.968017578125,0.9680638313293457,1.0,0.9796281456947327
037009,0.703369140625,0.7070642113685608,0.7838867902755737,0.8682070374488831
037011,0.531982421875,0.5905097723007202,0.48571667075157166,0.6678094267845154
037013,0.703369140625,0.7047986388206482,0.8588406443595886,0.8608930110931396
037014,0.9375,0.9480268955230713,0.4692787230014801,0.5212391018867493
037015,0.946533203125,0.9531065821647644,0.575423002243042,0.5469828844070435
037016,0.9507649540901184,0.9570422172546387,0.6379934549331665,0.8234588503837585
037018,0.501953125,0.5099761486053467,0.3741941750049591,0.4369889497756958
037019,0.943115234375,0.9510900378227234,0.5359453558921814,0.6659382581710815
037021,0.947998046875,0.9505324959754944,0.6841284036636353,0.5548129081726074
037022,0.953369140625,0.9585727453231812,0.7479812502861023,0.7665286660194397
037023,0.967041015625,0.9676669239997864,0.8122885227203369,0.9103080034255981
037024,0.30078125,0.35024434328079224,0.5307213068008423,0.7133292555809021
037025,0.967041015625,0.967544674873352,0.9284793138504028,0.8371381163597107
037027,0.584228515625,0.5847819447517395,0.6245770454406738,0.734846830368042
037029,0.261474609375,0.335050493478775,0.22860826551914215,0.47391775250434875
037033,0.967041015625,0.9674052596092224,0.8122885227203369,0.6926162242889404
037034,0.388427734375,0.39783066511154175,0.3716495931148529,0.5159620642662048
037036,0.0625,0.1326768696308136,0.14433082938194275,0.47140759229660034
037037,0.9375,0.9380580186843872,0.8624263405799866,0.8602890372276306
037038,0.0,0.1351536363363266,0.0,0.2233884632587433
037039,0.9673665165901184,0.9679028391838074,0.8748590350151062,0.9523768424987793
037041,0.9668782353401184,0.9673872590065002,0.7810032963752747,0.7663301229476929
037043,0.953369140625,0.9592947363853455,0.6543781161308289,0.819720983505249
037044,0.30078125,0.36646151542663574,0.24766992032527924,0.4834699332714081
037045,0.659423828125,0.6626901030540466,0.5918076038360596,0.6059912443161011
037046,0.5694172978401184,0.5784966349601746,0.4635950028896332,0.6482517123222351
037047,0.951904296875,0.9598639607429504,0.6230928897857666,0.7268767356872559
037048,0.47265625,0.4827800691127777,0.3430097699165344,0.5237823128700256
037051,0.51953125,0.5280064344406128,0.45818498730659485,0.4533074200153351
037052,0.30078125,0.35920536518096924,0.28309693932533264,0.6446967720985413
037053,0.968017578125,0.9680604338645935,1.0,0.9537397623062134
037054,0.388427734375,0.39588627219200134,0.3251410126686096,0.3761889338493347
037055,0.431884765625,0.435098260641098,0.7318407297134399,0.5922170281410217
037056,0.951171875,0.9578272104263306,0.6074502468109131,0.6831456422805786
037057,0.946533203125,0.9521568417549133,0.575423002243042,0.59670490026474
037059,0.967041015625,0.9677339196205139,0.8122885227203369,0.8269146084785461
037060,0.431884765625,0.4752627909183502,0.390377938747406,0.478724867105484
037061,0.455078125,0.47979736328125,0.5907889604568481,0.6113545894622803
037062,0.366455078125,0.3732061982154846,0.398443341255188,0.4851466417312622
037064,0.967041015625,0.9674942493438721,0.9284793138504028,0.9021719694137573
037066,0.531982421875,0.5726784467697144,0.39804574847221375,0.44259193539619446
037067,0.499755859375,0.5877702236175537,0.3358892798423767,0.6911224722862244
037068,0.556884765625,0.6186571717262268,0.4431702494621277,0.6162624955177307
037069,0.9388020634651184,0.9415486454963684,0.8911738991737366,0.9654592871665955
037070,0.47265625,0.4982452392578125,0.3709116578102112,0.43938738107681274
037072,0.580322265625,0.641311764717102,0.5636333227157593,0.806538999080658
037073,0.267578125,0.267578125,0.5766665935516357,0.5766665935516357
037075,0.633056640625,0.6399543881416321,0.5128524899482727,0.6792258620262146
037077,0.567138671875,0.6319027543067932,0.5199966430664062,0.7414475083351135
037079,0.939453125,0.942668616771698,0.5589672327041626,0.5533215403556824
037080,0.962158203125,0.962689220905304,0.8420895934104919,0.8903396129608154
037081,0.518798828125,0.518798828125,1.0,0.889426589012146
037084,0.951904296875,0.9555091857910156,0.8690900206565857,0.9190291166305542
037085,0.706298828125,0.7080939412117004,0.6245770454406738,0.5526626706123352
037087,0.09375,0.1106770858168602,0.1821252405643463,0.2176564335823059
037090,0.488037109375,0.58246910572052,0.2856633961200714,0.5579473376274109
037092,0.3599446713924408,0.4506470263004303,0.3001289367675781,0.5771512985229492
037094,0.703369140625,0.7101966738700867,0.6423966884613037,0.7578478455543518
037095,0.3599446713924408,0.45000436902046204,0.26257050037384033,0.548129677772522
037096,0.9466145634651184,0.9518069624900818,0.6615661382675171,0.8125059008598328
037098,0.659423828125,0.6641696095466614,0.6764605641365051,0.7187879681587219
037099,0.953369140625,0.9547080993652344,0.912726640701294,0.8094164133071899
037100,0.959228515625,0.9593091011047363,0.8722942471504211,0.8094776272773743
037101,0.947998046875,0.95479816198349,0.5985158681869507,0.7903381586074829
037102,0.531982421875,0.5924738645553589,0.39804574847221375,0.5658125877380371
037105,0.701904296875,0.707894504070282,0.5307213068008423,0.6401498317718506
037106,0.953369140625,0.960379421710968,0.6543781161308289,0.8184332847595215
037107,0.9444172978401184,0.9498224258422852,0.8315341472625732,0.8998948931694031
037108,0.967041015625,0.9677322506904602,0.8122885227203369,0.9283196926116943
037109,0.712158203125,0.7126855850219727,0.7497180104255676,0.8527452945709229
037110,0.968017578125,0.9680600762367249,1.0,0.9179666042327881
037111,0.968017578125,0.9680600762367249,1.0,0.9179666042327881
037112,0.431884765625,0.4942070245742798,0.3415256440639496,0.5256702303886414
037113,0.951171875,0.9579141139984131,0.6074502468109131,0.7533587217330933
037115,0.228759765625,0.36588552594184875,0.18026001751422882,0.5938722491264343
037118,0.365234375,0.418792724609375,0.26521679759025574,0.37005582451820374
037119,0.606689453125,0.6412553787231445,0.5334192514419556,0.654787003993988
037121,0.9668782353401184,0.967404842376709,0.7810032963752747,0.6797569394111633
037122,0.9673665165901184,0.9676585793495178,0.8748590350151062,0.7146062254905701
037123,0.580322265625,0.6428543329238892,0.4040961265563965,0.5893464088439941
037125,0.619873046875,0.6271169781684875,0.4733748733997345,0.764301598072052
037126,0.966796875,0.9677332639694214,0.7653606534004211,0.8841893076896667
037128,0.556884765625,0.6091464161872864,0.5407800078392029,0.7756953835487366
037129,0.44140625,0.4447784423828125,0.3754834830760956,0.4423181712627411
037130,0.9466145634651184,0.9498753547668457,0.6615661382675171,0.6885504722595215
037131,0.9507649540901184,0.954969048500061,0.7292529344558716,0.8640024065971375
037132,0.701904296875,0.7098826169967651,0.5307213068008423,0.6828411221504211
037133,0.946533203125,0.955159068107605,0.575423002243042,0.6851693987846375
037134,0.150390625,0.3360426723957062,0.09050162881612778,0.4502106010913849
037135,0.30078125,0.36577558517456055,0.24766992032527924,0.5320109724998474
037139,0.968017578125,0.9680768847465515,1.0,0.9667412638664246
037140,0.300537109375,0.3865756690502167,0.3306722342967987,0.6356062889099121
037144,0.9444172978401184,0.9525660872459412,0.6219719052314758,0.7488846182823181
037145,0.947998046875,0.9507738351821899,0.8348100185394287,0.7418017387390137
037146,0.568359375,0.5715247392654419,0.4457148313522339,0.4025633931159973
037147,0.580322265625,0.6296645998954773,0.4618985950946808,0.5964495539665222
037148,0.146728515625,0.28559431433677673,0.11196307837963104,0.45986300706863403
037149,0.9507649540901184,0.9554919004440308,0.7292529344558716,0.7295076251029968
037150,0.1458333432674408,0.1458333432674408,0.16733194887638092,0.16395604610443115
037151,0.5694172978401184,0.5778164863586426,0.5657033920288086,0.7501395344734192
037154,0.95703125,0.9570719599723816,0.901299774646759,0.9155686497688293
037155,0.953369140625,0.9585266709327698,0.7479812502861023,0.7952211499214172
037157,0.505615234375,0.5160551071166992,0.37429502606391907,0.6588542461395264
037158,0.455078125,0.4958477020263672,0.33298835158348083,0.43986809253692627
037159,0.9375,0.9496181607246399,0.4692787230014801,0.5832589864730835
037162,0.9668782353401184,0.9673811793327332,0.892719030380249,0.7430757284164429
037163,0.962158203125,0.9623180031776428,0.9625431895256042,0.8306647539138794
037166,0.9673665165901184,0.9677695631980896,0.8748590350151062,0.8166873455047607
037167,0.967041015625,0.9678122997283936,0.8122885227203369,0.9070483446121216
037168,0.469970703125,0.47627943754196167,0.5407800078392029,0.7024449110031128
037169,0.567138671875,0.6273035407066345,0.5199966430664062,0.7948362231254578
037171,0.959228515625,0.9599979519844055,0.7631344795227051,0.8698348999023438
037173,0.967041015625,0.9678032398223877,0.8122885227203369,0.9050105810165405
037174,0.556884765625,0.5894517302513123,0.5407800078392029,0.5723320245742798
037175,0.953369140625,0.9567309617996216,0.6543781161308289,0.5281265377998352
037177,0.9444172978401184,0.9530225396156311,0.6219719052314758,0.7888365387916565
037180,0.219970703125,0.3005879521369934,0.18348374962806702,0.440374493598938
037183,0.967041015625,0.9675104022026062,0.9284793138504028,0.8970888257026672
037184,0.706298828125,0.7075700163841248,0.7139173746109009,0.6043832302093506
037185,0.701904296875,0.7099242806434631,0.6066363453865051,0.8007998466491699
037186,0.488037109375,0.593643307685852,0.3265250623226166,0.6948973536491394
037188,0.531982421875,0.5726592540740967,0.7462155222892761,0.7396718263626099
037189,0.366455078125,0.37700143456459045,0.3265250623226166,0.6235718727111816
037190,0.9668782353401184,0.9672962427139282,0.892719030380249,0.8161070346832275
037191,0.606689453125,0.6497336030006409,0.5334192514419556,0.6797197461128235
037192,0.947998046875,0.9529698491096497,0.6841284036636353,0.7619050145149231
037195,0.946533203125,0.955506443977356,0.6577322483062744,0.8041378855705261
037198,0.9668782353401184,0.9674453735351562,0.7810032963752747,0.6511089205741882
037199,0.9668782353401184,0.9677578806877136,0.7810032963752747,0.8302585482597351
037200,0.968017578125,0.9680550694465637,1.0,0.8644440770149231
037203,0.571533203125,0.5814902186393738,0.43686550855636597,0.620247483253479
037204,0.959228515625,0.9597156047821045,0.8722942471504211,0.8496663570404053
037206,0.3059895932674408,0.3591908812522888,0.2836383283138275,0.3754284977912903
037207,0.490234375,0.5348663330078125,0.6884825229644775,0.8243311643600464
037208,0.703369140625,0.7102428674697876,0.6423966884613037,0.8370323777198792
037209,0.967041015625,0.9678089022636414,0.8122885227203369,0.8184561729431152
037210,0.571533203125,0.5767328143119812,0.6093400716781616,0.5998110771179199
037211,0.1875,0.279937744140625,0.23226092755794525,0.46091336011886597
037212,0.450927734375,0.46022558212280273,0.39804574847221375,0.5975308418273926
037213,0.584228515625,0.5848433375358582,0.6245770454406738,0.755355954170227
037214,0.9668782353401184,0.967767059803009,0.7810032963752747,0.8947525024414062
037215,0.968017578125,0.968056321144104,1.0,0.9642449617385864
037216,0.9507649540901184,0.9528291821479797,0.974961519241333,0.973655104637146
037217,0.968017578125,0.9680594205856323,1.0,0.9084974527359009
037218,0.968017578125,0.9680637717247009,1.0,0.9833229780197144
037220,0.580322265625,0.6238073110580444,0.86592036485672,0.968238890171051
037221,0.951904296875,0.9570765495300293,0.8690900206565857,0.9227001667022705
037222,0.5694172978401184,0.5770325660705566,0.5657033920288086,0.709130048751831
037223,0.518798828125,0.5816892981529236,0.3716495931148529,0.5208549499511719
037225,0.633056640625,0.638397216796875,0.5862115621566772,0.7256841063499451
037228,0.580322265625,0.6365551948547363,0.4618985950946808,0.7219023704528809
037229,0.4778645932674408,0.4788670837879181,0.4635950028896332,0.3972489535808563
037231,0.959228515625,0.9599898457527161,0.7631344795227051,0.7862352132797241
037233,0.968017578125,0.9680335521697998,1.0,0.8671230673789978
037237,0.3599446713924408,0.4471220374107361,0.40125197172164917,0.6597363352775574
037238,0.584228515625,0.5849183797836304,0.6245770454406738,0.7122054100036621
037239,0.9673665165901184,0.9678221940994263,0.8748590350151062,0.8514117002487183
037240,0.304931640625,0.40726083517074585,0.2789600193500519,0.5725322365760803
037241,0.4375,0.5723628997802734,0.30545666813850403,0.6238046884536743
037242,0.9668782353401184,0.9677647948265076,0.7810032963752747,0.7977052927017212
037243,0.968017578125,0.9680382013320923,1.0,0.7948525547981262
037244,0.9444172978401184,0.9526829123497009,0.544137716293335,0.6750290393829346
037245,0.959228515625,0.9595488905906677,0.8722942471504211,0.7619742155075073
037246,0.9444172978401184,0.9499438405036926,0.544137716293335,0.5780947804450989
037247,0.228759765625,0.3406437039375305,0.276936799287796,0.6953177452087402
037248,0.9444172978401184,0.9509586691856384,0.6219719052314758,0.667138934135437
037249,0.956298828125,0.9610655307769775,0.7169486284255981,0.7741512656211853
037251,0.9668782353401184,0.9677695631980896,0.7810032963752747,0.8404346704483032
037252,0.946533203125,0.9555058479309082,0.575423002243042,0.6603637337684631
037253,0.5694172978401184,0.5809065103530884,0.4055802822113037,0.5387377142906189
037254,0.951904296875,0.9573909640312195,0.7122209072113037,0.7318779826164246
037255,0.953369140625,0.9567184448242188,0.7479812502861023,0.6568563580513
037256,0.260498046875,0.4094086289405823,0.18348374962806702,0.4368538558483124
037258,0.47265625,0.49974146485328674,0.6580725908279419,0.6936360001564026
037260,0.956298828125,0.9597192406654358,0.7169486284255981,0.7337980270385742
037261,0.712158203125,0.7123815417289734,0.7497180104255676,0.6307057738304138
037262,0.488037109375,0.5503263473510742,0.398443341255188,0.5435271859169006
037263,0.967041015625,0.9676079154014587,0.9284793138504028,0.9133461117744446
037264,0.5757649540901184,0.5819997787475586,0.49943602085113525,0.6570825576782227
037265,0.959228515625,0.9597607254981995,0.8722942471504211,0.8550795912742615
037267,0.956298828125,0.9589464664459229,1.0,0.9447402954101562
037268,0.943115234375,0.9476232528686523,0.9313938021659851,0.9593866467475891
037269,0.21875,0.224609375,0.2111494094133377,0.2235758751630783
037270,0.962158203125,0.9624140858650208,0.8420895934104919,0.7919101715087891
037271,0.9507649540901184,0.9556017518043518,0.7292529344558716,0.7353142499923706
037273,0.953369140625,0.960379421710968,0.6543781161308289,0.8436213731765747
037274,0.962158203125,0.962461531162262,0.9625431895256042,0.8967185020446777
037275,0.9673665165901184,0.967680811882019,1.0,0.9394101500511169
037276,0.584228515625,0.5847944021224976,0.6245770454406738,0.7751134037971497
037279,0.388427734375,0.3963310122489929,0.4535067081451416,0.6373261213302612
037281,0.9668782353401184,0.9677577018737793,0.7810032963752747,0.8256323337554932
037282,0.44921875,0.5236400961875916,0.32727500796318054,0.5625477433204651
037283,0.606689453125,0.6281831860542297,1.0,0.9658260345458984
037284,0.946533203125,0.9529343843460083,0.6577322483062744,0.7247966527938843
037285,0.946533203125,0.9534847140312195,0.8026000261306763,0.952582836151123
037287,0.0625,0.09201660007238388,0.27814918756484985,0.490719199180603
037288,0.947998046875,0.947998046875,0.8348100185394287,0.8194106221199036
037289,0.520263671875,0.5209013223648071,0.5620065331459045,0.6253458261489868
037290,0.499755859375,0.561245322227478,0.7271926999092102,0.8657734394073486
037291,0.968017578125,0.9680508971214294,1.0,0.8321766257286072
037294,0.4778645932674408,0.4863385260105133,0.4055802822113037,0.5529534816741943
037296,0.2774251401424408,0.39980706572532654,0.1687147468328476,0.5736260414123535
037297,0.46875,0.48395901918411255,0.29608190059661865,0.5739328265190125
037299,0.959228515625,0.9594064950942993,0.9394869804382324,0.9030779004096985
037301,0.261474609375,0.3199021518230438,0.4285714626312256,0.6186661124229431
037303,0.9466145634651184,0.9469807744026184,0.6615661382675171,0.4795740842819214
037304,0.48828125,0.4889086186885834,0.5307213068008423,0.5812063217163086
037305,0.947998046875,0.9552701115608215,0.5985158681869507,0.8283776044845581
037306,0.304931640625,0.3959313929080963,0.20000000298023224,0.33966317772865295
037307,0.450927734375,0.46255943179130554,0.3482339084148407,0.6655813455581665
037308,0.956298828125,0.9593203663825989,0.7169486284255981,0.682281494140625
037310,0.4778645932674408,0.48311737179756165,0.4055802822113037,0.5007109642028809
037312,0.619873046875,0.6229410171508789,0.5410870313644409,0.4823310673236847
037313,0.962158203125,0.9626067280769348,0.8420895934104919,0.8844484686851501
037314,0.05078125,0.2317681461572647,0.035381413996219635,0.5419391989707947
037316,0.278564453125,0.3239353597164154,0.39664164185523987,0.4848403036594391
037317,0.703369140625,0.7088252902030945,0.6423966884613037,0.6632581353187561
037319,0.619873046875,0.6266350746154785,0.4733748733997345,0.6254239082336426
037321,0.9673665165901184,0.9677157998085022,1.0,0.9069679975509644
037323,0.556884765625,0.6079679131507874,0.3877114951610565,0.602453887462616
037324,0.9673665165901184,0.9677312970161438,1.0,0.8680662512779236
037326,0.962158203125,0.9625018835067749,0.8420895934104919,0.8359092473983765
037327,0.499755859375,0.602149248123169,0.3358892798423767,0.5774911642074585
037328,0.5757649540901184,0.5815324187278748,0.5708760023117065,0.7087064385414124
037329,0.44921875,0.49363183975219727,0.5027986764907837,0.4777839481830597
037330,0.30078125,0.3773421049118042,0.28309693932533264,0.5166661739349365
037331,0.0625,0.23311997950077057,0.06545499712228775,0.5574499368667603
037332,0.951904296875,0.9558864831924438,0.8690900206565857,0.9162015318870544
037333,0.393798828125,0.4811212420463562,0.31885725259780884,0.42691147327423096
037334,0.4375,0.526214599609375,0.33466389775276184,0.635359525680542
037338,0.9388020634651184,0.9452107548713684,0.7782489061355591,0.9296175837516785
037339,0.393798828125,0.48332479596138,0.38908666372299194,0.730884313583374
037340,0.393798828125,0.45962175726890564,0.38908666372299194,0.5483280420303345
037341,0.09375,0.09375,0.11204717308282852,0.11204717308282852
037342,0.567138671875,0.6217247843742371,0.4261382520198822,0.5961243510246277
037343,0.967041015625,0.9673815369606018,0.9284793138504028,0.8345416188240051
037345,0.9668782353401184,0.9675353765487671,0.892719030380249,0.8526318073272705
037346,0.16796875,0.2667103707790375,0.276936799287796,0.6305482387542725
037347,0.633056640625,0.6358391642570496,0.5862115621566772,0.5541205406188965
037350,0.967041015625,0.9678100943565369,0.8122885227203369,0.7519213557243347
037354,0.706298828125,0.7099992036819458,0.7139173746109009,0.8226969838142395
037355,0.44140625,0.45244503021240234,0.3284950852394104,0.514017641544342
037357,0.518798828125,0.6064002513885498,0.4535067081451416,0.5171163082122803
037359,0.5694172978401184,0.5740856528282166,0.5657033920288086,0.5913677215576172
037360,0.943115234375,0.9512264728546143,0.5359453558921814,0.5917949676513672
037362,0.706298828125,0.7101348638534546,0.6245770454406738,0.6194245219230652
037364,0.712158203125,0.7126103043556213,0.7497180104255676,0.8148860931396484
037365,0.659423828125,0.6642109155654907,0.5918076038360596,0.7499547004699707
037366,0.951171875,0.9556176662445068,0.694340705871582,0.626932680606842
037367,0.304931640625,0.3168744146823883,1.0,0.9896718859672546
037369,0.701904296875,0.7084230780601501,0.5307213068008423,0.6679718494415283
037371,0.518798828125,0.5729906558990479,0.4535067081451416,0.554023027420044
037372,0.962158203125,0.9625587463378906,0.8420895934104919,0.9079656600952148
037373,0.46875,0.48080557584762573,0.3384338617324829,0.6184177398681641
037376,0.712158203125,0.712247908115387,0.8569586873054504,0.716789722442627
037377,0.518798828125,0.5779590010643005,0.3716495931148529,0.4599777162075043
037378,0.490234375,0.5996816158294678,0.27821314334869385,0.4340299963951111
037380,0.633056640625,0.6387724876403809,0.5128524899482727,0.6574963927268982
037381,0.956298828125,0.9610511064529419,0.8195018768310547,0.858984649181366
037382,0.95703125,0.9574068784713745,0.8046074509620667,0.6556867361068726
037383,0.943359375,0.9558678865432739,0.5284951329231262,0.7840391993522644
037385,0.968017578125,0.9680635929107666,1.0,0.9032762050628662
037386,0.966796875,0.9672496318817139,0.8748388290405273,0.8591657280921936
037388,0.212890625,0.32744598388671875,0.28110769391059875,0.6847224235534668
037389,0.304931640625,0.43558552861213684,0.22860826551914215,0.5904258489608765
037392,0.9668782353401184,0.9674044251441956,0.892719030380249,0.8491373062133789
037393,0.9466145634651184,0.9526763558387756,0.8072783350944519,0.8863446116447449
037394,0.9444172978401184,0.9531018733978271,0.544137716293335,0.5884178876876831
037395,0.393798828125,0.4830559492111206,0.2789551615715027,0.44135695695877075
037396,0.556884765625,0.5903444290161133,0.4431702494621277,0.47759518027305603
037397,0.5757649540901184,0.5757649540901184,0.763222336769104,0.6635432243347168
037398,0.633056640625,0.6355447769165039,0.5862115621566772,0.5356175899505615
037399,0.947998046875,0.9542602300643921,0.5985158681869507,0.7705369591712952
037400,0.9673665165901184,0.9675936102867126,1.0,0.8381357789039612
037402,0.365234375,0.42317160964012146,0.3236317038536072,0.38452476263046265
037406,0.166259765625,0.2609441876411438,0.14805001020431519,0.32298851013183594
037407,0.953369140625,0.9588613510131836,0.6543781161308289,0.6140240430831909
037408,0.946533203125,0.9500836730003357,0.6577322483062744,0.5590023398399353
037410,0.9668782353401184,0.9675681591033936,0.7810032963752747,0.8892149329185486
037411,0.9673665165901184,0.9677733778953552,0.8748590350151062,0.8675482869148254
037412,0.953369140625,0.9571785926818848,0.7479812502861023,0.714658260345459
037415,0.46875,0.47871503233909607,0.3384338617324829,0.5004652142524719
037416,0.9388020634651184,0.9426907300949097,0.48492133617401123,0.39833563566207886
037417,0.505615234375,0.5135706663131714,0.5220667123794556,0.6309935450553894
037419,0.968017578125,0.9680710434913635,1.0,0.9127400517463684
037420,0.432373046875,0.43592244386672974,0.4040961265563965,0.4142203629016876
037421,0.943115234375,0.9547480940818787,0.5359453558921814,0.7522838115692139
037424,0.946533203125,0.9482577443122864,1.0,0.9888694882392883
037425,0.966796875,0.9673513174057007,0.8748388290405273,0.7974159717559814
037426,0.520263671875,0.5207957029342651,0.6423966884613037,0.5875622630119324
037427,0.4375,0.5186980962753296,0.2503223121166229,0.4480494260787964
037429,0.953369140625,0.9591497182846069,0.7479812502861023,0.9189525246620178
037430,0.490234375,0.5498626828193665,0.6884825229644775,0.9197346568107605
037432,0.584228515625,0.584839940071106,0.6245770454406738,0.7348436117172241
037434,0.968017578125,0.9680516719818115,1.0,0.9693573713302612
037435,0.366455078125,0.3753981590270996,0.398443341255188,0.6338149905204773
037441,0.9507649540901184,0.9559137225151062,0.6379934549331665,0.6656469702720642
037442,0.9507649540901184,0.9559736847877502,0.6379934549331665,0.6679844260215759
037443,0.703369140625,0.70774906873703,0.5620065331459045,0.6527611613273621
037444,0.968017578125,0.9680551886558533,1.0,0.9209325313568115
037445,0.9673665165901184,0.9675723314285278,1.0,0.8982535600662231
037446,0.531982421875,0.5645207762718201,0.48571667075157166,0.5453841090202332
037448,0.323974609375,0.39688801765441895,0.2550044059753418,0.5232142210006714
037449,0.560546875,0.59515380859375,0.7653606534004211,0.9674680233001709
037450,0.503173828125,0.5139843821525574,0.3430097699165344,0.6100245118141174
037451,0.967041015625,0.9676060080528259,0.8122885227203369,0.8386617302894592
037454,0.518798828125,0.5643728971481323,0.3716495931148529,0.4537249803543091
037457,0.9673665165901184,0.9678987860679626,0.8748590350151062,0.954969048500061
037459,0.94140625,0.9494258165359497,0.5162065625190735,0.6321784257888794
037461,0.633056640625,0.6375909447669983,0.5862115621566772,0.6795045733451843
037464,0.21875,0.35648244619369507,0.15793579816818237,0.5017706155776978
037465,0.51953125,0.5962063074111938,0.45818498730659485,0.7439128160476685
037466,0.35546875,0.367561399936676,0.2659246027469635,0.57673579454422
037467,0.48828125,0.48875486850738525,0.6066363453865051,0.5791029334068298
037469,0.943359375,0.9474217295646667,0.5284951329231262,0.4529155194759369
037470,0.967041015625,0.9675719141960144,0.9284793138504028,0.8954541683197021
037471,0.95703125,0.9578840732574463,0.7039180397987366,0.8237672448158264
037472,0.951904296875,0.9576310515403748,0.7122209072113037,0.8245952129364014
037473,0.953369140625,0.954851508140564,0.912726640701294,0.7834171652793884
037475,0.703369140625,0.7072402834892273,0.7838867902755737,0.7188387513160706
037477,0.9507649540901184,0.9557105302810669,0.7292529344558716,0.7773760557174683
037478,0.951904296875,0.9553725719451904,0.6230928897857666,0.5804221034049988
037480,0.946533203125,0.9531021118164062,0.6577322483062744,0.6642706394195557
037481,0.962158203125,0.9623887538909912,0.8420895934104919,0.7287883758544922
037482,0.956298828125,0.9611539840698242,0.7169486284255981,0.9130544066429138
037483,0.9507649540901184,0.9547821283340454,0.7292529344558716,0.7408371567726135
037484,0.508056640625,0.5142382383346558,0.5334192514419556,0.7494232654571533
037485,0.580322265625,0.6314655542373657,0.4618985950946808,0.6698235869407654
037487,0.2044270783662796,0.2536667585372925,0.12516115605831146,0.16076619923114777
037488,0.39453125,0.3969007134437561,0.4261382520198822,0.36681151390075684
037492,0.9673665165901184,0.9677789807319641,0.8748590350151062,0.8239781260490417
037493,0.150390625,0.2510666847229004,0.09050162881612778,0.24532285332679749
037494,0.488037109375,0.5909107327461243,0.3265250623226166,0.5427429676055908
037495,0.951904296875,0.9568859338760376,0.8690900206565857,0.7646832466125488
037496,0.16796875,0.2618280351161957,0.12923716008663177,0.44264042377471924
037497,0.966796875,0.9675033688545227,0.8748388290405273,0.8463603854179382
037498,0.505615234375,0.5160102844238281,0.37429502606391907,0.5747723579406738
037501,0.12109375,0.22342988848686218,0.08940082788467407,0.2653280198574066
037504,0.261474609375,0.365323543548584,0.20000000298023224,0.49648618698120117
037505,0.701904296875,0.7084056735038757,0.6066363453865051,0.7179048657417297
037506,0.02083333395421505,0.2078298032283783,0.017880165949463844,0.3030823767185211
037507,0.23828125,0.3533755838871002,0.16092148423194885,0.3659229576587677
037509,0.633056640625,0.6381740570068359,0.5128524899482727,0.6207452416419983
037510,0.571533203125,0.5730320811271667,0.7592076063156128,0.7114784717559814
037512,0.951171875,0.9546490907669067,0.694340705871582,0.622941792011261
037515,0.39453125,0.40302935242652893,0.37281090021133423,0.49422499537467957
037516,0.946533203125,0.9536828398704529,0.6577322483062744,0.7723200917243958
037518,0.956298828125,0.9584617614746094,1.0,1.0
037519,0.939453125,0.9481761455535889,0.6820816993713379,0.6324014067649841
037520,0.9388020634651184,0.9388020634651184,0.9608869552612305,0.9608869552612305
037521,0.21875,0.29343757033348083,0.19272169470787048,0.40311023592948914
037524,0.940673828125,0.9512165188789368,0.5768473744392395,0.8296464085578918
037527,0.9507649540901184,0.9569873809814453,0.7292529344558716,0.9049134850502014
037529,0.1458333432674408,0.1704217940568924,0.16733194887638092,0.24328885972499847
037530,0.505615234375,0.5147947669029236,0.37429502606391907,0.653855562210083
037533,0.953369140625,0.9575676321983337,0.6543781161308289,0.6993440389633179
037535,0.968017578125,0.968056857585907,1.0,0.9409219026565552
037536,0.9507649540901184,0.9541013836860657,0.8898733854293823,0.8340162038803101
037537,0.968017578125,0.96805739402771,1.0,0.9160484671592712
037538,0.947998046875,0.9534159898757935,0.6841284036636353,0.6738003492355347
037539,0.9507649540901184,0.95530766248703,0.8898733854293823,0.9441162347793579
037540,0.951904296875,0.9578011631965637,0.7122209072113037,0.8894479870796204
037542,0.962158203125,0.9625425338745117,0.8420895934104919,0.882434606552124
037543,0.4700520932674408,0.48120179772377014,0.3563140034675598,0.5604773163795471
037544,0.393798828125,0.46795299649238586,0.31885725259780884,0.6625093221664429
037545,0.947998046875,0.9509966969490051,0.5985158681869507,0.5134918689727783
037548,0.659423828125,0.6628713607788086,0.5918076038360596,0.6143994927406311
037549,0.966796875,0.9674165844917297,0.8748388290405273,0.8331331014633179
037550,0.19921875,0.3146171271800995,0.16092148423194885,0.5202656984329224
037551,0.393798828125,0.4691512882709503,0.38908666372299194,0.6999386548995972
037552,0.943359375,0.9556218981742859,0.6040917634963989,0.7832489013671875
037553,0.9668782353401184,0.9672042727470398,0.7810032963752747,0.6624157428741455
037554,0.962158203125,0.9625080823898315,0.8420895934104919,0.7838921546936035
037557,0.968017578125,0.9680542945861816,1.0,0.8847008943557739
037558,0.300537109375,0.33041632175445557,0.30181336402893066,0.3215752840042114
037559,0.947998046875,0.9546335339546204,0.6841284036636353,0.69923996925354
037561,0.267578125,0.34617316722869873,0.19369612634181976,0.4596959054470062
037562,0.39453125,0.40091872215270996,0.4261382520198822,0.5938407778739929
037563,0.9668782353401184,0.9675086140632629,0.7810032963752747,0.928070604801178
037564,0.5757649540901184,0.580828070640564,0.6966133713722229,0.8055858612060547
037565,0.9673665165901184,0.9678889513015747,0.8748590350151062,0.8417138457298279
037566,0.9444172978401184,0.9501101970672607,0.6219719052314758,0.6081483364105225
037567,0.584228515625,0.5845726728439331,0.7139173746109009,0.780518114566803
037569,0.510498046875,0.5163716673851013,0.43686550855636597,0.5882830619812012
037571,0.518798828125,0.595147967338562,0.3716495931148529,0.663886308670044
037572,0.967041015625,0.9678120017051697,0.8122885227203369,0.9081474542617798
037575,0.946533203125,0.9549398422241211,0.575423002243042,0.7007745504379272
037577,0.9507649540901184,0.9569485783576965,0.6379934549331665,0.7095311284065247
037578,0.943115234375,0.9547163248062134,0.5359453558921814,0.7399961948394775
037579,0.584228515625,0.5849958658218384,0.6245770454406738,0.7353653311729431
037580,0.962158203125,0.9623958468437195,0.9625431895256042,0.7649480104446411
037581,0.962158203125,0.9623819589614868,0.9625431895256042,0.9635204672813416
037583,0.518798828125,0.6091659069061279,0.4535067081451416,0.7819247245788574
037585,0.968017578125,0.9680541753768921,1.0,0.9016473889350891
037586,0.968017578125,0.9680591225624084,1.0,0.9532486200332642
037589,0.943115234375,0.95192950963974,0.5359453558921814,0.8140886425971985
037590,0.4700520932674408,0.48113977909088135,0.4347934126853943,0.6616934537887573
037592,0.499755859375,0.5936295986175537,0.3358892798423767,0.6237742304801941
037593,0.3599446713924408,0.4259541928768158,0.3001289367675781,0.509887158870697
037594,0.510498046875,0.516075849533081,0.43686550855636597,0.5709516406059265
037595,0.260498046875,0.3559001684188843,0.49370092153549194,0.7780635356903076
037596,0.9444172978401184,0.9487642645835876,0.7589633464813232,0.6675322651863098
037597,0.712158203125,0.7124356627464294,0.8569586873054504,0.8155307769775391
037598,0.304931640625,0.36137813329696655,0.2789600193500519,0.375646710395813
037601,0.968017578125,0.9680492281913757,1.0,0.8699576258659363
037602,0.619873046875,0.6254231333732605,0.5410870313644409,0.6739785671234131
037603,0.953369140625,0.9603201150894165,0.6543781161308289,0.822817325592041
037606,0.08984375,0.2544386684894562,0.10187789052724838,0.4870266020298004
037607,0.9507649540901184,0.9544728994369507,0.7292529344558716,0.6207320690155029
037611,0.0,0.13021066784858704,0.0,0.48110273480415344
037613,0.967041015625,0.9675676822662354,0.8122885227203369,0.8181895017623901
037614,0.957763671875,0.9585294127464294,0.7236568927764893,0.7095419764518738
037616,0.499755859375,0.5846428275108337,0.3358892798423767,0.6671143174171448
037617,0.9673665165901184,0.9679005146026611,0.8748590350151062,0.904380738735199
037618,0.967041015625,0.9677342772483826,0.8122885227203369,0.9057295918464661
037622,0.951171875,0.9574951529502869,0.8472716808319092,0.8893241882324219
037623,0.9673665165901184,0.9676809310913086,0.8748590350151062,0.7893487811088562
037624,0.967041015625,0.9678226709365845,0.8122885227203369,0.8803650736808777
037625,0.968017578125,0.9680617451667786,1.0,0.975869357585907
037626,0.943115234375,0.9506654739379883,0.7475366592407227,0.8770080804824829
037628,0.962158203125,0.9623382091522217,0.9625431895256042,0.9641690254211426
037630,0.1875,0.2301703542470932,0.5562983751296997,0.8517038822174072
037631,0.943115234375,0.9547364711761475,0.5359453558921814,0.6685896515846252
037632,0.9507649540901184,0.9565567970275879,0.7292529344558716,0.8231136202812195
037633,0.9375,0.9391194581985474,0.7171369194984436,0.7585147023200989
037634,0.388427734375,0.3998768925666809,0.3716495931148529,0.6143568158149719
037637,0.580322265625,0.580322265625,1.0,0.8404207229614258
037639,0.946533203125,0.9516600370407104,0.8026000261306763,0.7705520987510681
037640,0.943115234375,0.9490755796432495,0.6126077175140381,0.6117080450057983
037641,0.9673665165901184,0.9679005742073059,0.8748590350151062,0.946442723274231
037642,0.968017578125,0.9680602550506592,1.0,0.9351212978363037
037644,0.366455078125,0.3712869882583618,0.2856633961200714,0.2808835208415985
037645,0.263671875,0.37412598729133606,0.15307211875915527,0.4533648192882538
037646,0.571533203125,0.5794264674186707,0.49935534596443176,0.6995034217834473
037647,0.510498046875,0.5184817314147949,0.43686550855636597,0.6297813653945923
037649,0.659423828125,0.6623324155807495,0.6764605641365051,0.5991296172142029
037651,0.953369140625,0.9584724307060242,0.6543781161308289,0.6927208304405212
037652,0.488037109375,0.5624738931655884,0.2856633961200714,0.47322162985801697
037653,0.166259765625,0.22030627727508545,0.12132726609706879,0.2076469361782074
037654,0.962158203125,0.9625661373138428,0.9625431895256042,0.8751490116119385
037657,0.633056640625,0.6398950815200806,0.5862115621566772,0.760371744632721
037660,0.366455078125,0.3766312599182129,0.3265250623226166,0.4607725739479065
037661,0.956298828125,0.9610069990158081,0.8195018768310547,0.8580223917961121
037663,0.571533203125,0.5805050730705261,0.43686550855636597,0.6042497754096985
037664,0.5694172978401184,0.5779585242271423,0.4635950028896332,0.5343017578125
037665,0.953369140625,0.9576323628425598,0.6543781161308289,0.743389368057251
037666,0.4778645932674408,0.48333561420440674,0.4635950028896332,0.5114265084266663
037667,0.606689453125,0.6361106038093567,0.5334192514419556,0.6629679203033447
037668,0.568359375,0.5807157754898071,0.3899376392364502,0.6718853712081909
037669,0.365234375,0.47557467222213745,0.23202729225158691,0.44161704182624817
037670,0.951904296875,0.9579599499702454,0.7122209072113037,0.7840481400489807
037671,0.956298828125,0.9610238075256348,0.7169486284255981,0.6941284537315369
037672,0.393798828125,0.393798828125,0.8579513430595398,0.8579513430595398
037674,0.567138671875,0.6242014765739441,0.5199966430664062,0.791162371635437
037675,0.34765625,0.3546247184276581,0.3358892798423767,0.46336305141448975
037676,0.490234375,0.5976486206054688,0.42515653371810913,0.7358883619308472
037678,0.968017578125,0.9680516123771667,1.0,0.9804085493087769
037679,0.966796875,0.9674386978149414,0.7653606534004211,0.7643722891807556
037680,0.967041015625,0.9673325419425964,0.8122885227203369,0.7010109424591064
037681,0.9375,0.945881724357605,0.5364049673080444,0.566167414188385
037682,0.432373046875,0.4383889138698578,0.4040961265563965,0.6331961750984192
037683,0.48828125,0.4890817403793335,0.5307213068008423,0.6916419863700867
037684,0.1458333432674408,0.19726309180259705,0.15272833406925201,0.24241116642951965
037685,0.3599446713924408,0.4230726659297943,0.26257050037384033,0.472444087266922
037686,0.344482421875,0.41535019874572754,0.38908666372299194,0.596876323223114
037687,0.08984375,0.23592042922973633,0.11585679650306702,0.4422585368156433
037689,0.32421875,0.3382720947265625,0.2907647490501404,0.6092368364334106
037690,0.9673665165901184,0.9677150249481201,1.0,0.8567600846290588
037692,0.659423828125,0.6613550186157227,0.8254533410072327,0.8380223512649536
037693,0.9466145634651184,0.9550237059593201,0.6615661382675171,0.7139832973480225
037694,0.701904296875,0.7029342651367188,0.8110315203666687,0.8296926021575928
037696,0.966796875,0.9670020341873169,0.7653606534004211,0.6940909624099731
037697,0.946533203125,0.9565944671630859,0.6577322483062744,0.864392876625061
037698,0.951171875,0.9560456275939941,0.694340705871582,0.7386224269866943
037699,0.9507649540901184,0.9577986598014832,0.6379934549331665,0.7754513025283813
037701,0.261474609375,0.2815589904785156,0.49493172764778137,0.4886913001537323
037704,0.510498046875,0.5184624195098877,0.43686550855636597,0.6398964524269104
037705,0.951171875,0.9596514701843262,0.694340705871582,0.8539919257164001
037706,0.34765625,0.35520294308662415,0.293855756521225,0.4124853014945984
037707,0.35546875,0.36061790585517883,0.2659246027469635,0.28142809867858887
037708,0.44140625,0.44948068261146545,0.3754834830760956,0.5737066268920898
037709,0.47265625,0.48314476013183594,0.3039627969264984,0.30168986320495605
037710,0.580322265625,0.6427191495895386,0.4618985950946808,0.6583956480026245
037712,0.61328125,0.6201503872871399,0.4536360800266266,0.5851992964744568
037714,0.304931640625,0.393097460269928,0.2789600193500519,0.49089765548706055
037715,0.951904296875,0.9559164047241211,0.8690900206565857,0.8726947903633118
037716,0.9668782353401184,0.967510461807251,0.892719030380249,0.9615475535392761
037718,0.953369140625,0.9569218754768372,0.6543781161308289,0.6168467998504639
037719,0.580322265625,0.6050137877464294,0.86592036485672,0.936561107635498
037721,0.968017578125,0.9680523872375488,1.0,0.8858703374862671
037722,0.560546875,0.5792648196220398,0.4981783330440521,0.43054965138435364
037723,0.571533203125,0.5773788094520569,0.49935534596443176,0.5828973054885864
037724,0.374755859375,0.4676133692264557,0.28309693932533264,0.5325775146484375
037726,0.947998046875,0.9541037678718567,0.5985158681869507,0.8396984338760376
037728,0.9673665165901184,0.9678027629852295,0.8748590350151062,0.8145586848258972
037730,0.946533203125,0.9485788941383362,0.575423002243042,0.49069422483444214
037731,0.9444172978401184,0.9524163603782654,0.6219719052314758,0.8176999688148499
037733,0.501953125,0.5160887241363525,0.3741941750049591,0.6241211891174316
037735,0.9673665165901184,0.9676752686500549,1.0,0.9083949327468872
037736,0.94140625,0.9482689499855042,0.7200049757957458,0.7336799502372742
037737,0.556884765625,0.6047084927558899,0.5407800078392029,0.6544548273086548
037738,0.939453125,0.9443755149841309,0.6820816993713379,0.7586124539375305
037739,0.956298828125,0.9598388075828552,0.8195018768310547,0.838566780090332
037740,0.323974609375,0.42739778757095337,0.2550044059753418,0.5560172200202942
037741,0.580322265625,0.6050693988800049,0.4040961265563965,0.4044381082057953
037742,0.580322265625,0.6277452707290649,0.4618985950946808,0.6818333268165588
037746,0.633056640625,0.6386660933494568,0.5128524899482727,0.6704263687133789
037748,0.25390625,0.32532116770744324,0.39664164185523987,0.685842752456665
037750,0.510498046875,0.5164420008659363,0.49935534596443176,0.6204791069030762
037751,0.701171875,0.707763671875,0.5150786638259888,0.636580228805542
037752,0.9444172978401184,0.9508258104324341,0.7589633464813232,0.8558112978935242
037753,0.701171875,0.7054447531700134,0.5887562036514282,0.5917797088623047
037754,0.9375,0.940112292766571,0.7171369194984436,0.7571292519569397
037759,0.02083333395421505,0.2492465078830719,0.017880165949463844,0.46465516090393066
037760,0.09375,0.119140625,0.1821252405643463,0.24531900882720947
037761,0.166259765625,0.2845388650894165,0.14805001020431519,0.49967435002326965
037764,0.344482421875,0.41695722937583923,0.31885725259780884,0.6802154183387756
037765,0.61328125,0.6175683736801147,0.5185247659683228,0.535728931427002
037767,0.951904296875,0.9571537971496582,0.6230928897857666,0.6841496825218201
037768,0.571533203125,0.5771951079368591,0.49935534596443176,0.5414081811904907
037769,0.940673828125,0.9482229948043823,0.7038999795913696,0.8029724955558777
037774,0.261474609375,0.33391863107681274,0.4285714626312256,0.6602160930633545
037775,0.633056640625,0.6379611492156982,0.5862115621566772,0.7759127616882324
037776,0.947998046875,0.9537172913551331,0.8348100185394287,0.8998543620109558
037777,0.488037109375,0.5705247521400452,0.3265250623226166,0.6669661998748779
037778,0.9673665165901184,0.9677570462226868,0.8748590350151062,0.8685242533683777
037779,0.633056640625,0.6390746235847473,0.5128524899482727,0.7394301295280457
037781,0.633056640625,0.6381520628929138,0.5862115621566772,0.666286289691925
037782,0.943115234375,0.9548044204711914,0.5359453558921814,0.8379755616188049
037783,0.940673828125,0.9457029700279236,0.7038999795913696,0.746177613735199
037784,0.962158203125,0.9625204205513,0.8420895934104919,0.8696997761726379
037787,0.703369140625,0.7035923004150391,0.7838867902755737,0.7105615139007568
037791,0.659423828125,0.6610122323036194,0.8254533410072327,0.7187998294830322
037792,0.9668782353401184,0.9668782353401184,1.0,1.0
037793,0.706298828125,0.7092092633247375,0.7139173746109009,0.7229209542274475
037794,0.967041015625,0.9676299691200256,0.8122885227203369,0.8228008151054382
037797,0.556884765625,0.5956321954727173,0.5407800078392029,0.6054112315177917
037799,0.967041015625,0.9674615263938904,0.9284793138504028,0.8753216862678528
037800,0.967041015625,0.9678129553794861,0.8122885227203369,0.8904716372489929
037803,0.374755859375,0.4429127275943756,0.3454500138759613,0.5523019433021545
037806,0.946533203125,0.9555588364601135,0.6577322483062744,0.8942781090736389
037807,0.967041015625,0.9676157832145691,0.8122885227203369,0.8521708846092224
037808,0.374755859375,0.446143239736557,0.3454500138759613,0.5414369106292725
037811,0.701171875,0.7063167095184326,0.5150786638259888,0.613574206829071
037812,0.962158203125,0.9624722003936768,0.8420895934104919,0.7821133136749268
037815,0.947998046875,0.9526603817939758,0.8348100185394287,0.8112159371376038
037816,0.580322265625,0.6194640398025513,0.4618985950946808,0.7249410152435303
037818,0.9673665165901184,0.9678443670272827,0.8748590350151062,0.977379322052002
037819,0.967041015625,0.9675822854042053,0.8122885227203369,0.8169180750846863
037820,0.304931640625,0.4226199686527252,0.2789600193500519,0.6860973238945007
037822,0.197998046875,0.30150067806243896,0.1916866898536682,0.46430566906929016
037824,0.967041015625,0.9676268696784973,0.8122885227203369,0.834697961807251
037826,0.956298828125,0.960355818271637,0.7169486284255981,0.8665856122970581
037827,0.9673665165901184,0.9676814675331116,1.0,0.9636303782463074
037828,0.701171875,0.7096934914588928,0.5887562036514282,0.7838358879089355
037829,0.968017578125,0.9680538177490234,1.0,0.8714167475700378
037830,0.946533203125,0.9533993601799011,0.6577322483062744,0.685508668422699
037832,0.959228515625,0.9596945643424988,0.8722942471504211,0.7921853065490723
037833,0.957763671875,0.958458662033081,0.7236568927764893,0.7850850820541382
037835,0.9507649540901184,0.9552908539772034,0.6379934549331665,0.5986681580543518
037836,0.951904296875,0.9539543390274048,0.7122209072113037,0.5815140604972839
037838,0.9668782353401184,0.967283308506012,0.892719030380249,0.8946478962898254
037839,0.510498046875,0.5126050710678101,0.6093400716781616,0.5951048731803894
037841,0.712158203125,0.7125743627548218,0.7497180104255676,0.8438650965690613
037842,0.968017578125,0.9680538177490234,1.0,0.8314012289047241
037844,0.959228515625,0.9595987200737,0.7631344795227051,0.7282799482345581
037847,0.953369140625,0.9572033882141113,0.6543781161308289,0.6559633016586304
037849,0.968017578125,0.9680458307266235,1.0,0.9409193396568298
037850,0.9668782353401184,0.9676145315170288,0.7810032963752747,0.8199210166931152
037851,0.47265625,0.47265625,0.8178747296333313,0.7582299709320068
037853,0.712158203125,0.7125419974327087,0.7497180104255676,0.7848752737045288
037855,0.571533203125,0.5785019993782043,0.43686550855636597,0.5408225059509277
037858,0.712158203125,0.7125385403633118,0.8569586873054504,0.8045303225517273
037861,0.956298828125,0.9592968821525574,0.8195018768310547,0.8179383873939514
037862,0.388427734375,0.3965142071247101,0.3251410126686096,0.49202921986579895
037863,0.260498046875,0.3870700001716614,0.16052241623401642,0.5300214290618896
037865,0.5757649540901184,0.5805378556251526,0.49943602085113525,0.741424024105072
037866,0.968017578125,0.9680542945861816,1.0,0.9543942809104919
037867,0.95703125,0.9575859308242798,0.7039180397987366,0.8277977108955383
037868,0.968017578125,0.9680420160293579,1.0,0.8860415816307068
037869,0.940673828125,0.9538703560829163,0.5046601295471191,0.6003090143203735
037870,0.962158203125,0.962449312210083,0.8420895934104919,0.7996127605438232
037872,0.9673665165901184,0.9676996469497681,0.8748590350151062,0.7942577004432678
037873,0.518798828125,0.5362052917480469,1.0,1.0
037874,0.962158203125,0.9623950719833374,0.9625431895256042,0.7906139492988586
037875,0.431884765625,0.4810156226158142,0.4763599932193756,0.6984503269195557
037876,0.956298828125,0.9591584205627441,0.7169486284255981,0.6615492105484009
037878,0.9673665165901184,0.9674695134162903,0.8748590350151062,0.6753667593002319
037879,0.469970703125,0.4799253046512604,0.4431702494621277,0.643057644367218
037880,0.968017578125,0.9680608510971069,1.0,0.9932766556739807
037882,0.962158203125,0.9625946283340454,0.8420895934104919,0.9148992896080017
037884,0.633056640625,0.6388450264930725,0.5862115621566772,0.7041966915130615
037885,0.9507649540901184,0.95518958568573,0.7292529344558716,0.7814059257507324
037886,0.659423828125,0.664181649684906,0.5918076038360596,0.6843047142028809
037888,0.9466145634651184,0.9552791714668274,0.5787770748138428,0.8116748332977295
037891,0.951904296875,0.9577869772911072,0.7122209072113037,0.8111845850944519
037892,0.947998046875,0.952811062335968,0.6841284036636353,0.8482236266136169
037893,0.5694172978401184,0.5779514312744141,0.4635950028896332,0.6131778359413147
037894,0.968017578125,0.9680672883987427,1.0,0.8198386430740356
037895,0.9673665165901184,0.9678987264633179,0.8748590350151062,0.9284947514533997
037897,0.968017578125,0.9680469036102295,1.0,0.880271315574646
037898,0.9507649540901184,0.9561207890510559,0.7292529344558716,0.8953924775123596
037899,0.957763671875,0.9583374261856079,0.8271697163581848,0.831904411315918
037900,0.968017578125,0.9680602550506592,1.0,0.9565011858940125
037901,0.0,0.07568359375,0.0,0.3491750955581665
037902,0.940673828125,0.9489350318908691,0.7038999795913696,0.9117335677146912
037903,0.706298828125,0.7100653052330017,0.6245770454406738,0.6648799777030945
037904,0.706298828125,0.7111732959747314,0.6245770454406738,0.8442894220352173
037905,0.968017578125,0.968070387840271,1.0,0.895564079284668
037907,0.518798828125,0.5874527096748352,0.4535067081451416,0.7301194071769714
037908,0.706298828125,0.708956241607666,0.7139173746109009,0.6971122622489929
037909,0.9673665165901184,0.9678956270217896,0.8748590350151062,0.9849455952644348
037910,0.9673665165901184,0.9676182270050049,0.8748590350151062,0.7047428488731384
037911,0.94140625,0.9460146427154541,0.7888506054878235,0.8489287495613098
037912,0.953369140625,0.9595060348510742,0.7479812502861023,0.9251629710197449
037914,0.1875,0.2303466796875,0.4692787230014801,0.786472499370575
037919,0.3599446713924408,0.4194101393222809,0.5626510977745056,0.7241278886795044
037920,0.228759765625,0.40095311403274536,0.18026001751422882,0.49259963631629944
037922,0.323974609375,0.4276811480522156,0.3111700117588043,0.5346551537513733
037923,0.14453125,0.25081968307495117,0.16220630705356598,0.4706186354160309
037927,0.499755859375,0.546879768371582,0.629690945148468,0.5619511008262634
037928,0.951904296875,0.9563061594963074,0.8690900206565857,0.8581262826919556
037930,0.959228515625,0.9597671031951904,0.7631344795227051,0.7694442272186279
037931,0.4375,0.4375,0.30545666813850403,0.2846061885356903
037932,0.9466145634651184,0.9505162239074707,0.6615661382675171,0.5663036704063416
037933,0.968017578125,0.9680620431900024,1.0,0.9122880697250366
037934,0.956298828125,0.9594669938087463,0.8195018768310547,0.7861875891685486
037935,0.966796875,0.9673486948013306,0.8748388290405273,0.81015944480896
037936,0.9673665165901184,0.9676720499992371,0.8748590350151062,0.8063496947288513
037937,0.9668782353401184,0.9672136306762695,0.892719030380249,0.7612757682800293
037938,0.967041015625,0.9678026437759399,0.8122885227203369,0.8919527530670166
037940,0.968017578125,0.9680496454238892,1.0,0.8951954245567322
037941,0.943115234375,0.9492475986480713,0.7475366592407227,0.6946362257003784
037943,0.197998046875,0.34810739755630493,0.1916866898536682,0.62623530626297
037944,0.47265625,0.5180014967918396,0.8178747296333313,0.9292863011360168
037945,0.953369140625,0.9588035941123962,0.7479812502861023,0.826918363571167
037947,0.12109375,0.19335389137268066,0.19355076551437378,0.3901393711566925
037949,0.606689453125,0.6505447626113892,0.5334192514419556,0.7896753549575806
037952,0.584228515625,0.5846385955810547,0.7139173746109009,0.7470844388008118
037953,0.344482421875,0.3965913653373718,0.2789551615715027,0.5086045265197754
037954,0.967041015625,0.9674834609031677,0.9284793138504028,0.945006787776947
037955,0.556884765625,0.6071310043334961,0.5407800078392029,0.7755552530288696
037956,0.943115234375,0.9482735395431519,0.6126077175140381,0.5977242588996887
037958,0.953369140625,0.9558008909225464,0.7479812502861023,0.6490275263786316
037959,0.323974609375,0.4011070728302002,0.2230929136276245,0.4178978204727173
037960,0.1458333432674408,0.24242021143436432,0.12516115605831146,0.36927664279937744
037961,0.940673828125,0.952568531036377,0.5046601295471191,0.6338340044021606
037962,0.9507649540901184,0.9577322006225586,0.6379934549331665,0.7807016968727112
037963,0.08984375,0.08984375,0.5158474445343018,0.5158474445343018
037966,0.706298828125,0.7095924615859985,0.6245770454406738,0.7668513059616089
037968,0.619873046875,0.627041757106781,0.5410870313644409,0.660395622253418
037969,0.0625,0.0842633917927742,0.07171369343996048,0.10391278564929962
037970,0.518798828125,0.5508678555488586,1.0,0.9954716563224792
037972,0.14453125,0.2495180070400238,0.2626707851886749,0.644241988658905
037973,0.431884765625,0.4622121751308441,0.7318407297134399,0.8090214133262634
037974,0.2122395932674408,0.29686611890792847,0.23532335460186005,0.5228877663612366
037975,0.488037109375,0.5450847148895264,0.398443341255188,0.6654926538467407
037976,0.580322265625,0.6318871378898621,0.5636333227157593,0.7947482466697693
037977,0.503173828125,0.5122444033622742,0.3920743465423584,0.5662755966186523
037978,0.633056640625,0.636981189250946,0.715326726436615,0.6922029256820679
037979,0.431884765625,0.46994972229003906,0.7318407297134399,0.8224583864212036
037980,0.0625,0.0625,0.07742030918598175,0.06688248366117477
037981,0.959228515625,0.9596969485282898,0.8722942471504211,0.840202271938324
037987,0.701904296875,0.7060556411743164,0.7402501106262207,0.7333462238311768
037988,0.9673665165901184,0.9678147435188293,0.8748590350151062,0.9308450818061829
037989,0.508056640625,0.515005350112915,0.5334192514419556,0.7571866512298584
037990,0.556884765625,0.5849734544754028,0.8308104276657104,0.8707867860794067
037993,0.968017578125,0.9680554270744324,1.0,0.9663881659507751
037994,0.946533203125,0.9548870921134949,0.6577322483062744,0.8495609760284424
037995,0.9673665165901184,0.9678440093994141,0.8748590350151062,0.9481357932090759
038000,0.374755859375,0.4533987045288086,0.5307213068008423,0.6772978901863098
038001,0.166259765625,0.166259765625,0.8213136792182922,0.8213136792182922
038002,0.584228515625,0.5845796465873718,0.6245770454406738,0.6013079881668091
038003,0.967041015625,0.9675256013870239,0.9284793138504028,0.8576651215553284
038004,0.9673665165901184,0.9678001999855042,0.8748590350151062,0.8760274648666382
038005,0.967041015625,0.9676712155342102,0.8122885227203369,0.9036973118782043
038006,0.633056640625,0.6382237076759338,0.5862115621566772,0.7688347101211548
038007,0.957763671875,0.958666205406189,0.7236568927764893,0.8422894477844238
038008,0.3059895932674408,0.3325755000114441,0.3107593357563019,0.37445616722106934
038009,0.388427734375,0.39595240354537964,0.3251410126686096,0.48217546939849854
038010,0.9668782353401184,0.9672262072563171,0.892719030380249,0.8663414120674133
038013,0.9673665165901184,0.9676962494850159,1.0,0.9753823280334473
038014,0.94140625,0.9534585475921631,0.5900454521179199,0.7034064531326294
038016,0.967041015625,0.9678162932395935,0.8122885227203369,0.8807069659233093
038017,0.619873046875,0.6264292597770691,0.5410870313644409,0.7247275114059448
038018,0.953369140625,0.9575790166854858,0.912726640701294,0.8562145233154297
038021,0.9673665165901184,0.9675635695457458,1.0,0.9249734282493591
038022,0.967041015625,0.9675365686416626,0.9284793138504028,0.9448760151863098
038023,0.9507649540901184,0.9543616771697998,0.8898733854293823,0.8423611521720886
038024,0.518798828125,0.5737557411193848,0.6967307925224304,0.9053908586502075
038027,0.946533203125,0.956500768661499,0.6577322483062744,0.8275253772735596
038028,0.712158203125,0.7125300765037537,0.7497180104255676,0.7374502420425415
038029,0.560546875,0.6130390763282776,0.4082580804824829,0.49791163206100464
038030,0.393798828125,0.47042742371559143,0.2789551615715027,0.5474724769592285
038031,0.374755859375,0.4234267771244049,0.3454500138759613,0.5763058066368103
038032,0.966796875,0.9673548936843872,0.7653606534004211,0.6984904408454895
038034,0.9668782353401184,0.9674339890480042,0.7810032963752747,0.7016409039497375
038035,0.706298828125,0.7102562189102173,0.6245770454406738,0.7248188853263855
038036,0.263671875,0.3384552001953125,0.32801172137260437,0.34378352761268616
038037,0.228759765625,0.3362202048301697,0.18026001751422882,0.5102474689483643
038038,0.703369140625,0.7041342854499817,0.7838867902755737,0.6503316760063171
038041,0.943359375,0.9558249711990356,0.5284951329231262,0.8290918469429016
038043,0.9673665165901184,0.9676596522331238,0.8748590350151062,0.7792384028434753
038047,0.943115234375,0.9528743624687195,0.6126077175140381,0.7777097225189209
038051,0.957763671875,0.9583019614219666,0.7236568927764893,0.7328130006790161
038052,0.9444172978401184,0.9517613649368286,0.544137716293335,0.6253753304481506
038054,0.951904296875,0.9584654569625854,0.6230928897857666,0.7583870887756348
038058,0.47265625,0.47265625,0.8178747296333313,0.8178747296333313
038059,0.966796875,0.9677596688270569,0.7653606534004211,0.8789734840393066
038061,0.263671875,0.4226440191268921,0.15307211875915527,0.3801853060722351
038063,0.946533203125,0.9549788236618042,0.6577322483062744,0.8616520762443542
038064,0.4375,0.526214599609375,0.30545666813850403,0.42459866404533386
038065,0.712158203125,0.7125940322875977,0.7497180104255676,0.7863870859146118
038066,0.968017578125,0.9680654406547546,1.0,0.9576442837715149
038068,0.508056640625,0.5139013528823853,0.46666663885116577,0.6722788214683533
038069,0.1875,0.34562110900878906,0.10728099197149277,0.36782917380332947
038071,0.490234375,0.5357122421264648,0.38805168867111206,0.4358714818954468
038072,0.44921875,0.5535249710083008,0.2682024836540222,0.4736853837966919
038075,0.968017578125,0.9680774807929993,1.0,0.8862478733062744
038078,0.260498046875,0.39678001403808594,0.16052241623401642,0.5917291641235352
038080,0.02083333395421505,0.2075369954109192,0.015642624348402023,0.3762989342212677
038083,0.4778645932674408,0.4842281937599182,0.4055802822113037,0.5239362716674805
038084,0.51953125,0.5731239318847656,0.3284950852394104,0.45695918798446655
038085,0.659423828125,0.6642364263534546,0.5918076038360596,0.7971575856208801
038086,0.9673665165901184,0.967804491519928,0.8748590350151062,0.8032140135765076
038087,0.701171875,0.701416015625,0.5150786638259888,0.4138127565383911
038088,0.959228515625,0.9598650932312012,0.7631344795227051,0.8175714015960693
038089,0.12109375,0.2487783432006836,0.10909166932106018,0.44069451093673706
038090,0.4778645932674408,0.4824230670928955,0.5657033920288086,0.689941942691803
038091,0.61328125,0.6192041635513306,0.4536360800266266,0.5167048573493958
038092,0.518798828125,0.5831719040870667,0.6967307925224304,0.8892650008201599
038095,0.300537109375,0.40435755252838135,0.24733662605285645,0.5364075303077698
038097,0.943115234375,0.949376106262207,0.6597968339920044,0.829814076423645
038103,0.304931640625,0.3574158549308777,0.49493172764778137,0.6895391941070557
038104,0.951904296875,0.957728922367096,0.7122209072113037,0.8393611311912537
038105,0.953369140625,0.9588879346847534,0.6543781161308289,0.7795605659484863
038107,0.9466145634651184,0.9510199427604675,0.8072783350944519,0.7817355394363403
038108,0.9507649540901184,0.9537734985351562,0.8898733854293823,0.8346534967422485
038109,0.9466145634651184,0.9549927711486816,0.5787770748138428,0.6398337483406067
038111,0.703369140625,0.7101900577545166,0.6423966884613037,0.7143930196762085
038116,0.5757649540901184,0.5826948285102844,0.5708760023117065,0.7272335290908813
038121,0.951171875,0.954363226890564,0.694340705871582,0.6097270846366882
038122,0.323974609375,0.40608710050582886,0.2550044059753418,0.4335070550441742
038123,0.962158203125,0.9625676274299622,0.9625431895256042,0.9367145895957947
038124,0.951904296875,0.9563055038452148,0.8690900206565857,0.8079504370689392
038125,0.951171875,0.9569672346115112,0.694340705871582,0.7940738797187805
038126,0.967041015625,0.967491626739502,0.8122885227203369,0.7281230688095093
038127,0.432373046875,0.4375615119934082,0.5636333227157593,0.7001063227653503
038129,0.1458333432674408,0.2490207999944687,0.15272833406925201,0.5155085921287537
038130,0.61328125,0.6204779744148254,0.4536360800266266,0.6140334010124207
038131,0.962158203125,0.9626838564872742,0.8420895934104919,0.9346067309379578
038133,0.432373046875,0.43746110796928406,0.4040961265563965,0.5767796635627747
038134,0.9507649540901184,0.9550964832305908,0.7292529344558716,0.7643138766288757
038136,0.19921875,0.27118778228759766,0.16092148423194885,0.23777474462985992
038138,0.946533203125,0.9537881016731262,0.6577322483062744,0.7210471630096436
038144,0.556884765625,0.5981258749961853,0.4431702494621277,0.5172985196113586
038145,0.455078125,0.5297870635986328,0.33298835158348083,0.42275020480155945
038146,0.47265625,0.4801996648311615,0.3430097699165344,0.48181048035621643
038147,0.9668782353401184,0.9673329591751099,0.892719030380249,0.857723593711853
038148,0.968017578125,0.9680614471435547,1.0,0.9333910942077637
038149,0.956298828125,0.9610109329223633,0.7169486284255981,0.7931509017944336
038150,0.968017578125,0.9680773615837097,1.0,0.965059220790863
038151,0.9668782353401184,0.9676242470741272,0.7810032963752747,0.8378736972808838
038152,0.606689453125,0.6372842788696289,0.5334192514419556,0.6694424152374268
038154,0.9507649540901184,0.9538853764533997,0.8898733854293823,0.7558929324150085
038155,0.9507649540901184,0.9550979733467102,0.7292529344558716,0.7741472125053406
038157,0.9673665165901184,0.9676432609558105,1.0,0.9206621050834656
038158,0.962158203125,0.9625385403633118,0.9625431895256042,0.9062719345092773
038160,0.953369140625,0.9577309489250183,0.7479812502861023,0.8179457783699036
038161,0.9507649540901184,0.9553610682487488,0.7292529344558716,0.7888429164886475
038164,0.571533203125,0.5782912969589233,0.6093400716781616,0.7804263830184937
038165,0.968017578125,0.9680494070053101,1.0,0.9621404409408569
038166,0.946533203125,0.9565606117248535,0.575423002243042,0.7367133498191833
038167,0.323974609375,0.323974609375,0.7591918706893921,0.7591918706893921
038174,0.953369140625,0.9579494595527649,0.7479812502861023,0.7726624608039856
038176,0.619873046875,0.6252893805503845,0.6602633595466614,0.7579570412635803
038177,0.946533203125,0.9526448845863342,0.575423002243042,0.6362210512161255
038178,0.9444172978401184,0.949898362159729,0.6219719052314758,0.6049156785011292
038179,0.633056640625,0.6379687786102295,0.5128524899482727,0.6059500575065613
038180,0.9668782353401184,0.9675284624099731,0.7810032963752747,0.8147417902946472
038181,0.571533203125,0.5772546529769897,0.6093400716781616,0.627015233039856
038182,0.956298828125,0.9606064558029175,0.8195018768310547,0.8890306353569031
038183,0.959228515625,0.9597421288490295,0.7631344795227051,0.7278236150741577
038185,0.9668782353401184,0.9676015973091125,0.7810032963752747,0.8342709541320801
038187,0.706298828125,0.7095364928245544,0.7139173746109009,0.775268018245697
038188,0.946533203125,0.953058660030365,0.575423002243042,0.5836192965507507
038189,0.956298828125,0.9588489532470703,0.7169486284255981,0.7074223160743713
038190,0.3059895932674408,0.36725878715515137,0.23244215548038483,0.3822503089904785
038193,0.520263671875,0.5206789374351501,0.6423966884613037,0.6592434048652649
038194,0.44921875,0.5188264846801758,0.5806522965431213,0.7408059239387512
038196,0.946533203125,0.950096845626831,0.8793432712554932,0.8566818237304688
038197,0.9388020634651184,0.9477913975715637,0.48492133617401123,0.5868703126907349
038198,0.959228515625,0.9599850177764893,0.7631344795227051,0.7037295699119568
038204,0.197998046875,0.26929038763046265,0.42267662286758423,0.6795591711997986
038205,0.962158203125,0.9624261856079102,0.9625431895256042,0.8649358153343201
038208,0.1458333432674408,0.2502164840698242,0.10949836671352386,0.4732474386692047
038209,0.947998046875,0.9551855325698853,0.5985158681869507,0.7461279630661011
038211,0.432373046875,0.4361894428730011,0.4618985950946808,0.45024195313453674
038212,0.5757649540901184,0.5788842439651489,0.5708760023117065,0.5385728478431702
038213,0.956298828125,0.9596949815750122,0.8195018768310547,0.8822813034057617
038216,0.966796875,0.967649519443512,0.7653606534004211,0.822075605392456
038217,0.703369140625,0.7071120738983154,0.7838867902755737,0.8699854016304016
038218,0.374755859375,0.46194764971733093,0.28309693932533264,0.5359000563621521
038219,0.365234375,0.46599799394607544,0.23202729225158691,0.49122175574302673
038220,0.2044270783662796,0.3691086769104004,0.16733194887638092,0.549566388130188
038222,0.197998046875,0.24207542836666107,0.13742950558662415,0.16805271804332733
038227,0.469970703125,0.47623467445373535,0.5407800078392029,0.6342586874961853
038228,0.968017578125,0.9680521488189697,1.0,0.8085167407989502
038232,0.300537109375,0.4053313732147217,0.2163846641778946,0.4653283655643463
038233,0.518798828125,0.5434579849243164,0.3251410126686096,0.3067236542701721
038240,0.9668782353401184,0.9675326347351074,0.7810032963752747,0.7683875560760498
038241,0.659423828125,0.6634260416030884,0.5918076038360596,0.7218453288078308
038242,0.393798828125,0.4494861960411072,0.38908666372299194,0.47968852519989014
038243,0.580322265625,0.6140084266662598,0.86592036485672,0.9778788089752197
038244,0.956298828125,0.9601719975471497,0.8195018768310547,0.837263286113739
038245,0.606689453125,0.6251117587089539,0.6509066820144653,0.5412125587463379
038247,0.2044270783662796,0.3891772925853729,0.10949836671352386,0.42015522718429565
038249,0.959228515625,0.9597615003585815,0.8722942471504211,0.891211748123169
038250,0.946533203125,0.9514055848121643,0.6577322483062744,0.6316904425621033
038251,0.659423828125,0.6632441282272339,0.6764605641365051,0.6965872645378113
038253,0.9507649540901184,0.9556046724319458,0.7292529344558716,0.7339387536048889
038254,0.393798828125,0.4620821177959442,0.38908666372299194,0.6113013625144958
038256,0.2774251401424408,0.4300563633441925,0.1687147468328476,0.5525391697883606
038257,0.95703125,0.9576292037963867,0.8046074509620667,0.8576246500015259
038259,0.304931640625,0.4075544476509094,0.2789600193500519,0.5378605127334595
038260,0.939453125,0.947672963142395,0.489017516374588,0.46382418274879456
038263,0.951171875,0.9595478177070618,0.694340705871582,0.89289391040802
038264,0.1875,0.2205984890460968,0.14342738687992096,0.18674898147583008
038266,0.953369140625,0.9592919945716858,0.6543781161308289,0.8307911157608032
038267,0.9388020634651184,0.9473766684532166,0.5542851090431213,0.6009063124656677
038268,0.110107421875,0.307524710893631,0.10187789052724838,0.5410407781600952
038269,0.968017578125,0.968050479888916,1.0,0.9098371863365173
038270,0.9668782353401184,0.9673514366149902,0.892719030380249,0.8929426074028015
038271,0.505615234375,0.5098029375076294,0.427834689617157,0.4456910192966461
038272,0.967041015625,0.9677296280860901,0.8122885227203369,0.8915818333625793
038273,0.953369140625,0.9567201137542725,0.912726640701294,0.8556154370307922
038274,0.9466145634651184,0.951416015625,0.8072783350944519,0.7995001077651978
038277,0.968017578125,0.9680771827697754,1.0,0.9166674613952637
038281,0.47265625,0.5422802567481995,0.3039627969264984,0.4567602276802063
038282,0.9673665165901184,0.9676388502120972,1.0,0.9093302488327026
038283,0.9466145634651184,0.955167293548584,0.5787770748138428,0.7481586933135986
038284,0.946533203125,0.9536372423171997,0.6577322483062744,0.7114389538764954
038285,0.9673665165901184,0.9678987264633179,0.8748590350151062,0.962662935256958
038286,0.9668782353401184,0.9674054980278015,0.892719030380249,0.904845654964447
038287,0.531982421875,0.5745617151260376,0.48571667075157166,0.7127618789672852
038288,0.146728515625,0.2826426923274994,0.1496870219707489,0.5657439827919006
038289,0.94140625,0.946803867816925,0.5900454521179199,0.5426703095436096
038291,0.951904296875,0.9546623826026917,0.7122209072113037,0.6309460997581482
038292,0.9388020634651184,0.9465069770812988,0.6763683557510376,0.7797172665596008
038293,0.966796875,0.9672393798828125,0.8748388290405273,0.9061539769172668
038294,0.967041015625,0.9674654603004456,0.9284793138504028,0.84160977602005
038296,0.633056640625,0.6374406814575195,0.5862115621566772,0.6143487095832825
038297,0.374755859375,0.4404832422733307,0.28309693932533264,0.5436775088310242
038301,0.967041015625,0.967823326587677,0.8122885227203369,0.8827385306358337
038302,0.943359375,0.947493314743042,0.7371450066566467,0.6135338544845581
038303,0.962158203125,0.9625208973884583,0.8420895934104919,0.8010194301605225
038304,0.9444172978401184,0.9528785943984985,0.7589633464813232,0.8904175758361816
038305,0.14453125,0.24108773469924927,0.22745199501514435,0.44698959589004517
038307,0.953369140625,0.9591877460479736,0.7479812502861023,0.8331618905067444
038309,0.706298828125,0.7093560099601746,0.7139173746109009,0.7081561088562012
038310,0.34765625,0.3494878113269806,0.4098700284957886,0.3398570120334625
038311,0.488037109375,0.5783067941665649,0.3265250623226166,0.6985369324684143
038313,0.9668782353401184,0.9676464200019836,0.7810032963752747,0.9066591262817383
038315,0.9507649540901184,0.9542706608772278,0.8898733854293823,0.8541733622550964
038317,0.110107421875,0.201673224568367,0.10187789052724838,0.2528476119041443
038318,0.951904296875,0.9574437141418457,0.6230928897857666,0.6550597548484802
038319,0.508056640625,0.5142123699188232,0.5334192514419556,0.6166219115257263
038320,0.490234375,0.542119026184082,0.38805168867111206,0.4414575397968292
038321,0.304931640625,0.38268813490867615,0.2789600193500519,0.37988272309303284
038322,0.508056640625,0.5087261199951172,0.5334192514419556,0.4361322820186615
038323,0.393798828125,0.44224682450294495,0.38908666372299194,0.49519413709640503
038325,0.1875,0.3639374375343323,0.1309099942445755,0.4466704726219177
038326,0.469970703125,0.4797966480255127,0.3877114951610565,0.5381052494049072
038329,0.939453125,0.939453125,1.0,1.0
038330,0.23828125,0.3738744854927063,0.16092148423194885,0.5630441308021545
038332,0.4375,0.46833038330078125,0.7452524900436401,0.8703107237815857
038333,0.510498046875,0.5167840719223022,0.49935534596443176,0.6474533677101135
038334,0.9673665165901184,0.9675933122634888,1.0,0.9004623889923096
038335,0.9668782353401184,0.9674875140190125,0.7810032963752747,0.8496884703636169
038336,0.344482421875,0.40180039405822754,0.2789551615715027,0.4381635785102844
038337,0.9668782353401184,0.9674612879753113,0.892719030380249,0.8256577253341675
038339,0.968017578125,0.9680557250976562,1.0,0.9693558812141418
038340,0.968017578125,0.9680464863777161,1.0,0.8734135627746582
038341,0.968017578125,0.9680531620979309,1.0,0.879302978515625
038342,0.703369140625,0.707869827747345,0.7838867902755737,0.7952888011932373
038343,0.584228515625,0.5848191976547241,0.6245770454406738,0.7430882453918457
038344,0.951171875,0.9582573175430298,0.6074502468109131,0.6139969229698181
038345,0.505615234375,0.5150936841964722,0.37429502606391907,0.6003713011741638
038346,0.701904296875,0.7068140506744385,0.6066363453865051,0.7641282677650452
038347,0.9673665165901184,0.9677448272705078,1.0,0.9251121282577515
038348,0.968017578125,0.9680543541908264,1.0,0.9678942561149597
038349,0.9507649540901184,0.9565300345420837,0.7292529344558716,0.8637490272521973
038350,0.48828125,0.4888896644115448,0.5307213068008423,0.5493163466453552
038354,0.9673665165901184,0.9676961302757263,1.0,0.886605978012085
038358,0.9668782353401184,0.9672400951385498,0.7810032963752747,0.6923930048942566
038359,0.39453125,0.39453125,0.5697178244590759,0.5697178244590759
038360,0.510498046875,0.5172814726829529,0.43686550855636597,0.701399028301239
038361,0.706298828125,0.7100687026977539,0.6245770454406738,0.6934353113174438
038362,0.9668782353401184,0.9677813053131104,0.7810032963752747,0.8092005252838135
038363,0.260498046875,0.3964531421661377,0.18348374962806702,0.6202853918075562
038364,0.967041015625,0.9675624966621399,0.8122885227203369,0.8789768815040588
038369,0.9673665165901184,0.9676377773284912,1.0,0.8474079370498657
038371,0.947998046875,0.9533852338790894,0.5985158681869507,0.6509171724319458
038372,0.947998046875,0.9510807991027832,0.9146330952644348,0.9069311022758484
038373,0.9388020634651184,0.9471316933631897,0.48492133617401123,0.5909909605979919
038374,0.9673665165901184,0.9676015973091125,1.0,0.9093228578567505
038376,0.3599446713924408,0.39719557762145996,0.36623337864875793,0.415162593126297
038377,0.03125,0.078399658203125,0.09869397431612015,0.3877715766429901
038378,0.968017578125,0.9680708646774292,1.0,0.9338931441307068
038379,0.490234375,0.5768104195594788,0.42515653371810913,0.6733447909355164
038380,0.967041015625,0.9672660827636719,0.9284793138504028,0.8079056143760681
038381,0.505615234375,0.5173503756523132,0.37429502606391907,0.6796719431877136
038382,0.959228515625,0.9599279165267944,0.7631344795227051,0.8098652958869934
038384,0.300537109375,0.347941130399704,0.30181336402893066,0.509122908115387
038389,0.968017578125,0.968076765537262,1.0,0.962692141532898
038390,0.9668782353401184,0.9674939513206482,0.7810032963752747,0.7189365029335022
038391,0.968017578125,0.9680230617523193,1.0,0.7970172762870789
038394,0.951904296875,0.9570533633232117,0.8690900206565857,0.9761369824409485
038395,0.531982421875,0.5594022870063782,0.7462155222892761,0.8267743587493896
038396,0.571533203125,0.5794295072555542,0.43686550855636597,0.6657361388206482
038397,0.701904296875,0.7077115178108215,0.6066363453865051,0.7488049864768982
038399,0.261474609375,0.32325971126556396,0.49493172764778137,0.716037929058075
038401,0.508056640625,0.5127434730529785,0.46666663885116577,0.5766153931617737
038403,0.51953125,0.5513234734535217,0.7039180994033813,0.8103543519973755
038405,0.9444172978401184,0.9559690952301025,0.6219719052314758,0.7784796953201294
038407,0.967041015625,0.9678014516830444,0.8122885227203369,0.8497530817985535
038408,0.940673828125,0.9497748613357544,0.7038999795913696,0.7434059381484985
038409,0.939453125,0.947253942489624,0.489017516374588,0.4841402769088745
038410,0.9673665165901184,0.9677902460098267,0.8748590350151062,0.8056544661521912
038411,0.951904296875,0.9598938822746277,0.7122209072113037,0.8771933913230896
038412,0.03125,0.03125,0.031678736209869385,0.031678736209869385
038414,0.9673665165901184,0.9678984880447388,0.8748590350151062,0.9243370294570923
038415,0.968017578125,0.9680710434913635,1.0,0.9735132455825806
038418,0.957763671875,0.9582189917564392,0.8271697163581848,0.7559483647346497
038420,0.703369140625,0.7047080993652344,0.8588406443595886,0.8670529127120972
038423,0.228759765625,0.30645424127578735,0.3198178708553314,0.4756644368171692
038425,0.499755859375,0.5414938926696777,0.9037794470787048,0.9023192524909973
038426,0.388427734375,0.39186811447143555,0.5650469660758972,0.6353949904441833
038427,0.9673665165901184,0.9676297307014465,1.0,0.8488248586654663
038430,0.09375,0.12816619873046875,0.08259502053260803,0.11860382556915283
038431,0.94140625,0.9478391408920288,0.5900454521179199,0.5894847512245178
038432,0.9668782353401184,0.9676185846328735,0.7810032963752747,0.8214093446731567
038433,0.4778645932674408,0.48356199264526367,0.4055802822113037,0.46918144822120667
038435,0.951904296875,0.9555883407592773,0.6230928897857666,0.5873978137969971
038436,0.571533203125,0.577561616897583,0.49935534596443176,0.5329275727272034
038437,0.962158203125,0.9624490141868591,0.9625431895256042,0.8371056914329529
038438,0.946533203125,0.9538632035255432,0.575423002243042,0.5957781076431274
038439,0.197998046875,0.27939245104789734,0.1916866898536682,0.36765849590301514
038440,0.9444172978401184,0.9514015913009644,0.6219719052314758,0.6620981097221375
038442,0.706298828125,0.7093866467475891,0.871160089969635,0.8069121241569519
038443,0.580322265625,0.6225323677062988,0.4618985950946808,0.641294538974762
038448,0.9668782353401184,0.967529296875,0.7810032963752747,0.8007642030715942
038450,0.393798828125,0.4225195050239563,0.690318763256073,0.6184196472167969
038451,0.703369140625,0.7073622345924377,0.7838867902755737,0.7445132732391357
038452,0.9673665165901184,0.9675524830818176,1.0,0.8252691626548767
038453,0.431884765625,0.4686768651008606,0.7318407297134399,0.7580920457839966
038454,0.3599446713924408,0.40922224521636963,0.5626510977745056,0.6227871775627136
038455,0.48828125,0.48905572295188904,0.5307213068008423,0.6469066143035889
038456,0.505615234375,0.5138657093048096,0.37429502606391907,0.5695316195487976
038460,0.962158203125,0.9624311923980713,0.9625431895256042,0.9275858998298645
038461,0.9673665165901184,0.9677400588989258,1.0,0.9566971063613892
038463,0.34765625,0.3564785122871399,0.3358892798423767,0.43381068110466003
038465,0.51953125,0.581331193447113,0.3754834830760956,0.47793176770210266
038468,0.957763671875,0.9582212567329407,0.8271697163581848,0.8405636548995972
038469,0.943115234375,0.951268196105957,0.6126077175140381,0.758076012134552
038470,0.219970703125,0.25709590315818787,0.34397661685943604,0.35554957389831543
038471,0.23046875,0.27595844864845276,0.32960182428359985,0.4043952524662018
038475,0.1875,0.2269965261220932,0.2886616587638855,0.4370807707309723
038476,0.300537109375,0.37101030349731445,0.4636814594268799,0.6540787220001221
038478,0.30078125,0.3776431679725647,0.28309693932533264,0.5640191435813904
038479,0.946533203125,0.9537069797515869,0.6577322483062744,0.8446986675262451
038481,0.94140625,0.9436874389648438,0.8970906734466553,0.9562158584594727
038483,0.518798828125,0.5716707706451416,0.4535067081451416,0.7103211283683777
038485,0.9668782353401184,0.96759432554245,0.892719030380249,0.933250904083252
038486,0.706298828125,0.7090691328048706,0.871160089969635,0.8768842220306396
038487,0.9673665165901184,0.9676879644393921,0.8748590350151062,0.8261942863464355
038488,0.44921875,0.44921875,0.9224036931991577,0.9224036931991577
038489,0.701904296875,0.7097577452659607,0.6066363453865051,0.6544189453125
038490,0.966796875,0.96771240234375,0.7653606534004211,0.7044729590415955
038491,0.510498046875,0.5157053470611572,0.6093400716781616,0.6325401067733765
038492,0.706298828125,0.7101549506187439,0.7139173746109009,0.8189132809638977
038493,0.3599446713924408,0.38029754161834717,0.6497723460197449,0.6400879621505737
038494,0.9444172978401184,0.9541271328926086,0.6219719052314758,0.7158928513526917
038499,0.2774251401424408,0.40048670768737793,0.1687147468328476,0.44964325428009033
038501,0.228759765625,0.37910881638526917,0.12923716008663177,0.5652366876602173
038503,0.706298828125,0.7110840678215027,0.7139173746109009,0.7887110710144043
038504,0.968017578125,0.9680484533309937,1.0,0.8838119506835938
038505,0.44140625,0.45184364914894104,0.3284950852394104,0.4672296345233917
038506,0.957763671875,0.9582735300064087,0.8271697163581848,0.7871931195259094
038508,0.956298828125,0.9606326818466187,0.7169486284255981,0.8801003098487854
038509,0.9466145634651184,0.9512425661087036,0.8072783350944519,0.8647990226745605
038510,0.9375,0.9421722292900085,0.7171369194984436,0.7796821594238281
038511,0.9668782353401184,0.9677691459655762,0.7810032963752747,0.7525753974914551
038512,0.1875,0.36235809326171875,0.1309099942445755,0.4732202887535095
038516,0.968017578125,0.9680623412132263,1.0,0.9541111588478088
038517,0.712158203125,0.7123839259147644,0.8569586873054504,0.7720246911048889
038519,0.968017578125,0.9680774211883545,1.0,0.967927873134613
038520,0.957763671875,0.9583146572113037,0.8271697163581848,0.856193482875824
038522,0.488037109375,0.5528784394264221,0.2856633961200714,0.4393761157989502
038524,0.962158203125,0.9625336527824402,0.8420895934104919,0.885886549949646
038525,0.9668782353401184,0.9673124551773071,0.892719030380249,0.8281877040863037
038526,0.968017578125,0.9680622220039368,1.0,0.887421727180481
038527,0.962158203125,0.9626999497413635,0.8420895934104919,0.9100039005279541
038528,0.968017578125,0.9680766463279724,1.0,0.9011031985282898
038529,0.9668782353401184,0.9677732586860657,0.7810032963752747,0.9229931235313416
038530,0.712158203125,0.7124927639961243,0.8569586873054504,0.8029866218566895
038531,0.947998046875,0.9503798484802246,0.8348100185394287,0.7934420108795166
038533,0.967041015625,0.9678031802177429,0.8122885227203369,0.9187199473381042
038534,0.968017578125,0.9680516123771667,1.0,0.940757691860199
038535,0.947998046875,0.9537073969841003,0.6841284036636353,0.7511012554168701
038536,0.5694172978401184,0.5777267813682556,0.4055802822113037,0.6915754675865173
038538,0.968017578125,0.9680582880973816,1.0,0.9698726534843445
038539,0.947998046875,0.9501432180404663,0.8348100185394287,0.6991873383522034
038542,0.606689453125,0.6501438617706299,0.46666663885116577,0.6664410829544067
038543,0.968017578125,0.9680770635604858,1.0,0.9667656421661377
038544,0.959228515625,0.9599997997283936,0.7631344795227051,0.9078007340431213
038545,0.951171875,0.9569852352142334,0.8472716808319092,0.9041170477867126
038547,0.47265625,0.550454318523407,0.3709116578102112,0.5295267105102539
038548,0.5694172978401184,0.5791150331497192,0.4055802822113037,0.5653121471405029
038550,0.953369140625,0.9586856961250305,0.7479812502861023,0.8934033513069153
038551,0.518798828125,0.6080254316329956,0.4535067081451416,0.7269748449325562
038552,0.940673828125,0.9479494690895081,0.771205723285675,0.9094911813735962
038553,0.490234375,0.5469787120819092,0.5961710214614868,0.6981384754180908
038554,0.510498046875,0.5159143805503845,0.49935534596443176,0.7087239027023315
038555,0.146728515625,0.24961063265800476,0.11196307837963104,0.35245758295059204
038556,0.520263671875,0.5208058953285217,0.5620065331459045,0.6858476996421814
038557,0.956298828125,0.9584142565727234,1.0,0.8378037810325623
038559,0.3599446713924408,0.4179162383079529,0.3001289367675781,0.43674933910369873
038561,0.967041015625,0.9673919677734375,0.9284793138504028,0.7804012298583984
038562,0.490234375,0.5397533178329468,0.3180091083049774,0.344124436378479
038564,0.968017578125,0.968076765537262,1.0,0.9426359534263611
038565,0.968017578125,0.9680501818656921,1.0,0.9213613867759705
038566,0.503173828125,0.5143305063247681,0.3430097699165344,0.49935683608055115
038568,0.943115234375,0.953591525554657,0.5359453558921814,0.8345718383789062
038569,0.9673665165901184,0.9678989052772522,0.8748590350151062,0.9508238434791565
038570,0.951904296875,0.9598689079284668,0.7122209072113037,0.8002381920814514
038571,0.9673665165901184,0.9678958058357239,0.8748590350151062,0.8939652442932129
038572,0.953369140625,0.960277795791626,0.7479812502861023,0.8071306943893433
038573,0.968017578125,0.9680423736572266,1.0,0.8106661438941956
038574,0.261474609375,0.36603260040283203,0.22860826551914215,0.5693601965904236
038577,0.959228515625,0.9597784280776978,0.8722942471504211,0.897849977016449
038578,0.619873046875,0.6249263286590576,0.5410870313644409,0.6252738833427429
038579,0.706298828125,0.7102025151252747,0.6245770454406738,0.688478410243988
038581,0.967041015625,0.9676127433776855,0.9284793138504028,0.9740316271781921
038582,0.953369140625,0.9581683874130249,0.7479812502861023,0.8301087617874146
038583,0.946533203125,0.9544602036476135,0.6577322483062744,0.8126285672187805
038585,0.228759765625,0.3393540680408478,0.3198178708553314,0.6780839562416077
038588,0.659423828125,0.6619151830673218,0.8254533410072327,0.829727292060852
038589,0.518798828125,0.5573756098747253,0.4535067081451416,0.4843621551990509
038590,0.366455078125,0.3798322379589081,0.2856633961200714,0.5741730332374573
038591,0.940673828125,0.9471607804298401,0.7038999795913696,0.7739393711090088
038593,0.968017578125,0.9680458307266235,1.0,0.9287822842597961
038594,0.571533203125,0.5776558518409729,0.6676040887832642,0.7597731351852417
038596,0.947998046875,0.9530099034309387,0.8348100185394287,0.813595712184906
038597,0.953369140625,0.9591747522354126,0.6543781161308289,0.8540622591972351
038600,0.9507649540901184,0.9565870761871338,0.7292529344558716,0.8877366781234741
038601,0.962158203125,0.9624261260032654,0.9625431895256042,0.888626217842102
038603,0.9673665165901184,0.9677993059158325,0.8748590350151062,0.9117240309715271
038604,0.703369140625,0.7075775265693665,0.7838867902755737,0.8113730549812317
038605,0.466064453125,0.5863013863563538,0.25437816977500916,0.5014256834983826
038606,0.951904296875,0.9575698971748352,0.6230928897857666,0.7220369577407837
038607,0.9673665165901184,0.9676988124847412,0.8748590350151062,0.8949670791625977
038608,0.374755859375,0.4631754159927368,0.24766992032527924,0.6199774146080017
038610,0.967041015625,0.9676694869995117,0.8122885227203369,0.8798398971557617
038611,0.9668782353401184,0.9677678346633911,0.7810032963752747,0.8794254660606384
038612,0.1875,0.2092633992433548,0.4692787230014801,0.6257049441337585
038613,0.946533203125,0.9528669118881226,0.8026000261306763,0.7928537130355835
038615,0.2774251401424408,0.38322630524635315,0.36153164505958557,0.598607063293457
038617,0.374755859375,0.4491066038608551,0.3454500138759613,0.49790555238723755
038618,0.940673828125,0.9526499509811401,0.5768473744392395,0.8112900853157043
038619,0.518798828125,0.57640141248703,0.4535067081451416,0.6173666715621948
038621,0.567138671875,0.614213228225708,0.7988805174827576,0.8127291798591614
038622,0.571533203125,0.5778259634971619,0.6093400716781616,0.7103103399276733
038623,0.606689453125,0.6428571939468384,0.5334192514419556,0.6549391746520996
038625,0.505615234375,0.5118149518966675,0.427834689617157,0.5474264025688171
038626,0.499755859375,0.5304381251335144,0.9037794470787048,0.9562240839004517
038627,0.3599446713924408,0.43582773208618164,0.36623337864875793,0.695597231388092
038628,0.962158203125,0.9624775648117065,0.9625431895256042,0.9341342449188232
038629,0.531982421875,0.553661048412323,0.8617600202560425,0.7629210352897644
038631,0.388427734375,0.39570173621177673,0.4535067081451416,0.5805835723876953
038633,0.091796875,0.134521484375,0.15692895650863647,0.29292982816696167
038634,0.959228515625,0.9598742127418518,0.7631344795227051,0.8566423058509827
038635,0.633056640625,0.6389511823654175,0.5128524899482727,0.6227217316627502
038636,0.946533203125,0.9541449546813965,0.6577322483062744,0.803945004940033
038637,0.9668782353401184,0.9673913717269897,0.7810032963752747,0.7433207631111145
038638,0.323974609375,0.369594007730484,0.5520787835121155,0.7012844085693359
038639,0.5694172978401184,0.5782016515731812,0.5657033920288086,0.7005054354667664
038641,0.959228515625,0.959590494632721,0.8722942471504211,0.862044632434845
038642,0.365234375,0.40394631028175354,0.7136205434799194,0.8191288113594055
038643,0.943115234375,0.946951150894165,0.6597968339920044,0.6486029028892517
038644,0.374755859375,0.4599546194076538,0.3454500138759613,0.6836915016174316
038645,0.706298828125,0.7096918821334839,0.7139173746109009,0.7916116714477539
038646,0.9444172978401184,0.9512394070625305,0.7589633464813232,0.8001605272293091
038647,0.706298828125,0.709154486656189,0.871160089969635,0.7618095278739929
038649,0.5757649540901184,0.5812799334526062,0.5708760023117065,0.6887312531471252
038650,0.951904296875,0.9599635601043701,0.6230928897857666,0.8686878681182861
038652,0.703369140625,0.7088980078697205,0.6423966884613037,0.7640193104743958
038653,0.953369140625,0.9572803378105164,0.912726640701294,0.9816020131111145
038655,0.967041015625,0.9678112268447876,0.8122885227203369,0.9290393590927124
038656,0.701904296875,0.7061744332313538,0.7402501106262207,0.8368915915489197
038658,0.267578125,0.33220863342285156,0.41934773325920105,0.7025930285453796
038660,0.967041015625,0.9675289392471313,0.9284793138504028,0.8525805473327637
038662,0.951171875,0.9588021636009216,0.694340705871582,0.8878600001335144
038663,0.431884765625,0.4627830684185028,0.7318407297134399,0.6766581535339355
038664,0.953369140625,0.9575038552284241,0.912726640701294,0.8522167205810547
038667,0.956298828125,0.9585263133049011,1.0,0.8675904870033264
038669,0.953369140625,0.9578980207443237,0.7479812502861023,0.8252940773963928
038671,0.94140625,0.9538377523422241,0.5162065625190735,0.8005061745643616
038672,0.508056640625,0.5149966478347778,0.5334192514419556,0.7493575811386108
038674,0.150390625,0.26553112268447876,0.09050162881612778,0.3101906180381775
038675,0.0625,0.2355489730834961,0.043636664748191833,0.4866778254508972
038676,0.9444172978401184,0.9476764798164368,0.6219719052314758,0.5612171292304993
038677,0.431884765625,0.4852277338504791,0.3415256440639496,0.5858936905860901
038678,0.300537109375,0.3784353733062744,0.2163846641778946,0.41809388995170593
038679,0.951171875,0.9578686356544495,0.694340705871582,0.766307532787323
038681,0.9388020634651184,0.9422786235809326,0.6763683557510376,0.5619751811027527
038682,0.567138671875,0.6391124129295349,0.37281090021133423,0.5698760747909546
038683,0.3059895932674408,0.3700045943260193,0.3107593357563019,0.5143124461174011
038684,0.946533203125,0.9530677795410156,0.575423002243042,0.6947092413902283
038685,0.518798828125,0.5829218029975891,0.3716495931148529,0.6992200613021851
038687,0.4375,0.5467287302017212,0.2503223121166229,0.41750356554985046
038688,0.957763671875,0.9586547017097473,0.7236568927764893,0.9168509244918823
038690,0.2774251401424408,0.3072417676448822,0.19284793734550476,0.18458884954452515
038691,0.32421875,0.3341226279735565,0.2907647490501404,0.6199783086776733
038692,0.951171875,0.9576396346092224,0.694340705871582,0.7811206579208374
038693,0.968017578125,0.9680625200271606,1.0,0.9036550521850586
038694,0.567138671875,0.6207354068756104,0.4261382520198822,0.5732020735740662
038695,0.943359375,0.9493188261985779,0.7371450066566467,0.7452698945999146
038696,0.300537109375,0.32396888732910156,0.5354781746864319,0.6836470365524292
038697,0.968017578125,0.9680556058883667,1.0,0.8891960382461548
038698,0.9507649540901184,0.9562464952468872,0.6379934549331665,0.6807685494422913
038701,0.968017578125,0.9680535793304443,1.0,0.8531172871589661
038702,0.659423828125,0.6614853143692017,0.8254533410072327,0.7170693278312683
038703,0.9673665165901184,0.9676535129547119,0.8748590350151062,0.837820291519165
038704,0.968017578125,0.9680613875389099,1.0,0.9074429869651794
038705,0.304931640625,0.41445767879486084,0.22860826551914215,0.4802212417125702
038706,0.304931640625,0.3931501805782318,0.4285714626312256,0.5721837282180786
038707,0.951904296875,0.959046483039856,0.7122209072113037,0.7829495668411255
038709,0.0625,0.1444849818944931,0.08155369758605957,0.24267742037773132
038713,0.9673665165901184,0.967795729637146,0.8748590350151062,0.8450552821159363
038715,0.9673665165901184,0.9678429961204529,0.8748590350151062,0.8084484934806824
038716,0.957763671875,0.9583664536476135,0.8271697163581848,0.7896251678466797
038717,0.0,0.1835249364376068,0.0,0.48035937547683716
038718,0.5694172978401184,0.5746119022369385,0.4635950028896332,0.4923590123653412
038719,0.450927734375,0.45794805884361267,0.3482339084148407,0.4262273907661438
038720,0.946533203125,0.9535892605781555,0.6577322483062744,0.77452152967453
038723,0.659423828125,0.6624765396118164,0.5918076038360596,0.6075374484062195
038724,0.388427734375,0.3900688886642456,0.3716495931148529,0.3615243434906006
038725,0.323974609375,0.42912331223487854,0.2550044059753418,0.614913821220398
038727,0.946533203125,0.9564987421035767,0.6577322483062744,0.7807905673980713
038728,0.9673665165901184,0.9678066372871399,0.8748590350151062,0.9089210033416748
038729,0.659423828125,0.6633726954460144,0.5918076038360596,0.6529226899147034
038732,0.23828125,0.342977911233902,0.3483913838863373,0.6651468276977539
038735,0.9507649540901184,0.9559911489486694,0.7292529344558716,0.7850004434585571
038736,0.263671875,0.3755728602409363,0.21350501477718353,0.49011003971099854
038737,0.32421875,0.338327020406723,0.25437816977500916,0.42768555879592896
038738,0.44921875,0.5555497407913208,0.23463936150074005,0.5584580898284912
038739,0.4375,0.5453190207481384,0.30545666813850403,0.668164849281311
038744,0.946533203125,0.9565354585647583,0.6577322483062744,0.8426163196563721
038745,0.584228515625,0.5846903324127197,0.6245770454406738,0.6620607972145081
038747,0.701171875,0.701611340045929,0.8266482949256897,0.8460720181465149
038749,0.393798828125,0.48312172293663025,0.38908666372299194,0.7222357988357544
038751,0.9444172978401184,0.9485449194908142,0.8315341472625732,0.8016539812088013
038752,0.510498046875,0.512321949005127,0.6676040887832642,0.7067455649375916
038753,0.9507649540901184,0.9556093215942383,0.8898733854293823,0.8703440427780151
038755,0.9507649540901184,0.9575427770614624,0.7292529344558716,0.7796644568443298
038756,0.967041015625,0.9674938321113586,0.8122885227203369,0.6489695906639099
038758,0.300537109375,0.35931017994880676,0.30181336402893066,0.357512891292572
038759,0.431884765625,0.4860573410987854,0.390377938747406,0.6916985511779785
038761,0.4375,0.4375,0.5419421792030334,0.4926615357398987
038762,0.946533203125,0.9513646364212036,0.6577322483062744,0.6404839754104614
038763,0.518798828125,0.5938847661018372,0.3251410126686096,0.6684790253639221
038764,0.580322265625,0.6416758298873901,0.5636333227157593,0.8160909414291382
038767,0.659423828125,0.6627151966094971,0.8254533410072327,0.8117905259132385
038768,0.488037109375,0.5343427658081055,0.3265250623226166,0.36576318740844727
038770,0.3125,0.32790446281433105,0.23463936150074005,0.5772241950035095
038772,0.701171875,0.7036997079849243,0.7871269583702087,0.7493070363998413
038774,0.374755859375,0.4804334044456482,0.24766992032527924,0.704322874546051
038775,0.9673665165901184,0.9677108526229858,0.8748590350151062,0.7741522789001465
038776,0.19921875,0.2918257713317871,0.16092148423194885,0.35672837495803833
038777,0.953369140625,0.9549981951713562,1.0,0.9270245432853699
038778,0.9668782353401184,0.9674957394599915,0.7810032963752747,0.7185453176498413
038779,0.943115234375,0.9529268741607666,0.6126077175140381,0.8568944931030273
038780,0.953369140625,0.9588544368743896,0.6543781161308289,0.7683795690536499
038781,0.580322265625,0.6431666612625122,0.4618985950946808,0.7674435973167419
038783,0.9507649540901184,0.9555450677871704,0.6379934549331665,0.6841256022453308
038784,0.4375,0.44804686307907104,0.6735438704490662,0.7017815113067627
038786,0.466064453125,0.5685698390007019,0.25437816977500916,0.49638986587524414
038787,0.469970703125,0.4783438444137573,0.3877114951610565,0.5221803188323975
038788,0.344482421875,0.38671988248825073,0.38908666372299194,0.6090591549873352
038790,0.518798828125,0.5989951491355896,0.4535067081451416,0.6196612119674683
038791,0.9673665165901184,0.9677174091339111,1.0,0.9215357899665833
038792,0.166259765625,0.30153483152389526,0.1061442568898201,0.23863501846790314
038793,0.499755859375,0.5396652817726135,0.4098700284957886,0.4335083067417145
038794,0.567138671875,0.6370290517807007,0.5199966430664062,0.7919793128967285
038796,0.947998046875,0.9546144604682922,0.5985158681869507,0.7170897722244263
038797,0.968017578125,0.9680771231651306,1.0,0.9604641795158386
038798,0.278564453125,0.34947407245635986,0.25817668437957764,0.46157345175743103
038799,0.2122395932674408,0.3237733840942383,0.19284793734550476,0.5773797631263733
038800,0.9444172978401184,0.953825831413269,0.544137716293335,0.6840131878852844
038801,0.947998046875,0.9540807008743286,0.8348100185394287,0.8948826789855957
038803,0.966796875,0.9675398468971252,0.8748388290405273,0.9508674144744873
038806,0.967041015625,0.9674326181411743,0.9284793138504028,0.7789896130561829
038807,0.304931640625,0.4160439074039459,0.22860826551914215,0.563261866569519
038808,0.943115234375,0.9522340297698975,0.6126077175140381,0.7457685470581055
038809,0.659423828125,0.663451611995697,0.6764605641365051,0.8332086205482483
038812,0.5757649540901184,0.5802586674690247,0.5708760023117065,0.6176149249076843
038815,0.953369140625,0.9603001475334167,0.7479812502861023,0.8288741707801819
038818,0.571533203125,0.5767892003059387,0.6093400716781616,0.721687912940979
038821,0.967041015625,0.9677329659461975,0.8122885227203369,0.8746791481971741
038824,0.488037109375,0.5469651818275452,0.3265250623226166,0.4467048645019531
038825,0.568359375,0.5808581113815308,0.3899376392364502,0.7448903918266296
038827,0.23828125,0.3174484372138977,0.43299248814582825,0.7173349857330322
038828,0.9507649540901184,0.9510200023651123,0.8898733854293823,0.8056707382202148
038829,0.940673828125,0.9517395496368408,0.5768473744392395,0.7886704206466675
038830,0.580322265625,0.6199455261230469,0.4040961265563965,0.5425780415534973
038831,0.5757649540901184,0.5787915587425232,0.6966133713722229,0.7191094756126404
038835,0.947998046875,0.9525486826896667,0.6841284036636353,0.7289547920227051
038837,0.957763671875,0.9583092331886292,0.7236568927764893,0.6577686071395874
038838,0.946533203125,0.9487504363059998,0.575423002243042,0.48722243309020996
038841,0.47265625,0.583246111869812,0.3039627969264984,0.539454460144043
038842,0.25390625,0.3366333842277527,0.18509942293167114,0.5443670749664307
038843,0.633056640625,0.6400488018989563,0.5128524899482727,0.7505282163619995
038844,0.9466145634651184,0.9550832509994507,0.6615661382675171,0.7334665656089783
038845,0.9466145634651184,0.94954514503479,0.5787770748138428,0.46740907430648804
038849,0.706298828125,0.7100925445556641,0.6245770454406738,0.6396698951721191
038850,0.703369140625,0.708414614200592,0.6423966884613037,0.709037721157074
038851,0.374755859375,0.4405616521835327,0.5307213068008423,0.7803800702095032
038852,0.943115234375,0.9481865763664246,0.7475366592407227,0.7817965149879456
038853,0.946533203125,0.9523489475250244,0.6577322483062744,0.6610185503959656
038854,0.150390625,0.2770214378833771,0.10344710201025009,0.30655133724212646
038857,0.490234375,0.6021231412887573,0.27821314334869385,0.6494073271751404
038858,0.943115234375,0.9522392153739929,0.5359453558921814,0.5758346319198608
038859,0.94140625,0.9506593346595764,0.5162065625190735,0.5746120810508728
038861,0.365234375,0.41522216796875,0.5741883516311646,0.807590126991272
038862,0.304931640625,0.34234845638275146,0.2789600193500519,0.3183637261390686
038863,0.9673665165901184,0.9679081439971924,0.8748590350151062,0.9559512138366699
038864,0.962158203125,0.9624648094177246,0.9625431895256042,0.9575608372688293
038865,0.508056640625,0.5130465626716614,0.46666663885116577,0.6998251676559448
038866,0.455078125,0.5851837992668152,0.23873552680015564,0.645211935043335
038870,0.560546875,0.6164540648460388,0.3571682572364807,0.4904985725879669
038871,0.431884765625,0.46121442317962646,0.390377938747406,0.40539318323135376
038872,0.953369140625,0.9592100977897644,0.6543781161308289,0.6815957427024841
038874,0.957763671875,0.9586586356163025,0.7236568927764893,0.872651994228363
038875,0.962158203125,0.9625076055526733,0.9625431895256042,0.8192293643951416
038877,0.166259765625,0.34233587980270386,0.1061442568898201,0.5195109248161316
038880,0.9673665165901184,0.9677696824073792,0.8748590350151062,0.8516292572021484
038882,0.9673665165901184,0.9677391648292542,0.8748590350151062,0.8379831314086914
038883,0.261474609375,0.34959110617637634,0.20000000298023224,0.5910481810569763
038886,0.9444172978401184,0.9538291692733765,0.544137716293335,0.7226729989051819
038887,0.393798828125,0.44774484634399414,0.2789551615715027,0.4204389154911041
038889,0.94140625,0.9475585222244263,0.7200049757957458,0.66810542345047
038891,0.450927734375,0.4583398103713989,0.48571667075157166,0.6995164155960083
038892,0.584228515625,0.5847066044807434,0.6245770454406738,0.6268839836120605
038893,0.34765625,0.35482487082481384,0.293855756521225,0.4305626451969147
038895,0.962158203125,0.962354302406311,0.9625431895256042,0.7761921882629395
038896,0.9507649540901184,0.954265832901001,0.8898733854293823,0.8496620655059814
038897,0.940673828125,0.9505271911621094,0.5768473744392395,0.7241823077201843
038898,0.520263671875,0.5208552479743958,0.5620065331459045,0.7291329503059387
038899,0.0625,0.15435028076171875,0.15642623603343964,0.6625972390174866
038901,0.967041015625,0.967531681060791,0.9284793138504028,0.8793272376060486
038902,0.962158203125,0.9624810218811035,0.8420895934104919,0.8086720108985901
038903,0.5694172978401184,0.5791953802108765,0.4635950028896332,0.6939661502838135
038904,0.9668782353401184,0.9677639603614807,0.7810032963752747,0.8964117169380188
038905,0.9668782353401184,0.9675779342651367,0.7810032963752747,0.8241611123085022
038906,0.9673665165901184,0.9676151871681213,1.0,0.9686644673347473
038907,0.260498046875,0.35537636280059814,0.22389668226242065,0.42559894919395447
038908,0.968017578125,0.9680622220039368,1.0,0.9214271306991577
038910,0.947998046875,0.956004798412323,0.5985158681869507,0.7789693474769592
038911,0.9673665165901184,0.9679027795791626,0.8748590350151062,0.9728472232818604
038912,0.706298828125,0.7091504335403442,0.871160089969635,0.8931052088737488
038913,0.9673665165901184,0.9678937196731567,0.8748590350151062,0.9181162118911743
038914,0.967041015625,0.9673808813095093,0.9284793138504028,0.9398300647735596
038917,0.432373046875,0.4403960704803467,0.4040961265563965,0.5936766862869263
038920,0.9668782353401184,0.967494010925293,0.7810032963752747,0.8014107346534729
038922,0.146728515625,0.23342794179916382,0.24239754676818848,0.5732288956642151
038925,0.968017578125,0.9680545926094055,1.0,0.9589272141456604
038929,0.967041015625,0.9674898386001587,0.9284793138504028,0.8529731631278992
038931,0.499755859375,0.5417343378067017,0.4098700284957886,0.4206937253475189
038932,0.5757649540901184,0.5827337503433228,0.5708760023117065,0.7821751832962036
038934,0.956298828125,0.958324134349823,1.0,0.8211001753807068
038936,0.951171875,0.956581175327301,0.8472716808319092,0.8790884017944336
038938,0.701904296875,0.7044534683227539,0.8110315203666687,0.8593140244483948
038939,0.703369140625,0.7102295160293579,0.6423966884613037,0.8411061763763428
038942,0.518798828125,0.5749772191047668,0.496870219707489,0.6964759826660156
038945,0.968017578125,0.9680492281913757,1.0,0.8879475593566895
038947,0.3599446713924408,0.40786072611808777,0.6497723460197449,0.8156192302703857
038949,0.9507649540901184,0.9533731341362,0.7292529344558716,0.7195004820823669
038951,0.968017578125,0.9680767059326172,1.0,0.9502198100090027
038954,0.432373046875,0.4380530118942261,0.5636333227157593,0.7021470665931702
038957,0.44140625,0.4496539831161499,0.3754834830760956,0.6297506093978882
038958,0.633056640625,0.6377284526824951,0.715326726436615,0.8159846067428589
038961,0.488037109375,0.5814909934997559,0.3265250623226166,0.6048877239227295
038963,0.968017578125,0.9680771827697754,1.0,0.9626749157905579
038965,0.488037109375,0.5686137080192566,0.4365417957305908,0.7024491429328918
038966,0.943115234375,0.9517049789428711,0.7475366592407227,0.9194363355636597
038968,0.3059895932674408,0.3992058038711548,0.2033541053533554,0.42249664664268494
038971,0.260498046875,0.3559659719467163,0.34397661685943604,0.6649827361106873
038972,0.956298828125,0.9611402153968811,0.7169486284255981,0.9279778003692627
038973,0.5757649540901184,0.5806209444999695,0.6966133713722229,0.695938766002655
038974,0.706298828125,0.7094621062278748,0.871160089969635,0.8921913504600525
038975,0.3599446713924408,0.4094604253768921,0.40125197172164917,0.6039304733276367
038976,0.556884765625,0.5920931696891785,0.8308104276657104,0.9425598382949829
038977,0.951904296875,0.9581665396690369,0.7122209072113037,0.7324131727218628
038978,0.393798828125,0.48401951789855957,0.31885725259780884,0.5942463874816895
038979,0.957763671875,0.9584066867828369,0.8271697163581848,0.8642083406448364
038980,0.703369140625,0.7103399038314819,0.6423966884613037,0.8522489666938782
038983,0.5757649540901184,0.5791430473327637,0.6966133713722229,0.770719051361084
038985,0.968017578125,0.9680593609809875,1.0,0.9260938167572021
038988,0.9673665165901184,0.9678933024406433,0.8748590350151062,0.9119521975517273
038989,0.968017578125,0.9680576324462891,1.0,0.9932657480239868
038990,0.968017578125,0.9680605530738831,1.0,0.9735270142555237
038995,0.701904296875,0.7058956623077393,0.7402501106262207,0.8413470387458801
038997,0.584228515625,0.5847417116165161,0.7139173746109009,0.7442749738693237
038999,0.968017578125,0.9680575132369995,1.0,0.9382893443107605
039000,0.508056640625,0.5136337876319885,0.5334192514419556,0.6922426819801331
039001,0.968017578125,0.9680595397949219,1.0,0.9312933683395386
039003,0.956298828125,0.9601269960403442,0.8195018768310547,0.8999918103218079
039004,0.968017578125,0.9680562019348145,1.0,0.92237389087677
039006,0.508056640625,0.5148637294769287,0.5334192514419556,0.7497449517250061
039007,0.968017578125,0.9680636525154114,1.0,0.9521785974502563
039010,0.953369140625,0.9573549628257751,0.912726640701294,0.8855067491531372
039012,0.393798828125,0.4359256327152252,0.690318763256073,0.7647839784622192
039013,0.580322265625,0.6230154633522034,0.5636333227157593,0.7637956738471985
039014,0.940673828125,0.9462419748306274,0.5046601295471191,0.47460219264030457
039015,0.701171875,0.7075674533843994,0.5150786638259888,0.6397478580474854
039016,0.959228515625,0.9598771929740906,0.7631344795227051,0.833317220211029
039017,0.48828125,0.48894304037094116,0.6066363453865051,0.6646633148193359
039018,0.633056640625,0.6380593180656433,0.5862115621566772,0.6728875041007996
039019,0.951904296875,0.9561112523078918,0.7122209072113037,0.7315276265144348
039020,0.263671875,0.38417553901672363,0.15307211875915527,0.43114304542541504
039022,0.9673665165901184,0.9677407741546631,1.0,0.9112187027931213
039023,0.568359375,0.5764926075935364,0.4457148313522339,0.6225354075431824
039026,0.712158203125,0.7124342322349548,0.7497180104255676,0.7180160284042358
039027,0.968017578125,0.9680351614952087,1.0,0.9478720426559448
039028,0.365234375,0.4769115746021271,0.26521679759025574,0.5808336138725281
039029,0.968017578125,0.9680494070053101,1.0,0.8232776522636414
039030,0.967041015625,0.9674087762832642,0.9284793138504028,0.8521851897239685
039031,0.9673665165901184,0.967711329460144,1.0,0.8821582794189453
039032,0.943115234375,0.9511919617652893,0.6126077175140381,0.7088891267776489
039033,0.946533203125,0.9567055106163025,0.575423002243042,0.798583447933197
039036,0.951904296875,0.9547882080078125,0.8690900206565857,0.9532503485679626
039037,0.219970703125,0.2876628637313843,0.34397661685943604,0.5651117563247681
039038,0.953369140625,0.9591690301895142,0.7479812502861023,0.8981475234031677
039039,0.508056640625,0.513075590133667,0.5334192514419556,0.6192415952682495
039041,0.556884765625,0.5890524387359619,0.8308104276657104,0.8629095554351807
039042,0.146728515625,0.2701663374900818,0.2098969668149948,0.5728955864906311
039043,0.150390625,0.30928221344947815,0.09050162881612778,0.32681044936180115
039047,0.962158203125,0.962687611579895,0.8420895934104919,0.9056730270385742
039048,0.5757649540901184,0.5806992053985596,0.5708760023117065,0.655646026134491
039049,0.580322265625,0.5843391418457031,1.0,0.8487711548805237
039051,0.946533203125,0.9528321027755737,0.6577322483062744,0.8560752868652344
039054,0.703369140625,0.7080278396606445,0.7838867902755737,0.8207441568374634
039055,0.4778645932674408,0.4804280698299408,0.5657033920288086,0.6745092272758484
039056,0.967041015625,0.9675466418266296,0.9284793138504028,0.8994688987731934
039058,0.967041015625,0.967531681060791,0.8122885227203369,0.9113971590995789
039059,0.956298828125,0.9588011503219604,0.8195018768310547,0.7764171361923218
039060,0.197998046875,0.28327369689941406,0.1916866898536682,0.3143623173236847
039063,0.531982421875,0.5755000114440918,0.39804574847221375,0.4397136867046356
039066,0.968017578125,0.9680644869804382,1.0,0.9979156851768494
039069,0.962158203125,0.9626885056495667,0.8420895934104919,0.9019336104393005
039070,0.951904296875,0.9581170082092285,0.7122209072113037,0.7633860111236572
039071,0.701904296875,0.7058145999908447,0.7402501106262207,0.7236692905426025
039073,0.5694172978401184,0.5701611638069153,0.7453632354736328,0.7515161037445068
039074,0.968017578125,0.9680597186088562,1.0,0.9687950611114502
039075,0.9673665165901184,0.967560887336731,1.0,0.8968884944915771
039077,0.374755859375,0.45307213068008423,0.24766992032527924,0.6464709639549255
039078,0.968017578125,0.9680624604225159,1.0,0.9795819520950317
039079,0.518798828125,0.5859342217445374,0.6967307925224304,0.7684776186943054
039081,0.967041015625,0.9677374958992004,0.8122885227203369,0.9623910188674927
039082,0.9673665165901184,0.9679081439971924,0.8748590350151062,0.9052140712738037
039083,0.9668782353401184,0.9675481915473938,0.7810032963752747,0.8753315806388855
039084,0.1875,0.30502235889434814,0.09385573863983154,0.2705765962600708
039085,0.9507649540901184,0.9535475373268127,0.974961519241333,0.9745365381240845
039087,0.701904296875,0.7088003158569336,0.5307213068008423,0.6692662239074707
039088,0.365234375,0.4764935374259949,0.26521679759025574,0.5769314765930176
039090,0.488037109375,0.5526503324508667,0.7069194316864014,0.9103143811225891
039092,0.580322265625,0.6430110931396484,0.4618985950946808,0.7793822288513184
039093,0.946533203125,0.9516040682792664,0.8026000261306763,0.8365821838378906
039094,0.966796875,0.9677366018295288,0.7653606534004211,0.8676192164421082
039096,0.5757649540901184,0.5796106457710266,0.5708760023117065,0.552000880241394
039098,0.567138671875,0.6273314952850342,0.5199966430664062,0.7834731936454773
039099,0.633056640625,0.6354214549064636,0.7837249636650085,0.7819274067878723
039102,0.962158203125,0.9626355767250061,0.8420895934104919,0.9086413979530334
039104,0.5694172978401184,0.581073522567749,0.4055802822113037,0.7517165541648865
039106,0.0,0.19771701097488403,0.0,0.49298110604286194
039107,0.956298828125,0.9595983028411865,0.7169486284255981,0.7086949944496155
039108,0.5694172978401184,0.577778160572052,0.4055802822113037,0.6577987670898438
039109,0.956298828125,0.9592437744140625,0.7169486284255981,0.6964730620384216
039110,0.967041015625,0.9675319790840149,0.9284793138504028,0.9159660339355469
039111,0.260498046875,0.3811884820461273,0.34397661685943604,0.7256166934967041
039112,0.3599446713924408,0.43237054347991943,0.26257050037384033,0.4202533960342407
039113,0.967041015625,0.9672009944915771,0.9284793138504028,0.8226308226585388
039116,0.968017578125,0.9680771231651306,1.0,0.8888365030288696
039122,0.956298828125,0.9611115455627441,0.7169486284255981,0.8154603242874146
039123,0.946533203125,0.9501415491104126,0.8026000261306763,0.7607319951057434
039125,0.501953125,0.5065653324127197,0.3741941750049591,0.4734490215778351
039126,0.712158203125,0.7124539017677307,0.8569586873054504,0.8085983991622925
039127,0.712158203125,0.7123816013336182,0.7497180104255676,0.578362762928009
039128,0.943359375,0.9458279013633728,0.8076295852661133,0.8900470733642578
039129,0.304931640625,0.43533530831336975,0.20000000298023224,0.500069797039032
039130,0.966796875,0.9668926000595093,0.7653606534004211,0.5990045070648193
039131,0.9673665165901184,0.967631995677948,1.0,0.9023246765136719
039132,0.9507649540901184,0.9550811052322388,0.8898733854293823,0.8513022065162659
039133,0.0625,0.1850433349609375,0.08391720056533813,0.5266342163085938
039134,0.9507649540901184,0.9570631384849548,0.6379934549331665,0.7155972123146057
039135,0.659423828125,0.6642125844955444,0.5918076038360596,0.7254050970077515
039136,0.957763671875,0.9583078622817993,0.7236568927764893,0.6520355939865112
039140,0.947998046875,0.9521939754486084,0.6841284036636353,0.6231892704963684
039141,0.967041015625,0.9675482511520386,0.9284793138504028,0.8778566718101501
039142,0.94140625,0.9496362209320068,0.7200049757957458,0.7201770544052124
039143,0.30078125,0.37662816047668457,0.28309693932533264,0.49054330587387085
039144,0.712158203125,0.7126010656356812,0.7497180104255676,0.8184000253677368
039145,0.956298828125,0.9610323905944824,0.7169486284255981,0.730309247970581
039146,0.703369140625,0.7087048888206482,0.6423966884613037,0.7548210024833679
039147,0.712158203125,0.7123734951019287,0.8569586873054504,0.8460835218429565
039149,0.712158203125,0.7126041054725647,0.7497180104255676,0.7652220129966736
039150,0.2774251401424408,0.3957231342792511,0.1687147468328476,0.4547942280769348
039151,0.951904296875,0.9570884704589844,0.6230928897857666,0.6512855887413025
039152,0.967041015625,0.9675022959709167,0.9284793138504028,0.8261343240737915
039153,0.30078125,0.3246791660785675,0.3454500138759613,0.37154677510261536
039154,0.951904296875,0.9590333700180054,0.7122209072113037,0.909118115901947
039156,0.968017578125,0.968056321144104,1.0,0.8720072507858276
039158,0.584228515625,0.5845879912376404,0.7689103484153748,0.7948328852653503
039161,0.939453125,0.9457367062568665,0.489017516374588,0.4899103343486786
039162,0.712158203125,0.7124873399734497,0.7497180104255676,0.6992011070251465
039165,0.260498046875,0.3958421051502228,0.16052241623401642,0.4634236693382263
039166,0.966796875,0.9675156474113464,0.7653606534004211,0.8079051971435547
039168,0.953369140625,0.953369140625,0.6543781161308289,0.49927428364753723
039169,0.0,0.0581708624958992,0.0,0.05271016061306
039175,0.488037109375,0.5711436867713928,0.3265250623226166,0.6723002195358276
039176,0.260498046875,0.3638339042663574,0.18348374962806702,0.5784489512443542
039177,0.9673665165901184,0.9674004316329956,1.0,0.8405916690826416
039178,0.968017578125,0.9680495262145996,1.0,0.8616453409194946
039179,0.39453125,0.4029916524887085,0.4261382520198822,0.6284460425376892
039181,0.9507649540901184,0.9545411467552185,0.8898733854293823,0.7495598793029785
039182,0.957763671875,0.9586480855941772,0.7236568927764893,0.8006876111030579
039183,0.957763671875,0.9583896994590759,0.8271697163581848,0.8809812664985657
039184,0.450927734375,0.45504239201545715,0.5321600437164307,0.58791583776474
039186,0.706298828125,0.710044801235199,0.6245770454406738,0.6956720352172852
039189,0.9668782353401184,0.9676302075386047,0.7810032963752747,0.7225234508514404
039191,0.9444172978401184,0.9559923410415649,0.544137716293335,0.7324753403663635
039192,0.9668782353401184,0.9676032662391663,0.7810032963752747,0.8337523937225342
039194,0.968017578125,0.9680498242378235,1.0,0.8956124186515808
039195,0.959228515625,0.9597960710525513,0.7631344795227051,0.8787685632705688
039196,0.946533203125,0.9567028880119324,0.575423002243042,0.8505557179450989
039198,0.968017578125,0.9680687189102173,1.0,0.9603683948516846
039200,0.947998046875,0.951320230960846,0.6841284036636353,0.6311414241790771
039201,0.510498046875,0.5154039859771729,0.49935534596443176,0.5971240997314453
039202,0.939453125,0.9489001631736755,0.489017516374588,0.5080220699310303
039203,0.946533203125,0.9527429938316345,0.6577322483062744,0.7153485417366028
039205,0.951904296875,0.951904296875,1.0,1.0
039206,0.94140625,0.9478017091751099,0.5900454521179199,0.5958551168441772
039207,0.706298828125,0.7110162973403931,0.7139173746109009,0.7493467926979065
039210,0.431884765625,0.45859822630882263,0.3415256440639496,0.34711170196533203
039212,0.9668782353401184,0.9674614071846008,0.7810032963752747,0.7237904667854309
039213,0.490234375,0.5813385248184204,0.38805168867111206,0.6517476439476013
039214,0.365234375,0.47669726610183716,0.23202729225158691,0.4957398772239685
039216,0.300537109375,0.3792595863342285,0.2163846641778946,0.3952760398387909
039217,0.9375,0.9451280832290649,0.6545500159263611,0.5885986089706421
039218,0.946533203125,0.9510433673858643,0.6577322483062744,0.6040875315666199
039221,0.953369140625,0.9583095908164978,0.912726640701294,0.9541192650794983
039223,0.267578125,0.349566251039505,0.16945679485797882,0.3647874593734741
039224,0.9466145634651184,0.9520641565322876,0.5787770748138428,0.6572337746620178
039225,0.531982421875,0.5661435723304749,0.48571667075157166,0.4691038131713867
039226,0.490234375,0.551480770111084,0.3180091083049774,0.33011090755462646
039229,0.943359375,0.9501345157623291,0.5284951329231262,0.48664796352386475
039230,0.556884765625,0.5933114290237427,0.4431702494621277,0.47342178225517273
039231,0.3599446713924408,0.45135432481765747,0.26257050037384033,0.4858534336090088
039232,0.9507649540901184,0.9543629288673401,0.8898733854293823,0.9521023035049438
039233,0.956298828125,0.9587501287460327,1.0,0.8689759373664856
039234,0.968017578125,0.9680613875389099,1.0,0.9449589252471924
039236,0.490234375,0.5539227724075317,0.42515653371810913,0.6419036984443665
039237,0.967041015625,0.9678033590316772,0.8122885227203369,0.8192657232284546
039239,0.956298828125,0.9611237645149231,0.7169486284255981,0.8258436322212219
039240,0.967041015625,0.9675337076187134,0.9284793138504028,0.8233372569084167
039242,0.9375,0.940234363079071,0.6545500159263611,0.7428467273712158
039243,0.659423828125,0.6627357602119446,0.5918076038360596,0.6783834099769592
039245,0.968017578125,0.9680547118186951,1.0,0.8426558971405029
039246,0.9673665165901184,0.9675851464271545,0.8748590350151062,0.7213349938392639
039247,0.962158203125,0.9626896381378174,0.8420895934104919,0.9280065298080444
039249,0.962158203125,0.962464451789856,0.9625431895256042,0.9114089608192444
039250,0.150390625,0.22150421142578125,0.3079797923564911,0.6064016819000244
039251,0.431884765625,0.4851921796798706,0.390377938747406,0.7148393392562866
039252,0.431884765625,0.4537707269191742,0.8451594114303589,0.817313551902771
039254,0.947998046875,0.9523024559020996,0.6841284036636353,0.6691743731498718
039255,0.9673665165901184,0.967771589756012,1.0,0.9181000590324402
039257,0.9673665165901184,0.967636227607727,1.0,0.8400965332984924
039259,0.9668782353401184,0.9674354791641235,0.892719030380249,0.9408072829246521
039261,0.510498046875,0.5142734050750732,0.6676040887832642,0.7209162712097168
039263,0.518798828125,0.5714781284332275,0.6967307925224304,0.7368606328964233
039264,0.3599446713924408,0.3854326903820038,0.6497723460197449,0.6253362894058228
039266,0.323974609375,0.4260963201522827,0.340923547744751,0.6413764953613281
039267,0.968017578125,0.9680623412132263,1.0,0.9547948837280273
039269,0.431884765625,0.4621741473674774,0.4763599932193756,0.5106205344200134
039271,0.0,0.134571835398674,0.0,0.18176503479480743
039277,0.947998046875,0.9517925381660461,0.8348100185394287,0.886313796043396
039279,0.966796875,0.9677535891532898,0.7653606534004211,0.8935095071792603
039280,0.9673665165901184,0.9679009318351746,0.8748590350151062,0.9041253328323364
039281,0.344482421875,0.40420979261398315,0.38908666372299194,0.5712175965309143
039282,0.556884765625,0.6082441806793213,0.4431702494621277,0.707642138004303
039284,0.365234375,0.41866371035575867,0.26521679759025574,0.3797222971916199
039286,0.304931640625,0.43403488397598267,0.22860826551914215,0.49139106273651123
039287,0.344482421875,0.4163993000984192,0.31885725259780884,0.5678952932357788
039288,0.947998046875,0.9535694122314453,0.5985158681869507,0.8114380836486816
039290,0.951171875,0.9582522511482239,0.6074502468109131,0.6473570466041565
039291,0.703369140625,0.7090688943862915,0.5620065331459045,0.7158347368240356
039294,0.606689453125,0.6427651047706604,0.46666663885116577,0.5382938981056213
039295,0.706298828125,0.7092986106872559,0.7139173746109009,0.6544874310493469
039296,0.48828125,0.48921239376068115,0.5307213068008423,0.5565820336341858
039297,0.659423828125,0.6634121537208557,0.5918076038360596,0.7243450284004211
039298,0.02083333395421505,0.1446584016084671,0.017880165949463844,0.3679928481578827
039299,0.48828125,0.4885351061820984,0.6066363453865051,0.6082398891448975
039301,0.94140625,0.9473041892051697,0.5162065625190735,0.5171709060668945
039302,0.560546875,0.612701416015625,0.4082580804824829,0.6190593838691711
039303,0.946533203125,0.9549399614334106,0.6577322483062744,0.8910955190658569
039305,0.9673665165901184,0.9676940441131592,0.8748590350151062,0.8029121160507202
039307,0.956298828125,0.9611106514930725,0.7169486284255981,0.8883482217788696
039308,0.956298828125,0.9610764980316162,0.8195018768310547,0.8690808415412903
039309,0.39453125,0.39904293417930603,0.5199966430664062,0.6018884181976318
039310,0.344482421875,0.38575729727745056,0.38908666372299194,0.4847777485847473
039311,0.556884765625,0.5964604020118713,0.5407800078392029,0.6923016309738159
039313,0.9673665165901184,0.9677650332450867,0.8748590350151062,0.8825953602790833
039314,0.967041015625,0.9676889181137085,0.8122885227203369,0.939900279045105
039315,0.703369140625,0.7083323001861572,0.6423966884613037,0.7343624234199524
039316,0.9388020634651184,0.9470422863960266,0.48492133617401123,0.6184607148170471
039317,0.09375,0.2918274700641632,0.0676867738366127,0.5308404564857483
039318,0.393798828125,0.45925217866897583,0.2789551615715027,0.4072309732437134
039319,0.966796875,0.9670551419258118,0.7653606534004211,0.6545351147651672
039320,0.706298828125,0.7101953029632568,0.6245770454406738,0.7090322971343994
039321,0.956298828125,0.9589192867279053,1.0,0.853544294834137
039322,0.9673665165901184,0.9677416682243347,0.8748590350151062,0.8253411054611206
039326,0.488037109375,0.5098344087600708,0.8785831332206726,0.9463250041007996
039327,0.953369140625,0.9564172029495239,0.912726640701294,0.9313436150550842
039328,0.9673665165901184,0.9676234722137451,1.0,0.8650551438331604
039331,0.23828125,0.3803534507751465,0.21514107286930084,0.6051560044288635
039332,0.962158203125,0.9624685645103455,0.9625431895256042,0.9417940974235535
039333,0.962158203125,0.962370753288269,0.9625431895256042,0.8634746074676514
039335,0.34765625,0.3601190447807312,0.293855756521225,0.6008791327476501
039336,0.5694172978401184,0.5810337066650391,0.4635950028896332,0.7202801704406738
039339,0.967041015625,0.9675812721252441,0.8122885227203369,0.789215087890625
039340,0.505615234375,0.5172523856163025,0.37429502606391907,0.668407142162323
039341,0.9668782353401184,0.967781126499176,0.7810032963752747,0.8922379016876221
039343,0.956298828125,0.9597841501235962,0.8195018768310547,0.9236623048782349
039347,0.712158203125,0.7125676870346069,0.8569586873054504,0.8753946423530579
039348,0.518798828125,0.5870801210403442,0.3716495931148529,0.6062110066413879
039351,0.956298828125,0.9584013819694519,1.0,0.8377566337585449
039353,0.9673665165901184,0.9676976203918457,0.8748590350151062,0.8309155702590942
039354,0.261474609375,0.30558353662490845,0.49493172764778137,0.6938629746437073
039355,0.508056640625,0.5118524432182312,0.6509066820144653,0.7241672277450562
039356,0.518798828125,0.5500730276107788,1.0,1.0
039357,0.968017578125,0.968064546585083,1.0,0.9572574496269226
039358,0.9673665165901184,0.9678959846496582,0.8748590350151062,0.8650897741317749
039360,0.957763671875,0.9584119915962219,0.7236568927764893,0.7074781060218811
039361,0.505615234375,0.5128253102302551,0.5220667123794556,0.6424710154533386
039362,0.393798828125,0.42971476912498474,0.38908666372299194,0.4786662459373474
039363,0.03125,0.166748046875,0.0488467775285244,0.4353416860103607
039364,0.967041015625,0.9675618410110474,0.9284793138504028,0.9100759625434875
039365,0.4375,0.46826171875,0.30545666813850403,0.3398907780647278
039367,0.518798828125,0.5429698824882507,0.3716495931148529,0.35456132888793945
039368,0.9444172978401184,0.9496423006057739,0.7589633464813232,0.7690709233283997
039369,0.9375,0.9375,0.6545500159263611,0.4788609743118286
039370,0.967041015625,0.967642068862915,0.8122885227203369,0.9240781664848328
039371,0.967041015625,0.9678144454956055,0.8122885227203369,0.872329592704773
039373,0.966796875,0.9671801328659058,0.8748388290405273,0.8736015558242798
039374,0.9507649540901184,0.9575689435005188,0.7292529344558716,0.9092363715171814
039375,0.947998046875,0.9559314846992493,0.5985158681869507,0.6906560063362122
039376,0.61328125,0.6218127012252808,0.5185247659683228,0.7534959316253662
039377,0.556884765625,0.5853175520896912,0.3877114951610565,0.40941810607910156
039379,0.946533203125,0.9486672878265381,1.0,0.9741926789283752
039380,0.659423828125,0.6629825830459595,0.5918076038360596,0.6759252548217773
039381,0.556884765625,0.6099647283554077,0.4431702494621277,0.7383238077163696
039383,0.4375,0.4913330078125,0.3514672517776489,0.5850140452384949
039386,0.9668782353401184,0.9672362804412842,0.7810032963752747,0.6263369917869568
039387,0.568359375,0.5732044577598572,0.4457148313522339,0.4278654158115387
039388,0.9673665165901184,0.9678153991699219,0.8748590350151062,0.9469247460365295
039389,0.953369140625,0.9601138830184937,0.6543781161308289,0.5875654816627502
039390,0.968017578125,0.96806401014328,1.0,0.9414498209953308
039392,0.946533203125,0.9531235098838806,0.6577322483062744,0.7970810532569885
039394,0.9444172978401184,0.9483397603034973,0.6219719052314758,0.5160293579101562
039396,0.9444172978401184,0.950988233089447,0.6219719052314758,0.6275144815444946
039397,0.9673665165901184,0.9675999283790588,0.8748590350151062,0.7172209620475769
039398,0.967041015625,0.9675319790840149,0.9284793138504028,0.9914639592170715
039402,0.531982421875,0.5543727874755859,0.48571667075157166,0.4568275213241577
039403,0.956298828125,0.9593735337257385,0.7169486284255981,0.7054792046546936
039405,0.5757649540901184,0.5788891911506653,0.6966133713722229,0.7481024265289307
039406,0.508056640625,0.5135178565979004,0.46666663885116577,0.6360892653465271
039407,0.469970703125,0.47597914934158325,0.3877114951610565,0.4489646852016449
039408,0.962158203125,0.9626900553703308,0.8420895934104919,0.8701173663139343
039409,0.34765625,0.35586124658584595,0.3358892798423767,0.520511269569397
039410,0.431884765625,0.4835604131221771,0.3415256440639496,0.6953704953193665
039411,0.712158203125,0.7124282121658325,0.8569586873054504,0.782346248626709
039412,0.957763671875,0.9585111737251282,0.7236568927764893,0.8527320027351379
039414,0.943115234375,0.9487310647964478,0.6126077175140381,0.6171865463256836
039415,0.197998046875,0.23433706164360046,0.1916866898536682,0.2108772248029709
039417,0.659423828125,0.6634694337844849,0.5918076038360596,0.7097324728965759
039419,0.3599446713924408,0.42930707335472107,0.36623337864875793,0.5599512457847595
039420,0.946533203125,0.9520044922828674,0.575423002243042,0.5320731401443481
039421,0.959228515625,0.9597994089126587,0.7631344795227051,0.7901084423065186
039422,0.951904296875,0.9599009156227112,0.6230928897857666,0.7217622399330139
039423,0.9444172978401184,0.9515043497085571,0.544137716293335,0.6035089492797852
039426,0.959228515625,0.9597452282905579,0.8722942471504211,0.8674018979072571
039429,0.9375,0.949621319770813,0.4692787230014801,0.4930848479270935
039430,0.943115234375,0.9480636119842529,0.6126077175140381,0.5517991185188293
039432,0.968017578125,0.9680539965629578,1.0,0.8925366997718811
039434,0.02083333395421505,0.20318226516246796,0.021818332374095917,0.39253637194633484
039435,0.633056640625,0.6367767453193665,0.5862115621566772,0.6089577078819275
039436,0.940673828125,0.9540155529975891,0.5768473744392395,0.8223795890808105
039437,0.499755859375,0.6054069399833679,0.293855756521225,0.638070821762085
039438,0.9673665165901184,0.9679047465324402,0.8748590350151062,0.9559688568115234
039439,0.9668782353401184,0.9676461219787598,0.7810032963752747,0.8731572031974792
039440,0.703369140625,0.707455575466156,0.6423966884613037,0.6241932511329651
039442,0.706298828125,0.7090544104576111,0.7139173746109009,0.6341666579246521
039443,0.962158203125,0.9624871611595154,0.8420895934104919,0.7626555562019348
039444,0.946533203125,0.9484511613845825,0.7083972692489624,0.6817449331283569
039447,0.951904296875,0.9598411917686462,0.7122209072113037,0.7729260325431824
039449,0.432373046875,0.4391598105430603,0.4040961265563965,0.6984124779701233
039450,0.951171875,0.9598461389541626,0.6074502468109131,0.8508293628692627
039451,0.34765625,0.35600903630256653,0.293855756521225,0.46442174911499023
039452,0.260498046875,0.37288862466812134,0.19761748611927032,0.447777658700943
039455,0.951904296875,0.9555914998054504,0.8690900206565857,0.8689845204353333
039456,0.966796875,0.9670383930206299,0.8748388290405273,0.79019695520401
039457,0.432373046875,0.43736159801483154,0.5636333227157593,0.6888331770896912
039460,0.393798828125,0.4684215784072876,0.31885725259780884,0.5256010890007019
039461,0.957763671875,0.9583110809326172,0.8271697163581848,0.8435295820236206
039462,0.956298828125,0.9581071138381958,1.0,0.8021161556243896
039464,0.499755859375,0.5549405217170715,0.7271926999092102,0.8586981892585754
039465,0.946533203125,0.9527709484100342,0.6577322483062744,0.6874387264251709
039467,0.580322265625,0.624519407749176,0.5636333227157593,0.7824960947036743
039468,0.606689453125,0.6453487277030945,0.6509066820144653,0.8060314059257507
039470,0.946533203125,0.9496205449104309,0.8026000261306763,0.7580149173736572
039471,0.3059895932674408,0.3598507046699524,0.2033541053533554,0.30228859186172485
039472,0.518798828125,0.6097282767295837,0.3716495931148529,0.7012850642204285
039477,0.9673665165901184,0.9676949977874756,1.0,0.8797592520713806
039479,0.9444172978401184,0.9470084309577942,0.9456308484077454,0.9176878929138184
039480,0.9375,0.9448366165161133,0.6545500159263611,0.6422564387321472
039481,0.967041015625,0.9675616025924683,0.8122885227203369,0.7723700404167175
039482,0.943115234375,0.9546774625778198,0.5359453558921814,0.6851246953010559
039483,0.197998046875,0.29705777764320374,0.29449179768562317,0.5560078620910645
039485,0.9507649540901184,0.9559164047241211,0.7292529344558716,0.7447689771652222
039486,0.946533203125,0.9541424512863159,0.8026000261306763,0.8437520861625671
039488,0.9668782353401184,0.967467188835144,0.892719030380249,0.8842185139656067
039489,0.606689453125,0.6250064373016357,1.0,0.8563140630722046
039491,0.967041015625,0.967732846736908,0.8122885227203369,0.9459114074707031
039492,0.9375,0.9398437738418579,0.6545500159263611,0.6201612949371338
039493,0.1458333432674408,0.24121998250484467,0.12516115605831146,0.35997405648231506
039495,0.968017578125,0.9680770039558411,1.0,0.905287504196167
039497,0.706298828125,0.7097720503807068,0.6245770454406738,0.6969890594482422
039498,0.956298828125,0.9610115885734558,0.7169486284255981,0.6508781313896179
039499,0.531982421875,0.5719402432441711,0.7462155222892761,0.8991362452507019
039500,0.951904296875,0.958027720451355,0.7122209072113037,0.8138742446899414
039501,0.953369140625,0.9584361910820007,0.7479812502861023,0.8173976540565491
039502,0.968017578125,0.9680769443511963,1.0,0.9903529286384583
039506,0.300537109375,0.3213653564453125,0.5354781746864319,0.573834240436554
039507,0.508056640625,0.5121913552284241,0.5334192514419556,0.5448365211486816
039509,0.962158203125,0.9626879692077637,0.8420895934104919,0.8512998223304749
039510,0.967041015625,0.9674316048622131,0.9284793138504028,0.8270165920257568
039511,0.940673828125,0.9496199488639832,0.7038999795913696,0.7339028120040894
039512,0.344482421875,0.4152165651321411,0.38908666372299194,0.6390178203582764
039513,0.968017578125,0.9680768251419067,1.0,0.9503270983695984
039516,0.568359375,0.5751145482063293,0.5438850522041321,0.5914433002471924
039517,0.0625,0.24545037746429443,0.03128524869680405,0.2637012302875519
039518,0.212890625,0.2715403139591217,0.12984324991703033,0.199827179312706
039520,0.212890625,0.3447559177875519,0.12984324991703033,0.3910687565803528
039522,0.959228515625,0.9597480297088623,0.8722942471504211,0.8257488012313843
039523,0.501953125,0.50469970703125,0.6016255021095276,0.6759108901023865
039524,0.14453125,0.27982595562934875,0.12132726609706879,0.47315067052841187
039525,0.5757649540901184,0.5793890953063965,0.49943602085113525,0.5484588742256165
039526,0.659423828125,0.6622745990753174,0.6764605641365051,0.6103525161743164
039527,0.951904296875,0.9585912227630615,0.7122209072113037,0.908257782459259
039529,0.9673665165901184,0.9676375985145569,1.0,0.8949778079986572
039530,0.9673665165901184,0.9678958058357239,0.8748590350151062,0.946103572845459
039532,0.956298828125,0.959100067615509,0.7169486284255981,0.6727146506309509
039533,0.5757649540901184,0.5803387761116028,0.5708760023117065,0.7018172740936279
039535,0.4375,0.501220703125,0.30545666813850403,0.511673092842102
039536,0.659423828125,0.6624454855918884,0.8254533410072327,0.7296980023384094
039537,0.488037109375,0.5927624702453613,0.3265250623226166,0.6754197478294373
039538,0.712158203125,0.7126917839050293,0.7497180104255676,0.7534142136573792
039539,0.946533203125,0.9566342830657959,0.575423002243042,0.8228723406791687
039540,0.953369140625,0.9590120315551758,0.6543781161308289,0.8198540210723877
039541,0.951904296875,0.9571666717529297,0.6230928897857666,0.5747239589691162
039543,0.959228515625,0.9594996571540833,0.8722942471504211,0.7584996223449707
039545,0.94140625,0.9520370364189148,0.5900454521179199,0.7923517227172852
039546,0.23828125,0.32813188433647156,0.14078360795974731,0.2958231568336487
039547,0.3599446713924408,0.4488726258277893,0.36623337864875793,0.5746614336967468
039548,0.968017578125,0.9680456519126892,1.0,0.936123788356781
039549,0.47265625,0.4742431640625,0.5961002111434937,0.6542002558708191
039550,0.951171875,0.9559378623962402,0.8472716808319092,0.8265023231506348
039551,0.9673665165901184,0.9678059816360474,0.8748590350151062,0.935771107673645
039552,0.951904296875,0.9584293365478516,0.7122209072113037,0.8680729269981384
039553,0.5757649540901184,0.5816876888275146,0.49943602085113525,0.7694069147109985
039554,0.940673828125,0.9526950716972351,0.5768473744392395,0.8076679110527039
039555,0.962158203125,0.9626045227050781,0.8420895934104919,0.8658151030540466
039556,0.584228515625,0.5850021243095398,0.6245770454406738,0.7971086502075195
039559,0.508056640625,0.5132834911346436,0.5334192514419556,0.7229753732681274
039561,0.260498046875,0.3816029131412506,0.24530528485774994,0.6037858128547668
039563,0.9673665165901184,0.9677040576934814,1.0,0.9055662155151367
039565,0.962158203125,0.9622741937637329,0.9625431895256042,0.7586216330528259
039568,0.706298828125,0.7083362340927124,0.7139173746109009,0.6328587532043457
039572,0.508056640625,0.5138668417930603,0.5334192514419556,0.732781171798706
039573,0.432373046875,0.43741533160209656,0.4040961265563965,0.5286396741867065
039574,0.23046875,0.3121650815010071,0.17581595480442047,0.5264591574668884
039575,0.946533203125,0.9509892463684082,1.0,0.9579556584358215
039577,0.94140625,0.9494919180870056,0.5900454521179199,0.7185774445533752
039578,0.962158203125,0.9624372720718384,0.9625431895256042,0.8681532144546509
039579,0.606689453125,0.6398509740829468,0.46666663885116577,0.7525442838668823
039581,0.706298828125,0.7105691432952881,0.6245770454406738,0.6800065040588379
039583,0.47265625,0.48225557804107666,0.3920743465423584,0.4934452176094055
039584,0.510498046875,0.5159240961074829,0.49935534596443176,0.6985618472099304
039585,0.9673665165901184,0.9679043292999268,0.8748590350151062,0.9439306259155273
039586,0.374755859375,0.4770773947238922,0.3454500138759613,0.6825746297836304
039588,0.967041015625,0.9677369594573975,0.8122885227203369,0.9584760665893555
039590,0.959228515625,0.9597256183624268,0.8722942471504211,0.7810090780258179
039592,0.9673665165901184,0.9676735401153564,0.8748590350151062,0.8732537031173706
039593,0.968017578125,0.9680637121200562,1.0,0.9296886920928955
039595,0.197998046875,0.34408801794052124,0.23883214592933655,0.5905306339263916
039597,0.953369140625,0.9576254487037659,0.7479812502861023,0.7786147594451904
039598,0.968017578125,0.9680565595626831,1.0,0.8968696594238281
039600,0.9668782353401184,0.9675633311271667,0.7810032963752747,0.773545503616333
039601,0.962158203125,0.9626885652542114,0.8420895934104919,0.9320688843727112
039602,0.962158203125,0.9625269174575806,0.8420895934104919,0.7890764474868774
039603,0.9507649540901184,0.9536444544792175,0.7292529344558716,0.658510684967041
039604,0.393798828125,0.48436439037323,0.31885725259780884,0.5955990552902222
039606,0.943115234375,0.951336145401001,0.5359453558921814,0.7574412226676941
039608,0.956298828125,0.9610829949378967,0.8195018768310547,0.9169756174087524
039610,0.110107421875,0.25160616636276245,0.07620275020599365,0.4797278642654419
039611,0.30078125,0.37611857056617737,0.3454500138759613,0.643875777721405
039612,0.490234375,0.5811625123023987,0.27821314334869385,0.5735567212104797
039614,0.9673665165901184,0.9678937196731567,0.8748590350151062,0.7894143462181091
039615,0.701904296875,0.7071086764335632,0.6066363453865051,0.6734840273857117
039616,0.499755859375,0.5836281776428223,0.293855756521225,0.5391845703125
039617,0.263671875,0.39244747161865234,0.21350501477718353,0.4476683735847473
039618,0.1875,0.38651469349861145,0.09385573863983154,0.48229172825813293
039619,0.9444172978401184,0.9561472535133362,0.544137716293335,0.6956291198730469
039620,0.2122395932674408,0.2122395932674408,0.19284793734550476,0.15369060635566711
039621,0.469970703125,0.47618624567985535,0.5407800078392029,0.6350464224815369
039623,0.967041015625,0.9675344824790955,0.8122885227203369,0.7319502830505371
039624,0.431884765625,0.4563026428222656,0.7318407297134399,0.7208219766616821
039627,0.953369140625,0.9535476565361023,1.0,0.9756850004196167
039628,0.957763671875,0.9585082530975342,0.7236568927764893,0.8451263904571533
039630,0.9444172978401184,0.9510462284088135,0.544137716293335,0.5186313390731812
039635,0.531982421875,0.5868444442749023,0.3482339084148407,0.5871018767356873
039636,0.9668782353401184,0.9674765467643738,0.7810032963752747,0.7589994668960571
039637,0.94140625,0.9503759145736694,0.5162065625190735,0.5814898014068604
039640,0.957763671875,0.9583266377449036,0.8271697163581848,0.8400658965110779
039641,0.14453125,0.2591344714164734,0.1061442568898201,0.3042278587818146
039644,0.9466145634651184,0.9535689353942871,0.5787770748138428,0.7152605652809143
039646,0.388427734375,0.39695602655410767,0.3251410126686096,0.5306231379508972
039647,0.943115234375,0.9527943730354309,0.6126077175140381,0.7157561182975769
039648,0.05078125,0.22980274260044098,0.05406876280903816,0.4616122245788574
039650,0.39453125,0.39915186166763306,0.37281090021133423,0.4094437062740326
039651,0.520263671875,0.520914614200592,0.5620065331459045,0.5843843221664429
039652,0.431884765625,0.47854936122894287,0.390377938747406,0.5587735176086426
039653,0.9507649540901184,0.9565958976745605,0.7292529344558716,0.8085278272628784
039654,0.953369140625,0.953369140625,1.0,1.0
039656,0.968017578125,0.9680637717247009,1.0,0.9765320420265198
039657,0.967041015625,0.9675263166427612,0.9284793138504028,0.8207795023918152
039658,0.951171875,0.951171875,0.8472716808319092,0.8472716808319092
039660,0.703369140625,0.7076935172080994,0.6423966884613037,0.6529663801193237
039662,0.701904296875,0.7072599530220032,0.5307213068008423,0.5903536081314087
039663,0.110107421875,0.3119608759880066,0.06666666269302368,0.46050044894218445
039664,0.706298828125,0.7110394239425659,0.6245770454406738,0.6756352186203003
039666,0.61328125,0.6200140118598938,0.4536360800266266,0.5531178712844849
039667,0.4778645932674408,0.48328298330307007,0.4635950028896332,0.5778318643569946
039668,0.659423828125,0.6630913019180298,0.5918076038360596,0.7762690782546997
039669,0.957763671875,0.9583876132965088,0.7236568927764893,0.7068058848381042
039675,0.556884765625,0.6192843914031982,0.5407800078392029,0.7604799866676331
039676,0.23828125,0.3314823806285858,0.3483913838863373,0.5419697761535645
039677,0.712158203125,0.7125750780105591,0.8569586873054504,0.8325716853141785
039678,0.393798828125,0.4694623649120331,0.38908666372299194,0.7348382472991943
039680,0.706298828125,0.7111698389053345,0.6245770454406738,0.8375658988952637
039681,0.0,0.0069444444961845875,0.0,0.05582083761692047
039683,0.957763671875,0.9584969282150269,0.7236568927764893,0.8686766028404236
039686,0.365234375,0.43759095668792725,0.3236317038536072,0.5073586702346802
039687,0.9507649540901184,0.9565222263336182,0.6379934549331665,0.8673717975616455
039688,0.956298828125,0.9603657126426697,0.7169486284255981,0.7901835441589355
039694,0.260498046875,0.3460829257965088,0.49370092153549194,0.7832525372505188
039697,0.9444172978401184,0.9523001313209534,0.544137716293335,0.4763755798339844
039698,0.946533203125,0.9555445909500122,0.575423002243042,0.7186101078987122
039699,0.9668782353401184,0.9673835039138794,0.892719030380249,0.9535920023918152
039700,0.956298828125,0.959791898727417,1.0,0.9520171880722046
039702,0.344482421875,0.38280627131462097,0.5977610945701599,0.6361846923828125
039705,0.9673665165901184,0.9678938984870911,0.8748590350151062,0.8667777180671692
039706,0.518798828125,0.576737642288208,0.3251410126686096,0.4616513252258301
039707,0.450927734375,0.457205206155777,0.39804574847221375,0.5422631502151489
039708,0.304931640625,0.304931640625,1.0,1.0
039709,0.23828125,0.333379328250885,0.19636499881744385,0.3330518305301666
039711,0.959228515625,0.9600104093551636,0.7631344795227051,0.8480910062789917
039712,0.951904296875,0.9578099846839905,0.8690900206565857,0.8614510893821716
039713,0.943359375,0.9556335806846619,0.5284951329231262,0.6126120686531067
039714,0.300537109375,0.40266796946525574,0.24733662605285645,0.4358014166355133
039716,0.08203125,0.17457138001918793,0.053640495985746384,0.1705637276172638
039719,0.940673828125,0.9469740390777588,0.7038999795913696,0.7240327596664429
039720,0.968017578125,0.9680656790733337,1.0,0.8839774131774902
039721,0.633056640625,0.6386175751686096,0.5128524899482727,0.6851385235786438
039722,0.951171875,0.9574687480926514,0.694340705871582,0.7373133897781372
039723,0.488037109375,0.5620245337486267,0.3265250623226166,0.4349113404750824
039724,0.959228515625,0.9595606327056885,0.8722942471504211,0.7815077900886536
039725,0.659423828125,0.6630669832229614,0.6764605641365051,0.7264277338981628
039726,0.959228515625,0.9597314596176147,0.8722942471504211,0.8520510196685791
039727,0.505615234375,0.5118921995162964,0.427834689617157,0.4784328043460846
039728,0.2774251401424408,0.422962486743927,0.2932012677192688,0.6371466517448425
039730,0.946533203125,0.9514991641044617,0.8793432712554932,0.9446722269058228
039731,0.659423828125,0.6620463132858276,0.8254533410072327,0.7920254468917847
039732,0.571533203125,0.5797426700592041,0.49935534596443176,0.697287380695343
039733,0.9444172978401184,0.9522179365158081,0.6219719052314758,0.6814596056938171
039734,0.968017578125,0.9680764675140381,1.0,0.8983159065246582
039735,0.968017578125,0.9680570960044861,1.0,0.9101904034614563
039736,0.9668782353401184,0.967513918876648,0.892719030380249,0.861903965473175
039737,0.503173828125,0.5079298615455627,0.5961002111434937,0.7011343836784363
039738,0.9673665165901184,0.9675727486610413,1.0,0.958531379699707
039739,0.951171875,0.9595034718513489,0.694340705871582,0.8881928324699402
039740,0.946533203125,0.9512370824813843,0.6577322483062744,0.5842032432556152
039741,0.946533203125,0.9497640132904053,0.6577322483062744,0.5975144505500793
039742,0.9466145634651184,0.949586033821106,0.6615661382675171,0.6403859853744507
039744,0.03125,0.1624908447265625,0.02753167226910591,0.19369438290596008
039745,0.706298828125,0.7090875506401062,0.6245770454406738,0.5947312116622925
039746,0.966796875,0.9673445820808411,0.7653606534004211,0.6828530430793762
039747,0.9388020634651184,0.9501028060913086,0.48492133617401123,0.577620267868042
039750,0.212890625,0.33262351155281067,0.1584416627883911,0.4224075973033905
039751,0.3059895932674408,0.37645646929740906,0.2836383283138275,0.4213946759700775
039753,0.712158203125,0.7126852869987488,0.7497180104255676,0.8094015717506409
039754,0.968017578125,0.9680620431900024,1.0,0.9300131797790527
039756,0.947998046875,0.9557636380195618,0.6841284036636353,0.8921781778335571
039757,0.9444172978401184,0.9531726241111755,0.544137716293335,0.8030741214752197
039758,0.23828125,0.2941823899745941,0.19636499881744385,0.30325162410736084
039759,0.951904296875,0.9598687291145325,0.7122209072113037,0.8427818417549133
039760,0.947998046875,0.9530674815177917,0.8348100185394287,0.7913643717765808
039761,0.957763671875,0.9582895636558533,0.7236568927764893,0.7040225863456726
039762,0.606689453125,0.6163748502731323,0.5334192514419556,0.4176701605319977
039763,0.967041015625,0.9678119421005249,0.8122885227203369,0.9541838765144348
039765,0.95703125,0.9577155709266663,0.8046074509620667,0.7766678333282471
039766,0.943359375,0.9537268877029419,0.5284951329231262,0.6263294816017151
039767,0.939453125,0.94219970703125,0.8987017273902893,0.9729871153831482
039768,0.580322265625,0.6333361268043518,0.4618985950946808,0.6730173826217651
039769,0.9444172978401184,0.95287024974823,0.544137716293335,0.692255437374115
039770,0.571533203125,0.579638659954071,0.43686550855636597,0.6934992074966431
039771,0.939453125,0.9506783485412598,0.489017516374588,0.5583363771438599
039772,0.9673665165901184,0.9676750302314758,0.8748590350151062,0.7787986993789673
039773,0.706298828125,0.7084696888923645,0.871160089969635,0.7728514671325684
039775,0.94140625,0.951432466506958,0.5162065625190735,0.6394419074058533
039776,0.606689453125,0.6493816375732422,0.6509066820144653,0.775415301322937
039777,0.9668782353401184,0.9674462676048279,0.7810032963752747,0.8347668647766113
039778,0.261474609375,0.36363667249679565,0.22860826551914215,0.38094642758369446
039779,0.260498046875,0.35900744795799255,0.16052241623401642,0.26704004406929016
039780,0.9673665165901184,0.9678964614868164,0.8748590350151062,0.8908494114875793
039781,0.706298828125,0.7095628976821899,0.871160089969635,0.8203251361846924
039782,0.61328125,0.6190884113311768,0.4536360800266266,0.5090456008911133
039783,0.568359375,0.5788186192512512,0.3899376392364502,0.6333827376365662
039784,0.701171875,0.7044949531555176,0.7184317708015442,0.7245599031448364
039785,0.946533203125,0.9533991813659668,0.6577322483062744,0.7795000672340393
039786,0.3599446713924408,0.4252082109451294,0.40125197172164917,0.6383787989616394
039787,0.947998046875,0.9538988471031189,0.8348100185394287,0.8837851881980896
039788,0.9673665165901184,0.967742383480072,1.0,0.9471954703330994
039789,0.44140625,0.44930264353752136,0.45818498730659485,0.5524390935897827
039790,0.967041015625,0.9674354791641235,0.9284793138504028,0.7858988046646118
039791,0.946533203125,0.954866886138916,0.575423002243042,0.6543766856193542
039792,0.4778645932674408,0.4806769788265228,0.5657033920288086,0.6184507608413696
039794,0.967041015625,0.9676369428634644,0.8122885227203369,0.8368874192237854
039796,0.432373046875,0.4372639060020447,0.5636333227157593,0.7034319639205933
039797,0.951904296875,0.9576514959335327,0.6230928897857666,0.6445753574371338
039798,0.219970703125,0.3148990869522095,0.22389668226242065,0.5148667693138123
039800,0.956298828125,0.9596221446990967,1.0,0.9316674470901489
039802,0.146728515625,0.26079845428466797,0.11196307837963104,0.3973158597946167
039803,0.35546875,0.3612093925476074,0.3273770213127136,0.4177985191345215
039805,0.228759765625,0.3182763457298279,0.3198178708553314,0.5854843854904175
039807,0.959228515625,0.959789514541626,0.8722942471504211,0.8645834922790527
039808,0.951171875,0.9597726464271545,0.6074502468109131,0.7986594438552856
039809,0.947998046875,0.953784167766571,0.6841284036636353,0.8255254626274109
039811,0.957763671875,0.9583620429039001,0.8271697163581848,0.8403898477554321
039813,0.5757649540901184,0.5824597477912903,0.5708760023117065,0.7664790749549866
039814,0.261474609375,0.27486419677734375,0.6151177287101746,0.6893734931945801
039818,0.374755859375,0.4607265889644623,0.24766992032527924,0.46562594175338745
039819,0.951171875,0.9537124633789062,0.8472716808319092,0.8465268611907959
039821,0.556884765625,0.6135494112968445,0.3877114951610565,0.6300768256187439
039822,0.951904296875,0.959945797920227,0.7122209072113037,0.8936441540718079
039824,0.366455078125,0.3732011914253235,0.3265250623226166,0.4576168358325958
039826,0.968017578125,0.9680768847465515,1.0,0.8796293139457703
039827,0.518798828125,0.5870035886764526,0.3716495931148529,0.5715029239654541
039829,0.9673665165901184,0.9674326777458191,1.0,0.8270438313484192
039830,0.956298828125,0.9580376744270325,0.7169486284255981,0.6108633279800415
039831,0.957763671875,0.9584856033325195,0.7236568927764893,0.8310093283653259
039833,0.962158203125,0.9626140594482422,0.8420895934104919,0.9263008236885071
039834,0.571533203125,0.5816344022750854,0.43686550855636597,0.6351867318153381
039835,0.953369140625,0.9574398994445801,0.6543781161308289,0.6746441125869751
039836,0.9444172978401184,0.9488257765769958,0.544137716293335,0.48379698395729065
039837,0.166259765625,0.3396488428115845,0.1061442568898201,0.4194192886352539
039838,0.947998046875,0.9520295262336731,0.5985158681869507,0.572979748249054
039839,0.166259765625,0.3079759478569031,0.12132726609706879,0.5153186321258545
039842,0.1875,0.2264675498008728,0.31939393281936646,0.5668692588806152
039843,0.14453125,0.22601021826267242,0.2626707851886749,0.5601641535758972
039845,0.701904296875,0.7053530812263489,0.7402501106262207,0.8406742215156555
039851,0.197998046875,0.2759934067726135,0.42267662286758423,0.710011899471283
039852,0.469970703125,0.4719047546386719,0.6737852096557617,0.6951965093612671
039853,0.323974609375,0.323974609375,0.7591918706893921,0.7591918706893921
039854,0.365234375,0.41723060607910156,0.5741883516311646,0.8051667213439941
039855,0.9668782353401184,0.9675974249839783,0.7810032963752747,0.7596737146377563
039856,0.39453125,0.39949461817741394,0.37281090021133423,0.4220324456691742
039858,0.1875,0.315643310546875,0.16310739517211914,0.5050621628761292
039860,0.580322265625,0.5843391418457031,1.0,1.0
039862,0.947998046875,0.9523423314094543,0.6841284036636353,0.7751646637916565
039863,0.393798828125,0.4165579378604889,0.38908666372299194,0.37551361322402954
039866,0.518798828125,0.552641749382019,0.8046129941940308,0.9014608860015869
039867,0.14453125,0.28154313564300537,0.1061442568898201,0.4563596248626709
039868,0.16796875,0.25829675793647766,0.14772342145442963,0.4361647367477417
039869,0.659423828125,0.6621933579444885,0.5918076038360596,0.5800397396087646
039870,0.953369140625,0.9601092338562012,0.7479812502861023,0.8553070425987244
039872,0.228759765625,0.33173492550849915,0.276936799287796,0.5248541235923767
039873,0.508056640625,0.5098673105239868,0.46666663885116577,0.36682140827178955
039874,0.3059895932674408,0.3688889443874359,0.2836383283138275,0.4807683229446411
039875,0.505615234375,0.5134987831115723,0.427834689617157,0.5655802488327026
039876,0.9507649540901184,0.9553713798522949,0.6379934549331665,0.8485352993011475
039885,0.956298828125,0.9610186815261841,0.7169486284255981,0.762383759021759
039886,0.9673665165901184,0.9676984548568726,1.0,0.8899076581001282
039887,0.278564453125,0.38110801577568054,0.21157628297805786,0.6391424536705017
039888,0.939453125,0.9479670524597168,0.5589672327041626,0.5764787197113037
039889,0.580322265625,0.617935299873352,0.86592036485672,0.9692598581314087
039890,0.9668782353401184,0.9674763083457947,0.892719030380249,0.9716269969940186
039891,0.9444172978401184,0.9556599855422974,0.6219719052314758,0.7984764575958252
039893,0.393798828125,0.44966644048690796,0.42629045248031616,0.6568393707275391
039894,0.953369140625,0.9601826071739197,0.6543781161308289,0.6858363747596741
039897,0.0,0.14848242700099945,0.0,0.20704039931297302
039898,0.531982421875,0.5786917209625244,0.3482339084148407,0.5263420939445496
039899,0.9507649540901184,0.9561702013015747,0.8898733854293823,0.9596707820892334
039900,0.9673665165901184,0.9676644802093506,1.0,0.9265367388725281
039901,0.9673665165901184,0.9676698446273804,1.0,0.8886682987213135
039902,0.606689453125,0.6454142928123474,0.6509066820144653,0.7829682230949402
039903,0.9673665165901184,0.9676132202148438,1.0,0.9503161907196045
039904,0.957763671875,0.9585659503936768,0.7236568927764893,0.8001007437705994
039905,0.968017578125,0.96804279088974,1.0,0.8106498718261719
039906,0.260498046875,0.39581555128097534,0.22389668226242065,0.6174471974372864
039907,0.939453125,0.9412841796875,0.8987017273902893,0.9601421356201172
039908,0.508056640625,0.5133460760116577,0.5334192514419556,0.7150577306747437
039909,0.968017578125,0.9680672287940979,1.0,0.881598949432373
039911,0.943115234375,0.950538158416748,0.5359453558921814,0.5453634858131409
039912,0.953369140625,0.960327684879303,0.6543781161308289,0.8805040717124939
039913,0.9507649540901184,0.9551757574081421,0.7292529344558716,0.7639963626861572
039914,0.466064453125,0.547137439250946,0.25437816977500916,0.4159950911998749
039915,0.393798828125,0.44018444418907166,0.690318763256073,0.8204523921012878
039916,0.659423828125,0.6618574261665344,0.6764605641365051,0.6245294213294983
039917,0.701171875,0.7096831202507019,0.5150786638259888,0.6707137823104858
039918,0.9673665165901184,0.9677531123161316,1.0,0.9616909623146057
039921,0.967041015625,0.9676478505134583,0.8122885227203369,0.7835087776184082
039923,0.943115234375,0.9507352113723755,0.6126077175140381,0.6518141031265259
039924,0.9507649540901184,0.9544820189476013,0.7292529344558716,0.7082386612892151
039926,0.9466145634651184,0.951854944229126,0.5787770748138428,0.7493820786476135
039927,0.962158203125,0.962551474571228,0.9625431895256042,0.9006453156471252
039929,0.947998046875,0.953239917755127,0.6841284036636353,0.6933882832527161
039933,0.966796875,0.9673342704772949,0.8748388290405273,0.8722816705703735
039934,0.260498046875,0.3390688896179199,0.49370092153549194,0.7632982730865479
039935,0.951171875,0.9574208855628967,0.8472716808319092,0.9323980212211609
039937,0.2774251401424408,0.42631685733795166,0.23532335460186005,0.5571972727775574
039938,0.9444172978401184,0.9531960487365723,0.6219719052314758,0.757436990737915
039940,0.968017578125,0.9680447578430176,1.0,0.8243098258972168
039941,0.967041015625,0.9675759077072144,0.8122885227203369,0.7609545588493347
039942,0.706298828125,0.7110899686813354,0.6245770454406738,0.7159722447395325
039946,0.940673828125,0.9481706023216248,0.5046601295471191,0.4810689389705658
039949,0.953369140625,0.9564933776855469,0.912726640701294,0.9885455965995789
039951,0.499755859375,0.6035059690475464,0.4098700284957886,0.7745678424835205
039954,0.701904296875,0.7063388824462891,0.7402501106262207,0.7376293540000916
039960,0.703369140625,0.7076555490493774,0.7838867902755737,0.7864035964012146
039961,0.706298828125,0.711059033870697,0.7139173746109009,0.8722534775733948
039963,0.9668782353401184,0.9674961566925049,0.7810032963752747,0.8250086307525635
039964,0.571533203125,0.5795187950134277,0.49935534596443176,0.5985021591186523
039965,0.706298828125,0.7075835466384888,0.871160089969635,0.8121766448020935
039966,0.571533203125,0.5814949870109558,0.49935534596443176,0.6220428347587585
039967,0.39453125,0.402963250875473,0.4261382520198822,0.6806172728538513
039968,0.956298828125,0.9593746662139893,0.7169486284255981,0.6609387993812561
039970,0.5694172978401184,0.5756163001060486,0.5657033920288086,0.6199977993965149
039973,0.701171875,0.7087695598602295,0.5887562036514282,0.7648425102233887
039974,0.943115234375,0.9546305537223816,0.6126077175140381,0.8538235425949097
039975,0.23828125,0.31512755155563354,0.3483913838863373,0.44508010149002075
039976,0.580322265625,0.6183838844299316,0.5636333227157593,0.6884642243385315
039977,0.580322265625,0.6190735101699829,0.86592036485672,0.9814944267272949
039980,0.9444172978401184,0.9508054256439209,0.7589633464813232,0.7657635807991028
039981,0.953369140625,0.9583951234817505,0.7479812502861023,0.7531518936157227
039983,0.9444172978401184,0.9480994343757629,0.9456308484077454,0.9887257218360901
039984,0.4375,0.4695800840854645,0.5419421792030334,0.6502407193183899
039985,0.9673665165901184,0.9676969051361084,1.0,0.9204726219177246
039986,0.953369140625,0.958760678768158,0.6543781161308289,0.7029716372489929
039987,0.939453125,0.9457168579101562,0.5589672327041626,0.6366185545921326
039988,0.9466145634651184,0.9534576535224915,0.6615661382675171,0.8102821707725525
039989,0.968017578125,0.9680590629577637,1.0,0.9370734095573425
039994,0.968017578125,0.9680777788162231,1.0,0.9140980839729309
039997,0.951904296875,0.9586330056190491,0.6230928897857666,0.7194203734397888
039998,0.166259765625,0.2763173580169678,0.2626707851886749,0.6756073832511902
039999,0.5757649540901184,0.5826848745346069,0.5708760023117065,0.7637065649032593
040004,0.488037109375,0.5614215731620789,0.398443341255188,0.628314197063446
040006,0.967041015625,0.9676435589790344,0.9284793138504028,0.9126390218734741
040008,0.968017578125,0.9680777192115784,1.0,0.9014294743537903
040009,0.9668782353401184,0.9677693247795105,0.7810032963752747,0.8580197095870972
040010,0.703369140625,0.709003210067749,0.6423966884613037,0.7237056493759155
040013,0.957763671875,0.9583328366279602,0.7236568927764893,0.7989192605018616
040014,0.260498046875,0.39562302827835083,0.22389668226242065,0.6638833284378052
040015,0.9444172978401184,0.9444172978401184,1.0,1.0
040018,0.968017578125,0.9680489301681519,1.0,0.968407154083252
040019,0.580322265625,0.6358801126480103,0.4618985950946808,0.6357956528663635
040020,0.9466145634651184,0.9508081078529358,0.5787770748138428,0.5456840395927429
040022,0.959228515625,0.9599208235740662,0.7631344795227051,0.8899767398834229
040023,0.584228515625,0.5848178267478943,0.6245770454406738,0.696799099445343
040024,0.431884765625,0.488029807806015,0.4763599932193756,0.7318863868713379
040026,0.706298828125,0.7098246812820435,0.6245770454406738,0.733045756816864
040027,0.556884765625,0.5983254313468933,0.8308104276657104,0.8380430340766907
040028,0.520263671875,0.5207931995391846,0.6423966884613037,0.6438776850700378
040031,0.957763671875,0.9586480855941772,0.7236568927764893,0.8154644966125488
040033,0.9673665165901184,0.9677078127861023,1.0,0.9476666450500488
040035,0.633056640625,0.636248767375946,0.7837249636650085,0.8204336166381836
040036,0.366455078125,0.37635722756385803,0.398443341255188,0.6304370164871216
040037,0.571533203125,0.5787424445152283,0.6093400716781616,0.7021412253379822
040039,0.9673665165901184,0.9678974151611328,0.8748590350151062,0.8917983770370483
040040,0.503173828125,0.5139827728271484,0.3920743465423584,0.6570843458175659
040042,0.150390625,0.3382003903388977,0.09050162881612778,0.4955442547798157
040043,0.508056640625,0.5125028491020203,0.46666663885116577,0.6188667416572571
040044,0.278564453125,0.30727481842041016,0.45805788040161133,0.5391255021095276
040045,0.968017578125,0.9680578112602234,1.0,0.9037240743637085
040046,0.9673665165901184,0.9678142666816711,0.8748590350151062,0.9138873815536499
040048,0.228759765625,0.26148656010627747,0.15910254418849945,0.19968219101428986
040049,0.967041015625,0.9674725532531738,0.9284793138504028,0.9126660823822021
040050,0.5757649540901184,0.5801757574081421,0.6966133713722229,0.7468646764755249
040051,0.0625,0.0801130011677742,0.4692787230014801,0.7928654551506042
040052,0.556884765625,0.5975938439369202,0.4431702494621277,0.6628573536872864
040054,0.968017578125,0.9680561423301697,1.0,0.929652750492096
040055,0.962158203125,0.9626943469047546,0.8420895934104919,0.9499920010566711
040058,0.150390625,0.27986007928848267,0.12623168528079987,0.5021162033081055
040059,0.947998046875,0.9526354670524597,0.8348100185394287,0.8977542519569397
040060,0.304931640625,0.413260817527771,0.22860826551914215,0.47668224573135376
040062,0.5757649540901184,0.578717052936554,0.6966133713722229,0.7768910527229309
040063,0.567138671875,0.6174657344818115,0.5199966430664062,0.6036129593849182
040064,0.9507649540901184,0.9545111656188965,0.7292529344558716,0.7425834536552429
040065,0.304931640625,0.37468552589416504,0.6151177287101746,0.8039471507072449
040067,0.9673665165901184,0.9678029417991638,0.8748590350151062,0.9298027753829956
040068,0.957763671875,0.9581403732299805,0.8271697163581848,0.8077425956726074
040070,0.584228515625,0.5847435593605042,0.7139173746109009,0.7158726453781128
040071,0.518798828125,0.5949222445487976,0.3716495931148529,0.6961805820465088
040072,0.432373046875,0.440301775932312,0.4618985950946808,0.7107875943183899
040074,0.12109375,0.20481158792972565,0.07821311801671982,0.17549003660678864
040075,0.510498046875,0.5148029923439026,0.6093400716781616,0.6996035575866699
040076,0.953369140625,0.9580134749412537,0.7479812502861023,0.7821320295333862
040077,0.9673665165901184,0.9675880670547485,1.0,0.8171284794807434
040079,0.455078125,0.5840161442756653,0.2728845775127411,0.6200810074806213
040080,0.5757649540901184,0.5794143080711365,0.5708760023117065,0.5361025929450989
040081,0.05078125,0.1877342313528061,0.04044242203235626,0.27088943123817444
040082,0.968017578125,0.9680672883987427,1.0,0.9001583456993103
040083,0.1875,0.25859373807907104,0.31939393281936646,0.6076969504356384
040084,0.580322265625,0.626731812953949,0.4618985950946808,0.5517928004264832
040085,0.703369140625,0.706790566444397,0.7838867902755737,0.7896527647972107
040086,0.943115234375,0.9524708986282349,0.5359453558921814,0.7756171226501465
040087,0.5694172978401184,0.5811009407043457,0.4055802822113037,0.708263635635376
040088,0.344482421875,0.37947559356689453,0.5977610945701599,0.7619640827178955
040090,0.712158203125,0.7124611735343933,0.7497180104255676,0.7060754895210266
040091,0.951904296875,0.9578076004981995,0.8690900206565857,0.9233818054199219
040093,0.393798828125,0.4337119460105896,0.690318763256073,0.8083303570747375
040094,0.953369140625,0.9602176547050476,0.7479812502861023,0.7981648445129395
040097,0.25390625,0.3481484055519104,0.18509942293167114,0.47433412075042725
040098,0.3599446713924408,0.4486631453037262,0.36623337864875793,0.5656580924987793
040099,0.9444172978401184,0.9510888457298279,0.7589633464813232,0.7153859734535217
040100,0.518798828125,0.5611481070518494,0.3716495931148529,0.44312945008277893
040102,0.393798828125,0.4545605778694153,0.5977610945701599,0.7105557322502136
040103,0.3599446713924408,0.45140084624290466,0.26257050037384033,0.5386880040168762
040105,0.263671875,0.349801629781723,0.15307211875915527,0.20657742023468018
040106,0.1875,0.212890625,0.2886616587638855,0.3914850354194641
040107,0.967041015625,0.967657208442688,0.8122885227203369,0.8453848361968994
040108,0.393798828125,0.4657529294490814,0.31885725259780884,0.4420815706253052
040110,0.374755859375,0.4479280412197113,0.5307213068008423,0.6626965999603271
040112,0.3059895932674408,0.3576287031173706,0.5032320022583008,0.7116397619247437
040114,0.300537109375,0.300537109375,0.30181336402893066,0.26542094349861145
040115,0.300537109375,0.38837045431137085,0.24733662605285645,0.540046751499176
040116,0.261474609375,0.3431977331638336,0.2789600193500519,0.5858072638511658
040117,0.957763671875,0.9584111571311951,0.7236568927764893,0.8304355144500732
040118,0.61328125,0.6141921877861023,0.6327316761016846,0.553646445274353
040119,0.0,0.13669875264167786,0.0,0.20703037083148956
040122,0.455078125,0.5498313307762146,0.2728845775127411,0.5157362818717957
040123,0.531982421875,0.5856315493583679,0.3482339084148407,0.5785241723060608
040124,0.488037109375,0.5711938142776489,0.398443341255188,0.7055647969245911
040125,0.940673828125,0.9506735801696777,0.7038999795913696,0.8043057322502136
040126,0.23828125,0.2872772216796875,0.3483913838863373,0.4976920187473297
040127,0.703369140625,0.7103387117385864,0.5620065331459045,0.8292011618614197
040128,0.951904296875,0.9582027196884155,0.7122209072113037,0.7713100910186768
040129,0.9388020634651184,0.9438470005989075,0.7410414814949036,0.7872368693351746
040130,0.606689453125,0.6254306435585022,1.0,0.8025069832801819
040131,0.9668782353401184,0.9676099419593811,0.7810032963752747,0.9180707931518555
040132,0.510498046875,0.5137166976928711,0.6093400716781616,0.6570272445678711
040134,0.2774251401424408,0.3978082537651062,0.257824569940567,0.5333600640296936
040135,0.9507649540901184,0.9563660621643066,0.7292529344558716,0.739260196685791
040136,0.947998046875,0.9559687972068787,0.5985158681869507,0.7316257357597351
040138,0.556884765625,0.5683492422103882,0.3877114951610565,0.321280837059021
040139,0.505615234375,0.5134479403495789,0.427834689617157,0.5365058779716492
040141,0.633056640625,0.6380518674850464,0.5862115621566772,0.6632893085479736
040145,0.432373046875,0.4373679459095001,0.5636333227157593,0.668631374835968
040146,0.703369140625,0.706943154335022,0.7838867902755737,0.6642454862594604
040147,0.568359375,0.5805690884590149,0.4457148313522339,0.6158735752105713
040149,0.943115234375,0.9483428597450256,0.6126077175140381,0.5763132572174072
040150,0.959228515625,0.9596651196479797,0.7631344795227051,0.7552533149719238
040151,0.263671875,0.42426925897598267,0.15307211875915527,0.46142831444740295
040152,0.12109375,0.3052920401096344,0.08940082788467407,0.3709842264652252
040154,0.9466145634651184,0.9518935084342957,0.6615661382675171,0.6805663704872131
040156,0.431884765625,0.48250651359558105,0.390377938747406,0.6508028507232666
040158,0.1458333432674408,0.21952156722545624,0.12516115605831146,0.21895147860050201
040159,0.323974609375,0.3919750452041626,0.2550044059753418,0.3786160945892334
040160,0.712158203125,0.7125003337860107,0.8569586873054504,0.7543250322341919
040161,0.374755859375,0.4582480788230896,0.28309693932533264,0.4258457124233246
040162,0.966796875,0.9673577547073364,0.7653606534004211,0.7469939589500427
040164,0.9444172978401184,0.9494534730911255,0.9456308484077454,0.9753429293632507
040165,0.61328125,0.615203857421875,0.6327316761016846,0.6696266531944275
040166,0.712158203125,0.7125580906867981,0.7497180104255676,0.8263535499572754
040170,0.966796875,0.9674482941627502,0.7653606534004211,0.7274819612503052
040173,0.455078125,0.49318695068359375,0.7342523336410522,0.9231405854225159
040176,0.703369140625,0.7095609307289124,0.6423966884613037,0.7427629232406616
040178,0.9673665165901184,0.9678146243095398,0.8748590350151062,0.8712584376335144
040179,0.968017578125,0.9680617451667786,1.0,0.8503631949424744
040183,0.943115234375,0.9525094628334045,0.5359453558921814,0.6205824613571167
040184,0.951904296875,0.9539374113082886,0.8690900206565857,0.7722697854042053
040186,0.966796875,0.9674208760261536,0.8748388290405273,0.9439389705657959
040187,0.571533203125,0.5781803727149963,0.6093400716781616,0.6883875131607056
040189,0.9673665165901184,0.9676437377929688,1.0,0.8733063340187073
040191,0.5694172978401184,0.5765037536621094,0.5657033920288086,0.7044408321380615
040192,0.9673665165901184,0.9676596522331238,0.8748590350151062,0.7007125616073608
040193,0.9668782353401184,0.9671732783317566,0.892719030380249,0.7338271737098694
040199,0.304931640625,0.4017885625362396,0.20000000298023224,0.37776151299476624
040200,0.499755859375,0.5485272407531738,0.629690945148468,0.6497011780738831
040201,0.44140625,0.45365479588508606,0.3754834830760956,0.629424512386322
040202,0.9668782353401184,0.9676816463470459,0.7810032963752747,0.9523495435714722
040203,0.469970703125,0.4768308699131012,0.4431702494621277,0.5885928869247437
040204,0.701171875,0.7065459489822388,0.7184317708015442,0.8119933009147644
040206,0.659423828125,0.6627702713012695,0.6764605641365051,0.7758699059486389
040207,0.374755859375,0.44123566150665283,0.5307213068008423,0.7415031790733337
040208,0.9507649540901184,0.9536054730415344,0.7292529344558716,0.6495062708854675
040210,0.580322265625,0.6184751391410828,0.86592036485672,0.8636264801025391
040211,0.706298828125,0.7099797129631042,0.6245770454406738,0.795005738735199
040214,0.571533203125,0.5768231153488159,0.43686550855636597,0.45952150225639343
040215,0.261474609375,0.36570242047309875,0.20000000298023224,0.4726099669933319
040217,0.962158203125,0.9626032114028931,0.8420895934104919,0.8153156638145447
040218,0.3125,0.32387521862983704,0.23463936150074005,0.3840446472167969
040219,0.9673665165901184,0.9677204489707947,1.0,0.8739635348320007
040220,0.706298828125,0.7095417976379395,0.7139173746109009,0.7707083225250244
040221,0.967041015625,0.9676085114479065,0.9284793138504028,0.9255046248435974
040222,0.455078125,0.5431687831878662,0.2728845775127411,0.5184100866317749
040224,0.469970703125,0.47681039571762085,0.4431702494621277,0.5640145540237427
040225,0.951904296875,0.9552648067474365,0.7122209072113037,0.6385233402252197
040226,0.263671875,0.35988080501556396,0.32801172137260437,0.4781225025653839
040227,0.393798828125,0.43523716926574707,0.5977610945701599,0.7098093628883362
040229,0.39453125,0.4006584584712982,0.4261382520198822,0.6362707018852234
040230,0.712158203125,0.7123628258705139,0.8569586873054504,0.7313545942306519
040231,0.606689453125,0.6173591017723083,0.6509066820144653,0.5644432902336121
040232,0.450927734375,0.45814117789268494,0.39804574847221375,0.5556120872497559
040234,0.946533203125,0.9534995555877686,0.8026000261306763,0.8772663474082947
040235,0.556884765625,0.6183444857597351,0.4431702494621277,0.5567241311073303
040236,0.469970703125,0.4763534665107727,0.5924884676933289,0.7326406240463257
040237,0.505615234375,0.5148624181747437,0.427834689617157,0.6200364232063293
040238,0.9507649540901184,0.9559105634689331,0.7292529344558716,0.7979055047035217
040239,0.9668782353401184,0.967677652835846,0.7810032963752747,0.8936094045639038
040240,0.9673665165901184,0.9677677750587463,0.8748590350151062,0.8941685557365417
040241,0.701171875,0.7043905258178711,0.7184317708015442,0.7667649388313293
040242,0.9466145634651184,0.9485865235328674,0.8844688534736633,0.8703875541687012
040243,0.968017578125,0.9680597186088562,1.0,0.880501925945282
040244,0.9444172978401184,0.9488146305084229,0.8315341472625732,0.8330162167549133
040245,0.9388020634651184,0.9484411478042603,0.5542851090431213,0.5853317379951477
040249,0.571533203125,0.5776557922363281,0.49935534596443176,0.5635865926742554
040250,0.951904296875,0.9591251611709595,0.6230928897857666,0.7992083430290222
040251,0.23828125,0.34704744815826416,0.16092148423194885,0.3386381268501282
040252,0.510498046875,0.5157158374786377,0.49935534596443176,0.6028571128845215
040254,0.32421875,0.33867546916007996,0.25437816977500916,0.6825675964355469
040255,0.261474609375,0.31367307901382446,0.22860826551914215,0.36327511072158813
040256,0.953369140625,0.9590885639190674,0.6543781161308289,0.7606745958328247
040257,0.956298828125,0.9584617614746094,1.0,0.9571620225906372
040259,0.9673665165901184,0.967818558216095,0.8748590350151062,0.923582136631012
040260,0.1875,0.304931640625,0.1309099942445755,0.3245081305503845
040261,0.701171875,0.7083438634872437,0.5887562036514282,0.7223300933837891
040263,0.957763671875,0.9579013586044312,0.8271697163581848,0.6372178792953491
040266,0.432373046875,0.43798884749412537,0.4040961265563965,0.4701586365699768
040270,0.701904296875,0.7059328556060791,0.7402501106262207,0.8443571329116821
040271,0.219970703125,0.30699729919433594,0.22389668226242065,0.4897346496582031
040272,0.9668782353401184,0.9675992131233215,0.7810032963752747,0.8072692155838013
040273,0.943115234375,0.9516138434410095,0.6126077175140381,0.6457465887069702
040274,0.47265625,0.537480890750885,0.3039627969264984,0.4921179413795471
040275,0.946533203125,0.9531923532485962,0.575423002243042,0.644495964050293
040277,0.228759765625,0.36487287282943726,0.18026001751422882,0.5308029651641846
040278,0.300537109375,0.3611419200897217,0.30181336402893066,0.4913046956062317
040279,0.703369140625,0.7103564143180847,0.5620065331459045,0.7789305448532104
040281,0.9673665165901184,0.9679079055786133,0.8748590350151062,0.885134220123291
040283,0.9673665165901184,0.967689037322998,0.8748590350151062,0.7819198966026306
040284,0.0,0.19023437798023224,0.0,0.2341468781232834
040285,0.968017578125,0.9680414795875549,1.0,0.9490366578102112
040286,0.967041015625,0.9678155779838562,0.8122885227203369,0.8676255345344543
040287,0.0,0.13046875596046448,0.0,0.1427159607410431
040288,0.499755859375,0.5498705506324768,0.9037794470787048,0.9602230787277222
040290,0.556884765625,0.556884765625,0.5407800078392029,0.4884994626045227
040291,0.466064453125,0.5872599482536316,0.2907647490501404,0.7302716970443726
040292,0.706298828125,0.7083146572113037,0.7139173746109009,0.6375864744186401
040293,0.953369140625,0.9595626592636108,0.7479812502861023,0.8975512385368347
040294,0.47265625,0.4731852114200592,0.6303730607032776,0.6508532166481018
040299,0.9668782353401184,0.9673534035682678,0.7810032963752747,0.7000305652618408
040301,0.5757649540901184,0.5815434455871582,0.49943602085113525,0.5955907702445984
040302,0.388427734375,0.3914591372013092,0.4535067081451416,0.446005642414093
040305,0.967041015625,0.9674675464630127,0.9284793138504028,0.8226044774055481
040306,0.951171875,0.9571489095687866,0.8472716808319092,0.9134244918823242
040307,0.706298828125,0.7074266672134399,0.7139173746109009,0.6168050169944763
040308,0.556884765625,0.5913151502609253,0.5407800078392029,0.7184568643569946
040309,0.374755859375,0.4217774271965027,0.5307213068008423,0.5792185068130493
040310,0.9507649540901184,0.9548414349555969,0.7292529344558716,0.7474329471588135
040311,0.9673665165901184,0.9678964614868164,0.8748590350151062,0.8527266979217529
040313,0.712158203125,0.7125107645988464,0.7497180104255676,0.7582948207855225
040315,0.959228515625,0.9595583081245422,0.8722942471504211,0.8814116716384888
040317,0.962158203125,0.9624506235122681,0.9625431895256042,0.8072011470794678
040319,0.946533203125,0.9543211460113525,0.6577322483062744,0.697666585445404
040321,0.953369140625,0.9558685421943665,0.7479812502861023,0.6234387755393982
040323,0.701171875,0.7060637474060059,0.5887562036514282,0.5753373503684998
040324,0.503173828125,0.5100739598274231,0.5241767168045044,0.6634589433670044
040325,0.968017578125,0.9680514931678772,1.0,0.8766207695007324
040326,0.94140625,0.949794590473175,0.5900454521179199,0.6858841180801392
040328,0.967041015625,0.967243492603302,0.9284793138504028,0.796018123626709
040330,0.95703125,0.9575700163841248,0.7039180397987366,0.5518676042556763
040331,0.9673665165901184,0.9677607417106628,0.8748590350151062,0.875056803226471
040332,0.261474609375,0.2989654541015625,0.49493172764778137,0.6818486452102661
040333,0.701171875,0.7066368460655212,0.5887562036514282,0.7129411101341248
040334,0.947998046875,0.9558599591255188,0.6841284036636353,0.7163876891136169
040335,0.706298828125,0.7095582485198975,0.7139173746109009,0.780373215675354
040336,0.946533203125,0.9564220309257507,0.575423002243042,0.6264575123786926
040337,0.0625,0.257695734500885,0.043636664748191833,0.37529700994491577
040338,0.951904296875,0.959719181060791,0.7122209072113037,0.8093826770782471
040339,0.365234375,0.4170074462890625,0.5741883516311646,0.8040852546691895
040340,0.94140625,0.9497397541999817,0.5162065625190735,0.6022822260856628
040342,0.9466145634651184,0.9552227854728699,0.5787770748138428,0.6869890093803406
040347,0.12109375,0.2681046724319458,0.1195228174328804,0.4903121590614319
040348,0.967041015625,0.9675320386886597,0.8122885227203369,0.7328858375549316
040349,0.1458333432674408,0.1868489682674408,0.23463937640190125,0.31392794847488403
040351,0.518798828125,0.5315998196601868,1.0,0.9713679552078247
040352,0.393798828125,0.46174973249435425,0.31885725259780884,0.48747164011001587
040356,0.21875,0.3572738766670227,0.15793579816818237,0.60373455286026
040357,0.12109375,0.3071659505367279,0.08940082788467407,0.5226812362670898
040358,0.508056640625,0.5135776400566101,0.46666663885116577,0.6936580538749695
040359,0.46875,0.48234403133392334,0.3384338617324829,0.5976686477661133
040360,0.966796875,0.9675814509391785,0.7653606534004211,0.8783254623413086
040362,0.706298828125,0.707964301109314,0.871160089969635,0.7859659790992737
040363,0.703369140625,0.7091747522354126,0.5620065331459045,0.6984193921089172
040364,0.968017578125,0.9680663347244263,1.0,0.8722272515296936
040365,0.374755859375,0.43154123425483704,0.3454500138759613,0.41426512598991394
040366,0.966796875,0.9676491022109985,0.7653606534004211,0.8418776988983154
040369,0.469970703125,0.4775771498680115,0.3877114951610565,0.7042487263679504
040370,0.48828125,0.4892442226409912,0.5307213068008423,0.7313467860221863
040371,0.968017578125,0.9680537581443787,1.0,0.9176068305969238
040372,0.9507649540901184,0.9565461874008179,0.6379934549331665,0.8394776582717896
040374,0.968017578125,0.9680556058883667,1.0,0.8999148607254028
040377,0.951171875,0.95501708984375,0.8472716808319092,0.8719525337219238
040382,0.953369140625,0.9579420685768127,0.7479812502861023,0.7789185643196106
040383,0.703369140625,0.709370493888855,0.5620065331459045,0.7124976515769958
040384,0.968017578125,0.9680671095848083,1.0,0.9317926168441772
040386,0.567138671875,0.6388617157936096,0.5199966430664062,0.7671440839767456
040391,0.4375,0.576225221157074,0.21899673342704773,0.6659154295921326
040392,0.9668782353401184,0.9677733182907104,0.7810032963752747,0.9111090302467346
040393,0.3599446713924408,0.44979327917099,0.3001289367675781,0.6710312366485596
040394,0.968017578125,0.9680511355400085,1.0,0.9164098501205444
040396,0.943115234375,0.9544630646705627,0.5359453558921814,0.6813564300537109
040397,0.518798828125,0.5896344780921936,0.4535067081451416,0.5660244822502136
040398,0.304931640625,0.3954780101776123,0.2789600193500519,0.6150319576263428
040399,0.940673828125,0.9479058980941772,0.7038999795913696,0.7810201644897461
040400,0.619873046875,0.6209030151367188,0.7233965992927551,0.7588611841201782
040401,0.150390625,0.29243195056915283,0.09050162881612778,0.3014940917491913
040402,0.9444172978401184,0.948944091796875,0.544137716293335,0.4951571822166443
040408,0.619873046875,0.6263328790664673,0.4733748733997345,0.6295979022979736
040409,0.968017578125,0.9680506587028503,1.0,0.9111935496330261
040411,0.943115234375,0.9517607688903809,0.6126077175140381,0.6817613244056702
040412,0.943115234375,0.9490609765052795,0.819014847278595,0.8646448850631714
040413,0.9673665165901184,0.9677242636680603,0.8748590350151062,0.7707030177116394
040415,0.499755859375,0.5589638352394104,0.4098700284957886,0.4966697096824646
040418,0.5757649540901184,0.5757649540901184,0.763222336769104,0.763222336769104
040419,0.499755859375,0.5586390495300293,0.3358892798423767,0.43622612953186035
040420,0.39453125,0.4001205563545227,0.4261382520198822,0.5599650144577026
040421,0.21875,0.3543441891670227,0.15793579816818237,0.4365154504776001
040422,0.706298828125,0.7075854539871216,0.871160089969635,0.7992516160011292
040424,0.518798828125,0.5992753505706787,0.4535067081451416,0.7008170485496521
040425,0.46875,0.46875,0.4129750728607178,0.38478538393974304
040426,0.94140625,0.9517372846603394,0.5162065625190735,0.6240677833557129
040428,0.9668782353401184,0.9673625230789185,0.7810032963752747,0.7099664211273193
040429,0.3059895932674408,0.3611452877521515,0.23244215548038483,0.30085667967796326
040430,0.619873046875,0.6277104616165161,0.5410870313644409,0.7587733864784241
040431,0.469970703125,0.4789312481880188,0.3877114951610565,0.5725549459457397
040432,0.12109375,0.24858248233795166,0.16759954392910004,0.4517565667629242
040434,0.9668782353401184,0.9671400189399719,0.7810032963752747,0.6244535446166992
040437,0.968017578125,0.9680626392364502,1.0,0.9262373447418213
040438,0.703369140625,0.7059731483459473,0.8588406443595886,0.8517484664916992
040439,0.47265625,0.5417513251304626,0.3709116578102112,0.4861281216144562
040441,0.94140625,0.952070415019989,0.5162065625190735,0.6938457489013672
040442,0.940673828125,0.9499841928482056,0.5046601295471191,0.6420732736587524
040444,0.956298828125,0.9595639705657959,0.7169486284255981,0.7657396197319031
040446,0.959228515625,0.9597235321998596,0.8722942471504211,0.888781726360321
040447,0.947998046875,0.9528984427452087,0.6841284036636353,0.7631911039352417
040448,0.968017578125,0.968076229095459,1.0,0.8618188500404358
040449,0.499755859375,0.5557414889335632,0.4098700284957886,0.48716405034065247
040450,0.263671875,0.40019547939300537,0.17496776580810547,0.5725002884864807
040451,0.431884765625,0.4804031550884247,0.4763599932193756,0.6953181624412537
040452,0.261474609375,0.36552295088768005,0.22860826551914215,0.5788002014160156
040455,0.9673665165901184,0.9677474498748779,0.8748590350151062,0.8181763887405396
040456,0.947998046875,0.952735424041748,0.6841284036636353,0.6531221270561218
040457,0.962158203125,0.9625084400177002,0.8420895934104919,0.8031322360038757
040458,0.943115234375,0.9509372115135193,0.6126077175140381,0.6880300045013428
040459,0.9673665165901184,0.9677291512489319,0.8748590350151062,0.8976700901985168
040461,0.0,0.1976165771484375,0.0,0.41357991099357605
040462,0.567138671875,0.6402095556259155,0.37281090021133423,0.6198853850364685
040463,0.567138671875,0.6248230934143066,0.4261382520198822,0.5902802348136902
040464,0.701904296875,0.7099330425262451,0.5307213068008423,0.6703760027885437
040465,0.30078125,0.32834216952323914,0.5307213068008423,0.4323187470436096
040468,0.51953125,0.5472167730331421,0.3754834830760956,0.3310534954071045
040469,0.712158203125,0.7123918533325195,0.8569586873054504,0.7711648941040039
040470,0.706298828125,0.7098352313041687,0.7139173746109009,0.7528414130210876
040471,0.943115234375,0.9547264575958252,0.5359453558921814,0.7111480236053467
040473,0.966796875,0.9671359062194824,0.8748388290405273,0.7657206654548645
040476,0.34765625,0.3571902811527252,0.3358892798423767,0.6154093742370605
040477,0.956298828125,0.9589769244194031,1.0,0.8282092213630676
040478,0.967041015625,0.967471182346344,0.8122885227203369,0.7382471561431885
040479,0.9668782353401184,0.9675131440162659,0.7810032963752747,0.7484933733940125
040480,0.967041015625,0.9675514101982117,0.9284793138504028,0.9168891310691833
040481,0.9668782353401184,0.9673906564712524,0.7810032963752747,0.7002083659172058
040483,0.212890625,0.212890625,0.12984324991703033,0.10825283080339432
040484,0.953369140625,0.9562590718269348,0.912726640701294,0.9489511251449585
040485,0.962158203125,0.9625416994094849,0.8420895934104919,0.8454155325889587
040486,0.9507649540901184,0.9533769488334656,0.8898733854293823,0.8657033443450928
040489,0.44921875,0.5434494018554688,0.32727500796318054,0.5662983059883118
040490,0.393798828125,0.4474262595176697,0.5977610945701599,0.7917654514312744
040491,0.518798828125,0.5490516424179077,1.0,0.9218878149986267
040492,0.962158203125,0.9624810218811035,0.8420895934104919,0.7495527863502502
040495,0.606689453125,0.6422117948532104,0.5334192514419556,0.7222163677215576
040497,0.962158203125,0.9623605608940125,0.9625431895256042,0.9293652772903442
040498,0.5757649540901184,0.5810181498527527,0.5708760023117065,0.633617103099823
040499,0.510498046875,0.5146661996841431,0.49935534596443176,0.5391187071800232
040500,0.659423828125,0.6621204614639282,0.8254533410072327,0.7740494608879089
040502,0.4778645932674408,0.4848683774471283,0.4635950028896332,0.5560952425003052
040504,0.94140625,0.949170708656311,0.5162065625190735,0.5447933077812195
040507,0.9673665165901184,0.9677204489707947,1.0,0.8364195823669434
040509,0.9668782353401184,0.9672050476074219,0.7810032963752747,0.6831568479537964
040514,0.393798828125,0.4607688784599304,0.38908666372299194,0.6546280384063721
040515,0.3059895932674408,0.3992573916912079,0.23244215548038483,0.4896232783794403
040518,0.51953125,0.5975304245948792,0.3754834830760956,0.6991850137710571
040519,0.219970703125,0.32019999623298645,0.24530528485774994,0.6096371412277222
040520,0.9466145634651184,0.9532063603401184,0.6615661382675171,0.8690758347511292
040521,0.951904296875,0.959731936454773,0.7122209072113037,0.6939616203308105
040524,0.967041015625,0.9675173163414001,0.8122885227203369,0.8156843185424805
040525,0.9673665165901184,0.9677566885948181,0.8748590350151062,0.7309622764587402
040526,0.584228515625,0.5848156809806824,0.7139173746109009,0.8052869439125061
040527,0.706298828125,0.7105474472045898,0.7139173746109009,0.8543880581855774
040532,0.9507649540901184,0.9577247500419617,0.6379934549331665,0.7780857682228088
040533,0.968017578125,0.9680764079093933,1.0,0.9684122204780579
040534,0.962158203125,0.9626137018203735,0.8420895934104919,0.8530501127243042
040535,0.9673665165901184,0.9677247405052185,0.8748590350151062,0.7834487557411194
040536,0.388427734375,0.39386045932769775,0.3251410126686096,0.41910985112190247
040537,0.219970703125,0.3411169946193695,0.16052241623401642,0.6213060021400452
040538,0.706298828125,0.7099517583847046,0.6245770454406738,0.7816614508628845
040543,0.580322265625,0.627614438533783,0.4618985950946808,0.7026761770248413
040545,0.968017578125,0.9680771827697754,1.0,0.9617228507995605
040548,0.2774251401424408,0.4289095997810364,0.1687147468328476,0.547957181930542
040550,0.712158203125,0.7125981450080872,0.7497180104255676,0.7723937034606934
040551,0.953369140625,0.9602740406990051,0.7479812502861023,0.9072988629341125
040552,0.968017578125,0.9680479168891907,1.0,0.9353434443473816
040553,0.3599446713924408,0.44151771068573,0.3001289367675781,0.6346238255500793
040554,0.619873046875,0.6257763504981995,0.6602633595466614,0.8022790551185608
040559,0.959228515625,0.9597344398498535,0.7631344795227051,0.7819932699203491
040560,0.261474609375,0.3316784203052521,0.22860826551914215,0.4306493103504181
040562,0.431884765625,0.44905900955200195,0.390377938747406,0.3809826076030731
040563,0.633056640625,0.6341277956962585,0.715326726436615,0.619312584400177
040564,0.08203125,0.2193603515625,0.04692786931991577,0.16259950399398804
040566,0.23046875,0.3102581799030304,0.17581595480442047,0.30442777276039124
040568,0.44140625,0.44755151867866516,0.3754834830760956,0.46377047896385193
040570,0.300537109375,0.37799200415611267,0.2163846641778946,0.41614240407943726
040572,0.12109375,0.1954803466796875,0.10909166932106018,0.22880548238754272
040573,0.712158203125,0.712693452835083,0.7497180104255676,0.8275622725486755
040574,0.703369140625,0.7096558213233948,0.5620065331459045,0.7841474413871765
040575,0.490234375,0.5277252197265625,0.6884825229644775,0.73309326171875
040576,0.228759765625,0.33095017075538635,0.19749616086483002,0.4504331052303314
040577,0.962158203125,0.9625388979911804,0.8420895934104919,0.8666620254516602
040579,0.09375,0.19975586235523224,0.1821252405643463,0.5838744044303894
040580,0.51953125,0.5811467170715332,0.3284950852394104,0.5249050855636597
040581,0.701904296875,0.707270085811615,0.7402501106262207,0.6977196335792542
040582,0.9673665165901184,0.9678969979286194,0.8748590350151062,0.8929923176765442
040584,0.490234375,0.6001119613647461,0.3180091083049774,0.4537018835544586
040586,0.619873046875,0.6279307007789612,0.4733748733997345,0.7170781493186951
040587,0.9507649540901184,0.9566875696182251,0.6379934549331665,0.7311010360717773
040588,0.951171875,0.9561845064163208,0.6074502468109131,0.5837342143058777
040590,0.966796875,0.9673557281494141,0.8748388290405273,0.8191952705383301
040592,0.518798828125,0.6083878874778748,0.3251410126686096,0.5135692358016968
040593,0.568359375,0.576352059841156,0.3899376392364502,0.4774242341518402
040595,0.501953125,0.5160533785820007,0.3741941750049591,0.636440634727478
040596,0.953369140625,0.9595730900764465,0.7479812502861023,0.8630891442298889
040598,0.46875,0.478471577167511,0.29608190059661865,0.37346747517585754
040599,0.21875,0.28830718994140625,0.19272169470787048,0.4615532457828522
040600,0.712158203125,0.7125520706176758,0.7497180104255676,0.7496342062950134
040602,0.966796875,0.9674806594848633,0.7653606534004211,0.7927185297012329
040603,0.943115234375,0.9491906762123108,0.6126077175140381,0.6226043105125427
040605,0.260498046875,0.260498046875,0.9514426589012146,0.9514426589012146
040609,0.712158203125,0.7125005125999451,0.7497180104255676,0.7432729005813599
040610,0.584228515625,0.5849986672401428,0.6245770454406738,0.7956756353378296
040611,0.304931640625,0.3133125305175781,1.0,1.0
040614,0.947998046875,0.9531524181365967,0.5985158681869507,0.8063232898712158
040615,0.956298828125,0.960465133190155,0.7169486284255981,0.916941225528717
040616,0.2122395932674408,0.24535590410232544,0.23532335460186005,0.2626427114009857
040617,0.957763671875,0.9584834575653076,0.7236568927764893,0.8293495178222656
040618,0.968017578125,0.968076229095459,1.0,0.9370443224906921
040619,0.469970703125,0.47420260310173035,0.5407800078392029,0.580141007900238
040620,0.959228515625,0.9598532319068909,0.7631344795227051,0.8060332536697388
040621,0.9388020634651184,0.9452292323112488,0.6763683557510376,0.6764963269233704
040624,0.4375,0.525390625,0.30545666813850403,0.43548622727394104
040625,0.323974609375,0.39120540022850037,0.47805625200271606,0.674580454826355
040627,0.947998046875,0.9516422748565674,0.8348100185394287,0.7536979913711548
040630,0.956298828125,0.9577838182449341,1.0,0.8242616057395935
040631,0.323974609375,0.3907206654548645,0.3111700117588043,0.446880966424942
040633,0.959228515625,0.9597622752189636,0.7631344795227051,0.8725242018699646
040634,0.518798828125,0.579642117023468,0.3716495931148529,0.5346211791038513
040636,0.959228515625,0.9593647122383118,0.8722942471504211,0.6537036299705505
040637,0.197998046875,0.24434351921081543,0.6871474981307983,0.8010382652282715
040639,0.197998046875,0.324546217918396,0.13742950558662415,0.33946090936660767
040640,0.967041015625,0.967041015625,1.0,0.9392651915550232
040642,0.967041015625,0.9671600461006165,0.8122885227203369,0.6063079833984375
040643,0.966796875,0.9677401185035706,0.7653606534004211,0.7854759097099304
040646,0.712158203125,0.7125704288482666,0.7497180104255676,0.8552919626235962
040648,0.518798828125,0.5893216729164124,0.3716495931148529,0.6250479221343994
040649,0.951171875,0.9562004208564758,0.694340705871582,0.7159786820411682
040651,0.9673665165901184,0.9677523374557495,1.0,0.9544830918312073
040652,0.580322265625,0.6275733113288879,0.86592036485672,0.8872272372245789
040655,0.580322265625,0.6173982620239258,0.86592036485672,0.9075325131416321
040656,0.943115234375,0.9497786164283752,0.7475366592407227,0.7852708697319031
040657,0.091796875,0.22521406412124634,0.12626707553863525,0.451218843460083
040660,0.44921875,0.5190454721450806,0.5027986764907837,0.7716742157936096
040665,0.580322265625,0.629339873790741,0.5636333227157593,0.7656447887420654
040669,0.9375,0.945909321308136,0.4692787230014801,0.4313194751739502
040670,0.5757649540901184,0.5760200023651123,0.5708760023117065,0.4084860682487488
040671,0.946533203125,0.9530880451202393,0.6577322483062744,0.8148718476295471
040673,0.560546875,0.5829315185546875,0.4981783330440521,0.429411917924881
040674,0.455078125,0.5370602011680603,0.33298835158348083,0.5235203504562378
040675,0.712158203125,0.7126916646957397,0.7497180104255676,0.861175000667572
040676,0.703369140625,0.707974374294281,0.7838867902755737,0.7700173258781433
040677,0.953369140625,0.9589962959289551,0.7479812502861023,0.8263278007507324
040678,0.712158203125,0.7125806212425232,0.7497180104255676,0.7638766765594482
040679,0.9673665165901184,0.9676096439361572,0.8748590350151062,0.7475093603134155
040681,0.344482421875,0.3830564022064209,0.31885725259780884,0.3962734043598175
040682,0.951904296875,0.9555248618125916,0.8690900206565857,0.7855072021484375
040683,0.02083333395421505,0.0647786483168602,0.02390456385910511,0.07930953055620193
040684,0.374755859375,0.4438123106956482,0.5307213068008423,0.8246155977249146
040687,0.953369140625,0.9564611315727234,0.912726640701294,0.8318914175033569
040689,0.967041015625,0.9677335619926453,0.8122885227203369,0.8250957131385803
040692,0.956298828125,0.9611750841140747,0.7169486284255981,0.8108087182044983
040694,0.967041015625,0.9676336646080017,0.8122885227203369,0.7383192181587219
040697,0.568359375,0.5729270577430725,0.4457148313522339,0.4463254511356354
040698,0.946533203125,0.9564720988273621,0.6577322483062744,0.7578441500663757
040700,0.5757649540901184,0.581511378288269,0.5708760023117065,0.6455069184303284
040701,0.712158203125,0.7124118208885193,0.8569586873054504,0.7543200254440308
040702,0.431884765625,0.48113545775413513,0.390377938747406,0.5696107745170593
040703,0.228759765625,0.4048886001110077,0.12923716008663177,0.6227705478668213
040704,0.94140625,0.9495746493339539,0.5162065625190735,0.5287696123123169
040706,0.962158203125,0.9622937440872192,0.9625431895256042,0.9196973443031311
040709,0.0,0.0486111119389534,0.0,0.09325841069221497
040710,0.9673665165901184,0.9676884412765503,1.0,0.9135611653327942
040711,0.323974609375,0.4034073054790497,0.47805625200271606,0.7052017450332642
040713,0.968017578125,0.9680594801902771,1.0,0.9434916973114014
040714,0.712158203125,0.7125707864761353,0.7497180104255676,0.79986971616745
040715,0.968017578125,0.9680601358413696,1.0,0.9001354575157166
040716,0.9673665165901184,0.9679009914398193,0.8748590350151062,0.8628635406494141
040717,0.3125,0.3210325241088867,0.2682024836540222,0.3499775230884552
040719,0.9507649540901184,0.9559658169746399,0.7292529344558716,0.7442138195037842
040720,0.957763671875,0.9580283164978027,0.8271697163581848,0.7932910919189453
040721,0.3125,0.3220332860946655,0.32727500796318054,0.4850906729698181
040722,0.953369140625,0.957953691482544,0.912726640701294,0.8438123464584351
040724,0.499755859375,0.5491868853569031,0.629690945148468,0.5953414440155029
040726,0.9673665165901184,0.9677035808563232,1.0,0.9687212705612183
040727,0.951904296875,0.9547973871231079,0.7122209072113037,0.7082691192626953
040728,0.9668782353401184,0.9672390222549438,0.892719030380249,0.797231137752533
040730,0.508056640625,0.508781909942627,0.7131452560424805,0.7225252985954285
040731,0.962158203125,0.9624845385551453,0.9625431895256042,0.9472606778144836
040733,0.9668782353401184,0.9674358367919922,0.7810032963752747,0.8681128621101379
040735,0.9507649540901184,0.9543860554695129,0.7292529344558716,0.6727131009101868
040736,0.968017578125,0.9680548906326294,1.0,0.9510366916656494
040737,0.9668782353401184,0.9674986004829407,0.892719030380249,0.9573824405670166
040738,0.968017578125,0.96805340051651,1.0,0.8529495596885681
040740,0.431884765625,0.4697043001651764,0.390377938747406,0.4758879244327545
040741,0.584228515625,0.5848124623298645,0.7139173746109009,0.7325102686882019
040743,0.712158203125,0.7125372290611267,0.7497180104255676,0.8585919737815857
040744,0.450927734375,0.4585372805595398,0.39804574847221375,0.5586482286453247
040745,0.5694172978401184,0.5762293338775635,0.5657033920288086,0.6303158402442932
040746,0.943115234375,0.9547704458236694,0.5359453558921814,0.8361104726791382
040747,0.146728515625,0.24646461009979248,0.3012597858905792,0.6439928412437439
040748,0.659423828125,0.6614140272140503,0.6764605641365051,0.5811761617660522
040750,0.633056640625,0.6399116516113281,0.5862115621566772,0.7005608081817627
040752,0.943359375,0.9501901268959045,0.7371450066566467,0.8978689908981323
040753,0.9444172978401184,0.9518183469772339,0.6219719052314758,0.6936689019203186
040755,0.943115234375,0.9514186382293701,0.5359453558921814,0.683989942073822
040756,0.505615234375,0.5122600793838501,0.427834689617157,0.44974297285079956
040758,0.606689453125,0.633290708065033,0.46666663885116577,0.45112085342407227
040759,0.567138671875,0.6125425100326538,0.4261382520198822,0.638171911239624
040760,0.968017578125,0.9680565595626831,1.0,0.9286856651306152
040761,0.94140625,0.9498300552368164,0.5162065625190735,0.5515390038490295
040762,0.703369140625,0.706827700138092,0.6423966884613037,0.640102207660675
040764,0.959228515625,0.9596686363220215,0.8722942471504211,0.9153996109962463
040765,0.659423828125,0.663590133190155,0.5918076038360596,0.7524378895759583
040766,0.953369140625,0.958876371383667,0.7479812502861023,0.7707148194313049
040767,0.967041015625,0.9676424264907837,0.8122885227203369,0.8196605443954468
040768,0.9668782353401184,0.9674261808395386,0.892719030380249,0.9151620864868164
040771,0.44140625,0.45248135924339294,0.3284950852394104,0.5193502306938171
040773,0.393798828125,0.4715914726257324,0.38908666372299194,0.735511302947998
040774,0.9466145634651184,0.9533436894416809,0.5787770748138428,0.5960507988929749
040775,0.9673665165901184,0.9678927063941956,0.8748590350151062,0.8975603580474854
040776,0.32421875,0.3310321867465973,0.25437816977500916,0.2996535897254944
040777,0.701904296875,0.7087096571922302,0.5307213068008423,0.8041290640830994
040779,0.959228515625,0.9600058794021606,0.7631344795227051,0.8807834386825562
040780,0.5757649540901184,0.5786123871803284,0.49943602085113525,0.4291713535785675
040781,0.9673665165901184,0.967898428440094,0.8748590350151062,0.8957905173301697
040783,0.706298828125,0.7098076939582825,0.7139173746109009,0.8013269305229187
040785,0.580322265625,0.624641478061676,0.5636333227157593,0.7261769771575928
040786,0.951171875,0.9541560411453247,0.8472716808319092,0.7775752544403076
040788,0.4375,0.5176856517791748,0.2503223121166229,0.34456783533096313
040789,0.968017578125,0.9680772423744202,1.0,0.8398785591125488
040790,0.968017578125,0.9680653214454651,1.0,0.9831938743591309
040791,0.580322265625,0.6323742270469666,0.4040961265563965,0.6332674622535706
040792,0.39453125,0.40306997299194336,0.37281090021133423,0.6095238327980042
040793,0.2774251401424408,0.35966765880584717,0.5188971757888794,0.79361891746521
040794,0.966796875,0.9674150347709656,0.7653606534004211,0.6568854451179504
040795,0.488037109375,0.5480810403823853,0.398443341255188,0.516674816608429
040796,0.571533203125,0.579430878162384,0.43686550855636597,0.6094235181808472
040797,0.197998046875,0.197998046875,0.8145672082901001,0.7543256282806396
040798,0.940673828125,0.951640248298645,0.5046601295471191,0.6604737639427185
040799,0.4375,0.4904678463935852,0.5419421792030334,0.8083614110946655
040800,0.659423828125,0.6621162295341492,0.5918076038360596,0.5638839602470398
040801,0.46875,0.4838317632675171,0.3384338617324829,0.5778639912605286
040803,0.9444172978401184,0.9519698023796082,0.6219719052314758,0.6616284847259521
040804,0.9673665165901184,0.9677804708480835,1.0,0.952385663986206
040805,0.5757649540901184,0.5792064070701599,0.6966133713722229,0.7607277035713196
040807,0.953369140625,0.9575291872024536,0.6543781161308289,0.6996111273765564
040808,0.946533203125,0.9554278254508972,0.575423002243042,0.6122608780860901
040809,0.146728515625,0.32124000787734985,0.11196307837963104,0.5702123045921326
040810,0.701171875,0.7064840793609619,0.5150786638259888,0.5549749135971069
040814,0.712158203125,0.7125276327133179,0.8569586873054504,0.8674360513687134
040815,0.9444172978401184,0.9518557190895081,0.6219719052314758,0.8434737324714661
040816,0.968017578125,0.9680764079093933,1.0,0.9353167414665222
040817,0.953369140625,0.9578754901885986,0.6543781161308289,0.6764394640922546
040819,0.947998046875,0.956053614616394,0.5985158681869507,0.7893713712692261
040820,0.619873046875,0.6270152926445007,0.5410870313644409,0.6918702125549316
040822,0.505615234375,0.51728755235672,0.37429502606391907,0.7049837112426758
040823,0.531982421875,0.5931867361068726,0.3482339084148407,0.5687338709831238
040824,0.09375,0.2870510220527649,0.0904926061630249,0.4347665309906006
040825,0.966796875,0.966796875,0.8748388290405273,0.7897025942802429
040826,0.490234375,0.5335769653320312,0.3180091083049774,0.4051962196826935
040829,0.556884765625,0.6101614236831665,0.4431702494621277,0.7161985039710999
040830,0.968017578125,0.9680631160736084,1.0,0.966887891292572
040831,0.946533203125,0.9542445540428162,0.575423002243042,0.659303605556488
040833,0.968017578125,0.9680618047714233,1.0,0.9757222533226013
040835,0.9507649540901184,0.957718014717102,0.7292529344558716,0.9052655696868896
040841,0.962158203125,0.9623432755470276,0.9625431895256042,0.8108190298080444
040844,0.556884765625,0.6067959666252136,0.3877114951610565,0.5039522051811218
040845,0.9507649540901184,0.9537113904953003,0.8898733854293823,0.9573593139648438
040848,0.261474609375,0.34786081314086914,0.20000000298023224,0.41801735758781433
040851,0.166259765625,0.3039585053920746,0.14805001020431519,0.48838064074516296
040852,0.197998046875,0.31645870208740234,0.2100154310464859,0.5544899106025696
040853,0.968017578125,0.9680765271186829,1.0,0.9498496651649475
040855,0.968017578125,0.9680571556091309,1.0,0.839713990688324
040857,0.659423828125,0.6617258191108704,0.8254533410072327,0.7423038482666016
040859,0.957763671875,0.9584231376647949,0.7236568927764893,0.7511434555053711
040861,0.962158203125,0.9626901149749756,0.8420895934104919,0.9362803101539612
040864,0.505615234375,0.5109023451805115,0.5719858407974243,0.6410500407218933
040865,0.9668782353401184,0.9674049615859985,0.892719030380249,0.8845905065536499
040866,0.940673828125,0.9475371837615967,0.7038999795913696,0.8282886743545532
040867,0.9668782353401184,0.9672644138336182,0.892719030380249,0.8804645538330078
040869,0.968017578125,0.968062698841095,1.0,0.9243592619895935
040870,0.490234375,0.549393892288208,0.5961710214614868,0.7048988342285156
040871,0.490234375,0.555904746055603,0.6884825229644775,0.8140049576759338
040872,0.701904296875,0.7056888341903687,0.7402501106262207,0.7679240107536316
040873,0.968017578125,0.9680376052856445,1.0,0.9023988842964172
040874,0.568359375,0.5785874724388123,0.3899376392364502,0.5813754796981812
040875,0.968017578125,0.968054473400116,1.0,0.9301303029060364
040876,0.968017578125,0.9680550694465637,1.0,0.9088129997253418
040877,0.703369140625,0.7075282335281372,0.7838867902755737,0.8060363531112671
040878,0.946533203125,0.9527899026870728,0.575423002243042,0.6466401815414429
040879,0.968017578125,0.9680625796318054,1.0,0.9495323896408081
040880,0.943115234375,0.9499196410179138,0.7475366592407227,0.6992714405059814
040881,0.9673665165901184,0.9677402377128601,0.8748590350151062,0.9162324666976929
040883,0.9668782353401184,0.9677817821502686,0.7810032963752747,0.9325764775276184
040884,0.939453125,0.9472206830978394,0.6820816993713379,0.7286714911460876
040885,0.567138671875,0.6170485615730286,0.4261382520198822,0.6114774942398071
040887,0.962158203125,0.9626359939575195,0.8420895934104919,0.938331127166748
040889,0.166259765625,0.30208349227905273,0.1061442568898201,0.30173009634017944
040891,0.9375,0.9481657147407532,0.5364049673080444,0.6801632642745972
040892,0.9668782353401184,0.967758297920227,0.7810032963752747,0.8598501682281494
040893,0.9673665165901184,0.9678913950920105,0.8748590350151062,0.8996140360832214
040894,0.9673665165901184,0.9678508639335632,0.8748590350151062,0.9027453660964966
040895,0.556884765625,0.6006346940994263,0.4431702494621277,0.5797569155693054
040896,0.9507649540901184,0.9533658623695374,0.8898733854293823,0.7683145999908447
040897,0.966796875,0.9671576619148254,0.7653606534004211,0.6805128455162048
040898,0.431884765625,0.48102307319641113,0.4763599932193756,0.6884317398071289
040899,0.706298828125,0.7098013162612915,0.871160089969635,0.8711085915565491
040900,0.3599446713924408,0.41208207607269287,0.3001289367675781,0.46342119574546814
040901,0.510498046875,0.5176237225532532,0.49935534596443176,0.6596530079841614
040902,0.510498046875,0.5111846923828125,0.6676040887832642,0.6964401602745056
040905,0.962158203125,0.9624070525169373,0.9625431895256042,0.8232797384262085
040906,0.09375,0.1733822226524353,0.1821252405643463,0.5167820453643799
040907,0.95703125,0.9572949409484863,0.8665862679481506,0.8287888765335083
040908,0.9388020634651184,0.942166805267334,0.48492133617401123,0.4485865533351898
040911,0.967041015625,0.9675273299217224,0.8122885227203369,0.7945874929428101
040912,0.968017578125,0.9680618047714233,1.0,0.9647266864776611
040913,0.956298828125,0.9598826766014099,1.0,0.9620420336723328
040914,0.39453125,0.4007651209831238,0.4261382520198822,0.5369609594345093
040915,0.518798828125,0.546136736869812,0.8046129941940308,0.6779007911682129
040916,0.567138671875,0.6402427554130554,0.37281090021133423,0.6402345299720764
040917,0.47265625,0.48474547266960144,0.3430097699165344,0.386871337890625
040919,0.712158203125,0.7124428749084473,0.8569586873054504,0.8398683667182922
040920,0.946533203125,0.9541849493980408,0.6577322483062744,0.6969613432884216
040922,0.510498046875,0.5138252973556519,0.49935534596443176,0.49529939889907837
040923,0.510498046875,0.5177427530288696,0.43686550855636597,0.6975390315055847
040925,0.962158203125,0.9625015258789062,0.8420895934104919,0.9121766686439514
040927,0.968017578125,0.9680637717247009,1.0,0.9715990424156189
040928,0.146728515625,0.25269266963005066,0.2098969668149948,0.5565509796142578
040929,0.344482421875,0.4159364700317383,0.2789551615715027,0.4927231967449188
040931,0.2044270783662796,0.31494787335395813,0.15272833406925201,0.39208102226257324
040933,0.263671875,0.3796643018722534,0.17496776580810547,0.4047849774360657
040934,0.967041015625,0.96782386302948,0.8122885227203369,0.9560953378677368
040940,0.946533203125,0.9564071893692017,0.7083972692489624,0.8895334601402283
040942,0.32421875,0.33253270387649536,0.25437816977500916,0.3917452096939087
040943,0.968017578125,0.9680548310279846,1.0,0.7917398810386658
040944,0.968017578125,0.9680761098861694,1.0,0.8346359133720398
040945,0.967041015625,0.9676998257637024,0.8122885227203369,0.8463831543922424
040947,0.9388020634651184,0.9464544057846069,0.5542851090431213,0.5677482485771179
040948,0.967041015625,0.9678007960319519,0.8122885227203369,0.7279406189918518
040949,0.968017578125,0.968058705329895,1.0,0.9725735187530518
040950,0.571533203125,0.577936589717865,0.49935534596443176,0.7218347787857056
040951,0.968017578125,0.968058705329895,1.0,0.9028180837631226
040952,0.260498046875,0.32637327909469604,0.22389668226242065,0.3795430064201355
040953,0.633056640625,0.6343955993652344,0.7837249636650085,0.7963072061538696
040958,0.450927734375,0.4569056034088135,0.3482339084148407,0.36100953817367554
040959,0.951904296875,0.9553130865097046,0.7122209072113037,0.6412341594696045
040961,0.946533203125,0.9527291655540466,0.8026000261306763,0.8969066739082336
040964,0.946533203125,0.9544194936752319,0.575423002243042,0.7768480181694031
040968,0.61328125,0.6151614189147949,0.6932323575019836,0.6978758573532104
040970,0.953369140625,0.9596511721611023,0.6543781161308289,0.8815568089485168
040972,0.959228515625,0.9592801928520203,0.7631344795227051,0.553570568561554
040973,0.278564453125,0.3135404586791992,0.25817668437957764,0.2768140435218811
040975,0.701171875,0.7081451416015625,0.5150786638259888,0.641521155834198
040976,0.953369140625,0.9582382440567017,0.7479812502861023,0.7508112788200378
040979,0.091796875,0.20215770602226257,0.05832258611917496,0.1893339306116104
040981,0.531982421875,0.5685821175575256,0.48571667075157166,0.5398121476173401
040984,0.947998046875,0.9559580087661743,0.5985158681869507,0.6739251017570496
040985,0.968017578125,0.9680566191673279,1.0,0.9287266135215759
040986,0.633056640625,0.6381586790084839,0.5128524899482727,0.5464462637901306
040988,0.9507649540901184,0.955630898475647,0.6379934549331665,0.7497851848602295
040990,0.9673665165901184,0.9677079916000366,0.8748590350151062,0.8682454824447632
040991,0.946533203125,0.9542156457901001,0.575423002243042,0.8143937587738037
040992,0.968017578125,0.9680768847465515,1.0,0.9072940945625305
040994,0.703369140625,0.7060589790344238,0.8588406443595886,0.8364717364311218
040995,0.943115234375,0.9477795362472534,0.9313938021659851,0.9590070247650146
040996,0.957763671875,0.9579339027404785,0.7236568927764893,0.5786594152450562
040997,0.9673665165901184,0.9676675796508789,1.0,0.878363847732544
040999,0.967041015625,0.9675906896591187,0.8122885227203369,0.8910528421401978
041000,0.21875,0.28757935762405396,0.2217511385679245,0.4787653386592865
041001,0.212890625,0.37330079078674316,0.11359453201293945,0.4937240183353424
041002,0.953369140625,0.9550139307975769,0.912726640701294,0.7083751559257507
041004,0.946533203125,0.9556311964988708,0.575423002243042,0.7974647283554077
041007,0.450927734375,0.4626672565937042,0.3482339084148407,0.6478183269500732
041008,0.4778645932674408,0.4812262952327728,0.5657033920288086,0.5529536604881287
041009,0.110107421875,0.27435892820358276,0.09298666566610336,0.5258630514144897
041010,0.488037109375,0.556531548500061,0.3265250623226166,0.4399019181728363
041011,0.9388020634651184,0.947370171546936,0.48492133617401123,0.5096247792243958
041013,0.51953125,0.5830669403076172,0.3754834830760956,0.6405048370361328
041015,0.968017578125,0.9680604934692383,1.0,0.9598332643508911
041016,0.469970703125,0.478145956993103,0.4431702494621277,0.652151882648468
041020,0.9673665165901184,0.9678075313568115,0.8748590350151062,0.8232172131538391
041022,0.959228515625,0.959743082523346,0.7631344795227051,0.8642787337303162
041023,0.968017578125,0.9680768251419067,1.0,0.8468896150588989
041024,0.08203125,0.11121368408203125,0.06545499712228775,0.10929014533758163
041025,0.166259765625,0.3061602711677551,0.1061442568898201,0.4518130421638489
041026,0.9466145634651184,0.9528873562812805,0.5787770748138428,0.7579355239868164
041029,0.956298828125,0.957621693611145,1.0,0.8503066301345825
041031,0.953369140625,0.9562464356422424,0.912726640701294,0.8737338781356812
041032,0.2044270783662796,0.2839091420173645,0.2709710896015167,0.48853781819343567
041033,0.520263671875,0.5211305618286133,0.5620065331459045,0.5404196977615356
041034,0.959228515625,0.9598437547683716,0.7631344795227051,0.7877703905105591
041035,0.366455078125,0.37530118227005005,0.398443341255188,0.5816168785095215
041036,0.9444172978401184,0.9558664560317993,0.6219719052314758,0.7473167181015015
041037,0.393798828125,0.4516777992248535,0.42629045248031616,0.6605267524719238
041038,0.567138671875,0.5874989628791809,0.9225797057151794,0.8472061157226562
041040,0.469970703125,0.4780539870262146,0.3877114951610565,0.6879481673240662
041041,0.967041015625,0.9677368402481079,0.8122885227203369,0.8632818460464478
041042,0.518798828125,0.5680403709411621,0.4535067081451416,0.5007440447807312
041045,0.9668782353401184,0.9676690101623535,0.7810032963752747,0.7361318469047546
041050,0.9668782353401184,0.9675657153129578,0.7810032963752747,0.789953351020813
041052,0.9673665165901184,0.9678125977516174,0.8748590350151062,0.8575084805488586
041056,0.701171875,0.7047659158706665,0.7184317708015442,0.7572975158691406
041057,0.261474609375,0.3359706997871399,0.20000000298023224,0.49242210388183594
041059,0.580322265625,0.6189319491386414,0.5636333227157593,0.5903723239898682
041060,0.197998046875,0.29008233547210693,0.1916866898536682,0.38330334424972534
041062,0.703369140625,0.7102413773536682,0.6423966884613037,0.763245165348053
041063,0.953369140625,0.9592059850692749,0.7479812502861023,0.8565390706062317
041064,0.488037109375,0.5916814208030701,0.398443341255188,0.6440805792808533
041065,0.953369140625,0.9562596678733826,0.912726640701294,0.78759765625
041069,0.939453125,0.9480506777763367,0.489017516374588,0.541476845741272
041070,0.08984375,0.18369922041893005,0.07620275020599365,0.1922348439693451
041071,0.503173828125,0.5114390850067139,0.4784300625324249,0.6266605257987976
041073,0.966796875,0.9669433832168579,0.7653606534004211,0.7445405721664429
041074,0.9507649540901184,0.9569675326347351,0.7292529344558716,0.779676079750061
041076,0.584228515625,0.5847802758216858,0.7139173746109009,0.7624508142471313
041077,0.703369140625,0.709067702293396,0.5620065331459045,0.7135809063911438
041079,0.261474609375,0.3386174738407135,0.22860826551914215,0.41817089915275574
041080,0.1875,0.30798643827438354,0.14342738687992096,0.5029513239860535
041081,0.9444172978401184,0.9492077827453613,0.9456308484077454,0.9794845581054688
041082,0.3599446713924408,0.4265156388282776,0.36623337864875793,0.6258185505867004
041083,0.3599446713924408,0.41442227363586426,0.6497723460197449,0.8302575349807739
041084,0.219970703125,0.3201553225517273,0.22389668226242065,0.6005429625511169
041085,0.499755859375,0.5522726774215698,0.4098700284957886,0.5323357582092285
041086,0.393798828125,0.4548346698284149,0.38908666372299194,0.6047096848487854
041087,0.968017578125,0.9680265188217163,1.0,0.7549000978469849
041088,0.94140625,0.9517163634300232,0.5162065625190735,0.6786868572235107
041092,0.606689453125,0.6264814734458923,1.0,0.9568338394165039
041095,0.962158203125,0.9624335765838623,0.9625431895256042,0.8955137133598328
041096,0.9444172978401184,0.9547329545021057,0.6219719052314758,0.7965201139450073
041099,0.466064453125,0.5855690836906433,0.25437816977500916,0.46845030784606934
041100,0.956298828125,0.9610812067985535,0.7169486284255981,0.796453058719635
041101,0.508056640625,0.5115162134170532,0.6509066820144653,0.6474117636680603
041102,0.3059895932674408,0.37934109568595886,0.23244215548038483,0.40191367268562317
041105,0.706298828125,0.7110658288002014,0.7139173746109009,0.8597891330718994
041109,0.261474609375,0.331659734249115,0.20000000298023224,0.44290891289711
041112,0.499755859375,0.5874419212341309,0.293855756521225,0.48361068964004517
041113,0.953369140625,0.9582264423370361,0.6543781161308289,0.7264743447303772
041114,0.712158203125,0.7126899361610413,0.7497180104255676,0.7480968832969666
041115,0.9673665165901184,0.9678012132644653,0.8748590350151062,0.9153378009796143
041116,0.967041015625,0.9674803018569946,0.8122885227203369,0.8376860022544861
041117,0.9507649540901184,0.957695484161377,0.7292529344558716,0.8421576619148254
041118,0.510498046875,0.5186247825622559,0.43686550855636597,0.7450539469718933
041119,0.490234375,0.535341203212738,0.6884825229644775,0.8674963116645813
041122,0.393798828125,0.46281614899635315,0.2789551615715027,0.577093243598938
041125,0.219970703125,0.34189897775650024,0.16052241623401642,0.60869961977005
041126,0.518798828125,0.5851783752441406,0.3716495931148529,0.5953263640403748
041127,0.278564453125,0.31169643998146057,0.25817668437957764,0.2523522973060608
041135,0.567138671875,0.6228638291358948,0.5199966430664062,0.7163486480712891
041136,0.967041015625,0.9675694108009338,0.8122885227203369,0.9440596103668213
041141,0.967041015625,0.9675438404083252,0.8122885227203369,0.893650233745575
041142,0.951171875,0.9561890363693237,0.8472716808319092,0.9693605899810791
041143,0.14453125,0.23992833495140076,0.12132726609706879,0.33357325196266174
041145,0.659423828125,0.6617249846458435,0.8254533410072327,0.6987667679786682
041146,0.951904296875,0.957857608795166,0.8690900206565857,0.9563140869140625
041148,0.9444172978401184,0.9540587067604065,0.6219719052314758,0.7188979387283325
041149,0.450927734375,0.45716720819473267,0.5321600437164307,0.6536563634872437
041152,0.323974609375,0.3902573585510254,0.3111700117588043,0.48192116618156433
041153,0.956298828125,0.9597392678260803,0.8195018768310547,0.9191311597824097
041154,0.580322265625,0.5923728942871094,1.0,0.847206175327301
041155,0.23828125,0.3274686634540558,0.2446610927581787,0.5266593098640442
041156,0.344482421875,0.3491172790527344,0.7482483983039856,0.7570297122001648
041157,0.3599446713924408,0.40874913334846497,0.5626510977745056,0.6791791915893555
041158,0.659423828125,0.6618112325668335,0.8254533410072327,0.8121307492256165
041160,0.518798828125,0.5582051277160645,0.8046129941940308,0.9225181341171265
041164,0.957763671875,0.9583276510238647,0.8271697163581848,0.8443825244903564
041165,0.943115234375,0.9534875154495239,0.6126077175140381,0.7906020879745483
041168,0.953369140625,0.9581112861633301,0.7479812502861023,0.7562753558158875
041169,0.9668782353401184,0.9676283597946167,0.7810032963752747,0.7645899653434753
041170,0.505615234375,0.5116024017333984,0.5220667123794556,0.5794497728347778
041171,0.953369140625,0.9573177695274353,0.912726640701294,0.9474371075630188
041175,0.956298828125,0.9592739343643188,0.8195018768310547,0.8388553261756897
041176,0.966796875,0.9672470092773438,0.8748388290405273,0.8426002860069275
041178,0.499755859375,0.5826013684272766,0.3358892798423767,0.7221873998641968
041179,0.510498046875,0.5163862705230713,0.49935534596443176,0.7065200209617615
041182,0.959228515625,0.9596024751663208,0.8722942471504211,0.8140267133712769
041184,0.432373046875,0.43853145837783813,0.4618985950946808,0.6029217839241028
041185,0.966796875,0.9671540260314941,0.7653606534004211,0.5425615310668945
041188,0.956298828125,0.960565447807312,0.8195018768310547,0.8504413366317749
041189,0.9375,0.9479337334632874,0.4692787230014801,0.682767391204834
041191,0.518798828125,0.5770923495292664,0.4535067081451416,0.5368887186050415
041192,0.951904296875,0.9559297561645508,0.6230928897857666,0.5830157399177551
041193,0.966796875,0.967215359210968,0.8748388290405273,0.7397223114967346
041194,0.967041015625,0.9677039980888367,0.8122885227203369,0.9075897932052612
041196,0.5757649540901184,0.5787267088890076,0.6966133713722229,0.7465736269950867
041197,0.466064453125,0.543843150138855,0.5450960993766785,0.7692933678627014
041198,0.659423828125,0.6642049551010132,0.6764605641365051,0.8152115345001221
041200,0.584228515625,0.584228515625,0.7689103484153748,0.7689103484153748
041201,0.701904296875,0.7031402587890625,0.5307213068008423,0.40071767568588257
041202,0.560546875,0.607574462890625,0.4981783330440521,0.5815397500991821
041203,0.706298828125,0.7091788649559021,0.871160089969635,0.7875751256942749
041204,0.959228515625,0.9598162174224854,0.7631344795227051,0.8273115754127502
041205,0.432373046875,0.43458354473114014,0.4040961265563965,0.35633230209350586
041207,0.3599446713924408,0.4410065710544586,0.36623337864875793,0.6778084635734558
041208,0.946533203125,0.9545873403549194,0.8026000261306763,0.8852664232254028
041209,0.946533203125,0.9488862752914429,1.0,0.9320523738861084
041210,0.956298828125,0.9602653980255127,0.7169486284255981,0.825225293636322
041213,0.388427734375,0.39721035957336426,0.3716495931148529,0.6538149118423462
041214,0.518798828125,0.609734058380127,0.3716495931148529,0.678411066532135
041216,0.94140625,0.94140625,0.6354966163635254,0.6354966163635254
041217,0.520263671875,0.5208237767219543,0.6423966884613037,0.666485607624054
041219,0.968017578125,0.968063473701477,1.0,0.8421393632888794
041220,0.9673665165901184,0.9677278995513916,1.0,0.9053024053573608
041221,0.300537109375,0.300537109375,0.6655102372169495,0.5565316081047058
041222,0.962158203125,0.9624819159507751,0.9625431895256042,0.8871555924415588
041223,0.531982421875,0.5788506269454956,0.39804574847221375,0.48613739013671875
041225,0.9673665165901184,0.9677103757858276,1.0,0.9221398234367371
041226,0.703369140625,0.7073688507080078,0.7838867902755737,0.7967806458473206
041227,0.951904296875,0.9598602056503296,0.6230928897857666,0.7420973777770996
041229,0.490234375,0.561887800693512,0.27821314334869385,0.4265201985836029
041230,0.706298828125,0.7097575068473816,0.6245770454406738,0.7197657227516174
041231,0.44140625,0.4447721540927887,0.501995861530304,0.5349225997924805
041232,0.953369140625,0.9563825726509094,0.912726640701294,0.7758722305297852
041233,0.943359375,0.9508200883865356,0.5284951329231262,0.601951003074646
041234,0.701171875,0.7083107829093933,0.5887562036514282,0.7845709919929504
041235,0.212890625,0.3369845449924469,0.12984324991703033,0.4224071502685547
041239,0.197998046875,0.3033446669578552,0.13742950558662415,0.4216717481613159
041240,0.263671875,0.29533302783966064,0.23391999304294586,0.2876952886581421
041241,0.9673665165901184,0.9677594304084778,0.8748590350151062,0.8611001372337341
041242,0.956298828125,0.9598538875579834,0.7169486284255981,0.6692875027656555
041243,0.953369140625,0.9571957588195801,0.7479812502861023,0.6475292444229126
041248,0.94140625,0.9468644261360168,0.7888506054878235,0.8100103735923767
041252,0.490234375,0.590239942073822,0.38805168867111206,0.7546592950820923
041255,0.9507649540901184,0.9577794075012207,0.6379934549331665,0.8360510468482971
041257,0.9673665165901184,0.9677377939224243,0.8748590350151062,0.80225670337677
041258,0.556884765625,0.5954169034957886,0.5407800078392029,0.7116100192070007
041259,0.619873046875,0.623875081539154,0.6602633595466614,0.7272162437438965
041261,0.508056640625,0.5138797760009766,0.46666663885116577,0.6561487913131714
041262,0.946533203125,0.9532084465026855,0.6577322483062744,0.8366186618804932
041263,0.703369140625,0.7096201777458191,0.6423966884613037,0.8145463466644287
041264,0.946533203125,0.9542080760002136,0.575423002243042,0.6365863680839539
041265,0.455078125,0.455078125,0.5115761756896973,0.3001406192779541
041267,0.146728515625,0.2305888682603836,0.24239754676818848,0.4765163064002991
041268,0.3125,0.3221770226955414,0.23463936150074005,0.3675500452518463
041269,0.962158203125,0.9624782204627991,0.8420895934104919,0.7605339288711548
041270,0.956298828125,0.9566078186035156,1.0,0.949250340461731
041271,0.968017578125,0.9680505394935608,1.0,0.9225696325302124
041272,0.943115234375,0.9522290825843811,0.6126077175140381,0.8111162781715393
041273,0.94140625,0.9538801312446594,0.5162065625190735,0.7955325245857239
041274,0.953369140625,0.9588562250137329,0.7479812502861023,0.8989232182502747
041275,0.228759765625,0.3232016861438751,0.18026001751422882,0.33963578939437866
041276,0.956298828125,0.9603247046470642,0.8195018768310547,0.9222193956375122
041278,0.366455078125,0.37619730830192566,0.3265250623226166,0.49901479482650757
041279,0.499755859375,0.5767368674278259,0.4098700284957886,0.6603702306747437
041280,0.956298828125,0.9576197862625122,0.7169486284255981,0.5824731588363647
041281,0.633056640625,0.63749098777771,0.5862115621566772,0.6302199363708496
041282,0.21875,0.28198808431625366,0.15793579816818237,0.2703295648097992
041283,0.962158203125,0.962479293346405,0.9625431895256042,0.8846811652183533
041284,0.228759765625,0.40052422881126404,0.19749616086483002,0.6304256916046143
041285,0.48828125,0.48881620168685913,0.5307213068008423,0.5457246899604797
041286,0.951904296875,0.9574229717254639,0.7122209072113037,0.8271621465682983
041287,0.968017578125,0.9680635333061218,1.0,0.9152896404266357
041288,0.23828125,0.26922607421875,0.2446610927581787,0.2731885313987732
041289,0.953369140625,0.9579468369483948,0.912726640701294,0.9033724069595337
041290,0.228759765625,0.33455023169517517,0.276936799287796,0.7023478150367737
041291,0.706298828125,0.7097467184066772,0.7139173746109009,0.6995565295219421
041293,0.706298828125,0.7100590467453003,0.7139173746109009,0.8476247191429138
041295,0.9668782353401184,0.9673832058906555,0.892719030380249,0.8950908780097961
041297,0.197998046875,0.34696847200393677,0.13742950558662415,0.3437274396419525
041298,0.393798828125,0.445557177066803,0.2789551615715027,0.39602646231651306
041299,0.968017578125,0.9680423140525818,1.0,0.8475543856620789
041300,0.9668782353401184,0.9676256775856018,0.7810032963752747,0.8158605694770813
041304,0.940673828125,0.9526293873786926,0.5768473744392395,0.7670766115188599
041305,0.951904296875,0.9567528963088989,0.7122209072113037,0.7235747575759888
041306,0.947998046875,0.9524717926979065,0.8348100185394287,0.8334916830062866
041309,0.9388020634651184,0.9482415914535522,0.48492133617401123,0.6264061331748962
041310,0.531982421875,0.5745985507965088,0.3482339084148407,0.4375940263271332
041311,0.5757649540901184,0.5827186703681946,0.49943602085113525,0.7125794887542725
041312,0.712158203125,0.7124395966529846,0.8569586873054504,0.8380944728851318
041313,0.466064453125,0.5461031198501587,0.35480669140815735,0.5645988583564758
041314,0.47265625,0.47722309827804565,0.3920743465423584,0.4012095630168915
041315,0.9388020634651184,0.9463334083557129,0.48492133617401123,0.6122032999992371
041316,0.968017578125,0.9680764675140381,1.0,0.8462210297584534
041317,0.962158203125,0.9625023007392883,0.9625431895256042,0.8694512844085693
041318,0.9673665165901184,0.9678931832313538,0.8748590350151062,0.8796050548553467
041319,0.505615234375,0.5150488615036011,0.427834689617157,0.6537511944770813
041322,0.951904296875,0.9585766196250916,0.7122209072113037,0.8002299070358276
041323,0.951171875,0.9558501839637756,0.6074502468109131,0.5699962377548218
041324,0.300537109375,0.37538981437683105,0.24733662605285645,0.5520238280296326
041325,0.701904296875,0.7072671055793762,0.6066363453865051,0.735458254814148
041327,0.12109375,0.20648956298828125,0.10909166932106018,0.2537897527217865
041329,0.501953125,0.516103982925415,0.3741941750049591,0.6004030704498291
041332,0.166259765625,0.2823174297809601,0.12132726609706879,0.440373033285141
041333,0.703369140625,0.7085443735122681,0.6423966884613037,0.7226414084434509
041334,0.560546875,0.5943046808242798,0.7653606534004211,0.7772189378738403
041335,0.959228515625,0.9597907662391663,0.7631344795227051,0.7667309045791626
041336,0.9673665165901184,0.9676002860069275,0.8748590350151062,0.807924211025238
041338,0.946533203125,0.9566392302513123,0.575423002243042,0.7915931940078735
041340,0.946533203125,0.9522455334663391,0.6577322483062744,0.687670111656189
041341,0.560546875,0.6251638531684875,0.4082580804824829,0.593621015548706
041342,0.959228515625,0.9599262475967407,0.7631344795227051,0.9008505344390869
041343,0.146728515625,0.19589756429195404,0.09795191138982773,0.16645412147045135
041344,0.584228515625,0.5846783518791199,0.6245770454406738,0.6147018074989319
041345,0.939453125,0.951204776763916,0.489017516374588,0.8299659490585327
041347,0.943359375,0.946597695350647,0.5284951329231262,0.4439481794834137
041350,0.393798828125,0.4375424385070801,0.690318763256073,0.8348429203033447
041352,0.968017578125,0.9680577516555786,1.0,0.8448700904846191
041353,0.393798828125,0.41389915347099304,0.8579513430595398,0.8732733726501465
041354,0.9673665165901184,0.9677375555038452,1.0,0.9094334840774536
041355,0.9375,0.9424484372138977,0.5364049673080444,0.47719311714172363
041356,0.9673665165901184,0.9678269028663635,0.8748590350151062,0.9248823523521423
041357,0.959228515625,0.9596948623657227,0.8722942471504211,0.8358249664306641
041358,0.263671875,0.3900299072265625,0.23391999304294586,0.44351544976234436
041363,0.508056640625,0.5123602151870728,0.5334192514419556,0.5622779726982117
041364,0.946533203125,0.9535766243934631,0.8026000261306763,0.8684521913528442
041365,0.304931640625,0.3710443079471588,0.2789600193500519,0.4681783616542816
041366,0.951171875,0.9598380923271179,0.6074502468109131,0.7598580121994019
041367,0.9507649540901184,0.9538147449493408,0.6379934549331665,0.5687931180000305
041368,0.267578125,0.3938750624656677,0.23635835945606232,0.6222845911979675
041369,0.953369140625,0.9571043252944946,0.912726640701294,0.9444764852523804
041374,0.455078125,0.5302529335021973,0.33298835158348083,0.4528544545173645
041375,0.39453125,0.3993202745914459,0.5199966430664062,0.5601035952568054
041378,0.48828125,0.4890323281288147,0.5307213068008423,0.5648725628852844
041381,0.560546875,0.6348811388015747,0.4981783330440521,0.7078629732131958
041382,0.110107421875,0.2716129720211029,0.07620275020599365,0.49212390184402466
041384,0.556884765625,0.6084596514701843,0.4431702494621277,0.6597630977630615
041385,0.953369140625,0.9577810168266296,0.7479812502861023,0.85308438539505
041388,0.962158203125,0.9625670909881592,0.8420895934104919,0.8150597810745239
041390,0.939453125,0.9511351585388184,0.5589672327041626,0.8238935470581055
041393,0.431884765625,0.475443959236145,0.3415256440639496,0.5845825672149658
041394,0.39453125,0.39848655462265015,0.5199966430664062,0.5435343980789185
041397,0.499755859375,0.5612655282020569,0.4098700284957886,0.5066046714782715
041400,0.365234375,0.368804931640625,0.7136205434799194,0.7143712639808655
041401,0.619873046875,0.6251757740974426,0.4733748733997345,0.5242184400558472
041402,0.943359375,0.9556644558906555,0.5284951329231262,0.7090362906455994
041404,0.956298828125,0.960318922996521,0.8195018768310547,0.880558967590332
041405,0.47265625,0.4744187891483307,0.5241767168045044,0.513344407081604
041406,0.9673665165901184,0.9677180647850037,0.8748590350151062,0.8429414629936218
041408,0.580322265625,0.6019370555877686,0.86592036485672,0.7605964541435242
041409,0.943359375,0.9519062042236328,0.5284951329231262,0.6823391914367676
041411,0.9375,0.939208984375,0.9298905730247498,0.980571448802948
041412,0.510498046875,0.5149412751197815,0.6093400716781616,0.7399996519088745
041414,0.951904296875,0.9560811519622803,0.8690900206565857,0.7995116710662842
041415,0.953369140625,0.9564951062202454,0.7479812502861023,0.6622046232223511
041417,0.953369140625,0.9548196792602539,1.0,0.9961210489273071
041418,0.300537109375,0.367970734834671,0.30181336402893066,0.5201969146728516
041419,0.940673828125,0.9498533606529236,0.6212818622589111,0.8449602127075195
041423,0.431884765625,0.4668046236038208,0.4763599932193756,0.5264297723770142
041424,0.48828125,0.48891451954841614,0.6066363453865051,0.671061635017395
041425,0.633056640625,0.6376503705978394,0.5128524899482727,0.5093229413032532
041426,0.584228515625,0.584997832775116,0.6245770454406738,0.7299895286560059
041427,0.940673828125,0.948637068271637,0.5768473744392395,0.5621610283851624
041428,0.4375,0.5263323187828064,0.33466389775276184,0.625052273273468
041430,0.9673665165901184,0.9675689339637756,1.0,0.9433466196060181
041433,0.9673665165901184,0.9678280353546143,0.8748590350151062,0.9628221988677979
041434,0.508056640625,0.5121033787727356,0.6509066820144653,0.6721104383468628
041435,0.951904296875,0.9590808153152466,0.6230928897857666,0.7504242062568665
041436,0.712158203125,0.7125819325447083,0.7497180104255676,0.7957693338394165
041437,0.703369140625,0.7080458402633667,0.5620065331459045,0.6107288599014282
041438,0.9668782353401184,0.9675386548042297,0.7810032963752747,0.8818541169166565
041440,0.08984375,0.2713152766227722,0.11585679650306702,0.4755748510360718
041441,0.943359375,0.9497479796409607,0.7371450066566467,0.700629472732544
041442,0.520263671875,0.5207167267799377,0.6423966884613037,0.6924391984939575
041443,0.531982421875,0.604468822479248,0.39804574847221375,0.7466285824775696
041445,0.703369140625,0.707939624786377,0.6423966884613037,0.7217873930931091
041446,0.968017578125,0.9680681824684143,1.0,0.8998335003852844
041447,0.712158203125,0.7125226259231567,0.7497180104255676,0.7134106755256653
041448,0.967041015625,0.9675359725952148,0.8122885227203369,0.8760619759559631
041450,0.967041015625,0.9676867127418518,0.8122885227203369,0.9184129238128662
041451,0.505615234375,0.5135931968688965,0.427834689617157,0.5972484350204468
041452,0.703369140625,0.7048763036727905,0.8588406443595886,0.7898285388946533
041455,0.962158203125,0.962254524230957,0.8420895934104919,0.6926618814468384
041456,0.431884765625,0.4471380114555359,0.4763599932193756,0.3884440064430237
041457,0.9673665165901184,0.9677775502204895,0.8748590350151062,0.902089536190033
041458,0.9673665165901184,0.967597246170044,0.8748590350151062,0.7954249978065491
041460,0.95703125,0.9572948217391968,0.8046074509620667,0.6778745651245117
041463,0.9673665165901184,0.9677250981330872,0.8748590350151062,0.7265685796737671
041464,0.95703125,0.9574687480926514,0.7039180397987366,0.6648731827735901
041465,0.212890625,0.3995378017425537,0.11359453201293945,0.476596862077713
041467,0.568359375,0.5785363912582397,0.3899376392364502,0.4671221971511841
041469,0.568359375,0.5794498324394226,0.3899376392364502,0.6098209619522095
041470,0.560546875,0.6094784140586853,0.3571682572364807,0.44846296310424805
041471,0.4778645932674408,0.48215875029563904,0.4635950028896332,0.4384002983570099
041472,0.580322265625,0.6197332739830017,0.4618985950946808,0.47842270135879517
041473,0.5694172978401184,0.5809330344200134,0.4055802822113037,0.5271155834197998
041475,0.23828125,0.36762332916259766,0.14078360795974731,0.33626002073287964
041476,0.520263671875,0.5211552977561951,0.5620065331459045,0.722150981426239
041477,0.943359375,0.9524952173233032,0.5284951329231262,0.6409862041473389
041478,0.966796875,0.967150866985321,0.7653606534004211,0.6166720986366272
041479,0.5694172978401184,0.5776578783988953,0.4055802822113037,0.47003552317619324
041482,0.966796875,0.9673067331314087,0.7653606534004211,0.5575155019760132
041483,0.953369140625,0.9585946202278137,0.6543781161308289,0.755047082901001
041486,0.9466145634651184,0.9527251124382019,0.5787770748138428,0.6038520932197571
041488,0.3125,0.3229316174983978,0.23463936150074005,0.51043301820755
041489,0.2774251401424408,0.34707656502723694,0.1687147468328476,0.20472504198551178
041490,0.712158203125,0.7126872539520264,0.7497180104255676,0.8396040201187134
041492,0.166259765625,0.3024979829788208,0.14805001020431519,0.5999741554260254
041493,0.706298828125,0.7102838754653931,0.7139173746109009,0.7591423392295837
041494,0.166259765625,0.2828996777534485,0.12132726609706879,0.32166457176208496
041498,0.962158203125,0.9624820351600647,0.8420895934104919,0.7624779939651489
041499,0.967041015625,0.9676659107208252,0.8122885227203369,0.92546546459198
041500,0.968017578125,0.9680496454238892,1.0,0.9083940982818604
041501,0.469970703125,0.479806125164032,0.4431702494621277,0.6512124538421631
041502,0.953369140625,0.9577939510345459,0.7479812502861023,0.6862452626228333
041503,0.712158203125,0.7126954793930054,0.7497180104255676,0.8545743227005005
041505,0.567138671875,0.58953458070755,0.5199966430664062,0.5266713500022888
041509,0.197998046875,0.2947966456413269,0.15708759427070618,0.5191881060600281
041510,0.706298828125,0.7088926434516907,0.6245770454406738,0.6047852635383606
041511,0.3059895932674408,0.3786791265010834,0.2836383283138275,0.3781673312187195
041512,0.951171875,0.9581165313720703,0.6074502468109131,0.6733346581459045
041513,0.967041015625,0.9678049683570862,0.8122885227203369,0.843894362449646
041514,0.706298828125,0.709057092666626,0.7139173746109009,0.6157875061035156
041515,0.946533203125,0.9529493451118469,0.575423002243042,0.7075517773628235
041516,0.9673665165901184,0.9677383303642273,0.8748590350151062,0.9444382190704346
041517,0.959228515625,0.9598798155784607,0.7631344795227051,0.8609117269515991
041519,0.968017578125,0.968054473400116,1.0,0.9076626300811768
041520,0.571533203125,0.5747072696685791,0.6093400716781616,0.5859575867652893
041521,0.374755859375,0.41649389266967773,0.6128985285758972,0.682644248008728
041522,0.0625,0.0625,0.06703981757164001,0.060257695615291595
041524,0.531982421875,0.6050952076911926,0.39804574847221375,0.7228395342826843
041525,0.08203125,0.266024112701416,0.053640495985746384,0.4202811121940613
041527,0.431884765625,0.4831593632698059,0.3415256440639496,0.624767541885376
041529,0.14453125,0.26376572251319885,0.1061442568898201,0.310186505317688
041530,0.228759765625,0.33554890751838684,0.12923716008663177,0.2838481068611145
041531,0.706298828125,0.7094742655754089,0.7139173746109009,0.8017005324363708
041534,0.9375,0.94482421875,0.5364049673080444,0.494575560092926
041535,0.951904296875,0.9558765292167664,0.8690900206565857,0.9599059820175171
041536,0.5757649540901184,0.578616201877594,0.6966133713722229,0.6662388443946838
041537,0.953369140625,0.9580329656600952,0.912726640701294,0.9702744483947754
041538,0.03125,0.1630055159330368,0.02753167226910591,0.27848270535469055
041540,0.706298828125,0.7111715078353882,0.6245770454406738,0.7798256278038025
041543,0.110107421875,0.30376291275024414,0.07620275020599365,0.29193857312202454
041544,0.1458333432674408,0.2211681604385376,0.12516115605831146,0.3039627969264984
041545,0.431884765625,0.4818623661994934,0.390377938747406,0.48592448234558105
041546,0.568359375,0.5756517648696899,0.5438850522041321,0.5754528045654297
041547,0.4375,0.5087952613830566,0.2503223121166229,0.3980126678943634
041548,0.951171875,0.9553189277648926,0.8472716808319092,0.7741402983665466
041549,0.939453125,0.9536395072937012,0.489017516374588,0.7005856037139893
041550,0.968017578125,0.9680641889572144,1.0,0.9557163119316101
041552,0.946533203125,0.9543384909629822,0.7083972692489624,0.8866521120071411
041555,0.703369140625,0.7103012204170227,0.6423966884613037,0.7831060290336609
041556,0.967041015625,0.9675383567810059,0.8122885227203369,0.7639127373695374
041557,0.953369140625,0.9588940143585205,0.7479812502861023,0.8064664602279663
041560,0.584228515625,0.5845756530761719,0.6245770454406738,0.5410319566726685
041561,0.94140625,0.9509872794151306,0.7200049757957458,0.8177496790885925
041562,0.606689453125,0.6434269547462463,0.5334192514419556,0.7403767704963684
041565,0.08984375,0.21029651165008545,0.06666666269302368,0.25227367877960205
041567,0.9507649540901184,0.9552142024040222,0.6379934549331665,0.7314555048942566
041569,0.560546875,0.6294000148773193,0.3571682572364807,0.5384171605110168
041570,0.469970703125,0.4708302915096283,0.5924884676933289,0.5604092478752136
041571,0.4375,0.5735637545585632,0.2503223121166229,0.5165563821792603
041572,0.951171875,0.9578278660774231,0.694340705871582,0.8529041409492493
041575,0.962158203125,0.9624682068824768,0.9625431895256042,0.8395885229110718
041576,0.3059895932674408,0.31719717383384705,0.625433623790741,0.7084813714027405
041577,0.951171875,0.9527603387832642,0.8472716808319092,0.7960945963859558
041578,0.501953125,0.5040130615234375,0.6016255021095276,0.6619201898574829
041580,0.946533203125,0.9524456262588501,0.575423002243042,0.5992536544799805
041581,0.46875,0.479377806186676,0.3384338617324829,0.44962772727012634
041582,0.943359375,0.9527215361595154,0.6040917634963989,0.751857340335846
041583,0.9507649540901184,0.9532643556594849,0.6379934549331665,0.4968762993812561
041585,0.94140625,0.9455450773239136,0.7888506054878235,0.8740308880805969
041587,0.967041015625,0.9678146839141846,0.8122885227203369,0.9396752119064331
041588,0.968017578125,0.9680634140968323,1.0,0.9446166753768921
041589,0.959228515625,0.9596425890922546,0.8722942471504211,0.7720540165901184
041590,0.957763671875,0.9581056237220764,0.8271697163581848,0.7053437232971191
041591,0.967041015625,0.9675903916358948,0.8122885227203369,0.7564307451248169
041592,0.957763671875,0.9583653807640076,0.7236568927764893,0.8126846551895142
041593,0.951904296875,0.9559963941574097,0.7122209072113037,0.6780769228935242
041594,0.47265625,0.49318695068359375,0.3709116578102112,0.29916059970855713
041595,0.943359375,0.943359375,0.7371450066566467,0.6658806204795837
041596,0.323974609375,0.4284086227416992,0.3111700117588043,0.6529422402381897
041597,0.5694172978401184,0.574165940284729,0.4635950028896332,0.4719468057155609
041599,0.469970703125,0.4781675338745117,0.4431702494621277,0.6671295762062073
041600,0.197998046875,0.2885396182537079,0.2100154310464859,0.4490547478199005
041602,0.5694172978401184,0.5808640122413635,0.4635950028896332,0.73635333776474
041603,0.469970703125,0.47991812229156494,0.4431702494621277,0.6305192708969116
041604,0.659423828125,0.6637837886810303,0.5918076038360596,0.8089722394943237
041606,0.580322265625,0.6305039525032043,0.4618985950946808,0.6176967620849609
041607,0.946533203125,0.9546991586685181,0.575423002243042,0.7261930704116821
041608,0.518798828125,0.5339258909225464,0.4535067081451416,0.4080686569213867
041611,0.9388020634651184,0.9409993290901184,0.5542851090431213,0.43966424465179443
041612,0.9673665165901184,0.9676639437675476,0.8748590350151062,0.7838521003723145
041613,0.959228515625,0.9598226547241211,0.7631344795227051,0.7505781054496765
041614,0.953369140625,0.9578627943992615,0.6543781161308289,0.612355649471283
041616,0.091796875,0.22217217087745667,0.05102403834462166,0.35529792308807373
041617,0.9388020634651184,0.9433817267417908,0.8427215218544006,0.7638254165649414
041618,0.568359375,0.5784446001052856,0.3899376392364502,0.5152298808097839
041619,0.4375,0.5597381591796875,0.2503223121166229,0.5474892258644104
041620,0.455078125,0.49770593643188477,0.7342523336410522,0.9257928133010864
041621,0.943115234375,0.9477643966674805,0.5359453558921814,0.4464489817619324
041622,0.94140625,0.9512116312980652,0.5162065625190735,0.6441195011138916
041623,0.488037109375,0.5508650541305542,0.398443341255188,0.5377386808395386
041624,0.712158203125,0.7125872373580933,0.7497180104255676,0.7062990069389343
041626,0.490234375,0.5806050300598145,0.27821314334869385,0.6739763617515564
041627,0.953369140625,0.955970048904419,0.7479812502861023,0.6502233147621155
041628,0.556884765625,0.6129525303840637,0.4431702494621277,0.6526442766189575
041629,0.706298828125,0.70868980884552,0.7139173746109009,0.6548291444778442
041632,0.5694172978401184,0.5766802430152893,0.4055802822113037,0.44757068157196045
041633,0.943359375,0.9484635591506958,0.5284951329231262,0.480329304933548
041634,0.943359375,0.9528241753578186,0.7371450066566467,0.7862643599510193
041637,0.966796875,0.9672777652740479,0.7653606534004211,0.7218942046165466
041639,0.490234375,0.5516821146011353,0.5961710214614868,0.7870201468467712
041640,0.300537109375,0.37963858246803284,0.2163846641778946,0.5540055632591248
041641,0.943115234375,0.9514162540435791,0.5359453558921814,0.5733155608177185
041642,0.633056640625,0.640005886554718,0.5862115621566772,0.774662971496582
041643,0.5757649540901184,0.5814054012298584,0.5708760023117065,0.7806357145309448
041644,0.34765625,0.35983580350875854,0.3358892798423767,0.6344313025474548
041645,0.606689453125,0.6349852681159973,0.5334192514419556,0.5884094834327698
041646,0.953369140625,0.9596673846244812,0.6543781161308289,0.828569233417511
041650,0.508056640625,0.5136407017707825,0.5334192514419556,0.7125963568687439
041651,0.4375,0.5067138671875,0.30545666813850403,0.5216342210769653
041653,0.571533203125,0.5767006874084473,0.6093400716781616,0.6721588969230652
041654,0.701904296875,0.705599308013916,0.6066363453865051,0.6014672517776489
041656,0.957763671875,0.9584519863128662,0.7236568927764893,0.8440293669700623
041658,0.953369140625,0.9577882885932922,0.6543781161308289,0.6306993365287781
041659,0.197998046875,0.3492750823497772,0.16918803751468658,0.5697203278541565
041662,0.959228515625,0.9598537087440491,0.7631344795227051,0.8358535766601562
041664,0.619873046875,0.6258617639541626,0.6602633595466614,0.7475277185440063
041666,0.701904296875,0.7070392370223999,0.6066363453865051,0.7175793051719666
041668,0.951904296875,0.9560925960540771,0.7122209072113037,0.6913670301437378
041669,0.953369140625,0.9596677422523499,0.6543781161308289,0.7928653955459595
041670,0.951904296875,0.9575973749160767,0.8690900206565857,0.9618807435035706
041671,0.946533203125,0.953933835029602,0.6577322483062744,0.7282474637031555
041676,0.967041015625,0.9675160646438599,0.9284793138504028,0.9027267098426819
041677,0.344482421875,0.40239331126213074,0.2789551615715027,0.47083279490470886
041678,0.946533203125,0.9544613361358643,0.6577322483062744,0.8803995847702026
041682,0.956298828125,0.9610035419464111,0.8195018768310547,0.9480769038200378
041683,0.580322265625,0.6243150234222412,0.86592036485672,0.9291704893112183
041685,0.953369140625,0.9565941095352173,0.7479812502861023,0.719402551651001
041686,0.95703125,0.95768141746521,0.7039180397987366,0.7757325172424316
041687,0.9668782353401184,0.9671732187271118,0.7810032963752747,0.6668957471847534
041688,0.939453125,0.9535701274871826,0.489017516374588,0.6783088445663452
041689,0.606689453125,0.6210303902626038,1.0,0.9901195764541626
041690,0.03125,0.18576741218566895,0.02753167226910591,0.31946879625320435
041691,0.962158203125,0.9625266194343567,0.8420895934104919,0.8038265109062195
041693,0.9507649540901184,0.9561634659767151,0.7292529344558716,0.7835109233856201
041694,0.228759765625,0.2622337341308594,0.3198178708553314,0.3376973569393158
041695,0.518798828125,0.5933935642242432,0.3716495931148529,0.5228467583656311
041696,0.966796875,0.9675081372261047,0.7653606534004211,0.6783722639083862
041697,0.556884765625,0.6202369928359985,0.4431702494621277,0.7570002675056458
041698,0.25390625,0.34693294763565063,0.21157628297805786,0.46760720014572144
041700,0.580322265625,0.6251142621040344,0.4618985950946808,0.7160216569900513
041702,0.450927734375,0.4562329649925232,0.48571667075157166,0.4878387153148651
041703,0.9466145634651184,0.9528230428695679,0.8072783350944519,0.8228262662887573
041704,0.9673665165901184,0.9677475094795227,0.8748590350151062,0.8389540314674377
041706,0.956298828125,0.9595692157745361,0.8195018768310547,0.8840831518173218
041708,0.488037109375,0.5763891339302063,0.3265250623226166,0.571487545967102
041710,0.432373046875,0.4384933412075043,0.4040961265563965,0.6530259847640991
041711,0.968017578125,0.9680616855621338,1.0,0.9328116774559021
041714,0.962158203125,0.9625768661499023,0.8420895934104919,0.8893604874610901
041715,0.5757649540901184,0.5814757943153381,0.49943602085113525,0.618952214717865
041716,0.703369140625,0.7038154602050781,0.6423966884613037,0.4461453855037689
041717,0.9668782353401184,0.9673799872398376,0.892719030380249,0.896508514881134
041718,0.304931640625,0.304931640625,1.0,1.0
041719,0.956298828125,0.9611086249351501,0.8195018768310547,0.9094333052635193
041722,0.956298828125,0.9596326351165771,0.8195018768310547,0.8837197422981262
041723,0.701904296875,0.7098740339279175,0.6066363453865051,0.8280149698257446
041725,0.619873046875,0.6247556805610657,0.6602633595466614,0.7140796780586243
041726,0.633056640625,0.6370197534561157,0.715326726436615,0.7409185767173767
041728,0.956298828125,0.9611374735832214,0.7169486284255981,0.8779242038726807
041730,0.951171875,0.9542480707168579,0.8472716808319092,0.9654384255409241
041732,0.94140625,0.9513512849807739,0.5900454521179199,0.8361821174621582
041733,0.2044270783662796,0.3920961618423462,0.12516115605831146,0.5337623357772827
041734,0.94140625,0.9427664875984192,0.8970906734466553,0.871875524520874
041735,0.261474609375,0.3419875204563141,0.22860826551914215,0.4462334215641022
041736,0.943359375,0.9502265453338623,0.5284951329231262,0.5600723624229431
041737,0.3059895932674408,0.3672170341014862,0.23244215548038483,0.3667719066143036
041738,0.947998046875,0.9535574316978455,0.8348100185394287,0.9248993992805481
041739,0.365234375,0.433937668800354,0.3236317038536072,0.571258544921875
041740,0.962158203125,0.9626849293708801,0.8420895934104919,0.8089808225631714
041742,0.962158203125,0.9625006914138794,0.8420895934104919,0.7536085247993469
041743,0.5757649540901184,0.5812859535217285,0.49943602085113525,0.7168160676956177
041745,0.490234375,0.5227227210998535,0.38805168867111206,0.392598032951355
041746,0.556884765625,0.595537006855011,0.5407800078392029,0.6258523464202881
041747,0.2774251401424408,0.37621983885765076,0.19284793734550476,0.44515568017959595
041748,0.2122395932674408,0.25855764746665955,0.23532335460186005,0.4743572771549225
041750,0.703369140625,0.7077764272689819,0.7838867902755737,0.8239776492118835
041754,0.633056640625,0.6398598551750183,0.5862115621566772,0.6760851740837097
041755,0.510498046875,0.5165966153144836,0.6093400716781616,0.6904867887496948
041756,0.712158203125,0.712470293045044,0.7497180104255676,0.7102707028388977
041758,0.499755859375,0.5422359704971313,0.293855756521225,0.3266017436981201
041759,0.23046875,0.33098742365837097,0.214540034532547,0.42162877321243286
041760,0.956298828125,0.9597564935684204,0.7169486284255981,0.7615553140640259
041764,0.9673665165901184,0.9677390456199646,0.8748590350151062,0.8353884220123291
041767,0.571533203125,0.5746105909347534,0.5378206372261047,0.5191426873207092
041768,0.508056640625,0.5103998184204102,0.6509066820144653,0.6829432845115662
041769,0.659423828125,0.6628279685974121,0.5918076038360596,0.6750415563583374
041770,0.706298828125,0.7071654796600342,0.871160089969635,0.8456380367279053
041771,0.9507649540901184,0.9559904932975769,0.6379934549331665,0.7372616529464722
041772,0.962158203125,0.9626858830451965,0.8420895934104919,0.8296270370483398
041774,0.962158203125,0.9626901149749756,0.8420895934104919,0.9076805114746094
041775,0.212890625,0.331896036863327,0.11359453201293945,0.2994173765182495
041779,0.953369140625,0.9589257836341858,0.6543781161308289,0.7663931250572205
041780,0.450927734375,0.4583800733089447,0.3482339084148407,0.4533241391181946
041784,0.365234375,0.4345857799053192,0.3236317038536072,0.536315381526947
041785,0.967041015625,0.9676038026809692,0.9284793138504028,0.9059809446334839
041786,0.560546875,0.592403769493103,0.4981783330440521,0.5061259865760803
041787,0.4375,0.4638671875,0.7452524900436401,0.8828079104423523
041789,0.9444172978401184,0.9511151909828186,0.544137716293335,0.5576591491699219
041790,0.957763671875,0.9583663940429688,0.7236568927764893,0.7628479599952698
041791,0.947998046875,0.947998046875,0.8348100185394287,0.8194106221199036
041792,0.4375,0.5026317834854126,0.5419421792030334,0.825066328048706
041793,0.32421875,0.33337321877479553,0.35480669140815735,0.5845573544502258
041794,0.968017578125,0.9680670499801636,1.0,0.9277245402336121
041795,0.9466145634651184,0.9516561627388,0.6615661382675171,0.6964516639709473
041796,0.946533203125,0.952883243560791,0.575423002243042,0.6409141421318054
041798,0.953369140625,0.9572993516921997,0.6543781161308289,0.6475598216056824
041800,0.9673665165901184,0.9676650166511536,0.8748590350151062,0.799413800239563
041801,0.9668782353401184,0.9676368832588196,0.7810032963752747,0.8479950428009033
041802,0.633056640625,0.6393565535545349,0.5128524899482727,0.7994151711463928
041803,0.957763671875,0.9585623741149902,0.7236568927764893,0.8899451494216919
041804,0.450927734375,0.4572407603263855,0.5321600437164307,0.6633672714233398
041807,0.962158203125,0.9624331593513489,0.8420895934104919,0.7337170243263245
041810,0.953369140625,0.958248496055603,0.912726640701294,0.9723588824272156
041812,0.9444172978401184,0.9525408744812012,0.544137716293335,0.7178245186805725
041814,0.701904296875,0.7077623605728149,0.5307213068008423,0.6188826560974121
041815,0.619873046875,0.6256920099258423,0.5410870313644409,0.6811892986297607
041816,0.571533203125,0.5765094757080078,0.43686550855636597,0.44334712624549866
041817,0.503173828125,0.5132060647010803,0.3430097699165344,0.469672292470932
041818,0.505615234375,0.5117262005805969,0.427834689617157,0.5508293509483337
041819,0.956298828125,0.9590822458267212,1.0,0.9112576842308044
041820,0.51953125,0.5968566536903381,0.3754834830760956,0.6170685291290283
041821,0.261474609375,0.3221936523914337,0.49493172764778137,0.7334530353546143
041823,0.95703125,0.9577667117118835,0.7039180397987366,0.6453536152839661
041825,0.967041015625,0.9678104519844055,0.8122885227203369,0.7959734201431274
041829,0.703369140625,0.7095392942428589,0.6423966884613037,0.7924612164497375
041830,0.261474609375,0.3344668745994568,0.22860826551914215,0.45708727836608887
041831,0.959228515625,0.9598604440689087,0.7631344795227051,0.7656877636909485
041832,0.94140625,0.9475641250610352,0.5900454521179199,0.561472475528717
041833,0.9673665165901184,0.9677110910415649,0.8748590350151062,0.7826145887374878
041834,0.9466145634651184,0.9493277072906494,0.8072783350944519,0.6581838130950928
041835,0.947998046875,0.9523512721061707,0.8348100185394287,0.7816795110702515
041836,0.3059895932674408,0.41718387603759766,0.23244215548038483,0.52919602394104
041837,0.953369140625,0.9604107737541199,0.6543781161308289,0.8809955716133118
041838,0.943115234375,0.9534609317779541,0.6126077175140381,0.7971978187561035
041841,0.968017578125,0.9680773019790649,1.0,0.9361715316772461
041842,0.947998046875,0.9490280151367188,0.6841284036636353,0.5651116967201233
041843,0.531982421875,0.5883584022521973,0.48571667075157166,0.7063113451004028
041845,0.47265625,0.5182129144668579,0.5698384642601013,0.6027545928955078
041846,0.21875,0.3022650480270386,0.19272169470787048,0.5225051641464233
041847,0.940673828125,0.9540126323699951,0.5046601295471191,0.7499135136604309
041850,0.953369140625,0.9572378396987915,0.6543781161308289,0.7453169822692871
041851,0.374755859375,0.46055394411087036,0.28309693932533264,0.4653080701828003
041853,0.450927734375,0.45829465985298157,0.39804574847221375,0.598582923412323
041854,0.95703125,0.9576512575149536,0.7039180397987366,0.7332171201705933
041856,0.9375,0.944580614566803,0.7171369194984436,0.868305504322052
041859,0.261474609375,0.34870684146881104,0.2789600193500519,0.5371854305267334
041860,0.703369140625,0.7079443335533142,0.7838867902755737,0.726241409778595
041861,0.510498046875,0.5154216289520264,0.6093400716781616,0.6748149394989014
041862,0.940673828125,0.9540544152259827,0.5768473744392395,0.7431942224502563
041863,0.633056640625,0.6398051977157593,0.5862115621566772,0.7615582346916199
041864,0.567138671875,0.6221336722373962,0.5199966430664062,0.7047204971313477
041865,0.943115234375,0.9545889496803284,0.6126077175140381,0.8379305005073547
041866,0.967041015625,0.9674354195594788,0.9284793138504028,0.8902473449707031
041868,0.946533203125,0.9535349011421204,0.8026000261306763,0.855851948261261
041869,0.23046875,0.31355342268943787,0.214540034532547,0.461112380027771
041870,0.703369140625,0.707801103591919,0.7838867902755737,0.7345872521400452
041871,0.51953125,0.583186686038971,0.45818498730659485,0.6019171476364136
041872,0.940673828125,0.9457808136940002,0.7038999795913696,0.6418548226356506
041873,0.959228515625,0.9594950675964355,0.8722942471504211,0.8876984715461731
041874,0.5757649540901184,0.5768648386001587,0.6966133713722229,0.5657213926315308
041877,0.9673665165901184,0.9678815007209778,0.8748590350151062,0.9841449856758118
041879,0.959228515625,0.959722101688385,0.8722942471504211,0.9277766942977905
041880,0.9375,0.939770519733429,0.7171369194984436,0.7662689685821533
041881,0.9673665165901184,0.967901885509491,0.8748590350151062,0.9561275243759155
041883,0.968017578125,0.9680481553077698,1.0,0.8096801042556763
041884,0.580322265625,0.6422006487846375,0.4040961265563965,0.5112577080726624
041886,0.701904296875,0.7060233354568481,0.7402501106262207,0.8154811859130859
041887,0.23828125,0.32277336716651917,0.14078360795974731,0.2762468457221985
041888,0.365234375,0.4116976261138916,0.26521679759025574,0.290867418050766
041889,0.567138671875,0.6051226854324341,0.5199966430664062,0.5281983017921448
041893,0.5757649540901184,0.5804667472839355,0.49943602085113525,0.6022665500640869
041894,0.501953125,0.5162074565887451,0.3741941750049591,0.6522526741027832
041895,0.510498046875,0.5167697668075562,0.43686550855636597,0.5828250050544739
041896,0.9444172978401184,0.9516250491142273,0.544137716293335,0.616873025894165
041897,0.9507649540901184,0.9552004337310791,0.8898733854293823,0.896443784236908
041899,0.432373046875,0.4386513829231262,0.4618985950946808,0.5435506105422974
041901,0.9388020634651184,0.9442316889762878,0.6763683557510376,0.6606006622314453
041902,0.967041015625,0.9673519730567932,0.9284793138504028,0.8375194072723389
041904,0.701904296875,0.7084864974021912,0.5307213068008423,0.6017354130744934
041905,0.953369140625,0.9601308703422546,0.7479812502861023,0.9382138252258301
041906,0.2774251401424408,0.36638936400413513,0.1687147468328476,0.3393568992614746
041907,0.3059895932674408,0.3131307065486908,0.3107593357563019,0.31888583302497864
041909,0.9507649540901184,0.951836109161377,0.974961519241333,0.9704983234405518
041910,0.967041015625,0.9675344228744507,0.9284793138504028,0.975386917591095
041911,0.953369140625,0.9549981951713562,1.0,1.0
041912,0.499755859375,0.5878034234046936,0.293855756521225,0.5716851353645325
041913,0.431884765625,0.4448140859603882,0.8451594114303589,0.8413978219032288
041914,0.1875,0.1875,0.4692787230014801,0.39038002490997314
041916,0.374755859375,0.47789084911346436,0.3454500138759613,0.7053697109222412
041918,0.9668782353401184,0.9676757454872131,0.7810032963752747,0.8749744296073914
041919,0.9507649540901184,0.9576968550682068,0.6379934549331665,0.7384872436523438
041920,0.968017578125,0.9680350422859192,1.0,0.8471260666847229
041922,0.580322265625,0.6198180317878723,0.86592036485672,0.96928870677948
041923,0.962158203125,0.9624929428100586,0.8420895934104919,0.7829669713973999
041924,0.556884765625,0.5872122049331665,0.8308104276657104,0.9437905550003052
041925,0.712158203125,0.7125830054283142,0.7497180104255676,0.6952353715896606
041927,0.962158203125,0.9624525904655457,0.9625431895256042,0.7750329971313477
041929,0.568359375,0.5793251991271973,0.4457148313522339,0.6198486089706421
041930,0.0625,0.0876116082072258,0.10646463930606842,0.21292927861213684
041931,0.304931640625,0.3813699781894684,0.20000000298023224,0.3561667203903198
041932,0.967041015625,0.9674984216690063,0.8122885227203369,0.7035297155380249
041933,0.956298828125,0.960209846496582,0.8195018768310547,0.8784981966018677
041935,0.703369140625,0.7038154602050781,0.8588406443595886,0.8616885542869568
041936,0.9466145634651184,0.9521950483322144,0.6615661382675171,0.7169932723045349
041937,0.962158203125,0.9626354575157166,0.8420895934104919,0.892457127571106
041938,0.659423828125,0.6616578102111816,0.6764605641365051,0.6188715696334839
041939,0.432373046875,0.440337598323822,0.4040961265563965,0.5992853045463562
041942,0.703369140625,0.7074787616729736,0.7838867902755737,0.8332324624061584
041943,0.966796875,0.9672619104385376,0.7653606534004211,0.6874828934669495
041944,0.571533203125,0.5749313831329346,0.6093400716781616,0.5337190628051758
041945,0.580322265625,0.6156298518180847,0.4618985950946808,0.5527576804161072
041947,0.9668782353401184,0.9675243496894836,0.892719030380249,0.9757312536239624
041948,0.9673665165901184,0.9678926467895508,0.8748590350151062,0.8373144268989563
041951,0.953369140625,0.9580384492874146,0.7479812502861023,0.8777981400489807
041952,0.703369140625,0.7081736326217651,0.6423966884613037,0.7379645705223083
041953,0.953369140625,0.957069456577301,0.7479812502861023,0.6725865006446838
041954,0.968017578125,0.9680536389350891,1.0,0.9609686136245728
041955,0.968017578125,0.9680640697479248,1.0,0.9787620902061462
041956,0.968017578125,0.9680548310279846,1.0,0.8595054149627686
041957,0.9673665165901184,0.9678248763084412,0.8748590350151062,0.890251636505127
041958,0.712158203125,0.7126815915107727,0.7497180104255676,0.8009278774261475
041960,0.953369140625,0.9592151045799255,0.7479812502861023,0.8914651870727539
041961,0.946533203125,0.954436182975769,0.575423002243042,0.6371913552284241
041962,0.46875,0.48399391770362854,0.29608190059661865,0.6199809312820435
041963,0.393798828125,0.46995753049850464,0.31885725259780884,0.6307405829429626
041966,0.48828125,0.4890536665916443,0.5307213068008423,0.622940719127655
041968,0.967041015625,0.9672228097915649,0.8122885227203369,0.7931980490684509
041969,0.967041015625,0.967602550983429,0.9284793138504028,0.8641045093536377
041973,0.9507649540901184,0.9565731287002563,0.6379934549331665,0.8194547295570374
041974,0.701171875,0.7015380859375,0.5887562036514282,0.5923711061477661
041977,0.323974609375,0.39566415548324585,0.3111700117588043,0.5650245547294617
041978,0.9466145634651184,0.9552790522575378,0.5787770748138428,0.7980896830558777
041981,0.9673665165901184,0.9676617980003357,0.8748590350151062,0.7786106467247009
041984,0.23046875,0.34585943818092346,0.214540034532547,0.5644916892051697
041985,0.953369140625,0.960412859916687,0.6543781161308289,0.7768949866294861
041986,0.9673665165901184,0.9677196741104126,0.8748590350151062,0.8774884939193726
041987,0.701904296875,0.7064712643623352,0.7402501106262207,0.8334627151489258
041989,0.9466145634651184,0.9484608769416809,0.8072783350944519,0.7089179754257202
041990,0.9668782353401184,0.9673169255256653,0.7810032963752747,0.7343577742576599
041992,0.02083333395421505,0.0384114608168602,0.017880165949463844,0.04395264759659767
041994,0.501953125,0.5158390998840332,0.3273671567440033,0.4629019796848297
041995,0.567138671875,0.5851215124130249,0.7988805174827576,0.792611837387085
041997,0.580322265625,0.622668981552124,0.4618985950946808,0.6556882262229919
041998,0.701904296875,0.7099936604499817,0.5307213068008423,0.6948726773262024
042001,0.146728515625,0.146728515625,0.3012597858905792,0.27928996086120605
042004,0.19921875,0.29701656103134155,0.16092148423194885,0.5264585614204407
042005,0.946533203125,0.9504543542861938,0.8026000261306763,0.7288854718208313
042009,0.228759765625,0.32394862174987793,0.276936799287796,0.5491461753845215
042011,0.968017578125,0.9680514931678772,1.0,0.8811640739440918
042014,0.968017578125,0.9680439829826355,1.0,0.8667229413986206
042015,0.531982421875,0.6051692366600037,0.3482339084148407,0.7715886831283569
042016,0.967041015625,0.9674911499023438,0.9284793138504028,0.9828330278396606
042017,0.957763671875,0.9586462378501892,0.7236568927764893,0.7780983448028564
042019,0.9444172978401184,0.9527090191841125,0.6219719052314758,0.6754573583602905
042024,0.947998046875,0.9533320069313049,0.5985158681869507,0.6728917360305786
042025,0.455078125,0.530113160610199,0.2728845775127411,0.3813475966453552
042027,0.1458333432674408,0.24103271961212158,0.12516115605831146,0.4555901885032654
042029,0.4778645932674408,0.4855577051639557,0.4055802822113037,0.6302257180213928
042033,0.962158203125,0.9626913666725159,0.8420895934104919,0.9259700775146484
042034,0.606689453125,0.6409232020378113,0.6509066820144653,0.7835391163825989
042036,0.571533203125,0.5794331431388855,0.49935534596443176,0.6217226982116699
042038,0.968017578125,0.9680681824684143,1.0,0.9139518737792969
042039,0.957763671875,0.9584217071533203,0.7236568927764893,0.7110808491706848
042040,0.431884765625,0.48770415782928467,0.4763599932193756,0.6852405667304993
042041,0.501953125,0.5110139846801758,0.3273671567440033,0.42526009678840637
042043,0.946533203125,0.9528844356536865,0.575423002243042,0.6221911311149597
042045,0.9673665165901184,0.9677615761756897,0.8748590350151062,0.7270059585571289
042047,0.968017578125,0.9680551886558533,1.0,0.8857622146606445
042048,0.9673665165901184,0.9675860404968262,0.8748590350151062,0.7509299516677856
042049,0.1106770858168602,0.29656386375427246,0.0855669379234314,0.5360722541809082
042051,0.956298828125,0.9610752463340759,0.8195018768310547,0.8706186413764954
042052,0.510498046875,0.5125480890274048,0.6676040887832642,0.6545117497444153
042054,0.510498046875,0.5167078971862793,0.49935534596443176,0.6561733484268188
042055,0.9466145634651184,0.9538863301277161,0.5787770748138428,0.7916176319122314
042057,0.1458333432674408,0.24607010185718536,0.15272833406925201,0.40876221656799316
042058,0.261474609375,0.33949586749076843,0.4285714626312256,0.7579681873321533
042059,0.706298828125,0.7089730501174927,0.7139173746109009,0.6734742522239685
042060,0.2774251401424408,0.3824712634086609,0.19284793734550476,0.505706250667572
042062,0.431884765625,0.49343252182006836,0.4763599932193756,0.6464149355888367
042063,0.633056640625,0.6373797655105591,0.715326726436615,0.8175987005233765
042064,0.9375,0.9471786618232727,0.6545500159263611,0.8374229073524475
042066,0.374755859375,0.46291473507881165,0.28309693932533264,0.6736302971839905
042067,0.967041015625,0.9678130745887756,0.8122885227203369,0.9451745748519897
042070,0.9668782353401184,0.9677688479423523,0.7810032963752747,0.9052279591560364
042071,0.940673828125,0.9506043791770935,0.7038999795913696,0.7513769865036011
042072,0.956298828125,0.958275556564331,1.0,0.9947288632392883
042074,0.706298828125,0.7091625332832336,0.871160089969635,0.8812220096588135
042075,0.953369140625,0.9575427174568176,0.7479812502861023,0.7551764845848083
042076,0.968017578125,0.9680773615837097,1.0,0.9399493336677551
042079,0.619873046875,0.627921462059021,0.4733748733997345,0.6949777007102966
042086,0.703369140625,0.7079718112945557,0.6423966884613037,0.7033801674842834
042088,0.95703125,0.9576973915100098,0.7039180397987366,0.7395004630088806
042093,0.5757649540901184,0.5790225863456726,0.49943602085113525,0.47336897253990173
042094,0.606689453125,0.6498479843139648,0.6509066820144653,0.7945555448532104
042095,0.943115234375,0.9514651298522949,0.6126077175140381,0.7749394774436951
042097,0.946533203125,0.9503821730613708,0.6577322483062744,0.6093233227729797
042098,0.431884765625,0.4656961262226105,0.4763599932193756,0.6715518236160278
042099,0.518798828125,0.5514755845069885,0.4535067081451416,0.4528096914291382
042100,0.469970703125,0.474561870098114,0.5924884676933289,0.6341122388839722
042101,0.946533203125,0.9512684941291809,0.6577322483062744,0.6107491850852966
042102,0.9673665165901184,0.9678044319152832,0.8748590350151062,0.9193851947784424
042103,0.9507649540901184,0.9565461874008179,0.6379934549331665,0.6593161821365356
042104,0.393798828125,0.46079444885253906,0.38908666372299194,0.5747921466827393
042105,0.619873046875,0.6266648769378662,0.4733748733997345,0.6860924363136292
042106,0.957763671875,0.9584602117538452,0.8271697163581848,0.9036771655082703
042107,0.659423828125,0.6641459465026855,0.6764605641365051,0.7286402583122253
042108,0.323974609375,0.37379786372184753,0.3111700117588043,0.3938050866127014
042110,0.967041015625,0.9674085378646851,0.9284793138504028,0.924226701259613
042113,0.946533203125,0.9519993662834167,0.6577322483062744,0.7206616997718811
042114,0.61328125,0.6186332106590271,0.6327316761016846,0.6370658874511719
042116,0.9673665165901184,0.9676841497421265,1.0,0.9263125061988831
042117,0.263671875,0.3675304651260376,0.32801172137260437,0.5734303593635559
042118,0.5757649540901184,0.5814648270606995,0.5708760023117065,0.7858940958976746
042119,0.959228515625,0.9595834612846375,0.7631344795227051,0.7335034608840942
042120,0.9444172978401184,0.9559446573257446,0.6219719052314758,0.8974688053131104
042122,0.956298828125,0.958817720413208,0.8195018768310547,0.7555299401283264
042124,0.659423828125,0.6619819402694702,0.8254533410072327,0.8484203815460205
042125,0.393798828125,0.4655551612377167,0.31885725259780884,0.453738808631897
042126,0.706298828125,0.7077069878578186,0.871160089969635,0.7901827096939087
042130,0.556884765625,0.6132464408874512,0.3877114951610565,0.6546075940132141
042132,0.505615234375,0.5146135687828064,0.5220667123794556,0.7522531151771545
042134,0.946533203125,0.9517545700073242,0.8026000261306763,0.7803103923797607
042135,0.5757649540901184,0.5813241600990295,0.5708760023117065,0.7387559413909912
042136,0.499755859375,0.548028826713562,0.4098700284957886,0.426985502243042
042138,0.947998046875,0.9543351531028748,0.5985158681869507,0.6457934975624084
042139,0.9673665165901184,0.9676395654678345,1.0,0.9202547669410706
042141,0.584228515625,0.5847888588905334,0.7139173746109009,0.8135731816291809
042142,0.959228515625,0.9597774744033813,0.8722942471504211,0.8809232115745544
042143,0.967041015625,0.9676164984703064,0.9284793138504028,0.9095126986503601
042144,0.967041015625,0.9676908254623413,0.8122885227203369,0.905005931854248
042147,0.9673665165901184,0.967628538608551,1.0,0.8777634501457214
042148,0.9673665165901184,0.9673665165901184,1.0,1.0
042149,0.706298828125,0.7103704214096069,0.6245770454406738,0.8024176359176636
042153,0.450927734375,0.45620834827423096,0.48571667075157166,0.5517197251319885
042154,0.940673828125,0.9464459419250488,0.7038999795913696,0.6838662624359131
042156,0.967041015625,0.9672777652740479,1.0,0.9404901266098022
042157,0.968017578125,0.9680626392364502,1.0,0.9185123443603516
042161,0.531982421875,0.5505351424217224,0.8617600202560425,0.78184574842453
042163,0.393798828125,0.457474023103714,0.38908666372299194,0.6645771265029907
042164,0.962158203125,0.9624173641204834,0.9625431895256042,0.8704623579978943
042167,0.94140625,0.951629102230072,0.5900454521179199,0.7390747666358948
042170,0.966796875,0.967529296875,0.7653606534004211,0.9469023942947388
042172,0.9673665165901184,0.9675989747047424,1.0,0.9844421148300171
042173,0.9673665165901184,0.9676476120948792,0.8748590350151062,0.7847669720649719
042174,0.967041015625,0.9675101041793823,0.9284793138504028,0.9486069083213806
042175,0.518798828125,0.5995303392410278,0.4535067081451416,0.7707188725471497
042177,0.508056640625,0.5111660361289978,0.6509066820144653,0.7332671284675598
042178,0.703369140625,0.7096155285835266,0.5620065331459045,0.8050559759140015
042180,0.9444172978401184,0.956073522567749,0.544137716293335,0.8650979995727539
042181,0.260498046875,0.3760782480239868,0.22389668226242065,0.5585120320320129
042182,0.560546875,0.6112213134765625,0.4082580804824829,0.47855862975120544
042183,0.9444172978401184,0.9559695720672607,0.6219719052314758,0.7557887434959412
042184,0.701904296875,0.7049033045768738,0.6066363453865051,0.551344633102417
042185,0.962158203125,0.9625784158706665,0.8420895934104919,0.8652114868164062
042189,0.967041015625,0.9674906730651855,0.8122885227203369,0.7208213210105896
042190,0.701171875,0.7065034508705139,0.5150786638259888,0.5834679007530212
042191,0.706298828125,0.7086644172668457,0.871160089969635,0.8565868735313416
042192,0.44140625,0.4489017426967621,0.501995861530304,0.6753964424133301
042193,0.556884765625,0.5712326169013977,0.8308104276657104,0.7485692501068115
042194,0.556884765625,0.5995805859565735,0.4431702494621277,0.5686272382736206
042196,0.304931640625,0.304931640625,1.0,1.0
042198,0.260498046875,0.3212628662586212,0.397238165140152,0.6015159487724304
042200,0.531982421875,0.60335773229599,0.48571667075157166,0.7235844731330872
042201,0.9507649540901184,0.9566067457199097,0.7292529344558716,0.8762913346290588
042202,0.9673665165901184,0.9676956534385681,0.8748590350151062,0.7452531456947327
042203,0.03125,0.03125,0.6309297680854797,0.6309297680854797
042209,0.951904296875,0.9542211890220642,0.8690900206565857,0.7192168235778809
042211,0.967041015625,0.9671897888183594,0.8122885227203369,0.7838316559791565
042212,0.659423828125,0.659423828125,0.8254533410072327,0.8254533410072327
042213,0.619873046875,0.6215322613716125,0.7233965992927551,0.756691038608551
042214,0.953369140625,0.9574947953224182,0.6543781161308289,0.7159562110900879
042215,0.956298828125,0.9601251482963562,0.7169486284255981,0.6561602354049683
042219,0.556884765625,0.6190229654312134,0.5407800078392029,0.8103288412094116
042221,0.953369140625,0.9567907452583313,0.912726640701294,0.9062185287475586
042224,0.47265625,0.5106110572814941,0.8178747296333313,0.9218862652778625
042227,0.197998046875,0.29949215054512024,0.15708759427070618,0.42885589599609375
042229,0.304931640625,0.40397968888282776,0.22860826551914215,0.48261559009552
042230,0.962158203125,0.9625585675239563,0.9625431895256042,0.9182987213134766
042232,0.469970703125,0.4790342152118683,0.3877114951610565,0.7145383358001709
042234,0.956298828125,0.960246741771698,0.7169486284255981,0.848193347454071
042237,0.968017578125,0.9680436253547668,1.0,0.9725605249404907
042238,0.959228515625,0.9597457051277161,0.8722942471504211,0.9443469643592834
042242,0.2774251401424408,0.3898569941520691,0.23532335460186005,0.4723815619945526
042243,0.146728515625,0.22544248402118683,0.48975956439971924,0.6605085134506226
042245,0.946533203125,0.9547899961471558,0.6577322483062744,0.8270747065544128
042247,0.508056640625,0.5129247307777405,0.6509066820144653,0.7673962712287903
042248,0.951904296875,0.9551266431808472,0.8690900206565857,0.9024211764335632
042249,0.323974609375,0.39346426725387573,0.2550044059753418,0.5531994104385376
042251,0.9673665165901184,0.967894434928894,0.8748590350151062,0.767101526260376
042253,0.9673665165901184,0.9675375819206238,1.0,0.9937411546707153
042254,0.9507649540901184,0.9535544514656067,0.8898733854293823,0.7443501949310303
042255,0.712158203125,0.7125070691108704,0.7497180104255676,0.755415141582489
042256,0.967041015625,0.9674479961395264,0.9284793138504028,0.9521559476852417
042257,0.962158203125,0.9624162316322327,0.9625431895256042,0.9629905819892883
042260,0.393798828125,0.41942501068115234,0.690318763256073,0.7951858639717102
042261,0.962158203125,0.9625780582427979,0.9625431895256042,0.9129317998886108
042262,0.278564453125,0.3747142553329468,0.25817668437957764,0.5966224074363708
042263,0.956298828125,0.959204912185669,1.0,0.9019255042076111
042264,0.9668782353401184,0.967440128326416,0.892719030380249,0.8911405205726624
042265,0.968017578125,0.9680442810058594,1.0,0.8794869780540466
042267,0.501953125,0.5108486413955688,0.4566117227077484,0.5800836682319641
042268,0.953369140625,0.9575982093811035,0.7479812502861023,0.8027732372283936
042269,0.966796875,0.9672912955284119,0.8748388290405273,0.8247132897377014
042271,0.9507649540901184,0.9564083218574524,0.6379934549331665,0.7227989435195923
042273,0.946533203125,0.9515783190727234,0.575423002243042,0.5659158229827881
042274,0.584228515625,0.5847918391227722,0.6245770454406738,0.7031155228614807
042275,0.946533203125,0.9548421502113342,0.575423002243042,0.706786036491394
042277,0.959228515625,0.9595551490783691,0.8722942471504211,0.777506947517395
042278,0.968017578125,0.9680591821670532,1.0,0.9434107542037964
042281,0.490234375,0.5525413155555725,0.38805168867111206,0.5715347528457642
042285,0.2774251401424408,0.36822113394737244,0.5188971757888794,0.8071191310882568
042286,0.703369140625,0.708362340927124,0.6423966884613037,0.7666803598403931
042287,0.659423828125,0.6641863584518433,0.6764605641365051,0.8362491130828857
042289,0.1875,0.3051101565361023,0.23226092755794525,0.43448013067245483
042290,0.518798828125,0.5678451657295227,0.8046129941940308,0.9281708598136902
042291,0.508056640625,0.5129665732383728,0.46666663885116577,0.497597873210907
042292,0.962158203125,0.9626045823097229,0.8420895934104919,0.8722356557846069
042293,0.23046875,0.26838579773902893,0.47306913137435913,0.6650421619415283
042294,0.150390625,0.2711944580078125,0.22396063804626465,0.6454916596412659
042296,0.940673828125,0.946692943572998,0.7038999795913696,0.7079970240592957
042300,0.556884765625,0.5944393873214722,0.8308104276657104,0.7547652721405029
042301,0.5757649540901184,0.5800868272781372,0.5708760023117065,0.6860846877098083
042308,0.518798828125,0.5774844884872437,0.4535067081451416,0.6578541994094849
042311,0.633056640625,0.6383100748062134,0.5128524899482727,0.7388562560081482
042312,0.5694172978401184,0.5765297412872314,0.5657033920288086,0.7292275428771973
042315,0.967041015625,0.9673083424568176,0.8122885227203369,0.6868016123771667
042316,0.706298828125,0.7089952230453491,0.871160089969635,0.815618097782135
042318,0.393798828125,0.4843350350856781,0.31885725259780884,0.6996286511421204
042324,0.712158203125,0.7126889824867249,0.7497180104255676,0.863831639289856
042325,0.9673665165901184,0.9677296280860901,0.8748590350151062,0.811412513256073
042326,0.510498046875,0.5151917338371277,0.49935534596443176,0.5300242304801941
042327,0.488037109375,0.5416477918624878,0.7069194316864014,0.8941563963890076
042328,0.9507649540901184,0.9567379355430603,0.6379934549331665,0.7312034368515015
042329,0.9507649540901184,0.9570445418357849,0.6379934549331665,0.846845805644989
042330,0.956298828125,0.9574076533317566,0.7169486284255981,0.5336141586303711
042333,0.951171875,0.957697331905365,0.694340705871582,0.8538910746574402
042336,0.9673665165901184,0.9678152799606323,0.8748590350151062,0.9542250037193298
042337,0.947998046875,0.9530575275421143,0.6841284036636353,0.6404939889907837
042338,0.150390625,0.29704275727272034,0.09050162881612778,0.4634212255477905
042339,0.9673665165901184,0.9677219986915588,1.0,1.0
042340,0.701904296875,0.7069116234779358,0.7402501106262207,0.8260446190834045
042341,0.584228515625,0.5849252939224243,0.6245770454406738,0.7407456636428833
042343,0.619873046875,0.6239745020866394,0.6602633595466614,0.7784249782562256
042344,0.951171875,0.9560105800628662,0.8472716808319092,0.8749765157699585
042345,0.3599446713924408,0.4077582061290741,0.40125197172164917,0.5991417765617371
042346,0.968017578125,0.9680535197257996,1.0,0.9161210656166077
043190,0.567138671875,0.6190096735954285,0.7988805174827576,0.6294270753860474
043191,0.03125,0.03125,0.6309297680854797,0.6309297680854797
043195,0.4375,0.478515625,0.6131471991539001,0.831554651260376
043196,0.03125,0.03125,0.6309297680854797,0.6309297680854797
043199,0.110107421875,0.20022964477539062,0.2620770037174225,0.6010164022445679
043201,0.4375,0.501220703125,0.3514672517776489,0.5998103022575378
043202,0.21875,0.24609375,0.38685283064842224,0.5714285373687744
043203,0.0625,0.0771484375,0.6131471991539001,0.8772153258323669
043204,0.02083333395421505,0.0354817733168602,0.3065735995769501,0.5706417560577393
043205,0.30078125,0.3351564407348633,0.5307213068008423,0.7057102918624878
043206,0.606689453125,0.6419305205345154,1.0,0.9265641570091248
043208,0.35546875,0.35742855072021484,0.5269380211830139,0.5675182342529297
043209,0.606689453125,0.6171178817749023,1.0,0.9512884020805359
043210,0.947998046875,0.9482555389404297,0.9605564475059509,0.9557289481163025
043211,0.16796875,0.214111328125,0.34665608406066895,0.573901355266571
043213,0.1458333432674408,0.1546224057674408,0.45865970849990845,0.515097975730896
043215,0.0,0.08749999850988388,0.0,0.3548675775527954
043221,0.61328125,0.61328125,0.7467872500419617,0.7467872500419617
043222,0.51953125,0.5567182302474976,0.7039180994033813,0.7444787621498108
043224,0.110107421875,0.17866456508636475,0.2620770037174225,0.5706238150596619
043225,0.0,0.010416666977107525,0.0,0.3562071919441223
043227,0.455078125,0.4671802520751953,0.9385064244270325,0.9784461855888367
043233,0.9466145634651184,0.9486744999885559,0.8072783350944519,0.8998637199401855
043234,0.44921875,0.44921875,0.982842206954956,0.982842206954956
043237,0.4375,0.4375,1.0,1.0
043240,0.110107421875,0.110107421875,1.0,1.0
043245,0.110107421875,0.110107421875,1.0,1.0
043247,0.0,0.11826171725988388,0.0,0.4125557243824005
043248,0.956298828125,0.9580527544021606,1.0,0.9691320657730103
043250,0.956298828125,0.9572539925575256,1.0,0.9986943602561951
043251,0.956298828125,0.9570834040641785,1.0,0.9843626022338867
043253,0.0,0.150390625,0.0,0.4824755787849426
043258,0.0625,0.0625,1.0,1.0
043261,0.0625,0.07421875,0.6131471991539001,0.8503448963165283
043262,0.701171875,0.70501708984375,0.7184317708015442,0.8499848246574402
043266,0.44921875,0.4547119140625,0.9224036931991577,0.9662126302719116
043268,0.606689453125,0.6385623216629028,1.0,0.842828094959259
043272,0.940673828125,0.9421758651733398,1.0,1.0
043274,0.9375,0.9375,1.0,1.0
043277,0.0,0.0,0.0,0.0
043278,0.956298828125,0.9585776329040527,1.0,0.9066069722175598
043279,0.560546875,0.6018743515014648,0.7653606534004211,0.7101534605026245
043284,0.0625,0.2425224483013153,0.06703981757164001,0.6272509694099426
043285,0.606689453125,0.6261558532714844,1.0,1.0
043287,0.0625,0.2220306396484375,0.06703981757164001,0.48266589641571045
043290,0.0625,0.0625,1.0,1.0
043291,0.30078125,0.3123297691345215,0.6643311977386475,0.7138541340827942
043292,0.966796875,0.966796875,1.0,1.0
043293,0.44921875,0.5371326208114624,0.5027986764907837,0.6483275890350342
043296,0.560546875,0.5837143063545227,0.7653606534004211,0.7532832026481628
043297,0.567138671875,0.5708465576171875,1.0,0.9964507222175598
043298,0.4375,0.4867187440395355,0.4692787528038025,0.6508205533027649
043300,0.0,0.0078125,0.0,0.31546488404273987
043304,0.455078125,0.4671802520751953,0.6403663158416748,0.6578488349914551
043306,0.606689453125,0.6387076377868652,1.0,0.8383162021636963
043307,0.4375,0.518325924873352,0.4692787528038025,0.6190192103385925
043308,0.0625,0.06982421875,0.6131471991539001,0.8065736293792725
043309,0.606689453125,0.6261558532714844,1.0,1.0
043314,0.267578125,0.2819976806640625,0.6661610007286072,0.7281387448310852
043315,0.606689453125,0.6256431341171265,1.0,0.7114859223365784
043317,0.344482421875,0.374125599861145,0.5977610945701599,0.7413903474807739
043319,0.110107421875,0.17116495966911316,0.2620770037174225,0.5339751243591309
043320,0.278564453125,0.3132994771003723,0.39664164185523987,0.4556252658367157
043322,0.0,0.0625,0.0,0.3333333432674408
043323,0.567138671875,0.5737433433532715,1.0,0.9941519498825073
043324,0.503173828125,0.5131529569625854,0.4784300625324249,0.7101733088493347
043325,0.344482421875,0.344482421875,0.5977610945701599,0.5667018294334412
043327,0.606689453125,0.6250315308570862,1.0,0.9472908973693848
043328,0.21875,0.3079589903354645,0.29608193039894104,0.6606562733650208
043329,0.091796875,0.091796875,1.0,1.0
043331,0.0625,0.1616855263710022,0.12298715859651566,0.512969434261322
043336,0.30078125,0.3537103533744812,0.5307213068008423,0.6146807670593262
043341,0.219970703125,0.24323102831840515,0.63103848695755,0.6723647713661194
043342,0.219970703125,0.2740440368652344,0.4305732846260071,0.6597185134887695
043344,0.21875,0.259765625,0.38685283064842224,0.6052603125572205
043345,0.951904296875,0.9560996294021606,0.8690900206565857,0.9424362182617188
043349,0.278564453125,0.2824268341064453,0.7276545763015747,0.7278976440429688
043351,0.219970703125,0.2632293701171875,0.4305732846260071,0.6348734498023987
043353,0.61328125,0.6182284951210022,0.5185247659683228,0.6020104289054871
043354,0.110107421875,0.110107421875,1.0,0.8318724036216736
043356,0.560546875,0.5915761590003967,0.7653606534004211,0.9206832647323608
043358,0.606689453125,0.6370323896408081,1.0,0.7728378176689148
043359,0.51953125,0.5472167730331421,0.7039180994033813,0.8854598999023438
043360,0.08203125,0.10042864829301834,0.7039180994033813,0.8219303488731384
043362,0.701171875,0.7088488936424255,0.5887562036514282,0.8183873295783997
043368,0.9375,0.9375,1.0,1.0
043371,0.19921875,0.2047119140625,0.3776274025440216,0.38135644793510437
043372,0.0,0.08749999850988388,0.0,0.38685280084609985
043373,0.02083333395421505,0.0417923703789711,0.23463936150074005,0.34077566862106323
043375,0.606689453125,0.606689453125,1.0,1.0
043376,0.23046875,0.27385616302490234,0.32960182428359985,0.3727263808250427
043380,0.03125,0.03125,0.6309297680854797,0.6309297680854797
043381,0.455078125,0.5422767996788025,0.5115761756896973,0.6761407852172852
043383,0.51953125,0.51953125,0.9197208285331726,0.9197208285331726
043386,0.501953125,0.5157241821289062,0.4191623330116272,0.680470883846283
043387,0.03125,0.041015625,0.38685283064842224,0.6052602529525757
043388,0.0,0.126495361328125,0.0,0.44869688153266907
043389,0.606689453125,0.624875545501709,1.0,0.9766215085983276
043390,0.30078125,0.353840708732605,0.5307213068008423,0.6757954359054565
043391,0.51953125,0.5695310831069946,0.7039180994033813,0.7949033975601196
043392,0.951171875,0.9528884887695312,0.8472716808319092,0.9318222999572754
043393,0.23046875,0.26033782958984375,0.41257962584495544,0.5969489216804504
043394,0.947998046875,0.9510203003883362,0.8348100185394287,0.7505376935005188
043396,0.44921875,0.47027677297592163,0.9224036931991577,0.9601660370826721
043398,0.606689453125,0.6324129104614258,1.0,0.9818483591079712
043399,0.0,0.0,0.0,0.0
043400,0.51953125,0.5326235890388489,0.8811306357383728,0.9074274301528931
043401,0.940673828125,0.9415321350097656,1.0,1.0
043402,0.02083333395421505,0.03059895895421505,0.06149357929825783,0.10530249029397964
043404,0.567138671875,0.5775774717330933,1.0,0.9982526302337646
043406,0.0625,0.0771484375,0.6131471991539001,0.8772153258323669
043409,0.0625,0.088134765625,0.06703981757164001,0.0828210860490799
043411,0.091796875,0.20475006103515625,0.13686305284500122,0.5533528923988342
043412,0.110107421875,0.18639832735061646,0.1428571492433548,0.4249456822872162
043413,0.606689453125,0.640754222869873,1.0,0.9950883388519287
043418,0.110107421875,0.1914680004119873,0.17882166802883148,0.4232151210308075
043421,0.19921875,0.2840108871459961,0.30167919397354126,0.563541054725647
043423,0.0625,0.11376953125,0.08391720056533813,0.25983691215515137
043425,0.08203125,0.1003744900226593,0.7039180994033813,0.8667163848876953
043426,0.4375,0.4375,1.0,1.0
043427,0.0625,0.0625,1.0,1.0
043430,0.0,0.17235291004180908,0.0,0.5376579761505127
043431,0.23046875,0.27475738525390625,0.41257962584495544,0.6350140571594238
043433,0.21875,0.21875,0.6309297680854797,0.6309297680854797
043434,0.05078125,0.18329750001430511,0.09490446001291275,0.5599691271781921
043435,0.03125,0.03125,0.6309297680854797,0.6309297680854797
043437,0.947998046875,0.9531829357147217,0.6841284036636353,0.8517907857894897
043439,0.940673828125,0.9419019222259521,1.0,0.9684067964553833
043440,0.606689453125,0.6224207282066345,1.0,0.9651064276695251
043441,0.606689453125,0.6493765115737915,0.6509066820144653,0.8409667015075684
043442,0.455078125,0.5035381317138672,0.5115761756896973,0.499530553817749
043444,0.19921875,0.2782360911369324,0.30167919397354126,0.5867007970809937
043445,0.344482421875,0.3915262222290039,0.5977610945701599,0.799166738986969
043447,0.956298828125,0.9588733315467834,1.0,0.8840974569320679
043448,0.466064453125,0.48774614930152893,0.6823248863220215,0.7015044689178467
043451,0.219970703125,0.219970703125,0.63103848695755,0.63103848695755
043453,0.4375,0.4375,1.0,1.0
043455,0.951904296875,0.951904296875,1.0,1.0
043459,0.466064453125,0.5566346049308777,0.5450960993766785,0.6685321927070618
043461,0.0625,0.0625,1.0,1.0
043463,0.278564453125,0.2966090142726898,0.7276545763015747,0.7356552481651306
043465,0.560546875,0.560546875,0.9580413699150085,0.9580413699150085
043466,0.0625,0.0625,0.08391720056533813,0.08099012821912766
043467,0.606689453125,0.6427099704742432,1.0,1.0
043468,0.560546875,0.6153208613395691,0.7653606534004211,0.9135398864746094
043470,0.466064453125,0.5201377868652344,0.6823248863220215,0.9026889204978943
043473,0.08203125,0.09576416015625,0.7039180994033813,0.9060254693031311
043475,0.02083333395421505,0.02083333395421505,0.5,0.5
043478,0.4375,0.5267089605331421,0.4692787528038025,0.8529279232025146
043480,0.956298828125,0.9586778879165649,1.0,0.9658156037330627
043481,0.531982421875,0.5757540464401245,0.7462155222892761,0.8720082640647888
043482,0.0,0.0546875,0.0,0.19342641532421112
043483,0.0625,0.1310596466064453,0.12298715859651566,0.41554325819015503
043485,0.51953125,0.5554426908493042,0.7039180994033813,0.6121185421943665
043488,0.1458333432674408,0.1978810727596283,0.23463937640190125,0.5026924014091492
043489,0.091796875,0.102783203125,0.7653606534004211,0.9469023942947388
043492,0.0,0.0546875,0.0,0.31546488404273987
043495,0.606689453125,0.6423063278198242,1.0,0.9305688142776489
043496,0.531982421875,0.5775457620620728,0.7462155222892761,0.7401548027992249
043497,0.531982421875,0.5824589133262634,0.7462155222892761,0.889524519443512
043499,0.606689453125,0.625141978263855,1.0,0.9505309462547302
043500,0.606689453125,0.6349157094955444,1.0,1.0
043504,0.091796875,0.091796875,1.0,1.0
043506,0.44921875,0.504660964012146,0.5027986764907837,0.6726555824279785
043509,0.560546875,0.577850341796875,0.7653606534004211,0.9134015440940857
043512,0.0,0.0,0.0,0.0
043514,0.4375,0.5133609175682068,0.4692787528038025,0.7969319224357605
043518,0.455078125,0.455078125,1.0,1.0
043522,0.432373046875,0.4327850341796875,0.6485327482223511,0.6416194438934326
043523,0.503173828125,0.5038604736328125,0.6796846985816956,0.6853682398796082
043524,0.560546875,0.560546875,1.0,1.0
043527,0.21875,0.2506103515625,0.29608193039894104,0.4476807117462158
043528,0.9668782353401184,0.9668782353401184,0.892719030380249,0.8791787028312683
043532,0.0,0.06376953423023224,0.0,0.21777410805225372
043536,0.21875,0.25462037324905396,0.3706210255622864,0.5883951187133789
043537,0.560546875,0.5965597033500671,0.7653606534004211,0.7920843362808228
043538,0.560546875,0.560546875,1.0,1.0
043544,0.606689453125,0.6394903659820557,1.0,0.9988899827003479
043545,0.61328125,0.61328125,0.7467872500419617,0.7467872500419617
043549,0.03125,0.03125,0.6309297680854797,0.6309297680854797
043551,0.939453125,0.9511188864707947,0.5589672327041626,0.8301078677177429
043552,0.560546875,0.56549072265625,0.9580413699150085,0.9941825866699219
043553,0.44921875,0.44921875,0.982842206954956,0.982842206954956
043554,0.531982421875,0.5340423583984375,0.9340764880180359,0.9258759021759033
043559,0.0,0.02450358122587204,0.0,0.3813808262348175
043563,0.19921875,0.232177734375,0.3776274025440216,0.5734342336654663
043567,0.1458333432674408,0.1538899838924408,0.4304550588130951,0.48080867528915405
043568,0.0625,0.0625,1.0,1.0
043569,0.267578125,0.267578125,0.7098097205162048,0.7098097205162048
043570,0.03125,0.06815004348754883,0.29608193039894104,0.6212393641471863
043571,0.560546875,0.5721222758293152,0.9580413699150085,0.9775992631912231
043572,0.19921875,0.20745849609375,0.3776274025440216,0.3766680359840393
043573,0.0625,0.1650390625,0.06703981757164001,0.26159432530403137
043575,0.08203125,0.08203125,0.9197208285331726,0.9197208285331726
043576,0.0,0.012500000186264515,0.0,0.38685280084609985
043578,0.0625,0.1478271484375,0.08391720056533813,0.3138858675956726
043579,0.110107421875,0.11654472351074219,1.0,0.9550236463546753
043580,0.560546875,0.560546875,1.0,1.0
043583,0.606689453125,0.6381262540817261,1.0,0.8965491056442261
043586,0.19921875,0.224853515625,0.3776274025440216,0.5544586181640625
043587,0.4375,0.5122910737991333,0.4692787528038025,0.5968400239944458
043591,0.606689453125,0.6094372868537903,1.0,0.653907299041748
043592,0.0,0.12512817978858948,0.0,0.29243040084838867
043594,0.02083333395421505,0.0325520858168602,0.23463936150074005,0.41618114709854126
043597,0.0,0.16188964247703552,0.0,0.5101253390312195
043600,0.9375,0.9375,0.7531440854072571,0.7234480977058411
043603,0.968017578125,0.9680222272872925,1.0,0.9140602946281433
043606,0.531982421875,0.5757745504379272,0.48571667075157166,0.6476134657859802
043608,0.219970703125,0.28385987877845764,0.34397661685943604,0.6567443013191223
043610,0.267578125,0.274169921875,0.4545382261276245,0.47001492977142334
043611,0.951171875,0.9528045654296875,0.694340705871582,0.7112074494361877
043614,0.267578125,0.267578125,0.7098097205162048,0.7098097205162048
043615,0.0625,0.0625,1.0,1.0
043616,0.531982421875,0.5798653960227966,0.7462155222892761,0.7948070764541626
043618,0.4375,0.4375,1.0,1.0
043619,0.05078125,0.0702362060546875,0.5307212471961975,0.7271360158920288
043621,0.02083333395421505,0.1695149838924408,0.03351990878582001,0.3954932689666748
043622,0.4375,0.5085513591766357,0.4692787528038025,0.6508850455284119
043623,0.02083333395421505,0.02083333395421505,0.06552281230688095,0.06552281230688095
043628,0.706298828125,0.7085610628128052,0.871160089969635,0.8631638884544373
043629,0.455078125,0.455078125,1.0,1.0
043630,0.940673828125,0.940673828125,1.0,1.0
043633,0.267578125,0.36421605944633484,0.36312174797058105,0.7478724718093872
043635,0.455078125,0.5282187461853027,0.5115761756896973,0.8288998007774353
