qid,err@3,err@10,ndcg@3,ndcg@10
032047,0.1458333432674408,0.17791342735290527,0.37262624502182007,0.5513678789138794
032049,0.9507649540901184,0.9528477787971497,0.8898733854293823,0.902130663394928
032053,0.197998046875,0.3013301491737366,0.13742950558662415,0.3368270695209503
032054,0.61328125,0.6165339946746826,0.6327316761016846,0.681869626045227
032055,0.9507649540901184,0.9554423093795776,0.7292529344558716,0.762289822101593
032057,0.374755859375,0.44870948791503906,0.28309693932533264,0.5006953477859497
032059,0.968017578125,0.9680671095848083,1.0,0.9326496124267578
032061,0.947998046875,0.9525337815284729,0.6841284036636353,0.7143747210502625
032062,0.571533203125,0.5782861113548279,0.49935534596443176,0.645971953868866
032065,0.701904296875,0.7071132063865662,0.7402501106262207,0.8032382726669312
032067,0.968017578125,0.9680461883544922,1.0,0.9468708634376526
032070,0.4778645932674408,0.48632586002349854,0.4635950028896332,0.6979904770851135
032071,0.703369140625,0.7074019312858582,0.5620065331459045,0.4684791564941406
032076,0.940673828125,0.9514832496643066,0.5768473744392395,0.7537500262260437
032078,0.300537109375,0.4052032232284546,0.2163846641778946,0.5062525868415833
032079,0.701171875,0.70281982421875,0.7871269583702087,0.8488978147506714
032083,0.701904296875,0.7097382545471191,0.5307213068008423,0.6318459510803223
032086,0.95703125,0.95721435546875,0.8665862679481506,0.9163487553596497
032088,0.47265625,0.5486221313476562,0.3039627969264984,0.5222773551940918
032091,0.957763671875,0.9584976434707642,0.7236568927764893,0.8385017514228821
032094,0.0625,0.2037353515625,0.08155369758605957,0.44230034947395325
032097,0.94140625,0.9433737993240356,0.8970906734466553,0.9427357316017151
032099,0.9673665165901184,0.9675267338752747,0.8748590350151062,0.7517850995063782
032105,0.432373046875,0.4341754913330078,0.5636333227157593,0.6372604370117188
032106,0.0625,0.249267578125,0.03128524869680405,0.21562503278255463
032108,0.9507649540901184,0.956498384475708,0.6379934549331665,0.8573037385940552
032111,0.23828125,0.3963899612426758,0.21514107286930084,0.6145768165588379
032113,0.499755859375,0.499755859375,1.0,1.0
032116,0.951171875,0.9538326263427734,0.8472716808319092,0.8945286870002747
032117,0.393798828125,0.407723993062973,0.8579513430595398,0.7242393493652344
032118,0.9668782353401184,0.9674392938613892,0.7810032963752747,0.6879276037216187
032125,0.953369140625,0.9555149674415588,0.912726640701294,0.8561677932739258
032126,0.9673665165901184,0.9679015278816223,0.8748590350151062,0.9218473434448242
032127,0.263671875,0.37723618745803833,0.2660166919231415,0.6209313869476318
032128,0.94140625,0.953740656375885,0.5162065625190735,0.6814702749252319
032132,0.701171875,0.7097783088684082,0.5150786638259888,0.7782478928565979
032133,0.953369140625,0.9582744836807251,0.7479812502861023,0.7382768988609314
032135,0.946533203125,0.9565711617469788,0.6577322483062744,0.871856689453125
032137,0.1458333432674408,0.2807454466819763,0.15272833406925201,0.5527944564819336
032141,0.263671875,0.2682563066482544,0.2660166919231415,0.2759225368499756
032144,0.3125,0.31982421875,0.28886207938194275,0.47111380100250244
032145,0.571533203125,0.5759201049804688,0.6676040887832642,0.7501934170722961
032146,0.0,0.0625,0.0,0.24841751158237457
032155,0.3059895932674408,0.4169731140136719,0.23244215548038483,0.5158030390739441
032156,0.1875,0.2557373046875,0.31939393281936646,0.6307100057601929
032161,0.9375,0.9423711895942688,0.5364049673080444,0.5683557987213135
032162,0.09375,0.1164957657456398,0.35098522901535034,0.577843964099884
032167,0.08203125,0.2910289764404297,0.07531441003084183,0.4997449219226837
032168,0.388427734375,0.396282434463501,0.4535067081451416,0.5274761915206909
032169,0.953369140625,0.960246741771698,0.7479812502861023,0.8389293551445007
032170,0.940673828125,0.9540738463401794,0.5768473744392395,0.7776688933372498
032171,0.968017578125,0.9680542349815369,1.0,0.9365875124931335
032173,0.46875,0.4791305959224701,0.3384338617324829,0.5067178606987
032174,0.953369140625,0.9581570625305176,0.7479812502861023,0.8095685243606567
032175,0.659423828125,0.6598358154296875,0.8254533410072327,0.7943218350410461
032176,0.0,0.240234375,0.0,0.310632586479187
032179,0.9444172978401184,0.9468348622322083,0.8315341472625732,0.7890731692314148
032180,0.966796875,0.9669219851493835,0.7653606534004211,0.6998220682144165
032182,0.490234375,0.5471082329750061,0.6884825229644775,0.8398363590240479
032184,0.9673665165901184,0.9674881100654602,1.0,0.9989661574363708
032185,0.95703125,0.95703125,0.8665862679481506,0.8139542937278748
032190,0.659423828125,0.6630876660346985,0.6764605641365051,0.768588662147522
032191,0.505615234375,0.5140292644500732,0.37429502606391907,0.5075086951255798
032193,0.556884765625,0.556884765625,0.9594535827636719,0.8722072243690491
032196,0.9388020634651184,0.9388020634651184,0.7782489061355591,0.7617761492729187
032199,0.9375,0.9524266123771667,0.5364049673080444,0.8110194206237793
032202,0.701171875,0.70281982421875,0.7871269583702087,0.8488978147506714
032203,0.968017578125,0.9680558443069458,1.0,0.9544610977172852
032204,0.51953125,0.5563629269599915,0.7039180994033813,0.9058071374893188
032205,0.943115234375,0.9526122808456421,0.5359453558921814,0.7047723531723022
032206,0.95703125,0.957502007484436,0.7039180397987366,0.7450506687164307
032214,0.939453125,0.9462051391601562,0.7848228216171265,0.9338821768760681
032215,0.2774251401424408,0.325661301612854,0.5188971757888794,0.7332148551940918
032216,0.95703125,0.9579690098762512,0.7039180397987366,0.9036250710487366
032217,0.1106770858168602,0.1344808042049408,0.2302355170249939,0.31980612874031067
032218,0.488037109375,0.5382480621337891,0.4365417957305908,0.6378430128097534
032221,0.46875,0.4710937440395355,0.4524630308151245,0.47839730978012085
032223,0.953369140625,0.9590597152709961,0.7479812502861023,0.9209243655204773
032225,0.490234375,0.500946044921875,0.8556691408157349,0.9467318058013916
032226,0.9668782353401184,0.9675717949867249,0.7810032963752747,0.913850724697113
032227,0.962158203125,0.9626927375793457,0.8420895934104919,0.7996922135353088
032228,0.956298828125,0.959060788154602,1.0,0.9661392569541931
032231,0.16796875,0.2279644012451172,0.34665608406066895,0.6042779684066772
032234,0.9466145634651184,0.9533665776252747,0.6615661382675171,0.7406347393989563
032236,0.956298828125,0.9609447121620178,0.8195018768310547,0.9365812540054321
032237,0.508056640625,0.5120844841003418,0.46666663885116577,0.6873957514762878
032240,0.953369140625,0.9589511752128601,0.7479812502861023,0.8299304246902466
032241,0.966796875,0.9672576785087585,0.8748388290405273,0.9729275703430176
032242,0.21875,0.2485700398683548,0.42495885491371155,0.5991730690002441
032245,0.584228515625,0.5844888687133789,0.7139173746109009,0.7681973576545715
032248,0.940673828125,0.9476550817489624,0.771205723285675,0.8661799430847168
032250,0.953369140625,0.9591503143310547,0.6543781161308289,0.7891345620155334
032254,0.12109375,0.13299560546875,0.605190634727478,0.7094471454620361
032258,0.962158203125,0.9625638723373413,0.8420895934104919,0.9332388043403625
032260,0.701171875,0.70281982421875,0.7871269583702087,0.8488978147506714
032261,0.706298828125,0.7079596519470215,0.7139173746109009,0.5736821889877319
032262,0.9466145634651184,0.9510777592658997,0.8072783350944519,0.9328675270080566
032265,0.956298828125,0.9611455202102661,0.7169486284255981,0.8832969069480896
032266,0.431884765625,0.4953153133392334,0.3415256440639496,0.7348459959030151
032267,0.968017578125,0.9680471420288086,1.0,0.8360914587974548
032268,0.939453125,0.9506842494010925,0.489017516374588,0.6049900054931641
032270,0.703369140625,0.7054733037948608,0.7838867902755737,0.7350884675979614
032273,0.02083333395421505,0.2419331818819046,0.027184564620256424,0.42003652453422546
032275,0.968017578125,0.968066930770874,1.0,0.9390019178390503
032276,0.966796875,0.9670976400375366,0.8748388290405273,0.8628615140914917
032279,0.943115234375,0.9543884992599487,0.6126077175140381,0.7547407150268555
032280,0.951904296875,0.9547393918037415,0.9521908760070801,0.9634896516799927
032281,0.3125,0.3164876401424408,0.40776848793029785,0.5271152257919312
032282,0.09375,0.2610217034816742,0.05921638384461403,0.5177634358406067
032283,0.260498046875,0.40679091215133667,0.19761748611927032,0.44255438446998596
032284,0.967041015625,0.9672912955284119,0.9284793138504028,0.9285388588905334
032285,0.9673665165901184,0.9677515029907227,0.8748590350151062,0.8935233950614929
032286,0.393798828125,0.44371289014816284,0.42629045248031616,0.6298617720603943
032288,0.703369140625,0.7076670527458191,0.6423966884613037,0.6060441136360168
032289,0.580322265625,0.6369949579238892,0.4040961265563965,0.6680346131324768
032292,0.25390625,0.28693389892578125,0.5692896842956543,0.7083685994148254
032293,0.505615234375,0.5172181725502014,0.427834689617157,0.7230666875839233
032299,0.9673665165901184,0.9676157832145691,0.8748590350151062,0.7689533233642578
032305,0.393798828125,0.46314695477485657,0.31885725259780884,0.5827376246452332
032307,0.9388020634651184,0.9527149200439453,0.48492133617401123,0.6068812012672424
032309,0.967041015625,0.9678121209144592,0.8122885227203369,0.897149920463562
032313,0.967041015625,0.9673939347267151,0.9284793138504028,0.8213309645652771
032314,0.51953125,0.5340317487716675,0.8129132390022278,0.8759799599647522
032316,0.939453125,0.9494596123695374,0.489017516374588,0.7306897640228271
032319,0.95703125,0.95721435546875,0.7039180397987366,0.7071946859359741
032322,0.44140625,0.45246222615242004,0.3284950852394104,0.5448177456855774
032323,0.962158203125,0.9622097015380859,0.9625431895256042,0.7352887988090515
032324,0.560546875,0.5724121332168579,0.4082580804824829,0.3913305401802063
032327,0.212890625,0.39141845703125,0.20876063406467438,0.5801874995231628
032328,0.46875,0.4752604067325592,0.3384338617324829,0.401425838470459
032330,0.388427734375,0.39998868107795715,0.3251410126686096,0.48779594898223877
032331,0.9375,0.9375,0.7171369194984436,0.6418733596801758
032334,0.9507649540901184,0.957526683807373,0.7292529344558716,0.9209956526756287
032337,0.95703125,0.9573754072189331,0.7039180397987366,0.623358964920044
032339,0.967041015625,0.9673119187355042,0.8122885227203369,0.7242100238800049
032342,0.03125,0.25406646728515625,0.034303102642297745,0.48443952202796936
032343,0.4375,0.5113332867622375,0.4692787528038025,0.6200227737426758
032347,0.0,0.16445311903953552,0.0,0.24006028473377228
032348,0.659423828125,0.6604623794555664,0.8254533410072327,0.8338785171508789
032349,0.9673665165901184,0.9678108096122742,0.8748590350151062,0.936208963394165
032351,0.968017578125,0.9680773615837097,1.0,0.9496465921401978
032353,0.9673665165901184,0.967703640460968,0.8748590350151062,0.9135243892669678
032356,0.953369140625,0.9602653980255127,0.7479812502861023,0.9275221228599548
032357,0.9375,0.9430176019668579,0.6545500159263611,0.6908168196678162
032360,0.706298828125,0.7093732953071594,0.871160089969635,0.8849088549613953
032361,0.701171875,0.70941162109375,0.5887562036514282,0.8197731971740723
032363,0.263671875,0.39197733998298645,0.15307211875915527,0.40689828991889954
032364,0.701171875,0.701171875,0.7184317708015442,0.7051791548728943
032368,0.9673665165901184,0.9677561521530151,0.8748590350151062,0.7393025159835815
032369,0.47265625,0.4777323305606842,0.4784300625324249,0.44850847125053406
032371,0.32421875,0.3310898244380951,0.31316232681274414,0.5083860158920288
032372,0.606689453125,0.6122512817382812,1.0,0.9203201532363892
032373,0.505615234375,0.5144633650779724,0.37429502606391907,0.6571872234344482
032374,0.951904296875,0.9598693251609802,0.7122209072113037,0.8976342678070068
032376,0.9673665165901184,0.9676613807678223,0.8748590350151062,0.7845212817192078
032377,0.9375,0.9467675685882568,0.4692787230014801,0.48527848720550537
032378,0.263671875,0.263671875,0.90728360414505,0.90728360414505
032379,0.703369140625,0.7102850079536438,0.5620065331459045,0.7789520025253296
032380,0.432373046875,0.4382452666759491,0.4618985950946808,0.6489118337631226
032383,0.3599446713924408,0.4174494743347168,0.5626510977745056,0.8060696721076965
032387,0.5757649540901184,0.5775130391120911,0.6966133713722229,0.7192075848579407
032388,0.0,0.0,0.0,0.0
032389,0.21875,0.30798301100730896,0.19272169470787048,0.4432401955127716
032390,0.4375,0.5738600492477417,0.21899673342704773,0.5057350993156433
032391,0.968017578125,0.9680559635162354,1.0,0.9833411574363708
032393,0.956298828125,0.9602454304695129,0.8195018768310547,0.878025472164154
032394,0.393798828125,0.47084715962409973,0.2789551615715027,0.6742531657218933
032400,0.943359375,0.953761637210846,0.6040917634963989,0.8375839591026306
032401,0.166259765625,0.27221816778182983,0.12132726609706879,0.3614191710948944
032402,0.712158203125,0.7125880718231201,0.7497180104255676,0.7890726923942566
032403,0.956298828125,0.9589595794677734,1.0,0.9991666674613953
032404,0.365234375,0.4469817876815796,0.3236317038536072,0.6504377722740173
032405,0.633056640625,0.6381226181983948,0.5862115621566772,0.6700521111488342
032406,0.150390625,0.23370361328125,0.3079797923564911,0.628942608833313
032408,0.94140625,0.9536082148551941,0.5900454521179199,0.7697387933731079
032409,0.706298828125,0.7075908780097961,0.871160089969635,0.809117317199707
032410,0.968017578125,0.968017578125,1.0,1.0
032413,0.567138671875,0.6219727396965027,0.37281090021133423,0.6904363036155701
032416,0.110107421875,0.19478128850460052,0.07620275020599365,0.150023952126503
032418,0.706298828125,0.7067623138427734,0.871160089969635,0.7718327641487122
032419,0.388427734375,0.3897029459476471,0.496870219707489,0.45413994789123535
032421,0.455078125,0.5819927453994751,0.33298835158348083,0.6898050308227539
032422,0.469970703125,0.4769916534423828,0.3877114951610565,0.4737047255039215
032423,0.51953125,0.5491943359375,0.45818498730659485,0.6473923325538635
032425,0.212890625,0.3774925470352173,0.17359158396720886,0.6014686226844788
032426,0.946533203125,0.9564728140830994,0.575423002243042,0.7036571502685547
032427,0.39453125,0.4029960036277771,0.4261382520198822,0.6857931017875671
032428,0.571533203125,0.5779963135719299,0.49935534596443176,0.6502406597137451
032429,0.61328125,0.618747889995575,0.5185247659683228,0.596613883972168
032430,0.606689453125,0.6327023506164551,1.0,0.9439196586608887
032431,0.4375,0.4375,0.5874204039573669,0.5874204039573669
032433,0.580322265625,0.6233475804328918,0.5636333227157593,0.7646644711494446
032434,0.706298828125,0.7106575965881348,0.6245770454406738,0.697933554649353
032436,0.510498046875,0.5153509378433228,0.43686550855636597,0.4616847336292267
032437,0.962158203125,0.9624996781349182,0.8420895934104919,0.8431271910667419
032439,0.633056640625,0.633056640625,0.7837249636650085,0.7837249636650085
032442,0.967041015625,0.9675810933113098,0.9284793138504028,0.9454678893089294
032443,0.962158203125,0.9626095294952393,0.8420895934104919,0.8101164698600769
032445,0.633056640625,0.6353998184204102,0.715326726436615,0.702927827835083
032446,0.531982421875,0.5935601592063904,0.3482339084148407,0.7246742248535156
032448,0.03125,0.03125,0.09869397431612015,0.09246470779180527
032450,0.966796875,0.9671030044555664,0.8748388290405273,0.8508354425430298
032451,0.957763671875,0.9583339095115662,0.7236568927764893,0.6710758209228516
032452,0.584228515625,0.5849990248680115,0.6245770454406738,0.707695722579956
032453,0.0,0.13843263685703278,0.0,0.44075047969818115
032454,0.4700520932674408,0.4760618805885315,0.3563140034675598,0.46122169494628906
032460,0.962158203125,0.9623945355415344,0.9625431895256042,0.9591208696365356
032461,0.701171875,0.7058802843093872,0.5887562036514282,0.7675578594207764
032462,0.39453125,0.3961471617221832,0.5697178244590759,0.6292760968208313
032465,0.967041015625,0.9675772190093994,0.8122885227203369,0.8993204832077026
032468,0.2774251401424408,0.28709539771080017,1.0,1.0
032473,0.490234375,0.5429000854492188,0.6884825229644775,0.8929444551467896
032474,0.968017578125,0.968063235282898,1.0,0.792156457901001
032475,0.580322265625,0.6151796579360962,0.5636333227157593,0.6408753395080566
032484,0.510498046875,0.5184577703475952,0.49935534596443176,0.6807935237884521
032485,0.501953125,0.50469970703125,0.6016255021095276,0.6759108901023865
032486,0.943115234375,0.9476392269134521,0.7475366592407227,0.7416633367538452
032487,0.0,0.1875,0.0,0.1791282445192337
032489,0.712158203125,0.7125701904296875,0.7497180104255676,0.8236680626869202
032490,0.94140625,0.9539311528205872,0.5162065625190735,0.8120245933532715
032491,0.703369140625,0.7059139609336853,0.7838867902755737,0.6891663670539856
032498,0.9668782353401184,0.9672794342041016,0.7810032963752747,0.6785423159599304
032499,0.951904296875,0.9584794044494629,0.6230928897857666,0.7865369915962219
032500,0.0,0.2014545202255249,0.0,0.40847912430763245
032502,0.9673665165901184,0.967717170715332,1.0,0.9018012881278992
032504,0.706298828125,0.7111707925796509,0.6245770454406738,0.8353316783905029
032509,0.9668782353401184,0.967523992061615,0.7810032963752747,0.8425447344779968
032510,0.943115234375,0.9516180157661438,0.6126077175140381,0.8307154774665833
032511,0.703369140625,0.7091654539108276,0.6423966884613037,0.7580450773239136
032512,0.659423828125,0.6623919010162354,0.5918076038360596,0.661350667476654
032513,0.956298828125,0.9602459669113159,0.7169486284255981,0.8308984041213989
032514,0.951904296875,0.9584721922874451,0.6230928897857666,0.8574562072753906
032515,0.1458333432674408,0.2028401792049408,0.12516115605831146,0.32096850872039795
032516,0.968017578125,0.9680591821670532,1.0,0.7915967106819153
032520,0.701904296875,0.7083957195281982,0.6066363453865051,0.8052199482917786
032522,0.712158203125,0.7124637961387634,0.8569586873054504,0.8046965003013611
032523,0.633056640625,0.6379146575927734,0.5862115621566772,0.7115853428840637
032524,0.951904296875,0.9566751718521118,0.6230928897857666,0.6005759835243225
032526,0.712158203125,0.7125048637390137,0.7497180104255676,0.7751784920692444
032528,0.943359375,0.9542853236198425,0.6040917634963989,0.776467502117157
032529,0.940673828125,0.9518812298774719,0.5046601295471191,0.724317193031311
032530,0.61328125,0.6200180053710938,0.4536360800266266,0.5603459477424622
032531,0.9375,0.946258544921875,0.5364049673080444,0.5476842522621155
032532,0.4375,0.5307700037956238,0.33466389775276184,0.6530671119689941
032533,0.95703125,0.957489013671875,0.7039180397987366,0.7674187421798706
032535,0.962158203125,0.9624752402305603,0.8420895934104919,0.8962100148200989
032536,0.09375,0.22292479872703552,0.10882609337568283,0.4382706880569458
032537,0.510498046875,0.5167984962463379,0.43686550855636597,0.6078330278396606
032538,0.09375,0.1112060546875,0.29608193039894104,0.34527480602264404
032539,0.9375,0.9462475180625916,0.4692787230014801,0.4628990888595581
032540,0.94140625,0.9535395503044128,0.5900454521179199,0.6788428425788879
032541,0.706298828125,0.7110141515731812,0.7139173746109009,0.8494408130645752
032542,0.431884765625,0.48725634813308716,0.390377938747406,0.5105274319648743
032543,0.968017578125,0.9680569171905518,1.0,0.906281590461731
032544,0.9375,0.9445241689682007,0.4692787230014801,0.48319193720817566
032548,0.940673828125,0.948479413986206,0.771205723285675,0.9122623205184937
032553,0.968017578125,0.9680760502815247,1.0,0.8784463405609131
032554,0.9507649540901184,0.9569332599639893,0.7292529344558716,0.7757945656776428
032555,0.0625,0.07773437350988388,0.08155369758605957,0.11355967074632645
032556,0.490234375,0.4959472715854645,0.8556691408157349,0.7687122225761414
032557,0.94140625,0.9499958753585815,0.7200049757957458,0.9105110764503479
032558,0.9668782353401184,0.9673325419425964,0.7810032963752747,0.753623902797699
032560,0.09375,0.10898437350988388,0.29608193039894104,0.4317338764667511
032561,0.3599446713924408,0.4408756494522095,0.36623337864875793,0.6602773070335388
032565,0.374755859375,0.47957390546798706,0.28309693932533264,0.6963346004486084
032566,0.959228515625,0.9597297310829163,0.7631344795227051,0.8383349776268005
032568,0.951171875,0.9587580561637878,0.694340705871582,0.7598791122436523
032573,0.9466145634651184,0.9538256525993347,0.5787770748138428,0.7592421174049377
032574,0.939453125,0.9448743462562561,0.6820816993713379,0.6587887406349182
032576,0.47265625,0.5507098436355591,0.3709116578102112,0.5853458046913147
032577,0.956298828125,0.9579132795333862,1.0,0.8250451683998108
032579,0.968017578125,0.9680708646774292,1.0,0.9483609795570374
032580,0.966796875,0.967521071434021,0.7653606534004211,0.7940155863761902
032581,0.431884765625,0.46339213848114014,0.4763599932193756,0.48466235399246216
032582,0.9673665165901184,0.9678944945335388,0.8748590350151062,0.9168879985809326
032583,0.5757649540901184,0.5808706283569336,0.5708760023117065,0.6587918996810913
032585,0.3599446713924408,0.45082923769950867,0.26257050037384033,0.6618316173553467
032586,0.9673665165901184,0.9677475094795227,1.0,0.9944201111793518
032589,0.962158203125,0.9624819159507751,0.9625431895256042,0.9678084850311279
032593,0.606689453125,0.622512936592102,0.6509066820144653,0.6217758059501648
032596,0.966796875,0.9673519134521484,0.7653606534004211,0.8356261253356934
032598,0.0,0.0,0.0,0.0
032602,0.951171875,0.9545236825942993,0.8472716808319092,0.8237766623497009
032604,0.966796875,0.9671535491943359,0.8748388290405273,0.9193759560585022
032606,0.706298828125,0.7110337615013123,0.7139173746109009,0.8476843237876892
032608,0.962158203125,0.9625337719917297,0.8420895934104919,0.873603105545044
032609,0.5757649540901184,0.5757649540901184,0.6966133713722229,0.5963137745857239
032610,0.455078125,0.455078125,0.5907889604568481,0.5556217432022095
032613,0.3059895932674408,0.39914703369140625,0.2836383283138275,0.5660939812660217
032616,0.953369140625,0.960299551486969,0.6543781161308289,0.7725571990013123
032617,0.962158203125,0.9624766111373901,0.8420895934104919,0.8219447135925293
032619,0.3059895932674408,0.39997726678848267,0.23244215548038483,0.5076602101325989
032620,0.580322265625,0.6437028646469116,0.4618985950946808,0.7861864566802979
032621,0.9507649540901184,0.9566067457199097,0.6379934549331665,0.7729629874229431
032622,0.393798828125,0.4433760941028595,0.38908666372299194,0.621040940284729
032623,0.304931640625,0.4371298551559448,0.22860826551914215,0.6054577827453613
032624,0.571533203125,0.5778073072433472,0.6093400716781616,0.6936911940574646
032626,0.3125,0.3193359375,0.3585684597492218,0.5027003884315491
032627,0.2774251401424408,0.3703250586986542,0.257824569940567,0.6058636903762817
032628,0.9375,0.9503933787345886,0.4692787230014801,0.7342137694358826
032629,0.947998046875,0.953279435634613,0.8348100185394287,0.837982177734375
032630,0.501953125,0.5112616419792175,0.4566117227077484,0.6597447395324707
032631,0.0,0.1591142863035202,0.0,0.37031084299087524
032632,0.25390625,0.3220457434654236,0.25817668437957764,0.40280067920684814
032633,0.703369140625,0.7050279378890991,0.6423966884613037,0.5830384492874146
032634,0.556884765625,0.5972573161125183,0.4431702494621277,0.5910826921463013
032636,0.953369140625,0.9603589773178101,0.6543781161308289,0.7525205016136169
032639,0.943359375,0.9501298069953918,0.8076295852661133,0.9451993703842163
032640,0.09375,0.135009765625,0.35098522901535034,0.646052360534668
032642,0.659423828125,0.6624079346656799,0.6764605641365051,0.7094704508781433
032643,0.51953125,0.5854712724685669,0.3754834830760956,0.6033605933189392
032645,0.953369140625,0.9585833549499512,0.7479812502861023,0.8624809980392456
032646,0.35546875,0.3617621064186096,0.3709116578102112,0.5494383573532104
032647,0.499755859375,0.6043781042098999,0.3358892798423767,0.660606861114502
032648,0.947998046875,0.9510446786880493,0.8348100185394287,0.7959402203559875
032649,0.947998046875,0.9539481997489929,0.6841284036636353,0.837752640247345
032650,0.9668782353401184,0.9675317406654358,0.7810032963752747,0.9003650546073914
032652,0.571533203125,0.5763595700263977,0.43686550855636597,0.46442222595214844
032653,0.962158203125,0.962674617767334,0.8420895934104919,0.7255631685256958
032654,0.567138671875,0.6112825274467468,0.5199966430664062,0.6309493780136108
032655,0.951904296875,0.9568192958831787,0.8690900206565857,0.8226800560951233
032656,0.560546875,0.5838124752044678,0.8838695287704468,0.9495647549629211
032658,0.3599446713924408,0.4407848119735718,0.36623337864875793,0.6188251376152039
032660,0.560546875,0.6023918986320496,0.7653606534004211,0.9491068124771118
032661,0.606689453125,0.606689453125,0.5334192514419556,0.4213218092918396
032662,0.701171875,0.70501708984375,0.7184317708015442,0.6679835915565491
032664,0.9507649540901184,0.9557721018791199,0.7292529344558716,0.7881086468696594
032666,0.951904296875,0.9591520428657532,0.6230928897857666,0.8574198484420776
032667,0.943115234375,0.9518656134605408,0.5359453558921814,0.6656126379966736
032669,0.606689453125,0.6487507820129395,0.6509066820144653,0.8177379369735718
032670,0.61328125,0.6163574457168579,0.6327316761016846,0.6269295811653137
032671,0.9375,0.939453125,0.7171369194984436,0.7682268619537354
032674,0.951904296875,0.958418071269989,0.6230928897857666,0.835816502571106
032676,0.0,0.1678481549024582,0.0,0.450654000043869
032677,0.508056640625,0.514953076839447,0.46666663885116577,0.5611605644226074
032678,0.0,0.12868042290210724,0.0,0.40975213050842285
032679,0.959228515625,0.9594697952270508,0.8722942471504211,0.7774659395217896
032683,0.967041015625,0.9672381281852722,0.9284793138504028,0.8932199478149414
032684,0.953369140625,0.9574865698814392,0.7479812502861023,0.8327248096466064
032685,0.520263671875,0.5211305618286133,0.5620065331459045,0.575607180595398
032688,0.580322265625,0.597967803478241,1.0,0.9470627903938293
032689,0.520263671875,0.5206224918365479,0.691880464553833,0.7205312848091125
032690,0.951904296875,0.9566331505775452,0.8690900206565857,0.8958638310432434
032692,0.9673665165901184,0.9677399396896362,0.8748590350151062,0.8338280320167542
032693,0.508056640625,0.5105628371238708,0.6509066820144653,0.616154670715332
032697,0.9673665165901184,0.967772364616394,0.8748590350151062,0.9283557534217834
032698,0.432373046875,0.4370634853839874,0.4618985950946808,0.520711362361908
032699,0.9507649540901184,0.9561968445777893,0.7292529344558716,0.8383165001869202
032701,0.712158203125,0.7126083970069885,0.7497180104255676,0.8222877383232117
032702,0.967041015625,0.9676914215087891,0.8122885227203369,0.9303255081176758
032703,0.431884765625,0.48156222701072693,0.4763599932193756,0.7081976532936096
032705,0.703369140625,0.7096087336540222,0.5620065331459045,0.6772794127464294
032706,0.95703125,0.957805335521698,0.7039180397987366,0.7308481335639954
032708,0.953369140625,0.9604145288467407,0.6543781161308289,0.8936628699302673
032710,0.966796875,0.9675464630126953,0.7653606534004211,0.8015835881233215
032711,0.956298828125,0.9611740112304688,0.7169486284255981,0.8955311179161072
032712,0.9673665165901184,0.9676139950752258,0.8748590350151062,0.7879607677459717
032713,0.967041015625,0.9676865339279175,0.8122885227203369,0.8003742694854736
032714,0.951171875,0.9560985565185547,0.694340705871582,0.6690261363983154
032717,0.967041015625,0.9675170183181763,0.9284793138504028,0.846656322479248
032720,0.946533203125,0.9507506489753723,1.0,0.9181414842605591
032721,0.946533203125,0.9528359770774841,0.6577322483062744,0.7196797728538513
032722,0.0,0.1460178941488266,0.0,0.2807394564151764
032723,0.951904296875,0.9591402411460876,0.6230928897857666,0.7891541123390198
032724,0.966796875,0.9674362540245056,0.8748388290405273,0.8982340693473816
032725,0.962158203125,0.962496280670166,0.9625431895256042,0.9234466552734375
032726,0.967041015625,0.967793345451355,0.8122885227203369,0.9563026428222656
032727,0.962158203125,0.9626900553703308,0.8420895934104919,0.9188010692596436
032728,0.9668782353401184,0.9674756526947021,0.892719030380249,0.9444518089294434
032729,0.9673665165901184,0.9677008986473083,1.0,0.9668073654174805
032730,0.959228515625,0.9597629904747009,0.7631344795227051,0.8894763588905334
032731,0.9507649540901184,0.955290675163269,0.6379934549331665,0.7211807370185852
032733,0.499755859375,0.562697172164917,0.629690945148468,0.7788199186325073
032735,0.947998046875,0.9535825848579407,0.5985158681869507,0.7825056314468384
032736,0.967041015625,0.9675232768058777,0.9284793138504028,0.8164244294166565
032737,0.9668782353401184,0.9673980474472046,0.892719030380249,0.7837555408477783
032738,0.09375,0.26472538709640503,0.0676867738366127,0.5111174583435059
032740,0.947998046875,0.951421320438385,0.6841284036636353,0.6343629360198975
032741,0.48828125,0.4885869324207306,0.6066363453865051,0.5788516998291016
032743,0.959228515625,0.9597741961479187,0.7631344795227051,0.8967937231063843
032744,0.3125,0.327680379152298,0.23463936150074005,0.47225406765937805
032745,0.9668782353401184,0.9674631357192993,0.7810032963752747,0.7729363441467285
032748,0.520263671875,0.5210657119750977,0.5620065331459045,0.7605630159378052
032749,0.956298828125,0.9588878750801086,0.7169486284255981,0.6129251718521118
032751,0.9507649540901184,0.9549099802970886,0.6379934549331665,0.6556431651115417
032752,0.9375,0.9468258023262024,0.5364049673080444,0.7222931981086731
032754,0.9668782353401184,0.9675604701042175,0.7810032963752747,0.895160436630249
032758,0.943359375,0.9502800703048706,0.6040917634963989,0.6618510484695435
032759,0.712158203125,0.7126394510269165,0.7497180104255676,0.8766593933105469
032760,0.344482421875,0.4159753918647766,0.38908666372299194,0.5963813066482544
032761,0.9673665165901184,0.9677860140800476,0.8748590350151062,0.8534663915634155
032762,0.9507649540901184,0.9562954306602478,0.7292529344558716,0.7645292282104492
032763,0.967041015625,0.967578649520874,0.9284793138504028,0.8541424870491028
032766,0.959228515625,0.9597557783126831,0.7631344795227051,0.8240416646003723
032767,0.951904296875,0.9585967659950256,0.6230928897857666,0.6747826337814331
032768,0.943359375,0.9538208842277527,0.5284951329231262,0.7274878621101379
032769,0.9466145634651184,0.9521077275276184,0.5787770748138428,0.5128434896469116
032770,0.967041015625,0.9677985310554504,0.8122885227203369,0.7970199584960938
032772,0.9668782353401184,0.9673102498054504,0.7810032963752747,0.7178816199302673
032773,0.947998046875,0.9526955485343933,0.6841284036636353,0.7031757831573486
032774,0.47265625,0.4764328896999359,0.3430097699165344,0.314202219247818
032775,0.9673665165901184,0.9677013754844666,0.8748590350151062,0.7876650094985962
032778,0.947998046875,0.951704204082489,0.5985158681869507,0.5473721623420715
032782,0.150390625,0.2112160325050354,0.4525081515312195,0.6647562980651855
032784,0.712158203125,0.7126393914222717,0.7497180104255676,0.8648194074630737
032785,0.968017578125,0.968051016330719,1.0,0.9046571254730225
032786,0.580322265625,0.6269720196723938,0.4618985950946808,0.6887122392654419
032788,0.499755859375,0.5936886072158813,0.4098700284957886,0.7705057263374329
032790,0.568359375,0.5770697593688965,0.4457148313522339,0.5509446859359741
032791,0.9673665165901184,0.9676637053489685,0.8748590350151062,0.6764665842056274
032793,0.9668782353401184,0.9674726724624634,0.7810032963752747,0.8393846154212952
032797,0.967041015625,0.9675403833389282,0.8122885227203369,0.8196500539779663
032798,0.1875,0.344406396150589,0.1309099942445755,0.4364834725856781
032801,0.962158203125,0.962390661239624,0.9625431895256042,0.8618601560592651
032802,0.9507649540901184,0.9543953537940979,0.7292529344558716,0.6807100772857666
032803,0.9673665165901184,0.9678223729133606,0.8748590350151062,0.9143800735473633
032806,0.947998046875,0.955140233039856,0.6841284036636353,0.7686118483543396
032807,0.966796875,0.9675473570823669,0.7653606534004211,0.7313193678855896
032808,0.508056640625,0.5132530331611633,0.5334192514419556,0.6571264266967773
032810,0.9507649540901184,0.9569502472877502,0.6379934549331665,0.710348904132843
032811,0.953369140625,0.9583457708358765,0.7479812502861023,0.6984801888465881
032812,0.946533203125,0.9550930261611938,0.575423002243042,0.7596268653869629
032815,0.365234375,0.4411720335483551,0.3236317038536072,0.626068115234375
032816,0.712158203125,0.712637722492218,0.7497180104255676,0.7743326425552368
032817,0.212890625,0.212890625,0.24341687560081482,0.1838149130344391
032818,0.967041015625,0.9676662683486938,0.8122885227203369,0.8976560831069946
032819,0.946533203125,0.9510679244995117,0.8793432712554932,0.9146398305892944
032820,0.946533203125,0.9531270265579224,0.8026000261306763,0.9134242534637451
032822,0.9673665165901184,0.9677717089653015,1.0,0.9769048690795898
032823,0.9673665165901184,0.9675067067146301,1.0,0.7839233875274658
032825,0.95703125,0.9575600028038025,0.7039180397987366,0.6315612196922302
032826,0.110107421875,0.27708175778388977,0.09298666566610336,0.4570404589176178
032827,0.953369140625,0.9591074585914612,0.6543781161308289,0.8392907381057739
032829,0.580322265625,0.6191067099571228,0.5636333227157593,0.641483724117279
032830,0.962158203125,0.9626995921134949,0.8420895934104919,0.8402915596961975
032831,0.946533203125,0.9548556208610535,0.575423002243042,0.8223093152046204
032832,0.488037109375,0.5733957290649414,0.4365417957305908,0.7181000709533691
032833,0.9673665165901184,0.9676259160041809,1.0,0.8555890917778015
032834,0.508056640625,0.5121862292289734,0.6509066820144653,0.6816835999488831
032836,0.943359375,0.9544513821601868,0.5284951329231262,0.7002135515213013
032844,0.962158203125,0.9625505805015564,0.8420895934104919,0.8611079454421997
032845,0.9673665165901184,0.9677579402923584,1.0,0.9380521178245544
032846,0.706298828125,0.7091479897499084,0.7139173746109009,0.7411202788352966
032847,0.953369140625,0.960305392742157,0.6543781161308289,0.8013705611228943
032848,0.659423828125,0.6630730032920837,0.6764605641365051,0.8159931302070618
032850,0.712158203125,0.712592363357544,0.7497180104255676,0.8374166488647461
032851,0.197998046875,0.3127247095108032,0.1916866898536682,0.45840975642204285
032858,0.9673665165901184,0.9677173495292664,0.8748590350151062,0.7631814479827881
032859,0.95703125,0.9573603868484497,0.7039180397987366,0.5891411900520325
032861,0.967041015625,0.9678098559379578,0.8122885227203369,0.8605045676231384
032863,0.951171875,0.9594802856445312,0.694340705871582,0.8033487200737
032864,0.962158203125,0.9626904129981995,0.8420895934104919,0.9150832891464233
032866,0.946533203125,0.946533203125,1.0,0.9343641400337219
032868,0.9388020634651184,0.9529629349708557,0.5542851090431213,0.8106204271316528
032869,0.968017578125,0.9680557250976562,1.0,0.9031029939651489
032872,0.962158203125,0.9626060724258423,0.8420895934104919,0.8576092720031738
032874,0.659423828125,0.6634030342102051,0.6764605641365051,0.7413772940635681
032875,0.508056640625,0.5126462578773499,0.5334192514419556,0.5975967049598694
032876,0.968017578125,0.9680757522583008,1.0,0.9509596228599548
032877,0.3599446713924408,0.44102752208709717,0.36623337864875793,0.6550857424736023
032879,0.953369140625,0.9580249786376953,0.7479812502861023,0.7657597064971924
032880,0.956298828125,0.9606431722640991,0.7169486284255981,0.8598482608795166
032882,0.957763671875,0.9584684371948242,0.8271697163581848,0.8630478978157043
032883,0.712158203125,0.7124849557876587,0.7497180104255676,0.7187426686286926
032884,0.94140625,0.9511467814445496,0.5162065625190735,0.5423460602760315
032885,0.968017578125,0.9680585861206055,1.0,0.8070070147514343
032886,0.432373046875,0.4385099411010742,0.4040961265563965,0.6739706993103027
032887,0.571533203125,0.5817036628723145,0.43686550855636597,0.763641893863678
032888,0.9668782353401184,0.9673436880111694,0.892719030380249,0.7833293080329895
032890,0.30078125,0.36286461353302,0.28309693932533264,0.5797209143638611
032891,0.951171875,0.9580317139625549,0.6074502468109131,0.7724800705909729
032896,0.568359375,0.5757364630699158,0.5438850522041321,0.5732406377792358
032897,0.956298828125,0.9610532522201538,0.8195018768310547,0.9503783583641052
032898,0.508056640625,0.5131022930145264,0.5334192514419556,0.6933698058128357
032899,0.967041015625,0.9675189256668091,0.8122885227203369,0.8120482563972473
032900,0.712158203125,0.7124897837638855,0.7497180104255676,0.670759916305542
032901,0.95703125,0.9573870897293091,0.7039180397987366,0.5755745768547058
032903,0.956298828125,0.9597546458244324,0.8195018768310547,0.7797631025314331
032904,0.9507649540901184,0.9565459489822388,0.7292529344558716,0.8837811350822449
032905,0.946533203125,0.9541388154029846,0.575423002243042,0.7014147639274597
032906,0.659423828125,0.662773072719574,0.8254533410072327,0.8614214658737183
032907,0.962158203125,0.962364137172699,0.9625431895256042,0.8409935832023621
032910,0.9673665165901184,0.9677461981773376,1.0,0.9740597605705261
032911,0.0,0.0,0.0,0.0
032914,0.5757649540901184,0.5826210379600525,0.49943602085113525,0.6120675802230835
032915,0.9673665165901184,0.9677483439445496,0.8748590350151062,0.9060169458389282
032917,0.962158203125,0.9626064300537109,0.8420895934104919,0.909957230091095
032920,0.701904296875,0.7081103324890137,0.6066363453865051,0.6616708040237427
032922,0.9444172978401184,0.9511451125144958,0.6219719052314758,0.6603236198425293
032925,0.9507649540901184,0.9546045064926147,0.7292529344558716,0.7388051152229309
032926,0.518798828125,0.6093290448188782,0.3251410126686096,0.5632758736610413
032927,0.953369140625,0.9603321552276611,0.6543781161308289,0.8303166627883911
032929,0.146728515625,0.18715132772922516,0.48975956439971924,0.6917460560798645
032933,0.510498046875,0.5186190605163574,0.43686550855636597,0.669476330280304
032934,0.94140625,0.9524577260017395,0.5900454521179199,0.7426514029502869
032935,0.9507649540901184,0.9540711641311646,0.7292529344558716,0.6323684453964233
032938,0.518798828125,0.5952280163764954,0.3716495931148529,0.627427875995636
032939,0.946533203125,0.9546068906784058,0.6577322483062744,0.8812899589538574
032942,0.94140625,0.94140625,0.9767480492591858,0.9767480492591858
032943,0.968017578125,0.9680688381195068,1.0,0.9733209013938904
032944,0.531982421875,0.5862367153167725,0.48571667075157166,0.6894176602363586
032947,0.966796875,0.9671967625617981,0.8748388290405273,0.9706218242645264
032949,0.946533203125,0.9555007219314575,0.6577322483062744,0.7644098401069641
032950,0.712158203125,0.7124663591384888,0.8569586873054504,0.7342629432678223
032952,0.263671875,0.2884277403354645,0.7653606534004211,0.7877020239830017
032954,0.967041015625,0.9675348997116089,0.9284793138504028,0.8860005736351013
032956,0.956298828125,0.957895040512085,1.0,0.8927683234214783
032958,0.9673665165901184,0.9677064418792725,1.0,0.9487071633338928
032959,0.966796875,0.9677401781082153,0.7653606534004211,0.7693057656288147
032960,0.968017578125,0.9680585861206055,1.0,0.8885331749916077
032961,0.560546875,0.5961657762527466,0.7653606534004211,0.8632345795631409
032964,0.197998046875,0.30163317918777466,0.34009110927581787,0.6181499361991882
032965,0.2044270783662796,0.2044270783662796,0.6490147709846497,0.6490147709846497
032966,0.39453125,0.402853399515152,0.37281090021133423,0.4450717270374298
032968,0.940673828125,0.9449747800827026,0.5046601295471191,0.39716988801956177
032969,0.947998046875,0.9559692740440369,0.6841284036636353,0.857666552066803
032971,0.4778645932674408,0.4849112331867218,0.4635950028896332,0.6279014945030212
032972,0.560546875,0.6041374206542969,0.4981783330440521,0.5915747284889221
032973,0.567138671875,0.6001593470573425,0.7988805174827576,0.7600840926170349
032974,0.3599446713924408,0.44100701808929443,0.36623337864875793,0.6998748183250427
032975,0.968017578125,0.9680613279342651,1.0,0.9638941884040833
032977,0.962158203125,0.9624421000480652,0.8420895934104919,0.9015085697174072
032978,0.633056640625,0.6372362375259399,0.5862115621566772,0.6151068806648254
032980,0.212890625,0.2457529753446579,0.67329341173172,0.8744823336601257
032982,0.95703125,0.9577298164367676,0.7039180397987366,0.6830182075500488
032983,0.966796875,0.9674338698387146,0.7653606534004211,0.714665949344635
032984,0.584228515625,0.5850054621696472,0.6245770454406738,0.6025863885879517
032985,0.943359375,0.944549560546875,0.5284951329231262,0.38370460271835327
032986,0.0625,0.09765625,0.1854327917098999,0.4006384015083313
032987,0.962158203125,0.9626874327659607,0.8420895934104919,0.898784875869751
032989,0.967041015625,0.9675992727279663,0.8122885227203369,0.9079493284225464
032990,0.520263671875,0.5211337208747864,0.5620065331459045,0.6822055578231812
032993,0.5757649540901184,0.5801348090171814,0.6966133713722229,0.7527708411216736
032994,0.9673665165901184,0.9678986072540283,0.8748590350151062,0.9377419352531433
032996,0.95703125,0.9577534198760986,0.8046074509620667,0.8233695030212402
032997,0.9668782353401184,0.9677801132202148,0.7810032963752747,0.8223081231117249
033000,0.9466145634651184,0.9525213241577148,0.6615661382675171,0.7942635416984558
033004,0.956298828125,0.9600788950920105,0.8195018768310547,0.9194810390472412
033005,0.962158203125,0.9624972939491272,0.8420895934104919,0.7957742810249329
033006,0.712158203125,0.7126372456550598,0.7497180104255676,0.8669993281364441
033007,0.633056640625,0.6374584436416626,0.5862115621566772,0.6658863425254822
033012,0.3599446713924408,0.43689417839050293,0.3001289367675781,0.6090075969696045
033014,0.490234375,0.5365188121795654,0.5961710214614868,0.6545897126197815
033016,0.455078125,0.531212568283081,0.5115761756896973,0.7124351263046265
033018,0.712158203125,0.712339460849762,0.8569586873054504,0.7676236629486084
033019,0.9673665165901184,0.9678052663803101,0.8748590350151062,0.795225977897644
033020,0.946533203125,0.9535138607025146,0.8026000261306763,0.9200636148452759
033021,0.48828125,0.48866012692451477,0.6066363453865051,0.6123071908950806
033022,0.556884765625,0.5984723567962646,0.8308104276657104,0.8510724902153015
033024,0.962158203125,0.9626935124397278,0.8420895934104919,0.8565433025360107
033027,0.703369140625,0.7066130638122559,0.5620065331459045,0.5461247563362122
033029,0.953369140625,0.9566930532455444,0.7479812502861023,0.7027193307876587
033032,0.0,0.24474364519119263,0.0,0.32349154353141785
033033,0.956298828125,0.9585252404212952,1.0,0.9100182056427002
033036,0.968017578125,0.9680428504943848,1.0,0.8263448476791382
033038,0.16796875,0.2400626242160797,0.18026001751422882,0.3387593626976013
033039,0.633056640625,0.6364137530326843,0.715326726436615,0.6141683459281921
033041,0.9668782353401184,0.9676132798194885,0.7810032963752747,0.93284010887146
033043,0.556884765625,0.5872766971588135,0.3877114951610565,0.5418574810028076
033044,0.953369140625,0.9593294858932495,0.7479812502861023,0.8121219277381897
033046,0.365234375,0.44675230979919434,0.26521679759025574,0.4366333782672882
033047,0.263671875,0.3729780316352844,0.17496776580810547,0.3360731899738312
033051,0.9673665165901184,0.9679021239280701,0.8748590350151062,0.964168906211853
033053,0.95703125,0.95745849609375,0.8046074509620667,0.8291342854499817
033054,0.304931640625,0.40837153792381287,0.22860826551914215,0.6436820030212402
033055,0.9507649540901184,0.9555339813232422,0.7292529344558716,0.8519550561904907
033059,0.556884765625,0.5951811075210571,0.5407800078392029,0.6300961375236511
033060,0.9375,0.9488492012023926,0.5364049673080444,0.6014575958251953
033062,0.5694172978401184,0.5766510963439941,0.5657033920288086,0.7219612002372742
033063,0.957763671875,0.9583995938301086,0.7236568927764893,0.7362053990364075
033065,0.956298828125,0.9584898352622986,1.0,0.8428298830986023
033067,0.712158203125,0.7125590443611145,0.7497180104255676,0.7470591068267822
033069,0.499755859375,0.5692143440246582,0.4490610957145691,0.6608069539070129
033070,0.9673665165901184,0.9673665165901184,1.0,0.7627744078636169
033073,0.5757649540901184,0.5817307829856873,0.5708760023117065,0.7061709761619568
033076,0.9673665165901184,0.9677889943122864,1.0,0.9782640337944031
033077,0.951171875,0.9545294642448425,0.8472716808319092,0.7677568793296814
033080,0.953369140625,0.957757830619812,0.6543781161308289,0.7013791799545288
033086,0.962158203125,0.962539792060852,0.9625431895256042,0.9219771027565002
033089,0.9673665165901184,0.9678974747657776,0.8748590350151062,0.8371400833129883
033090,0.450927734375,0.4606066346168518,0.3482339084148407,0.48595383763313293
033091,0.659423828125,0.6642470955848694,0.5918076038360596,0.776378333568573
033092,0.943115234375,0.9517686367034912,0.6126077175140381,0.7830225229263306
033093,0.3125,0.3144313395023346,0.2682024836540222,0.2200610488653183
033097,0.48828125,0.4887056350708008,0.5307213068008423,0.5504966974258423
033098,0.956298828125,0.9591106176376343,0.8195018768310547,0.7723479270935059
033103,0.9466145634651184,0.9520159363746643,0.5787770748138428,0.5975155234336853
033105,0.510498046875,0.5185171961784363,0.43686550855636597,0.566795825958252
033107,0.701904296875,0.7044371962547302,0.6066363453865051,0.5395841598510742
033108,0.953369140625,0.9577337503433228,0.6543781161308289,0.5408300161361694
033110,0.712158203125,0.7126914262771606,0.7497180104255676,0.8352469801902771
033113,0.518798828125,0.5671058297157288,0.4535067081451416,0.5163264870643616
033114,0.962158203125,0.9625554084777832,0.8420895934104919,0.8532601594924927
033115,0.94140625,0.9525435566902161,0.5162065625190735,0.6706292629241943
033116,0.61328125,0.6184249520301819,0.5185247659683228,0.5774679780006409
033117,0.9668782353401184,0.9675895571708679,0.7810032963752747,0.8854584097862244
033118,0.968017578125,0.968047559261322,1.0,0.9125753045082092
033119,0.2044270783662796,0.2999441623687744,0.15272833406925201,0.2654598355293274
033120,0.0,0.18324801325798035,0.0,0.24504008889198303
033122,0.943115234375,0.9518694877624512,0.5359453558921814,0.652615487575531
033123,0.4375,0.5291847586631775,0.30545666813850403,0.5611432790756226
033124,0.968017578125,0.9680714011192322,1.0,0.954070508480072
033128,0.9673665165901184,0.9676138758659363,1.0,0.848061203956604
033129,0.953369140625,0.9592869877815247,0.6543781161308289,0.6580851674079895
033132,0.943359375,0.9557424783706665,0.5284951329231262,0.6830186247825623
033133,0.520263671875,0.5211577415466309,0.5620065331459045,0.7370151877403259
033138,0.946533203125,0.9566022157669067,0.575423002243042,0.7563179135322571
033139,0.508056640625,0.5138586163520813,0.5334192514419556,0.690100908279419
033141,0.0625,0.1749267578125,0.03576033189892769,0.2150060385465622
033143,0.9668782353401184,0.9675232172012329,0.7810032963752747,0.8017472624778748
033146,0.962158203125,0.962275505065918,0.9625431895256042,0.9353955388069153
033147,0.556884765625,0.5812668204307556,0.5407800078392029,0.5033677220344543
033148,0.659423828125,0.6628459692001343,0.5918076038360596,0.6704509258270264
033149,0.46875,0.4788665771484375,0.3384338617324829,0.5436549186706543
033150,0.953369140625,0.9601649045944214,0.7479812502861023,0.7663662433624268
033151,0.951904296875,0.9599430561065674,0.6230928897857666,0.819938600063324
033155,0.959228515625,0.959841787815094,0.7631344795227051,0.6085068583488464
033157,0.267578125,0.3780980706214905,0.19369612634181976,0.5206482410430908
033158,0.61328125,0.6179259419441223,0.5185247659683228,0.5790199041366577
033160,0.703369140625,0.7081072330474854,0.6423966884613037,0.7618070244789124
033161,0.951904296875,0.9567384719848633,0.7122209072113037,0.7530888319015503
033163,0.9673665165901184,0.9679079651832581,0.8748590350151062,0.9303309917449951
033164,0.943115234375,0.9504331350326538,0.7475366592407227,0.86039137840271
033165,0.571533203125,0.5774257779121399,0.43686550855636597,0.5556623935699463
033167,0.304931640625,0.4133303165435791,0.20000000298023224,0.48549264669418335
033168,0.508056640625,0.5121195316314697,0.6509066820144653,0.7103283405303955
033171,0.953369140625,0.9601870179176331,0.6543781161308289,0.651835024356842
033172,0.659423828125,0.6608909368515015,0.8254533410072327,0.8353764414787292
033173,0.304931640625,0.304931640625,1.0,1.0
033174,0.571533203125,0.5801775455474854,0.43686550855636597,0.5807193517684937
033177,0.432373046875,0.4376583695411682,0.4040961265563965,0.5680582523345947
033178,0.571533203125,0.5778759717941284,0.49935534596443176,0.7071546912193298
033179,0.947998046875,0.953605592250824,0.8348100185394287,0.891000509262085
033180,0.701171875,0.7071906328201294,0.5150786638259888,0.7212902307510376
033181,0.2044270783662796,0.23190052807331085,0.19029195606708527,0.25799471139907837
033185,0.9375,0.941680908203125,0.7531440854072571,0.8668978810310364
033186,0.9375,0.9432927370071411,0.5364049673080444,0.5805926322937012
033187,0.44140625,0.44865524768829346,0.501995861530304,0.6619831919670105
033188,0.568359375,0.5704818964004517,0.5958904027938843,0.5785622596740723
033190,0.584228515625,0.5844408273696899,0.6245770454406738,0.4833385944366455
033191,0.503173828125,0.5165475010871887,0.3430097699165344,0.5916110873222351
033192,0.39453125,0.3992372751235962,0.4261382520198822,0.5247320532798767
033194,0.508056640625,0.5138370394706726,0.46666663885116577,0.6951665282249451
033195,0.953369140625,0.9586650729179382,0.6543781161308289,0.8646876811981201
033198,0.959228515625,0.9599807858467102,0.7631344795227051,0.9002295136451721
033200,0.518798828125,0.5536117553710938,0.3716495931148529,0.391672819852829
033201,0.947998046875,0.9547640681266785,0.5985158681869507,0.7577064633369446
033203,0.943359375,0.9487482905387878,0.7371450066566467,0.7257122993469238
033204,0.943359375,0.9523885846138,0.7371450066566467,0.8821473717689514
033207,0.953369140625,0.959572434425354,0.6543781161308289,0.6719643473625183
033208,0.951171875,0.9558234214782715,0.694340705871582,0.6813905239105225
033209,0.947998046875,0.9536595344543457,0.5985158681869507,0.6870987415313721
033212,0.9375,0.9398242831230164,0.7171369194984436,0.6297657489776611
033215,0.39453125,0.401539146900177,0.37281090021133423,0.6019579768180847
033216,0.943115234375,0.9546481966972351,0.6126077175140381,0.8690134286880493
033217,0.197998046875,0.3177759051322937,0.13742950558662415,0.3474552035331726
033218,0.14453125,0.2998923659324646,0.12132726609706879,0.27259600162506104
033219,0.9444172978401184,0.9492876529693604,0.7589633464813232,0.7324251532554626
033220,0.706298828125,0.7089011073112488,0.6245770454406738,0.6162921190261841
033221,0.95703125,0.9572502970695496,0.8046074509620667,0.7127962112426758
033222,0.659423828125,0.662560760974884,0.5918076038360596,0.6315369009971619
033226,0.499755859375,0.5606316328048706,0.293855756521225,0.4259207844734192
033230,0.9673665165901184,0.9677332043647766,1.0,0.9556318521499634
033234,0.9388020634651184,0.9503781795501709,0.5542851090431213,0.8070278167724609
033235,0.14453125,0.16928711533546448,0.5307213068008423,0.5925120115280151
033236,0.1875,0.3482033908367157,0.09385573863983154,0.3886953592300415
033241,0.701171875,0.7019786834716797,0.7184317708015442,0.7251227498054504
033244,0.30078125,0.35578155517578125,0.3454500138759613,0.5126686692237854
033246,0.967041015625,0.9674699306488037,0.9284793138504028,0.8821912407875061
033248,0.951904296875,0.9583392143249512,0.6230928897857666,0.7208978533744812
033249,0.943359375,0.9448868036270142,0.7371450066566467,0.6538649797439575
033250,0.9673665165901184,0.9677159190177917,0.8748590350151062,0.9175482988357544
033253,0.510498046875,0.5150341391563416,0.6093400716781616,0.649689257144928
033254,0.968017578125,0.9680242538452148,1.0,0.9092229008674622
033256,0.94140625,0.9525490403175354,0.5162065625190735,0.6598412990570068
033257,0.518798828125,0.5381554365158081,0.3716495931148529,0.3456251621246338
033258,0.940673828125,0.9515418410301208,0.5768473744392395,0.8181419372558594
033261,0.959228515625,0.9596583247184753,0.7631344795227051,0.6244885921478271
033262,0.47265625,0.47692108154296875,0.4784300625324249,0.46191978454589844
033263,0.278564453125,0.37670496106147766,0.21157628297805786,0.46234437823295593
033264,0.943115234375,0.9528819918632507,0.5359453558921814,0.7102844715118408
033265,0.9673665165901184,0.9677174091339111,1.0,0.9031951427459717
033267,0.47265625,0.4783691465854645,0.904949426651001,0.9046555161476135
033268,0.703369140625,0.7038154602050781,0.7838867902755737,0.5600197911262512
033270,0.953369140625,0.9547080993652344,1.0,1.0
033271,0.34765625,0.3576781451702118,0.293855756521225,0.6176565289497375
033273,0.61328125,0.6201605796813965,0.5185247659683228,0.6228431463241577
033275,0.9444172978401184,0.9515109062194824,0.544137716293335,0.6046655774116516
033276,0.3125,0.3167898952960968,0.28886207938194275,0.34458911418914795
033277,0.9375,0.9526704549789429,0.5364049673080444,0.8143174648284912
033278,0.32421875,0.33413803577423096,0.25437816977500916,0.39989805221557617
033280,0.580322265625,0.6172206401824951,0.4618985950946808,0.45349758863449097
033281,0.968017578125,0.9680201411247253,1.0,0.9977012872695923
033282,0.35546875,0.3682597577571869,0.2659246027469635,0.6161431670188904
033283,0.967041015625,0.9675004482269287,0.9284793138504028,0.8865407705307007
033285,0.450927734375,0.45805367827415466,0.39804574847221375,0.47575634717941284
033287,0.9388020634651184,0.9531199932098389,0.48492133617401123,0.6251165866851807
033290,0.659423828125,0.6629117131233215,0.6764605641365051,0.808599054813385
033291,0.943359375,0.950701892375946,0.7371450066566467,0.7790727019309998
033293,0.633056640625,0.6379414200782776,0.5128524899482727,0.7353397011756897
033294,0.9668782353401184,0.9675131440162659,0.7810032963752747,0.6750096678733826
033295,0.571533203125,0.5805791020393372,0.43686550855636597,0.6352865695953369
033296,0.47265625,0.5267432928085327,0.8178747296333313,0.9229103326797485
033298,0.150390625,0.19112791121006012,0.4525081515312195,0.7187937498092651
033299,0.9507649540901184,0.9569366574287415,0.6379934549331665,0.6800486445426941
033300,0.393798828125,0.40250205993652344,0.8579513430595398,0.8170286417007446
033303,0.508056640625,0.5150963664054871,0.46666663885116577,0.7382919788360596
033304,0.34765625,0.35999059677124023,0.3358892798423767,0.5651918649673462
033306,0.2122395932674408,0.27920353412628174,0.1687147468328476,0.3003387451171875
033308,0.712158203125,0.712638795375824,0.7497180104255676,0.8486883044242859
033310,0.947998046875,0.9559023976325989,0.6841284036636353,0.8953397870063782
033311,0.9673665165901184,0.9679025411605835,0.8748590350151062,0.9445798397064209
033312,0.47265625,0.5080047845840454,0.3709116578102112,0.4091206192970276
033314,0.9375,0.9375,0.7531440854072571,0.7531440854072571
033315,0.943115234375,0.9546946883201599,0.6126077175140381,0.8378556966781616
033316,0.966796875,0.966796875,0.8748388290405273,0.7086207866668701
033317,0.450927734375,0.46021249890327454,0.39804574847221375,0.6141250133514404
033319,0.1458333432674408,0.22865577042102814,0.23463937640190125,0.4702500104904175
033321,0.9673665165901184,0.9677937626838684,0.8748590350151062,0.7748078107833862
033323,0.633056640625,0.6346373558044434,0.7837249636650085,0.7401719093322754
033324,0.431884765625,0.46432629227638245,0.390377938747406,0.48939424753189087
033325,0.490234375,0.49309080839157104,0.9467676877975464,0.9775428175926208
033326,0.4375,0.4375,0.30545666813850403,0.22563685476779938
033328,0.374755859375,0.41812819242477417,0.6128985285758972,0.793048083782196
033330,0.956298828125,0.959458589553833,0.7169486284255981,0.7760410904884338
033332,0.956298828125,0.9592931270599365,1.0,0.9645056128501892
033333,0.556884765625,0.6198288798332214,0.3877114951610565,0.6425548195838928
033334,0.47265625,0.47265625,0.6580725908279419,0.6580725908279419
033335,0.580322265625,0.6229352355003357,0.5636333227157593,0.7704559564590454
033336,0.962158203125,0.9626191258430481,0.8420895934104919,0.9498287439346313
033337,0.0,0.24466951191425323,0.0,0.4607507884502411
033339,0.9466145634651184,0.9536758661270142,0.5787770748138428,0.6787219643592834
033340,0.0,0.09444471448659897,0.0,0.28454095125198364
033342,0.9673665165901184,0.9677624702453613,0.8748590350151062,0.8506670594215393
033344,0.9375,0.9375,0.5364049673080444,0.4158495366573334
033346,0.956298828125,0.956298828125,1.0,1.0
033348,0.263671875,0.3299453854560852,0.2660166919231415,0.5108312368392944
033349,0.571533203125,0.5772995352745056,0.49935534596443176,0.6706289649009705
033350,0.5694172978401184,0.577662467956543,0.4635950028896332,0.7190693020820618
033351,0.959228515625,0.9596872329711914,0.8722942471504211,0.9152315258979797
033352,0.0,0.13046875596046448,0.0,0.4695146381855011
033353,0.23828125,0.3706718683242798,0.19636499881744385,0.6178682446479797
033354,0.943359375,0.9556982517242432,0.5284951329231262,0.8533158898353577
033356,0.962158203125,0.9626377820968628,0.8420895934104919,0.803667426109314
033357,0.1458333432674408,0.2554631531238556,0.12516115605831146,0.4203028976917267
033358,0.939453125,0.9535890221595764,0.489017516374588,0.596781849861145
033359,0.9673665165901184,0.9678996801376343,0.8748590350151062,0.8039495348930359
033361,0.3125,0.32760700583457947,0.23463936150074005,0.45017150044441223
033368,0.518798828125,0.5583593845367432,0.6967307925224304,0.6130244731903076
033370,0.0,0.1720626950263977,0.0,0.3245564103126526
033374,0.51953125,0.5561965107917786,0.45818498730659485,0.5020092725753784
033375,0.9444172978401184,0.9513591527938843,0.6219719052314758,0.664902925491333
033377,0.9466145634651184,0.95527583360672,0.5787770748138428,0.7316069602966309
033382,0.956298828125,0.9580280184745789,1.0,0.8387143015861511
033383,0.701171875,0.701171875,0.7871269583702087,0.7286418676376343
033384,0.956298828125,0.9609667658805847,0.8195018768310547,0.9347972273826599
033385,0.946533203125,0.9520894289016724,0.8026000261306763,0.7788323163986206
033388,0.388427734375,0.3946101665496826,0.3251410126686096,0.37538012862205505
033389,0.0625,0.138275146484375,0.11613046377897263,0.46774157881736755
033391,0.951171875,0.9551936388015747,0.8472716808319092,0.9750460386276245
033392,0.9668782353401184,0.967544674873352,0.7810032963752747,0.9093858599662781
033393,0.9673665165901184,0.9677894115447998,0.8748590350151062,0.9207308888435364
033394,0.956298828125,0.958478569984436,1.0,0.8815783858299255
033396,0.510498046875,0.5160043239593506,0.49935534596443176,0.6374252438545227
033397,0.9673665165901184,0.9677653312683105,0.8748590350151062,0.8852719068527222
033398,0.21875,0.3552943468093872,0.13817155361175537,0.3261733055114746
033399,0.197998046875,0.3177047371864319,0.13742950558662415,0.6001918911933899
033400,0.943359375,0.9515342116355896,0.5284951329231262,0.5958075523376465
033404,0.95703125,0.9574859738349915,0.8046074509620667,0.8737893104553223
033405,0.9444172978401184,0.9541496634483337,0.544137716293335,0.6747877597808838
033407,0.5757649540901184,0.5817853808403015,0.49943602085113525,0.71895432472229
033410,0.260498046875,0.41083672642707825,0.19761748611927032,0.6073145866394043
033412,0.962158203125,0.9625949859619141,0.8420895934104919,0.8973696231842041
033413,0.701904296875,0.7054364085197449,0.5307213068008423,0.5162054300308228
033414,0.02083333395421505,0.14942772686481476,0.021818332374095917,0.19856829941272736
033415,0.05078125,0.23001515865325928,0.04935000091791153,0.39445558190345764
033416,0.5757649540901184,0.5812559127807617,0.49943602085113525,0.5536933541297913
033417,0.51953125,0.5331010818481445,0.8129132390022278,0.8145016431808472
033420,0.0625,0.26282820105552673,0.04692786931991577,0.5256572365760803
033421,0.9673665165901184,0.9678910374641418,0.8748590350151062,0.8258063197135925
033422,0.953369140625,0.9575244188308716,0.7479812502861023,0.7548680305480957
033424,0.4778645932674408,0.4848163425922394,0.4635950028896332,0.6846722960472107
033425,0.374755859375,0.44676440954208374,0.28309693932533264,0.5043654441833496
033426,0.967041015625,0.9675903916358948,0.9284793138504028,0.8943827748298645
033427,0.9673665165901184,0.9677444696426392,0.8748590350151062,0.9451632499694824
033429,0.304931640625,0.4139097332954407,0.20000000298023224,0.44207823276519775
033430,0.956298828125,0.9597626328468323,0.8195018768310547,0.7978282570838928
033435,0.580322265625,0.6174783706665039,0.5636333227157593,0.5777480602264404
033436,0.584228515625,0.5849984288215637,0.6245770454406738,0.7752301692962646
033439,0.966796875,0.9670028686523438,0.7653606534004211,0.5443492531776428
033441,0.9375,0.9455673098564148,0.4692787230014801,0.5070184469223022
033442,0.968017578125,0.968076229095459,1.0,0.8573585152626038
033443,0.9673665165901184,0.9678984880447388,0.8748590350151062,0.8308035731315613
033444,0.951171875,0.9596356153488159,0.694340705871582,0.8201362490653992
033445,0.450927734375,0.46047329902648926,0.39804574847221375,0.6751364469528198
033447,0.48828125,0.4889875650405884,0.5307213068008423,0.721068263053894
033448,0.701171875,0.7045638561248779,0.5887562036514282,0.5687219500541687
033452,0.953369140625,0.9578122496604919,0.6543781161308289,0.6486130952835083
033454,0.9466145634651184,0.9494572877883911,0.8072783350944519,0.9157550930976868
033455,0.967041015625,0.9675599932670593,0.8122885227203369,0.7142853736877441
033457,0.966796875,0.9674780964851379,0.8748388290405273,0.846767783164978
033459,0.966796875,0.967041015625,0.8748388290405273,0.9582796096801758
033460,0.508056640625,0.5148294568061829,0.5334192514419556,0.7244594097137451
033463,0.951171875,0.9588854312896729,0.6074502468109131,0.8386781215667725
033466,0.946533203125,0.9549458622932434,0.575423002243042,0.6677101254463196
033468,0.51953125,0.578857421875,0.45818498730659485,0.6982765793800354
033470,0.967041015625,0.9676453471183777,0.8122885227203369,0.6971668601036072
033472,0.953369140625,0.9589411616325378,0.7479812502861023,0.8248383402824402
033474,0.939453125,0.9473004937171936,0.5589672327041626,0.7265787720680237
033475,0.44921875,0.5500285029411316,0.32727500796318054,0.5595495104789734
033476,0.947998046875,0.9547792673110962,0.5985158681869507,0.8633663058280945
033478,0.962158203125,0.9625769853591919,0.8420895934104919,0.8481789827346802
033480,0.712158203125,0.7125880122184753,0.7497180104255676,0.675125241279602
033481,0.3059895932674408,0.3799472451210022,0.2033541053533554,0.46587803959846497
033487,0.450927734375,0.46070316433906555,0.3482339084148407,0.5975890159606934
033488,0.3125,0.317230224609375,0.3585684597492218,0.48525822162628174
033489,0.946533203125,0.9548287391662598,0.575423002243042,0.8547424077987671
033490,0.431884765625,0.4757901132106781,0.3415256440639496,0.45733121037483215
033491,0.21875,0.24335937201976776,0.13817155361175537,0.13851770758628845
033492,0.953369140625,0.9554996490478516,0.7479812502861023,0.6595829725265503
033495,0.9507649540901184,0.9547215700149536,0.7292529344558716,0.6329137682914734
033496,0.962158203125,0.9626391530036926,0.8420895934104919,0.9167323708534241
033497,0.47265625,0.5093660354614258,0.6580725908279419,0.7236116528511047
033498,0.1106770858168602,0.2778471112251282,0.0855669379234314,0.5553154945373535
033500,0.0,0.20687244832515717,0.0,0.5352703332901001
033502,0.09375,0.2540283203125,0.08259502053260803,0.340475469827652
033503,0.9668782353401184,0.9676799178123474,0.7810032963752747,0.8960635662078857
033505,0.9388020634651184,0.941650390625,0.7782489061355591,0.8840510845184326
033506,0.0,0.13346092402935028,0.0,0.28770360350608826
033508,0.3599446713924408,0.44791871309280396,0.40125197172164917,0.6332598924636841
033509,0.956298828125,0.9610669016838074,0.7169486284255981,0.7485038042068481
033510,0.703369140625,0.7050900459289551,0.5620065331459045,0.49278366565704346
033512,0.968017578125,0.9680769443511963,1.0,0.9453796148300171
033513,0.712158203125,0.71258145570755,0.7497180104255676,0.7185279726982117
033514,0.606689453125,0.6156492233276367,1.0,0.7183805108070374
033515,0.09375,0.25161927938461304,0.05921638384461403,0.3099730908870697
033516,0.34765625,0.35454413294792175,0.293855756521225,0.38962092995643616
033517,0.9388020634651184,0.9424412846565247,0.8427215218544006,0.9381493330001831
033519,0.14453125,0.24098670482635498,0.1061442568898201,0.22906924784183502
033520,0.466064453125,0.5850706100463867,0.35480669140815735,0.6524228453636169
033523,0.951904296875,0.957548975944519,0.7122209072113037,0.7622525691986084
033526,0.9388020634651184,0.9529455304145813,0.5542851090431213,0.7606905102729797
033527,0.5757649540901184,0.582020103931427,0.5708760023117065,0.7857869863510132
033528,0.951904296875,0.9598455429077148,0.7122209072113037,0.8587384819984436
033530,0.32421875,0.33842766284942627,0.2907647490501404,0.6145972609519958
033532,0.94140625,0.9487193822860718,0.7200049757957458,0.8113039135932922
033533,0.166259765625,0.2548452913761139,0.16220630705356598,0.3175300657749176
033534,0.633056640625,0.6366531848907471,0.5862115621566772,0.5691128373146057
033537,0.9673665165901184,0.9676741361618042,0.8748590350151062,0.7554620504379272
033538,0.9507649540901184,0.9558301568031311,0.7292529344558716,0.7385842800140381
033539,0.957763671875,0.9583385586738586,0.8271697163581848,0.8344296216964722
033540,0.9507649540901184,0.9562826752662659,0.6379934549331665,0.6363365054130554
033541,0.3059895932674408,0.41645368933677673,0.2033541053533554,0.4165601134300232
033542,0.2774251401424408,0.2774251401424408,0.257824569940567,0.2349635809659958
033543,0.0625,0.2566324770450592,0.053640495985746384,0.274181991815567
033544,0.508056640625,0.5139199495315552,0.46666663885116577,0.681025505065918
033545,0.951171875,0.959800124168396,0.6074502468109131,0.8790110945701599
033546,0.968017578125,0.9680591821670532,1.0,0.78657066822052
033549,0.95703125,0.9575232863426208,0.7039180397987366,0.6674493551254272
033550,0.197998046875,0.197998046875,0.8145672082901001,0.8145672082901001
033552,0.619873046875,0.6266579031944275,0.4733748733997345,0.7136244177818298
033553,0.957763671875,0.958170473575592,0.8271697163581848,0.7368936538696289
033555,0.9668782353401184,0.9675124883651733,0.892719030380249,0.9405283331871033
033557,0.4375,0.4761914908885956,0.6735438704490662,0.8834982514381409
033558,0.091796875,0.1192626953125,0.3948093354701996,0.6534972190856934
033560,0.712158203125,0.7124342322349548,0.8569586873054504,0.788353681564331
033562,0.9375,0.9403727054595947,0.5777241587638855,0.5975063443183899
033563,0.956298828125,0.9585438370704651,1.0,0.9804714918136597
033564,0.261474609375,0.3670084774494171,0.22860826551914215,0.6229040026664734
033567,0.556884765625,0.605262815952301,0.5407800078392029,0.7002494931221008
033568,0.47265625,0.5645300149917603,0.3039627969264984,0.4982425570487976
033571,0.962158203125,0.962690532207489,0.8420895934104919,0.8077796697616577
033572,0.4778645932674408,0.4802907407283783,0.4635950028896332,0.49906647205352783
033573,0.95703125,0.9576492309570312,0.7039180397987366,0.6659175753593445
033577,0.957763671875,0.9584408402442932,0.7236568927764893,0.7502500414848328
033588,0.3599446713924408,0.40055975317955017,0.6497723460197449,0.802864134311676
033589,0.9668782353401184,0.9677810072898865,0.7810032963752747,0.9006009697914124
033592,0.9466145634651184,0.9516189694404602,0.8072783350944519,0.8780568242073059
033594,0.94140625,0.9453338384628296,0.8970906734466553,0.9628022313117981
033595,0.9673665165901184,0.9674955606460571,1.0,0.9970782995223999
033596,0.584228515625,0.5848274230957031,0.6245770454406738,0.6626311540603638
033597,0.966796875,0.9675517082214355,0.7653606534004211,0.7992591261863708
033598,0.659423828125,0.6605457067489624,0.6764605641365051,0.5679959654808044
033600,0.5694172978401184,0.5798547267913818,0.4055802822113037,0.7308332324028015
033603,0.957763671875,0.9578018188476562,0.7236568927764893,0.669033408164978
033605,0.568359375,0.5745131373405457,0.5958904027938843,0.7277801036834717
033606,0.9668782353401184,0.9677626490592957,0.7810032963752747,0.8929222226142883
033607,0.47265625,0.49881643056869507,0.6580725908279419,0.7499529123306274
033608,0.968017578125,0.9680584073066711,1.0,0.9258114099502563
033609,0.619873046875,0.621721088886261,0.7233965992927551,0.7706205248832703
033610,0.4778645932674408,0.4861043393611908,0.4635950028896332,0.6639359593391418
033611,0.9507649540901184,0.9558316469192505,0.7292529344558716,0.7911688089370728
033612,0.39453125,0.395263671875,0.5697178244590759,0.61289381980896
033613,0.431884765625,0.48711681365966797,0.3415256440639496,0.4363030195236206
033617,0.967041015625,0.9676299691200256,0.8122885227203369,0.918560266494751
033618,0.9673665165901184,0.9674254059791565,1.0,0.952243447303772
033619,0.957763671875,0.9584099650382996,0.7236568927764893,0.8040701746940613
033620,0.659423828125,0.6625523567199707,0.6764605641365051,0.6639887094497681
033621,0.951171875,0.951611340045929,0.974895179271698,0.9943189024925232
033623,0.703369140625,0.7038758993148804,0.7838867902755737,0.7065878510475159
033625,0.9375,0.9455928206443787,0.6545500159263611,0.8505846858024597
033626,0.953369140625,0.9564893245697021,0.6543781161308289,0.6317976713180542
033627,0.9375,0.9482046961784363,0.4692787230014801,0.7214171886444092
033628,0.959228515625,0.9594057202339172,0.8722942471504211,0.8100642561912537
033631,0.703369140625,0.7074698209762573,0.5620065331459045,0.5400685667991638
033633,0.09375,0.25038909912109375,0.0676867738366127,0.38743817806243896
033634,0.323974609375,0.3946899175643921,0.2550044059753418,0.4271438419818878
033635,0.703369140625,0.703369140625,0.8588406443595886,0.8588406443595886
033636,0.946533203125,0.9519469141960144,0.6577322483062744,0.8115286827087402
033638,0.0,0.0729166716337204,0.0,0.12519516050815582
033639,0.4700520932674408,0.4807620048522949,0.3117245137691498,0.4985465407371521
033640,0.943115234375,0.9503179788589478,0.7475366592407227,0.9183323979377747
033642,0.9673665165901184,0.9676346778869629,1.0,0.9939016103744507
033643,0.701171875,0.7035847902297974,0.7871269583702087,0.840949296951294
033645,0.150390625,0.2322636991739273,0.10344710201025009,0.21448956429958344
033646,0.9375,0.940234363079071,0.4692787230014801,0.36615896224975586
033647,0.9375,0.940234363079071,0.7171369194984436,0.7974565625190735
033649,0.51953125,0.5514345169067383,0.7039180994033813,0.6907298564910889
033650,0.0,0.19953612983226776,0.0,0.34589508175849915
033652,0.943115234375,0.953548014163971,0.5359453558921814,0.718843400478363
033654,0.518798828125,0.5639309883117676,0.8046129941940308,0.8608105778694153
033656,0.953369140625,0.9580721259117126,0.6543781161308289,0.7443754076957703
033657,0.9673665165901184,0.9676553010940552,1.0,0.9018449783325195
033662,0.61328125,0.6208343505859375,0.5185247659683228,0.7255158424377441
033664,0.967041015625,0.9674174189567566,0.8122885227203369,0.7772868871688843
033665,0.967041015625,0.9673959612846375,0.9284793138504028,0.9698585271835327
033666,0.962158203125,0.9621925354003906,0.9625431895256042,0.9631113409996033
033669,0.956298828125,0.9589876532554626,1.0,0.9588782787322998
033672,0.1458333432674408,0.2346947193145752,0.15272833406925201,0.35217246413230896
033673,0.946533203125,0.9564996361732483,0.6577322483062744,0.8672894239425659
033676,0.490234375,0.5450423955917358,0.38805168867111206,0.5308818817138672
033677,0.606689453125,0.6413713693618774,0.5334192514419556,0.7460195422172546
033678,0.951171875,0.9575249552726746,0.6074502468109131,0.8367477059364319
033679,0.703369140625,0.7039642333984375,0.8588406443595886,0.8495398163795471
033683,0.556884765625,0.556884765625,0.5407800078392029,0.5119181275367737
033684,0.712158203125,0.7125193476676941,0.7497180104255676,0.7896775007247925
033687,0.503173828125,0.5046758651733398,0.6796846985816956,0.6951354742050171
033688,0.943359375,0.9481002688407898,0.8076295852661133,0.9348757863044739
033689,0.967041015625,0.9677910804748535,0.8122885227203369,0.8876338601112366
033690,0.94140625,0.9504382610321045,0.5162065625190735,0.7982569336891174
033692,0.94140625,0.9463653564453125,0.7888506054878235,0.9199642539024353
033694,0.39453125,0.4017660617828369,0.4261382520198822,0.6695249676704407
033696,0.701904296875,0.7075225710868835,0.7402501106262207,0.843883752822876
033697,0.9375,0.9486948847770691,0.4692787230014801,0.786342442035675
033699,0.957763671875,0.9583147764205933,0.7236568927764893,0.7298730611801147
033700,0.943115234375,0.9441088438034058,0.9849443435668945,0.9802747368812561
033702,0.951904296875,0.9561976194381714,0.8690900206565857,0.9256017804145813
033703,0.3125,0.3125,0.32727500796318054,0.30493518710136414
033708,0.943359375,0.9459381103515625,0.6040917634963989,0.5752178430557251
033709,0.703369140625,0.7072124481201172,0.7838867902755737,0.8097296953201294
033710,0.212890625,0.3330947160720825,0.28110769391059875,0.6910065412521362
033711,0.47265625,0.5579936504364014,0.3039627969264984,0.5481962561607361
033712,0.508056640625,0.5139036178588867,0.5334192514419556,0.7161023020744324
033713,0.16796875,0.20731809735298157,0.18026001751422882,0.2512419521808624
033716,0.0,0.1881510466337204,0.0,0.3541122078895569
033717,0.3125,0.324249267578125,0.23463936150074005,0.31023362278938293
033718,0.701904296875,0.7064193487167358,0.7402501106262207,0.770484209060669
033719,0.9507649540901184,0.9563236236572266,0.6379934549331665,0.6426426768302917
033720,0.09375,0.19552573561668396,0.10882609337568283,0.41337764263153076
033721,0.943115234375,0.9493915438652039,0.5359453558921814,0.6784487962722778
033722,0.0,0.0,0.0,0.0
033725,0.47265625,0.47853222489356995,0.3430097699165344,0.42864251136779785
033726,0.501953125,0.5133475065231323,0.3273671567440033,0.5610443949699402
033728,0.520263671875,0.5203332901000977,0.6423966884613037,0.5879671573638916
033729,0.488037109375,0.5935947299003601,0.2856633961200714,0.574705958366394
033730,0.619873046875,0.6262774467468262,0.4733748733997345,0.5749455690383911
033731,0.943115234375,0.954368531703949,0.6126077175140381,0.6565983295440674
033733,0.939453125,0.94586181640625,0.5589672327041626,0.6059150099754333
033734,0.953369140625,0.9603124856948853,0.6543781161308289,0.881391704082489
033737,0.968017578125,0.9680610299110413,1.0,0.941065788269043
033738,0.4700520932674408,0.4763964116573334,0.3563140034675598,0.425640344619751
033739,0.956298828125,0.957632303237915,1.0,0.9089651107788086
033740,0.967041015625,0.9672220349311829,1.0,1.0
033741,0.3599446713924408,0.4236000180244446,0.3001289367675781,0.5139685869216919
033742,0.260498046875,0.38294461369514465,0.16052241623401642,0.46939295530319214
033743,0.46875,0.4791340231895447,0.3384338617324829,0.45023128390312195
033744,0.278564453125,0.3616205155849457,0.21157628297805786,0.4129534065723419
033746,0.9673665165901184,0.9676676392555237,1.0,0.9148715138435364
033749,0.712158203125,0.7125076651573181,0.7497180104255676,0.8101968765258789
033751,0.1875,0.3839002847671509,0.14342738687992096,0.5930595993995667
033752,0.967041015625,0.9678112864494324,0.8122885227203369,0.9472463130950928
033753,0.701171875,0.7097041010856628,0.5150786638259888,0.7286404967308044
033754,0.967041015625,0.9676133990287781,0.8122885227203369,0.9330417513847351
033755,0.5757649540901184,0.580768346786499,0.49943602085113525,0.634085476398468
033756,0.953369140625,0.9584113955497742,0.6543781161308289,0.7470486164093018
033757,0.94140625,0.9494252800941467,0.5162065625190735,0.5486496090888977
033758,0.374755859375,0.4366574287414551,0.3454500138759613,0.508375883102417
033763,0.953369140625,0.957625687122345,0.912726640701294,0.8467870354652405
033764,0.956298828125,0.9599102735519409,0.8195018768310547,0.8598536849021912
033765,0.393798828125,0.4383847713470459,0.690318763256073,0.7138882875442505
033766,0.374755859375,0.4398655295372009,0.3454500138759613,0.5360060930252075
033768,0.584228515625,0.5850105285644531,0.6245770454406738,0.7456485033035278
033770,0.9668782353401184,0.9675731658935547,0.7810032963752747,0.7613006234169006
033771,0.9673665165901184,0.9677020907402039,1.0,0.9529226422309875
033772,0.393798828125,0.4687644839286804,0.38908666372299194,0.6571173071861267
033776,0.953369140625,0.9576605558395386,0.7479812502861023,0.7608321309089661
033778,0.9444172978401184,0.9559040069580078,0.6219719052314758,0.8699910044670105
033781,0.953369140625,0.9592443108558655,0.6543781161308289,0.7760505676269531
033782,0.2122395932674408,0.27437782287597656,0.19284793734550476,0.5089560151100159
033783,0.584228515625,0.5847116708755493,0.7139173746109009,0.7750056982040405
033784,0.706298828125,0.7077814936637878,0.7139173746109009,0.600110650062561
033785,0.953369140625,0.9602168202400208,0.6543781161308289,0.6981401443481445
033786,0.947998046875,0.9535515308380127,0.6841284036636353,0.7836333513259888
033791,0.560546875,0.624228298664093,0.4082580804824829,0.5052187442779541
033792,0.966796875,0.9677348136901855,0.7653606534004211,0.6974250078201294
033793,0.584228515625,0.5848764181137085,0.6245770454406738,0.745335042476654
033794,0.9466145634651184,0.9525817632675171,0.5787770748138428,0.7592816948890686
033795,0.968017578125,0.968063473701477,1.0,0.9509020447731018
033796,0.9507649540901184,0.9550561904907227,0.7292529344558716,0.8260822296142578
033798,0.05078125,0.2421025186777115,0.04044242203235626,0.34642648696899414
033800,0.9668782353401184,0.9675790071487427,0.7810032963752747,0.8441277146339417
033802,0.5757649540901184,0.5812256336212158,0.49943602085113525,0.6155946850776672
033803,0.962158203125,0.9625793695449829,0.8420895934104919,0.8410784602165222
033804,0.08984375,0.22227351367473602,0.06666666269302368,0.41712984442710876
033807,0.951171875,0.9566650390625,0.694340705871582,0.7992468476295471
033808,0.3599446713924408,0.4501842260360718,0.26257050037384033,0.5798260569572449
033809,0.951171875,0.9579446911811829,0.694340705871582,0.7354359030723572
033810,0.556884765625,0.607832133769989,0.3877114951610565,0.5562050938606262
033811,0.4375,0.540673553943634,0.21899673342704773,0.4514501690864563
033812,0.956298828125,0.9593167304992676,1.0,0.9707674980163574
033813,0.9375,0.9479904770851135,0.5364049673080444,0.6935412287712097
033814,0.490234375,0.5506771802902222,0.5961710214614868,0.7182638645172119
033817,0.531982421875,0.5891920328140259,0.39804574847221375,0.7082188725471497
033818,0.556884765625,0.6181483864784241,0.4431702494621277,0.5997031331062317
033822,0.39453125,0.40217792987823486,0.4261382520198822,0.6940096020698547
033824,0.968017578125,0.9680588245391846,1.0,0.966277003288269
033825,0.946533203125,0.9555978775024414,0.575423002243042,0.8084583878517151
033827,0.94140625,0.94696044921875,0.7888506054878235,0.9329825043678284
033829,0.962158203125,0.9625303745269775,0.9625431895256042,0.8915389180183411
033833,0.3059895932674408,0.38560914993286133,0.2836383283138275,0.5973497033119202
033834,0.501953125,0.5102601647377014,0.3741941750049591,0.46583092212677
033835,0.323974609375,0.38322803378105164,0.3111700117588043,0.4377323389053345
033836,0.956298828125,0.9600875377655029,0.8195018768310547,0.8228102326393127
033837,0.9388020634651184,0.9459737539291382,0.6763683557510376,0.8133749961853027
033839,0.568359375,0.5750489234924316,0.4457148313522339,0.606451153755188
033841,0.706298828125,0.7098110914230347,0.6245770454406738,0.6645123958587646
033842,0.968017578125,0.9680607318878174,1.0,0.8324897885322571
033843,0.560546875,0.6204679608345032,0.4082580804824829,0.5944559574127197
033845,0.344482421875,0.4037337601184845,0.38908666372299194,0.5331981778144836
033846,0.584228515625,0.584855854511261,0.6245770454406738,0.7016403079032898
033848,0.9673665165901184,0.9675400853157043,1.0,0.7919268012046814
033849,0.9668782353401184,0.9670546650886536,0.7810032963752747,0.5793614387512207
033850,0.9507649540901184,0.9562508463859558,0.6379934549331665,0.6999530792236328
033851,0.197998046875,0.2836269736289978,0.29449179768562317,0.4240584373474121
033853,0.508056640625,0.5132547616958618,0.46666663885116577,0.6632938385009766
033855,0.431884765625,0.4883976876735687,0.390377938747406,0.685142993927002
033858,0.967041015625,0.9676508903503418,0.8122885227203369,0.808839738368988
033860,0.967041015625,0.9675496220588684,0.8122885227203369,0.7532035708427429
033863,0.947998046875,0.9545503854751587,0.5985158681869507,0.6785036325454712
033864,0.48828125,0.4885042607784271,0.6066363453865051,0.5286758542060852
033868,0.9668782353401184,0.9674186706542969,0.7810032963752747,0.7943366765975952
033869,0.0,0.0,0.0,0.0
033872,0.968017578125,0.9680774211883545,1.0,0.9883328676223755
033874,0.957763671875,0.9582879543304443,0.7236568927764893,0.6809414625167847
033875,0.4778645932674408,0.48062440752983093,0.4635950028896332,0.4159499406814575
033876,0.47265625,0.5364357233047485,0.3039627969264984,0.4140867590904236
033879,0.2122395932674408,0.29889410734176636,0.23532335460186005,0.5556772351264954
033881,0.951171875,0.9577614665031433,0.8472716808319092,0.8808792233467102
033883,0.9673665165901184,0.967891275882721,0.8748590350151062,0.8364869356155396
033884,0.365234375,0.4543134868144989,0.26521679759025574,0.5982062816619873
033885,0.962158203125,0.9625118374824524,0.9625431895256042,0.8369889855384827
033886,0.4375,0.4847412109375,0.30545666813850403,0.42506739497184753
033888,0.951171875,0.9574133157730103,0.694340705871582,0.7071272134780884
033889,0.968017578125,0.9680578112602234,1.0,0.8881183862686157
033891,0.9507649540901184,0.9564704895019531,0.6379934549331665,0.7352743744850159
033893,0.957763671875,0.9585091471672058,0.7236568927764893,0.8397535085678101
033895,0.263671875,0.268829345703125,0.90728360414505,0.9657811522483826
033897,0.968017578125,0.9680579900741577,1.0,0.806751549243927
033899,0.966796875,0.9677534699440002,0.7653606534004211,0.7907430529594421
033900,0.9673665165901184,0.9678140878677368,0.8748590350151062,0.898094117641449
033901,0.953369140625,0.9595955014228821,0.7479812502861023,0.8901895880699158
033902,0.967041015625,0.9675426483154297,0.8122885227203369,0.7950881123542786
033903,0.304931640625,0.3879389464855194,0.2789600193500519,0.387080579996109
033904,0.568359375,0.5795571804046631,0.3899376392364502,0.7111832499504089
033906,0.9673665165901184,0.9679008722305298,0.8748590350151062,0.9162587523460388
033908,0.701904296875,0.7086317539215088,0.6066363453865051,0.7386575937271118
033909,0.953369140625,0.9603540301322937,0.6543781161308289,0.8488982915878296
033912,0.706298828125,0.7110482454299927,0.6245770454406738,0.6847559809684753
033914,0.9668782353401184,0.9674314856529236,0.892719030380249,0.8143761157989502
033915,0.9673665165901184,0.9673861265182495,1.0,0.8920468688011169
033916,0.968017578125,0.9680653810501099,1.0,0.8862208724021912
033917,0.956298828125,0.9593226313591003,1.0,0.9453028440475464
033920,0.701904296875,0.7064369320869446,0.7402501106262207,0.8505182862281799
033922,0.968017578125,0.9680442810058594,1.0,0.8280712366104126
033924,0.701171875,0.7031434178352356,0.5150786638259888,0.4279724955558777
033925,0.706298828125,0.7106448411941528,0.6245770454406738,0.7705065011978149
033927,0.9668782353401184,0.9674980640411377,0.7810032963752747,0.7523633241653442
033929,0.962158203125,0.9623410701751709,0.9625431895256042,0.9334958791732788
033930,0.2774251401424408,0.4127131700515747,0.23532335460186005,0.5974476337432861
033931,0.968017578125,0.9680773019790649,1.0,0.8553087711334229
033932,0.968017578125,0.9680646657943726,1.0,0.957210123538971
033933,0.431884765625,0.46384793519973755,0.390377938747406,0.5235549807548523
033934,0.48828125,0.4890584945678711,0.5307213068008423,0.7278172969818115
033936,0.606689453125,0.6432210206985474,0.5334192514419556,0.734700083732605
033937,0.951904296875,0.9598817229270935,0.7122209072113037,0.8510720729827881
033939,0.9673665165901184,0.9678937196731567,0.8748590350151062,0.8575721979141235
033940,0.959228515625,0.9599236845970154,0.7631344795227051,0.8239084482192993
033941,0.968017578125,0.9680657386779785,1.0,0.9746686220169067
033945,0.9507649540901184,0.9530459046363831,0.7292529344558716,0.6225216388702393
033947,0.967041015625,0.9676766991615295,0.9284793138504028,0.9820970892906189
033949,0.9388020634651184,0.9516394734382629,0.48492133617401123,0.6367429494857788
033951,0.701904296875,0.705227792263031,0.7402501106262207,0.8296486139297485
033952,0.393798828125,0.42864346504211426,0.38908666372299194,0.4058758318424225
033954,0.953369140625,0.9579272866249084,0.7479812502861023,0.822798490524292
033955,0.9444172978401184,0.9560389518737793,0.544137716293335,0.814193606376648
033958,0.962158203125,0.9625512957572937,0.8420895934104919,0.8640938997268677
033959,0.9375,0.9375,0.4692787230014801,0.32263633608818054
033962,0.344482421875,0.4173312783241272,0.2789551615715027,0.6661786437034607
033963,0.9466145634651184,0.9514220356941223,0.8072783350944519,0.8506953716278076
033964,0.968017578125,0.9680614471435547,1.0,0.9310453534126282
033966,0.968017578125,0.9680541157722473,1.0,0.9522058963775635
033967,0.9668782353401184,0.9672358632087708,0.892719030380249,0.9764125943183899
033969,0.61328125,0.6200268864631653,0.5185247659683228,0.6944963335990906
033971,0.659423828125,0.6625155210494995,0.5918076038360596,0.693938672542572
033974,0.939453125,0.950439453125,0.489017516374588,0.5617142915725708
033976,0.9673665165901184,0.9676875472068787,0.8748590350151062,0.8035616278648376
033977,0.966796875,0.9673787951469421,0.7653606534004211,0.7237274646759033
033978,0.968017578125,0.9680659770965576,1.0,0.9665347933769226
033980,0.510498046875,0.513841986656189,0.49935534596443176,0.4803827106952667
033981,0.9673665165901184,0.9677422046661377,0.8748590350151062,0.7653165459632874
033984,0.962158203125,0.9626373648643494,0.8420895934104919,0.8794887065887451
033985,0.947998046875,0.9558509588241577,0.5985158681869507,0.5616344213485718
033986,0.619873046875,0.6279513835906982,0.4733748733997345,0.7867220640182495
033990,0.967041015625,0.9676482677459717,0.9284793138504028,0.9265412092208862
033991,0.968017578125,0.9680580496788025,1.0,0.8920488357543945
033992,0.967041015625,0.9676723480224609,0.8122885227203369,0.9036794304847717
033993,0.9673665165901184,0.9677528142929077,0.8748590350151062,0.7372333407402039
033994,0.580322265625,0.6426340937614441,0.4040961265563965,0.620728075504303
033995,0.966796875,0.9674174189567566,0.8748388290405273,0.8586497902870178
033998,0.967041015625,0.9676918983459473,0.8122885227203369,0.8720943927764893
034000,0.9466145634651184,0.9515040516853333,0.6615661382675171,0.7048551440238953
034001,0.393798828125,0.426001638174057,0.38908666372299194,0.3927653431892395
034003,0.9673665165901184,0.9676069021224976,0.8748590350151062,0.7436208724975586
034004,0.469970703125,0.4739074110984802,0.5407800078392029,0.5485703945159912
034005,0.962158203125,0.9625951647758484,0.8420895934104919,0.8939782381057739
034006,0.967041015625,0.9678016304969788,0.8122885227203369,0.8349097967147827
034007,0.9673665165901184,0.967818558216095,0.8748590350151062,0.904851496219635
034008,0.1875,0.29447123408317566,0.14342738687992096,0.4169878661632538
034010,0.619873046875,0.6265278458595276,0.4733748733997345,0.5608293414115906
034011,0.967041015625,0.9675254225730896,0.8122885227203369,0.8360924124717712
034013,0.967041015625,0.9673461318016052,1.0,0.9260285496711731
034014,0.968017578125,0.9680525064468384,1.0,0.8892754316329956
034020,0.953369140625,0.9602533578872681,0.7479812502861023,0.8445911407470703
034021,0.967041015625,0.9675976037979126,0.9284793138504028,0.9867694973945618
034022,0.9668782353401184,0.9676832556724548,0.7810032963752747,0.8678422570228577
034023,0.706298828125,0.71108078956604,0.6245770454406738,0.6475465893745422
034024,0.505615234375,0.514342188835144,0.427834689617157,0.7087295055389404
034026,0.968017578125,0.9680522680282593,1.0,0.8695574998855591
034027,0.968017578125,0.9680595397949219,1.0,0.8792933821678162
034028,0.9375,0.9461819529533386,0.5364049673080444,0.5512769818305969
034030,0.393798828125,0.4205285608768463,0.42629045248031616,0.41659975051879883
034032,0.393798828125,0.4664207696914673,0.2789551615715027,0.4562743306159973
034033,0.968017578125,0.9680768847465515,1.0,0.9558408260345459
034034,0.968017578125,0.9680665731430054,1.0,0.953765332698822
034037,0.956298828125,0.9609853625297546,0.8195018768310547,0.9106665253639221
034038,0.580322265625,0.6154680252075195,0.86592036485672,0.9812507033348083
034039,0.946533203125,0.9565951228141785,0.6577322483062744,0.8905351758003235
034042,0.3599446713924408,0.3657468259334564,0.8075588941574097,0.6519038081169128
034043,0.9375,0.9524180293083191,0.5364049673080444,0.7699434757232666
034045,0.967041015625,0.967697024345398,0.8122885227203369,0.8743593096733093
034047,0.95703125,0.9578021168708801,0.7039180397987366,0.8668662309646606
034048,0.9673665165901184,0.9677883386611938,0.8748590350151062,0.8585489988327026
034050,0.968017578125,0.9680400490760803,1.0,0.8379465341567993
034051,0.94140625,0.9498400092124939,0.5900454521179199,0.5997775793075562
034052,0.943359375,0.9556577205657959,0.5284951329231262,0.7347143292427063
034054,0.962158203125,0.9626884460449219,0.8420895934104919,0.8695483803749084
034055,0.455078125,0.5545870065689087,0.23873552680015564,0.4005186855792999
034056,0.968017578125,0.9680414199829102,1.0,0.9847829937934875
034058,0.962158203125,0.9625982046127319,0.8420895934104919,0.9120666980743408
034060,0.505615234375,0.5111427903175354,0.427834689617157,0.45049721002578735
034061,0.260498046875,0.35718563199043274,0.24530528485774994,0.43206360936164856
034062,0.943115234375,0.9546623826026917,0.5359453558921814,0.8408492803573608
034063,0.953369140625,0.9587385654449463,0.6543781161308289,0.7659879326820374
034065,0.9668782353401184,0.9675792455673218,0.7810032963752747,0.7074061036109924
034068,0.9668782353401184,0.9673865437507629,0.892719030380249,0.9214486479759216
034070,0.967041015625,0.9676247239112854,0.8122885227203369,0.8984764218330383
034071,0.956298828125,0.9590635895729065,0.8195018768310547,0.8029969334602356
034072,0.953369140625,0.958575427532196,0.6543781161308289,0.7046242356300354
034074,0.263671875,0.301321417093277,0.7653606534004211,0.9630988240242004
034075,0.1875,0.1875,0.14342738687992096,0.1350831836462021
034076,0.946533203125,0.9565368890762329,0.575423002243042,0.7467328310012817
034078,0.701171875,0.7094966173171997,0.5887562036514282,0.6977149248123169
034080,0.518798828125,0.566714882850647,0.8046129941940308,0.8821551203727722
034081,0.959228515625,0.9596545100212097,0.7631344795227051,0.7694944143295288
034083,0.943115234375,0.9524337649345398,0.6126077175140381,0.7955289483070374
034084,0.505615234375,0.516970694065094,0.37429502606391907,0.47704774141311646
034087,0.9673665165901184,0.9677168726921082,0.8748590350151062,0.7519187927246094
034088,0.701904296875,0.7068811058998108,0.6066363453865051,0.7266070246696472
034089,0.393798828125,0.44949281215667725,0.5977610945701599,0.7007308006286621
034090,0.962158203125,0.962158203125,0.9625431895256042,0.9625431895256042
034091,0.2122395932674408,0.26724252104759216,0.23532335460186005,0.32286396622657776
034092,0.703369140625,0.7068032026290894,0.6423966884613037,0.5992937684059143
034093,0.9507649540901184,0.9570111632347107,0.7292529344558716,0.914007842540741
034094,0.9668782353401184,0.9671072959899902,0.892719030380249,0.7297601699829102
034095,0.946533203125,0.9565334320068359,0.575423002243042,0.7956814169883728
034096,0.580322265625,0.592901885509491,1.0,0.9833992719650269
034097,0.953369140625,0.9584027528762817,0.7479812502861023,0.8571741580963135
034099,0.520263671875,0.5207653641700745,0.5620065331459045,0.4839133322238922
034101,0.9444172978401184,0.9537361264228821,0.6219719052314758,0.7910088896751404
034102,0.9466145634651184,0.9508649706840515,0.8072783350944519,0.8000434637069702
034103,0.3599446713924408,0.4324144721031189,0.36623337864875793,0.6237747073173523
034104,0.967041015625,0.9676894545555115,0.8122885227203369,0.8747071623802185
034105,0.4375,0.5332317352294922,0.21899673342704773,0.47832241654396057
034106,0.4700520932674408,0.4709676206111908,0.4347934126853943,0.3988935649394989
034107,0.5757649540901184,0.5828075408935547,0.49943602085113525,0.7577303051948547
034108,0.490234375,0.5043572187423706,0.3180091083049774,0.2754947543144226
034112,0.943115234375,0.9547190070152283,0.5359453558921814,0.7561317086219788
034113,0.9673665165901184,0.9678950905799866,0.8748590350151062,0.9227210283279419
034116,0.9507649540901184,0.9566335082054138,0.6379934549331665,0.7933672666549683
034117,0.659423828125,0.6631883382797241,0.6764605641365051,0.7206418514251709
034122,0.968017578125,0.9680529236793518,1.0,0.9091821312904358
034123,0.9673665165901184,0.9676845073699951,1.0,0.9585407376289368
034128,0.967041015625,0.9676095247268677,0.8122885227203369,0.9117066860198975
034129,0.9673665165901184,0.9679037928581238,0.8748590350151062,0.8436473608016968
034130,0.633056640625,0.6343955993652344,0.7837249636650085,0.7963072061538696
034131,0.962158203125,0.9623144865036011,0.8420895934104919,0.7850956320762634
034132,0.956298828125,0.9610592722892761,0.8195018768310547,0.8578205108642578
034133,0.0,0.01878720335662365,0.0,0.020186975598335266
034136,0.962158203125,0.962554931640625,0.8420895934104919,0.8608765602111816
034139,0.95703125,0.9579634070396423,0.7039180397987366,0.7417787313461304
034140,0.967041015625,0.9676561951637268,0.8122885227203369,0.7757253646850586
034141,0.580322265625,0.6246069669723511,0.5636333227157593,0.702317476272583
034142,0.9444172978401184,0.9538897275924683,0.544137716293335,0.7114303708076477
034144,0.953369140625,0.9601675868034363,0.7479812502861023,0.8577536940574646
034146,0.9673665165901184,0.967800498008728,0.8748590350151062,0.8706782460212708
034147,0.967041015625,0.9677910804748535,0.8122885227203369,0.9540433287620544
034148,0.9375,0.9375,0.5364049673080444,0.39584288001060486
034149,0.957763671875,0.958467423915863,0.8271697163581848,0.9090328812599182
034150,0.946533203125,0.9567054510116577,0.575423002243042,0.8154506087303162
034153,0.556884765625,0.6202131509780884,0.3877114951610565,0.6305515766143799
034155,0.957763671875,0.9586577415466309,0.7236568927764893,0.8838173151016235
034157,0.9673665165901184,0.9678270220756531,0.8748590350151062,0.8326240181922913
034158,0.956298828125,0.9611713290214539,0.7169486284255981,0.866936981678009
034160,0.947998046875,0.9557228088378906,0.6841284036636353,0.901265025138855
034162,0.9673665165901184,0.967719316482544,0.8748590350151062,0.7609004378318787
034164,0.953369140625,0.9575918316841125,0.6543781161308289,0.597416341304779
034165,0.518798828125,0.5924645662307739,0.3251410126686096,0.5447483062744141
034166,0.953369140625,0.9595370888710022,0.6543781161308289,0.730217456817627
034169,0.967041015625,0.9678032994270325,0.8122885227203369,0.7002894282341003
034173,0.943115234375,0.9523196220397949,0.5359453558921814,0.7838268280029297
034174,0.431884765625,0.48070862889289856,0.390377938747406,0.48172467947006226
034175,0.9444172978401184,0.9535955190658569,0.7589633464813232,0.9301329255104065
034179,0.606689453125,0.6498983502388,0.5334192514419556,0.7132443189620972
034182,0.95703125,0.9575474858283997,0.8046074509620667,0.7625900506973267
034186,0.967041015625,0.9676917195320129,0.8122885227203369,0.8680506944656372
034187,0.966796875,0.9675449728965759,0.7653606534004211,0.8605847358703613
034188,0.580322265625,0.6437503695487976,0.4040961265563965,0.7725304961204529
034189,0.967041015625,0.9674203991889954,0.8122885227203369,0.7867954969406128
034190,0.946533203125,0.9513451457023621,0.8026000261306763,0.8104816675186157
034191,0.0,0.12384794652462006,0.0,0.23173631727695465
034192,0.510498046875,0.5164464712142944,0.49935534596443176,0.6163750290870667
034193,0.712158203125,0.7126975655555725,0.7497180104255676,0.8367059826850891
034194,0.959228515625,0.9596502780914307,0.8722942471504211,0.9379404783248901
034195,0.560546875,0.617239773273468,0.3571682572364807,0.5693098902702332
034197,0.951904296875,0.9575579762458801,0.7122209072113037,0.8153558373451233
034198,0.9507649540901184,0.954784095287323,0.7292529344558716,0.6990071535110474
034199,0.374755859375,0.4132957458496094,0.28309693932533264,0.29312676191329956
034200,0.556884765625,0.5649185180664062,0.9594535827636719,0.9223056435585022
034201,0.4700520932674408,0.4827907979488373,0.3117245137691498,0.5009170174598694
034203,0.962158203125,0.9626872539520264,0.8420895934104919,0.9105739593505859
034204,0.9668782353401184,0.9672009944915771,0.7810032963752747,0.7568742036819458
034205,0.9668782353401184,0.9675285816192627,0.7810032963752747,0.8457233905792236
034207,0.706298828125,0.706298828125,0.871160089969635,0.871160089969635
034209,0.9668782353401184,0.9676209092140198,0.7810032963752747,0.8564080595970154
034210,0.150390625,0.22826719284057617,0.12623168528079987,0.25884783267974854
034211,0.39453125,0.4013132154941559,0.37281090021133423,0.4120062291622162
034216,0.166259765625,0.2639423608779907,0.16220630705356598,0.3747163712978363
034219,0.946533203125,0.9519579410552979,0.6577322483062744,0.6506944894790649
034220,0.25390625,0.32980266213417053,0.21157628297805786,0.3858746290206909
034221,0.959228515625,0.9598321914672852,0.7631344795227051,0.7744404077529907
034222,0.947998046875,0.9519478678703308,0.5985158681869507,0.5921384692192078
034223,0.267578125,0.2840576171875,0.5211794376373291,0.49123871326446533
034224,0.943115234375,0.9545456171035767,0.5359453558921814,0.6451314687728882
034227,0.4700520932674408,0.4826405942440033,0.3563140034675598,0.6614447832107544
034229,0.9673665165901184,0.9678440093994141,0.8748590350151062,0.9173606634140015
034230,0.701904296875,0.7083335518836975,0.5307213068008423,0.5607324242591858
034231,0.51953125,0.5757788419723511,0.3754834830760956,0.4910762310028076
034236,0.9507649540901184,0.9560345411300659,0.6379934549331665,0.746489942073822
034237,0.1106770858168602,0.2942655086517334,0.07485900819301605,0.32819268107414246
034242,0.943359375,0.9472693800926208,0.7371450066566467,0.7625680565834045
034243,0.09375,0.2545139193534851,0.05921638384461403,0.3127090036869049
034244,0.584228515625,0.5849847793579102,0.6245770454406738,0.5554807186126709
034245,0.263671875,0.3668212890625,0.17496776580810547,0.3082371652126312
034250,0.947998046875,0.9520760178565979,0.6841284036636353,0.619386613368988
034251,0.469970703125,0.4797206521034241,0.4431702494621277,0.6082072854042053
034252,0.1875,0.260498046875,0.20111946761608124,0.32782182097435
034253,0.606689453125,0.606689453125,1.0,1.0
034254,0.9673665165901184,0.9677671790122986,0.8748590350151062,0.9373668432235718
034255,0.2122395932674408,0.29036831855773926,0.23532335460186005,0.5496046543121338
034257,0.968017578125,0.9680213928222656,1.0,1.0
034259,0.21875,0.3292912244796753,0.13817155361175537,0.4859735667705536
034260,0.344482421875,0.40264707803726196,0.2789551615715027,0.502957284450531
034261,0.9375,0.9391741156578064,0.7171369194984436,0.6846649050712585
034262,0.9673665165901184,0.9678992629051208,0.8748590350151062,0.9779554605484009
034265,0.9507649540901184,0.954938530921936,0.6379934549331665,0.6672933101654053
034266,0.584228515625,0.5847039818763733,0.7139173746109009,0.7553683519363403
034268,0.712158203125,0.7124515175819397,0.8569586873054504,0.7921406626701355
034274,0.9673665165901184,0.9678476452827454,0.8748590350151062,0.9579575657844543
034275,0.518798828125,0.6091983318328857,0.3251410126686096,0.5924080610275269
034276,0.951904296875,0.9568610191345215,0.7122209072113037,0.6817777156829834
034277,0.659423828125,0.6641956567764282,0.6764605641365051,0.7648324966430664
034281,0.951171875,0.95501708984375,0.694340705871582,0.6218681335449219
034283,0.1458333432674408,0.1669820249080658,0.15272833406925201,0.1591067612171173
034284,0.9673665165901184,0.9678083062171936,0.8748590350151062,0.8295928239822388
034285,0.959228515625,0.9597625136375427,0.7631344795227051,0.6352288126945496
034286,0.46875,0.47388166189193726,0.3384338617324829,0.38545429706573486
034287,0.503173828125,0.5137726664543152,0.3430097699165344,0.6598563194274902
034288,0.3059895932674408,0.3620027005672455,0.23244215548038483,0.3030163049697876
034289,0.9673665165901184,0.9677390456199646,0.8748590350151062,0.8821256756782532
034290,0.9507649540901184,0.9576548337936401,0.7292529344558716,0.8924806118011475
034291,0.966796875,0.96722412109375,0.8748388290405273,0.9392502307891846
034294,0.9375,0.9472198486328125,0.5364049673080444,0.6663720607757568
034295,0.35546875,0.3667232096195221,0.3039627969264984,0.4620286524295807
034296,0.503173828125,0.5162153244018555,0.3430097699165344,0.4449370503425598
034300,0.3059895932674408,0.3370896875858307,0.2836383283138275,0.3258957862854004
034301,0.701171875,0.7097080945968628,0.5150786638259888,0.6412405967712402
034302,0.956298828125,0.961086630821228,0.8195018768310547,0.952794075012207
034304,0.968017578125,0.9680629372596741,1.0,0.9238012433052063
034307,0.95703125,0.9579840898513794,0.7039180397987366,0.8636038303375244
034311,0.946533203125,0.9510459899902344,0.6577322483062744,0.7038120627403259
034312,0.9673665165901184,0.9677836298942566,0.8748590350151062,0.8656993508338928
034315,0.94140625,0.9512069821357727,0.5900454521179199,0.8480992317199707
034316,0.959228515625,0.9597887396812439,0.7631344795227051,0.8970591425895691
034317,0.962158203125,0.9625137448310852,0.8420895934104919,0.7956612706184387
034319,0.4700520932674408,0.47131094336509705,0.500285804271698,0.515272855758667
034320,0.5757649540901184,0.5824969410896301,0.5708760023117065,0.7669245004653931
034325,0.520263671875,0.52081298828125,0.6423966884613037,0.7599086165428162
034327,0.962158203125,0.9626932740211487,0.8420895934104919,0.8441221117973328
034330,0.9673665165901184,0.9678463339805603,0.8748590350151062,0.9293125867843628
034332,0.956298828125,0.9611726403236389,0.7169486284255981,0.8788309693336487
034333,0.9466145634651184,0.9552671313285828,0.5787770748138428,0.7944003939628601
034334,0.263671875,0.3118942379951477,0.37880125641822815,0.5265967845916748
034335,0.619873046875,0.6252932548522949,0.5410870313644409,0.729842483997345
034336,0.431884765625,0.4795818030834198,0.4763599932193756,0.6675518751144409
034337,0.959228515625,0.9595820307731628,0.8722942471504211,0.7681765556335449
034338,0.47265625,0.47265625,0.8178747296333313,0.8178747296333313
034339,0.25390625,0.27104490995407104,0.5692896842956543,0.6056632995605469
034341,0.94140625,0.9430923461914062,0.8970906734466553,0.8867158889770508
034342,0.967041015625,0.9676528573036194,0.8122885227203369,0.8779919147491455
034347,0.956298828125,0.9597893953323364,0.8195018768310547,0.8417536616325378
034348,0.712158203125,0.7126412391662598,0.7497180104255676,0.8450392484664917
034351,0.9466145634651184,0.9550848007202148,0.5787770748138428,0.7405698895454407
034352,0.46875,0.4813801050186157,0.29608190059661865,0.4981745481491089
034354,0.212890625,0.24859619140625,0.67329341173172,0.8453658819198608
034356,0.3059895932674408,0.3861485719680786,0.23244215548038483,0.37583568692207336
034358,0.967041015625,0.9678140878677368,0.8122885227203369,0.922049343585968
034362,0.393798828125,0.452495276927948,0.31885725259780884,0.43383193016052246
034363,0.455078125,0.5192837715148926,0.23873552680015564,0.34839800000190735
034364,0.580322265625,0.6311018466949463,0.4618985950946808,0.7169933319091797
034365,0.501953125,0.505615234375,0.525390625,0.6289459466934204
034368,0.571533203125,0.5763330459594727,0.5378206372261047,0.6881240606307983
034369,0.5757649540901184,0.5828044414520264,0.49943602085113525,0.7404588460922241
034371,0.94140625,0.9447536468505859,0.8970906734466553,0.9519225358963013
034374,0.619873046875,0.619873046875,0.5410870313644409,0.47553887963294983
034375,0.21875,0.21875,0.2111494094133377,0.2111494094133377
034376,0.567138671875,0.6159857511520386,0.4261382520198822,0.5152443647384644
034378,0.4700520932674408,0.4818214476108551,0.38376083970069885,0.6557857990264893
034379,0.956298828125,0.9602706432342529,0.7169486284255981,0.863678514957428
034380,0.0625,0.15894469618797302,0.053640495985746384,0.2679581940174103
034383,0.21875,0.35518598556518555,0.13817155361175537,0.37812530994415283
034384,0.968017578125,0.9680523872375488,1.0,0.768990695476532
034385,0.701171875,0.7059683799743652,0.5887562036514282,0.6424221992492676
034389,0.9668782353401184,0.9673377275466919,0.7810032963752747,0.6813708543777466
034390,0.943359375,0.9555544257164001,0.6040917634963989,0.8540117144584656
034391,0.510498046875,0.5177218914031982,0.43686550855636597,0.6876278519630432
034393,0.508056640625,0.5128299593925476,0.46666663885116577,0.654984176158905
034395,0.263671875,0.4235067367553711,0.15307211875915527,0.3428759276866913
034396,0.455078125,0.5072814226150513,0.5907889604568481,0.8268613219261169
034397,0.9466145634651184,0.9496907591819763,0.8072783350944519,0.6456714272499084
034399,0.0,0.0616861991584301,0.0,0.20769603550434113
034400,0.9673665165901184,0.9677371978759766,0.8748590350151062,0.8370195627212524
034401,0.962158203125,0.962538480758667,0.8420895934104919,0.9015486240386963
034402,0.962158203125,0.9625975489616394,0.8420895934104919,0.9002109169960022
034403,0.943115234375,0.9525995254516602,0.6597968339920044,0.8419687747955322
034404,0.951171875,0.9554237127304077,0.8472716808319092,0.952487051486969
034405,0.197998046875,0.24312591552734375,0.42267662286758423,0.5704461932182312
034406,0.366455078125,0.3765113651752472,0.3265250623226166,0.4957345426082611
034407,0.9668782353401184,0.9676049947738647,0.7810032963752747,0.7868073582649231
034408,0.568359375,0.573272168636322,0.5438850522041321,0.4998694956302643
034409,0.966796875,0.967010498046875,0.8748388290405273,0.6889088153839111
034410,0.9375,0.9504085779190063,0.4692787230014801,0.7423325181007385
034415,0.619873046875,0.6246776580810547,0.4733748733997345,0.5587478876113892
034417,0.962158203125,0.9625640511512756,0.8420895934104919,0.8482553958892822
034418,0.584228515625,0.5847468972206116,0.6245770454406738,0.6479068994522095
034420,0.712158203125,0.712158203125,0.8569586873054504,0.8569586873054504
034421,0.09375,0.18896484375,0.10290931165218353,0.35194167494773865
034422,0.943115234375,0.943115234375,0.9849443435668945,0.9849443435668945
034423,0.9673665165901184,0.967818558216095,0.8748590350151062,0.9493488073348999
034425,0.0,0.15030212700366974,0.0,0.38919302821159363
034432,0.946533203125,0.9566252827644348,0.575423002243042,0.728787362575531
034433,0.9444172978401184,0.9529137015342712,0.6219719052314758,0.8230729103088379
034435,0.0,0.2367815226316452,0.0,0.3438664972782135
034437,0.966796875,0.967322051525116,0.7653606534004211,0.8501177430152893
034438,0.260498046875,0.38016748428344727,0.16052241623401642,0.3192359209060669
034439,0.0,0.008928571827709675,0.0,0.03893350437283516
034441,0.968017578125,0.9680417776107788,1.0,0.7483917474746704
034443,0.706298828125,0.7092449069023132,0.7139173746109009,0.8104166388511658
034444,0.469970703125,0.4799911379814148,0.3877114951610565,0.4839688241481781
034445,0.939453125,0.9498300552368164,0.489017516374588,0.6435922384262085
034448,0.1875,0.3300817608833313,0.20111946761608124,0.6574826240539551
034449,0.9507649540901184,0.9577071070671082,0.6379934549331665,0.7740854620933533
034450,0.967041015625,0.9674677848815918,0.8122885227203369,0.8035467267036438
034451,0.47265625,0.5826613903045654,0.3039627969264984,0.5004792809486389
034454,0.968017578125,0.9680768847465515,1.0,0.9293451905250549
034457,0.393798828125,0.4835333526134491,0.2789551615715027,0.452448308467865
034458,0.957763671875,0.9585566520690918,0.7236568927764893,0.8539705872535706
034460,0.9466145634651184,0.9552857875823975,0.5787770748138428,0.8487008810043335
034461,0.21875,0.3278737962245941,0.19272169470787048,0.4554206430912018
034462,0.659423828125,0.6642956137657166,0.5918076038360596,0.7654503583908081
034463,0.39453125,0.40119171142578125,0.4261382520198822,0.6421908736228943
034464,0.0625,0.21976034343242645,0.04692786931991577,0.33132538199424744
034470,0.21875,0.2471073716878891,0.42495885491371155,0.6156930327415466
034471,0.450927734375,0.4625800549983978,0.3482339084148407,0.7032224535942078
034472,0.4375,0.48298341035842896,0.5419421792030334,0.740253746509552
034473,0.712158203125,0.7126359343528748,0.7497180104255676,0.829736590385437
034474,0.966796875,0.9673173427581787,0.8748388290405273,0.8250712156295776
034475,0.556884765625,0.6021879315376282,0.5407800078392029,0.7158809900283813
034476,0.9673665165901184,0.9677410125732422,1.0,0.9659658670425415
034478,0.0,0.1394018530845642,0.0,0.49127864837646484
034479,0.659423828125,0.6637612581253052,0.5918076038360596,0.8161827325820923
034480,0.490234375,0.5835657119750977,0.38805168867111206,0.6783769130706787
034481,0.951171875,0.953694224357605,0.8472716808319092,0.746657133102417
034482,0.39453125,0.3968614935874939,0.5199966430664062,0.6205958127975464
034483,0.94140625,0.9535858035087585,0.5900454521179199,0.6883052587509155
034484,0.9444172978401184,0.954118549823761,0.6219719052314758,0.8059160113334656
034485,0.956298828125,0.9575347900390625,1.0,0.9737227559089661
034487,0.701904296875,0.7084099650382996,0.5307213068008423,0.7763382792472839
034488,0.953369140625,0.9577020406723022,0.7479812502861023,0.8681126832962036
034489,0.9466145634651184,0.9525946378707886,0.6615661382675171,0.8481650352478027
034493,0.95703125,0.957080066204071,0.8046074509620667,0.6823504567146301
034495,0.2044270783662796,0.3131324350833893,0.3367719352245331,0.6634173393249512
034499,0.4375,0.5232934951782227,0.30545666813850403,0.4782384932041168
034500,0.9673665165901184,0.9677204489707947,1.0,0.9988031387329102
034501,0.432373046875,0.4360271096229553,0.5636333227157593,0.6590085029602051
034502,0.706298828125,0.7081897854804993,0.871160089969635,0.8530598878860474
034503,0.21875,0.299024760723114,0.29608193039894104,0.5311476588249207
034504,0.633056640625,0.639914870262146,0.5128524899482727,0.6277520060539246
034506,0.9375,0.9442545771598816,0.5777241587638855,0.7880867719650269
034507,0.0,0.24202270805835724,0.0,0.40778759121894836
034508,0.393798828125,0.45167264342308044,0.31885725259780884,0.5413808822631836
034509,0.619873046875,0.6218243837356567,0.6602633595466614,0.6714633703231812
034510,0.393798828125,0.4558120369911194,0.2789551615715027,0.45057937502861023
034512,0.5757649540901184,0.5800200700759888,0.5708760023117065,0.7113931775093079
034514,0.0,0.12854257225990295,0.0,0.24056504666805267
034515,0.304931640625,0.304931640625,1.0,1.0
034516,0.34765625,0.3503483235836029,0.5106778144836426,0.5822461843490601
034517,0.962158203125,0.962691068649292,0.8420895934104919,0.9585545063018799
034518,0.9375,0.939453125,0.7171369194984436,0.7682268619537354
034519,0.956298828125,0.9598416686058044,1.0,0.951667070388794
034520,0.951904296875,0.9523162841796875,0.6230928897857666,0.4341658651828766
034524,0.0625,0.124298095703125,0.09622055292129517,0.24530571699142456
034525,0.499755859375,0.5555689930915833,0.7271926999092102,0.9045486450195312
034526,0.959228515625,0.959228515625,0.8722942471504211,0.8337711691856384
034527,0.659423828125,0.6630321741104126,0.6764605641365051,0.7513098120689392
034528,0.450927734375,0.46255072951316833,0.3482339084148407,0.6788987517356873
034532,0.16796875,0.2717399597167969,0.14772342145442963,0.42998188734054565
034533,0.9466145634651184,0.9523142576217651,0.8072783350944519,0.7801370620727539
034534,0.508056640625,0.5150085687637329,0.5334192514419556,0.7352991104125977
034536,0.4778645932674408,0.4845152497291565,0.4635950028896332,0.5434637665748596
034538,0.9507649540901184,0.9548954367637634,0.7292529344558716,0.8607000112533569
034539,0.1458333432674408,0.28031212091445923,0.12516115605831146,0.37094971537590027
034540,0.490234375,0.5193790197372437,0.5961710214614868,0.692234218120575
034541,0.48828125,0.4886249303817749,0.5307213068008423,0.43211764097213745
034542,0.34765625,0.3566970229148865,0.3358892798423767,0.5578542351722717
034543,0.432373046875,0.4400978088378906,0.4618985950946808,0.5902338624000549
034544,0.943359375,0.9486445784568787,0.6040917634963989,0.6240096092224121
034545,0.947998046875,0.9522896409034729,0.8348100185394287,0.9380231499671936
034546,0.9673665165901184,0.9678053259849548,0.8748590350151062,0.945946216583252
034547,0.580322265625,0.6272321939468384,0.5636333227157593,0.6892153024673462
034550,0.5757649540901184,0.5794793367385864,0.5708760023117065,0.6902601718902588
034553,0.30078125,0.35330769419670105,0.3454500138759613,0.4701501131057739
034555,0.450927734375,0.46250253915786743,0.3482339084148407,0.6530676484107971
034556,0.939453125,0.9461193084716797,0.5589672327041626,0.6507425904273987
034558,0.3599446713924408,0.4487300217151642,0.36623337864875793,0.5589235424995422
034559,0.09375,0.2567702829837799,0.0676867738366127,0.3001328408718109
034562,0.956298828125,0.9602169990539551,0.7169486284255981,0.8753735423088074
034563,0.967041015625,0.9677054286003113,0.8122885227203369,0.7849026322364807
034564,0.606689453125,0.6254374384880066,0.6509066820144653,0.6610414385795593
034565,0.712158203125,0.7124763131141663,0.7497180104255676,0.6477941870689392
034566,0.703369140625,0.7038154602050781,0.6423966884613037,0.6205421090126038
034567,0.2044270783662796,0.2044270783662796,0.37262624502182007,0.37262624502182007
034570,0.943359375,0.9475250244140625,0.8076295852661133,0.843553364276886
034573,0.388427734375,0.39278051257133484,0.496870219707489,0.5885251760482788
034574,0.9673665165901184,0.967400848865509,1.0,0.9578917622566223
034575,0.962158203125,0.9626957178115845,0.8420895934104919,0.8929211497306824
034577,0.2044270783662796,0.3428252041339874,0.10949836671352386,0.40831509232521057
034578,0.706298828125,0.706298828125,0.871160089969635,0.8246655464172363
034580,0.374755859375,0.4632224440574646,0.24766992032527924,0.5301721096038818
034581,0.712158203125,0.7126742601394653,0.7497180104255676,0.8188219666481018
034582,0.431884765625,0.4838394522666931,0.3415256440639496,0.5907212495803833
034589,0.9444172978401184,0.9561331868171692,0.544137716293335,0.8814874291419983
034590,0.956298828125,0.9598147869110107,0.8195018768310547,0.9199671745300293
034594,0.940673828125,0.9513009786605835,0.5046601295471191,0.5562137365341187
034596,0.9668782353401184,0.9670836329460144,0.7810032963752747,0.5942547917366028
034597,0.959228515625,0.9598580598831177,0.7631344795227051,0.8177638053894043
034600,0.9673665165901184,0.9677237272262573,1.0,0.9100257158279419
034602,0.567138671875,0.5911240577697754,0.7988805174827576,0.9404332041740417
034603,0.508056640625,0.5128019452095032,0.5334192514419556,0.6464182138442993
034604,0.490234375,0.5621097683906555,0.42515653371810913,0.6485254764556885
034605,0.946533203125,0.9547112584114075,0.6577322483062744,0.8570781350135803
034607,0.03125,0.2196589857339859,0.02753167226910591,0.4862957298755646
034609,0.25390625,0.2705874443054199,0.6298989057540894,0.6944195032119751
034610,0.633056640625,0.6374688744544983,0.5862115621566772,0.5982990860939026
034611,0.951171875,0.951171875,0.694340705871582,0.5586636066436768
034612,0.02083333395421505,0.1685384064912796,0.028747543692588806,0.38787323236465454
034613,0.61328125,0.619498610496521,0.5185247659683228,0.7423612475395203
034616,0.556884765625,0.5873531699180603,0.3877114951610565,0.34535691142082214
034617,0.706298828125,0.7099132537841797,0.6245770454406738,0.7442460656166077
034618,0.61328125,0.6205374002456665,0.4536360800266266,0.6093106269836426
034619,0.508056640625,0.5149012804031372,0.5334192514419556,0.7190131545066833
034621,0.47265625,0.5843124389648438,0.2659246027469635,0.5560597777366638
034622,0.9668782353401184,0.9676118493080139,0.7810032963752747,0.9243165254592896
034623,0.703369140625,0.710383415222168,0.5620065331459045,0.7745988965034485
034625,0.953369140625,0.9571256637573242,0.7479812502861023,0.7810150384902954
034626,0.47265625,0.47980165481567383,0.3920743465423584,0.4686310887336731
034627,0.967041015625,0.9672943949699402,1.0,0.9591214656829834
034628,0.1458333432674408,0.22324298322200775,0.23463937640190125,0.6094202399253845
034630,0.300537109375,0.3234091103076935,0.6655102372169495,0.7418087720870972
034631,0.323974609375,0.4276409149169922,0.2550044059753418,0.5619800090789795
034632,0.967041015625,0.9676105380058289,0.8122885227203369,0.835533618927002
034633,0.943115234375,0.9528939723968506,0.6126077175140381,0.8440769910812378
034642,0.9507649540901184,0.9557205438613892,0.6379934549331665,0.6722891330718994
034643,0.968017578125,0.9680508375167847,1.0,0.8433851599693298
034644,0.947998046875,0.9559982419013977,0.5985158681869507,0.8616390228271484
034645,0.703369140625,0.7096641063690186,0.5620065331459045,0.7875093221664429
034646,0.09375,0.19758830964565277,0.1821252405643463,0.5146350264549255
034647,0.2774251401424408,0.34102463722229004,0.8435737490653992,0.9698387384414673
034648,0.488037109375,0.5371392369270325,0.7069194316864014,0.8234791159629822
034649,0.703369140625,0.7084528207778931,0.7838867902755737,0.800950288772583
034650,0.959228515625,0.9596487283706665,0.7631344795227051,0.6895116567611694
034651,0.47265625,0.4804903566837311,0.3920743465423584,0.5283640623092651
034652,0.1106770858168602,0.14608511328697205,0.37429505586624146,0.6343705058097839
034653,0.967041015625,0.9675201773643494,0.8122885227203369,0.8625766038894653
034655,0.19921875,0.3019958436489105,0.19636499881744385,0.5401962399482727
034658,0.9673665165901184,0.9677059054374695,0.8748590350151062,0.8474968671798706
034659,0.659423828125,0.6641238927841187,0.6764605641365051,0.6969823837280273
034660,0.968017578125,0.9680351614952087,1.0,0.7136988639831543
034662,0.9507649540901184,0.9549265503883362,0.6379934549331665,0.6093223094940186
034663,0.943359375,0.9467514157295227,0.7371450066566467,0.6508066058158875
034666,0.9673665165901184,0.9677349925041199,0.8748590350151062,0.8849794268608093
034667,0.939453125,0.9412841796875,0.8987017273902893,0.9601421356201172
034668,0.966796875,0.9672927856445312,0.8748388290405273,0.9385455846786499
034675,0.956298828125,0.9579533338546753,1.0,0.9227880835533142
034676,0.0,0.16501641273498535,0.0,0.46448928117752075
034678,0.0625,0.2492389678955078,0.043636664748191833,0.36283403635025024
034680,0.0625,0.10485297441482544,0.15969696640968323,0.4148155152797699
034682,0.0,0.234375,0.0,0.24494288861751556
034683,0.432373046875,0.44038695096969604,0.4040961265563965,0.6585399508476257
034684,0.712158203125,0.7126835584640503,0.7497180104255676,0.8219903111457825
034685,0.3125,0.3243913948535919,0.2682024836540222,0.5873523950576782
034686,0.61328125,0.6154648065567017,0.6327316761016846,0.622285008430481
034688,0.701171875,0.7030429840087891,0.7184317708015442,0.7347491383552551
034690,0.1875,0.28358763456344604,0.23226092755794525,0.5571455359458923
034692,0.947998046875,0.9548668265342712,0.6841284036636353,0.808377206325531
034693,0.94140625,0.9424972534179688,0.7888506054878235,0.6782751679420471
034695,0.951171875,0.9565540552139282,0.6074502468109131,0.6752444505691528
034696,0.951904296875,0.9561240673065186,0.6230928897857666,0.6178736686706543
034697,0.9673665165901184,0.9673665165901184,1.0,1.0
034698,0.3599446713924408,0.44804060459136963,0.40125197172164917,0.6874345541000366
034700,0.580322265625,0.6203663349151611,0.5636333227157593,0.7362903952598572
034701,0.712158203125,0.7126302719116211,0.7497180104255676,0.8698431253433228
034702,0.0,0.012500000186264515,0.0,0.09364787489175797
034703,0.967041015625,0.9677324295043945,0.8122885227203369,0.8132047057151794
034704,0.953369140625,0.953369140625,1.0,1.0
034707,0.946533203125,0.9531780481338501,0.6577322483062744,0.8480713367462158
034708,0.197998046875,0.34798938035964966,0.1916866898536682,0.586794912815094
034711,0.9388020634651184,0.9475539326667786,0.6763683557510376,0.8510445952415466
034714,0.703369140625,0.7101908326148987,0.6423966884613037,0.6945741176605225
034715,0.967041015625,0.9671562910079956,0.9284793138504028,0.8182403445243835
034716,0.966796875,0.966796875,0.7653606534004211,0.5261971950531006
034719,0.03125,0.03125,0.036275364458560944,0.036275364458560944
034720,0.966796875,0.9677595496177673,0.7653606534004211,0.9110531806945801
034721,0.951171875,0.9561450481414795,0.694340705871582,0.6953587532043457
034723,0.32421875,0.3385779857635498,0.25437816977500916,0.5547969341278076
034724,0.962158203125,0.9624568819999695,0.9625431895256042,0.8672268390655518
034725,0.953369140625,0.9580028057098389,0.7479812502861023,0.7690228819847107
034726,0.712158203125,0.7125357985496521,0.7497180104255676,0.731001079082489
034727,0.08203125,0.14784729480743408,0.23463936150074005,0.5452010035514832
034732,0.365234375,0.4759634733200073,0.26521679759025574,0.541003406047821
034735,0.940673828125,0.9539799690246582,0.5768473744392395,0.8510356545448303
034736,0.450927734375,0.46244147419929504,0.3482339084148407,0.5309128165245056
034737,0.953369140625,0.9574456214904785,0.912726640701294,0.8499812483787537
034738,0.712158203125,0.7125787734985352,0.7497180104255676,0.8212130665779114
034739,0.703369140625,0.7073898911476135,0.6423966884613037,0.7239790558815002
034743,0.531982421875,0.5730851292610168,0.7462155222892761,0.7530777454376221
034745,0.9375,0.9375,0.5364049673080444,0.48744434118270874
034746,0.02083333395421505,0.16335871815681458,0.017880165949463844,0.33933067321777344
034752,0.619873046875,0.6264147758483887,0.5410870313644409,0.7330899834632874
034753,0.5757649540901184,0.5757649540901184,0.763222336769104,0.7188202142715454
034756,0.951904296875,0.95615154504776,0.8690900206565857,0.8243920803070068
034757,0.94140625,0.94140625,0.8970906734466553,0.8970906734466553
034759,0.951904296875,0.9577035307884216,0.7122209072113037,0.728897750377655
034760,0.9388020634651184,0.9474107623100281,0.48492133617401123,0.6677978038787842
034761,0.2122395932674408,0.2622273862361908,0.36153164505958557,0.44037359952926636
034763,0.956298828125,0.9595124125480652,0.8195018768310547,0.8498445153236389
034764,0.706298828125,0.7111719846725464,0.6245770454406738,0.7829892635345459
034767,0.94140625,0.9538111686706543,0.5162065625190735,0.7854016423225403
034769,0.706298828125,0.7106382250785828,0.6245770454406738,0.8149752616882324
034770,0.9673665165901184,0.9676336050033569,1.0,0.9021005034446716
034771,0.568359375,0.5752441883087158,0.4457148313522339,0.5616487860679626
034775,0.962158203125,0.962553858757019,0.8420895934104919,0.7359704375267029
034779,0.431884765625,0.431884765625,0.8451594114303589,0.8451594114303589
034781,0.9444172978401184,0.9517706632614136,0.544137716293335,0.6215904951095581
034783,0.1875,0.20445731282234192,0.23226092755794525,0.2060563862323761
034784,0.09375,0.21668483316898346,0.0904926061630249,0.39034324884414673
034785,0.1106770858168602,0.23919031023979187,0.07485900819301605,0.377160906791687
034787,0.568359375,0.5712307095527649,0.5958904027938843,0.5962463617324829
034791,0.12109375,0.2866969108581543,0.10909166932106018,0.5615271329879761
034792,0.9466145634651184,0.9521102905273438,0.6615661382675171,0.6670476198196411
034793,0.02083333395421505,0.2015727460384369,0.021818332374095917,0.39641043543815613
034794,0.432373046875,0.43827784061431885,0.4618985950946808,0.528958261013031
034798,0.432373046875,0.44037890434265137,0.4040961265563965,0.5397117137908936
034801,0.39453125,0.4031974971294403,0.37281090021133423,0.7198266386985779
034802,0.263671875,0.39608532190322876,0.15307211875915527,0.33170369267463684
034804,0.659423828125,0.6634151339530945,0.5918076038360596,0.6277011036872864
034805,0.510498046875,0.5159695744514465,0.6093400716781616,0.7426943778991699
034806,0.701171875,0.7054262757301331,0.7184317708015442,0.8025959134101868
034807,0.701171875,0.7030487060546875,0.7184317708015442,0.8089463710784912
034808,0.4375,0.445556640625,0.3514672517776489,0.3743267357349396
034810,0.9444172978401184,0.9519167542457581,0.7589633464813232,0.7859078645706177
034811,0.956298828125,0.9602954983711243,0.7169486284255981,0.7240833640098572
034813,0.9444172978401184,0.9535660147666931,0.6219719052314758,0.7357011437416077
034814,0.9673665165901184,0.967888593673706,0.8748590350151062,0.8405330181121826
034815,0.584228515625,0.5845485329627991,0.7139173746109009,0.7763474583625793
034817,0.951171875,0.9570155143737793,0.694340705871582,0.6771494746208191
034818,0.953369140625,0.953369140625,1.0,1.0
034820,0.263671875,0.387451171875,0.2660166919231415,0.5815094709396362
034821,0.9668782353401184,0.9672430157661438,0.7810032963752747,0.6585224866867065
034822,0.3125,0.31829261779785156,0.23463936150074005,0.23767313361167908
034823,0.95703125,0.9577592611312866,0.7039180397987366,0.7664631605148315
034824,0.9375,0.9484237432479858,0.4692787230014801,0.4937763214111328
034825,0.9673665165901184,0.9676631689071655,1.0,0.9716700911521912
034826,0.959228515625,0.9599929451942444,0.7631344795227051,0.7693398594856262
034827,0.0625,0.2210931032896042,0.07171369343996048,0.4213672876358032
034828,0.568359375,0.5727316737174988,0.5438850522041321,0.5081250071525574
034829,0.712158203125,0.7123146653175354,0.7497180104255676,0.5924410820007324
034830,0.228759765625,0.40256252884864807,0.18026001751422882,0.6195777654647827
034831,0.953369140625,0.9548196792602539,1.0,0.9961210489273071
034833,0.61328125,0.6208921670913696,0.5185247659683228,0.6391579508781433
034836,0.388427734375,0.3960956633090973,0.3716495931148529,0.4270893335342407
034837,0.556884765625,0.6187698841094971,0.4431702494621277,0.5722578167915344
034840,0.48828125,0.48846435546875,0.5307213068008423,0.5052304863929749
034841,0.953369140625,0.9573997259140015,0.7479812502861023,0.7172218561172485
034845,0.166259765625,0.166259765625,0.8213136792182922,0.8213136792182922
034846,0.953369140625,0.9563370943069458,0.6543781161308289,0.5611898899078369
034850,0.946533203125,0.9536646008491516,0.575423002243042,0.7182108163833618
034851,0.9375,0.9482564926147461,0.5364049673080444,0.7281014323234558
034852,0.0625,0.19091907143592834,0.03128524869680405,0.17614136636257172
034854,0.388427734375,0.39736419916152954,0.3251410126686096,0.6396163105964661
034858,0.968017578125,0.9680628776550293,1.0,0.9666241407394409
034859,0.556884765625,0.6124427914619446,0.5407800078392029,0.6875373721122742
034860,0.571533203125,0.5769134759902954,0.43686550855636597,0.5757945775985718
034861,0.508056640625,0.5148992538452148,0.5334192514419556,0.6623077988624573
034862,0.9673665165901184,0.9676390886306763,1.0,0.9186471104621887
034865,0.953369140625,0.9591436386108398,0.6543781161308289,0.7572957873344421
034866,0.9673665165901184,0.9677472710609436,1.0,0.9069322943687439
034869,0.25390625,0.3416885435581207,0.25817668437957764,0.5650451183319092
034872,0.957763671875,0.9582844376564026,0.7236568927764893,0.6147605776786804
034873,0.94140625,0.944183349609375,0.7200049757957458,0.737442672252655
034876,0.701171875,0.7037399411201477,0.7184317708015442,0.7751349806785583
034877,0.9668782353401184,0.9675947427749634,0.7810032963752747,0.8881330490112305
034880,0.4375,0.4375,0.4692787528038025,0.4692787528038025
034888,0.261474609375,0.3641449213027954,0.30563369393348694,0.6295220851898193
034889,0.571533203125,0.5773152112960815,0.6093400716781616,0.6509366631507874
034891,0.9388020634651184,0.9471691250801086,0.5542851090431213,0.7956558465957642
034892,0.962158203125,0.9626373648643494,0.8420895934104919,0.8328250646591187
034894,0.962158203125,0.962512731552124,0.9625431895256042,0.8978002667427063
034895,0.966796875,0.9674092531204224,0.8748388290405273,0.836777925491333
034896,0.953369140625,0.9568204283714294,0.7479812502861023,0.7835307121276855
034897,0.3125,0.3125,0.32727500796318054,0.24463702738285065
034898,0.712158203125,0.7123722434043884,0.8569586873054504,0.862372875213623
034900,0.3599446713924408,0.4314701557159424,0.26257050037384033,0.5407813191413879
034901,0.967041015625,0.9674702286720276,0.8122885227203369,0.8100084066390991
034902,0.712158203125,0.7123828530311584,0.8569586873054504,0.699820339679718
034904,0.9375,0.9375,0.7171369194984436,0.7171369194984436
034905,0.956298828125,0.956298828125,1.0,1.0
034906,0.5757649540901184,0.5808942914009094,0.5708760023117065,0.6282928586006165
034907,0.304931640625,0.4231935441493988,0.22860826551914215,0.6408953666687012
034908,0.95703125,0.9577934145927429,0.7039180397987366,0.6887928247451782
034909,0.968017578125,0.96803218126297,1.0,0.7536103129386902
034911,0.703369140625,0.7090666890144348,0.5620065331459045,0.6335408687591553
034915,0.967041015625,0.9674150943756104,0.9284793138504028,0.8652560114860535
034917,0.951171875,0.9575065970420837,0.694340705871582,0.815078854560852
034923,0.9668782353401184,0.9674302339553833,0.892719030380249,0.8192956447601318
034924,0.966796875,0.9674738049507141,0.7653606534004211,0.7977255582809448
034925,0.9466145634651184,0.9552880525588989,0.5787770748138428,0.7898897528648376
034927,0.939453125,0.949985921382904,0.6820816993713379,0.8331510424613953
034929,0.9388020634651184,0.9465467929840088,0.48492133617401123,0.5979228615760803
034932,0.365234375,0.47235107421875,0.3236317038536072,0.5732133388519287
034933,0.943359375,0.9521366953849792,0.6040917634963989,0.6836098432540894
034935,0.490234375,0.6011117696762085,0.3180091083049774,0.5743812322616577
034937,0.956298828125,0.9586222767829895,0.8195018768310547,0.7855639457702637
034938,0.9668782353401184,0.967686116695404,0.7810032963752747,0.9019228219985962
034939,0.9388020634651184,0.9471773505210876,0.5542851090431213,0.6011245250701904
034940,0.956298828125,0.9572257995605469,1.0,1.0
034942,0.9673665165901184,0.9673939943313599,1.0,0.8724544644355774
034944,0.959228515625,0.959617018699646,0.7631344795227051,0.6736347675323486
034945,0.959228515625,0.9597009420394897,0.7631344795227051,0.8184381127357483
034946,0.5757649540901184,0.5784282684326172,0.5708760023117065,0.5396141409873962
034949,0.968017578125,0.9680460095405579,1.0,0.8682721853256226
034950,0.365234375,0.4154326319694519,0.3236317038536072,0.41469141840934753
034952,0.304931640625,0.41267794370651245,0.20000000298023224,0.47465670108795166
034954,0.956298828125,0.9605672359466553,0.7169486284255981,0.7510905861854553
034955,0.951171875,0.9550688862800598,0.694340705871582,0.6188236474990845
034956,0.959228515625,0.9599868655204773,0.7631344795227051,0.7317312359809875
034959,0.962158203125,0.962307870388031,0.9625431895256042,0.7778099775314331
034963,0.32421875,0.3359537124633789,0.2907647490501404,0.43680545687675476
034965,0.959228515625,0.9596668481826782,0.8722942471504211,0.8923453092575073
034973,0.701904296875,0.7073346376419067,0.7402501106262207,0.7593969106674194
034974,0.9507649540901184,0.9532737135887146,0.8898733854293823,0.8892530202865601
034975,0.44921875,0.5758989453315735,0.23463936150074005,0.40573012828826904
034978,0.957763671875,0.9580841064453125,0.7236568927764893,0.596484363079071
034979,0.962158203125,0.962485671043396,0.9625431895256042,0.8567702174186707
034983,0.968017578125,0.9680612087249756,1.0,0.9184750914573669
034985,0.9668782353401184,0.9674699902534485,0.7810032963752747,0.8310203552246094
034986,0.703369140625,0.7088775038719177,0.5620065331459045,0.7551569938659668
034987,0.9673665165901184,0.967778205871582,0.8748590350151062,0.9376961588859558
034991,0.30078125,0.32743939757347107,0.3454500138759613,0.3705289959907532
034992,0.9375,0.9486899971961975,0.5364049673080444,0.7085314393043518
034993,0.95703125,0.9577175974845886,0.7039180397987366,0.8732911944389343
034994,0.967041015625,0.9676104784011841,0.8122885227203369,0.7744690775871277
034996,0.393798828125,0.4838491976261139,0.38908666372299194,0.6940962076187134
034997,0.947998046875,0.9560233354568481,0.5985158681869507,0.7532593607902527
034998,0.48828125,0.4890384376049042,0.5307213068008423,0.6405059695243835
034999,0.9375,0.9420573115348816,0.4692787230014801,0.4598352909088135
035000,0.712158203125,0.7124839425086975,0.7497180104255676,0.7471945881843567
035003,0.568359375,0.5768451690673828,0.4457148313522339,0.5411101579666138
035004,0.344482421875,0.38469550013542175,0.31885725259780884,0.3971874415874481
035009,0.967041015625,0.9675681591033936,0.9284793138504028,0.8840028643608093
035010,0.9668782353401184,0.9676814675331116,0.7810032963752747,0.8792138695716858
035011,0.46875,0.4812164306640625,0.3384338617324829,0.5051817297935486
035012,0.953369140625,0.9574136137962341,0.912726640701294,0.9291939735412598
035013,0.962158203125,0.9624903798103333,0.9625431895256042,0.9352399706840515
035014,0.956298828125,0.9592004418373108,1.0,0.8333754539489746
035016,0.953369140625,0.9592472910881042,0.6543781161308289,0.8846651911735535
035022,0.956298828125,0.9593953490257263,1.0,0.9215850234031677
035024,0.951904296875,0.9579948782920837,0.6230928897857666,0.7987737059593201
035026,0.967041015625,0.9672173261642456,1.0,0.9240155816078186
035029,0.503173828125,0.5143777132034302,0.3920743465423584,0.6487783193588257
035033,0.962158203125,0.9626880884170532,0.8420895934104919,0.887109100818634
035036,0.951171875,0.956341028213501,0.8472716808319092,0.9253838658332825
035038,0.967041015625,0.9674473404884338,0.8122885227203369,0.9112599492073059
035042,0.34765625,0.35196033120155334,0.4098700284957886,0.5365093946456909
035044,0.968017578125,0.9680768251419067,1.0,0.9294898509979248
035045,0.606689453125,0.6432218551635742,0.5334192514419556,0.7500657439231873
035047,0.943115234375,0.9529105424880981,0.5359453558921814,0.6253206133842468
035050,0.9375,0.9474555253982544,0.4692787230014801,0.4963577389717102
035052,0.9673665165901184,0.9676990509033203,1.0,0.9180355072021484
035055,0.968017578125,0.9680578708648682,1.0,0.9332122802734375
035057,0.956298828125,0.961137592792511,0.7169486284255981,0.8366076350212097
035061,0.962158203125,0.9625775814056396,0.8420895934104919,0.912209153175354
035063,0.962158203125,0.962429940700531,0.9625431895256042,0.934942901134491
035064,0.9507649540901184,0.9539852142333984,0.8898733854293823,0.9156234264373779
035067,0.567138671875,0.5964534878730774,0.9225797057151794,0.8795731663703918
035068,0.9673665165901184,0.9677644371986389,0.8748590350151062,0.9203823804855347
035072,0.9466145634651184,0.9550718665122986,0.5787770748138428,0.6697628498077393
035076,0.505615234375,0.5172432065010071,0.37429502606391907,0.6168585419654846
035078,0.9673665165901184,0.9676987528800964,0.8748590350151062,0.8231805562973022
035079,0.957763671875,0.9586519598960876,0.7236568927764893,0.8577227592468262
035080,0.967041015625,0.9677383303642273,0.8122885227203369,0.9228870868682861
035081,0.9673665165901184,0.9676949977874756,1.0,0.9063116312026978
035085,0.959228515625,0.9597698450088501,0.7631344795227051,0.7129091620445251
035092,0.9668782353401184,0.9673004746437073,0.892719030380249,0.811585009098053
035098,0.953369140625,0.9561325907707214,0.7479812502861023,0.6386604905128479
035100,0.962158203125,0.9624504446983337,0.8420895934104919,0.7702372074127197
035101,0.943115234375,0.9525901079177856,0.5359453558921814,0.6603573560714722
035104,0.962158203125,0.9623964428901672,0.9625431895256042,0.889300525188446
035105,0.712158203125,0.7125029563903809,0.7497180104255676,0.7099037170410156
035108,0.560546875,0.6077764630317688,0.7653606534004211,0.8787708282470703
035112,0.967041015625,0.9675052165985107,0.8122885227203369,0.7015795707702637
035120,0.953369140625,0.9574488997459412,0.7479812502861023,0.7209815382957458
035121,0.953369140625,0.9602130055427551,0.7479812502861023,0.8663104772567749
035123,0.957763671875,0.9584903717041016,0.7236568927764893,0.7723740935325623
035128,0.9673665165901184,0.9676770567893982,0.8748590350151062,0.7844486832618713
035130,0.9507649540901184,0.9549376964569092,0.8898733854293823,0.8134610652923584
035135,0.25390625,0.36501622200012207,0.21157628297805786,0.47991013526916504
035137,0.4778645932674408,0.4849885404109955,0.4635950028896332,0.5936036705970764
035138,0.21875,0.33173519372940063,0.15793579816818237,0.4780119061470032
035140,0.956298828125,0.9610121846199036,0.7169486284255981,0.730522632598877
035142,0.947998046875,0.9534329771995544,0.6841284036636353,0.7157257199287415
035146,0.968017578125,0.968049943447113,1.0,0.8892244100570679
035149,0.556884765625,0.6061621308326721,0.4431702494621277,0.6410754919052124
035151,0.953369140625,0.9566411375999451,1.0,0.9618024230003357
035152,0.567138671875,0.567138671875,1.0,1.0
035154,0.39453125,0.4013190269470215,0.37281090021133423,0.5910816788673401
035155,0.5757649540901184,0.581657886505127,0.49943602085113525,0.6399804949760437
035158,0.962158203125,0.962549090385437,0.8420895934104919,0.8253483176231384
035160,0.968017578125,0.9680759906768799,1.0,0.8684431910514832
035162,0.962158203125,0.9625429511070251,0.8420895934104919,0.7591562867164612
035167,0.9507649540901184,0.9552527070045471,0.8898733854293823,0.8654192686080933
035168,0.940673828125,0.9540784955024719,0.5046601295471191,0.6486240029335022
035169,0.951904296875,0.9599452614784241,0.6230928897857666,0.7401771545410156
035170,0.701171875,0.7042838335037231,0.7184317708015442,0.6253806352615356
035172,0.9673665165901184,0.9678138494491577,0.8748590350151062,0.9187878966331482
035173,0.9466145634651184,0.9538106322288513,0.5787770748138428,0.6185069680213928
035176,0.9444172978401184,0.9560437798500061,0.544137716293335,0.7103853225708008
035180,0.567138671875,0.5990219116210938,0.5199966430664062,0.4585648775100708
035181,0.9444172978401184,0.9526364803314209,0.6219719052314758,0.7208395600318909
035187,0.968017578125,0.9680489301681519,1.0,0.9782775044441223
035190,0.9668782353401184,0.9672244191169739,0.892719030380249,0.8276680111885071
035199,0.510498046875,0.5185050964355469,0.49935534596443176,0.7281368374824524
035202,0.951904296875,0.9586074352264404,0.7122209072113037,0.8701629042625427
035203,0.5694172978401184,0.5775212645530701,0.4993056654930115,0.6584947109222412
035204,0.9668782353401184,0.9675116539001465,0.7810032963752747,0.7871816754341125
035206,0.959228515625,0.9597358107566833,0.7631344795227051,0.861787736415863
035207,0.953369140625,0.955793023109436,0.912726640701294,0.77796870470047
035211,0.953369140625,0.9602771401405334,0.7479812502861023,0.9066765308380127
035212,0.951904296875,0.9572972059249878,0.8690900206565857,0.8928914666175842
035214,0.943359375,0.9539862871170044,0.6040917634963989,0.7761275172233582
035216,0.510498046875,0.5150033235549927,0.6093400716781616,0.6645040512084961
035221,0.951904296875,0.9542504549026489,0.9521908760070801,0.8544017672538757
035224,0.959228515625,0.9597563147544861,0.7631344795227051,0.7730919718742371
035225,0.95703125,0.9576233625411987,0.7039180397987366,0.7036042809486389
035228,0.9673665165901184,0.9677547216415405,1.0,0.9780356884002686
035232,0.633056640625,0.6361538171768188,0.5128524899482727,0.5102978944778442
035245,0.531982421875,0.5850603580474854,0.48571667075157166,0.7237784266471863
035248,0.968017578125,0.9680375456809998,1.0,0.7238501906394958
035249,0.2774251401424408,0.4133685231208801,0.1687147468328476,0.5387494564056396
035256,0.706298828125,0.7110966444015503,0.6245770454406738,0.8139793872833252
035261,0.703369140625,0.7065638303756714,0.7838867902755737,0.6720549464225769
035271,0.9668782353401184,0.9674533605575562,0.7810032963752747,0.7422151565551758
035272,0.946533203125,0.9566062688827515,0.575423002243042,0.6835362315177917
035278,0.968017578125,0.9680485725402832,1.0,0.8577156066894531
035279,0.967041015625,0.9674333333969116,0.8122885227203369,0.7510395646095276
035281,0.39453125,0.4018246531486511,0.37281090021133423,0.675621747970581
035284,0.946533203125,0.9526988863945007,0.6577322483062744,0.5970339775085449
035285,0.953369140625,0.9577764272689819,0.7479812502861023,0.7589898109436035
035286,0.953369140625,0.95843905210495,0.912726640701294,0.9401066899299622
035288,0.967041015625,0.9676531553268433,0.8122885227203369,0.8564451932907104
035289,0.9388020634651184,0.9465077519416809,0.48492133617401123,0.6137970089912415
035293,0.260498046875,0.36101073026657104,0.34397661685943604,0.7166464328765869
035294,0.968017578125,0.9680479168891907,1.0,0.8984645009040833
035295,0.633056640625,0.6400967836380005,0.5128524899482727,0.7360835671424866
035299,0.959228515625,0.959228515625,0.9394869804382324,0.9394869804382324
035300,0.968017578125,0.9680625796318054,1.0,0.9236927628517151
035305,0.951904296875,0.9581975936889648,0.6230928897857666,0.6737526655197144
035310,0.9673665165901184,0.9676975607872009,0.8748590350151062,0.8309155702590942
035312,0.267578125,0.267578125,0.7098097205162048,0.7098097205162048
035314,0.9388020634651184,0.9462903738021851,0.7410414814949036,0.8265437483787537
035315,0.531982421875,0.5887594223022461,0.48571667075157166,0.7316243648529053
035316,0.518798828125,0.5802798271179199,0.3716495931148529,0.6483866572380066
035320,0.962158203125,0.9626964330673218,0.8420895934104919,0.9203001260757446
035323,0.9668782353401184,0.9675814509391785,0.892719030380249,0.9021702408790588
035332,0.962158203125,0.962158203125,0.9625431895256042,0.7796614766120911
035333,0.951904296875,0.9573270082473755,0.7122209072113037,0.8630114197731018
035336,0.968017578125,0.968054473400116,1.0,0.9555973410606384
035338,0.518798828125,0.608454704284668,0.4535067081451416,0.7053183317184448
035344,0.5694172978401184,0.5726848244667053,0.6197949647903442,0.6443247199058533
035345,0.9444172978401184,0.952150821685791,0.7589633464813232,0.7935633659362793
035347,0.9673665165901184,0.9678992033004761,0.8748590350151062,0.9579115509986877
035348,0.568359375,0.5795190930366516,0.3899376392364502,0.6611588597297668
035349,0.9375,0.9375,0.5364049673080444,0.512715756893158
035352,0.9673665165901184,0.9677643775939941,0.8748590350151062,0.934450626373291
035354,0.953369140625,0.9602241516113281,0.7479812502861023,0.7782082557678223
035355,0.19921875,0.28386715054512024,0.19636499881744385,0.48474037647247314
035359,0.968017578125,0.9680553674697876,1.0,0.8869824409484863
035360,0.968017578125,0.9680516123771667,1.0,0.8508265614509583
035370,0.966796875,0.96744704246521,0.7653606534004211,0.7244713306427002
035373,0.5757649540901184,0.5800563097000122,0.5708760023117065,0.6613049507141113
035377,0.9673665165901184,0.9676694869995117,0.8748590350151062,0.8038749694824219
035379,0.712158203125,0.7124099135398865,0.8569586873054504,0.8307858109474182
035381,0.9466145634651184,0.9477831125259399,0.8072783350944519,0.7264692187309265
035382,0.9673665165901184,0.9677082300186157,0.8748590350151062,0.7601271867752075
035384,0.508056640625,0.512985348701477,0.5334192514419556,0.7270349264144897
035389,0.966796875,0.9677435755729675,0.7653606534004211,0.8009101748466492
035391,0.962158203125,0.9623743295669556,0.9625431895256042,0.856602132320404
035395,0.9673665165901184,0.9677208662033081,1.0,0.9572607278823853
035399,0.951904296875,0.9585668444633484,0.7122209072113037,0.8456798791885376
035400,0.943359375,0.94573974609375,0.5284951329231262,0.37359267473220825
035403,0.21875,0.3543276786804199,0.19272169470787048,0.5088164210319519
035408,0.968017578125,0.9680579900741577,1.0,0.8780391812324524
035414,0.967041015625,0.9675655961036682,0.8122885227203369,0.8830285668373108
035415,0.953369140625,0.960283100605011,0.6543781161308289,0.7762024402618408
035419,0.962158203125,0.9625876545906067,0.8420895934104919,0.8814259767532349
035421,0.9673665165901184,0.9677414298057556,0.8748590350151062,0.7492727637290955
035424,0.508056640625,0.5150665044784546,0.46666663885116577,0.6834257245063782
035428,0.503173828125,0.5131884217262268,0.3920743465423584,0.6501222252845764
035430,0.967041015625,0.9676160216331482,0.8122885227203369,0.8692010641098022
035437,0.9668782353401184,0.9677801132202148,0.7810032963752747,0.9121763706207275
035439,0.962158203125,0.962510883808136,0.9625431895256042,0.9416505694389343
035442,0.953369140625,0.9602201581001282,0.7479812502861023,0.871428906917572
035443,0.962158203125,0.9626996517181396,0.8420895934104919,0.8944523930549622
035444,0.966796875,0.9675720930099487,0.7653606534004211,0.7954251170158386
035445,0.9507649540901184,0.95765620470047,0.7292529344558716,0.7959131002426147
035446,0.9668782353401184,0.9674975872039795,0.7810032963752747,0.7922204732894897
035448,0.968017578125,0.9680402874946594,1.0,0.7763873338699341
035451,0.956298828125,0.9611748456954956,0.7169486284255981,0.8170201182365417
035452,0.304931640625,0.43374189734458923,0.2789600193500519,0.584753692150116
035454,0.388427734375,0.39824286103248596,0.3251410126686096,0.640410304069519
035455,0.9507649540901184,0.9560494422912598,0.7292529344558716,0.7388099431991577
035463,0.956298828125,0.960659384727478,0.7169486284255981,0.9096983075141907
035465,0.947998046875,0.9505770206451416,0.6841284036636353,0.5888363122940063
035466,0.940673828125,0.9476248025894165,0.771205723285675,0.8370283246040344
035472,0.962158203125,0.9626370072364807,0.8420895934104919,0.9389857649803162
035473,0.9673665165901184,0.9677996635437012,0.8748590350151062,0.9086926579475403
035474,0.47265625,0.47985929250717163,0.4784300625324249,0.5827957391738892
035475,0.606689453125,0.6408161520957947,0.5334192514419556,0.71953946352005
035476,0.946533203125,0.9540159702301025,0.6577322483062744,0.7047188878059387
035479,0.300537109375,0.38661664724349976,0.3306722342967987,0.581810474395752
035480,0.951904296875,0.9521102905273438,0.8690900206565857,0.6045135855674744
035492,0.951171875,0.9596653580665588,0.6074502468109131,0.680759072303772
035495,0.712158203125,0.7125022411346436,0.8569586873054504,0.7643955945968628
035496,0.967041015625,0.9673858284950256,0.9284793138504028,0.7520827651023865
035499,0.9673665165901184,0.9678944945335388,0.8748590350151062,0.9146136045455933
035504,0.951904296875,0.9569671750068665,0.8690900206565857,0.8087248206138611
035506,0.968017578125,0.9680399298667908,1.0,0.9053362011909485
035508,0.957763671875,0.958510160446167,0.7236568927764893,0.852444589138031
035514,0.46875,0.481208860874176,0.29608190059661865,0.5661744475364685
035516,0.9507649540901184,0.9558156728744507,0.6379934549331665,0.6905674338340759
035527,0.450927734375,0.45577114820480347,0.5321600437164307,0.6601248979568481
035529,0.956298828125,0.9609977006912231,0.8195018768310547,0.9073551297187805
035532,0.951171875,0.9559370279312134,0.694340705871582,0.8477426767349243
035541,0.946533203125,0.9563649892807007,0.575423002243042,0.7419337630271912
035543,0.9668782353401184,0.967623233795166,0.7810032963752747,0.8716560006141663
035551,0.9673665165901184,0.9676257371902466,1.0,0.9625415205955505
035554,0.520263671875,0.520806074142456,0.5620065331459045,0.6314341425895691
035555,0.9668782353401184,0.9675994515419006,0.892719030380249,0.8773349523544312
035557,0.571533203125,0.5799052119255066,0.49935534596443176,0.7354855537414551
035562,0.959228515625,0.9598457217216492,0.7631344795227051,0.754087507724762
035565,0.966796875,0.96685791015625,0.9799711108207703,0.9972230792045593
035566,0.560546875,0.6025927662849426,0.7653606534004211,0.9572970867156982
035567,0.9668782353401184,0.9676662087440491,0.7810032963752747,0.7542498707771301
035569,0.962158203125,0.9625393152236938,0.8420895934104919,0.8801270127296448
035572,0.959228515625,0.959761917591095,0.7631344795227051,0.7952163815498352
035573,0.968017578125,0.9680641293525696,1.0,0.9069778323173523
035574,0.567138671875,0.6202965378761292,0.7988805174827576,0.9537500143051147
035578,0.584228515625,0.5845029950141907,0.7689103484153748,0.7784048318862915
035583,0.956298828125,0.9603986740112305,0.7169486284255981,0.9169396758079529
035586,0.967041015625,0.9677349328994751,0.8122885227203369,0.9023044109344482
035588,0.957763671875,0.9584771990776062,0.7236568927764893,0.8153733611106873
035592,0.962158203125,0.9624496102333069,0.8420895934104919,0.7520470023155212
035598,0.488037109375,0.5762386918067932,0.2856633961200714,0.5869356393814087
035599,0.951904296875,0.9555091857910156,0.8690900206565857,0.9821845889091492
035605,0.962158203125,0.9625208973884583,0.8420895934104919,0.7542051076889038
035606,0.956298828125,0.9610733985900879,0.7169486284255981,0.7649650573730469
035616,0.9375,0.9395751953125,0.8624263405799866,0.9144051671028137
035619,0.5757649540901184,0.5826343297958374,0.49943602085113525,0.5510177612304688
035622,0.03125,0.22507545351982117,0.01973879337310791,0.3950645923614502
035624,0.951904296875,0.9584710001945496,0.7122209072113037,0.8069419860839844
035626,0.956298828125,0.9611137509346008,0.8195018768310547,0.9302646517753601
035628,0.966796875,0.9671386480331421,0.8748388290405273,0.9716767072677612
035630,0.953369140625,0.9576386213302612,0.6543781161308289,0.7947738170623779
035635,0.556884765625,0.6123992204666138,0.5407800078392029,0.7911436557769775
035639,0.953369140625,0.9603513479232788,0.6543781161308289,0.7952749133110046
035640,0.956298828125,0.9611402750015259,0.7169486284255981,0.7687214612960815
035642,0.23046875,0.33145764470100403,0.214540034532547,0.5277500152587891
035643,0.956298828125,0.9604657888412476,0.7169486284255981,0.8050256371498108
035645,0.968017578125,0.9680678248405457,1.0,0.8787603378295898
035647,0.968017578125,0.9680627584457397,1.0,0.9148496389389038
035649,0.518798828125,0.5724895000457764,0.3716495931148529,0.4600435793399811
035656,0.967041015625,0.9678143262863159,0.8122885227203369,0.9597878456115723
035657,0.940673828125,0.9526997804641724,0.5046601295471191,0.7675788998603821
035658,0.966796875,0.9675860404968262,0.7653606534004211,0.8882174491882324
035659,0.962158203125,0.9623358249664307,0.9625431895256042,0.7710555195808411
035660,0.943359375,0.9544578194618225,0.6040917634963989,0.8516638278961182
035662,0.962158203125,0.9626945853233337,0.8420895934104919,0.9597652554512024
035663,0.943115234375,0.9534438252449036,0.6126077175140381,0.7803017497062683
035666,0.956298828125,0.9610536694526672,0.7169486284255981,0.7536908388137817
035677,0.584228515625,0.5845799446105957,0.6245770454406738,0.5837131142616272
035679,0.943359375,0.9503045678138733,0.5284951329231262,0.6356544494628906
035680,0.957763671875,0.9582528471946716,0.8271697163581848,0.8526475429534912
035682,0.947998046875,0.952280580997467,0.8348100185394287,0.8520638346672058
035685,0.967041015625,0.9675676822662354,0.8122885227203369,0.8181895017623901
035687,0.967041015625,0.9675741195678711,0.8122885227203369,0.8445106744766235
035688,0.968017578125,0.9680772423744202,1.0,0.9028793573379517
035693,0.967041015625,0.96757572889328,0.9284793138504028,0.8210004568099976
035700,0.957763671875,0.9583763480186462,0.8271697163581848,0.8624553680419922
035702,0.959228515625,0.960000216960907,0.7631344795227051,0.9009383916854858
035706,0.9507649540901184,0.9540929794311523,0.7292529344558716,0.6871165037155151
035709,0.490234375,0.5122528076171875,0.8556691408157349,0.8999995589256287
035713,0.95703125,0.9577664732933044,0.7039180397987366,0.8315207362174988
035720,0.956298828125,0.9591410756111145,1.0,0.9733543992042542
035721,0.946533203125,0.9538345336914062,0.6577322483062744,0.7826050519943237
035724,0.9375,0.9420166015625,0.4692787230014801,0.39548805356025696
035725,0.146728515625,0.31891053915023804,0.1366233378648758,0.5946155786514282
035726,0.518798828125,0.5873121619224548,0.6967307925224304,0.920939564704895
035727,0.951171875,0.951171875,0.694340705871582,0.5484258532524109
035729,0.3599446713924408,0.4493411183357239,0.36623337864875793,0.6354576349258423
035733,0.962158203125,0.9624693393707275,0.9625431895256042,0.9132004380226135
035734,0.9388020634651184,0.946427047252655,0.48492133617401123,0.5398064851760864
035738,0.9673665165901184,0.9676610231399536,1.0,0.8852691650390625
035744,0.9668782353401184,0.9676834344863892,0.7810032963752747,0.762387752532959
035752,0.962158203125,0.9626875519752502,0.8420895934104919,0.9202882647514343
035753,0.508056640625,0.5124145746231079,0.5334192514419556,0.5574771761894226
035757,0.469970703125,0.47687166929244995,0.5407800078392029,0.6872117519378662
035761,0.9673665165901184,0.9678993821144104,0.8748590350151062,0.8368062376976013
035763,0.9673665165901184,0.9677265882492065,0.8748590350151062,0.8908824324607849
035771,0.95703125,0.9576058387756348,0.7039180397987366,0.7124614119529724
035772,0.606689453125,0.6486005187034607,0.6509066820144653,0.806948184967041
035773,0.606689453125,0.6336398720741272,1.0,0.7945098280906677
035780,0.44140625,0.4488708972930908,0.3284950852394104,0.4658699631690979
035784,0.966796875,0.967208981513977,0.8748388290405273,0.7984009981155396
035786,0.9507649540901184,0.9542601704597473,0.6379934549331665,0.5811728239059448
035787,0.712158203125,0.7125077843666077,0.7497180104255676,0.7149825692176819
035788,0.968017578125,0.9680628180503845,1.0,0.8420388102531433
035789,0.957763671875,0.958385705947876,0.7236568927764893,0.690163254737854
035790,0.571533203125,0.5768267512321472,0.6676040887832642,0.7758650779724121
035792,0.966796875,0.9677327275276184,0.7653606534004211,0.9115705490112305
035797,0.5757649540901184,0.5815356969833374,0.5708760023117065,0.693498969078064
035799,0.9444172978401184,0.9559761881828308,0.544137716293335,0.718697726726532
035800,0.951171875,0.9544014930725098,0.6074502468109131,0.5349783301353455
035803,0.967041015625,0.9675325155258179,0.8122885227203369,0.7043755650520325
035808,0.9507649540901184,0.9552520513534546,0.8898733854293823,0.7794176936149597
035811,0.659423828125,0.6618194580078125,0.6764605641365051,0.6567675471305847
035813,0.02083333395421505,0.1233723983168602,0.06149357929825783,0.432267427444458
035815,0.431884765625,0.431884765625,0.8451594114303589,0.8451594114303589
035816,0.953369140625,0.953369140625,1.0,1.0
035818,0.580322265625,0.6436852812767029,0.4618985950946808,0.741828441619873
035819,0.967041015625,0.9675679206848145,0.8122885227203369,0.7128385901451111
035820,0.4700520932674408,0.480425089597702,0.3117245137691498,0.5078267455101013
035823,0.967041015625,0.9677969217300415,0.8122885227203369,0.7753737568855286
035825,0.1875,0.3426114022731781,0.10728099197149277,0.28181058168411255
035826,0.9444172978401184,0.9540002942085266,0.6219719052314758,0.731440007686615
035827,0.9668782353401184,0.9676213264465332,0.7810032963752747,0.8798769116401672
035828,0.956298828125,0.9611125588417053,0.7169486284255981,0.8113914132118225
035829,0.967041015625,0.9675818085670471,0.9284793138504028,0.846615195274353
035830,0.940673828125,0.944307804107666,0.5768473744392395,0.4571470320224762
035832,0.956298828125,0.9611514210700989,0.7169486284255981,0.7976647019386292
035833,0.967041015625,0.9672513008117676,0.8122885227203369,0.6241124868392944
035839,0.466064453125,0.551292359828949,0.2907647490501404,0.5610477924346924
035842,0.943115234375,0.9466679692268372,0.819014847278595,0.856873631477356
035846,0.23828125,0.36643490195274353,0.19636499881744385,0.587819516658783
035847,0.9673665165901184,0.9678951501846313,0.8748590350151062,0.8567689061164856
035849,0.943115234375,0.9455327987670898,0.9313938021659851,0.9745889902114868
035851,0.9507649540901184,0.9546831846237183,0.8898733854293823,0.9640508890151978
035853,0.946533203125,0.953256368637085,0.8026000261306763,0.856296956539154
035854,0.9507649540901184,0.9555901288986206,0.8898733854293823,0.9096300601959229
035855,0.953369140625,0.958956241607666,0.7479812502861023,0.8516290783882141
035856,0.9507649540901184,0.9576363563537598,0.6379934549331665,0.7355847358703613
035857,0.968017578125,0.9680663347244263,1.0,0.9977286458015442
035858,0.94140625,0.9537004828453064,0.5900454521179199,0.7768819332122803
035859,0.580322265625,0.6421298384666443,0.5636333227157593,0.7649650573730469
035860,0.951904296875,0.9577134251594543,0.7122209072113037,0.8297626972198486
035861,0.94140625,0.9461127519607544,0.5900454521179199,0.5671142935752869
035862,0.9673665165901184,0.967740535736084,0.8748590350151062,0.9566327929496765
035865,0.146728515625,0.1814422607421875,0.3333333134651184,0.533227264881134
035866,0.304931640625,0.373256653547287,0.6151177287101746,0.7659512758255005
035867,0.9375,0.946486234664917,0.4692787230014801,0.5294677019119263
035868,0.212890625,0.2595759630203247,0.28110769391059875,0.35862109065055847
035869,0.9466145634651184,0.951466977596283,0.5787770748138428,0.7860448360443115
035870,0.951904296875,0.954801082611084,0.8690900206565857,0.8700135350227356
035871,0.967041015625,0.9676132202148438,0.8122885227203369,0.7773024439811707
035872,0.967041015625,0.9671897888183594,1.0,1.0
035873,0.9668782353401184,0.9673241376876831,0.892719030380249,0.9201785922050476
035874,0.968017578125,0.9680546522140503,1.0,0.8395712971687317
035875,0.967041015625,0.9678080677986145,0.8122885227203369,0.9131470918655396
035876,0.300537109375,0.37000370025634766,0.30181336402893066,0.5676445960998535
035878,0.0625,0.2894134521484375,0.043636664748191833,0.5354586839675903
035879,0.962158203125,0.962470293045044,0.9625431895256042,0.9240977764129639
035881,0.959228515625,0.9598608016967773,0.7631344795227051,0.6961647272109985
035882,0.966796875,0.9673085808753967,0.8748388290405273,0.8043269515037537
035883,0.956298828125,0.9611416459083557,0.7169486284255981,0.9080133438110352
035886,0.263671875,0.263671875,0.7653606534004211,0.7653606534004211
035888,0.228759765625,0.32617098093032837,0.18026001751422882,0.3888018727302551
035889,0.946533203125,0.9517104625701904,0.8793432712554932,0.9550331234931946
035890,0.956298828125,0.9596503376960754,0.8195018768310547,0.8124549984931946
035891,0.9673665165901184,0.9675770998001099,1.0,0.9860609769821167
035892,0.953369140625,0.9554643034934998,1.0,0.8873143792152405
035893,0.968017578125,0.9680629968643188,1.0,0.8657782673835754
035894,0.9673665165901184,0.9678158164024353,0.8748590350151062,0.8863278031349182
035895,0.47265625,0.5317265391349792,0.3709116578102112,0.47737833857536316
035897,0.606689453125,0.6277946829795837,1.0,1.0
035898,0.951171875,0.95172119140625,0.974895179271698,0.9965193271636963
035900,0.568359375,0.5756988525390625,0.4457148313522339,0.49006253480911255
035901,0.959228515625,0.9600040316581726,0.7631344795227051,0.8964464068412781
035908,0.967041015625,0.9673616886138916,0.9284793138504028,0.8321679830551147
035909,0.967041015625,0.9674971103668213,0.8122885227203369,0.8643196225166321
035910,0.9444172978401184,0.9559703469276428,0.544137716293335,0.8474649786949158
035912,0.962158203125,0.9626924991607666,0.8420895934104919,0.884662389755249
035914,0.9673665165901184,0.9677278399467468,0.8748590350151062,0.8063792586326599
035919,0.940673828125,0.940673828125,1.0,0.9739954471588135
035920,0.953369140625,0.9579278230667114,0.912726640701294,0.8649407029151917
035921,0.9668782353401184,0.9673839807510376,0.7810032963752747,0.7151025533676147
035922,0.968017578125,0.9680777192115784,1.0,0.9483511447906494
035923,0.9507649540901184,0.9554582834243774,0.7292529344558716,0.8163498044013977
035926,0.584228515625,0.5847405195236206,0.7139173746109009,0.7916873097419739
035928,0.304931640625,0.4117879867553711,0.34757038950920105,0.6470312476158142
035933,0.9375,0.9384765625,0.7171369194984436,0.722843587398529
035938,0.9673665165901184,0.9679044485092163,0.8748590350151062,0.8759239315986633
035941,0.939453125,0.9472432732582092,0.7848228216171265,0.9355772733688354
035942,0.959228515625,0.9597086906433105,0.8722942471504211,0.9300881028175354
035943,0.967041015625,0.9673510789871216,0.8122885227203369,0.8071185946464539
035944,0.9507649540901184,0.9533278346061707,0.974961519241333,0.9703267812728882
035945,0.9375,0.9468994140625,0.6545500159263611,0.8949089050292969
035946,0.1875,0.38296812772750854,0.10728099197149277,0.41599515080451965
035948,0.962158203125,0.9626850485801697,0.8420895934104919,0.8617836236953735
035950,0.304931640625,0.304931640625,1.0,1.0
035953,0.966796875,0.9674458503723145,0.7653606534004211,0.7294437885284424
035955,0.701904296875,0.7052110433578491,0.6066363453865051,0.5699780583381653
035956,0.956298828125,0.9610730409622192,0.8195018768310547,0.8690561652183533
035957,0.957763671875,0.9583853483200073,0.7236568927764893,0.72935950756073
035958,0.3599446713924408,0.43091827630996704,0.36623337864875793,0.6310281753540039
035961,0.518798828125,0.6086023449897766,0.3716495931148529,0.57535719871521
035962,0.943115234375,0.9501670002937317,0.6126077175140381,0.6581847071647644
035963,0.946533203125,0.9492831826210022,1.0,0.969918429851532
035964,0.584228515625,0.5847650766372681,0.7139173746109009,0.760287880897522
035965,0.9466145634651184,0.9512549042701721,0.6615661382675171,0.6777753233909607
035966,0.959228515625,0.9596845507621765,0.8722942471504211,0.8000317811965942
035967,0.9673665165901184,0.9677452445030212,1.0,0.8932508826255798
035969,0.323974609375,0.41008469462394714,0.2230929136276245,0.4490205943584442
035971,0.947998046875,0.9495429992675781,0.6841284036636353,0.6418582201004028
035975,0.46875,0.46875,0.4524630308151245,0.3988967537879944
035976,0.9444172978401184,0.9538633823394775,0.544137716293335,0.7060346007347107
035977,0.580322265625,0.6420378088951111,0.5636333227157593,0.693880021572113
035978,0.947998046875,0.9539721012115479,0.5985158681869507,0.6277774572372437
035980,0.9444172978401184,0.9561536908149719,0.544137716293335,0.7921212911605835
035982,0.95703125,0.9576457738876343,0.8046074509620667,0.8373546600341797
035983,0.23046875,0.3593101501464844,0.17581595480442047,0.5364141464233398
035986,0.510498046875,0.5184571743011475,0.49935534596443176,0.7078562378883362
035988,0.943359375,0.9483978152275085,0.7371450066566467,0.7234113216400146
035989,0.518798828125,0.5702778100967407,0.3716495931148529,0.48606759309768677
035990,0.943115234375,0.9527502059936523,0.5359453558921814,0.641581118106842
035991,0.9507649540901184,0.9542866945266724,0.8898733854293823,0.9340803027153015
035992,0.47265625,0.4798949360847473,0.3430097699165344,0.42725658416748047
035993,0.953369140625,0.9559807777404785,0.912726640701294,0.8058105707168579
035997,0.571533203125,0.5784422159194946,0.6093400716781616,0.6255903244018555
035998,0.580322265625,0.6126960515975952,0.4040961265563965,0.4445823132991791
036000,0.393798828125,0.4683782160282135,0.31885725259780884,0.6432534456253052
036002,0.9673665165901184,0.9677870869636536,0.8748590350151062,0.9061011075973511
036004,0.94140625,0.94696044921875,0.5900454521179199,0.6341565251350403
036006,0.571533203125,0.57894366979599,0.43686550855636597,0.4934990108013153
036008,0.44921875,0.5361204743385315,0.23463936150074005,0.43923306465148926
036009,0.9444172978401184,0.9530909061431885,0.544137716293335,0.7243718504905701
036010,0.967041015625,0.9675050377845764,0.8122885227203369,0.7146141529083252
036011,0.0,0.17069244384765625,0.0,0.16780395805835724
036012,0.520263671875,0.5209844708442688,0.5620065331459045,0.6799904108047485
036014,0.703369140625,0.7093232870101929,0.6423966884613037,0.7618060111999512
036015,0.9507649540901184,0.9566882848739624,0.6379934549331665,0.8300137519836426
036017,0.450927734375,0.4591284990310669,0.39804574847221375,0.4819818139076233
036018,0.9668782353401184,0.9677549004554749,0.7810032963752747,0.770403265953064
036019,0.393798828125,0.4207168221473694,0.8579513430595398,0.8070979118347168
036022,0.508056640625,0.515045702457428,0.46666663885116577,0.6564744710922241
036023,0.08984375,0.156494140625,0.06666666269302368,0.11023358255624771
036024,0.469970703125,0.4782244563102722,0.4431702494621277,0.512133777141571
036025,0.48828125,0.48881247639656067,0.5307213068008423,0.5165330767631531
036026,0.567138671875,0.6204065680503845,0.37281090021133423,0.4825739860534668
036027,0.95703125,0.9573945999145508,0.8046074509620667,0.6839492917060852
036028,0.9668782353401184,0.9673064351081848,0.892719030380249,0.7612848281860352
036029,0.2122395932674408,0.27931463718414307,0.36153164505958557,0.5650923252105713
036031,0.25390625,0.32420164346694946,0.39664164185523987,0.5261370539665222
036032,0.953369140625,0.9595884084701538,0.6543781161308289,0.7127249836921692
036034,0.9375,0.9417899250984192,0.7171369194984436,0.7187451720237732
036035,0.9444172978401184,0.9511203765869141,0.7589633464813232,0.7549209594726562
036036,0.560546875,0.6241737008094788,0.4981783330440521,0.7426298260688782
036037,0.9673665165901184,0.9676348567008972,0.8748590350151062,0.9041087031364441
036039,0.393798828125,0.4704175591468811,0.31885725259780884,0.6670348048210144
036043,0.61328125,0.618525505065918,0.5185247659683228,0.5548294186592102
036044,0.9668782353401184,0.9677741527557373,0.7810032963752747,0.8559817671775818
036045,0.968017578125,0.9680622220039368,1.0,0.8356341123580933
036047,0.5694172978401184,0.5791482925415039,0.4635950028896332,0.7317917346954346
036049,0.9673665165901184,0.9675472378730774,0.8748590350151062,0.7852444648742676
036050,0.939453125,0.9449353218078613,0.5589672327041626,0.49212732911109924
036051,0.261474609375,0.33169203996658325,0.22860826551914215,0.4253133237361908
036053,0.9673665165901184,0.9676839709281921,0.8748590350151062,0.8157296776771545
036054,0.9444172978401184,0.9477574229240417,0.7589633464813232,0.7378373146057129
036055,0.5757649540901184,0.5827274322509766,0.49943602085113525,0.7641679048538208
036056,0.518798828125,0.6096633076667786,0.3251410126686096,0.6615462899208069
036057,0.951904296875,0.9598006010055542,0.7122209072113037,0.7826994061470032
036058,0.518798828125,0.5485653281211853,0.4535067081451416,0.5030568242073059
036059,0.95703125,0.9574922919273376,0.7039180397987366,0.648249089717865
036061,0.959228515625,0.9595715999603271,0.7631344795227051,0.8080568909645081
036062,0.701904296875,0.7081290483474731,0.6066363453865051,0.749844491481781
036064,0.962158203125,0.9625636339187622,0.8420895934104919,0.9149168729782104
036065,0.0625,0.2474365234375,0.05020960420370102,0.46985363960266113
036066,0.9673665165901184,0.9678928852081299,0.8748590350151062,0.8998644948005676
036067,0.518798828125,0.5806676745414734,0.6967307925224304,0.7951939702033997
036068,0.943359375,0.9536202549934387,0.6040917634963989,0.8331381678581238
036069,0.943115234375,0.9497796893119812,0.6126077175140381,0.5790603160858154
036070,0.556884765625,0.6185979843139648,0.3877114951610565,0.5051490068435669
036071,0.9466145634651184,0.9519718885421753,0.6615661382675171,0.6622287034988403
036072,0.606689453125,0.6218522191047668,0.46666663885116577,0.4183811545372009
036074,0.633056640625,0.6382244825363159,0.5128524899482727,0.5391322374343872
036075,0.08203125,0.2544659972190857,0.04692786931991577,0.33782079815864563
036076,0.947998046875,0.9561160802841187,0.5985158681869507,0.7678580284118652
036077,0.659423828125,0.6640664339065552,0.6764605641365051,0.8090893030166626
036078,0.560546875,0.6385306715965271,0.4082580804824829,0.7643684148788452
036079,0.619873046875,0.6258321404457092,0.4733748733997345,0.5117334723472595
036080,0.4778645932674408,0.4848022758960724,0.4055802822113037,0.5689947605133057
036081,0.531982421875,0.5750744938850403,0.7462155222892761,0.9197164177894592
036082,0.580322265625,0.6266892552375793,0.4040961265563965,0.7050991058349609
036084,0.968017578125,0.9680522084236145,1.0,0.8705700635910034
036085,0.606689453125,0.6499180197715759,0.5334192514419556,0.737656831741333
036086,0.5757649540901184,0.5776729583740234,0.5708760023117065,0.4776330888271332
036087,0.560546875,0.6356135606765747,0.4981783330440521,0.7538655996322632
036088,0.5757649540901184,0.5801882743835449,0.6966133713722229,0.799092710018158
036089,0.968017578125,0.9680770635604858,1.0,0.8855167031288147
036090,0.499755859375,0.588173508644104,0.3358892798423767,0.632595419883728
036091,0.9668782353401184,0.9673624038696289,0.892719030380249,0.8597456812858582
036093,0.9673665165901184,0.9679006934165955,0.8748590350151062,0.9076489210128784
036094,0.1875,0.3048551380634308,0.1309099942445755,0.33367854356765747
036096,0.962158203125,0.9625916481018066,0.8420895934104919,0.8587124943733215
036097,0.0,0.15836504101753235,0.0,0.2997437119483948
036098,0.701904296875,0.7079253196716309,0.5307213068008423,0.6725128293037415
036099,0.505615234375,0.5130575895309448,0.427834689617157,0.4872177839279175
036100,0.9673665165901184,0.9676710963249207,0.8748590350151062,0.7541628479957581
036103,0.95703125,0.9577279686927795,0.8046074509620667,0.8033857941627502
036104,0.633056640625,0.6367852091789246,0.5862115621566772,0.5487537980079651
036105,0.943115234375,0.9519930481910706,0.5359453558921814,0.6358040571212769
036107,0.9673665165901184,0.967585027217865,1.0,0.876846432685852
036108,0.46875,0.4837847948074341,0.3384338617324829,0.563705563545227
036109,0.505615234375,0.517227292060852,0.37429502606391907,0.6303647756576538
036112,0.659423828125,0.6630507707595825,0.5918076038360596,0.6718578338623047
036115,0.959228515625,0.9597715139389038,0.8722942471504211,0.8145038485527039
036117,0.659423828125,0.6625615358352661,0.6764605641365051,0.654695987701416
036118,0.9673665165901184,0.9677018523216248,0.8748590350151062,0.8530002236366272
036119,0.510498046875,0.5169050097465515,0.49935534596443176,0.6429944038391113
036122,0.9673665165901184,0.9677286744117737,1.0,0.9650605916976929
036123,0.9673665165901184,0.9678995013237,0.8748590350151062,0.9296450018882751
036124,0.953369140625,0.9603227376937866,0.6543781161308289,0.8684923052787781
036125,0.956298828125,0.9581016302108765,1.0,0.9927276372909546
036126,0.953369140625,0.9588280916213989,0.7479812502861023,0.8357908129692078
036127,0.962158203125,0.9624032378196716,0.9625431895256042,0.9438686966896057
036128,0.701904296875,0.7100237607955933,0.5307213068008423,0.7771431803703308
036130,0.967041015625,0.967583417892456,0.8122885227203369,0.7950224280357361
036131,0.703369140625,0.7089182734489441,0.5620065331459045,0.6835069060325623
036132,0.951171875,0.9573606252670288,0.8472716808319092,0.825802206993103
036133,0.584228515625,0.5849919319152832,0.6245770454406738,0.7169941067695618
036135,0.263671875,0.4209747314453125,0.17496776580810547,0.36700522899627686
036136,0.956298828125,0.9591625332832336,1.0,0.946601152420044
036137,0.08203125,0.2953540086746216,0.053640495985746384,0.38603079319000244
036139,0.510498046875,0.517204225063324,0.49935534596443176,0.644283652305603
036140,0.968017578125,0.9680517315864563,1.0,0.944433331489563
036141,0.962158203125,0.9624351263046265,0.9625431895256042,0.9131371974945068
036142,0.374755859375,0.4577474594116211,0.3454500138759613,0.687864363193512
036143,0.962158203125,0.9625312685966492,0.8420895934104919,0.8806585073471069
036144,0.263671875,0.398004949092865,0.15307211875915527,0.3746616244316101
036145,0.263671875,0.30020394921302795,0.32801172137260437,0.2881901264190674
036146,0.4778645932674408,0.483717679977417,0.4635950028896332,0.6368785500526428
036148,0.703369140625,0.7074881792068481,0.7838867902755737,0.8505944609642029
036152,0.323974609375,0.4179675579071045,0.2230929136276245,0.5486602783203125
036154,0.712158203125,0.7125616669654846,0.8569586873054504,0.8902906775474548
036155,0.19921875,0.32747161388397217,0.19636499881744385,0.5923159718513489
036157,0.968017578125,0.9680437445640564,1.0,0.8173511028289795
036160,0.9507649540901184,0.9562309980392456,0.7292529344558716,0.8744514584541321
036161,0.968017578125,0.9680633544921875,1.0,0.9284012913703918
036165,0.9673665165901184,0.9675365090370178,1.0,1.0
036166,0.946533203125,0.9533275365829468,0.6577322483062744,0.7781386971473694
036167,0.3059895932674408,0.3751991093158722,0.23244215548038483,0.44842401146888733
036168,0.374755859375,0.38396120071411133,0.28309693932533264,0.2662633955478668
036169,0.946533203125,0.9517337083816528,0.8793432712554932,0.9342373609542847
036170,0.499755859375,0.499755859375,0.9037794470787048,0.8678171634674072
036175,0.943115234375,0.9487870931625366,0.819014847278595,0.9190136790275574
036176,0.712158203125,0.7125454545021057,0.7497180104255676,0.7122188806533813
036180,0.939453125,0.9535064101219177,0.5589672327041626,0.7054491639137268
036181,0.9668782353401184,0.9674897789955139,0.7810032963752747,0.8058598637580872
036182,0.712158203125,0.7125179767608643,0.7497180104255676,0.7996217012405396
036183,0.95703125,0.9576550126075745,0.8046074509620667,0.7845836281776428
036184,0.9668782353401184,0.9674980640411377,0.7810032963752747,0.7595593929290771
036185,0.9668782353401184,0.9675808548927307,0.7810032963752747,0.8316239714622498
036186,0.939453125,0.9439778327941895,0.5589672327041626,0.48113858699798584
036188,0.968017578125,0.9680609703063965,1.0,0.9480966925621033
036190,0.469970703125,0.4727121889591217,0.6737852096557617,0.7024085521697998
036191,0.520263671875,0.521155595779419,0.5620065331459045,0.7741737961769104
036195,0.946533203125,0.9527546167373657,0.8793432712554932,0.9680699706077576
036196,0.9668782353401184,0.9674767255783081,0.892719030380249,0.9359477162361145
036197,0.584228515625,0.5847037434577942,0.6245770454406738,0.6820008158683777
036198,0.431884765625,0.4771197438240051,0.3415256440639496,0.5772329568862915
036200,0.261474609375,0.3398798108100891,0.22860826551914215,0.48284605145454407
036201,0.520263671875,0.5207476019859314,0.5620065331459045,0.6516880989074707
036202,0.957763671875,0.9584992527961731,0.7236568927764893,0.7897050976753235
036203,0.962158203125,0.9626909494400024,0.8420895934104919,0.8693554997444153
036204,0.967041015625,0.9676765203475952,0.8122885227203369,0.9212007522583008
036205,0.953369140625,0.9562184810638428,0.7479812502861023,0.6720808744430542
036206,0.9507649540901184,0.956044614315033,0.6379934549331665,0.6709234118461609
036209,0.432373046875,0.4403955638408661,0.4618985950946808,0.713835597038269
036213,0.365234375,0.4097549617290497,0.7136205434799194,0.8456569910049438
036214,0.659423828125,0.6642381548881531,0.6764605641365051,0.8414758443832397
036218,0.712158203125,0.7125587463378906,0.7497180104255676,0.816292941570282
036219,0.966796875,0.967157244682312,0.8748388290405273,0.8249624371528625
036221,0.959228515625,0.9598038196563721,0.8722942471504211,0.8954177498817444
036222,0.967041015625,0.9673601388931274,1.0,0.9764505624771118
036223,0.703369140625,0.7087140679359436,0.6423966884613037,0.7119835019111633
036227,0.659423828125,0.6615318059921265,0.8254533410072327,0.7736855745315552
036228,0.9507649540901184,0.9512112736701965,0.974961519241333,0.9754666686058044
036230,0.962158203125,0.9624467492103577,0.9625431895256042,0.9345437288284302
036231,0.508056640625,0.5122794508934021,0.5334192514419556,0.605472981929779
036232,0.9668782353401184,0.9675601720809937,0.7810032963752747,0.8816275596618652
036233,0.967041015625,0.9674596786499023,0.8122885227203369,0.7464454174041748
036234,0.962158203125,0.9624413251876831,0.9625431895256042,0.8985151052474976
036235,0.503173828125,0.5072709321975708,0.5961002111434937,0.6962811350822449
036236,0.9673665165901184,0.9677479863166809,0.8748590350151062,0.92412930727005
036239,0.9507649540901184,0.9565706253051758,0.7292529344558716,0.8293201923370361
036241,0.304931640625,0.41573548316955566,0.20000000298023224,0.5699683427810669
036242,0.260498046875,0.38523414731025696,0.22389668226242065,0.45279908180236816
036243,0.431884765625,0.467305988073349,0.7318407297134399,0.6951614022254944
036245,0.567138671875,0.6084556579589844,0.5199966430664062,0.5643579363822937
036246,0.4700520932674408,0.47885891795158386,0.3563140034675598,0.5269280672073364
036247,0.261474609375,0.3652462959289551,0.22860826551914215,0.5100226402282715
036249,0.712158203125,0.7125701904296875,0.7497180104255676,0.8236680626869202
036251,0.943115234375,0.9484044313430786,0.6126077175140381,0.5966284871101379
036252,0.956298828125,0.9589141607284546,0.8195018768310547,0.717023491859436
036253,0.943115234375,0.9517717361450195,0.7475366592407227,0.9062644839286804
036259,0.9673665165901184,0.967612087726593,0.8748590350151062,0.7474991679191589
036261,0.46875,0.4755045473575592,0.4129750728607178,0.6235998272895813
036262,0.505615234375,0.5137476921081543,0.37429502606391907,0.5668916702270508
036263,0.701171875,0.7064608335494995,0.5887562036514282,0.7129148244857788
036265,0.501953125,0.5081815123558044,0.3273671567440033,0.3648926019668579
036267,0.956298828125,0.9588876366615295,0.8195018768310547,0.7928052544593811
036268,0.9668782353401184,0.9677701592445374,0.7810032963752747,0.9293675422668457
036269,0.962158203125,0.9624985456466675,0.9625431895256042,0.906700074672699
036270,0.967041015625,0.9676294326782227,0.8122885227203369,0.7764339447021484
036271,0.957763671875,0.9581618309020996,0.8271697163581848,0.851345419883728
036272,0.956298828125,0.9601508378982544,0.8195018768310547,0.8883532881736755
036274,0.962158203125,0.962526261806488,0.8420895934104919,0.9052024483680725
036275,0.606689453125,0.6455577611923218,0.6509066820144653,0.82284015417099
036276,0.9673665165901184,0.9677450060844421,0.8748590350151062,0.9011759757995605
036277,0.9668782353401184,0.9676687121391296,0.7810032963752747,0.7012168169021606
036278,0.951904296875,0.9575329422950745,0.8690900206565857,0.8553705811500549
036280,0.197998046875,0.33390361070632935,0.13742950558662415,0.4553776681423187
036281,0.16796875,0.25098660588264465,0.276936799287796,0.6361568570137024
036282,0.957763671875,0.9585716724395752,0.7236568927764893,0.872490644454956
036284,0.701171875,0.7054533362388611,0.5887562036514282,0.6666547060012817
036285,0.5757649540901184,0.5820348262786865,0.49943602085113525,0.7427647709846497
036287,0.706298828125,0.7089306116104126,0.7139173746109009,0.6974259614944458
036288,0.374755859375,0.45956361293792725,0.28309693932533264,0.5652860403060913
036289,0.9668782353401184,0.9677596092224121,0.7810032963752747,0.7919769883155823
036291,0.580322265625,0.6258608102798462,0.4040961265563965,0.6009554862976074
036293,0.323974609375,0.4122494161128998,0.2550044059753418,0.5667701959609985
036294,0.531982421875,0.6040208339691162,0.39804574847221375,0.6373422145843506
036295,0.584228515625,0.5848795175552368,0.6245770454406738,0.7044575810432434
036296,0.518798828125,0.571315348148346,0.3716495931148529,0.4493616819381714
036299,0.490234375,0.493804931640625,0.6884825229644775,0.6309015154838562
036300,0.943115234375,0.9522936940193176,0.6126077175140381,0.6688723564147949
036301,0.701171875,0.7095489501953125,0.5887562036514282,0.79621821641922
036302,0.619873046875,0.6278244853019714,0.5410870313644409,0.7104119062423706
036303,0.956298828125,0.9610968232154846,0.8195018768310547,0.9162681698799133
036304,0.388427734375,0.39798885583877563,0.3716495931148529,0.6565625667572021
036305,0.953369140625,0.9572077989578247,0.6543781161308289,0.6270266771316528
036306,0.5757649540901184,0.5820205211639404,0.49943602085113525,0.7382004857063293
036308,0.580322265625,0.580322265625,1.0,1.0
036309,0.488037109375,0.5489178895950317,0.4365417957305908,0.6707090735435486
036311,0.9507649540901184,0.9532051086425781,0.7292529344558716,0.6146659851074219
036312,0.968017578125,0.968052327632904,1.0,0.8513612151145935
036313,0.939453125,0.953742265701294,0.489017516374588,0.6819806098937988
036318,0.34765625,0.35998183488845825,0.293855756521225,0.5878852009773254
036321,0.947998046875,0.952813982963562,0.5985158681869507,0.6666087508201599
036324,0.21875,0.3176984488964081,0.13817155361175537,0.37890228629112244
036325,0.959228515625,0.959646999835968,0.8722942471504211,0.7690223455429077
036326,0.606689453125,0.6498294472694397,0.6509066820144653,0.8410403728485107
036327,0.9673665165901184,0.9678979516029358,0.8748590350151062,0.8437989354133606
036328,0.962158203125,0.9625121355056763,0.9625431895256042,0.906050980091095
036329,0.531982421875,0.6038243770599365,0.39804574847221375,0.6216446757316589
036331,0.560546875,0.6045393943786621,0.7653606534004211,0.8768287301063538
036334,0.943359375,0.9525411128997803,0.6040917634963989,0.6862584948539734
036335,0.531982421875,0.6022758483886719,0.48571667075157166,0.7035822868347168
036336,0.703369140625,0.7074877023696899,0.5620065331459045,0.5634783506393433
036337,0.9673665165901184,0.9677401185035706,0.8748590350151062,0.8089025616645813
036339,0.968017578125,0.9680777192115784,1.0,0.8711609840393066
036340,0.9444172978401184,0.9561549425125122,0.544137716293335,0.6871116757392883
036341,0.21875,0.3317950367927551,0.15793579816818237,0.4791545271873474
036342,0.9668782353401184,0.9675268530845642,0.7810032963752747,0.7771955132484436
036343,0.962158203125,0.9626928567886353,0.8420895934104919,0.9292623400688171
036344,0.956298828125,0.9600749015808105,0.7169486284255981,0.7490469813346863
036349,0.703369140625,0.7102422118186951,0.6423966884613037,0.7486512064933777
036351,0.9668782353401184,0.9675915837287903,0.7810032963752747,0.9385366439819336
036352,0.947998046875,0.9514375329017639,0.8348100185394287,0.6771661043167114
036353,0.940673828125,0.9446792602539062,0.5768473744392395,0.5810118913650513
036354,0.706298828125,0.710297703742981,0.7139173746109009,0.7771548628807068
036355,0.0625,0.0751953125,0.27814918756484985,0.33153393864631653
036356,0.701904296875,0.7083532214164734,0.6066363453865051,0.7408135533332825
036360,0.503173828125,0.5166007876396179,0.3430097699165344,0.6599223613739014
036363,0.508056640625,0.5148148536682129,0.5334192514419556,0.7144545316696167
036364,0.51953125,0.5960321426391602,0.3754834830760956,0.6321338415145874
036367,0.953369140625,0.9602497220039368,0.6543781161308289,0.7162258625030518
036368,0.701904296875,0.7066260576248169,0.5307213068008423,0.5337933301925659
036370,0.219970703125,0.33945485949516296,0.16052241623401642,0.3952808678150177
036372,0.3059895932674408,0.3855956494808197,0.2836383283138275,0.47405123710632324
036373,0.4375,0.48892974853515625,0.5874204039573669,0.8097180724143982
036374,0.943115234375,0.9501842260360718,0.5359453558921814,0.6622028350830078
036377,0.701904296875,0.7054693102836609,0.7402501106262207,0.7147552371025085
036378,0.1875,0.2833496034145355,0.23226092755794525,0.4451424181461334
036380,0.5694172978401184,0.5724554657936096,0.7048385143280029,0.7551986575126648
036381,0.30078125,0.3545069694519043,0.28309693932533264,0.4523729085922241
036383,0.968017578125,0.9680767059326172,1.0,0.9373613595962524
036384,0.712158203125,0.7125136256217957,0.8569586873054504,0.8571481108665466
036385,0.9673665165901184,0.9675907492637634,1.0,0.8382789492607117
036386,0.968017578125,0.9680529236793518,1.0,0.8786305785179138
036387,0.951904296875,0.9598093032836914,0.7122209072113037,0.9272797107696533
036388,0.967041015625,0.9674770832061768,0.9284793138504028,0.8426295518875122
036389,0.9673665165901184,0.9676864147186279,1.0,0.926209032535553
036390,0.968017578125,0.9680617451667786,1.0,0.8983136415481567
036392,0.21875,0.24335937201976776,0.19272169470787048,0.21627360582351685
036393,0.968017578125,0.9680674076080322,1.0,0.9030527472496033
036394,0.9444172978401184,0.9497655630111694,0.9456308484077454,0.9850168824195862
036396,0.3599446713924408,0.3898618519306183,0.8075588941574097,0.7616662979125977
036398,0.951171875,0.9554725289344788,0.694340705871582,0.6959025859832764
036399,0.706298828125,0.7075598835945129,0.7139173746109009,0.5737494230270386
036400,0.959228515625,0.9599239826202393,0.7631344795227051,0.9014047384262085
036401,0.95703125,0.9578773379325867,0.7039180397987366,0.7640863656997681
036402,0.959228515625,0.9597700834274292,0.8722942471504211,0.8818020224571228
036403,0.962158203125,0.9626826047897339,0.8420895934104919,0.8620511293411255
036406,0.150390625,0.337124764919281,0.09050162881612778,0.5202926397323608
036408,0.567138671875,0.6383215188980103,0.5199966430664062,0.7044342160224915
036409,0.393798828125,0.456653356552124,0.5977610945701599,0.7778370380401611
036410,0.0625,0.1513671875,0.1686759740114212,0.5076850056648254
036411,0.703369140625,0.7064724564552307,0.7838867902755737,0.7515534162521362
036412,0.956298828125,0.9606093764305115,0.8195018768310547,0.9085277318954468
036414,0.9673665165901184,0.9678976535797119,0.8748590350151062,0.9660434722900391
036415,0.953369140625,0.9588039517402649,0.6543781161308289,0.7614743709564209
036417,0.9466145634651184,0.9551773071289062,0.5787770748138428,0.7143508791923523
036418,0.580322265625,0.6274214386940002,0.5636333227157593,0.6969298124313354
036419,0.531982421875,0.5786917209625244,0.3482339084148407,0.5263420939445496
036420,0.946533203125,0.9522393941879272,0.6577322483062744,0.6583960652351379
036422,0.304931640625,0.43488001823425293,0.2789600193500519,0.6889671087265015
036424,0.943359375,0.9557124376296997,0.6040917634963989,0.8102817535400391
036425,0.431884765625,0.45490726828575134,0.4763599932193756,0.42827466130256653
036427,0.967041015625,0.9678033590316772,0.8122885227203369,0.9777759313583374
036428,0.450927734375,0.4571346044540405,0.39804574847221375,0.5698297023773193
036430,0.956298828125,0.9602857828140259,0.7169486284255981,0.717779278755188
036432,0.940673828125,0.9481990933418274,0.771205723285675,0.9114871025085449
036433,0.953369140625,0.9601830840110779,0.7479812502861023,0.9356601238250732
036435,0.956298828125,0.9583845138549805,0.8195018768310547,0.7837353348731995
036439,0.1106770858168602,0.2601149082183838,0.10441335290670395,0.4669603705406189
036440,0.556884765625,0.6008370518684387,0.4431702494621277,0.5327350497245789
036441,0.953369140625,0.9546820521354675,1.0,0.9928252100944519
036442,0.966796875,0.9673044085502625,0.7653606534004211,0.6855274438858032
036443,0.940673828125,0.9488106369972229,0.5768473744392395,0.7110012769699097
036444,0.706298828125,0.7090880870819092,0.871160089969635,0.7891784906387329
036445,0.9673665165901184,0.9677504301071167,1.0,0.9353938698768616
036446,0.946533203125,0.952630877494812,0.8026000261306763,0.7583064436912537
036447,0.967041015625,0.9673543572425842,0.8122885227203369,0.6972899436950684
036448,0.9375,0.9502905011177063,0.4692787230014801,0.743878185749054
036449,0.2122395932674408,0.2734491229057312,0.19284793734550476,0.28086569905281067
036451,0.968017578125,0.9680638313293457,1.0,0.9839894771575928
036455,0.943115234375,0.9528718590736389,0.6126077175140381,0.8325074911117554
036456,0.510498046875,0.5185146927833557,0.49935534596443176,0.6945738792419434
036458,0.9444172978401184,0.9482387900352478,0.8315341472625732,0.8006125688552856
036459,0.95703125,0.957793116569519,0.7039180397987366,0.8517646193504333
036461,0.567138671875,0.639844536781311,0.37281090021133423,0.6727279424667358
036463,0.501953125,0.5049028396606445,0.4030183255672455,0.45359718799591064
036464,0.943115234375,0.9545727968215942,0.6126077175140381,0.7496047616004944
036466,0.508056640625,0.5136429071426392,0.46666663885116577,0.7060187458992004
036467,0.706298828125,0.7065048217773438,0.871160089969635,0.8261773586273193
036468,0.703369140625,0.7066363096237183,0.6423966884613037,0.7019614577293396
036469,0.701171875,0.7041287422180176,0.7184317708015442,0.7240665555000305
036471,0.9388020634651184,0.9482472538948059,0.5542851090431213,0.5794264674186707
036473,0.956298828125,0.9611775875091553,0.7169486284255981,0.8455362319946289
036474,0.571533203125,0.5795560479164124,0.49935534596443176,0.6735361814498901
036475,0.967041015625,0.9676330089569092,0.9284793138504028,0.9252825975418091
036476,0.962158203125,0.962511420249939,0.8420895934104919,0.8572930693626404
036477,0.560546875,0.5988616943359375,0.4981783330440521,0.4798688590526581
036478,0.951171875,0.9566075801849365,0.6074502468109131,0.6646678447723389
036480,0.0,0.1579066663980484,0.0,0.2308708131313324
036484,0.943115234375,0.9529168009757996,0.5359453558921814,0.713740348815918
036485,0.959228515625,0.9595702290534973,0.8722942471504211,0.7801346778869629
036486,0.556884765625,0.5952059030532837,0.8308104276657104,0.8319299221038818
036487,0.951904296875,0.9548689126968384,0.9521908760070801,0.9675177931785583
036490,0.706298828125,0.7111556529998779,0.6245770454406738,0.8647052645683289
036492,0.968017578125,0.9680566787719727,1.0,0.8874413967132568
036493,0.946533203125,0.946533203125,1.0,1.0
036494,0.508056640625,0.5093955993652344,0.7131452560424805,0.7298336625099182
036498,0.9388020634651184,0.9465039968490601,0.6763683557510376,0.753715455532074
036499,0.432373046875,0.438297301530838,0.5636333227157593,0.6812620759010315
036500,0.9673665165901184,0.9677231907844543,1.0,0.9596012234687805
036501,0.9673665165901184,0.9678966999053955,0.8748590350151062,0.9182974696159363
036502,0.366455078125,0.37438514828681946,0.4365417957305908,0.5990432500839233
036505,0.951171875,0.9552702903747559,0.8472716808319092,0.8992571234703064
036508,0.393798828125,0.44507601857185364,0.2789551615715027,0.4074426591396332
036509,0.943115234375,0.9516903758049011,0.5359453558921814,0.6012870669364929
036512,0.9507649540901184,0.9549302458763123,0.6379934549331665,0.5894955992698669
036516,0.499755859375,0.6041827201843262,0.3358892798423767,0.7006645798683167
036517,0.0625,0.231526181101799,0.06545499712228775,0.4752987027168274
036519,0.323974609375,0.3720534145832062,0.47805625200271606,0.5582736730575562
036521,0.939453125,0.9494626522064209,0.6820816993713379,0.8653834462165833
036522,0.703369140625,0.710200846195221,0.6423966884613037,0.6974488496780396
036523,0.967041015625,0.9677923321723938,0.8122885227203369,0.8753936290740967
036525,0.953369140625,0.9559298753738403,1.0,0.9815451502799988
036528,0.951904296875,0.9570043683052063,0.6230928897857666,0.5802210569381714
036530,0.488037109375,0.5265936255455017,0.8785831332206726,0.8833628296852112
036531,0.260498046875,0.31332623958587646,0.8026120662689209,0.9254385232925415
036532,0.197998046875,0.30233243107795715,0.2100154310464859,0.5684576630592346
036533,0.488037109375,0.5659936666488647,0.3265250623226166,0.5500258803367615
036534,0.556884765625,0.5741134285926819,0.9594535827636719,0.9482191801071167
036535,0.957763671875,0.9584017992019653,0.8271697163581848,0.8492357730865479
036537,0.94140625,0.9497547149658203,0.5900454521179199,0.6960093379020691
036538,0.5694172978401184,0.581148087978363,0.4055802822113037,0.6627451181411743
036541,0.940673828125,0.9486556053161621,0.5768473744392395,0.5699631571769714
036542,0.956298828125,0.9611722230911255,0.7169486284255981,0.8767798542976379
036543,0.365234375,0.4593527317047119,0.26521679759025574,0.5473046898841858
036544,0.956298828125,0.9589512944221497,0.7169486284255981,0.7153974175453186
036545,0.431884765625,0.45699185132980347,0.7318407297134399,0.835382878780365
036549,0.606689453125,0.637273907661438,0.6509066820144653,0.7982083559036255
036550,0.505615234375,0.5141043663024902,0.5220667123794556,0.6611507534980774
036551,0.197998046875,0.3481522798538208,0.13742950558662415,0.3789879083633423
036552,0.9507649540901184,0.9549582004547119,0.6379934549331665,0.658128559589386
036554,0.0,0.12183786928653717,0.0,0.1548890769481659
036555,0.30078125,0.3550978899002075,0.24766992032527924,0.36501356959342957
036556,0.9444172978401184,0.9558587074279785,0.544137716293335,0.5743911266326904
036557,0.567138671875,0.6029496192932129,0.4261382520198822,0.4291802942752838
036558,0.2774251401424408,0.34442806243896484,0.1687147468328476,0.264959454536438
036560,0.344482421875,0.3630218505859375,0.5977610945701599,0.7330231666564941
036561,0.3125,0.3236786425113678,0.23463936150074005,0.34717416763305664
036562,0.490234375,0.49737548828125,0.9467676877975464,0.992619514465332
036564,0.455078125,0.5838221311569214,0.23873552680015564,0.595166027545929
036565,0.2122395932674408,0.2847941219806671,0.1687147468328476,0.3176786005496979
036566,0.431884765625,0.47335684299468994,0.3415256440639496,0.45874935388565063
036569,0.701171875,0.7097330093383789,0.5887562036514282,0.7493503093719482
036570,0.962158203125,0.9623714685440063,0.9625431895256042,0.8612245917320251
036571,0.431884765625,0.43456268310546875,0.4763599932193756,0.3785722255706787
036573,0.9673665165901184,0.9676592350006104,1.0,0.985223114490509
036574,0.959228515625,0.9598801732063293,0.7631344795227051,0.9117110371589661
036575,0.9444172978401184,0.9485825896263123,0.7589633464813232,0.7126793265342712
036576,0.23046875,0.28653764724731445,0.17581595480442047,0.23753724992275238
036577,0.943115234375,0.9484654068946838,0.7475366592407227,0.741730809211731
036578,0.953369140625,0.9602164626121521,0.7479812502861023,0.7864571809768677
036579,0.556884765625,0.5949715375900269,0.5407800078392029,0.6323760151863098
036580,0.967041015625,0.967382550239563,0.8122885227203369,0.7241054177284241
036584,0.35546875,0.360595703125,0.3709116578102112,0.4249611794948578
036586,0.951171875,0.9558436274528503,0.8472716808319092,0.8383141160011292
036587,0.951904296875,0.9583341479301453,0.6230928897857666,0.7670942544937134
036588,0.393798828125,0.46168217062950134,0.38908666372299194,0.611175000667572
036589,0.9668782353401184,0.9677750468254089,0.7810032963752747,0.8451067805290222
036591,0.959228515625,0.9596832990646362,0.7631344795227051,0.7021408081054688
036595,0.393798828125,0.4417240023612976,0.2789551615715027,0.4150017201900482
036596,0.962158203125,0.9625200629234314,0.9625431895256042,0.9639289379119873
036600,0.701904296875,0.7099315524101257,0.5307213068008423,0.7032299041748047
036601,0.968017578125,0.9680551886558533,1.0,0.9858705401420593
036602,0.9668782353401184,0.9674033522605896,0.892719030380249,0.8865982890129089
036603,0.9673665165901184,0.9676958322525024,1.0,0.9688776135444641
036604,0.3599446713924408,0.3976544737815857,0.26257050037384033,0.29367679357528687
036605,0.488037109375,0.5907097458839417,0.2856633961200714,0.431484192609787
036606,0.219970703125,0.3070952892303467,0.18348374962806702,0.4701564610004425
036607,0.95703125,0.9575439691543579,0.8046074509620667,0.7871806621551514
036608,0.967041015625,0.9672846794128418,0.9284793138504028,0.7660143971443176
036609,0.966796875,0.9675113558769226,0.8748388290405273,0.8252598643302917
036612,0.584228515625,0.5847941637039185,0.7139173746109009,0.81436687707901
036614,0.0,0.11395181715488434,0.0,0.17707780003547668
036615,0.712158203125,0.7124769687652588,0.7497180104255676,0.8112357258796692
036616,0.967041015625,0.9678030014038086,0.8122885227203369,0.8112263679504395
036617,0.9668782353401184,0.967595100402832,0.7810032963752747,0.8637415170669556
036622,0.701904296875,0.705680251121521,0.5307213068008423,0.5046381950378418
036625,0.951904296875,0.9596290588378906,0.7122209072113037,0.7958139181137085
036627,0.968017578125,0.9680668711662292,1.0,0.9453699588775635
036628,0.951904296875,0.9553231000900269,0.6230928897857666,0.5267164707183838
036629,0.580322265625,0.6437129378318787,0.4040961265563965,0.7451552152633667
036631,0.9375,0.9479269981384277,0.4692787230014801,0.7647977471351624
036632,0.953369140625,0.9589625000953674,0.6543781161308289,0.844808042049408
036635,0.146728515625,0.3214291036128998,0.09795191138982773,0.43691202998161316
036638,0.455078125,0.5621462464332581,0.33298835158348083,0.6189162135124207
036639,0.967041015625,0.9676451086997986,0.8122885227203369,0.8960660696029663
036640,0.490234375,0.5332560539245605,0.38805168867111206,0.46256065368652344
036641,0.1875,0.317626953125,0.1309099942445755,0.3791292905807495
036644,0.951904296875,0.9579421877861023,0.6230928897857666,0.7376714944839478
036645,0.32421875,0.3334927558898926,0.2907647490501404,0.4382860064506531
036646,0.951171875,0.9579284191131592,0.694340705871582,0.7081677913665771
036648,0.567138671875,0.6052128076553345,0.7988805174827576,0.7613990306854248
036649,0.706298828125,0.7095687389373779,0.871160089969635,0.8225592970848083
036650,0.5757649540901184,0.5826502442359924,0.5708760023117065,0.7699945569038391
036651,0.571533203125,0.5780164003372192,0.49935534596443176,0.660058319568634
036652,0.503173828125,0.513043224811554,0.3430097699165344,0.5965708494186401
036653,0.712158203125,0.7125766277313232,0.7497180104255676,0.8641635179519653
036654,0.388427734375,0.39992618560791016,0.3716495931148529,0.5413649082183838
036655,0.943115234375,0.9491503834724426,0.819014847278595,0.921405553817749
036656,0.571533203125,0.5799731612205505,0.43686550855636597,0.5997063517570496
036658,0.9673665165901184,0.9676536917686462,1.0,0.9357572197914124
036660,0.951904296875,0.9575729966163635,0.6230928897857666,0.6973154544830322
036662,0.366455078125,0.3776768743991852,0.2856633961200714,0.5193148851394653
036663,0.967041015625,0.9678133130073547,0.8122885227203369,0.9065297842025757
036670,0.304931640625,0.3950998783111572,0.30563369393348694,0.6187698245048523
036671,0.962158203125,0.962478518486023,0.9625431895256042,0.885536253452301
036674,0.3059895932674408,0.3628634512424469,0.2836383283138275,0.3497219979763031
036675,0.47265625,0.4818952679634094,0.3920743465423584,0.572069525718689
036676,0.3059895932674408,0.3091634213924408,0.6920201778411865,0.7240692377090454
036677,0.956298828125,0.9587101340293884,1.0,0.9193705916404724
036678,0.967041015625,0.9675094485282898,0.9284793138504028,0.957946240901947
036681,0.393798828125,0.47500526905059814,0.31885725259780884,0.5957887768745422
036682,0.968017578125,0.9680777788162231,1.0,0.9880631566047668
036683,0.939453125,0.9480261206626892,0.5589672327041626,0.551673173904419
036685,0.947998046875,0.9560139775276184,0.6841284036636353,0.8863298892974854
036686,0.951171875,0.9563103318214417,0.8472716808319092,0.9465519785881042
036687,0.953369140625,0.9581979513168335,0.912726640701294,0.9646682143211365
036688,0.9668782353401184,0.9677647948265076,0.7810032963752747,0.8921579718589783
036689,0.968017578125,0.968048632144928,1.0,0.8461029529571533
036691,0.947998046875,0.9525263905525208,0.6841284036636353,0.7252107262611389
036692,0.366455078125,0.3796984851360321,0.2856633961200714,0.5522032380104065
036693,0.956298828125,0.9588611721992493,1.0,0.87144535779953
036694,0.968017578125,0.9680595397949219,1.0,0.9579992890357971
036695,0.39453125,0.3960338830947876,0.5199966430664062,0.46631187200546265
036697,0.956298828125,0.9596127271652222,1.0,0.9637079238891602
036699,0.966796875,0.9673256278038025,0.7653606534004211,0.7181253433227539
036700,0.584228515625,0.5842781066894531,0.7689103484153748,0.772680938243866
036701,0.968017578125,0.9680577516555786,1.0,0.9383783340454102
036702,0.956298828125,0.959674060344696,0.7169486284255981,0.7433317303657532
036703,0.9668782353401184,0.9674641489982605,0.892719030380249,0.9319520592689514
036704,0.951904296875,0.9573268890380859,0.8690900206565857,0.9656951427459717
036705,0.9673665165901184,0.9677031636238098,0.8748590350151062,0.8146905899047852
036706,0.4375,0.48949623107910156,0.5419421792030334,0.7222966551780701
036707,0.531982421875,0.5825295448303223,0.39804574847221375,0.5820454955101013
036709,0.2122395932674408,0.3230762183666229,0.1687147468328476,0.4046943783760071
036710,0.947998046875,0.9543468356132507,0.5985158681869507,0.6938669085502625
036711,0.956298828125,0.9593440294265747,0.8195018768310547,0.8642042875289917
036713,0.943359375,0.9476292729377747,0.8076295852661133,0.8223376870155334
036714,0.962158203125,0.9625275135040283,0.8420895934104919,0.8409270644187927
036716,0.35546875,0.36620476841926575,0.2659246027469635,0.38854464888572693
036717,0.943359375,0.95319664478302,0.5284951329231262,0.730049729347229
036719,0.110107421875,0.270805299282074,0.09298666566610336,0.39854705333709717
036722,0.510498046875,0.515971302986145,0.6093400716781616,0.6603810787200928
036723,0.968017578125,0.9680659174919128,1.0,1.0
036726,0.95703125,0.9575255513191223,0.7039180397987366,0.5480301380157471
036727,0.5757649540901184,0.5796237587928772,0.5708760023117065,0.5777217149734497
036728,0.953369140625,0.9580445885658264,0.6543781161308289,0.7467586398124695
036729,0.706298828125,0.7103030681610107,0.6245770454406738,0.8079566359519958
036731,0.953369140625,0.9586649537086487,0.6543781161308289,0.7323602437973022
036732,0.508056640625,0.5149650573730469,0.46666663885116577,0.644022524356842
036733,0.212890625,0.33861878514289856,0.28110769391059875,0.704975426197052
036735,0.4700520932674408,0.47875916957855225,0.3117245137691498,0.34154248237609863
036739,0.518798828125,0.6091127991676331,0.3716495931148529,0.6544842720031738
036740,0.374755859375,0.4282619059085846,0.3454500138759613,0.5206693410873413
036741,0.4778645932674408,0.48431047797203064,0.4635950028896332,0.6066313982009888
036743,0.946533203125,0.9502360820770264,1.0,1.0
036744,0.703369140625,0.7102363109588623,0.6423966884613037,0.8265691995620728
036747,0.706298828125,0.7079416513442993,0.871160089969635,0.7634368538856506
036749,0.12109375,0.3081991970539093,0.07821311801671982,0.5544297099113464
036750,0.959228515625,0.9597361087799072,0.7631344795227051,0.86927330493927
036751,0.619873046875,0.6259043216705322,0.5410870313644409,0.7044738531112671
036752,0.469970703125,0.4798954725265503,0.3877114951610565,0.455457478761673
036753,0.967041015625,0.9675970077514648,0.8122885227203369,0.9468490481376648
036755,0.947998046875,0.9552302360534668,0.5985158681869507,0.821418046951294
036756,0.959228515625,0.9599798321723938,0.7631344795227051,0.9301778078079224
036759,0.584228515625,0.5849177241325378,0.6245770454406738,0.643047034740448
036761,0.3059895932674408,0.39402613043785095,0.2836383283138275,0.49791091680526733
036762,0.365234375,0.4283781349658966,0.4972013831138611,0.6316921710968018
036763,0.706298828125,0.7069168090820312,0.871160089969635,0.8175829648971558
036764,0.968017578125,0.9680548310279846,1.0,0.8949233293533325
036766,0.633056640625,0.638554036617279,0.5862115621566772,0.7618594169616699
036769,0.393798828125,0.42125463485717773,0.8579513430595398,0.8720155954360962
036772,0.659423828125,0.6641652584075928,0.6764605641365051,0.7369276881217957
036773,0.5757649540901184,0.5803894400596619,0.5708760023117065,0.7065537571907043
036774,0.951904296875,0.9577118158340454,0.7122209072113037,0.7098145484924316
036775,0.956298828125,0.9587710499763489,0.8195018768310547,0.7189838886260986
036777,0.968017578125,0.9680767059326172,1.0,0.84136962890625
036778,0.584228515625,0.5848638415336609,0.6245770454406738,0.7946690917015076
036780,0.580322265625,0.6177480816841125,0.5636333227157593,0.6912944912910461
036781,0.4375,0.5282227993011475,0.2503223121166229,0.4339848756790161
036783,0.9673665165901184,0.9677204489707947,1.0,0.8967347145080566
036784,0.968017578125,0.9680578112602234,1.0,0.9534447193145752
036785,0.619873046875,0.6257785558700562,0.5410870313644409,0.6279594302177429
036788,0.267578125,0.3200179934501648,0.23635835945606232,0.3310171365737915
036789,0.9673665165901184,0.967814564704895,0.8748590350151062,0.9686002731323242
036790,0.501953125,0.513127326965332,0.3741941750049591,0.5935372710227966
036791,0.9507649540901184,0.9529992341995239,0.974961519241333,0.9606042504310608
036793,0.956298828125,0.9595186114311218,0.8195018768310547,0.7459535002708435
036795,0.633056640625,0.6369006037712097,0.715326726436615,0.6621878743171692
036797,0.23046875,0.29741668701171875,0.38063758611679077,0.6166238784790039
036798,0.968017578125,0.9680525064468384,1.0,0.9013004302978516
036800,0.712158203125,0.7124355435371399,0.8569586873054504,0.85422682762146
036801,0.968017578125,0.9680555462837219,1.0,0.8576498031616211
036804,0.9673665165901184,0.9676927924156189,1.0,0.9773756265640259
036805,0.0,0.16145886480808258,0.0,0.4375251531600952
036806,0.953369140625,0.9577258229255676,0.7479812502861023,0.7520167827606201
036809,0.959228515625,0.9592781066894531,0.7631344795227051,0.5730434060096741
036812,0.956298828125,0.9611537456512451,0.7169486284255981,0.9215512871742249
036813,0.94140625,0.9505707025527954,0.7200049757957458,0.8800672888755798
036814,0.951904296875,0.9566106200218201,0.7122209072113037,0.7734193801879883
036815,0.304931640625,0.3175029754638672,0.2789600193500519,0.23023371398448944
036816,0.947998046875,0.9511062502861023,0.9146330952644348,0.876119077205658
036818,0.703369140625,0.7080857157707214,0.6423966884613037,0.7736886143684387
036822,0.9673665165901184,0.967692494392395,1.0,0.8967909216880798
036823,0.510498046875,0.5160213112831116,0.43686550855636597,0.5833706259727478
036824,0.957763671875,0.9581879377365112,0.7236568927764893,0.6963772177696228
036825,0.197998046875,0.29603636264801025,0.29449179768562317,0.5727059245109558
036826,0.388427734375,0.3977239727973938,0.3716495931148529,0.6517378687858582
036827,0.5694172978401184,0.5760422348976135,0.5657033920288086,0.6762566566467285
036828,0.947998046875,0.9546715617179871,0.6841284036636353,0.8479390740394592
036829,0.968017578125,0.9680458903312683,1.0,0.9072039127349854
036831,0.943359375,0.9556867480278015,0.6040917634963989,0.8198097944259644
036832,0.146728515625,0.32280975580215454,0.09795191138982773,0.5365643501281738
036833,0.197998046875,0.28605973720550537,0.29449179768562317,0.4814740717411041
036836,0.03125,0.16711854934692383,0.0488467775285244,0.42813605070114136
036837,0.212890625,0.3246033489704132,0.1584416627883911,0.31771519780158997
036838,0.967041015625,0.9678118824958801,0.8122885227203369,0.9372043013572693
036839,0.959228515625,0.9594144821166992,0.8722942471504211,0.7868479490280151
036841,0.580322265625,0.6254679560661316,0.4618985950946808,0.7097160816192627
036842,0.431884765625,0.4821890592575073,0.3415256440639496,0.539822518825531
036850,0.953369140625,0.9603466987609863,0.6543781161308289,0.8459903597831726
036851,0.968017578125,0.9680771231651306,1.0,0.9023219347000122
036854,0.967041015625,0.9676152467727661,0.8122885227203369,0.8392886519432068
036855,0.44921875,0.5534840226173401,0.23463936150074005,0.4960995018482208
036856,0.706298828125,0.7111079096794128,0.6245770454406738,0.795246958732605
036857,0.962158203125,0.9625371098518372,0.9625431895256042,0.8717785477638245
036858,0.712158203125,0.7125828862190247,0.7497180104255676,0.7409428954124451
036859,0.633056640625,0.6383713483810425,0.5862115621566772,0.6969082951545715
036860,0.9673665165901184,0.9677088260650635,0.8748590350151062,0.8053588271141052
036862,0.228759765625,0.4033728241920471,0.12923716008663177,0.3854342997074127
036863,0.940673828125,0.9499817490577698,0.5046601295471191,0.6091453433036804
036864,0.488037109375,0.5702720284461975,0.2856633961200714,0.5683031678199768
036867,0.659423828125,0.66200190782547,0.5918076038360596,0.5793850421905518
036868,0.943359375,0.9518371820449829,0.5284951329231262,0.5867007374763489
036869,0.946533203125,0.9565865397453308,0.575423002243042,0.7583250999450684
036870,0.943115234375,0.9528195261955261,0.5359453558921814,0.7520711421966553
036873,0.263671875,0.3521718382835388,0.17496776580810547,0.3490220606327057
036874,0.959228515625,0.9598933458328247,0.7631344795227051,0.8046839833259583
036875,0.962158203125,0.9624230265617371,0.8420895934104919,0.6134394407272339
036876,0.3599446713924408,0.42532986402511597,0.3001289367675781,0.4331429600715637
036877,0.962158203125,0.9625467658042908,0.9625431895256042,0.9689615964889526
036878,0.606689453125,0.6361393928527832,0.5334192514419556,0.6632012724876404
036880,0.219970703125,0.31686902046203613,0.18348374962806702,0.47957777976989746
036884,0.35546875,0.3657938241958618,0.2659246027469635,0.3986048698425293
036885,0.267578125,0.35516557097435,0.16945679485797882,0.533760130405426
036887,0.959228515625,0.9597421288490295,0.8722942471504211,0.910526692867279
036888,0.966796875,0.9671615362167358,0.8748388290405273,0.8776551485061646
036889,0.3125,0.32421875,0.3004332482814789,0.5238428115844727
036891,0.567138671875,0.585291862487793,0.37281090021133423,0.34345173835754395
036893,0.510498046875,0.5145659446716309,0.49935534596443176,0.4975939095020294
036894,0.23828125,0.3994552493095398,0.16092148423194885,0.5840383768081665
036895,0.431884765625,0.47694405913352966,0.390377938747406,0.5256234407424927
036896,0.21875,0.329238623380661,0.15793579816818237,0.5349557995796204
036898,0.95703125,0.9576849341392517,0.7039180397987366,0.861319899559021
036899,0.956298828125,0.9605637192726135,0.7169486284255981,0.7444835305213928
036900,0.943115234375,0.9516720175743103,0.6126077175140381,0.6926553845405579
036901,0.510498046875,0.5172311067581177,0.49935534596443176,0.7291233539581299
036904,0.953369140625,0.9569902420043945,0.912726640701294,0.9674173593521118
036905,0.706298828125,0.7095134258270264,0.7139173746109009,0.6700671911239624
036906,0.344482421875,0.40459316968917847,0.31885725259780884,0.47137656807899475
036907,0.94140625,0.9438747763633728,0.7888506054878235,0.8378403782844543
036909,0.2774251401424408,0.4284639358520508,0.1687147468328476,0.5103095769882202
036910,0.9466145634651184,0.9479920268058777,0.6615661382675171,0.5629777908325195
036911,0.150390625,0.3327559530735016,0.10344710201025009,0.3483324646949768
036912,0.30078125,0.3273840844631195,0.5307213068008423,0.5776705741882324
036913,0.61328125,0.6179641485214233,0.4536360800266266,0.42422813177108765
036914,0.968017578125,0.9680558443069458,1.0,0.9313836693763733
036915,0.567138671875,0.5864407420158386,0.4261382520198822,0.4214334189891815
036916,0.943115234375,0.949308454990387,0.6126077175140381,0.8132464289665222
036918,0.09375,0.1081644669175148,0.12689225375652313,0.11621785908937454
036919,0.520263671875,0.520634114742279,0.5620065331459045,0.46864789724349976
036922,0.3599446713924408,0.4279686510562897,0.3001289367675781,0.545210063457489
036923,0.962158203125,0.9623778462409973,0.9625431895256042,0.849775493144989
036925,0.9673665165901184,0.9676329493522644,0.8748590350151062,0.7639681696891785
036926,0.5757649540901184,0.57867830991745,0.5708760023117065,0.539016842842102
036927,0.957763671875,0.9586663246154785,0.7236568927764893,0.7851079106330872
036929,0.967041015625,0.9676027894020081,0.8122885227203369,0.7865142822265625
036930,0.953369140625,0.9604101181030273,0.6543781161308289,0.8989583849906921
036931,0.951904296875,0.959906280040741,0.7122209072113037,0.9007875919342041
036932,0.706298828125,0.7081589102745056,0.7139173746109009,0.5952870845794678
036933,0.606689453125,0.649944007396698,0.5334192514419556,0.7883116006851196
036934,0.967041015625,0.9675385355949402,0.9284793138504028,0.971560001373291
036935,0.9673665165901184,0.9676661491394043,1.0,0.8931388258934021
036937,0.967041015625,0.9675211310386658,0.9284793138504028,0.9389817714691162
036938,0.968017578125,0.9680400490760803,1.0,0.8819696307182312
036939,0.953369140625,0.9602126479148865,0.7479812502861023,0.874898374080658
036940,0.94140625,0.952598512172699,0.5162065625190735,0.7268883585929871
036941,0.44140625,0.4462777078151703,0.3754834830760956,0.4032384157180786
036942,0.947998046875,0.952532172203064,0.6841284036636353,0.6275315880775452
036945,0.0,0.0069444444961845875,0.0,0.010991492308676243
036946,0.4778645932674408,0.48381245136260986,0.4635950028896332,0.559472382068634
036947,0.701171875,0.7097625732421875,0.5150786638259888,0.722911536693573
036948,0.469970703125,0.47794589400291443,0.3877114951610565,0.5775853991508484
036949,0.967041015625,0.9678078293800354,0.8122885227203369,0.8866958618164062
036950,0.469970703125,0.476436585187912,0.4431702494621277,0.5872668623924255
036952,0.606689453125,0.6452704071998596,0.5334192514419556,0.6728402972221375
036955,0.9466145634651184,0.9507484436035156,0.6615661382675171,0.6516376733779907
036956,0.943359375,0.9498855471611023,0.6040917634963989,0.5742939114570618
036958,0.9507649540901184,0.956275463104248,0.8898733854293823,0.9408684372901917
036959,0.9444172978401184,0.9559581875801086,0.6219719052314758,0.7927240133285522
036960,0.431884765625,0.4937847852706909,0.4763599932193756,0.7507779002189636
036961,0.48828125,0.48923391103744507,0.5307213068008423,0.7206562161445618
036963,0.94140625,0.952464759349823,0.5900454521179199,0.7553926110267639
036965,0.706298828125,0.7093307971954346,0.6245770454406738,0.6213657855987549
036966,0.606689453125,0.6505653262138367,0.46666663885116577,0.7395440936088562
036967,0.94140625,0.9423583745956421,0.5900454521179199,0.5076959729194641
036970,0.146728515625,0.27267229557037354,0.1496870219707489,0.5206308960914612
036972,0.560546875,0.6385703682899475,0.3571682572364807,0.6297421455383301
036974,0.94140625,0.9515352249145508,0.5900454521179199,0.7067791819572449
036976,0.520263671875,0.5211576819419861,0.5620065331459045,0.763089656829834
036977,0.2774251401424408,0.35034289956092834,0.19284793734550476,0.30884355306625366
036978,0.584228515625,0.5844192504882812,0.7139173746109009,0.6325505971908569
036979,0.3059895932674408,0.34820398688316345,0.4357588291168213,0.5785766839981079
036980,0.505615234375,0.5170560479164124,0.37429502606391907,0.5473892092704773
036981,0.9673665165901184,0.9677985310554504,0.8748590350151062,0.9184960722923279
036982,0.703369140625,0.7072293758392334,0.7838867902755737,0.8388580083847046
036984,0.146728515625,0.2607322037220001,0.09795191138982773,0.3174600303173065
036985,0.956298828125,0.9588974714279175,0.7169486284255981,0.6711465120315552
036986,0.947998046875,0.954041063785553,0.5985158681869507,0.6349841952323914
036988,0.03125,0.2600870728492737,0.022562257945537567,0.4843261241912842
036989,0.957763671875,0.9583737850189209,0.7236568927764893,0.7179700136184692
036990,0.943115234375,0.9506157040596008,0.7475366592407227,0.8400161862373352
036991,0.703369140625,0.7082964777946472,0.5620065331459045,0.6289762258529663
036992,0.568359375,0.5753143429756165,0.3899376392364502,0.5067942142486572
036993,0.968017578125,0.9680670499801636,1.0,0.8916638493537903
036994,0.95703125,0.9576722383499146,0.7039180397987366,0.7275211811065674
036996,0.150390625,0.197998046875,0.2783457934856415,0.48285111784935
036997,0.953369140625,0.9579095244407654,0.7479812502861023,0.7936201691627502
036998,0.47265625,0.5238841772079468,0.3709116578102112,0.44961827993392944
037000,0.508056640625,0.5127279758453369,0.5334192514419556,0.6048621535301208
037001,0.967041015625,0.9674320220947266,0.9284793138504028,0.83109050989151
037002,0.393798828125,0.459172785282135,0.2789551615715027,0.40749433636665344
037003,0.9507649540901184,0.9544429779052734,0.8898733854293823,0.8366144895553589
037005,0.953369140625,0.9602470397949219,0.6543781161308289,0.6872550845146179
037006,0.951904296875,0.9586372375488281,0.7122209072113037,0.7816343903541565
037007,0.962158203125,0.9626943469047546,0.8420895934104919,0.9438274502754211
037009,0.951171875,0.9562398791313171,0.8472716808319092,0.9660177230834961
037011,0.567138671875,0.6225891709327698,0.5199966430664062,0.6775690913200378
037013,0.701171875,0.7041327357292175,0.7871269583702087,0.8397125005722046
037014,0.95703125,0.9576295614242554,0.7039180397987366,0.7020770311355591
037015,0.946533203125,0.9535040259361267,0.575423002243042,0.5513099431991577
037016,0.9444172978401184,0.9549161195755005,0.544137716293335,0.8042242527008057
037018,0.9388020634651184,0.9443159103393555,0.5542851090431213,0.5497835874557495
037019,0.966796875,0.9673935174942017,0.7653606534004211,0.7487183213233948
037021,0.947998046875,0.9513940215110779,0.6841284036636353,0.5852951407432556
037022,0.953369140625,0.9581916332244873,0.7479812502861023,0.7735925316810608
037023,0.9673665165901184,0.9677853584289551,0.8748590350151062,0.92783522605896
037024,0.606689453125,0.6244523525238037,1.0,0.9090893864631653
037025,0.959228515625,0.9597570896148682,0.8722942471504211,0.8051981925964355
037027,0.584228515625,0.584774911403656,0.6245770454406738,0.7395901083946228
037029,0.219970703125,0.29579660296440125,0.18348374962806702,0.3402934968471527
037033,0.9668782353401184,0.9674168229103088,0.7810032963752747,0.6947417259216309
037034,0.300537109375,0.40515634417533875,0.24733662605285645,0.5155170559883118
037036,0.0,0.1047406867146492,0.0,0.4330197870731354
037037,0.46875,0.46875,0.5441304445266724,0.5309823155403137
037038,0.0,0.12255859375,0.0,0.178360715508461
037039,0.968017578125,0.968068540096283,1.0,0.9793881177902222
037041,0.966796875,0.9673729538917542,0.7653606534004211,0.7853202819824219
037043,0.9507649540901184,0.9577465653419495,0.6379934549331665,0.8130875825881958
037044,0.703369140625,0.708977997303009,0.5620065331459045,0.5951956510543823
037045,0.580322265625,0.6319904923439026,0.4040961265563965,0.6099586486816406
037046,0.943359375,0.9513713717460632,0.6040917634963989,0.7667064070701599
037047,0.957763671875,0.9583485722541809,0.7236568927764893,0.7452816963195801
037048,0.47265625,0.4850086271762848,0.3430097699165344,0.5325528979301453
037051,0.560546875,0.6103973388671875,0.4981783330440521,0.6962292194366455
037052,0.39453125,0.4015023708343506,0.4261382520198822,0.6052687168121338
037053,0.968017578125,0.9680600762367249,1.0,0.9522249102592468
037054,0.943115234375,0.9512513875961304,0.5359453558921814,0.5626647472381592
037055,0.431884765625,0.431884765625,0.7318407297134399,0.5719486474990845
037056,0.510498046875,0.5185109376907349,0.43686550855636597,0.7024267911911011
037057,0.469970703125,0.4772453010082245,0.3877114951610565,0.6268656849861145
037059,0.967041015625,0.9676236510276794,0.8122885227203369,0.8096275329589844
037060,0.304931640625,0.4105479121208191,0.22860826551914215,0.4938032031059265
037061,0.44921875,0.468994140625,0.5806522965431213,0.5933762788772583
037062,0.503173828125,0.5113672018051147,0.4784300625324249,0.6267995834350586
037064,0.962158203125,0.9624382853507996,0.9625431895256042,0.8913218975067139
037066,0.344482421875,0.3943950831890106,0.31885725259780884,0.43735888600349426
037067,0.518798828125,0.5866361260414124,0.3716495931148529,0.5752341151237488
037068,0.556884765625,0.6174433827400208,0.4431702494621277,0.5079237818717957
037069,0.939453125,0.94219970703125,0.8987017273902893,0.9729871153831482
037070,0.490234375,0.5286178588867188,0.38805168867111206,0.4735935926437378
037072,0.703369140625,0.7069954872131348,0.7838867902755737,0.8339337706565857
037073,0.03125,0.03125,0.06717170774936676,0.06717170774936676
037075,0.701904296875,0.7080047130584717,0.5307213068008423,0.6896882057189941
037077,0.567138671875,0.6145471334457397,0.5199966430664062,0.719545841217041
037079,0.9388020634651184,0.9413299560546875,0.5542851090431213,0.5229411125183105
037080,0.956298828125,0.9611683487892151,0.7169486284255981,0.8440598249435425
037081,0.490234375,0.490234375,0.8556691408157349,0.7610549330711365
037084,0.531982421875,0.6018915176391602,0.48571667075157166,0.7412017583847046
037085,0.567138671875,0.6388742923736572,0.37281090021133423,0.5929518342018127
037087,0.1875,0.1875,0.2886616587638855,0.23354701697826385
037090,0.300537109375,0.39505714178085327,0.2163846641778946,0.6161167025566101
037092,0.518798828125,0.6085405349731445,0.3716495931148529,0.5464549660682678
037094,0.703369140625,0.7077126502990723,0.6423966884613037,0.720940113067627
037095,0.393798828125,0.4675324857234955,0.2789551615715027,0.4612094461917877
037096,0.9466145634651184,0.9497688412666321,0.6615661382675171,0.6652246713638306
037098,0.956298828125,0.9610661864280701,0.8195018768310547,0.8605586290359497
037099,0.953369140625,0.9564003944396973,0.912726640701294,0.9002931118011475
037100,0.9444172978401184,0.9555752873420715,0.6219719052314758,0.7668257355690002
037101,0.943115234375,0.9535783529281616,0.5359453558921814,0.8037765026092529
037102,0.701904296875,0.7075013518333435,0.6066363453865051,0.6160668730735779
037105,0.701904296875,0.705795407295227,0.5307213068008423,0.4825536012649536
037106,0.962158203125,0.9626347422599792,0.8420895934104919,0.8427597880363464
037107,0.9444172978401184,0.9505654573440552,0.8315341472625732,0.9105060696601868
037108,0.968017578125,0.9680587649345398,1.0,0.9602882266044617
037109,0.9673665165901184,0.9678956866264343,0.8748590350151062,0.9548055529594421
037110,0.968017578125,0.9680604338645935,1.0,0.9192031621932983
037111,0.968017578125,0.9680604338645935,1.0,0.9192031621932983
037112,0.508056640625,0.5126809477806091,0.46666663885116577,0.451592355966568
037113,0.951171875,0.9576252698898315,0.6074502468109131,0.7668075561523438
037115,0.228759765625,0.36609339714050293,0.18026001751422882,0.6426759362220764
037118,0.9507649540901184,0.9561207890510559,0.7292529344558716,0.7979456186294556
037119,0.580322265625,0.6293058395385742,0.4618985950946808,0.5220097303390503
037121,0.9673665165901184,0.9677644968032837,0.8748590350151062,0.8699851632118225
037122,0.9673665165901184,0.9677920937538147,0.8748590350151062,0.7403796315193176
037123,0.659423828125,0.663090705871582,0.5918076038360596,0.715620756149292
037125,0.619873046875,0.6268144845962524,0.4733748733997345,0.7669780850410461
037126,0.966796875,0.9672856330871582,0.7653606534004211,0.7829941511154175
037128,0.580322265625,0.6268181800842285,0.5636333227157593,0.7067735195159912
037129,0.568359375,0.5716720819473267,0.4457148313522339,0.5049726963043213
037130,0.3125,0.32264938950538635,0.2682024836540222,0.44405239820480347
037131,0.9466145634651184,0.9534802436828613,0.6615661382675171,0.8613896369934082
037132,0.712158203125,0.7124189138412476,0.7497180104255676,0.6595618724822998
037133,0.946533203125,0.9546800851821899,0.575423002243042,0.6539666652679443
037134,0.450927734375,0.45868563652038574,0.3482339084148407,0.493183970451355
037135,0.580322265625,0.6328364610671997,0.4040961265563965,0.5525110960006714
037139,0.968017578125,0.9680768251419067,1.0,0.9648615717887878
037140,0.701904296875,0.7051334381103516,0.8110315203666687,0.8634307384490967
037144,0.9507649540901184,0.9559217691421509,0.7292529344558716,0.8394621014595032
037145,0.947998046875,0.9507738351821899,0.8348100185394287,0.7418017387390137
037146,0.0,0.2389121651649475,0.0,0.26998087763786316
037147,0.30078125,0.3502575755119324,0.28309693932533264,0.5283754467964172
037148,0.110107421875,0.3101019263267517,0.07620275020599365,0.47781601548194885
037149,0.953369140625,0.9582589268684387,0.7479812502861023,0.7420423030853271
037150,0.1458333432674408,0.1458333432674408,0.16733194887638092,0.16395604610443115
037151,0.9444172978401184,0.9515891075134277,0.7589633464813232,0.8906323909759521
037154,0.0,0.2461344450712204,0.0,0.5054948925971985
037155,0.703369140625,0.708545982837677,0.6423966884613037,0.7980332970619202
037157,0.388427734375,0.3999914526939392,0.3251410126686096,0.5730106830596924
037158,0.455078125,0.541144847869873,0.33298835158348083,0.6445217728614807
037159,0.0,0.2444503754377365,0.0,0.3640179932117462
037162,0.957763671875,0.9581384062767029,0.8271697163581848,0.6802349090576172
037163,0.951171875,0.9595656991004944,0.694340705871582,0.801659107208252
037166,0.9673665165901184,0.9677889943122864,0.8748590350151062,0.8907493948936462
037167,0.967041015625,0.9677369594573975,0.8122885227203369,0.9102646112442017
037168,0.951171875,0.9565895199775696,0.8472716808319092,0.9275609850883484
037169,0.567138671875,0.638407826423645,0.5199966430664062,0.8123020529747009
037171,0.967041015625,0.9676907062530518,0.8122885227203369,0.8923766613006592
037173,0.968017578125,0.9680463671684265,1.0,0.9228938817977905
037174,0.499755859375,0.5629997849464417,0.4098700284957886,0.5142427086830139
037175,0.956298828125,0.9591976404190063,0.7169486284255981,0.6162039637565613
037177,0.943115234375,0.9514278769493103,0.6126077175140381,0.773128867149353
037180,0.146728515625,0.2726592719554901,0.11196307837963104,0.43128177523612976
037183,0.953369140625,0.9602712988853455,0.7479812502861023,0.8951025605201721
037184,0.703369140625,0.70652174949646,0.6423966884613037,0.5948657989501953
037185,0.947998046875,0.955182671546936,0.6841284036636353,0.8435128331184387
037186,0.300537109375,0.404664009809494,0.24733662605285645,0.5960338115692139
037188,0.344482421875,0.3818444609642029,0.5977610945701599,0.6029422879219055
037189,0.366455078125,0.3776777684688568,0.3265250623226166,0.5688595771789551
037190,0.9673665165901184,0.9675092697143555,1.0,0.8392665386199951
037191,0.953369140625,0.9588550329208374,0.7479812502861023,0.7805624604225159
037192,0.951904296875,0.9598907232284546,0.7122209072113037,0.8338403105735779
037195,0.518798828125,0.6103107929229736,0.3716495931148529,0.6930298805236816
037198,0.9668782353401184,0.9674829244613647,0.7810032963752747,0.7432028651237488
037199,0.957763671875,0.9584740400314331,0.7236568927764893,0.7764651775360107
037200,0.968017578125,0.9680624604225159,1.0,0.9232252240180969
037203,0.34765625,0.36017000675201416,0.293855756521225,0.6518471240997314
037204,0.967041015625,0.9675219655036926,0.9284793138504028,0.9366570711135864
037206,0.3059895932674408,0.3349073827266693,0.2836383283138275,0.3711925446987152
037207,0.490234375,0.49737548828125,0.6884825229644775,0.6387952566146851
037208,0.951904296875,0.9586255550384521,0.7122209072113037,0.9005099534988403
037209,0.967041015625,0.9676719903945923,0.8122885227203369,0.8095028400421143
037210,0.701171875,0.7059034109115601,0.7184317708015442,0.6754985451698303
037211,0.3059895932674408,0.3107503354549408,0.5032320022583008,0.4992128014564514
037212,0.5694172978401184,0.5779109597206116,0.4635950028896332,0.6619309186935425
037213,0.584228515625,0.5847964286804199,0.6245770454406738,0.7505640387535095
037214,0.968017578125,0.9680525660514832,1.0,0.9311483502388
037215,0.968017578125,0.9680532813072205,1.0,0.9201028943061829
037216,0.953369140625,0.9550619721412659,1.0,0.9875035881996155
037217,0.968017578125,0.9680622220039368,1.0,0.9538082480430603
037218,0.968017578125,0.968062698841095,1.0,0.9768017530441284
037220,0.580322265625,0.6193699240684509,0.86592036485672,0.9523879289627075
037221,0.953369140625,0.9570059180259705,0.912726640701294,0.886725902557373
037222,0.5694172978401184,0.5772541761398315,0.5657033920288086,0.714765191078186
037223,0.580322265625,0.6421661972999573,0.4618985950946808,0.6085225343704224
037225,0.633056640625,0.6392860412597656,0.5862115621566772,0.7257634997367859
037228,0.580322265625,0.6434089541435242,0.4618985950946808,0.7446019053459167
037229,0.9466145634651184,0.9504140019416809,0.6615661382675171,0.6703673005104065
037231,0.959228515625,0.9598045945167542,0.7631344795227051,0.7374889254570007
037233,0.968017578125,0.9680355787277222,1.0,0.887839674949646
037237,0.3599446713924408,0.4471381604671478,0.40125197172164917,0.6602576375007629
037238,0.584228515625,0.5850017666816711,0.6245770454406738,0.7660596966743469
037239,0.9673665165901184,0.9679005742073059,0.8748590350151062,0.8486076593399048
037240,0.3599446713924408,0.41085729002952576,0.36623337864875793,0.48281005024909973
037241,0.703369140625,0.707899272441864,0.7838867902755737,0.8743107318878174
037242,0.9668782353401184,0.967679500579834,0.7810032963752747,0.8245600461959839
037243,0.9444172978401184,0.9561466574668884,0.544137716293335,0.7373595833778381
037244,0.9668782353401184,0.9674537777900696,0.7810032963752747,0.8533584475517273
037245,0.967041015625,0.9674258828163147,0.9284793138504028,0.8398635387420654
037246,0.939453125,0.9467693567276001,0.489017516374588,0.5973671078681946
037247,0.212890625,0.3146015703678131,0.24341687560081482,0.5652110576629639
037248,0.9444172978401184,0.9521860480308533,0.6219719052314758,0.7832132577896118
037249,0.962158203125,0.9625911712646484,0.8420895934104919,0.8925515413284302
037251,0.968017578125,0.9680605530738831,1.0,0.8702994585037231
037252,0.946533203125,0.9565609097480774,0.575423002243042,0.6741684675216675
037253,0.946533203125,0.9564921855926514,0.575423002243042,0.6788196563720703
037254,0.947998046875,0.953292965888977,0.6841284036636353,0.6541207432746887
037255,0.953369140625,0.9560849070549011,0.7479812502861023,0.6051930785179138
037256,0.5694172978401184,0.5770819187164307,0.4635950028896332,0.5258718132972717
037258,0.47265625,0.5013992190361023,0.6580725908279419,0.6981009244918823
037260,0.956298828125,0.9603149890899658,0.7169486284255981,0.7470734119415283
037261,0.712158203125,0.7123717665672302,0.7497180104255676,0.6270050406455994
037262,0.466064453125,0.5482666492462158,0.35480669140815735,0.498279333114624
037263,0.9673665165901184,0.9676834940910339,1.0,0.9177637100219727
037264,0.967041015625,0.9674382209777832,0.8122885227203369,0.7038491368293762
037265,0.967041015625,0.9675339460372925,0.9284793138504028,0.8433229923248291
037267,0.953369140625,0.9580125212669373,0.912726640701294,0.9131132364273071
037268,0.939453125,0.9453765153884888,0.8498401045799255,0.8981110453605652
037269,0.4375,0.4375,0.33466389775276184,0.3279120922088623
037270,0.951904296875,0.959817111492157,0.6230928897857666,0.7432114481925964
037271,0.706298828125,0.7100198268890381,0.7139173746109009,0.7558983564376831
037273,0.967041015625,0.9676712155342102,0.8122885227203369,0.8778725862503052
037274,0.962158203125,0.9625278115272522,0.9625431895256042,0.9295914173126221
037275,0.9673665165901184,0.9677218794822693,1.0,0.943266749382019
037276,0.967041015625,0.9678125977516174,0.8122885227203369,0.9628735184669495
037279,0.943115234375,0.9510689377784729,0.7475366592407227,0.8910235166549683
037281,0.9668782353401184,0.9677565693855286,0.7810032963752747,0.8124620914459229
037282,0.44921875,0.5141128897666931,0.32727500796318054,0.5494614839553833
037283,0.606689453125,0.6287740468978882,1.0,0.9541933536529541
037284,0.469970703125,0.47831013798713684,0.4431702494621277,0.5916199684143066
037285,0.946533203125,0.9534847140312195,0.8026000261306763,0.952582836151123
037287,0.0,0.0433620885014534,0.0,0.3631204068660736
037288,0.9388020634651184,0.9452107548713684,0.6763683557510376,0.7930179834365845
037289,0.520263671875,0.5209563374519348,0.5620065331459045,0.6389374136924744
037290,0.531982421875,0.5630816221237183,0.8617600202560425,0.8766179084777832
037291,0.957763671875,0.9586492776870728,0.7236568927764893,0.747766375541687
037294,0.23046875,0.33379846811294556,0.1538141816854477,0.3778521716594696
037296,0.212890625,0.4006858170032501,0.11359453201293945,0.5758167505264282
037297,0.966796875,0.9672256112098694,0.7653606534004211,0.6687136888504028
037299,0.967041015625,0.9671835899353027,1.0,0.94355708360672
037301,0.300537109375,0.3592171370983124,0.4636814594268799,0.6446027159690857
037303,0.951171875,0.9530044794082642,0.694340705871582,0.5547693371772766
037304,0.47265625,0.48496013879776,0.3430097699165344,0.5626415610313416
037305,0.510498046875,0.5185927152633667,0.43686550855636597,0.7227225303649902
037306,0.606689453125,0.6306114792823792,0.46666663885116577,0.46942850947380066
037307,0.946533203125,0.9541460871696472,0.575423002243042,0.7717477083206177
037308,0.956298828125,0.9610812067985535,0.7169486284255981,0.7839354276657104
037310,0.9466145634651184,0.9535786509513855,0.5787770748138428,0.6334003806114197
037312,0.432373046875,0.43523386120796204,0.4618985950946808,0.4155128300189972
037313,0.703369140625,0.7092941403388977,0.5620065331459045,0.774941086769104
037314,0.4700520932674408,0.4819338619709015,0.3117245137691498,0.5829558372497559
037316,0.466064453125,0.5158408880233765,0.5450960993766785,0.5618945956230164
037317,0.633056640625,0.6398434042930603,0.5862115621566772,0.6347765326499939
037319,0.957763671875,0.9584850072860718,0.7236568927764893,0.8342269062995911
037321,0.9673665165901184,0.9677449464797974,1.0,0.9013742804527283
037323,0.580322265625,0.6329559683799744,0.4040961265563965,0.6124897599220276
037324,0.962158203125,0.9625211358070374,0.9625431895256042,0.8407270908355713
037326,0.701904296875,0.7086215019226074,0.5307213068008423,0.6340315937995911
037327,0.166259765625,0.31097084283828735,0.12132726609706879,0.42889463901519775
037328,0.946533203125,0.9544866681098938,0.6577322483062744,0.7993871569633484
037329,0.499755859375,0.5189316868782043,0.629690945148468,0.5045673847198486
037330,0.9466145634651184,0.9519253969192505,0.6615661382675171,0.6398119926452637
037331,0.365234375,0.4760276973247528,0.3236317038536072,0.6754332780838013
037332,0.947998046875,0.9510026574134827,0.8348100185394287,0.786588728427887
037333,0.374755859375,0.4761819839477539,0.28309693932533264,0.4207829236984253
037334,0.701171875,0.701904296875,0.7871269583702087,0.830302894115448
037338,0.947998046875,0.947998046875,0.9605564475059509,0.9605564475059509
037339,0.393798828125,0.4836774170398712,0.38908666372299194,0.7403430342674255
037340,0.393798828125,0.45569100975990295,0.38908666372299194,0.5322778224945068
037341,0.0,0.03125,0.0,0.06325903534889221
037342,0.619873046875,0.6245210766792297,0.5410870313644409,0.5320777297019958
037343,0.959228515625,0.959561824798584,0.8722942471504211,0.790752112865448
037345,0.9668782353401184,0.9674908518791199,0.892719030380249,0.8244976997375488
037346,0.30078125,0.3538290858268738,0.5307213068008423,0.6186051964759827
037347,0.633056640625,0.6354623436927795,0.5862115621566772,0.528293788433075
037350,0.967041015625,0.9676908850669861,0.8122885227203369,0.7415979504585266
037354,0.706298828125,0.7101169228553772,0.7139173746109009,0.8338657021522522
037355,0.633056640625,0.6377986073493958,0.5128524899482727,0.6202781200408936
037357,0.490234375,0.566400945186615,0.38805168867111206,0.5024793148040771
037359,0.94140625,0.9470005631446838,0.7200049757957458,0.6976437568664551
037360,0.943115234375,0.9500715732574463,0.5359453558921814,0.6294355392456055
037362,0.956298828125,0.961040735244751,0.7169486284255981,0.6858665347099304
037364,0.659423828125,0.6643027067184448,0.5918076038360596,0.7951679229736328
037365,0.659423828125,0.6623996496200562,0.5918076038360596,0.6179506778717041
037366,0.701171875,0.706550121307373,0.5887562036514282,0.6861960887908936
037367,0.304931640625,0.3086564838886261,1.0,0.9283666014671326
037369,0.712158203125,0.7123979926109314,0.7497180104255676,0.6564299464225769
037371,0.518798828125,0.5735730528831482,0.4535067081451416,0.5799533724784851
037372,0.712158203125,0.7125932574272156,0.7497180104255676,0.8454217910766602
037373,0.30078125,0.3523028492927551,0.28309693932533264,0.5506230592727661
037376,0.962158203125,0.9622071385383606,0.9625431895256042,0.7738164663314819
037377,0.3599446713924408,0.41769999265670776,0.3001289367675781,0.38396164774894714
037378,0.703369140625,0.7074073553085327,0.5620065331459045,0.5670043230056763
037380,0.9507649540901184,0.9556463956832886,0.6379934549331665,0.6969579458236694
037381,0.956298828125,0.9610493183135986,0.8195018768310547,0.8582045435905457
037382,0.9375,0.9379340410232544,0.5364049673080444,0.37111297249794006
037383,0.584228515625,0.5848352313041687,0.6245770454406738,0.7003909945487976
037385,0.962158203125,0.9626925587654114,0.8420895934104919,0.8811253309249878
037386,0.9668782353401184,0.967359185218811,0.892719030380249,0.8923839330673218
037388,0.2044270783662796,0.2520345151424408,0.2709710896015167,0.43704599142074585
037389,0.304931640625,0.4370892345905304,0.22860826551914215,0.650190532207489
037392,0.967041015625,0.9674793481826782,0.9284793138504028,0.8573976755142212
037393,0.9466145634651184,0.95161372423172,0.8072783350944519,0.8335158824920654
037394,0.9444172978401184,0.9495693445205688,0.544137716293335,0.4738064408302307
037395,0.393798828125,0.45382586121559143,0.2789551615715027,0.3936236798763275
037396,0.25390625,0.3304968476295471,0.21157628297805786,0.4271546006202698
037397,0.946533203125,0.9519163370132446,0.8793432712554932,0.9380450248718262
037398,0.703369140625,0.7071569561958313,0.6423966884613037,0.6867191195487976
037399,0.520263671875,0.5209501385688782,0.5620065331459045,0.6677376627922058
037400,0.9673665165901184,0.9675840139389038,1.0,0.8537400960922241
037402,0.365234375,0.4063950479030609,0.3236317038536072,0.32167062163352966
037406,0.197998046875,0.2604769766330719,0.1916866898536682,0.2601112425327301
037407,0.953369140625,0.9584079384803772,0.6543781161308289,0.6474805474281311
037408,0.946533203125,0.9503413438796997,0.6577322483062744,0.5620646476745605
037410,0.9673665165901184,0.9677659273147583,0.8748590350151062,0.9097077250480652
037411,0.9673665165901184,0.9677395820617676,0.8748590350151062,0.8660855889320374
037412,0.953369140625,0.9581776857376099,0.7479812502861023,0.7309975028038025
037415,0.3125,0.3228161633014679,0.2682024836540222,0.4009510278701782
037416,0.9388020634651184,0.9435329437255859,0.48492133617401123,0.4335904121398926
037417,0.505615234375,0.5126736164093018,0.5220667123794556,0.6093220710754395
037419,0.967041015625,0.9678186178207397,0.8122885227203369,0.8819738030433655
037420,0.939453125,0.9493795037269592,0.489017516374588,0.54642254114151
037421,0.953369140625,0.9603471755981445,0.6543781161308289,0.8410743474960327
037424,0.94140625,0.9455111622810364,0.8970906734466553,0.9589387774467468
037425,0.94140625,0.9478945732116699,0.5900454521179199,0.6298425197601318
037426,0.957763671875,0.9579128623008728,0.8271697163581848,0.6156287789344788
037427,0.47265625,0.5628128051757812,0.3039627969264984,0.497918039560318
037429,0.9673665165901184,0.9676195383071899,1.0,0.9885442852973938
037430,0.490234375,0.5304456353187561,0.6884825229644775,0.8717462420463562
037432,0.393798828125,0.485385537147522,0.2789551615715027,0.6083365678787231
037434,0.968017578125,0.9680507183074951,1.0,0.9670552611351013
037435,0.366455078125,0.37534359097480774,0.398443341255188,0.6316949725151062
037441,0.5757649540901184,0.5826153755187988,0.49943602085113525,0.588777482509613
037442,0.9668782353401184,0.9674949049949646,0.7810032963752747,0.7224215865135193
037443,0.712158203125,0.7125523090362549,0.7497180104255676,0.8265153169631958
037444,0.968017578125,0.9680565595626831,1.0,0.9232996702194214
037445,0.9673665165901184,0.967617928981781,1.0,0.949284017086029
037446,0.531982421875,0.5609914660453796,0.48571667075157166,0.5282342433929443
037448,0.959228515625,0.9596025943756104,0.8722942471504211,0.7693795561790466
037449,0.560546875,0.5882323980331421,0.7653606534004211,0.9469024538993835
037450,0.9668782353401184,0.9677679538726807,0.7810032963752747,0.8364600539207458
037451,0.967041015625,0.9675838351249695,0.8122885227203369,0.8231695890426636
037454,0.703369140625,0.7060558795928955,0.6423966884613037,0.624563992023468
037457,0.712158203125,0.7126379609107971,0.7497180104255676,0.8646987080574036
037459,0.966796875,0.9670394659042358,0.7653606534004211,0.7367908954620361
037461,0.633056640625,0.63718581199646,0.5862115621566772,0.6847589612007141
037464,0.701171875,0.7079470753669739,0.5887562036514282,0.647016167640686
037465,0.61328125,0.615478515625,0.6327316761016846,0.5481771230697632
037466,0.4700520932674408,0.4821121096611023,0.3117245137691498,0.5593597888946533
037467,0.48828125,0.48889726400375366,0.6066363453865051,0.5917462110519409
037469,0.951171875,0.9572830200195312,0.6074502468109131,0.5759800672531128
037470,0.962158203125,0.9624766111373901,0.9625431895256042,0.907403826713562
037471,0.95703125,0.9578858613967896,0.7039180397987366,0.8297051191329956
037472,0.9507649540901184,0.9563801288604736,0.7292529344558716,0.8280162215232849
037473,0.633056640625,0.6347665786743164,0.715326726436615,0.6581518650054932
037475,0.706298828125,0.7081780433654785,0.871160089969635,0.7345879673957825
037477,0.943359375,0.9534845948219299,0.6040917634963989,0.7403156757354736
037478,0.951904296875,0.9557839632034302,0.6230928897857666,0.5851303339004517
037480,0.571533203125,0.577399730682373,0.49935534596443176,0.5302346348762512
037481,0.951904296875,0.9555863738059998,0.6230928897857666,0.5549482703208923
037482,0.956298828125,0.9611743688583374,0.7169486284255981,0.9168946146965027
037483,0.9507649540901184,0.9547215700149536,0.7292529344558716,0.7409818172454834
037484,0.9507649540901184,0.9576492309570312,0.7292529344558716,0.8943626284599304
037485,0.431884765625,0.49445679783821106,0.390377938747406,0.6219433546066284
037487,0.2044270783662796,0.25746017694473267,0.12516115605831146,0.16376417875289917
037488,0.44921875,0.5500034093856812,0.2682024836540222,0.519097089767456
037492,0.9673665165901184,0.967796802520752,0.8748590350151062,0.8285883069038391
037493,0.0625,0.19597673416137695,0.03128524869680405,0.22992709279060364
037494,0.943115234375,0.948059618473053,0.6126077175140381,0.5899204611778259
037495,0.701904296875,0.7068058252334595,0.7402501106262207,0.7319740056991577
037496,0.23046875,0.35851943492889404,0.1538141816854477,0.42142611742019653
037497,0.9673665165901184,0.9677265286445618,1.0,0.9222877621650696
037498,0.431884765625,0.49453526735305786,0.3415256440639496,0.6755639910697937
037501,0.03125,0.18555526435375214,0.022562257945537567,0.3711926341056824
037504,0.946533203125,0.9536875486373901,0.575423002243042,0.6064490675926208
037505,0.712158203125,0.7124240398406982,0.8569586873054504,0.7326175570487976
037506,0.32421875,0.3305511474609375,0.2907647490501404,0.35092416405677795
037507,0.304931640625,0.37185394763946533,0.22860826551914215,0.28623607754707336
037509,0.953369140625,0.9559571146965027,0.6543781161308289,0.5043447613716125
037510,0.943359375,0.944549560546875,0.9184463024139404,0.8283840417861938
037512,0.9507649540901184,0.9544761776924133,0.7292529344558716,0.6869691014289856
037515,0.48828125,0.48887428641319275,0.5307213068008423,0.6527069807052612
037516,0.946533203125,0.9529445767402649,0.6577322483062744,0.7522755861282349
037518,0.706298828125,0.7080291509628296,0.871160089969635,0.8743088841438293
037519,0.939453125,0.9434084892272949,0.6820816993713379,0.5195397734642029
037520,0.9375,0.9390869140625,0.9298905730247498,0.9786716103553772
037521,0.21875,0.32780686020851135,0.19272169470787048,0.49504780769348145
037524,0.267578125,0.39477208256721497,0.19369612634181976,0.4869684875011444
037527,0.956298828125,0.9599191546440125,0.8195018768310547,0.9085491299629211
037529,0.0625,0.14110514521598816,0.07171369343996048,0.23207330703735352
037530,0.520263671875,0.5211477875709534,0.5620065331459045,0.6541503667831421
037533,0.953369140625,0.9576665759086609,0.6543781161308289,0.6944565176963806
037535,0.968017578125,0.9680523872375488,1.0,0.9305875897407532
037536,0.9444172978401184,0.9527443051338196,0.7589633464813232,0.8272404670715332
037537,0.968017578125,0.9680512547492981,1.0,0.8621345162391663
037538,0.947998046875,0.9527678489685059,0.6841284036636353,0.6657343506813049
037539,0.953369140625,0.9581817388534546,0.912726640701294,0.9724177718162537
037540,0.9444172978401184,0.9547573924064636,0.6219719052314758,0.8782251477241516
037542,0.962158203125,0.9624895453453064,0.8420895934104919,0.7795693874359131
037543,0.947998046875,0.9530845880508423,0.6841284036636353,0.7184396386146545
037544,0.3599446713924408,0.43394944071769714,0.3001289367675781,0.6332765221595764
037545,0.947998046875,0.9504455924034119,0.5985158681869507,0.49195238947868347
037548,0.706298828125,0.709816038608551,0.6245770454406738,0.634524405002594
037549,0.967041015625,0.9675414562225342,0.9284793138504028,0.8765110373497009
037550,0.19921875,0.2782256603240967,0.16092148423194885,0.33349889516830444
037551,0.393798828125,0.46869295835494995,0.38908666372299194,0.6853291988372803
037552,0.943359375,0.955543577671051,0.6040917634963989,0.7576539516448975
037553,0.9668782353401184,0.9674023389816284,0.7810032963752747,0.6819021105766296
037554,0.9673665165901184,0.9677151441574097,0.8748590350151062,0.8064814209938049
037557,0.968017578125,0.9680532813072205,1.0,0.8655279278755188
037558,0.212890625,0.3178058862686157,0.1584416627883911,0.41171011328697205
037559,0.510498046875,0.5169090032577515,0.49935534596443176,0.5580910444259644
037561,0.490234375,0.5534070730209351,0.3180091083049774,0.5269421935081482
037562,0.951171875,0.9578849673271179,0.694340705871582,0.7815921306610107
037563,0.520263671875,0.5210102200508118,0.5620065331459045,0.7453815340995789
037564,0.508056640625,0.5125412940979004,0.6509066820144653,0.7774653434753418
037565,0.962158203125,0.9626810550689697,0.8420895934104919,0.8188945055007935
037566,0.9444172978401184,0.9489391446113586,0.6219719052314758,0.5446348786354065
037567,0.584228515625,0.584602415561676,0.7139173746109009,0.7872350811958313
037569,0.940673828125,0.9513311982154846,0.5046601295471191,0.6764214038848877
037571,0.3599446713924408,0.414618581533432,0.3001289367675781,0.6065247058868408
037572,0.968017578125,0.9680585861206055,1.0,0.9221345782279968
037575,0.571533203125,0.580502986907959,0.43686550855636597,0.5645926594734192
037577,0.9507649540901184,0.9576733708381653,0.6379934549331665,0.7271283268928528
037578,0.947998046875,0.9523717761039734,0.5985158681869507,0.5121797323226929
037579,0.959228515625,0.9599958658218384,0.7631344795227051,0.8332833051681519
037580,0.94140625,0.9508376717567444,0.5900454521179199,0.667252242565155
037581,0.962158203125,0.9623695611953735,0.9625431895256042,0.9601894021034241
037583,0.518798828125,0.6091778874397278,0.4535067081451416,0.7828471660614014
037585,0.968017578125,0.9680548906326294,1.0,0.9031323194503784
037586,0.968017578125,0.968055784702301,1.0,0.8818281888961792
037589,0.943115234375,0.9513700604438782,0.5359453558921814,0.7865951061248779
037590,0.61328125,0.6173650622367859,0.6327316761016846,0.6506248116493225
037592,0.344482421875,0.4171420931816101,0.31885725259780884,0.6816536784172058
037593,0.469970703125,0.47603029012680054,0.4431702494621277,0.5389479398727417
037594,0.957763671875,0.9583424925804138,0.7236568927764893,0.6906453967094421
037595,0.518798828125,0.5546321868896484,1.0,0.9605666399002075
037596,0.943359375,0.9492368102073669,0.7371450066566467,0.7275872230529785
037597,0.712158203125,0.7124768495559692,0.8569586873054504,0.8227651119232178
037598,0.2774251401424408,0.35242438316345215,0.23532335460186005,0.3704565465450287
037601,0.968017578125,0.9680488109588623,1.0,0.8695058822631836
037602,0.510498046875,0.5159695744514465,0.49935534596443176,0.6462231278419495
037603,0.959228515625,0.9597475528717041,0.7631344795227051,0.7430521249771118
037606,0.08984375,0.254525363445282,0.10187789052724838,0.48099854588508606
037607,0.956298828125,0.9572257995605469,0.8195018768310547,0.6067792177200317
037611,0.0,0.07304687798023224,0.0,0.306367427110672
037613,0.9668782353401184,0.9675235748291016,0.7810032963752747,0.818583071231842
037614,0.957763671875,0.9584859609603882,0.7236568927764893,0.7591019868850708
037616,0.556884765625,0.6043307185173035,0.4431702494621277,0.7015393376350403
037617,0.968017578125,0.9680637121200562,1.0,0.9344626069068909
037618,0.968017578125,0.9680619835853577,1.0,0.9394530057907104
037622,0.956298828125,0.9591259956359863,1.0,0.9114230275154114
037623,0.9673665165901184,0.9676135182380676,0.8748590350151062,0.7370743155479431
037624,0.968017578125,0.9680668115615845,1.0,0.8935937285423279
037625,0.968017578125,0.9680620431900024,1.0,0.9774975180625916
037626,0.947998046875,0.9522981643676758,0.8348100185394287,0.8943761587142944
037628,0.9673665165901184,0.9675366282463074,1.0,0.9956884384155273
037630,0.23828125,0.24653320014476776,0.8344475626945496,0.9061827659606934
037631,0.957763671875,0.9584323167800903,0.7236568927764893,0.693328320980072
037632,0.9507649540901184,0.9565850496292114,0.7292529344558716,0.8241049647331238
037633,0.9388020634651184,0.9388020634651184,0.7410414814949036,0.7260910272598267
037634,0.450927734375,0.462415486574173,0.39804574847221375,0.6923589706420898
037637,0.580322265625,0.580322265625,1.0,0.8404207229614258
037639,0.943115234375,0.9498555660247803,0.7475366592407227,0.7589017152786255
037640,0.943115234375,0.948979377746582,0.6126077175140381,0.6097407937049866
037641,0.968017578125,0.9680608510971069,1.0,0.9125035405158997
037642,0.968017578125,0.9680589437484741,1.0,0.9303215146064758
037644,0.940673828125,0.9477918148040771,0.5046601295471191,0.49907222390174866
037645,0.263671875,0.3923095166683197,0.15307211875915527,0.46748197078704834
037646,0.962158203125,0.9624161124229431,0.9625431895256042,0.832254946231842
037647,0.432373046875,0.43823471665382385,0.4040961265563965,0.6425908207893372
037649,0.659423828125,0.6617597937583923,0.6764605641365051,0.6049273610115051
037651,0.706298828125,0.7093254923820496,0.6245770454406738,0.6921371221542358
037652,0.488037109375,0.5653098821640015,0.2856633961200714,0.42244890332221985
037653,0.150390625,0.24497929215431213,0.10344710201025009,0.25040337443351746
037654,0.706298828125,0.7111073136329651,0.7139173746109009,0.8111191391944885
037657,0.712158203125,0.7123438715934753,0.8569586873054504,0.7669215798377991
037660,0.366455078125,0.3776019811630249,0.3265250623226166,0.57844477891922
037661,0.951171875,0.9596306085586548,0.694340705871582,0.8470038175582886
037663,0.469970703125,0.477470338344574,0.3877114951610565,0.5239419937133789
037664,0.5694172978401184,0.5769966840744019,0.4635950028896332,0.5987526178359985
037665,0.455078125,0.5708192586898804,0.23873552680015564,0.5963865518569946
037666,0.580322265625,0.6214262843132019,0.4618985950946808,0.5111119747161865
037667,0.606689453125,0.6434220671653748,0.5334192514419556,0.7662734389305115
037668,0.568359375,0.5807768106460571,0.3899376392364502,0.6760401129722595
037669,0.3599446713924408,0.44960275292396545,0.26257050037384033,0.48448172211647034
037670,0.951904296875,0.956585705280304,0.7122209072113037,0.7037708163261414
037671,0.9673665165901184,0.9677584767341614,0.8748590350151062,0.7845125198364258
037672,0.518798828125,0.518798828125,1.0,1.0
037674,0.531982421875,0.5874040126800537,0.48571667075157166,0.7603391408920288
037675,0.9375,0.9476093053817749,0.5364049673080444,0.6378632187843323
037676,0.2122395932674408,0.3197133541107178,0.257824569940567,0.5733678936958313
037678,0.968017578125,0.9680561423301697,1.0,0.9856515526771545
037679,0.9668782353401184,0.9675682783126831,0.7810032963752747,0.776768147945404
037680,0.966796875,0.9672592282295227,0.7653606534004211,0.6886762976646423
037681,0.9375,0.9454288482666016,0.5364049673080444,0.5625888109207153
037682,0.300537109375,0.38718661665916443,0.2163846641778946,0.5941768288612366
037683,0.48828125,0.48891326785087585,0.5307213068008423,0.6443800926208496
037684,0.4375,0.5195026397705078,0.30545666813850403,0.5216286778450012
037685,0.393798828125,0.448916494846344,0.2789551615715027,0.47602376341819763
037686,0.344482421875,0.4149385988712311,0.38908666372299194,0.5627339482307434
037687,0.146728515625,0.2423684298992157,0.17022593319416046,0.4155530631542206
037689,0.966796875,0.9670867919921875,0.8748388290405273,0.9589124917984009
037690,0.962158203125,0.962458610534668,0.9625431895256042,0.8148410320281982
037692,0.659423828125,0.6613550186157227,0.8254533410072327,0.8380223512649536
037693,0.95703125,0.9574829936027527,0.8046074509620667,0.6814727187156677
037694,0.701904296875,0.7026767730712891,0.8110315203666687,0.8240687847137451
037696,0.966796875,0.9673106074333191,0.7653606534004211,0.8063521981239319
037697,0.9673665165901184,0.9677426218986511,1.0,0.9527080059051514
037698,0.9466145634651184,0.9524606466293335,0.6615661382675171,0.7089993953704834
037699,0.959228515625,0.9598154425621033,0.7631344795227051,0.7727777361869812
037701,0.267578125,0.29229736328125,0.41934773325920105,0.4266078472137451
037704,0.61328125,0.6217942833900452,0.4536360800266266,0.6630415916442871
037705,0.9673665165901184,0.9675716757774353,1.0,0.8836542367935181
037706,0.1106770858168602,0.29682761430740356,0.07485900819301605,0.44711145758628845
037707,0.267578125,0.3769093155860901,0.16945679485797882,0.45350879430770874
037708,0.432373046875,0.44021427631378174,0.4618985950946808,0.5818247199058533
037709,0.4375,0.4621643126010895,0.2503223121166229,0.2765618860721588
037710,0.659423828125,0.6622829437255859,0.6764605641365051,0.6738806366920471
037712,0.951171875,0.9581437706947327,0.6074502468109131,0.7933632731437683
037714,0.14453125,0.23093801736831665,0.14805001020431519,0.40593963861465454
037715,0.943115234375,0.9481869339942932,0.7475366592407227,0.7431502342224121
037716,0.9668782353401184,0.9675140976905823,0.892719030380249,0.9628224968910217
037718,0.951171875,0.9565293192863464,0.6074502468109131,0.6268606781959534
037719,0.3059895932674408,0.36931324005126953,0.4357588291168213,0.7345935106277466
037721,0.968017578125,0.9680559635162354,1.0,0.8901661038398743
037722,0.560546875,0.566479504108429,0.4981783330440521,0.3675057888031006
037723,0.304931640625,0.4342772364616394,0.22860826551914215,0.47907447814941406
037724,0.323974609375,0.41680222749710083,0.2550044059753418,0.5093883872032166
037726,0.947998046875,0.9560582041740417,0.5985158681869507,0.8670111894607544
037728,0.9673665165901184,0.9676922559738159,0.8748590350151062,0.7582188844680786
037730,0.943359375,0.9463545680046082,0.5284951329231262,0.46448519825935364
037731,0.505615234375,0.5149232745170593,0.427834689617157,0.659355878829956
037733,0.957763671875,0.9582883715629578,0.8271697163581848,0.8073660135269165
037735,0.9673665165901184,0.9677152037620544,1.0,0.9217208623886108
037736,0.9507649540901184,0.9519158005714417,0.8898733854293823,0.7606095671653748
037737,0.431884765625,0.4755933880805969,0.4763599932193756,0.6060859560966492
037738,0.9388020634651184,0.9424641728401184,0.6763683557510376,0.6685585975646973
037739,0.956298828125,0.9599756598472595,0.8195018768310547,0.8488953709602356
037740,0.5757649540901184,0.5793442726135254,0.5708760023117065,0.6100418567657471
037741,0.580322265625,0.6174545288085938,0.4040961265563965,0.5011441111564636
037742,0.580322265625,0.6019129753112793,0.4618985950946808,0.409143328666687
037746,0.556884765625,0.6194634437561035,0.3877114951610565,0.6846491098403931
037748,0.25390625,0.3266703188419342,0.39664164185523987,0.6934172511100769
037750,0.947998046875,0.9535760879516602,0.6841284036636353,0.6667117476463318
037751,0.701171875,0.70941162109375,0.5150786638259888,0.6553732752799988
037752,0.633056640625,0.637663722038269,0.715326726436615,0.78745037317276
037753,0.953369140625,0.9558685421943665,0.7479812502861023,0.6728047728538513
037754,0.9375,0.939654529094696,0.7171369194984436,0.7515054941177368
037759,0.02083333395421505,0.2517750859260559,0.017880165949463844,0.4853159189224243
037760,0.0,0.0234375,0.0,0.0783979669213295
037761,0.166259765625,0.2718009948730469,0.14805001020431519,0.4130646884441376
037764,0.659423828125,0.6628559231758118,0.6764605641365051,0.7650147080421448
037765,0.701171875,0.705161988735199,0.5887562036514282,0.56798255443573
037767,0.432373046875,0.44028985500335693,0.4040961265563965,0.5357284545898438
037768,0.9444172978401184,0.9519479870796204,0.6219719052314758,0.753226637840271
037769,0.940673828125,0.9480087757110596,0.7038999795913696,0.7856533527374268
037774,0.166259765625,0.3001103401184082,0.22745199501514435,0.6346064209938049
037775,0.953369140625,0.9586047530174255,0.7479812502861023,0.9017921090126038
037776,0.947998046875,0.9534136056900024,0.8348100185394287,0.8976736068725586
037777,0.518798828125,0.5927442312240601,0.3716495931148529,0.6851029992103577
037778,0.9673665165901184,0.967822253704071,0.8748590350151062,0.8886384963989258
037779,0.659423828125,0.663520336151123,0.5918076038360596,0.7142764925956726
037781,0.374755859375,0.4803484082221985,0.28309693932533264,0.6542134881019592
037782,0.520263671875,0.5211536884307861,0.5620065331459045,0.757357656955719
037783,0.450927734375,0.4573332667350769,0.48571667075157166,0.5710463523864746
037784,0.9673665165901184,0.9678100347518921,0.8748590350151062,0.9091996550559998
037787,0.703369140625,0.7035675048828125,0.7838867902755737,0.7100003957748413
037791,0.633056640625,0.6373109221458435,0.715326726436615,0.729306697845459
037792,0.9668782353401184,0.9668782353401184,1.0,1.0
037793,0.956298828125,0.961033284664154,0.8195018768310547,0.7908257246017456
037794,0.966796875,0.9674354791641235,0.7653606534004211,0.7549540996551514
037797,0.606689453125,0.6260533332824707,0.6509066820144653,0.6329579949378967
037799,0.967041015625,0.9674993753433228,0.9284793138504028,0.8523621559143066
037800,0.959228515625,0.9599993228912354,0.7631344795227051,0.8397058844566345
037803,0.499755859375,0.5757912397384644,0.4098700284957886,0.6744842529296875
037806,0.953369140625,0.9592105746269226,0.7479812502861023,0.9137769341468811
037807,0.967041015625,0.9675123691558838,0.8122885227203369,0.8336111903190613
037808,0.374755859375,0.4469052255153656,0.3454500138759613,0.6685006618499756
037811,0.61328125,0.6189268827438354,0.4536360800266266,0.5665717124938965
037812,0.712158203125,0.7125479578971863,0.7497180104255676,0.7886020541191101
037815,0.9507649540901184,0.9543047547340393,0.8898733854293823,0.8228651881217957
037816,0.300537109375,0.37867608666419983,0.24733662605285645,0.6345585584640503
037818,0.9673665165901184,0.9678439497947693,0.8748590350151062,0.9695132970809937
037819,0.967041015625,0.9675446152687073,0.8122885227203369,0.7622630596160889
037820,0.304931640625,0.43599170446395874,0.2789600193500519,0.672646701335907
037822,0.261474609375,0.3231979310512543,0.2789600193500519,0.4753230810165405
037824,0.967041015625,0.967823326587677,0.8122885227203369,0.8491285443305969
037826,0.712158203125,0.71269291639328,0.7497180104255676,0.867509663105011
037827,0.9673665165901184,0.9676823616027832,1.0,0.9639967083930969
037828,0.95703125,0.9577842950820923,0.8046074509620667,0.851874053478241
037829,0.968017578125,0.9680519104003906,1.0,0.8687800765037537
037830,0.946533203125,0.9537572264671326,0.6577322483062744,0.6916792392730713
037832,0.959228515625,0.9596351385116577,0.8722942471504211,0.7755059599876404
037833,0.957763671875,0.9584820866584778,0.7236568927764893,0.7786164879798889
037835,0.9444172978401184,0.9559500217437744,0.544137716293335,0.6042965650558472
037836,0.951904296875,0.9534363746643066,0.7122209072113037,0.5680066347122192
037838,0.9668782353401184,0.9672785401344299,0.892719030380249,0.8933749794960022
037839,0.510498046875,0.5135450959205627,0.6093400716781616,0.644907534122467
037841,0.962158203125,0.9626052975654602,0.8420895934104919,0.9214558005332947
037842,0.968017578125,0.9680641889572144,1.0,0.9292514324188232
037844,0.967041015625,0.9674180746078491,0.8122885227203369,0.7653873562812805
037847,0.953369140625,0.957205593585968,0.6543781161308289,0.6560574769973755
037849,0.968017578125,0.9680474400520325,1.0,0.9523065686225891
037850,0.9668782353401184,0.9676182866096497,0.7810032963752747,0.8230250477790833
037851,0.47265625,0.4869384765625,0.8178747296333313,0.8535547852516174
037853,0.962158203125,0.9625642895698547,0.8420895934104919,0.8407043218612671
037855,0.9673665165901184,0.9677293300628662,0.8748590350151062,0.8254319429397583
037858,0.606689453125,0.6418303847312927,0.5334192514419556,0.7123540639877319
037861,0.946533203125,0.9551343321800232,0.6577322483062744,0.8021483421325684
037862,0.940673828125,0.9502564668655396,0.5046601295471191,0.6531113386154175
037863,0.3599446713924408,0.4241340756416321,0.26257050037384033,0.5565506219863892
037865,0.568359375,0.5807743668556213,0.3899376392364502,0.7421408891677856
037866,0.968017578125,0.9680593609809875,1.0,0.9655464291572571
037867,0.47265625,0.48253312706947327,0.3430097699165344,0.5036773085594177
037868,0.968017578125,0.9680432081222534,1.0,0.8660877346992493
037869,0.957763671875,0.958132803440094,0.7236568927764893,0.604555606842041
037870,0.962158203125,0.9625247716903687,0.8420895934104919,0.813239336013794
037872,0.9673665165901184,0.9676981568336487,0.8748590350151062,0.7936193346977234
037873,0.518798828125,0.5362052917480469,1.0,1.0
037874,0.9673665165901184,0.9675556421279907,1.0,0.798900306224823
037875,0.556884765625,0.6058045625686646,0.5407800078392029,0.6888644695281982
037876,0.956298828125,0.9591995477676392,0.7169486284255981,0.7026035785675049
037878,0.9673665165901184,0.9675247073173523,0.8748590350151062,0.7049089074134827
037879,0.584228515625,0.5845766663551331,0.7139173746109009,0.6453138589859009
037880,0.9673665165901184,0.9678984880447388,0.8748590350151062,0.9819017052650452
037882,0.951904296875,0.9599968194961548,0.6230928897857666,0.8873012065887451
037884,0.633056640625,0.6388064026832581,0.5862115621566772,0.6535890698432922
037885,0.9444172978401184,0.9537445902824402,0.6219719052314758,0.7628448605537415
037886,0.962158203125,0.9625341892242432,0.8420895934104919,0.7932406663894653
037888,0.39453125,0.40319615602493286,0.37281090021133423,0.6621235609054565
037891,0.703369140625,0.7085747718811035,0.6423966884613037,0.7053112983703613
037892,0.951904296875,0.9546607732772827,0.7122209072113037,0.729216992855072
037893,0.5694172978401184,0.57651287317276,0.4635950028896332,0.5952167510986328
037894,0.968017578125,0.9680764675140381,1.0,0.8297548890113831
037895,0.9673665165901184,0.9679024815559387,0.8748590350151062,0.9608809947967529
037897,0.966796875,0.9677417278289795,0.7653606534004211,0.856582760810852
037898,0.951171875,0.9561672210693359,0.694340705871582,0.8695833683013916
037899,0.520263671875,0.5207732915878296,0.6423966884613037,0.6597684621810913
037900,0.968017578125,0.9680607914924622,1.0,0.9708741903305054
037901,0.0,0.02083333395421505,0.0,0.09614714980125427
037902,0.940673828125,0.9493856430053711,0.7038999795913696,0.9207720160484314
037903,0.706298828125,0.7101408839225769,0.6245770454406738,0.7047738432884216
037904,0.706298828125,0.7111295461654663,0.6245770454406738,0.8306968808174133
037905,0.968017578125,0.9680764675140381,1.0,0.9090754389762878
037907,0.518798828125,0.5926108956336975,0.4535067081451416,0.6870286464691162
037908,0.701904296875,0.7077496647834778,0.6066363453865051,0.6848981380462646
037909,0.962158203125,0.9626873135566711,0.8420895934104919,0.9589845538139343
037910,0.9673665165901184,0.9675891995429993,0.8748590350151062,0.6834344863891602
037911,0.9375,0.9433568716049194,0.7171369194984436,0.7549706697463989
037912,0.9375,0.9375,0.5364049673080444,0.4667191803455353
037914,0.0625,0.0625,0.23463936150074005,0.23463936150074005
037919,0.556884765625,0.5800177454948425,0.8308104276657104,0.723915696144104
037920,0.450927734375,0.4552479684352875,0.48571667075157166,0.47536471486091614
037922,0.5694172978401184,0.578040361404419,0.5657033920288086,0.6282731294631958
037923,0.14453125,0.2732316255569458,0.16220630705356598,0.45202508568763733
037927,0.518798828125,0.5501901507377625,0.6967307925224304,0.5656523704528809
037928,0.5757649540901184,0.5791133046150208,0.6966133713722229,0.6883268356323242
037930,0.967041015625,0.9678232073783875,0.8122885227203369,0.8659025430679321
037931,0.4375,0.44140625,0.30545666813850403,0.2968454658985138
037932,0.9375,0.9477718472480774,0.5364049673080444,0.5797626376152039
037933,0.968017578125,0.968063473701477,1.0,0.9506340026855469
037934,0.956298828125,0.9593415856361389,0.8195018768310547,0.8005499243736267
037935,0.967041015625,0.9674705266952515,0.9284793138504028,0.8048396706581116
037936,0.9673665165901184,0.9676487445831299,0.8748590350151062,0.7780206799507141
037937,0.9668782353401184,0.9673004150390625,0.892719030380249,0.770094096660614
037938,0.968017578125,0.9680467844009399,1.0,0.9122800230979919
037940,0.968017578125,0.9680548310279846,1.0,0.9028294682502747
037941,0.9444172978401184,0.9513933658599854,0.7589633464813232,0.6808198690414429
037943,0.943115234375,0.9500749707221985,0.7475366592407227,0.8628901839256287
037944,0.47265625,0.514270544052124,0.8178747296333313,0.9163349270820618
037945,0.951904296875,0.9577351212501526,0.7122209072113037,0.8645568490028381
037947,0.08203125,0.16623759269714355,0.11613046377897263,0.2959909439086914
037949,0.606689453125,0.6505448818206787,0.5334192514419556,0.789789617061615
037952,0.584228515625,0.5846174955368042,0.7139173746109009,0.722449541091919
037953,0.344482421875,0.39922595024108887,0.2789551615715027,0.5215469002723694
037954,0.962158203125,0.9623439311981201,0.9625431895256042,0.9408071041107178
037955,0.701904296875,0.7071680426597595,0.7402501106262207,0.8457480072975159
037956,0.943115234375,0.954566240310669,0.6126077175140381,0.7422507405281067
037958,0.951904296875,0.9546756148338318,0.7122209072113037,0.6405850052833557
037959,0.261474609375,0.3492013216018677,0.20000000298023224,0.40488019585609436
037960,0.25390625,0.3419722318649292,0.21157628297805786,0.4040353298187256
037961,0.947998046875,0.9560139775276184,0.5985158681869507,0.7982790470123291
037962,0.956298828125,0.9603598117828369,0.7169486284255981,0.7891168594360352
037963,0.03125,0.06640625,0.15273310244083405,0.43367671966552734
037966,0.701171875,0.7097882032394409,0.5150786638259888,0.7815646529197693
037968,0.531982421875,0.5928977727890015,0.39804574847221375,0.628960907459259
037969,0.0625,0.19611816108226776,0.07171369343996048,0.3326732814311981
037970,0.518798828125,0.5508678555488586,1.0,0.9954716563224792
037972,0.263671875,0.37396347522735596,0.37880125641822815,0.7557695508003235
037973,0.3599446713924408,0.4188365340232849,0.5626510977745056,0.7655771970748901
037974,0.2122395932674408,0.28805872797966003,0.23532335460186005,0.5135431885719299
037975,0.23046875,0.31450265645980835,0.214540034532547,0.5634820461273193
037976,0.659423828125,0.6613612771034241,0.8254533410072327,0.848701000213623
037977,0.943115234375,0.9513061046600342,0.6126077175140381,0.7189499139785767
037978,0.508056640625,0.5114187002182007,0.6509066820144653,0.6347531080245972
037979,0.431884765625,0.46673619747161865,0.7318407297134399,0.8137173652648926
037980,0.267578125,0.28973716497421265,0.41934773325920105,0.4871521294116974
037981,0.967041015625,0.967580258846283,0.9284793138504028,0.9262533187866211
037987,0.947998046875,0.9518965482711792,0.8348100185394287,0.7989053726196289
037988,0.712158203125,0.7125927209854126,0.7497180104255676,0.8399378061294556
037989,0.556884765625,0.6202316284179688,0.4431702494621277,0.7650448679924011
037990,0.580322265625,0.604956865310669,0.86592036485672,0.8399911522865295
037993,0.968017578125,0.9680577516555786,1.0,0.9862716197967529
037994,0.953369140625,0.9588342905044556,0.7479812502861023,0.7937771677970886
037995,0.9673665165901184,0.9678440093994141,0.8748590350151062,0.9481357932090759
038000,0.488037109375,0.5579839944839478,0.6121358871459961,0.6864793300628662
038001,0.146728515625,0.146728515625,0.7579237222671509,0.7579237222671509
038002,0.967041015625,0.9674896597862244,0.8122885227203369,0.7581660747528076
038003,0.967041015625,0.967474639415741,0.9284793138504028,0.7925747632980347
038004,0.968017578125,0.9680630564689636,1.0,0.9319355487823486
038005,0.9668782353401184,0.9675484895706177,0.7810032963752747,0.8467845916748047
038006,0.633056640625,0.6388766765594482,0.5862115621566772,0.7754437923431396
038007,0.957763671875,0.9586661458015442,0.7236568927764893,0.8522290587425232
038008,0.3059895932674408,0.3366182744503021,0.3107593357563019,0.38011083006858826
038009,0.197998046875,0.33278578519821167,0.13742950558662415,0.3840748071670532
038010,0.9668782353401184,0.9672817587852478,0.892719030380249,0.9240550398826599
038013,0.431884765625,0.48518404364585876,0.390377938747406,0.7123379111289978
038014,0.959228515625,0.9594697952270508,0.8722942471504211,0.7759549617767334
038016,0.9673665165901184,0.9679077863693237,0.8748590350151062,0.915999710559845
038017,0.432373046875,0.43862971663475037,0.4618985950946808,0.6161091923713684
038018,0.953369140625,0.9574298858642578,0.912726640701294,0.846167802810669
038021,0.9673665165901184,0.9675794839859009,1.0,0.9427335262298584
038022,0.946533203125,0.9543507099151611,0.6577322483062744,0.8538303375244141
038023,0.9507649540901184,0.9537314176559448,0.8898733854293823,0.7758041024208069
038024,0.518798828125,0.5737557411193848,0.6967307925224304,0.9053908586502075
038027,0.946533203125,0.9549194574356079,0.6577322483062744,0.813630998134613
038028,0.962158203125,0.9625570178031921,0.8420895934104919,0.7999033331871033
038029,0.4375,0.5736786723136902,0.2503223121166229,0.4961075186729431
038030,0.9507649540901184,0.9564198851585388,0.6379934549331665,0.8250094056129456
038031,0.3599446713924408,0.3599446713924408,0.36623337864875793,0.3135024309158325
038032,0.9673665165901184,0.96756511926651,0.8748590350151062,0.7136589288711548
038034,0.9668782353401184,0.9674910306930542,0.7810032963752747,0.7235484719276428
038035,0.659423828125,0.6642261147499084,0.5918076038360596,0.6938371658325195
038036,0.365234375,0.42045527696609497,0.4972013831138611,0.49024254083633423
038037,0.365234375,0.4447425901889801,0.3236317038536072,0.6131800413131714
038038,0.633056640625,0.6343063116073608,0.715326726436615,0.6315492391586304
038041,0.568359375,0.5808188915252686,0.3899376392364502,0.6613547801971436
038043,0.9673665165901184,0.9677312970161438,0.8748590350151062,0.9073271155357361
038047,0.943115234375,0.9519262909889221,0.6126077175140381,0.8119641542434692
038051,0.9668782353401184,0.9673876762390137,0.7810032963752747,0.7697263360023499
038052,0.943115234375,0.9547117352485657,0.5359453558921814,0.7217639684677124
038054,0.9507649540901184,0.9565751552581787,0.6379934549331665,0.7443671226501465
038058,0.25390625,0.25390625,0.5692896842956543,0.5692896842956543
038059,0.95703125,0.9579939842224121,0.7039180397987366,0.8261402249336243
038061,0.47265625,0.4767366945743561,0.3430097699165344,0.33809271454811096
038063,0.953369140625,0.9591720104217529,0.7479812502861023,0.882162868976593
038064,0.4375,0.4775608777999878,0.30545666813850403,0.3261530101299286
038065,0.951904296875,0.9599818587303162,0.6230928897857666,0.8062388300895691
038066,0.9673665165901184,0.9678472876548767,0.8748590350151062,0.9362067580223083
038068,0.393798828125,0.4672030210494995,0.2789551615715027,0.6258530020713806
038069,0.150390625,0.28398895263671875,0.10344710201025009,0.3518240749835968
038071,0.490234375,0.5415953397750854,0.38805168867111206,0.41069406270980835
038072,0.44921875,0.5311050415039062,0.2682024836540222,0.45547720789909363
038075,0.968017578125,0.9680774807929993,1.0,0.8874039649963379
038078,0.197998046875,0.3345482349395752,0.13742950558662415,0.5476877689361572
038080,0.16796875,0.2546510398387909,0.12923716008663177,0.30182865262031555
038083,0.4778645932674408,0.4830753803253174,0.4055802822113037,0.5509458184242249
038084,0.21875,0.3067725896835327,0.13817155361175537,0.28811222314834595
038085,0.567138671875,0.6402494311332703,0.37281090021133423,0.6740981936454773
038086,0.9673665165901184,0.967718243598938,0.8748590350151062,0.8284406065940857
038087,0.4375,0.575927734375,0.21899673342704773,0.4754704535007477
038088,0.967041015625,0.9676083326339722,0.8122885227203369,0.8457967638969421
038089,0.150390625,0.2505645751953125,0.12623168528079987,0.3849007785320282
038090,0.951171875,0.9542480707168579,0.8472716808319092,0.8600278496742249
038091,0.701171875,0.7069674730300903,0.5150786638259888,0.5392805933952332
038092,0.518798828125,0.5709204077720642,0.6967307925224304,0.8433212637901306
038095,0.19921875,0.32789716124534607,0.16092148423194885,0.5550371408462524
038097,0.9444172978401184,0.9499343037605286,0.6698823571205139,0.8312050700187683
038103,0.323974609375,0.3859955966472626,0.5520787835121155,0.7557572722434998
038104,0.703369140625,0.707419753074646,0.6423966884613037,0.7557654976844788
038105,0.47265625,0.48304641246795654,0.3430097699165344,0.5200532674789429
038107,0.94140625,0.9476348757743835,0.7200049757957458,0.6876859664916992
038108,0.9507649540901184,0.9538249969482422,0.8898733854293823,0.8442713022232056
038109,0.95703125,0.957426905632019,0.7039180397987366,0.6008685231208801
038111,0.633056640625,0.6398775577545166,0.5862115621566772,0.6672583818435669
038116,0.571533203125,0.5789675116539001,0.49935534596443176,0.6727369427680969
038121,0.951904296875,0.9543075561523438,0.7122209072113037,0.5825011730194092
038122,0.568359375,0.5753021240234375,0.4457148313522339,0.4752596914768219
038123,0.9673665165901184,0.9677644968032837,1.0,0.9583956003189087
038124,0.951904296875,0.9556539058685303,0.8690900206565857,0.7944512367248535
038125,0.951171875,0.9564804434776306,0.694340705871582,0.8168174624443054
038126,0.966796875,0.9675564765930176,0.7653606534004211,0.7950853705406189
038127,0.633056640625,0.6381139755249023,0.715326726436615,0.7936840057373047
038129,0.25390625,0.3650953471660614,0.25817668437957764,0.6348004937171936
038130,0.701171875,0.7096869349479675,0.5150786638259888,0.6718966960906982
038131,0.962158203125,0.9626837968826294,0.8420895934104919,0.9343007802963257
038133,0.366455078125,0.37851056456565857,0.2856633961200714,0.6511001586914062
038134,0.560546875,0.6183246374130249,0.4082580804824829,0.6471121311187744
038136,0.32421875,0.3329818844795227,0.2907647490501404,0.4391566812992096
038138,0.946533203125,0.952316403388977,0.6577322483062744,0.6895924806594849
038144,0.490234375,0.58097243309021,0.3180091083049774,0.5049745440483093
038145,0.455078125,0.5161073207855225,0.33298835158348083,0.3918275237083435
038146,0.469970703125,0.4752386212348938,0.3877114951610565,0.44181573390960693
038147,0.9668782353401184,0.9673742055892944,0.892719030380249,0.8582421541213989
038148,0.9673665165901184,0.9677863121032715,0.8748590350151062,0.9020950198173523
038149,0.962158203125,0.9624634981155396,0.8420895934104919,0.8030788898468018
038150,0.968017578125,0.968077540397644,1.0,0.9691463112831116
038151,0.968017578125,0.9680447578430176,1.0,0.8696920871734619
038152,0.606689453125,0.6370634436607361,0.5334192514419556,0.6171018481254578
038154,0.953369140625,0.956564724445343,0.912726640701294,0.7719234824180603
038155,0.943359375,0.9520445466041565,0.6040917634963989,0.6385583281517029
038157,0.9673665165901184,0.9676713347434998,1.0,0.9337631464004517
038158,0.962158203125,0.9625043272972107,0.9625431895256042,0.8557938933372498
038160,0.953369140625,0.9573145508766174,0.7479812502861023,0.7077667713165283
038161,0.9507649540901184,0.9555326700210571,0.7292529344558716,0.793595016002655
038164,0.571533203125,0.5780948996543884,0.6093400716781616,0.774370014667511
038165,0.968017578125,0.9680425524711609,1.0,0.9165133833885193
038166,0.959228515625,0.9597899317741394,0.7631344795227051,0.8131561875343323
038167,0.323974609375,0.323974609375,0.7591918706893921,0.7591918706893921
038174,0.703369140625,0.7102566957473755,0.6423966884613037,0.7842570543289185
038176,0.951904296875,0.9578165411949158,0.8690900206565857,0.8886295557022095
038177,0.943115234375,0.9511694312095642,0.5359453558921814,0.6557705402374268
038178,0.9444172978401184,0.951697587966919,0.6219719052314758,0.6614682078361511
038179,0.712158203125,0.7125105857849121,0.7497180104255676,0.7852495908737183
038180,0.9668782353401184,0.9675061702728271,0.7810032963752747,0.8522775769233704
038181,0.5757649540901184,0.5791382789611816,0.6966133713722229,0.67415452003479
038182,0.956298828125,0.9610878825187683,0.8195018768310547,0.8954648971557617
038183,0.943359375,0.9557240605354309,0.5284951329231262,0.7007942795753479
038185,0.9668782353401184,0.9677620530128479,0.7810032963752747,0.83107590675354
038187,0.953369140625,0.9572741985321045,0.7479812502861023,0.719555675983429
038188,0.9507649540901184,0.9539428949356079,0.6379934549331665,0.5812806487083435
038189,0.659423828125,0.66208815574646,0.5918076038360596,0.5582779049873352
038190,0.2122395932674408,0.2388255000114441,0.19284793734550476,0.21396543085575104
038193,0.503173828125,0.5163849592208862,0.3920743465423584,0.6299847364425659
038194,0.455078125,0.516693115234375,0.5907889604568481,0.7057216763496399
038196,0.946533203125,0.9484672546386719,0.8793432712554932,0.7738438248634338
038197,0.9388020634651184,0.9496248960494995,0.48492133617401123,0.6015751957893372
038198,0.967041015625,0.9676926136016846,0.8122885227203369,0.8243632316589355
038204,0.197998046875,0.2306351661682129,0.42267662286758423,0.44088658690452576
038205,0.962158203125,0.962367594242096,0.9625431895256042,0.7888853549957275
038208,0.4375,0.5386725664138794,0.21899673342704773,0.4963756799697876
038209,0.520263671875,0.5209554433822632,0.5620065331459045,0.6389973163604736
038211,0.505615234375,0.5124552845954895,0.427834689617157,0.47945070266723633
038212,0.304931640625,0.38460594415664673,0.22860826551914215,0.34416133165359497
038213,0.956298828125,0.9596811532974243,0.8195018768310547,0.8506531715393066
038216,0.9673665165901184,0.967893660068512,0.8748590350151062,0.8304251432418823
038217,0.556884765625,0.5989633202552795,0.5407800078392029,0.7450475692749023
038218,0.304931640625,0.4124285578727722,0.22860826551914215,0.4889277219772339
038219,0.703369140625,0.7072954177856445,0.5620065331459045,0.5318995118141174
038220,0.323974609375,0.42483237385749817,0.340923547744751,0.5702707171440125
038222,0.212890625,0.3148130476474762,0.11359453201293945,0.27424952387809753
038227,0.469970703125,0.47740769386291504,0.5407800078392029,0.6475614905357361
038228,0.968017578125,0.9680676460266113,1.0,0.9343249797821045
038232,0.466064453125,0.5683533549308777,0.25437816977500916,0.5577784776687622
038233,0.47265625,0.5333600044250488,0.2659246027469635,0.4045400321483612
038240,0.966796875,0.9673457741737366,0.7653606534004211,0.6961557865142822
038241,0.962158203125,0.9625784158706665,0.8420895934104919,0.8680465221405029
038242,0.374755859375,0.4392489790916443,0.3454500138759613,0.47251275181770325
038243,0.518798828125,0.5786086320877075,0.6967307925224304,0.9269776940345764
038244,0.956298828125,0.9583607912063599,0.8195018768310547,0.6993257999420166
038245,0.51953125,0.5566374659538269,0.45818498730659485,0.47559604048728943
038247,0.23828125,0.36930665373802185,0.14078360795974731,0.4134179651737213
038249,0.946533203125,0.9565696120262146,0.6577322483062744,0.8866967558860779
038250,0.388427734375,0.39987584948539734,0.3716495931148529,0.5863691568374634
038251,0.712158203125,0.7125149965286255,0.8569586873054504,0.7537369728088379
038253,0.9507649540901184,0.955955445766449,0.7292529344558716,0.7376014590263367
038254,0.323974609375,0.39647194743156433,0.3111700117588043,0.5129380226135254
038256,0.2774251401424408,0.41388773918151855,0.1687147468328476,0.45580440759658813
038257,0.967041015625,0.9674558639526367,0.9284793138504028,0.9212096929550171
038259,0.393798828125,0.45976680517196655,0.38908666372299194,0.5419760942459106
038260,0.951904296875,0.9565155506134033,0.6230928897857666,0.5630702972412109
038263,0.966796875,0.9673498868942261,0.8748388290405273,0.932689905166626
038264,0.0625,0.1268484890460968,0.04780912771821022,0.13875606656074524
038266,0.9444172978401184,0.9560563564300537,0.544137716293335,0.8003271222114563
038267,0.939453125,0.9476240277290344,0.5589672327041626,0.5759259462356567
038268,0.366455078125,0.3725954294204712,0.4365417957305908,0.6006984710693359
038269,0.968017578125,0.9680529236793518,1.0,0.9275221228599548
038270,0.520263671875,0.5207474231719971,0.6423966884613037,0.7014060020446777
038271,0.939453125,0.9412841796875,0.5589672327041626,0.43407076597213745
038272,0.9507649540901184,0.9577457308769226,0.6379934549331665,0.8319512605667114
038273,0.951904296875,0.9562960267066956,0.8690900206565857,0.8481691479682922
038274,0.947998046875,0.952429473400116,0.8348100185394287,0.7769762277603149
038277,0.968017578125,0.9680771827697754,1.0,0.958810031414032
038281,0.4375,0.5419690608978271,0.2503223121166229,0.4781233072280884
038282,0.9673665165901184,0.9676739573478699,1.0,0.9668354988098145
038283,0.4778645932674408,0.48484259843826294,0.4055802822113037,0.5936930775642395
038284,0.946533203125,0.9532129168510437,0.6577322483062744,0.709047257900238
038285,0.967041015625,0.9678135514259338,0.8122885227203369,0.9656739234924316
038286,0.9668782353401184,0.967397928237915,0.892719030380249,0.9332852363586426
038287,0.567138671875,0.6063565015792847,0.5199966430664062,0.7338577508926392
038288,0.166259765625,0.2665098309516907,0.16220630705356598,0.4000342786312103
038289,0.94140625,0.9488089084625244,0.5900454521179199,0.6924862861633301
038291,0.9673665165901184,0.967478334903717,1.0,0.7741087079048157
038292,0.94140625,0.9465283751487732,0.7200049757957458,0.7819510102272034
038293,0.966796875,0.9673405885696411,0.8748388290405273,0.9195041060447693
038294,0.967041015625,0.9675249457359314,0.9284793138504028,0.8940324783325195
038296,0.580322265625,0.6309606432914734,0.4618985950946808,0.6003986597061157
038297,0.374755859375,0.4431018829345703,0.28309693932533264,0.45850929617881775
038301,0.967041015625,0.9678232669830322,0.8122885227203369,0.880858838558197
038302,0.9444172978401184,0.9466681480407715,0.7589633464813232,0.5795827507972717
038303,0.9673665165901184,0.9676393270492554,0.8748590350151062,0.8003656268119812
038304,0.9507649540901184,0.9538912773132324,0.8898733854293823,0.8647329211235046
038305,0.365234375,0.4313887059688568,0.4972013831138611,0.5477308630943298
038307,0.953369140625,0.9602277278900146,0.7479812502861023,0.7897611260414124
038309,0.580322265625,0.6423147320747375,0.4618985950946808,0.6289399862289429
038310,0.1875,0.3159011900424957,0.1309099942445755,0.29161712527275085
038311,0.556884765625,0.6202412247657776,0.4431702494621277,0.7881432175636292
038313,0.619873046875,0.6278899312019348,0.4733748733997345,0.6336418390274048
038315,0.9507649540901184,0.953707218170166,0.8898733854293823,0.8658459186553955
038317,0.110107421875,0.21150588989257812,0.10187789052724838,0.29046106338500977
038318,0.9444172978401184,0.9533162117004395,0.544137716293335,0.6292518377304077
038319,0.431884765625,0.4952162206172943,0.390377938747406,0.6545706987380981
038320,0.47265625,0.534103274345398,0.3709116578102112,0.4435378909111023
038321,0.263671875,0.3555716574192047,0.21350501477718353,0.45384618639945984
038322,0.9507649540901184,0.952421247959137,0.7292529344558716,0.612820029258728
038323,0.263671875,0.3485122621059418,0.21350501477718353,0.3818109333515167
038325,0.94140625,0.9463568329811096,0.7200049757957458,0.6463025212287903
038326,0.946533203125,0.9565508961677551,0.575423002243042,0.7941322326660156
038329,0.939453125,0.939453125,1.0,1.0
038330,0.2122395932674408,0.3057343065738678,0.19284793734550476,0.44724783301353455
038332,0.466064453125,0.48151397705078125,0.8656565546989441,0.9010052680969238
038333,0.510498046875,0.5176961421966553,0.49935534596443176,0.6964090466499329
038334,0.9673665165901184,0.9675993323326111,1.0,0.9064446091651917
038335,0.9668782353401184,0.9677659869194031,0.7810032963752747,0.9116145372390747
038336,0.19921875,0.2785649299621582,0.14078360795974731,0.23012033104896545
038337,0.967041015625,0.9674819707870483,0.9284793138504028,0.8659858703613281
038339,0.968017578125,0.9680617451667786,1.0,0.9828264117240906
038340,0.968017578125,0.9680500030517578,1.0,0.8785029649734497
038341,0.967041015625,0.9678077697753906,0.8122885227203369,0.8587196469306946
038342,0.703369140625,0.7074674963951111,0.7838867902755737,0.8162470459938049
038343,0.47265625,0.4850759506225586,0.3430097699165344,0.6085671186447144
038344,0.951171875,0.9576002359390259,0.6074502468109131,0.6188514828681946
038345,0.388427734375,0.39883601665496826,0.3251410126686096,0.5755130648612976
038346,0.701904296875,0.7075576782226562,0.6066363453865051,0.7827253937721252
038347,0.962158203125,0.9625082612037659,0.9625431895256042,0.9233444929122925
038348,0.968017578125,0.9680543541908264,1.0,0.9678942561149597
038349,0.703369140625,0.7091332674026489,0.6423966884613037,0.7998657822608948
038350,0.966796875,0.9671844840049744,0.7653606534004211,0.6442657709121704
038354,0.9673665165901184,0.9677359461784363,1.0,0.9026151895523071
038358,0.939453125,0.9535502195358276,0.489017516374588,0.6111218333244324
038359,0.4375,0.4375,0.33466389775276184,0.33466389775276184
038360,0.510498046875,0.5172157287597656,0.43686550855636597,0.684654176235199
038361,0.659423828125,0.6631940603256226,0.5918076038360596,0.6695317625999451
038362,0.968017578125,0.9680606722831726,1.0,0.8962432742118835
038363,0.2774251401424408,0.39935970306396484,0.19284793734550476,0.6251674890518188
038364,0.967041015625,0.9675619602203369,0.8122885227203369,0.8594621419906616
038369,0.9668782353401184,0.9675351977348328,0.892719030380249,0.8869759440422058
038371,0.947998046875,0.9540766477584839,0.5985158681869507,0.7438315153121948
038372,0.947998046875,0.9514254927635193,0.9146330952644348,0.9340875148773193
038373,0.46875,0.47879254817962646,0.29608190059661865,0.4775203466415405
038374,0.9673665165901184,0.9676187634468079,1.0,0.9211412072181702
038376,0.263671875,0.3625495433807373,0.21350501477718353,0.38059455156326294
038377,0.02083333395421505,0.0797932967543602,0.07821311801671982,0.39996978640556335
038378,0.968017578125,0.9680570960044861,1.0,0.9011451005935669
038379,0.508056640625,0.5093350410461426,0.7131452560424805,0.6916834712028503
038380,0.967041015625,0.9673863649368286,0.9284793138504028,0.8769830465316772
038381,0.9668782353401184,0.9676277041435242,0.7810032963752747,0.8547430634498596
038382,0.508056640625,0.5151012539863586,0.46666663885116577,0.6789169907569885
038384,0.300537109375,0.3501727283000946,0.30181336402893066,0.5126568675041199
038389,0.968017578125,0.9680766463279724,1.0,0.9374693632125854
038390,0.9668782353401184,0.967567503452301,0.7810032963752747,0.7706719636917114
038391,0.968017578125,0.9680283069610596,1.0,0.814900279045105
038394,0.943115234375,0.9511348009109497,0.7475366592407227,0.9219481348991394
038395,0.278564453125,0.3540498614311218,0.39664164185523987,0.6755223274230957
038396,0.508056640625,0.5129882097244263,0.46666663885116577,0.6560283303260803
038397,0.706298828125,0.7072046995162964,0.7139173746109009,0.6490305066108704
038399,0.344482421875,0.3814924955368042,0.690318763256073,0.7733222246170044
038401,0.953369140625,0.959095299243927,0.6543781161308289,0.7269013524055481
038403,0.30078125,0.33265262842178345,0.5307213068008423,0.6336005330085754
038405,0.9668782353401184,0.967398464679718,0.892719030380249,0.829345166683197
038407,0.968017578125,0.9680525660514832,1.0,0.932741641998291
038408,0.940673828125,0.9479938745498657,0.7038999795913696,0.7291211485862732
038409,0.939453125,0.9466001987457275,0.489017516374588,0.47754019498825073
038410,0.9673665165901184,0.9677917957305908,0.8748590350151062,0.8102431297302246
038411,0.951904296875,0.959911048412323,0.7122209072113037,0.8803796768188477
038412,0.03125,0.03125,0.031678736209869385,0.031678736209869385
038414,0.9673665165901184,0.9678938388824463,0.8748590350151062,0.885996401309967
038415,0.968017578125,0.9680770039558411,1.0,0.9783781170845032
038418,0.9668782353401184,0.9673654437065125,0.892719030380249,0.8336485028266907
038420,0.953369140625,0.9547080993652344,1.0,1.0
038423,0.228759765625,0.29043102264404297,0.3198178708553314,0.3800826370716095
038425,0.499755859375,0.538815975189209,0.9037794470787048,0.896300733089447
038426,0.388427734375,0.39186811447143555,0.5650469660758972,0.6353949904441833
038427,0.9673665165901184,0.9677228927612305,1.0,0.8916205763816833
038430,0.44140625,0.44342541694641113,0.45818498730659485,0.4035882353782654
038431,0.94140625,0.9494282007217407,0.5900454521179199,0.6056709289550781
038432,0.9668782353401184,0.9677568674087524,0.7810032963752747,0.8408170342445374
038433,0.39453125,0.3987395167350769,0.37281090021133423,0.3356958329677582
038435,0.953369140625,0.9565202593803406,0.6543781161308289,0.6031100153923035
038436,0.5757649540901184,0.5800351500511169,0.5708760023117065,0.6392403244972229
038437,0.959228515625,0.9597788453102112,0.8722942471504211,0.8095468282699585
038438,0.967041015625,0.9673840999603271,0.8122885227203369,0.6210295557975769
038439,0.12109375,0.24050569534301758,0.10909166932106018,0.3468400835990906
038440,0.943115234375,0.9502679109573364,0.6126077175140381,0.6642051339149475
038442,0.701904296875,0.7079052329063416,0.7402501106262207,0.7857374548912048
038443,0.510498046875,0.5168211460113525,0.49935534596443176,0.6809555292129517
038448,0.9668782353401184,0.9675205945968628,0.7810032963752747,0.8024609088897705
038450,0.393798828125,0.4225195050239563,0.690318763256073,0.6184196472167969
038451,0.706298828125,0.7078937888145447,0.871160089969635,0.7486141920089722
038452,0.966796875,0.967374861240387,0.8748388290405273,0.816450297832489
038453,0.150390625,0.28189942240715027,0.19393208622932434,0.6222984790802002
038454,0.304931640625,0.4087119698524475,0.4285714626312256,0.7221692204475403
038455,0.48828125,0.48905643820762634,0.5307213068008423,0.6698058247566223
038456,0.571533203125,0.57822185754776,0.43686550855636597,0.6464990973472595
038460,0.962158203125,0.9624806642532349,0.9625431895256042,0.9378665685653687
038461,0.9673665165901184,0.9676849842071533,1.0,0.8723471760749817
038463,0.5757649540901184,0.5787854194641113,0.5708760023117065,0.5006154775619507
038465,0.39453125,0.4008621275424957,0.4261382520198822,0.5520208477973938
038468,0.957763671875,0.9582088589668274,0.8271697163581848,0.8388181328773499
038469,0.947998046875,0.95355224609375,0.6841284036636353,0.7276758551597595
038470,0.219970703125,0.26027676463127136,0.34397661685943604,0.358990341424942
038471,0.4375,0.4888332784175873,0.4692787528038025,0.4941271245479584
038475,0.1875,0.23193359375,0.2886616587638855,0.44572821259498596
038476,0.267578125,0.32709845900535583,0.36312174797058105,0.5025014877319336
038478,0.30078125,0.3652954697608948,0.28309693932533264,0.5291382074356079
038479,0.959228515625,0.9596482515335083,0.8722942471504211,0.8865109086036682
038481,0.943359375,0.9455860257148743,0.9184463024139404,0.9758464097976685
038483,0.488037109375,0.5581610798835754,0.398443341255188,0.6997237205505371
038485,0.9668782353401184,0.967590868473053,0.892719030380249,0.9300661087036133
038486,0.956298828125,0.9588025808334351,1.0,0.9031499624252319
038487,0.9673665165901184,0.9677168130874634,0.8748590350151062,0.8486964702606201
038488,0.4375,0.4462890625,0.8609101176261902,0.9138777852058411
038489,0.9673665165901184,0.9676164984703064,1.0,0.8380845189094543
038490,0.967041015625,0.9675547480583191,0.8122885227203369,0.814355731010437
038491,0.956298828125,0.9580658078193665,1.0,0.8213880062103271
038492,0.956298828125,0.9600999355316162,0.8195018768310547,0.8940443992614746
038493,0.2774251401424408,0.35966765880584717,0.4175114035606384,0.6141866445541382
038494,0.9668782353401184,0.9673382639884949,0.892719030380249,0.7625061273574829
038499,0.2044270783662796,0.36109116673469543,0.10949836671352386,0.43300408124923706
038501,0.228759765625,0.37926509976387024,0.12923716008663177,0.5192693471908569
038503,0.712158203125,0.7125489115715027,0.8569586873054504,0.8021621108055115
038504,0.968017578125,0.9680468440055847,1.0,0.8419318199157715
038505,0.23828125,0.4001426696777344,0.14078360795974731,0.4845746159553528
038506,0.957763671875,0.9582198262214661,0.8271697163581848,0.7790454626083374
038508,0.956298828125,0.9603593945503235,0.7169486284255981,0.8946099877357483
038509,0.9466145634651184,0.952192485332489,0.8072783350944519,0.8562847971916199
038510,0.9375,0.9411376714706421,0.7171369194984436,0.7374960780143738
038511,0.967041015625,0.9676878452301025,0.8122885227203369,0.7089614868164062
038512,0.1875,0.3479766845703125,0.1309099942445755,0.45320647954940796
038516,0.968017578125,0.9680764675140381,1.0,0.9738914370536804
038517,0.962158203125,0.9623465538024902,0.9625431895256042,0.8178577423095703
038519,0.968017578125,0.9680682420730591,1.0,0.9591505527496338
038520,0.9673665165901184,0.967545747756958,1.0,0.8405592441558838
038522,0.488037109375,0.561275839805603,0.2856633961200714,0.42634105682373047
038524,0.712158203125,0.7124584317207336,0.7497180104255676,0.7853317260742188
038525,0.9668782353401184,0.9672977328300476,0.892719030380249,0.818922221660614
038526,0.968017578125,0.9680644273757935,1.0,0.8956020474433899
038527,0.968017578125,0.9680624008178711,1.0,0.9251148700714111
038528,0.9673665165901184,0.9679009318351746,0.8748590350151062,0.8691896796226501
038529,0.9668782353401184,0.9677754640579224,0.7810032963752747,0.9250563383102417
038530,0.712158203125,0.7125492095947266,0.8569586873054504,0.8374328017234802
038531,0.951904296875,0.954076886177063,0.8690900206565857,0.81793212890625
038533,0.968017578125,0.9680446982383728,1.0,0.9322171807289124
038534,0.968017578125,0.9680516123771667,1.0,0.9411104917526245
038535,0.956298828125,0.960184633731842,0.8195018768310547,0.8421212434768677
038536,0.9444172978401184,0.9544270038604736,0.544137716293335,0.7937084436416626
038538,0.968017578125,0.9680577516555786,1.0,0.9668808579444885
038539,0.951904296875,0.9538899660110474,0.8690900206565857,0.6995763778686523
038542,0.659423828125,0.6629228591918945,0.5918076038360596,0.7114585041999817
038543,0.968017578125,0.9680768847465515,1.0,0.9423128366470337
038544,0.967041015625,0.9678069353103638,0.8122885227203369,0.8711456656455994
038545,0.953369140625,0.9566202759742737,0.912726640701294,0.8265529274940491
038547,0.518798828125,0.5791661739349365,0.4535067081451416,0.55351722240448
038548,0.943115234375,0.9509068131446838,0.5359453558921814,0.6274377703666687
038550,0.5757649540901184,0.580689013004303,0.5708760023117065,0.7472626566886902
038551,0.518798828125,0.5865574479103088,0.4535067081451416,0.6967602372169495
038552,0.940673828125,0.9461297392845154,0.771205723285675,0.8527020215988159
038553,0.14453125,0.2565017342567444,0.22745199501514435,0.5454320311546326
038554,0.466064453125,0.5879062414169312,0.2907647490501404,0.7295141816139221
038555,0.228759765625,0.3515031039714813,0.14772342145442963,0.3627927601337433
038556,0.520263671875,0.5208058953285217,0.5620065331459045,0.6858476996421814
038557,0.956298828125,0.9592141509056091,1.0,0.8581854701042175
038559,0.304931640625,0.4100610911846161,0.22860826551914215,0.6110556721687317
038561,0.967041015625,0.967499852180481,0.9284793138504028,0.8136311769485474
038562,0.490234375,0.6027812361717224,0.3180091083049774,0.5825402140617371
038564,0.968017578125,0.9680771827697754,1.0,1.0
038565,0.968017578125,0.9680539965629578,1.0,0.9304227828979492
038566,0.388427734375,0.3977956175804138,0.3251410126686096,0.4564480483531952
038568,0.5694172978401184,0.5798603892326355,0.4055802822113037,0.7198964357376099
038569,0.968017578125,0.9680615663528442,1.0,0.9630401730537415
038570,0.951904296875,0.9597839713096619,0.7122209072113037,0.7480497360229492
038571,0.962158203125,0.9626876711845398,0.8420895934104919,0.8719745874404907
038572,0.959228515625,0.9598242044448853,0.8722942471504211,0.8526283502578735
038573,0.968017578125,0.9680467844009399,1.0,0.8190292119979858
038574,0.953369140625,0.957924485206604,0.7479812502861023,0.7909225821495056
038577,0.959228515625,0.9597910642623901,0.8722942471504211,0.923737645149231
038578,0.9444172978401184,0.9530165791511536,0.6219719052314758,0.6974475979804993
038579,0.706298828125,0.7103554606437683,0.6245770454406738,0.7974117398262024
038581,0.967041015625,0.9676076173782349,0.9284793138504028,0.9711300134658813
038582,0.469970703125,0.47994834184646606,0.4431702494621277,0.6688960790634155
038583,0.9507649540901184,0.9565728902816772,0.7292529344558716,0.8417319059371948
038585,0.261474609375,0.3154439926147461,0.49493172764778137,0.6881423592567444
038588,0.659423828125,0.6618471741676331,0.8254533410072327,0.8108404278755188
038589,0.518798828125,0.542923092842102,0.4535067081451416,0.4048576354980469
038590,0.957763671875,0.9583921432495117,0.7236568927764893,0.7585650682449341
038591,0.5694172978401184,0.5752817392349243,0.5657033920288086,0.707388162612915
038593,0.968017578125,0.9680435061454773,1.0,0.9168594479560852
038594,0.571533203125,0.5766593217849731,0.6676040887832642,0.7345333695411682
038596,0.947998046875,0.9536163806915283,0.8348100185394287,0.8200923800468445
038597,0.953369140625,0.9590854644775391,0.6543781161308289,0.8532821536064148
038600,0.9507649540901184,0.9560011029243469,0.7292529344558716,0.8752359747886658
038601,0.9673665165901184,0.9676831960678101,1.0,0.950138509273529
038603,0.9668782353401184,0.9676779508590698,0.7810032963752747,0.8984910249710083
038604,0.953369140625,0.9579638242721558,0.912726640701294,0.9758694171905518
038605,0.488037109375,0.5920863747596741,0.2856633961200714,0.49684327840805054
038606,0.967041015625,0.967620849609375,0.8122885227203369,0.8960487246513367
038607,0.9673665165901184,0.9677173495292664,0.8748590350151062,0.8782044053077698
038608,0.701904296875,0.7087088823318481,0.5307213068008423,0.749476432800293
038610,0.962158203125,0.9625480771064758,0.8420895934104919,0.8669517040252686
038611,0.957763671875,0.9586551189422607,0.7236568927764893,0.8593900203704834
038612,0.23828125,0.2559640109539032,0.7039180994033813,0.8603442907333374
038613,0.946533203125,0.9529973268508911,0.8026000261306763,0.8558074831962585
038615,0.260498046875,0.3506077527999878,0.34397661685943604,0.5652199983596802
038617,0.431884765625,0.47149112820625305,0.4763599932193756,0.592311680316925
038618,0.366455078125,0.3764525055885315,0.3265250623226166,0.5662878155708313
038619,0.4375,0.525136411190033,0.30545666813850403,0.5011492371559143
038621,0.567138671875,0.6130267381668091,0.7988805174827576,0.7309080362319946
038622,0.9507649540901184,0.9548517465591431,0.8898733854293823,0.8686738014221191
038623,0.580322265625,0.6426924467086792,0.4618985950946808,0.6567763090133667
038625,0.388427734375,0.3962687849998474,0.3716495931148529,0.6100406050682068
038626,0.47265625,0.49949121475219727,0.8178747296333313,0.8186872005462646
038627,0.508056640625,0.5123417973518372,0.6509066820144653,0.735457718372345
038628,0.9673665165901184,0.967605710029602,1.0,0.8883952498435974
038629,0.16796875,0.2456621527671814,0.3198178708553314,0.5274888873100281
038631,0.388427734375,0.39554351568222046,0.4535067081451416,0.5757337212562561
038633,0.091796875,0.091796875,0.15692895650863647,0.12780365347862244
038634,0.959228515625,0.9596979022026062,0.7631344795227051,0.8258663415908813
038635,0.633056640625,0.6400517225265503,0.5128524899482727,0.6346088647842407
038636,0.946533203125,0.954088568687439,0.6577322483062744,0.7723168730735779
038637,0.9668782353401184,0.9674464464187622,0.7810032963752747,0.7426486015319824
038638,0.323974609375,0.37015822529792786,0.5520787835121155,0.6794353723526001
038639,0.5694172978401184,0.5785114169120789,0.5657033920288086,0.7085682153701782
038641,0.959228515625,0.9595704674720764,0.8722942471504211,0.8395426869392395
038642,0.365234375,0.4028341472148895,0.7136205434799194,0.8158202767372131
038643,0.943115234375,0.9507647752761841,0.6597968339920044,0.7802173495292664
038644,0.499755859375,0.5849663019180298,0.4098700284957886,0.7320054173469543
038645,0.706298828125,0.7096809148788452,0.7139173746109009,0.7943317294120789
038646,0.947998046875,0.9524744749069214,0.8348100185394287,0.8179810643196106
038647,0.703369140625,0.7083030939102173,0.7838867902755737,0.7738261222839355
038649,0.5757649540901184,0.5819375514984131,0.5708760023117065,0.6551326513290405
038650,0.947998046875,0.9552409648895264,0.5985158681869507,0.8278990983963013
038652,0.956298828125,0.9599347710609436,0.8195018768310547,0.8834031224250793
038653,0.956298828125,0.9584087133407593,1.0,1.0
038655,0.968017578125,0.9680554866790771,1.0,0.9712916612625122
038656,0.701904296875,0.7062811255455017,0.7402501106262207,0.8085053563117981
038658,0.344482421875,0.35143470764160156,0.690318763256073,0.7389500737190247
038660,0.967041015625,0.9674838185310364,0.9284793138504028,0.8366116881370544
038662,0.962158203125,0.9623973965644836,0.9625431895256042,0.910572350025177
038663,0.518798828125,0.5676581859588623,0.6967307925224304,0.6762758493423462
038664,0.953369140625,0.9578659534454346,0.912726640701294,0.9141521453857422
038667,0.956298828125,0.9583191871643066,1.0,0.8392601609230042
038669,0.95703125,0.957670271396637,0.8046074509620667,0.8445765972137451
038671,0.95703125,0.9578095078468323,0.7039180397987366,0.8281786441802979
038672,0.571533203125,0.5815643668174744,0.49935534596443176,0.7071715593338013
038674,0.2774251401424408,0.33206209540367126,0.1687147468328476,0.19647710025310516
038675,0.267578125,0.3286895751953125,0.23635835945606232,0.44726184010505676
038676,0.568359375,0.573943555355072,0.4457148313522339,0.4659327566623688
038677,0.508056640625,0.5143091082572937,0.46666663885116577,0.6311054229736328
038678,0.488037109375,0.5719107389450073,0.2856633961200714,0.4771842658519745
038679,0.21875,0.33488303422927856,0.15793579816818237,0.5390669703483582
038681,0.939453125,0.9474332928657532,0.6820816993713379,0.713047981262207
038682,0.703369140625,0.708591639995575,0.5620065331459045,0.5962074995040894
038683,0.1458333432674408,0.2798802852630615,0.16733194887638092,0.4987916350364685
038684,0.946533203125,0.952100396156311,0.575423002243042,0.6368818879127502
038685,0.3599446713924408,0.42413485050201416,0.3001289367675781,0.6491668820381165
038687,0.61328125,0.6159067153930664,0.5185247659683228,0.469359815120697
038688,0.957763671875,0.9586547017097473,0.7236568927764893,0.9168509244918823
038690,0.2774251401424408,0.40156275033950806,0.19284793734550476,0.3380626440048218
038691,0.47265625,0.48119688034057617,0.3920743465423584,0.6187859177589417
038692,0.9507649540901184,0.9569961428642273,0.7292529344558716,0.8472971320152283
038693,0.9673665165901184,0.9678947925567627,0.8748590350151062,0.8398883938789368
038694,0.431884765625,0.47859761118888855,0.390377938747406,0.5573709607124329
038695,0.943359375,0.9493309259414673,0.7371450066566467,0.7536527514457703
038696,0.4375,0.490408331155777,0.5419421792030334,0.8081174492835999
038697,0.968017578125,0.9680532217025757,1.0,0.8413450717926025
038698,0.571533203125,0.5798308253288269,0.43686550855636597,0.569237232208252
038701,0.968017578125,0.9680572152137756,1.0,0.8620771169662476
038702,0.953369140625,0.9580336809158325,0.912726640701294,0.839143693447113
038703,0.9673665165901184,0.9677002429962158,0.8748590350151062,0.8692137598991394
038704,0.968017578125,0.9680765867233276,1.0,0.9405152201652527
038705,0.304931640625,0.43511125445365906,0.22860826551914215,0.5568107962608337
038706,0.260498046875,0.36992642283439636,0.34397661685943604,0.5613306164741516
038707,0.9668782353401184,0.9675747752189636,0.892719030380249,0.8922820687294006
038709,0.0,0.16735312342643738,0.0,0.4052767753601074
038713,0.9673665165901184,0.9677320718765259,0.8748590350151062,0.8065354824066162
038715,0.968017578125,0.9680628776550293,1.0,0.864791750907898
038716,0.957763671875,0.9583864808082581,0.8271697163581848,0.7961390614509583
038717,0.0,0.20489953458309174,0.0,0.490609735250473
038718,0.939453125,0.9489348530769348,0.5589672327041626,0.6611672639846802
038719,0.943115234375,0.9475888013839722,0.5359453558921814,0.49976253509521484
038720,0.9507649540901184,0.9557998180389404,0.7292529344558716,0.7871017456054688
038723,0.706298828125,0.7103152871131897,0.6245770454406738,0.693960428237915
038724,0.505615234375,0.5071572065353394,0.427834689617157,0.40901970863342285
038725,0.488037109375,0.5931858420372009,0.3265250623226166,0.6685449481010437
038727,0.946533203125,0.9549674391746521,0.6577322483062744,0.7887107729911804
038728,0.9673665165901184,0.9677610397338867,0.8748590350151062,0.8956997990608215
038729,0.706298828125,0.7096256613731384,0.6245770454406738,0.6828950643539429
038732,0.23828125,0.319253534078598,0.3483913838863373,0.6208109259605408
038735,0.943359375,0.9544323682785034,0.6040917634963989,0.7647905349731445
038736,0.3599446713924408,0.43319687247276306,0.36623337864875793,0.5682825446128845
038737,0.939453125,0.9479072690010071,0.489017516374588,0.5545021891593933
038738,0.712158203125,0.7123813033103943,0.7497180104255676,0.6379420161247253
038739,0.4375,0.5440261960029602,0.30545666813850403,0.6750967502593994
038744,0.967041015625,0.96735018491745,0.9284793138504028,0.8046532273292542
038745,0.959228515625,0.9599906206130981,0.7631344795227051,0.8448810577392578
038747,0.701904296875,0.701904296875,0.8517531156539917,0.8517531156539917
038749,0.703369140625,0.7065085768699646,0.7838867902755737,0.8528910279273987
038751,0.47265625,0.47827309370040894,0.5241767168045044,0.6159753799438477
038752,0.510498046875,0.5123777389526367,0.6676040887832642,0.7081329226493835
038753,0.9507649540901184,0.9560921788215637,0.8898733854293823,0.8778615593910217
038755,0.959228515625,0.9596586227416992,0.8722942471504211,0.7946839928627014
038756,0.9673665165901184,0.9677016735076904,0.8748590350151062,0.7063211798667908
038758,0.261474609375,0.3198643922805786,0.2789600193500519,0.3410075008869171
038759,0.701904296875,0.7086936831474304,0.6066363453865051,0.7838603854179382
038761,0.4375,0.4375,0.5419421792030334,0.4926615357398987
038762,0.946533203125,0.9506677389144897,0.6577322483062744,0.6170262694358826
038763,0.556884765625,0.6191698908805847,0.3877114951610565,0.5771418213844299
038764,0.580322265625,0.6231705546379089,0.5636333227157593,0.7771515846252441
038767,0.580322265625,0.6422932744026184,0.5636333227157593,0.7688429951667786
038768,0.267578125,0.34260275959968567,0.19369612634181976,0.3408733606338501
038770,0.46875,0.48395276069641113,0.29608190059661865,0.5372725129127502
038772,0.701171875,0.7033031582832336,0.7871269583702087,0.7345567345619202
038774,0.9444172978401184,0.9540860056877136,0.544137716293335,0.7907824516296387
038775,0.953369140625,0.9604132175445557,0.6543781161308289,0.8444907069206238
038776,0.19921875,0.31501305103302,0.16092148423194885,0.5252968668937683
038777,0.9507649540901184,0.9522154927253723,0.974961519241333,0.9019420146942139
038778,0.9668782353401184,0.9673211574554443,0.7810032963752747,0.664390504360199
038779,0.943115234375,0.9516199827194214,0.6126077175140381,0.7902103066444397
038780,0.951904296875,0.957760214805603,0.6230928897857666,0.7063426375389099
038781,0.659423828125,0.6634106636047363,0.6764605641365051,0.8033534288406372
038783,0.94140625,0.9499067068099976,0.5162065625190735,0.6436035633087158
038784,0.4375,0.44804686307907104,0.6735438704490662,0.7017815113067627
038786,0.619873046875,0.6243453025817871,0.4733748733997345,0.554377555847168
038787,0.23828125,0.31621915102005005,0.14078360795974731,0.3007590174674988
038788,0.531982421875,0.5655695796012878,0.48571667075157166,0.49530184268951416
038790,0.953369140625,0.9571555256843567,0.912726640701294,0.7903799414634705
038791,0.962158203125,0.9625091552734375,0.9625431895256042,0.9232781529426575
038792,0.091796875,0.24570873379707336,0.05102403834462166,0.2152487337589264
038793,0.490234375,0.5366864204406738,0.38805168867111206,0.4299098253250122
038794,0.567138671875,0.6368932723999023,0.5199966430664062,0.7788841724395752
038796,0.619873046875,0.6258764266967773,0.4733748733997345,0.6190413236618042
038797,0.9673665165901184,0.9679083228111267,0.8748590350151062,0.9414373636245728
038798,0.19921875,0.26918917894363403,0.19636499881744385,0.45197898149490356
038799,0.4778645932674408,0.4845856726169586,0.4635950028896332,0.6614065170288086
038800,0.365234375,0.4779079556465149,0.23202729225158691,0.5161265134811401
038801,0.951904296875,0.9580389857292175,0.8690900206565857,0.9284564256668091
038803,0.953369140625,0.9602639675140381,0.7479812502861023,0.8451806902885437
038806,0.9668782353401184,0.9672564268112183,0.892719030380249,0.7711016535758972
038807,0.469970703125,0.4768098294734955,0.4431702494621277,0.5936121940612793
038808,0.712158203125,0.7124509811401367,0.8569586873054504,0.7791258692741394
038809,0.659423828125,0.6642184257507324,0.6764605641365051,0.8355153203010559
038812,0.393798828125,0.45956262946128845,0.31885725259780884,0.5033748149871826
038815,0.962158203125,0.9624582529067993,0.9625431895256042,0.8234520554542542
038818,0.947998046875,0.9510571956634521,0.8348100185394287,0.8117956519126892
038821,0.9673665165901184,0.9677881598472595,0.8748590350151062,0.9236974120140076
038824,0.488037109375,0.5570551156997681,0.3265250623226166,0.45327919721603394
038825,0.44140625,0.45373472571372986,0.3284950852394104,0.6621206402778625
038827,0.263671875,0.34457969665527344,0.4707868993282318,0.7577283978462219
038828,0.5757649540901184,0.5759435296058655,0.6966133713722229,0.6317907571792603
038829,0.940673828125,0.9521947503089905,0.5768473744392395,0.804092288017273
038830,0.508056640625,0.5121705532073975,0.46666663885116577,0.5011756420135498
038831,0.943359375,0.9521128535270691,0.7371450066566467,0.8671137690544128
038835,0.940673828125,0.9502047896385193,0.5768473744392395,0.7074828147888184
038837,0.957763671875,0.9581406712532043,0.7236568927764893,0.5826164484024048
038838,0.943359375,0.9477348327636719,0.5284951329231262,0.49560949206352234
038841,0.560546875,0.6245846748352051,0.4082580804824829,0.5509583950042725
038842,0.490234375,0.6011278629302979,0.27821314334869385,0.6175128221511841
038843,0.956298828125,0.9603691697120667,0.7169486284255981,0.8428088426589966
038844,0.962158203125,0.9624074697494507,0.9625431895256042,0.7848866581916809
038845,0.939453125,0.9485411047935486,0.489017516374588,0.5747886300086975
038849,0.706298828125,0.7101878523826599,0.6245770454406738,0.6396833658218384
038850,0.659423828125,0.6619210839271545,0.6764605641365051,0.6617876887321472
038851,0.431884765625,0.4640333354473114,0.7318407297134399,0.817218542098999
038852,0.951904296875,0.954808235168457,0.8690900206565857,0.8371049165725708
038853,0.946533203125,0.9543443322181702,0.6577322483062744,0.7942043542861938
038854,0.228759765625,0.3990462124347687,0.14772342145442963,0.3551124930381775
038857,0.466064453125,0.5686942338943481,0.25437816977500916,0.6328186988830566
038858,0.966796875,0.9673335552215576,0.7653606534004211,0.6566882133483887
038859,0.9466145634651184,0.9529432654380798,0.5787770748138428,0.7206861972808838
038861,0.3059895932674408,0.3559773862361908,0.5032320022583008,0.7366337776184082
038862,0.14453125,0.20711252093315125,0.14805001020431519,0.25424522161483765
038863,0.9673665165901184,0.9679080843925476,0.8748590350151062,0.941259503364563
038864,0.967041015625,0.9675291180610657,0.9284793138504028,0.9636635184288025
038865,0.499755859375,0.6047105193138123,0.293855756521225,0.6862171292304993
038866,0.267578125,0.39682501554489136,0.16945679485797882,0.6064757108688354
038870,0.712158203125,0.7124937772750854,0.7497180104255676,0.6949067711830139
038871,0.556884765625,0.5969848036766052,0.4431702494621277,0.5615155696868896
038872,0.953369140625,0.9580490589141846,0.6543781161308289,0.5875755548477173
038874,0.957763671875,0.9585698246955872,0.7236568927764893,0.8742227554321289
038875,0.962158203125,0.9624634981155396,0.9625431895256042,0.8610844016075134
038877,0.5694172978401184,0.5809372663497925,0.4055802822113037,0.6139759421348572
038880,0.9673665165901184,0.9679040908813477,0.8748590350151062,0.9079687595367432
038882,0.9673665165901184,0.967678427696228,0.8748590350151062,0.7807703018188477
038883,0.344482421875,0.4171479344367981,0.2789551615715027,0.6798726916313171
038886,0.5694172978401184,0.579382598400116,0.4055802822113037,0.6174759864807129
038887,0.393798828125,0.4288082718849182,0.2789551615715027,0.31134238839149475
038889,0.94140625,0.9485598802566528,0.7200049757957458,0.7381746172904968
038891,0.503173828125,0.5120450258255005,0.4784300625324249,0.7181432247161865
038892,0.584228515625,0.5847243666648865,0.6245770454406738,0.6710987091064453
038893,0.94140625,0.9463852047920227,0.5162065625190735,0.5048604011535645
038895,0.951904296875,0.9571909308433533,0.7122209072113037,0.7111089825630188
038896,0.946533203125,0.9529504776000977,0.8026000261306763,0.7997472882270813
038897,0.951904296875,0.9552446007728577,0.7122209072113037,0.6969808340072632
038898,0.505615234375,0.5171818733215332,0.37429502606391907,0.7043424248695374
038899,0.12109375,0.17130470275878906,0.3910655975341797,0.6944307088851929
038901,0.967041015625,0.9674733281135559,0.9284793138504028,0.8673660159111023
038902,0.9673665165901184,0.9676963686943054,0.8748590350151062,0.8311967253684998
038903,0.469970703125,0.47812116146087646,0.4431702494621277,0.6508087515830994
038904,0.9668782353401184,0.9674959182739258,0.7810032963752747,0.8151785731315613
038905,0.9668782353401184,0.9677624702453613,0.7810032963752747,0.820830225944519
038906,0.962158203125,0.962411105632782,0.9625431895256042,0.9387928247451782
038907,0.260498046875,0.35537636280059814,0.22389668226242065,0.42559894919395447
038908,0.712158203125,0.712608277797699,0.7497180104255676,0.8115723729133606
038910,0.957763671875,0.9584972262382507,0.7236568927764893,0.8811582922935486
038911,0.9673665165901184,0.9679010510444641,0.8748590350151062,0.9622523188591003
038912,0.633056640625,0.638102114200592,0.715326726436615,0.8319231271743774
038913,0.968017578125,0.9680593013763428,1.0,0.9740166068077087
038914,0.967041015625,0.9673808813095093,0.9284793138504028,0.9398300647735596
038917,0.344482421875,0.409881591796875,0.2789551615715027,0.5633609890937805
038920,0.9668782353401184,0.9675875306129456,0.7810032963752747,0.8292271494865417
038922,0.166259765625,0.25669512152671814,0.2626707851886749,0.5944194793701172
038925,0.968017578125,0.9680548906326294,1.0,0.9597771763801575
038929,0.959228515625,0.9597529768943787,0.8722942471504211,0.8687556982040405
038931,0.393798828125,0.41931670904159546,0.38908666372299194,0.38093605637550354
038932,0.633056640625,0.6399962306022644,0.5862115621566772,0.7529006004333496
038934,0.956298828125,0.9583609104156494,1.0,0.8517524600028992
038936,0.47265625,0.48141127824783325,0.4784300625324249,0.6461036801338196
038938,0.701904296875,0.7044534683227539,0.8110315203666687,0.8593140244483948
038939,0.703369140625,0.7102295160293579,0.6423966884613037,0.8411061763763428
038942,0.260498046875,0.37004250288009644,0.24530528485774994,0.5733088850975037
038945,0.968017578125,0.9680473804473877,1.0,0.8827561140060425
038947,0.3599446713924408,0.4072466194629669,0.6497723460197449,0.8119035959243774
038949,0.943359375,0.9493499994277954,0.6040917634963989,0.6291518807411194
038951,0.968017578125,0.9680767059326172,1.0,0.9423450231552124
038954,0.510498046875,0.5161986947059631,0.6093400716781616,0.7384252548217773
038957,0.943359375,0.9511759281158447,0.6040917634963989,0.8161543607711792
038958,0.953369140625,0.9579883813858032,0.912726640701294,0.9650822877883911
038961,0.619873046875,0.6245156526565552,0.5410870313644409,0.624174952507019
038963,0.968017578125,0.9680772423744202,1.0,0.9858290553092957
038965,0.488037109375,0.5552241206169128,0.4365417957305908,0.6812986731529236
038966,0.947998046875,0.9529256820678711,0.8348100185394287,0.9294176697731018
038968,0.508056640625,0.5111923813819885,0.46666663885116577,0.4378935992717743
038971,0.2774251401424408,0.36965882778167725,0.36153164505958557,0.5843611359596252
038972,0.956298828125,0.9606436491012573,0.7169486284255981,0.9177939295768738
038973,0.5757649540901184,0.5793205499649048,0.6966133713722229,0.6702885031700134
038974,0.659423828125,0.6625871062278748,0.8254533410072327,0.8597068786621094
038975,0.393798828125,0.4219130277633667,0.42629045248031616,0.45150527358055115
038976,0.556884765625,0.5897075533866882,0.8308104276657104,0.9325090646743774
038977,0.951904296875,0.9568192362785339,0.7122209072113037,0.6303948163986206
038978,0.5757649540901184,0.5802952647209167,0.5708760023117065,0.6464768052101135
038979,0.953369140625,0.9578326344490051,0.7479812502861023,0.8372489213943481
038980,0.953369140625,0.9593580365180969,0.7479812502861023,0.9113215804100037
038983,0.5757649540901184,0.5775502324104309,0.6966133713722229,0.6753806471824646
038985,0.968017578125,0.9680543541908264,1.0,0.9361053109169006
038988,0.968017578125,0.9680560231208801,1.0,0.9251901507377625
038989,0.968017578125,0.9680578112602234,1.0,0.9941726326942444
038990,0.968017578125,0.9680593609809875,1.0,0.9279965162277222
038995,0.703369140625,0.7061890363693237,0.7838867902755737,0.8445236086845398
038997,0.584228515625,0.5846972465515137,0.7139173746109009,0.6903098821640015
038999,0.968017578125,0.9680545926094055,1.0,0.9283501505851746
039000,0.508056640625,0.5131964683532715,0.5334192514419556,0.6780104637145996
039001,0.968017578125,0.9680586457252502,1.0,0.9475160837173462
039003,0.962158203125,0.962414562702179,0.9625431895256042,0.9259968996047974
039004,0.968017578125,0.9680576324462891,1.0,0.9733273983001709
039006,0.3599446713924408,0.45079371333122253,0.3001289367675781,0.678307056427002
039007,0.968017578125,0.9680638909339905,1.0,0.9536069631576538
039010,0.951904296875,0.9566017985343933,0.8690900206565857,0.8732953667640686
039012,0.518798828125,0.5628408193588257,0.8046129941940308,0.8549853563308716
039013,0.556884765625,0.6188182830810547,0.5407800078392029,0.7886806130409241
039014,0.940673828125,0.9474338889122009,0.5046601295471191,0.48389166593551636
039015,0.701171875,0.7098326683044434,0.5150786638259888,0.7857221364974976
039016,0.967041015625,0.9678071141242981,0.8122885227203369,0.8437422513961792
039017,0.48828125,0.4888963997364044,0.6066363453865051,0.6607282161712646
039018,0.5757649540901184,0.581191897392273,0.5708760023117065,0.670494019985199
039019,0.951904296875,0.9561864733695984,0.7122209072113037,0.7534498572349548
039020,0.3599446713924408,0.42118072509765625,0.26257050037384033,0.34694546461105347
039022,0.962158203125,0.9625427722930908,0.9625431895256042,0.9349604845046997
039023,0.508056640625,0.5123967528343201,0.5334192514419556,0.6829855442047119
039026,0.9673665165901184,0.9676493406295776,0.8748590350151062,0.8990011215209961
039027,0.968017578125,0.9680284857749939,1.0,0.9182888269424438
039028,0.9673665165901184,0.9675763845443726,1.0,0.8607156872749329
039029,0.968017578125,0.9680501818656921,1.0,0.8301353454589844
039030,0.967041015625,0.967400312423706,0.9284793138504028,0.8514450788497925
039031,0.9673665165901184,0.9676788449287415,1.0,0.8360773921012878
039032,0.9444172978401184,0.9558814167976379,0.6219719052314758,0.7353864312171936
039033,0.959228515625,0.9598535299301147,0.7631344795227051,0.7894548773765564
039036,0.951171875,0.9553389549255371,0.8472716808319092,0.972296416759491
039037,0.166259765625,0.2926371395587921,0.22745199501514435,0.5719425082206726
039038,0.962158203125,0.962428867816925,0.9625431895256042,0.9335834980010986
039039,0.556884765625,0.6085001230239868,0.4431702494621277,0.6753088235855103
039041,0.2774251401424408,0.3862142562866211,0.36153164505958557,0.6716175079345703
039042,0.300537109375,0.3594606816768646,0.4636814594268799,0.6470725536346436
039043,0.19921875,0.30722659826278687,0.14078360795974731,0.36985915899276733
039047,0.962158203125,0.9626888632774353,0.8420895934104919,0.9094352126121521
039048,0.450927734375,0.4601435661315918,0.39804574847221375,0.5622687935829163
039049,0.499755859375,0.5466194152832031,0.7271926999092102,0.789016604423523
039051,0.946533203125,0.9538723230361938,0.6577322483062744,0.8533861637115479
039054,0.703369140625,0.7078280448913574,0.7838867902755737,0.7879171967506409
039055,0.9466145634651184,0.9488118290901184,0.8072783350944519,0.9090972542762756
039056,0.9444172978401184,0.9548245668411255,0.6219719052314758,0.7967939972877502
039058,0.967041015625,0.9675093293190002,0.8122885227203369,0.905992329120636
039059,0.951904296875,0.9576797485351562,0.7122209072113037,0.8554117679595947
039060,0.197998046875,0.29041776061058044,0.1916866898536682,0.3782256841659546
039063,0.531982421875,0.5808711647987366,0.39804574847221375,0.6698768138885498
039066,0.968017578125,0.9680641889572144,1.0,0.9842003583908081
039069,0.520263671875,0.5210623741149902,0.5620065331459045,0.7186240553855896
039070,0.956298828125,0.9589172601699829,0.8195018768310547,0.7811837196350098
039071,0.701904296875,0.70628422498703,0.7402501106262207,0.731526255607605
039073,0.5694172978401184,0.5701611638069153,0.7453632354736328,0.7515161037445068
039074,0.968017578125,0.9680598974227905,1.0,0.9682104587554932
039075,0.9673665165901184,0.9675269722938538,1.0,0.8836390972137451
039077,0.323974609375,0.4011716842651367,0.2230929136276245,0.5654112100601196
039078,0.968017578125,0.9680622220039368,1.0,0.9777171611785889
039079,0.556884765625,0.5922341346740723,0.8308104276657104,0.7275028228759766
039081,0.968017578125,0.9680649042129517,1.0,0.9935401082038879
039082,0.968017578125,0.9680686593055725,1.0,0.9342291355133057
039083,0.966796875,0.9675713181495667,0.7653606534004211,0.8780940175056458
039084,0.212890625,0.32341140508651733,0.11359453201293945,0.27922409772872925
039085,0.469970703125,0.47592705488204956,0.5924884676933289,0.7211240530014038
039087,0.567138671875,0.6395021677017212,0.37281090021133423,0.6231966018676758
039088,0.1106770858168602,0.29719582200050354,0.0855669379234314,0.4828251600265503
039090,0.567138671875,0.6042217016220093,0.9225797057151794,0.9795575737953186
039092,0.556884765625,0.6198039650917053,0.4431702494621277,0.7706102728843689
039093,0.946533203125,0.9530770182609558,0.8026000261306763,0.9093979001045227
039094,0.968017578125,0.9680415391921997,1.0,0.8867579102516174
039096,0.953369140625,0.9573322534561157,0.7479812502861023,0.6858967542648315
039098,0.531982421875,0.6032989025115967,0.48571667075157166,0.7740119695663452
039099,0.633056640625,0.6356606483459473,0.7837249636650085,0.7898615598678589
039102,0.968017578125,0.9680625796318054,1.0,0.97641521692276
039104,0.5694172978401184,0.5810238718986511,0.4055802822113037,0.7455939650535583
039106,0.0,0.19780568778514862,0.0,0.49180084466934204
039107,0.956298828125,0.9603091478347778,0.7169486284255981,0.7503069043159485
039108,0.5694172978401184,0.5810253024101257,0.4055802822113037,0.690275251865387
039109,0.953369140625,0.9587742686271667,0.6543781161308289,0.6952135562896729
039110,0.9668782353401184,0.967463493347168,0.892719030380249,0.9153307676315308
039111,0.3599446713924408,0.41811439394950867,0.5626510977745056,0.749580979347229
039112,0.469970703125,0.47690123319625854,0.3877114951610565,0.5047528743743896
039113,0.967041015625,0.9672684669494629,0.9284793138504028,0.8532480597496033
039116,0.968017578125,0.9680773615837097,1.0,0.8944635987281799
039122,0.701904296875,0.7099952101707458,0.5307213068008423,0.7545256018638611
039123,0.946533203125,0.9503106474876404,0.8026000261306763,0.7833806276321411
039125,0.501953125,0.508701741695404,0.3741941750049591,0.4944879412651062
039126,0.9673665165901184,0.9676839709281921,1.0,0.9590244889259338
039127,0.703369140625,0.7103258371353149,0.5620065331459045,0.7577762007713318
039128,0.9375,0.93896484375,0.7171369194984436,0.7470022439956665
039129,0.953369140625,0.9584246873855591,0.6543781161308289,0.7594574689865112
039130,0.966796875,0.9670507311820984,0.7653606534004211,0.6431117653846741
039131,0.9673665165901184,0.9675973057746887,1.0,0.914483904838562
039132,0.9507649540901184,0.9544232487678528,0.8898733854293823,0.8348706960678101
039133,0.344482421875,0.3481903076171875,0.7482483983039856,0.7534803748130798
039134,0.959228515625,0.9598627090454102,0.7631344795227051,0.810495138168335
039135,0.956298828125,0.9601699709892273,0.7169486284255981,0.7235492467880249
039136,0.957763671875,0.9584194421768188,0.7236568927764893,0.770281970500946
039140,0.951904296875,0.9560811519622803,0.7122209072113037,0.6698106527328491
039141,0.9673665165901184,0.9676952362060547,1.0,0.9149728417396545
039142,0.943359375,0.952123761177063,0.7371450066566467,0.7725961208343506
039143,0.956298828125,0.9581740498542786,0.8195018768310547,0.7247416973114014
039144,0.712158203125,0.7125342488288879,0.7497180104255676,0.7964701056480408
039145,0.956298828125,0.9601454138755798,0.7169486284255981,0.6902170777320862
039146,0.706298828125,0.7094252109527588,0.7139173746109009,0.7391766905784607
039147,0.712158203125,0.7123669981956482,0.8569586873054504,0.8439711928367615
039149,0.968017578125,0.9680576920509338,1.0,0.8780760765075684
039150,0.374755859375,0.4554307758808136,0.24766992032527924,0.4544813334941864
039151,0.951904296875,0.956306517124176,0.6230928897857666,0.6115899682044983
039152,0.967041015625,0.9674403071403503,0.9284793138504028,0.7874321341514587
039153,0.16796875,0.2747982442378998,0.18026001751422882,0.5114050507545471
039154,0.701171875,0.7061220407485962,0.5887562036514282,0.7578744888305664
039156,0.967041015625,0.9678106904029846,0.8122885227203369,0.8889822959899902
039158,0.959228515625,0.9595786333084106,0.9394869804382324,0.9350254535675049
039161,0.939453125,0.9440286159515381,0.489017516374588,0.4334474205970764
039162,0.712158203125,0.712557315826416,0.7497180104255676,0.6936257481575012
039165,0.388427734375,0.39680013060569763,0.3251410126686096,0.4737335741519928
039166,0.9668782353401184,0.967455267906189,0.7810032963752747,0.7714986801147461
039168,0.61328125,0.6142229437828064,0.4536360800266266,0.3699829578399658
039169,0.23828125,0.3303452730178833,0.14078360795974731,0.21677322685718536
039175,0.374755859375,0.4613632559776306,0.28309693932533264,0.5503056645393372
039176,0.197998046875,0.3115852475166321,0.15708759427070618,0.38668227195739746
039177,0.9673665165901184,0.9674618244171143,1.0,0.8841008543968201
039178,0.584228515625,0.5849859714508057,0.6245770454406738,0.6590101718902588
039179,0.39453125,0.4029523432254791,0.4261382520198822,0.5999225378036499
039181,0.9507649540901184,0.952743411064148,0.8898733854293823,0.7118487358093262
039182,0.520263671875,0.5211418867111206,0.5620065331459045,0.6363212466239929
039183,0.947998046875,0.9559547901153564,0.6841284036636353,0.8459427952766418
039184,0.450927734375,0.45509853959083557,0.5321600437164307,0.5872113704681396
039186,0.956298828125,0.960044801235199,0.7169486284255981,0.7609506249427795
039189,0.957763671875,0.9586506485939026,0.7236568927764893,0.6568161249160767
039191,0.967041015625,0.9675053954124451,0.8122885227203369,0.7574625015258789
039192,0.9668782353401184,0.9675025343894958,0.7810032963752747,0.8006598353385925
039194,0.968017578125,0.9680483341217041,1.0,0.8945909142494202
039195,0.94140625,0.953822135925293,0.5162065625190735,0.8175258040428162
039196,0.946533203125,0.9566383361816406,0.575423002243042,0.8413336873054504
039198,0.968017578125,0.9680673480033875,1.0,0.9547293782234192
039200,0.947998046875,0.9514115452766418,0.6841284036636353,0.6513501405715942
039201,0.261474609375,0.365549236536026,0.22860826551914215,0.619175374507904
039202,0.939453125,0.9477556943893433,0.489017516374588,0.4593696594238281
039203,0.9444172978401184,0.9544010758399963,0.6219719052314758,0.8676294684410095
039205,0.951904296875,0.951904296875,1.0,1.0
039206,0.94140625,0.9501978158950806,0.5900454521179199,0.6729372143745422
039207,0.712158203125,0.7125035524368286,0.8569586873054504,0.7711347937583923
039210,0.431884765625,0.465559184551239,0.3415256440639496,0.34374749660491943
039212,0.9668782353401184,0.967461347579956,0.7810032963752747,0.7660747170448303
039213,0.490234375,0.585435152053833,0.38805168867111206,0.669876217842102
039214,0.39453125,0.40067964792251587,0.37281090021133423,0.5535393953323364
039216,0.488037109375,0.591742217540741,0.2856633961200714,0.46394944190979004
039217,0.9375,0.9433481693267822,0.6545500159263611,0.5738866329193115
039218,0.946533203125,0.9513582587242126,0.6577322483062744,0.6015020608901978
039221,0.953369140625,0.9577221870422363,0.912726640701294,0.9464930891990662
039223,0.510498046875,0.5138888955116272,0.43686550855636597,0.42704322934150696
039224,0.951171875,0.9579668641090393,0.6074502468109131,0.6879674792289734
039225,0.488037109375,0.5549255609512329,0.398443341255188,0.5270468592643738
039226,0.556884765625,0.588631808757782,0.4431702494621277,0.4529050290584564
039229,0.568359375,0.57391357421875,0.3899376392364502,0.3422207236289978
039230,0.556884765625,0.5785268545150757,0.4431702494621277,0.4297488331794739
039231,0.490234375,0.6013223528862,0.27821314334869385,0.5263579487800598
039232,0.9507649540901184,0.9541544914245605,0.8898733854293823,0.9462302923202515
039233,0.956298828125,0.9586734175682068,1.0,0.8529312014579773
039234,0.968017578125,0.9680583477020264,1.0,0.9362795352935791
039236,0.466064453125,0.5552974939346313,0.3887326717376709,0.6619920134544373
039237,0.968017578125,0.9680428504943848,1.0,0.8134409189224243
039239,0.956298828125,0.959313154220581,0.7169486284255981,0.7077327370643616
039240,0.962158203125,0.962462306022644,0.9625431895256042,0.8616732954978943
039242,0.9375,0.9429687261581421,0.6545500159263611,0.772716760635376
039243,0.951171875,0.9588556885719299,0.6074502468109131,0.769475519657135
039245,0.968017578125,0.9680549502372742,1.0,0.8531306385993958
039246,0.94140625,0.9536501169204712,0.5162065625190735,0.6656147241592407
039247,0.953369140625,0.9602953791618347,0.6543781161308289,0.8040238618850708
039249,0.962158203125,0.9624658226966858,0.9625431895256042,0.9126086831092834
039250,0.166259765625,0.2287445068359375,0.3612121045589447,0.6210393309593201
039251,0.469970703125,0.4772687554359436,0.4431702494621277,0.6959024667739868
039252,0.580322265625,0.5959231853485107,1.0,0.9108151197433472
039254,0.947998046875,0.9522191882133484,0.6841284036636353,0.6669893264770508
039255,0.9673665165901184,0.967775285243988,1.0,0.9187331795692444
039257,0.9673665165901184,0.967683732509613,1.0,0.8690527677536011
039259,0.197998046875,0.35054516792297363,0.15708759427070618,0.6143351793289185
039261,0.953369140625,0.9562424421310425,1.0,0.9552937150001526
039263,0.518798828125,0.5765093564987183,0.6967307925224304,0.7912949323654175
039264,0.3599446713924408,0.3869648277759552,0.6497723460197449,0.6422540545463562
039266,0.508056640625,0.5102837085723877,0.7131452560424805,0.7130932807922363
039267,0.968017578125,0.9680617451667786,1.0,0.9508646726608276
039269,0.431884765625,0.4690033495426178,0.4763599932193756,0.5438203811645508
039271,0.0,0.09135432541370392,0.0,0.1447884738445282
039277,0.951904296875,0.9555583000183105,0.8690900206565857,0.8840997219085693
039279,0.968017578125,0.968067467212677,1.0,0.9791538119316101
039280,0.9673665165901184,0.9679014086723328,0.8748590350151062,0.9091874361038208
039281,0.510498046875,0.5156425833702087,0.6093400716781616,0.6981577277183533
039282,0.488037109375,0.5820351839065552,0.3265250623226166,0.6846669912338257
039284,0.2122395932674408,0.26946520805358887,0.19284793734550476,0.32592812180519104
039286,0.304931640625,0.41065576672554016,0.22860826551914215,0.474168598651886
039287,0.344482421875,0.41753870248794556,0.31885725259780884,0.5920629501342773
039288,0.61328125,0.6204495429992676,0.4536360800266266,0.7359631061553955
039290,0.951171875,0.9596986174583435,0.6074502468109131,0.7758152484893799
039291,0.956298828125,0.961073637008667,0.7169486284255981,0.8011544346809387
039294,0.606689453125,0.6366993188858032,0.46666663885116577,0.5542786121368408
039295,0.953369140625,0.9583000540733337,0.7479812502861023,0.7162527441978455
039296,0.966796875,0.9677286744117737,0.7653606534004211,0.7163710594177246
039297,0.606689453125,0.6499776840209961,0.46666663885116577,0.6286826133728027
039298,0.0625,0.2934417724609375,0.03576033189892769,0.4750792980194092
039299,0.48828125,0.48853543400764465,0.6066363453865051,0.6077738404273987
039301,0.9466145634651184,0.9501504898071289,0.5787770748138428,0.5360292792320251
039302,0.61328125,0.6195211410522461,0.5185247659683228,0.6292785406112671
039303,0.571533203125,0.5799399614334106,0.49935534596443176,0.7560724020004272
039305,0.9673665165901184,0.9676852226257324,0.8748590350151062,0.817052960395813
039307,0.9673665165901184,0.9677978157997131,0.8748590350151062,0.9159802198410034
039308,0.962158203125,0.9625584483146667,0.9625431895256042,0.8881523013114929
039309,0.39453125,0.39885765314102173,0.5199966430664062,0.5876559615135193
039310,0.344482421875,0.3909447193145752,0.38908666372299194,0.4692205786705017
039311,0.431884765625,0.47618570923805237,0.4763599932193756,0.6940099596977234
039313,0.962158203125,0.9625409841537476,0.8420895934104919,0.8302337527275085
039314,0.968017578125,0.9680512547492981,1.0,0.9583661556243896
039315,0.499755859375,0.6053693294525146,0.3358892798423767,0.6810650825500488
039316,0.4700520932674408,0.4800639748573303,0.3117245137691498,0.5035205483436584
039317,0.1875,0.32587265968322754,0.10728099197149277,0.49697017669677734
039318,0.490234375,0.5383307933807373,0.27821314334869385,0.3100506663322449
039319,0.966796875,0.9672471880912781,0.7653606534004211,0.6952582597732544
039320,0.659423828125,0.6633187532424927,0.5918076038360596,0.6848161816596985
039321,0.956298828125,0.9586962461471558,1.0,0.819307804107666
039322,0.9673665165901184,0.9677464962005615,0.8748590350151062,0.8221369981765747
039326,0.219970703125,0.2582530975341797,0.49370092153549194,0.6752080917358398
039327,0.953369140625,0.9570524096488953,0.912726640701294,0.9740070104598999
039328,0.9673665165901184,0.9676297307014465,1.0,0.8669946789741516
039331,0.571533203125,0.5742731094360352,0.6676040887832642,0.7345883250236511
039332,0.633056640625,0.6380223035812378,0.5862115621566772,0.7650178074836731
039333,0.9673665165901184,0.967653214931488,1.0,0.9077837467193604
039335,0.4778645932674408,0.4851207137107849,0.4055802822113037,0.6430137157440186
039336,0.9444172978401184,0.9560356140136719,0.6219719052314758,0.831093966960907
039339,0.967041015625,0.9675812721252441,0.8122885227203369,0.789215087890625
039340,0.520263671875,0.5209853053092957,0.5620065331459045,0.6946178674697876
039341,0.9668782353401184,0.9677810668945312,0.7810032963752747,0.8904585838317871
039343,0.956298828125,0.9595054388046265,0.8195018768310547,0.8818607926368713
039347,0.9673665165901184,0.9677627682685852,1.0,0.9735345840454102
039348,0.3599446713924408,0.42728954553604126,0.3001289367675781,0.6076414585113525
039351,0.951171875,0.95731121301651,0.8472716808319092,0.8369496464729309
039353,0.959228515625,0.9598366022109985,0.7631344795227051,0.8611563444137573
039354,0.260498046875,0.3386760354042053,0.397238165140152,0.7041682600975037
039355,0.431884765625,0.47310954332351685,0.4763599932193756,0.6571599841117859
039356,0.393798828125,0.4250730574131012,0.8579513430595398,0.8881738781929016
039357,0.968017578125,0.9680647253990173,1.0,0.9639129638671875
039358,0.9673665165901184,0.967730700969696,0.8748590350151062,0.8403813242912292
039360,0.968017578125,0.968040943145752,1.0,0.8271947503089905
039361,0.951904296875,0.9561139345169067,0.8690900206565857,0.8042507171630859
039362,0.393798828125,0.4519815444946289,0.38908666372299194,0.5025382041931152
039363,0.23046875,0.2657451629638672,0.38063758611679077,0.5508435964584351
039364,0.967041015625,0.9675896167755127,0.9284793138504028,0.9340018630027771
039365,0.4375,0.4375,0.30545666813850403,0.2583807408809662
039367,0.518798828125,0.5681491494178772,0.3716495931148529,0.47974780201911926
039368,0.951171875,0.9541056752204895,0.8472716808319092,0.7832090258598328
039369,0.9375,0.9375,0.6545500159263611,0.4788609743118286
039370,0.968017578125,0.9680447578430176,1.0,0.9786900281906128
039371,0.968017578125,0.9680674076080322,1.0,0.9076026678085327
039373,0.966796875,0.9672167301177979,0.8748388290405273,0.877911388874054
039374,0.9507649540901184,0.9575603604316711,0.7292529344558716,0.9072826504707336
039375,0.947998046875,0.9560098648071289,0.5985158681869507,0.7925546169281006
039376,0.61328125,0.621792197227478,0.5185247659683228,0.7492082715034485
039377,0.567138671875,0.6017569899559021,0.37281090021133423,0.4132552742958069
039379,0.946533203125,0.9483731985092163,1.0,0.9683054089546204
039380,0.659423828125,0.6625449061393738,0.5918076038360596,0.5792669057846069
039381,0.706298828125,0.7099262475967407,0.7139173746109009,0.8235100507736206
039383,0.4375,0.545166015625,0.3514672517776489,0.6644472479820251
039386,0.957763671875,0.958136260509491,0.7236568927764893,0.5887244939804077
039387,0.568359375,0.5723284482955933,0.4457148313522339,0.3799286484718323
039388,0.9673665165901184,0.9678152203559875,0.8748590350151062,0.9402517080307007
039389,0.9507649540901184,0.9575986862182617,0.6379934549331665,0.61967933177948
039390,0.968017578125,0.9680456519126892,1.0,0.8210238814353943
039392,0.946533203125,0.9532675743103027,0.6577322483062744,0.8002582788467407
039394,0.946533203125,0.9526326656341553,0.6577322483062744,0.6456481218338013
039396,0.946533203125,0.9520696997642517,0.6577322483062744,0.6171941757202148
039397,0.9673665165901184,0.9677112698554993,0.8748590350151062,0.7782950401306152
039398,0.967041015625,0.9674583673477173,0.9284793138504028,0.9794778227806091
039402,0.300537109375,0.35596340894699097,0.30181336402893066,0.3677063584327698
039403,0.953369140625,0.9570959210395813,0.6543781161308289,0.5716091394424438
039405,0.9507649540901184,0.9542239308357239,0.8898733854293823,0.9582767486572266
039406,0.508056640625,0.5150551795959473,0.46666663885116577,0.7088139653205872
039407,0.469970703125,0.47533172369003296,0.3877114951610565,0.4257264733314514
039408,0.962158203125,0.9626911878585815,0.8420895934104919,0.8757464289665222
039409,0.94140625,0.9512457847595215,0.5900454521179199,0.7784045338630676
039410,0.9673665165901184,0.9677390456199646,0.8748590350151062,0.905931293964386
039411,0.962158203125,0.9624279737472534,0.9625431895256042,0.8611013889312744
039412,0.701904296875,0.70802241563797,0.5307213068008423,0.7575512528419495
039414,0.9444172978401184,0.9500331282615662,0.6219719052314758,0.6246441006660461
039415,0.2774251401424408,0.31376415491104126,0.23532335460186005,0.24413740634918213
039417,0.606689453125,0.6502742171287537,0.46666663885116577,0.6989606022834778
039419,0.3599446713924408,0.42123717069625854,0.36623337864875793,0.4824827313423157
039420,0.946533203125,0.9513612389564514,0.575423002243042,0.5298920273780823
039421,0.9673665165901184,0.9676470756530762,0.8748590350151062,0.8003206253051758
039422,0.962158203125,0.9624913930892944,0.8420895934104919,0.7740645408630371
039423,0.9444172978401184,0.9518418908119202,0.544137716293335,0.6048918962478638
039426,0.508056640625,0.5149376392364502,0.5334192514419556,0.7527000308036804
039429,0.94140625,0.9429745674133301,0.5162065625190735,0.37804263830184937
039430,0.943115234375,0.9486101269721985,0.6126077175140381,0.5767096877098083
039432,0.968017578125,0.9680553674697876,1.0,0.9139238595962524
039434,0.23046875,0.31015872955322266,0.214540034532547,0.4322669208049774
039435,0.633056640625,0.6371220946311951,0.5862115621566772,0.6001167893409729
039436,0.957763671875,0.9583562612533569,0.8271697163581848,0.8565456867218018
039437,0.47265625,0.5635254383087158,0.2659246027469635,0.4746956527233124
039438,0.9673665165901184,0.9678172469139099,0.8748590350151062,0.8439088463783264
039439,0.9668782353401184,0.9676329493522644,0.7810032963752747,0.873328685760498
039440,0.5757649540901184,0.5804968476295471,0.5708760023117065,0.6836045384407043
039442,0.580322265625,0.6428405046463013,0.4618985950946808,0.6481195092201233
039443,0.9673665165901184,0.9676713943481445,0.8748590350151062,0.7810805439949036
039444,0.44140625,0.4457744061946869,0.40440693497657776,0.46158409118652344
039447,0.712158203125,0.7125123739242554,0.8569586873054504,0.7659739851951599
039449,0.5694172978401184,0.5791811347007751,0.4055802822113037,0.7053223252296448
039450,0.712158203125,0.7127001285552979,0.7497180104255676,0.8336262106895447
039451,0.47265625,0.5852317810058594,0.2659246027469635,0.5501647591590881
039452,0.469970703125,0.473732054233551,0.47730761766433716,0.5161347985267639
039455,0.953369140625,0.9558853507041931,0.912726640701294,0.8472685813903809
039456,0.966796875,0.9671316742897034,0.8748388290405273,0.8302071690559387
039457,0.567138671875,0.6378210783004761,0.5199966430664062,0.7432488799095154
039460,0.571533203125,0.579914927482605,0.49935534596443176,0.7148000001907349
039461,0.9668782353401184,0.9674581289291382,0.892719030380249,0.898695707321167
039462,0.951904296875,0.9565739035606384,0.8690900206565857,0.782892107963562
039464,0.374755859375,0.415676474571228,0.6128985285758972,0.7331599593162537
039465,0.703369140625,0.7086055278778076,0.6423966884613037,0.7890719771385193
039467,0.556884765625,0.6189749240875244,0.5407800078392029,0.8030846118927002
039468,0.956298828125,0.9598845839500427,1.0,0.9556846618652344
039470,0.94140625,0.9467265605926514,0.7200049757957458,0.726891040802002
039471,0.1875,0.28061217069625854,0.09385573863983154,0.17494861781597137
039472,0.703369140625,0.7085042595863342,0.6423966884613037,0.7609648704528809
039477,0.966796875,0.9675448536872864,0.8748388290405273,0.8710402846336365
039479,0.9444172978401184,0.9485942721366882,0.9456308484077454,0.9763343334197998
039480,0.94140625,0.9458466172218323,0.7200049757957458,0.6491994261741638
039481,0.9673665165901184,0.9676386117935181,0.8748590350151062,0.7877728343009949
039482,0.939453125,0.9533573389053345,0.489017516374588,0.552976667881012
039483,0.304931640625,0.38291633129119873,0.4285714626312256,0.6731361746788025
039485,0.5757649540901184,0.581130862236023,0.5708760023117065,0.64309161901474
039486,0.703369140625,0.7078045606613159,0.7838867902755737,0.782013475894928
039488,0.9668782353401184,0.9674378037452698,0.892719030380249,0.8327555656433105
039489,0.531982421875,0.5712287425994873,0.7462155222892761,0.7131999135017395
039491,0.9673665165901184,0.967892587184906,0.8748590350151062,0.9225150942802429
039492,0.9375,0.9398437738418579,0.6545500159263611,0.6201612949371338
039493,0.1458333432674408,0.24654918909072876,0.12516115605831146,0.35034263134002686
039495,0.968017578125,0.9680771231651306,1.0,0.9224875569343567
039497,0.956298828125,0.9599437117576599,0.7169486284255981,0.7591260075569153
039498,0.956298828125,0.960991382598877,0.7169486284255981,0.6317201256752014
039499,0.499755859375,0.5756218433380127,0.629690945148468,0.9058200120925903
039500,0.962158203125,0.9624857306480408,0.9625431895256042,0.8771032691001892
039501,0.962158203125,0.9624395370483398,0.9625431895256042,0.8678219318389893
039502,0.968017578125,0.9680768847465515,1.0,0.9715670347213745
039506,0.300537109375,0.300537109375,0.5354781746864319,0.43983304500579834
039507,0.393798828125,0.4712211787700653,0.31885725259780884,0.5655996799468994
039509,0.962158203125,0.9626892805099487,0.8420895934104919,0.853143036365509
039510,0.967041015625,0.9674929976463318,0.9284793138504028,0.8383021354675293
039511,0.505615234375,0.5123819708824158,0.5220667123794556,0.6322700381278992
039512,0.344482421875,0.3831426799297333,0.38908666372299194,0.5426396727561951
039513,0.968017578125,0.9680770039558411,1.0,0.9546140432357788
039516,0.44140625,0.44742417335510254,0.45818498730659485,0.5180404186248779
039517,0.35546875,0.3625164031982422,0.2659246027469635,0.2791583836078644
039518,0.150390625,0.2839924395084381,0.10344710201025009,0.3974764943122864
039520,0.323974609375,0.41811275482177734,0.2550044059753418,0.6464256644248962
039522,0.953369140625,0.9584705829620361,0.7479812502861023,0.7945088148117065
039523,0.501953125,0.504150390625,0.6016255021095276,0.668351948261261
039524,0.966796875,0.9673880338668823,0.8748388290405273,0.8303091526031494
039525,0.953369140625,0.9580463767051697,0.6543781161308289,0.7333593368530273
039526,0.703369140625,0.7084180116653442,0.6423966884613037,0.6737414598464966
039527,0.959228515625,0.9596226215362549,0.8722942471504211,0.8848702907562256
039529,0.9673665165901184,0.9676410555839539,1.0,0.8941590785980225
039530,0.9673665165901184,0.9678966999053955,0.8748590350151062,0.9620857238769531
039532,0.706298828125,0.7099044919013977,0.6245770454406738,0.703999400138855
039533,0.9444172978401184,0.9534088373184204,0.6219719052314758,0.7423806190490723
039535,0.455078125,0.5257045030593872,0.33298835158348083,0.5410044193267822
039536,0.706298828125,0.7091444134712219,0.871160089969635,0.7517040371894836
039537,0.712158203125,0.7123280763626099,0.8569586873054504,0.7490096688270569
039538,0.962158203125,0.9626111388206482,0.8420895934104919,0.8087747693061829
039539,0.967041015625,0.9676113724708557,0.8122885227203369,0.7833506464958191
039540,0.951171875,0.9583582282066345,0.6074502468109131,0.7448561787605286
039541,0.9466145634651184,0.9512669444084167,0.5787770748138428,0.4984080195426941
039543,0.584228515625,0.5844817757606506,0.7139173746109009,0.639264702796936
039545,0.25390625,0.3150043785572052,0.21157628297805786,0.394022673368454
039546,0.5694172978401184,0.5736362338066101,0.4055802822113037,0.391521692276001
039547,0.3599446713924408,0.4129990339279175,0.36623337864875793,0.5286718606948853
039548,0.968017578125,0.9680753946304321,1.0,0.9657947421073914
039549,0.1875,0.3414306640625,0.16310739517211914,0.5367001891136169
039550,0.701171875,0.7063804864883423,0.7184317708015442,0.8002364039421082
039551,0.9673665165901184,0.9677814841270447,0.8748590350151062,0.9185373187065125
039552,0.962158203125,0.9624601602554321,0.9625431895256042,0.9153296947479248
039553,0.469970703125,0.47748395800590515,0.3877114951610565,0.5770109295845032
039554,0.957763671875,0.9582980871200562,0.8271697163581848,0.7663429975509644
039555,0.9673665165901184,0.9678943157196045,0.8748590350151062,0.8793280124664307
039556,0.959228515625,0.959894597530365,0.7631344795227051,0.8891113996505737
039559,0.5757649540901184,0.5806658267974854,0.5708760023117065,0.711325466632843
039561,0.450927734375,0.45736566185951233,0.5321600437164307,0.6824114322662354
039563,0.9673665165901184,0.9677421450614929,1.0,0.9375567436218262
039565,0.967041015625,0.9672747850418091,0.9284793138504028,0.7590682506561279
039568,0.956298828125,0.9583724737167358,0.8195018768310547,0.7071107029914856
039572,0.5757649540901184,0.5810593366622925,0.5708760023117065,0.7399051785469055
039573,0.261474609375,0.3663674294948578,0.20000000298023224,0.5761898756027222
039574,0.39453125,0.39827266335487366,0.4261382520198822,0.46743810176849365
039575,0.946533203125,0.9502665400505066,1.0,0.9452064037322998
039577,0.943359375,0.9523425698280334,0.6040917634963989,0.7186554670333862
039578,0.962158203125,0.9624507427215576,0.9625431895256042,0.8709701299667358
039579,0.606689453125,0.6398412585258484,0.46666663885116577,0.7441245317459106
039581,0.606689453125,0.636900007724762,0.46666663885116577,0.590831995010376
039583,0.34765625,0.3544573187828064,0.3358892798423767,0.3959892690181732
039584,0.510498046875,0.5159180760383606,0.49935534596443176,0.6961200833320618
039585,0.9673665165901184,0.9679078459739685,0.8748590350151062,0.9696914553642273
039586,0.5694172978401184,0.5740039944648743,0.5657033920288086,0.646022617816925
039588,0.959228515625,0.9598658084869385,0.7631344795227051,0.9075093865394592
039590,0.9673665165901184,0.9676120281219482,1.0,0.8258036971092224
039592,0.9673665165901184,0.967890202999115,0.8748590350151062,0.8828878402709961
039593,0.968017578125,0.9680595397949219,1.0,0.9160170555114746
039595,0.197998046875,0.3150772452354431,0.23883214592933655,0.5577802062034607
039597,0.953369140625,0.9574088454246521,0.7479812502861023,0.7281527519226074
039598,0.968017578125,0.9680573344230652,1.0,0.8953141570091248
039600,0.962158203125,0.9624849557876587,0.8420895934104919,0.7627419233322144
039601,0.968017578125,0.9680591821670532,1.0,0.95611971616745
039602,0.9507649540901184,0.9569793343544006,0.6379934549331665,0.7298500537872314
039603,0.14453125,0.3058290481567383,0.12132726609706879,0.5414705276489258
039604,0.393798828125,0.457711786031723,0.31885725259780884,0.531559944152832
039606,0.947998046875,0.9533417224884033,0.5985158681869507,0.7986220121383667
039608,0.956298828125,0.9610829949378967,0.8195018768310547,0.9169756174087524
039610,0.110107421875,0.22641536593437195,0.07620275020599365,0.4473090171813965
039611,0.30078125,0.36227577924728394,0.3454500138759613,0.6203314661979675
039612,0.499755859375,0.6054109930992126,0.293855756521225,0.651167094707489
039614,0.9673665165901184,0.9678080081939697,0.8748590350151062,0.8945643901824951
039615,0.953369140625,0.955571711063385,0.7479812502861023,0.6030468940734863
039616,0.633056640625,0.6368906497955322,0.5128524899482727,0.5713459849357605
039617,0.212890625,0.3274102807044983,0.1584416627883911,0.4664140045642853
039618,0.23828125,0.39988064765930176,0.14078360795974731,0.4957309067249298
039619,0.5694172978401184,0.5811587572097778,0.4055802822113037,0.6851212382316589
039620,0.490234375,0.537841796875,0.3180091083049774,0.3821251392364502
039621,0.469970703125,0.4761066734790802,0.5407800078392029,0.6568242311477661
039623,0.584228515625,0.5847218036651611,0.6245770454406738,0.6151147484779358
039624,0.431884765625,0.45640137791633606,0.7318407297134399,0.7223541736602783
039627,0.951171875,0.9521135687828064,0.9282863140106201,0.9393794536590576
039628,0.9668782353401184,0.9675770401954651,0.7810032963752747,0.8852728605270386
039630,0.94140625,0.9495916962623596,0.5162065625190735,0.7218049168586731
039635,0.953369140625,0.9577577710151672,0.6543781161308289,0.6377255320549011
039636,0.9673665165901184,0.9677985310554504,0.8748590350151062,0.893626868724823
039637,0.94140625,0.9517065286636353,0.5162065625190735,0.7044156789779663
039640,0.957763671875,0.9582846760749817,0.8271697163581848,0.7856084108352661
039641,0.2044270783662796,0.3310021758079529,0.10949836671352386,0.31268566846847534
039644,0.39453125,0.40143370628356934,0.37281090021133423,0.511886715888977
039646,0.388427734375,0.3954726457595825,0.3251410126686096,0.3852117359638214
039647,0.943115234375,0.9534595608711243,0.6126077175140381,0.7358555793762207
039648,0.05078125,0.23001515865325928,0.05406876280903816,0.4952861964702606
039650,0.956298828125,0.9583051800727844,0.7169486284255981,0.6299375295639038
039651,0.520263671875,0.5209453105926514,0.5620065331459045,0.6254981756210327
039652,0.431884765625,0.48274222016334534,0.390377938747406,0.6240042448043823
039653,0.9444172978401184,0.9538950324058533,0.6219719052314758,0.7785777449607849
039654,0.943359375,0.94891357421875,0.8076295852661133,0.9517614841461182
039656,0.9673665165901184,0.9678982496261597,0.8748590350151062,0.9177519679069519
039657,0.967041015625,0.967502772808075,0.9284793138504028,0.814740777015686
039658,0.951171875,0.951171875,0.8472716808319092,0.8472716808319092
039660,0.703369140625,0.7084241509437561,0.6423966884613037,0.7637543678283691
039662,0.951904296875,0.956796407699585,0.6230928897857666,0.6988937854766846
039663,0.940673828125,0.9494807720184326,0.5046601295471191,0.6105202436447144
039664,0.951171875,0.9559826850891113,0.6074502468109131,0.6510897278785706
039666,0.4375,0.5746637582778931,0.21899673342704773,0.4940119981765747
039667,0.703369140625,0.7077289819717407,0.6423966884613037,0.6454446911811829
039668,0.659423828125,0.6642315983772278,0.5918076038360596,0.7962325215339661
039669,0.9673665165901184,0.9676783680915833,0.8748590350151062,0.7638471126556396
039675,0.633056640625,0.6383349895477295,0.715326726436615,0.7844276428222656
039676,0.3599446713924408,0.41116955876350403,0.6497723460197449,0.805257260799408
039677,0.9673665165901184,0.9677783846855164,1.0,0.9090717434883118
039678,0.431884765625,0.4741465151309967,0.4763599932193756,0.7246608734130859
039680,0.659423828125,0.6642636060714722,0.5918076038360596,0.7962924838066101
039681,0.03125,0.06640625,0.11699506640434265,0.33220064640045166
039683,0.957763671875,0.9584969878196716,0.7236568927764893,0.871589720249176
039686,0.393798828125,0.4431309700012207,0.38908666372299194,0.5639628171920776
039687,0.946533203125,0.9565558433532715,0.575423002243042,0.8569955825805664
039688,0.956298828125,0.9603837728500366,0.7169486284255981,0.8772287964820862
039694,0.260498046875,0.3536320924758911,0.49370092153549194,0.794866681098938
039697,0.9375,0.9483675360679626,0.4692787230014801,0.48440873622894287
039698,0.959228515625,0.9597153663635254,0.7631344795227051,0.813633918762207
039699,0.9668782353401184,0.9673835039138794,0.892719030380249,0.9535920023918152
039700,0.956298828125,0.9595721960067749,1.0,0.9159997701644897
039702,0.344482421875,0.3845002353191376,0.5977610945701599,0.6387109160423279
039705,0.968017578125,0.9680546522140503,1.0,0.8530554175376892
039706,0.3599446713924408,0.4186135530471802,0.26257050037384033,0.43718552589416504
039707,0.9388020634651184,0.9491813778877258,0.5542851090431213,0.7349509596824646
039708,0.304931640625,0.304931640625,1.0,1.0
039709,0.3059895932674408,0.3783397376537323,0.2836383283138275,0.4485120177268982
039711,0.959228515625,0.9600005745887756,0.7631344795227051,0.8120764493942261
039712,0.659423828125,0.6613551378250122,0.8254533410072327,0.6906869411468506
039713,0.943359375,0.9557563662528992,0.5284951329231262,0.7109506726264954
039714,0.432373046875,0.4357249140739441,0.4618985950946808,0.46053367853164673
039716,0.08203125,0.1330718994140625,0.053640495985746384,0.0968724712729454
039719,0.432373046875,0.43525829911231995,0.5636333227157593,0.5542619228363037
039720,0.968017578125,0.9680651426315308,1.0,0.8362867832183838
039721,0.5757649540901184,0.5819758176803589,0.49943602085113525,0.6026925444602966
039722,0.4778645932674408,0.4835435152053833,0.4635950028896332,0.541731059551239
039723,0.488037109375,0.5568479299545288,0.3265250623226166,0.4312412142753601
039724,0.584228515625,0.5844095349311829,0.7139173746109009,0.5954598188400269
039725,0.659423828125,0.6631394624710083,0.6764605641365051,0.6459341049194336
039726,0.959228515625,0.9597335457801819,0.8722942471504211,0.8540825247764587
039727,0.94140625,0.9493593573570251,0.5900454521179199,0.6837380528450012
039728,0.2774251401424408,0.422962486743927,0.2932012677192688,0.6371466517448425
039730,0.946533203125,0.9507961273193359,0.8793432712554932,0.932184636592865
039731,0.659423828125,0.6619520783424377,0.8254533410072327,0.7890715003013611
039732,0.431884765625,0.49429959058761597,0.390377938747406,0.6439008712768555
039733,0.2774251401424408,0.4103911817073822,0.19284793734550476,0.390968918800354
039734,0.968017578125,0.9680582284927368,1.0,0.8748953938484192
039735,0.968017578125,0.9680569171905518,1.0,0.9092155694961548
039736,0.9668782353401184,0.9674383401870728,0.892719030380249,0.8515895009040833
039737,0.110107421875,0.2710753083229065,0.11585679650306702,0.5412914156913757
039738,0.962158203125,0.9623767137527466,0.9625431895256042,0.9309532642364502
039739,0.962158203125,0.9622697830200195,0.9625431895256042,0.926395833492279
039740,0.946533203125,0.9524926543235779,0.6577322483062744,0.5925518274307251
039741,0.946533203125,0.9501669406890869,0.6577322483062744,0.6019197106361389
039742,0.9466145634651184,0.9488503336906433,0.6615661382675171,0.6299320459365845
039744,0.1458333432674408,0.19403386116027832,0.15272833406925201,0.2387588620185852
039745,0.706298828125,0.7088428735733032,0.6245770454406738,0.6074602007865906
039746,0.95703125,0.957695722579956,0.7039180397987366,0.6525205969810486
039747,0.9466145634651184,0.9518629312515259,0.5787770748138428,0.6221802234649658
039750,0.393798828125,0.4534684717655182,0.38908666372299194,0.5078088045120239
039751,0.365234375,0.43497201800346375,0.3236317038536072,0.447661429643631
039753,0.712158203125,0.7126854062080383,0.7497180104255676,0.8101137280464172
039754,0.968017578125,0.9680667519569397,1.0,0.9612221121788025
039756,0.951904296875,0.9596781730651855,0.7122209072113037,0.9280087947845459
039757,0.503173828125,0.516463577747345,0.3430097699165344,0.5947561264038086
039758,0.228759765625,0.30040639638900757,0.18026001751422882,0.31671610474586487
039759,0.9668782353401184,0.9674133658409119,0.892719030380249,0.8164997696876526
039760,0.947998046875,0.9532736539840698,0.8348100185394287,0.8496489524841309
039761,0.9668782353401184,0.9674338102340698,0.7810032963752747,0.7316606044769287
039762,0.560546875,0.5967785120010376,0.4082580804824829,0.42965200543403625
039763,0.968017578125,0.968055784702301,1.0,0.9837767481803894
039765,0.94140625,0.9504126310348511,0.5900454521179199,0.7735799551010132
039766,0.946533203125,0.9555178880691528,0.575423002243042,0.694472074508667
039767,0.9388020634651184,0.9399006962776184,0.8911738991737366,0.9410333633422852
039768,0.374755859375,0.4783758223056793,0.28309693932533264,0.5314704179763794
039769,0.946533203125,0.9541723728179932,0.575423002243042,0.6336995363235474
039770,0.5757649540901184,0.5805647969245911,0.49943602085113525,0.5790274143218994
039771,0.939453125,0.9445796012878418,0.489017516374588,0.44004443287849426
039772,0.9673665165901184,0.967682421207428,0.8748590350151062,0.7915062308311462
039773,0.567138671875,0.6384945511817932,0.5199966430664062,0.6895053386688232
039775,0.9388020634651184,0.9531482458114624,0.48492133617401123,0.7161850929260254
039776,0.606689453125,0.6373392343521118,0.6509066820144653,0.7276914715766907
039777,0.9668782353401184,0.9674150347709656,0.7810032963752747,0.8314605951309204
039778,0.300537109375,0.37206220626831055,0.24733662605285645,0.38222289085388184
039779,0.23828125,0.3968130350112915,0.14078360795974731,0.32788580656051636
039780,0.9673665165901184,0.9677250981330872,0.8748590350151062,0.8594925403594971
039781,0.706298828125,0.7092742919921875,0.871160089969635,0.7827396988868713
039782,0.701171875,0.7054768800735474,0.5150786638259888,0.5280900597572327
039783,0.94140625,0.9518200159072876,0.5162065625190735,0.7125673294067383
039784,0.701171875,0.7045432329177856,0.7184317708015442,0.726087749004364
039785,0.9507649540901184,0.9533689618110657,0.7292529344558716,0.6617612242698669
039786,0.304931640625,0.4081404507160187,0.30563369393348694,0.6432831883430481
039787,0.951904296875,0.958022952079773,0.8690900206565857,0.9199420809745789
039788,0.712158203125,0.7125197649002075,0.8569586873054504,0.8145550489425659
039789,0.633056640625,0.6351603269577026,0.715326726436615,0.6158552169799805
039790,0.967041015625,0.96742182970047,0.9284793138504028,0.80210280418396
039791,0.946533203125,0.9549093246459961,0.575423002243042,0.6823069453239441
039792,0.4778645932674408,0.4807252585887909,0.5657033920288086,0.620068371295929
039794,0.9673665165901184,0.9677109718322754,0.8748590350151062,0.8402608036994934
039796,0.432373046875,0.4366699755191803,0.5636333227157593,0.6945619583129883
039797,0.956298828125,0.9591280221939087,0.7169486284255981,0.6748315095901489
039798,0.219970703125,0.33834314346313477,0.22389668226242065,0.5433762073516846
039800,0.956298828125,0.9597058892250061,1.0,0.9299644231796265
039802,0.366455078125,0.3734928369522095,0.3265250623226166,0.3999318480491638
039803,0.12109375,0.24348627030849457,0.09628736227750778,0.3427080512046814
039805,0.228759765625,0.2989291548728943,0.3198178708553314,0.46092140674591064
039807,0.9668782353401184,0.9675397276878357,0.892719030380249,0.8968944549560547
039808,0.9466145634651184,0.9551947116851807,0.5787770748138428,0.767447292804718
039809,0.323974609375,0.42884400486946106,0.2550044059753418,0.6516285538673401
039811,0.946533203125,0.9529833197593689,0.6577322483062744,0.7832115888595581
039813,0.490234375,0.6006984710693359,0.3180091083049774,0.6865233182907104
039814,0.12109375,0.20440673828125,0.24055138230323792,0.5095166563987732
039818,0.374755859375,0.48030886054039,0.24766992032527924,0.5354722142219543
039819,0.951171875,0.9538909792900085,0.8472716808319092,0.8501006364822388
039821,0.606689453125,0.6435787081718445,0.46666663885116577,0.6480159163475037
039822,0.947998046875,0.9559905529022217,0.6841284036636353,0.8476440906524658
039824,0.166259765625,0.338901549577713,0.12132726609706879,0.4531509280204773
039826,0.968017578125,0.968076765537262,1.0,0.8772752285003662
039827,0.393798828125,0.46949392557144165,0.31885725259780884,0.5281469821929932
039829,0.95703125,0.9575689435005188,0.8046074509620667,0.7845107913017273
039830,0.951171875,0.9560069441795349,0.6074502468109131,0.6016551852226257
039831,0.957763671875,0.9584758877754211,0.7236568927764893,0.8257462382316589
039833,0.962158203125,0.9626962542533875,0.8420895934104919,0.8891682624816895
039834,0.946533203125,0.956710934638977,0.575423002243042,0.6655938029289246
039835,0.953369140625,0.9583048820495605,0.6543781161308289,0.6836033463478088
039836,0.3125,0.3274097740650177,0.23463936150074005,0.38047128915786743
039837,0.9668782353401184,0.9674559235572815,0.7810032963752747,0.7500512003898621
039838,0.432373046875,0.43784499168395996,0.4040961265563965,0.47155851125717163
039839,0.567138671875,0.6192873120307922,0.4261382520198822,0.6680455207824707
039842,0.1875,0.2763671875,0.31939393281936646,0.640356719493866
039843,0.09375,0.17335358262062073,0.1465403288602829,0.30495935678482056
039845,0.488037109375,0.5906243324279785,0.398443341255188,0.7402885556221008
039851,0.261474609375,0.3013840317726135,0.6151177287101746,0.7417783737182617
039852,0.571533203125,0.5734672546386719,0.7592076063156128,0.775012195110321
039853,0.261474609375,0.261474609375,0.6806060075759888,0.6806060075759888
039854,0.365234375,0.41723060607910156,0.5741883516311646,0.8051667213439941
039855,0.957763671875,0.9586666822433472,0.7236568927764893,0.7556917071342468
039856,0.39453125,0.400791734457016,0.37281090021133423,0.5104371905326843
039858,0.44140625,0.4424642026424408,0.570875883102417,0.6199760437011719
039860,0.499755859375,0.5466194152832031,0.7271926999092102,0.9295987486839294
039862,0.947998046875,0.9502086043357849,0.6841284036636353,0.6144037842750549
039863,0.393798828125,0.41434812545776367,0.38908666372299194,0.36462584137916565
039866,0.393798828125,0.40395259857177734,0.690318763256073,0.6445066928863525
039867,0.95703125,0.9577946066856384,0.7039180397987366,0.6682087182998657
039868,0.39453125,0.39907631278038025,0.4261382520198822,0.5043738484382629
039869,0.706298828125,0.709794819355011,0.6245770454406738,0.6588286757469177
039870,0.39453125,0.39453125,0.4261382520198822,0.35688087344169617
039872,0.393798828125,0.42805740237236023,0.5977610945701599,0.6463304758071899
039873,0.5757649540901184,0.5769179463386536,0.49943602085113525,0.376269668340683
039874,0.44140625,0.44584959745407104,0.45818498730659485,0.43870359659194946
039875,0.505615234375,0.512814462184906,0.427834689617157,0.5526214838027954
039876,0.9507649540901184,0.9557061195373535,0.6379934549331665,0.8532016277313232
039885,0.956298828125,0.9610035419464111,0.7169486284255981,0.7515096068382263
039886,0.967041015625,0.9675949811935425,0.9284793138504028,0.8505467772483826
039887,0.278564453125,0.3996160626411438,0.21157628297805786,0.5982932448387146
039888,0.940673828125,0.9487854242324829,0.5768473744392395,0.6372798681259155
039889,0.556884765625,0.5986077785491943,0.8308104276657104,0.9529088139533997
039890,0.9668782353401184,0.9674763083457947,0.892719030380249,0.9716269969940186
039891,0.943115234375,0.9543877840042114,0.6126077175140381,0.7954108119010925
039893,0.393798828125,0.4554944634437561,0.42629045248031616,0.6682483553886414
039894,0.9507649540901184,0.9575694799423218,0.6379934549331665,0.6722965240478516
039897,0.0,0.14953859150409698,0.0,0.23962706327438354
039898,0.567138671875,0.6170139908790588,0.37281090021133423,0.5510583519935608
039899,0.5757649540901184,0.5811592936515808,0.6966133713722229,0.8240525126457214
039900,0.9673665165901184,0.9676500558853149,1.0,0.9036467671394348
039901,0.9673665165901184,0.9676694869995117,1.0,0.8771244287490845
039902,0.606689453125,0.6438316106796265,0.6509066820144653,0.7893350720405579
039903,0.966796875,0.9675019979476929,0.8748388290405273,0.9431058764457703
039904,0.9673665165901184,0.9678021669387817,0.8748590350151062,0.8419644236564636
039905,0.968017578125,0.968040406703949,1.0,0.8070765733718872
039906,0.260498046875,0.4111923575401306,0.22389668226242065,0.6248633861541748
039907,0.9388020634651184,0.9406331181526184,0.8911738991737366,0.952614426612854
039908,0.9507649540901184,0.9562200307846069,0.7292529344558716,0.8600714802742004
039909,0.968017578125,0.9680764675140381,1.0,0.9064858555793762
039911,0.943115234375,0.9499529600143433,0.5359453558921814,0.5395737886428833
039912,0.9673665165901184,0.9676303863525391,0.8748590350151062,0.8314120769500732
039913,0.9507649540901184,0.9550588726997375,0.7292529344558716,0.7672657370567322
039914,0.466064453125,0.564155638217926,0.25437816977500916,0.5286470651626587
039915,0.393798828125,0.4401929974555969,0.690318763256073,0.8214437961578369
039916,0.703369140625,0.706701934337616,0.6423966884613037,0.5945338010787964
039917,0.39453125,0.4031289517879486,0.37281090021133423,0.5915399193763733
039918,0.706298828125,0.7110799551010132,0.7139173746109009,0.8459256887435913
039921,0.9673665165901184,0.9677680134773254,0.8748590350151062,0.7895526885986328
039923,0.940673828125,0.9497328996658325,0.5768473744392395,0.639877200126648
039924,0.953369140625,0.9569995403289795,0.7479812502861023,0.7071354389190674
039926,0.39453125,0.40160858631134033,0.37281090021133423,0.5505892038345337
039927,0.962158203125,0.9625341892242432,0.9625431895256042,0.9288599491119385
039929,0.432373046875,0.4378308653831482,0.4618985950946808,0.6127331852912903
039933,0.9673665165901184,0.9675683379173279,1.0,0.8967142701148987
039934,0.2044270783662796,0.3000076711177826,0.3367719352245331,0.699657678604126
039935,0.951171875,0.9567119479179382,0.8472716808319092,0.8539069890975952
039937,0.5757649540901184,0.5773940682411194,0.6966133713722229,0.6357046365737915
039938,0.943115234375,0.9481769800186157,0.6126077175140381,0.5598700642585754
039940,0.968017578125,0.968045711517334,1.0,0.8264831900596619
039941,0.943115234375,0.9516271948814392,0.5359453558921814,0.6599875092506409
039942,0.659423828125,0.6642170548439026,0.5918076038360596,0.6942426562309265
039946,0.943359375,0.9525243043899536,0.5284951329231262,0.598805844783783
039949,0.956298828125,0.9572257995605469,1.0,1.0
039951,0.619873046875,0.6243366003036499,0.6602633595466614,0.7594432234764099
039954,0.432373046875,0.4353768527507782,0.5636333227157593,0.5736626386642456
039960,0.633056640625,0.6368060111999512,0.715326726436615,0.6711324453353882
039961,0.962158203125,0.962523877620697,0.9625431895256042,0.9687458872795105
039963,0.967041015625,0.9676207900047302,0.8122885227203369,0.9214626550674438
039964,0.469970703125,0.4781849980354309,0.4431702494621277,0.5635280013084412
039965,0.956298828125,0.9573826789855957,1.0,0.9156827926635742
039966,0.469970703125,0.47891902923583984,0.4431702494621277,0.577125072479248
039967,0.39453125,0.402963250875473,0.4261382520198822,0.6806172728538513
039968,0.956298828125,0.9589502811431885,0.7169486284255981,0.6536852121353149
039970,0.23828125,0.3966941833496094,0.19636499881744385,0.509037435054779
039973,0.61328125,0.6198837757110596,0.5185247659683228,0.6791700124740601
039974,0.9668782353401184,0.967464029788971,0.892719030380249,0.9616866111755371
039975,0.3059895932674408,0.33128103613853455,0.5032320022583008,0.45897331833839417
039976,0.560546875,0.616908609867096,0.4981783330440521,0.6877672076225281
039977,0.556884765625,0.5958818793296814,0.8308104276657104,0.956324577331543
039980,0.946533203125,0.9514407515525818,0.8026000261306763,0.7689106464385986
039981,0.951904296875,0.957220196723938,0.7122209072113037,0.7100392580032349
039983,0.9444172978401184,0.9480994343757629,0.9456308484077454,0.9887257218360901
039984,0.4375,0.4410156309604645,0.5419421792030334,0.5461125373840332
039985,0.9673665165901184,0.9677320718765259,1.0,0.9291563034057617
039986,0.956298828125,0.9594917297363281,0.7169486284255981,0.7083088159561157
039987,0.501953125,0.5129103660583496,0.3741941750049591,0.6189383864402771
039988,0.9466145634651184,0.9530869722366333,0.6615661382675171,0.7956724762916565
039989,0.968017578125,0.9680618047714233,1.0,0.9062707424163818
039994,0.968017578125,0.9680777788162231,1.0,0.9105144739151001
039997,0.962158203125,0.9625487923622131,0.8420895934104919,0.8585960865020752
039998,0.304931640625,0.3670571446418762,0.49493172764778137,0.5943999290466309
039999,0.568359375,0.5783444046974182,0.4457148313522339,0.597169816493988
040004,0.374755859375,0.4285474419593811,0.3454500138759613,0.4372466504573822
040006,0.959228515625,0.9598449468612671,0.8722942471504211,0.8800594210624695
040008,0.968017578125,0.9680777192115784,1.0,0.9001331925392151
040009,0.9668782353401184,0.9677694439888,0.7810032963752747,0.8582261800765991
040010,0.508056640625,0.5132448077201843,0.5334192514419556,0.6414155960083008
040013,0.957763671875,0.9583129286766052,0.7236568927764893,0.7507392168045044
040014,0.260498046875,0.39540934562683105,0.22389668226242065,0.6577118039131165
040015,0.943115234375,0.943115234375,0.9849443435668945,0.9849443435668945
040018,0.968017578125,0.9680513739585876,1.0,0.9726918339729309
040019,0.580322265625,0.6423569321632385,0.4618985950946808,0.6537309885025024
040020,0.9466145634651184,0.9513157606124878,0.5787770748138428,0.6176627278327942
040022,0.959228515625,0.9599196314811707,0.7631344795227051,0.8853814005851746
040023,0.9507649540901184,0.9576727747917175,0.6379934549331665,0.730194628238678
040024,0.431884765625,0.4944315552711487,0.4763599932193756,0.7638025283813477
040026,0.956298828125,0.9601738452911377,0.7169486284255981,0.8058855533599854
040027,0.431884765625,0.46138930320739746,0.7318407297134399,0.7073993682861328
040028,0.947998046875,0.9543581604957581,0.6841284036636353,0.8083949089050293
040031,0.9673665165901184,0.967799186706543,0.8748590350151062,0.8720675706863403
040033,0.9673665165901184,0.9676635265350342,1.0,0.9175055027008057
040035,0.633056640625,0.6361084580421448,0.7837249636650085,0.8062990307807922
040036,0.940673828125,0.950318455696106,0.7038999795913696,0.8730842471122742
040037,0.9507649540901184,0.954334020614624,0.8898733854293823,0.8011163473129272
040039,0.968017578125,0.9680619239807129,1.0,0.9314391016960144
040040,0.520263671875,0.520604133605957,0.6423966884613037,0.6794963479042053
040042,0.32421875,0.33618780970573425,0.25437816977500916,0.4761568605899811
040043,0.518798828125,0.5996637940406799,0.3251410126686096,0.497323602437973
040044,0.278564453125,0.2847442626953125,0.45805788040161133,0.4040513336658478
040045,0.968017578125,0.9680607318878174,1.0,0.9175688028335571
040046,0.9673665165901184,0.9677739143371582,0.8748590350151062,0.8879563212394714
040048,0.228759765625,0.26316356658935547,0.15910254418849945,0.200514018535614
040049,0.967041015625,0.9674692153930664,0.9284793138504028,0.9114152789115906
040050,0.571533203125,0.5789415240287781,0.6093400716781616,0.7336574792861938
040051,0.03125,0.0488630011677742,0.29608193039894104,0.6196686625480652
040052,0.490234375,0.5777824521064758,0.3180091083049774,0.5899648070335388
040054,0.968017578125,0.9680566191673279,1.0,0.920082151889801
040055,0.956298828125,0.961135983467102,0.7169486284255981,0.9235972166061401
040058,0.450927734375,0.458355575799942,0.48571667075157166,0.6015511155128479
040059,0.951904296875,0.9563864469528198,0.8690900206565857,0.9080435037612915
040060,0.469970703125,0.4773646593093872,0.4431702494621277,0.5854131579399109
040062,0.703369140625,0.7066938281059265,0.7838867902755737,0.8618562817573547
040063,0.567138671875,0.6134032607078552,0.5199966430664062,0.595038890838623
040064,0.9507649540901184,0.9549395442008972,0.7292529344558716,0.7426164746284485
040065,0.304931640625,0.3841589689254761,0.6151177287101746,0.823511004447937
040067,0.9673665165901184,0.9678126573562622,0.8748590350151062,0.9128400087356567
040068,0.957763671875,0.9582968950271606,0.8271697163581848,0.800733208656311
040070,0.967041015625,0.9675816297531128,0.9284793138504028,0.8475708365440369
040071,0.953369140625,0.9582250714302063,0.7479812502861023,0.8264474272727966
040072,0.701904296875,0.7073519229888916,0.6066363453865051,0.767131507396698
040074,0.261474609375,0.3007960617542267,0.20000000298023224,0.23536139726638794
040075,0.466064453125,0.5689123868942261,0.35480669140815735,0.6909940242767334
040076,0.953369140625,0.9585708379745483,0.7479812502861023,0.7941669821739197
040077,0.95703125,0.9576351642608643,0.8046074509620667,0.7364881634712219
040079,0.44921875,0.5791213512420654,0.2682024836540222,0.6168877482414246
040080,0.953369140625,0.9577277302742004,0.7479812502861023,0.6482088565826416
040081,0.16796875,0.2409224957227707,0.14772342145442963,0.2968607246875763
040082,0.968017578125,0.9680662155151367,1.0,0.9769486784934998
040083,0.1875,0.1875,0.31939393281936646,0.31939393281936646
040084,0.606689453125,0.6320299506187439,0.5334192514419556,0.5685426592826843
040085,0.946533203125,0.9527826309204102,0.8026000261306763,0.8293412923812866
040086,0.943115234375,0.9522212743759155,0.5359453558921814,0.6738818883895874
040087,0.584228515625,0.5847304463386536,0.6245770454406738,0.7003572583198547
040088,0.455078125,0.5414538383483887,0.5115761756896973,0.8435591459274292
040090,0.962158203125,0.9624285101890564,0.8420895934104919,0.7427865862846375
040091,0.947998046875,0.9537570476531982,0.8348100185394287,0.8936254382133484
040093,0.3599446713924408,0.39889129996299744,0.6497723460197449,0.7709550261497498
040094,0.9673665165901184,0.967646598815918,1.0,0.8511736989021301
040097,0.34765625,0.35991814732551575,0.293855756521225,0.5326272249221802
040098,0.304931640625,0.4343380331993103,0.2789600193500519,0.5497362613677979
040099,0.943359375,0.9513891339302063,0.7371450066566467,0.8148859143257141
040100,0.518798828125,0.5533429980278015,0.3716495931148529,0.4243868291378021
040102,0.431884765625,0.46470752358436584,0.7318407297134399,0.7272311449050903
040103,0.393798828125,0.4852544665336609,0.2789551615715027,0.5561648011207581
040105,0.2122395932674408,0.25092434883117676,0.1687147468328476,0.1963842213153839
040106,0.263671875,0.263671875,0.4707868993282318,0.4707868993282318
040107,0.9673665165901184,0.967755138874054,0.8748590350151062,0.8531050682067871
040108,0.2774251401424408,0.4109194576740265,0.19284793734550476,0.39480507373809814
040110,0.261474609375,0.3346695005893707,0.4285714626312256,0.6136994957923889
040112,0.2122395932674408,0.240176722407341,0.4175114035606384,0.48576799035072327
040114,0.0625,0.184814453125,0.043636664748191833,0.19860190153121948
040115,0.197998046875,0.3208467662334442,0.15708759427070618,0.45080775022506714
040116,0.431884765625,0.46677979826927185,0.4763599932193756,0.51971435546875
040117,0.947998046875,0.9548038840293884,0.5985158681869507,0.810634434223175
040118,0.61328125,0.6172423958778381,0.6327316761016846,0.683739185333252
040119,0.0,0.09813334047794342,0.0,0.1209154948592186
040122,0.455078125,0.5435633659362793,0.2728845775127411,0.5179265737533569
040123,0.531982421875,0.5888935327529907,0.3482339084148407,0.44265273213386536
040124,0.499755859375,0.5835950970649719,0.4098700284957886,0.6155337691307068
040125,0.940673828125,0.950416088104248,0.7038999795913696,0.8004602193832397
040126,0.2044270783662796,0.2788136899471283,0.2709710896015167,0.48819267749786377
040127,0.9507649540901184,0.9577250480651855,0.6379934549331665,0.8824012875556946
040128,0.951904296875,0.9576056599617004,0.7122209072113037,0.7599307298660278
040129,0.939453125,0.939453125,0.7473011612892151,0.6497013568878174
040130,0.606689453125,0.6242561340332031,1.0,0.7754706740379333
040131,0.962158203125,0.9625049233436584,0.8420895934104919,0.8100095391273499
040132,0.510498046875,0.5135074853897095,0.6093400716781616,0.6523550152778625
040134,0.2774251401424408,0.40173888206481934,0.257824569940567,0.5370728969573975
040135,0.9444172978401184,0.953605055809021,0.6219719052314758,0.6521825194358826
040136,0.947998046875,0.9559583067893982,0.5985158681869507,0.7124317288398743
040138,0.556884765625,0.5855157375335693,0.3877114951610565,0.42064526677131653
040139,0.505615234375,0.5141637325286865,0.427834689617157,0.543053925037384
040141,0.633056640625,0.6377548575401306,0.5862115621566772,0.6092700362205505
040145,0.510498046875,0.5154232978820801,0.6093400716781616,0.6779390573501587
040146,0.953369140625,0.9569836258888245,0.912726640701294,0.7714009881019592
040147,0.568359375,0.5781915783882141,0.4457148313522339,0.6015166640281677
040149,0.9444172978401184,0.9492649435997009,0.6219719052314758,0.5608968734741211
040150,0.967041015625,0.9674517512321472,0.8122885227203369,0.7533746361732483
040151,0.3059895932674408,0.3981979191303253,0.2033541053533554,0.35267671942710876
040152,0.110107421875,0.2895849347114563,0.07620275020599365,0.3705129623413086
040154,0.951171875,0.9535050988197327,0.694340705871582,0.5701107382774353
040156,0.556884765625,0.6196467876434326,0.4431702494621277,0.7126901745796204
040158,0.0625,0.0856236070394516,0.053640495985746384,0.06858757138252258
040159,0.560546875,0.5982436537742615,0.4082580804824829,0.449394166469574
040160,0.712158203125,0.7124636173248291,0.8569586873054504,0.7513188123703003
040161,0.374755859375,0.478432834148407,0.28309693932533264,0.5155091285705566
040162,0.9375,0.9524685144424438,0.4692787230014801,0.5850671529769897
040164,0.9444172978401184,0.9493184089660645,0.9456308484077454,0.9621767401695251
040165,0.701171875,0.701171875,0.7184317708015442,0.6598353981971741
040166,0.962158203125,0.9624882936477661,0.8420895934104919,0.858276903629303
040170,0.967041015625,0.9674456119537354,0.8122885227203369,0.7450005412101746
040173,0.267578125,0.30568695068359375,0.5211794376373291,0.7185460925102234
040176,0.956298828125,0.9602872729301453,0.8195018768310547,0.8229280710220337
040178,0.962158203125,0.9625616669654846,0.8420895934104919,0.8399698734283447
040179,0.967041015625,0.9678241014480591,0.8122885227203369,0.9175851345062256
040183,0.943115234375,0.952677845954895,0.5359453558921814,0.7116063833236694
040184,0.947998046875,0.9504083395004272,0.8348100185394287,0.7604171633720398
040186,0.966796875,0.9673929214477539,0.8748388290405273,0.9367673993110657
040187,0.469970703125,0.47580260038375854,0.5407800078392029,0.5895001888275146
040189,0.9668782353401184,0.9674645662307739,0.892719030380249,0.8635176420211792
040191,0.9444172978401184,0.9502129554748535,0.7589633464813232,0.7429972887039185
040192,0.9673665165901184,0.9676527380943298,0.8748590350151062,0.6990524530410767
040193,0.957763671875,0.9581105709075928,0.8271697163581848,0.7142511010169983
040199,0.304931640625,0.4141537547111511,0.20000000298023224,0.4170668125152588
040200,0.518798828125,0.5608260631561279,0.6967307925224304,0.6943030953407288
040201,0.469970703125,0.47559934854507446,0.4431702494621277,0.5943830609321594
040202,0.9668782353401184,0.9676817655563354,0.7810032963752747,0.9536603093147278
040203,0.469970703125,0.4768364131450653,0.4431702494621277,0.5900401473045349
040204,0.701171875,0.7059267163276672,0.7184317708015442,0.8329541683197021
040206,0.706298828125,0.7098857760429382,0.7139173746109009,0.8123827576637268
040207,0.499755859375,0.5662356615066528,0.629690945148468,0.8118887543678284
040208,0.260498046875,0.3803260624408722,0.18348374962806702,0.41778624057769775
040210,0.580322265625,0.6243640780448914,0.86592036485672,0.9241523146629333
040211,0.956298828125,0.9604007601737976,0.7169486284255981,0.9060691595077515
040214,0.571533203125,0.5764645934104919,0.43686550855636597,0.4318433105945587
040215,0.9444172978401184,0.952848494052887,0.544137716293335,0.5405467748641968
040217,0.962158203125,0.9626845717430115,0.8420895934104919,0.8180530667304993
040218,0.1458333432674408,0.2581644356250763,0.10949836671352386,0.3638404309749603
040219,0.9673665165901184,0.9677314162254333,1.0,0.865290105342865
040220,0.706298828125,0.709608793258667,0.7139173746109009,0.772394597530365
040221,0.967041015625,0.9676182866096497,0.9284793138504028,0.9265729188919067
040222,0.432373046875,0.43582984805107117,0.4618985950946808,0.4992873966693878
040224,0.959228515625,0.9596222043037415,0.8722942471504211,0.8134260773658752
040225,0.44921875,0.544400691986084,0.2682024836540222,0.39758041501045227
040226,0.263671875,0.3721674680709839,0.32801172137260437,0.5767096281051636
040227,0.3599446713924408,0.4041852056980133,0.5626510977745056,0.6646970510482788
040229,0.9466145634651184,0.9529426097869873,0.6615661382675171,0.8074944615364075
040230,0.940673828125,0.9540618062019348,0.5768473744392395,0.785984218120575
040231,0.567138671875,0.6042143702507019,0.5199966430664062,0.520031750202179
040232,0.957763671875,0.9584588408470154,0.8271697163581848,0.8602865934371948
040234,0.946533203125,0.9524358510971069,0.8026000261306763,0.8618451952934265
040235,0.556884765625,0.6185334920883179,0.4431702494621277,0.5835763216018677
040236,0.571533203125,0.5734672546386719,0.6676040887832642,0.5997384190559387
040237,0.943115234375,0.9527530670166016,0.6126077175140381,0.6781600713729858
040238,0.943115234375,0.9535238146781921,0.6126077175140381,0.7909542322158813
040239,0.9673665165901184,0.9677957892417908,0.8748590350151062,0.8521031737327576
040240,0.712158203125,0.7126895189285278,0.7497180104255676,0.8268638253211975
040241,0.61328125,0.6159420013427734,0.6327316761016846,0.6564050912857056
040242,0.9466145634651184,0.9479329586029053,0.8844688534736633,0.8045169711112976
040243,0.968017578125,0.9680583477020264,1.0,0.8597630262374878
040244,0.9444172978401184,0.9491155743598938,0.8315341472625732,0.8382033109664917
040245,0.9388020634651184,0.9492325186729431,0.5542851090431213,0.6179022192955017
040249,0.571533203125,0.5774756669998169,0.49935534596443176,0.5158067941665649
040250,0.951904296875,0.9591035842895508,0.6230928897857666,0.755236804485321
040251,0.263671875,0.36249181628227234,0.17496776580810547,0.4464496076107025
040252,0.510498046875,0.5162116885185242,0.49935534596443176,0.6463965177536011
040254,0.25390625,0.345800518989563,0.18509942293167114,0.5638095140457153
040255,0.323974609375,0.38063517212867737,0.2550044059753418,0.5026944279670715
040256,0.712158203125,0.7126086950302124,0.7497180104255676,0.7466542720794678
040257,0.956298828125,0.9580291509628296,1.0,0.9458387494087219
040259,0.968017578125,0.9680637121200562,1.0,0.9468221664428711
040260,0.212890625,0.3447408676147461,0.1584416627883911,0.5196972489356995
040261,0.95703125,0.957707405090332,0.8046074509620667,0.7824411392211914
040263,0.957763671875,0.9580535888671875,0.8271697163581848,0.706213116645813
040266,0.388427734375,0.39724212884902954,0.3251410126686096,0.4616268277168274
040270,0.703369140625,0.7060052156448364,0.7838867902755737,0.841454803943634
040271,0.146728515625,0.22380581498146057,0.1366233378648758,0.2539080083370209
040272,0.520263671875,0.5208721160888672,0.5620065331459045,0.5999101400375366
040273,0.943115234375,0.9516064524650574,0.6126077175140381,0.6401206254959106
040274,0.44921875,0.5370154976844788,0.2682024836540222,0.49824094772338867
040275,0.469970703125,0.47753646969795227,0.3877114951610565,0.5265058875083923
040277,0.228759765625,0.38379594683647156,0.18026001751422882,0.5483118891716003
040278,0.166259765625,0.29359349608421326,0.14805001020431519,0.474031537771225
040279,0.703369140625,0.7085173726081848,0.5620065331459045,0.7573943138122559
040281,0.968017578125,0.9680770039558411,1.0,0.9478139877319336
040283,0.9673665165901184,0.9677663445472717,0.8748590350151062,0.8609974980354309
040284,0.0,0.1171875,0.0,0.14157193899154663
040285,0.968017578125,0.9680414795875549,1.0,0.9490366578102112
040286,0.968017578125,0.9680536389350891,1.0,0.8088287711143494
040287,0.4778645932674408,0.48164114356040955,0.4635950028896332,0.6278560161590576
040288,0.488037109375,0.5381518006324768,0.8785831332206726,0.9436702728271484
040290,0.51953125,0.5658268332481384,0.45818498730659485,0.6567265391349792
040291,0.219970703125,0.34135109186172485,0.18348374962806702,0.6108712553977966
040292,0.47265625,0.5640856623649597,0.3039627969264984,0.5306121110916138
040293,0.953369140625,0.9588249921798706,0.7479812502861023,0.884203314781189
040294,0.46875,0.4716796875,0.5441304445266724,0.6184157729148865
040299,0.9668782353401184,0.9673471450805664,0.7810032963752747,0.7228304743766785
040301,0.633056640625,0.6374024748802185,0.5128524899482727,0.6089327335357666
040302,0.505615234375,0.5109803080558777,0.5220667123794556,0.5764347314834595
040305,0.967041015625,0.9673648476600647,0.9284793138504028,0.7881496548652649
040306,0.9466145634651184,0.9521781206130981,0.8072783350944519,0.8457751870155334
040307,0.703369140625,0.7084594368934631,0.6423966884613037,0.7437601685523987
040308,0.556884765625,0.6171379089355469,0.5407800078392029,0.7787723541259766
040309,0.2774251401424408,0.3590279519557953,0.36153164505958557,0.5564113855361938
040310,0.9507649540901184,0.955359160900116,0.7292529344558716,0.8741075992584229
040311,0.9673665165901184,0.967902660369873,0.8748590350151062,0.9511548280715942
040313,0.9507649540901184,0.957671046257019,0.6379934549331665,0.7739573121070862
040315,0.957763671875,0.958162784576416,0.8271697163581848,0.8393822908401489
040317,0.953369140625,0.9589394330978394,0.7479812502861023,0.7229835391044617
040319,0.9507649540901184,0.9552235007286072,0.7292529344558716,0.720718502998352
040321,0.951171875,0.9538326263427734,0.694340705871582,0.5989428758621216
040323,0.701171875,0.706547200679779,0.5887562036514282,0.5603278875350952
040324,0.940673828125,0.9486039280891418,0.771205723285675,0.8862333297729492
040325,0.968017578125,0.9680497646331787,1.0,0.870875895023346
040326,0.9466145634651184,0.9513767957687378,0.6615661382675171,0.6991725564002991
040328,0.967041015625,0.9672510027885437,0.9284793138504028,0.8131017088890076
040330,0.48828125,0.48892107605934143,0.5307213068008423,0.5171830058097839
040331,0.959228515625,0.9597219824790955,0.7631344795227051,0.7184473276138306
040332,0.344482421875,0.3583869934082031,0.690318763256073,0.7648458480834961
040333,0.701171875,0.7067273855209351,0.5887562036514282,0.7072911262512207
040334,0.110107421875,0.2756257653236389,0.07620275020599365,0.35126081109046936
040335,0.633056640625,0.6399936676025391,0.5862115621566772,0.7584517598152161
040336,0.946533203125,0.9565285444259644,0.575423002243042,0.6758169531822205
040337,0.432373046875,0.43381500244140625,0.5636333227157593,0.45220234990119934
040338,0.939453125,0.9535818099975586,0.5589672327041626,0.7671396732330322
040339,0.47265625,0.497650146484375,0.6580725908279419,0.8022856116294861
040340,0.94140625,0.949531078338623,0.5162065625190735,0.6021498441696167
040342,0.61328125,0.6190187335014343,0.4536360800266266,0.5580235719680786
040347,0.0625,0.2430490255355835,0.04780912771821022,0.43388688564300537
040348,0.967041015625,0.9675679206848145,0.8122885227203369,0.7452025413513184
040349,0.1458333432674408,0.1458333432674408,0.23463937640190125,0.18332475423812866
040351,0.518798828125,0.5234405398368835,1.0,0.892970085144043
040352,0.490234375,0.5595622062683105,0.3180091083049774,0.48590341210365295
040356,0.61328125,0.6200103759765625,0.5185247659683228,0.7307000756263733
040357,0.08203125,0.23311688005924225,0.053640495985746384,0.34550076723098755
040358,0.508056640625,0.5143356919288635,0.46666663885116577,0.6864913105964661
040359,0.9375,0.9511210322380066,0.5364049673080444,0.7571504712104797
040360,0.9388020634651184,0.9532536864280701,0.48492133617401123,0.8066653609275818
040362,0.580322265625,0.6411779522895813,0.5636333227157593,0.7088102102279663
040363,0.556884765625,0.619842529296875,0.3877114951610565,0.6574095487594604
040364,0.968017578125,0.9680777192115784,1.0,0.8956436514854431
040365,0.393798828125,0.4429398477077484,0.38908666372299194,0.42627716064453125
040366,0.968017578125,0.9680476784706116,1.0,0.8226775527000427
040369,0.5757649540901184,0.5807823538780212,0.49943602085113525,0.7238764762878418
040370,0.968017578125,0.9680495262145996,1.0,0.8602200150489807
040371,0.968017578125,0.968043863773346,1.0,0.8255891799926758
040372,0.956298828125,0.9603767991065979,0.7169486284255981,0.879633903503418
040374,0.968017578125,0.9680653214454651,1.0,0.9668777585029602
040377,0.9375,0.9474121332168579,0.6545500159263611,0.8055378794670105
040382,0.953369140625,0.9580780267715454,0.7479812502861023,0.7830804586410522
040383,0.706298828125,0.710375189781189,0.6245770454406738,0.7269183397293091
040384,0.968017578125,0.9680711030960083,1.0,0.9389803409576416
040386,0.344482421875,0.4165332317352295,0.38908666372299194,0.6919251084327698
040391,0.633056640625,0.6377589106559753,0.5128524899482727,0.706240177154541
040392,0.9668782353401184,0.9677656888961792,0.7810032963752747,0.8494560718536377
040393,0.3599446713924408,0.4336514472961426,0.3001289367675781,0.6561463475227356
040394,0.968017578125,0.9680484533309937,1.0,0.8865734338760376
040396,0.943115234375,0.9546457529067993,0.5359453558921814,0.7724065780639648
040397,0.518798828125,0.5890398621559143,0.4535067081451416,0.5296202898025513
040398,0.260498046875,0.3770270049571991,0.22389668226242065,0.6324522495269775
040399,0.943115234375,0.9479605555534363,0.7475366592407227,0.7516204714775085
040400,0.701171875,0.7029571533203125,0.7871269583702087,0.845787525177002
040401,0.19921875,0.3133394420146942,0.14078360795974731,0.33241012692451477
040402,0.943359375,0.9521591067314148,0.5284951329231262,0.560136616230011
040408,0.701904296875,0.7083574533462524,0.5307213068008423,0.7503200769424438
040409,0.968017578125,0.9680546522140503,1.0,0.9642704725265503
040411,0.943115234375,0.9523904323577881,0.6126077175140381,0.7884894609451294
040412,0.943115234375,0.9482229351997375,0.819014847278595,0.8149285316467285
040413,0.9673665165901184,0.9677397012710571,0.8748590350151062,0.7747683525085449
040415,0.1875,0.3182327151298523,0.1309099942445755,0.3001890778541565
040418,0.5757649540901184,0.5757649540901184,0.763222336769104,0.763222336769104
040419,0.466064453125,0.5484122037887573,0.2907647490501404,0.441756933927536
040420,0.951171875,0.9587896466255188,0.694340705871582,0.7643426656723022
040421,0.4778645932674408,0.4840637743473053,0.4635950028896332,0.551799476146698
040422,0.943359375,0.9512232542037964,0.7371450066566467,0.8122782707214355
040424,0.953369140625,0.9568375945091248,0.912726640701294,0.8748793005943298
040425,0.46875,0.4723877012729645,0.4129750728607178,0.4863213896751404
040426,0.9466145634651184,0.9530393481254578,0.5787770748138428,0.6301984786987305
040428,0.9668782353401184,0.9673726558685303,0.7810032963752747,0.7115465998649597
040429,0.365234375,0.446509450674057,0.26521679759025574,0.4583183825016022
040430,0.951904296875,0.9597792625427246,0.7122209072113037,0.9204403758049011
040431,0.393798828125,0.47025439143180847,0.2789551615715027,0.6648958325386047
040432,0.300537109375,0.35125118494033813,0.4636814594268799,0.4900924563407898
040434,0.966796875,0.9672616124153137,0.7653606534004211,0.6807553172111511
040437,0.9673665165901184,0.9678987860679626,0.8748590350151062,0.9112657308578491
040438,0.518798828125,0.6070240139961243,0.496870219707489,0.7528192400932312
040439,0.23046875,0.3116844594478607,0.214540034532547,0.38038933277130127
040441,0.9673665165901184,0.9677016139030457,0.8748590350151062,0.7889353632926941
040442,0.940673828125,0.9485118389129639,0.5046601295471191,0.5804334878921509
040444,0.956298828125,0.9591012597084045,0.7169486284255981,0.6688879132270813
040446,0.953369140625,0.9591802954673767,0.7479812502861023,0.8782866597175598
040447,0.943115234375,0.9547007083892822,0.6126077175140381,0.7956462502479553
040448,0.968017578125,0.9680764079093933,1.0,0.8755660653114319
040449,0.556884765625,0.5727702379226685,0.5407800078392029,0.4296468496322632
040450,0.490234375,0.6017910242080688,0.3180091083049774,0.6534926891326904
040451,0.323974609375,0.3913452625274658,0.3111700117588043,0.6299251317977905
040452,0.943115234375,0.9511023759841919,0.6126077175140381,0.775231122970581
040455,0.967041015625,0.9675981402397156,0.8122885227203369,0.7983654737472534
040456,0.619873046875,0.6254701018333435,0.5410870313644409,0.5701229572296143
040457,0.9673665165901184,0.96773761510849,0.8748590350151062,0.8379442095756531
040458,0.940673828125,0.9501504898071289,0.5768473744392395,0.6807069182395935
040459,0.967041015625,0.9676833748817444,0.8122885227203369,0.9250667095184326
040461,0.4375,0.5760345458984375,0.21899673342704773,0.5670482516288757
040462,0.619873046875,0.6265447735786438,0.4733748733997345,0.7170371413230896
040463,0.567138671875,0.6151459217071533,0.4261382520198822,0.4609604775905609
040464,0.701904296875,0.710025429725647,0.5307213068008423,0.7056625485420227
040465,0.25390625,0.31710729002952576,0.39664164185523987,0.44014766812324524
040468,0.560546875,0.5707950592041016,0.4082580804824829,0.3188003897666931
040469,0.701904296875,0.7097376585006714,0.6066363453865051,0.6997693181037903
040470,0.633056640625,0.6386368870735168,0.5862115621566772,0.7362393140792847
040471,0.943115234375,0.9547268152236938,0.5359453558921814,0.7125584483146667
040473,0.967041015625,0.9672982096672058,0.9284793138504028,0.8028780817985535
040476,0.34765625,0.3572111427783966,0.3358892798423767,0.5120954513549805
040477,0.953369140625,0.9585099816322327,0.912726640701294,0.879180371761322
040478,0.967041015625,0.9674727916717529,0.8122885227203369,0.7098775506019592
040479,0.9673665165901184,0.9675811529159546,0.8748590350151062,0.7487224340438843
040480,0.967041015625,0.9674007296562195,0.9284793138504028,0.8862735033035278
040481,0.9668782353401184,0.9673731327056885,0.7810032963752747,0.6392875909805298
040483,0.212890625,0.39588165283203125,0.12984324991703033,0.4301292896270752
040484,0.953369140625,0.955101728439331,0.912726640701294,0.8400123715400696
040485,0.962158203125,0.9625710248947144,0.8420895934104919,0.8544865250587463
040486,0.9507649540901184,0.9530418515205383,0.8898733854293823,0.8576181530952454
040489,0.580322265625,0.6213842034339905,0.5636333227157593,0.7155890464782715
040490,0.393798828125,0.46204885840415955,0.5977610945701599,0.8241432309150696
040491,0.393798828125,0.4250730574131012,0.8579513430595398,0.8229823112487793
040492,0.951171875,0.9583227038383484,0.6074502468109131,0.6978542804718018
040495,0.659423828125,0.6632638573646545,0.6764605641365051,0.7508418560028076
040497,0.9444172978401184,0.9559050798416138,0.6219719052314758,0.8455219268798828
040498,0.9507649540901184,0.9552080631256104,0.7292529344558716,0.677518367767334
040499,0.388427734375,0.3947533667087555,0.3716495931148529,0.48375940322875977
040500,0.659423828125,0.6622806787490845,0.8254533410072327,0.8331642150878906
040502,0.951171875,0.9572941660881042,0.694340705871582,0.7302514910697937
040504,0.94140625,0.9477197527885437,0.5162065625190735,0.5286283493041992
040507,0.966796875,0.9673753380775452,0.8748388290405273,0.7985763549804688
040509,0.9668782353401184,0.9672397971153259,0.7810032963752747,0.6761906147003174
040514,0.374755859375,0.45910704135894775,0.3454500138759613,0.6798109412193298
040515,0.508056640625,0.5122551918029785,0.5334192514419556,0.5806969404220581
040518,0.951171875,0.95829176902771,0.694340705871582,0.8201920390129089
040519,0.366455078125,0.3729037940502167,0.4365417957305908,0.5881569385528564
040520,0.9466145634651184,0.9548543095588684,0.6615661382675171,0.8925831317901611
040521,0.9388020634651184,0.95072340965271,0.5542851090431213,0.6295269131660461
040524,0.967041015625,0.9674489498138428,0.8122885227203369,0.7343804240226746
040525,0.953369140625,0.9603549838066101,0.6543781161308289,0.7772859930992126
040526,0.584228515625,0.5847318768501282,0.7139173746109009,0.7121188044548035
040527,0.712158203125,0.7125066518783569,0.8569586873054504,0.8812586069107056
040532,0.959228515625,0.9598003625869751,0.7631344795227051,0.7954442501068115
040533,0.968017578125,0.9680704474449158,1.0,0.9822807312011719
040534,0.953369140625,0.9603698253631592,0.6543781161308289,0.8230621218681335
040535,0.9673665165901184,0.9677561521530151,0.8748590350151062,0.7601240277290344
040536,0.940673828125,0.9480958580970764,0.5046601295471191,0.5829502940177917
040537,0.219970703125,0.32847294211387634,0.16052241623401642,0.5262646079063416
040538,0.701904296875,0.7083842158317566,0.5307213068008423,0.755868673324585
040543,0.606689453125,0.6432573795318604,0.5334192514419556,0.7436715364456177
040545,0.968017578125,0.9680772423744202,1.0,0.987943708896637
040548,0.3599446713924408,0.4178157448768616,0.26257050037384033,0.4602828025817871
040550,0.951904296875,0.9600361585617065,0.6230928897857666,0.7908711433410645
040551,0.9673665165901184,0.9676880240440369,1.0,0.9816723465919495
040552,0.968017578125,0.9680495858192444,1.0,0.9363996982574463
040553,0.431884765625,0.4681212902069092,0.390377938747406,0.41065916419029236
040554,0.701904296875,0.7070904970169067,0.7402501106262207,0.8478643298149109
040559,0.584228515625,0.584782063961029,0.6245770454406738,0.6485311388969421
040560,0.278564453125,0.35552918910980225,0.21157628297805786,0.42330536246299744
040562,0.490234375,0.5558189153671265,0.3180091083049774,0.3935338258743286
040563,0.701171875,0.7035849690437317,0.7184317708015442,0.6617434024810791
040564,0.0625,0.241943359375,0.03128524869680405,0.17187488079071045
040566,0.4375,0.5176020860671997,0.2503223121166229,0.33420658111572266
040568,0.47265625,0.47617265582084656,0.3920743465423584,0.4285180866718292
040570,0.261474609375,0.3645769953727722,0.20000000298023224,0.39910662174224854
040572,0.2044270783662796,0.34298375248908997,0.15272833406925201,0.5387364029884338
040573,0.962158203125,0.9626376032829285,0.8420895934104919,0.8612470626831055
040574,0.633056640625,0.639335036277771,0.5128524899482727,0.7636363506317139
040575,0.09375,0.19701430201530457,0.1465403288602829,0.5162551999092102
040576,0.23828125,0.259352445602417,0.21514107286930084,0.2278212159872055
040577,0.962158203125,0.962590754032135,0.8420895934104919,0.8727549314498901
040579,0.2122395932674408,0.2336629331111908,0.5188971757888794,0.6432170271873474
040580,0.619873046875,0.6248765587806702,0.4733748733997345,0.5556524991989136
040581,0.39453125,0.3997175693511963,0.5199966430664062,0.5789888501167297
040582,0.968017578125,0.9680526852607727,1.0,0.8749585151672363
040584,0.706298828125,0.708941638469696,0.7139173746109009,0.5927771925926208
040586,0.701171875,0.709774911403656,0.5150786638259888,0.7473359107971191
040587,0.946533203125,0.9566354155540466,0.575423002243042,0.793319046497345
040588,0.3599446713924408,0.44932788610458374,0.26257050037384033,0.44097644090652466
040590,0.9673665165901184,0.9675468802452087,1.0,0.8335717916488647
040592,0.374755859375,0.4563043713569641,0.24766992032527924,0.44984954595565796
040593,0.34765625,0.3582293689250946,0.293855756521225,0.444613516330719
040595,0.520263671875,0.5206615328788757,0.6423966884613037,0.6718496084213257
040596,0.659423828125,0.6634557843208313,0.6764605641365051,0.8193894624710083
040598,0.4778645932674408,0.48069044947624207,0.4055802822113037,0.38384467363357544
040599,0.21875,0.3247030973434448,0.19272169470787048,0.5531067252159119
040600,0.712158203125,0.712570071220398,0.7497180104255676,0.8465918898582458
040602,0.9668782353401184,0.9677627682685852,0.7810032963752747,0.7897742390632629
040603,0.9507649540901184,0.952589750289917,0.7292529344558716,0.6563244462013245
040605,0.260498046875,0.260498046875,0.9514426589012146,0.9514426589012146
040609,0.703369140625,0.7103032469749451,0.5620065331459045,0.7455751895904541
040610,0.959228515625,0.9600006341934204,0.7631344795227051,0.8986957669258118
040611,0.304931640625,0.311636358499527,1.0,0.9935774803161621
040614,0.947998046875,0.9540735483169556,0.5985158681869507,0.7394475340843201
040615,0.956298828125,0.9604493975639343,0.7169486284255981,0.9013218879699707
040616,0.0,0.10232578217983246,0.0,0.15704134106636047
040617,0.9668782353401184,0.96755450963974,0.7810032963752747,0.8968154191970825
040618,0.968017578125,0.9680670499801636,1.0,0.9291251301765442
040619,0.508056640625,0.5101482272148132,0.6509066820144653,0.6309030055999756
040620,0.967041015625,0.9676652550697327,0.8122885227203369,0.8580480217933655
040621,0.9388020634651184,0.9436085820198059,0.6763683557510376,0.6523717045783997
040624,0.4375,0.4375,0.30545666813850403,0.24697212874889374
040625,0.197998046875,0.3100394904613495,0.29449179768562317,0.5958094000816345
040627,0.947998046875,0.9513297080993652,0.8348100185394287,0.7243472337722778
040630,0.951904296875,0.9562578797340393,0.8690900206565857,0.7904179692268372
040631,0.260498046875,0.36739087104797363,0.22389668226242065,0.4341658353805542
040633,0.967041015625,0.9675924181938171,0.8122885227203369,0.9047183394432068
040634,0.518798828125,0.5834842324256897,0.3716495931148529,0.6488267183303833
040636,0.95703125,0.9574328660964966,0.8046074509620667,0.681049644947052
040637,0.197998046875,0.21998637914657593,0.6871474981307983,0.6561873555183411
040639,0.388427734375,0.3955976366996765,0.3251410126686096,0.4059772789478302
040640,0.967041015625,0.967041015625,1.0,0.9392651915550232
040642,0.568359375,0.5749140977859497,0.3899376392364502,0.4559171795845032
040643,0.968017578125,0.9680336713790894,1.0,0.7063084244728088
040646,0.712158203125,0.7125848531723022,0.7497180104255676,0.8428745269775391
040648,0.393798828125,0.4719240963459015,0.31885725259780884,0.6145191192626953
040649,0.9507649540901184,0.9546318054199219,0.7292529344558716,0.7089993953704834
040651,0.967041015625,0.96763014793396,0.9284793138504028,0.9412661194801331
040652,0.606689453125,0.6329600214958191,1.0,0.8933123350143433
040655,0.580322265625,0.6146389842033386,0.86592036485672,0.8401126861572266
040656,0.9444172978401184,0.9511930346488953,0.7589633464813232,0.7626181244850159
040657,0.091796875,0.21073317527770996,0.12626707553863525,0.4399879276752472
040660,0.531982421875,0.5733498930931091,0.7462155222892761,0.8195587992668152
040665,0.606689453125,0.6428571939468384,0.6509066820144653,0.8197094798088074
040669,0.518798828125,0.5758593678474426,0.3251410126686096,0.40092232823371887
040670,0.9507649540901184,0.9519540071487427,0.7292529344558716,0.5634173154830933
040671,0.946533203125,0.9547241926193237,0.6577322483062744,0.8382827043533325
040673,0.560546875,0.5908201932907104,0.4981783330440521,0.49201393127441406
040674,0.261474609375,0.33847829699516296,0.2789600193500519,0.47329288721084595
040675,0.9673665165901184,0.9678996205329895,0.8748590350151062,0.9499234557151794
040676,0.508056640625,0.5124694108963013,0.6509066820144653,0.6472537517547607
040677,0.951904296875,0.9599009156227112,0.7122209072113037,0.8667124509811401
040678,0.951904296875,0.9576057195663452,0.6230928897857666,0.8027446866035461
040679,0.947998046875,0.954574704170227,0.5985158681869507,0.6373066902160645
040681,0.344482421875,0.39365535974502563,0.31885725259780884,0.40096673369407654
040682,0.951904296875,0.9571393132209778,0.8690900206565857,0.8573339581489563
040683,0.12109375,0.12109375,0.1195228174328804,0.11064203828573227
040684,0.374755859375,0.44402647018432617,0.5307213068008423,0.8107742667198181
040687,0.946533203125,0.9531433582305908,0.8026000261306763,0.8441639542579651
040689,0.967041015625,0.9676890969276428,0.8122885227203369,0.8134208917617798
040692,0.956298828125,0.9611085057258606,0.7169486284255981,0.7452559471130371
040694,0.968017578125,0.9680471420288086,1.0,0.7442651987075806
040697,0.94140625,0.9497048854827881,0.5900454521179199,0.7607327103614807
040698,0.946533203125,0.954624354839325,0.6577322483062744,0.7339494228363037
040700,0.9507649540901184,0.9560187458992004,0.7292529344558716,0.8643500208854675
040701,0.951171875,0.9583438634872437,0.694340705871582,0.8278973698616028
040702,0.323974609375,0.41397589445114136,0.2550044059753418,0.611132025718689
040703,0.228759765625,0.40473687648773193,0.12923716008663177,0.4984653890132904
040704,0.94140625,0.9504002928733826,0.5162065625190735,0.5517604947090149
040706,0.701171875,0.70941162109375,0.5887562036514282,0.715147078037262
040709,0.0,0.15341797471046448,0.0,0.3292681574821472
040710,0.9673665165901184,0.9677107930183411,1.0,0.9181699752807617
040711,0.323974609375,0.3919471800327301,0.47805625200271606,0.6848947405815125
040713,0.968017578125,0.9680599570274353,1.0,0.9449152946472168
040714,0.9673665165901184,0.9677497148513794,0.8748590350151062,0.885368824005127
040715,0.968017578125,0.9680566191673279,1.0,0.8828087449073792
040716,0.9673665165901184,0.9679004549980164,0.8748590350151062,0.8545134663581848
040717,0.02083333395421505,0.2455189973115921,0.017880165949463844,0.28494393825531006
040719,0.9507649540901184,0.9557949304580688,0.7292529344558716,0.7332342863082886
040720,0.946533203125,0.9525801539421082,0.6577322483062744,0.8474922776222229
040721,0.3125,0.3232938051223755,0.32727500796318054,0.5552359223365784
040722,0.508056640625,0.5116473436355591,0.6509066820144653,0.5856103897094727
040724,0.499755859375,0.5515245199203491,0.629690945148468,0.6710400581359863
040726,0.9673665165901184,0.9677177667617798,1.0,0.9951980710029602
040727,0.619873046875,0.6228093504905701,0.5410870313644409,0.5660497546195984
040728,0.9668782353401184,0.9672304391860962,0.892719030380249,0.7963447570800781
040730,0.212890625,0.3957514762878418,0.17359158396720886,0.6021942496299744
040731,0.9673665165901184,0.967728853225708,1.0,0.9680377840995789
040733,0.957763671875,0.9583571553230286,0.7236568927764893,0.7540343403816223
040735,0.9507649540901184,0.9541926980018616,0.7292529344558716,0.6752720475196838
040736,0.968017578125,0.9680472016334534,1.0,0.9297661781311035
040737,0.957763671875,0.9583730101585388,0.8271697163581848,0.9082284569740295
040738,0.968017578125,0.9680481553077698,1.0,0.8499351143836975
040740,0.365234375,0.44354113936424255,0.26521679759025574,0.39856430888175964
040741,0.967041015625,0.967633843421936,0.9284793138504028,0.9044483304023743
040743,0.9673665165901184,0.9677633047103882,0.8748590350151062,0.9331191778182983
040744,0.505615234375,0.514190137386322,0.427834689617157,0.5909754037857056
040745,0.469970703125,0.47637706995010376,0.5407800078392029,0.5993991494178772
040746,0.520263671875,0.5210081338882446,0.5620065331459045,0.7435300946235657
040747,0.219970703125,0.2746540307998657,0.49370092153549194,0.670333206653595
040748,0.706298828125,0.7094562649726868,0.7139173746109009,0.7603506445884705
040750,0.9673665165901184,0.9676195383071899,1.0,0.8579809069633484
040752,0.943359375,0.9508214592933655,0.7371450066566467,0.8359452486038208
040753,0.946533203125,0.9523473381996155,0.6577322483062744,0.6975477337837219
040755,0.946533203125,0.9538808465003967,0.575423002243042,0.669693112373352
040756,0.940673828125,0.949722170829773,0.5768473744392395,0.7141482830047607
040758,0.606689453125,0.6219090223312378,0.46666663885116577,0.405559241771698
040759,0.567138671875,0.6179009079933167,0.4261382520198822,0.672532320022583
040760,0.968017578125,0.968053936958313,1.0,0.9157813787460327
040761,0.9375,0.9477329254150391,0.4692787230014801,0.5215569138526917
040762,0.951171875,0.9534366726875305,0.694340705871582,0.6023299098014832
040764,0.959228515625,0.9596642255783081,0.8722942471504211,0.9130373597145081
040765,0.606689453125,0.6504001617431641,0.46666663885116577,0.7409617304801941
040766,0.9507649540901184,0.956172525882721,0.7292529344558716,0.8517311215400696
040767,0.966796875,0.9677483439445496,0.7653606534004211,0.8550012707710266
040768,0.957763671875,0.9582419991493225,0.8271697163581848,0.8499063849449158
040771,0.44140625,0.4537380039691925,0.3284950852394104,0.5128056406974792
040773,0.518798828125,0.5964911580085754,0.4535067081451416,0.7443229556083679
040774,0.951904296875,0.9570541381835938,0.6230928897857666,0.6087304353713989
040775,0.968017578125,0.9680562615394592,1.0,0.9134959578514099
040776,0.197998046875,0.2984468936920166,0.13742950558662415,0.30138882994651794
040777,0.956298828125,0.9596811532974243,0.7169486284255981,0.7503479719161987
040779,0.959228515625,0.9600050449371338,0.7631344795227051,0.8776010870933533
040780,0.9507649540901184,0.9536988139152527,0.6379934549331665,0.5261526107788086
040781,0.9673665165901184,0.9677691459655762,0.8748590350151062,0.9158676862716675
040783,0.706298828125,0.7102161049842834,0.7139173746109009,0.7607668042182922
040785,0.580322265625,0.6087570190429688,0.5636333227157593,0.588871419429779
040786,0.47265625,0.47919079661369324,0.4784300625324249,0.5083342790603638
040788,0.51953125,0.5479274988174438,0.3754834830760956,0.36582151055336
040789,0.968017578125,0.9680771231651306,1.0,0.8337231874465942
040790,0.9673665165901184,0.967901885509491,0.8748590350151062,0.944948673248291
040791,0.606689453125,0.6354755759239197,0.46666663885116577,0.6465989947319031
040792,0.95703125,0.9577848315238953,0.7039180397987366,0.7715181708335876
040793,0.3599446713924408,0.37645262479782104,0.8075588941574097,0.8135103583335876
040794,0.966796875,0.9674469232559204,0.7653606534004211,0.6645346879959106
040795,0.580322265625,0.6038209795951843,0.5636333227157593,0.5732447504997253
040796,0.946533203125,0.952934980392456,0.575423002243042,0.5929529070854187
040797,0.150390625,0.178955078125,0.5364180207252502,0.6960369944572449
040798,0.957763671875,0.9586530923843384,0.7236568927764893,0.754227876663208
040799,0.365234375,0.4098663330078125,0.5741883516311646,0.7908151149749756
040800,0.703369140625,0.7076523900032043,0.5620065331459045,0.5754802227020264
040801,0.95703125,0.9571948051452637,0.8046074509620667,0.6878873109817505
040803,0.953369140625,0.9565715193748474,0.7479812502861023,0.6583859920501709
040804,0.9673665165901184,0.9677808880805969,1.0,0.9786539673805237
040805,0.5757649540901184,0.5784078240394592,0.6966133713722229,0.6321179866790771
040807,0.14453125,0.30727460980415344,0.1061442568898201,0.4995254576206207
040808,0.953369140625,0.9576500654220581,0.6543781161308289,0.7029253840446472
040809,0.943115234375,0.9498540163040161,0.6126077175140381,0.7455884218215942
040810,0.659423828125,0.6616299748420715,0.5918076038360596,0.5287620425224304
040814,0.703369140625,0.7103188037872314,0.6423966884613037,0.8165361285209656
040815,0.9444172978401184,0.9526661038398743,0.6219719052314758,0.8568277359008789
040816,0.968017578125,0.9680762887001038,1.0,0.9278247356414795
040817,0.703369140625,0.7074747085571289,0.5620065331459045,0.5911629796028137
040819,0.947998046875,0.9561167359352112,0.5985158681869507,0.7800880670547485
040820,0.432373046875,0.44033631682395935,0.4618985950946808,0.6359781622886658
040822,0.9444172978401184,0.9549204111099243,0.544137716293335,0.8029277324676514
040823,0.567138671875,0.6388291716575623,0.37281090021133423,0.5465183854103088
040824,0.09375,0.19798363745212555,0.0904926061630249,0.3681780695915222
040825,0.966796875,0.966796875,0.8748388290405273,0.7897025942802429
040826,0.490234375,0.49309080839157104,0.3180091083049774,0.2749822437763214
040829,0.556884765625,0.6198035478591919,0.4431702494621277,0.7316282987594604
040830,0.968017578125,0.9680641293525696,1.0,0.966529369354248
040831,0.703369140625,0.7092224359512329,0.5620065331459045,0.6756691336631775
040833,0.968017578125,0.9680623412132263,1.0,0.9767162799835205
040835,0.959228515625,0.9597395658493042,0.8722942471504211,0.8944335579872131
040841,0.962158203125,0.9623432755470276,0.9625431895256042,0.8108190298080444
040844,0.499755859375,0.5691773295402527,0.293855756521225,0.4649669826030731
040845,0.619873046875,0.6238956451416016,0.6602633595466614,0.7800807952880859
040848,0.261474609375,0.34036165475845337,0.20000000298023224,0.40074458718299866
040851,0.146728515625,0.20171260833740234,0.1366233378648758,0.2336353361606598
040852,0.150390625,0.30455684661865234,0.13830174505710602,0.5452857613563538
040853,0.968017578125,0.9680765271186829,1.0,0.9513314366340637
040855,0.968017578125,0.9680555462837219,1.0,0.8691433668136597
040857,0.606689453125,0.640972912311554,0.6509066820144653,0.733488917350769
040859,0.9668782353401184,0.9675760865211487,0.7810032963752747,0.7997847199440002
040861,0.9673665165901184,0.9678969383239746,0.8748590350151062,0.9256866574287415
040864,0.503173828125,0.5098869800567627,0.5241767168045044,0.6313594579696655
040865,0.957763671875,0.9583484530448914,0.8271697163581848,0.8427044153213501
040866,0.951904296875,0.9562381505966187,0.8690900206565857,0.9076769948005676
040867,0.9668782353401184,0.9673499464988708,0.892719030380249,0.8889434933662415
040869,0.968017578125,0.9680635333061218,1.0,0.9507407546043396
040870,0.25390625,0.3130657970905304,0.39664164185523987,0.5669564604759216
040871,0.490234375,0.557931125164032,0.6884825229644775,0.8466770648956299
040872,0.951171875,0.9543862342834473,0.8472716808319092,0.7048523426055908
040873,0.968017578125,0.9680376052856445,1.0,0.9032453298568726
040874,0.5757649540901184,0.5812804102897644,0.49943602085113525,0.5984463095664978
040875,0.967041015625,0.9675865769386292,0.8122885227203369,0.8778381943702698
040876,0.968017578125,0.9680559635162354,1.0,0.9227089881896973
040877,0.633056640625,0.6376186013221741,0.715326726436615,0.7949408292770386
040878,0.9507649540901184,0.9561977982521057,0.6379934549331665,0.7292189598083496
040879,0.968017578125,0.9680622220039368,1.0,0.9572567939758301
040880,0.943115234375,0.950032114982605,0.7475366592407227,0.7011235952377319
040881,0.9673665165901184,0.9677446484565735,0.8748590350151062,0.9206578135490417
040883,0.968017578125,0.9680773019790649,1.0,0.9615013599395752
040884,0.4700520932674408,0.4732455313205719,0.4347934126853943,0.4219311773777008
040885,0.531982421875,0.5775412917137146,0.39804574847221375,0.5734236240386963
040887,0.956298828125,0.9611712694168091,0.7169486284255981,0.9257823824882507
040889,0.146728515625,0.29182422161102295,0.09795191138982773,0.39109280705451965
040891,0.9375,0.9467353224754333,0.5364049673080444,0.6445701122283936
040892,0.9668782353401184,0.9677583575248718,0.7810032963752747,0.8721070885658264
040893,0.9673665165901184,0.9677521586418152,0.8748590350151062,0.862288773059845
040894,0.968017578125,0.9680708646774292,1.0,0.9268698692321777
040895,0.556884765625,0.6197273135185242,0.4431702494621277,0.6959167718887329
040896,0.499755859375,0.6033554077148438,0.4098700284957886,0.6878300309181213
040897,0.9673665165901184,0.9674398899078369,0.8748590350151062,0.703883707523346
040898,0.556884765625,0.5864619016647339,0.5407800078392029,0.690739095211029
040899,0.703369140625,0.7088270783424377,0.7838867902755737,0.8582838773727417
040900,0.260498046875,0.38382911682128906,0.18348374962806702,0.40543806552886963
040901,0.947998046875,0.9535204172134399,0.6841284036636353,0.7700827121734619
040902,0.510498046875,0.5115280151367188,0.6676040887832642,0.7041943669319153
040905,0.9673665165901184,0.9676271080970764,1.0,0.8604099154472351
040906,0.0625,0.15886536240577698,0.14433082938194275,0.5207167267799377
040907,0.94140625,0.9496590495109558,0.6354966163635254,0.7491486668586731
040908,0.9375,0.941692054271698,0.4692787230014801,0.4465218782424927
040911,0.967041015625,0.9674983024597168,0.8122885227203369,0.7887221574783325
040912,0.968017578125,0.9680564403533936,1.0,0.9710161089897156
040913,0.956298828125,0.9598940014839172,1.0,0.9631112217903137
040914,0.39453125,0.4030645489692688,0.4261382520198822,0.6590057015419006
040915,0.490234375,0.5295506715774536,0.6884825229644775,0.6478266716003418
040916,0.567138671875,0.6283034086227417,0.37281090021133423,0.6994439363479614
040917,0.943359375,0.9555922746658325,0.5284951329231262,0.5844506621360779
040919,0.951904296875,0.9586583971977234,0.7122209072113037,0.8825960159301758
040920,0.571533203125,0.5789611339569092,0.49935534596443176,0.626750111579895
040922,0.091796875,0.23676452040672302,0.05832258611917496,0.46391093730926514
040923,0.505615234375,0.5156452059745789,0.37429502606391907,0.6561796069145203
040925,0.962158203125,0.9626731872558594,0.8420895934104919,0.9437621831893921
040927,0.968017578125,0.9680632948875427,1.0,0.9691652655601501
040928,0.260498046875,0.3412123918533325,0.34397661685943604,0.5035228133201599
040929,0.344482421875,0.4169020652770996,0.2789551615715027,0.5132241249084473
040931,0.25390625,0.27919769287109375,0.25817668437957764,0.23730967938899994
040933,0.450927734375,0.455533504486084,0.39804574847221375,0.45075178146362305
040934,0.968017578125,0.968076765537262,1.0,0.9079597592353821
040940,0.959228515625,0.9595751166343689,0.9394869804382324,0.9072322845458984
040942,0.02083333395421505,0.24822601675987244,0.015642624348402023,0.357738196849823
040943,0.968017578125,0.9680593609809875,1.0,0.866818368434906
040944,0.95703125,0.9579945802688599,0.7039180397987366,0.8602982759475708
040945,0.968017578125,0.9680619835853577,1.0,0.8652503490447998
040947,0.94140625,0.9485040307044983,0.5900454521179199,0.5888237357139587
040948,0.968017578125,0.9680492877960205,1.0,0.7814450263977051
040949,0.968017578125,0.9680607318878174,1.0,0.9801043272018433
040950,0.3599446713924408,0.43048956990242004,0.3001289367675781,0.525704026222229
040951,0.968017578125,0.968058705329895,1.0,0.9028180837631226
040952,0.260498046875,0.32685911655426025,0.22389668226242065,0.35384148359298706
040953,0.953369140625,0.9547080993652344,1.0,1.0
040958,0.5694172978401184,0.5730994343757629,0.4055802822113037,0.33159559965133667
040959,0.951171875,0.957111656665802,0.694340705871582,0.7186676859855652
040961,0.946533203125,0.9522504806518555,0.8026000261306763,0.8354910612106323
040964,0.946533203125,0.9540746212005615,0.575423002243042,0.6470866799354553
040968,0.61328125,0.615953803062439,0.6932323575019836,0.7235114574432373
040970,0.703369140625,0.7096403241157532,0.5620065331459045,0.7471562623977661
040972,0.568359375,0.5807707905769348,0.3899376392364502,0.5671897530555725
040973,0.455078125,0.4903545379638672,0.33298835158348083,0.3129637837409973
040975,0.951171875,0.9580168128013611,0.6074502468109131,0.6765539646148682
040976,0.951904296875,0.956031858921051,0.7122209072113037,0.6450132727622986
040979,0.1106770858168602,0.26398417353630066,0.0855669379234314,0.2893765866756439
040981,0.531982421875,0.5650030970573425,0.48571667075157166,0.48046109080314636
040984,0.957763671875,0.958266019821167,0.7236568927764893,0.6699817180633545
040985,0.968017578125,0.9680559635162354,1.0,0.9210582971572876
040986,0.953369140625,0.9579622745513916,0.6543781161308289,0.6328457593917847
040988,0.508056640625,0.5130250453948975,0.46666663885116577,0.627748966217041
040990,0.9673665165901184,0.9676567316055298,0.8748590350151062,0.7674217224121094
040991,0.946533203125,0.955051064491272,0.575423002243042,0.8218408823013306
040992,0.968017578125,0.9680768251419067,1.0,0.8975856900215149
040994,0.953369140625,0.9551593065261841,1.0,0.9020094275474548
040995,0.505615234375,0.5098974704742432,0.6504693627357483,0.7116161584854126
040996,0.9668782353401184,0.9670198559761047,0.7810032963752747,0.6181524991989136
040997,0.9673665165901184,0.9676583409309387,1.0,0.8751904964447021
040999,0.967041015625,0.9675935506820679,0.8122885227203369,0.9177542924880981
041000,0.1458333432674408,0.2515767514705658,0.17573362588882446,0.48292893171310425
041001,0.212890625,0.39838361740112305,0.11359453201293945,0.44332724809646606
041002,0.9444172978401184,0.9498335719108582,0.7589633464813232,0.6426864266395569
041004,0.9507649540901184,0.9577150940895081,0.6379934549331665,0.7997078895568848
041007,0.260498046875,0.413150817155838,0.16052241623401642,0.6074662208557129
041008,0.4778645932674408,0.4812924861907959,0.5657033920288086,0.5546663403511047
041009,0.110107421875,0.3110754191875458,0.09298666566610336,0.5501179099082947
041010,0.488037109375,0.5563510656356812,0.3265250623226166,0.4199407994747162
041011,0.9388020634651184,0.9460610151290894,0.48492133617401123,0.4764375388622284
041013,0.51953125,0.5641559362411499,0.3754834830760956,0.6086534857749939
041015,0.968017578125,0.968058705329895,1.0,0.9552944302558899
041016,0.260498046875,0.3734855651855469,0.18348374962806702,0.5137766599655151
041020,0.9673665165901184,0.9678074717521667,0.8748590350151062,0.8167818188667297
041022,0.967041015625,0.9676622748374939,0.8122885227203369,0.9141868948936462
041023,0.968017578125,0.9680658578872681,1.0,0.826056957244873
041024,0.091796875,0.097900390625,0.07116833329200745,0.07546601444482803
041025,0.5694172978401184,0.5789907574653625,0.4055802822113037,0.5619504451751709
041026,0.9466145634651184,0.9530050158500671,0.5787770748138428,0.7421602010726929
041029,0.51953125,0.5810421109199524,0.45818498730659485,0.6309559941291809
041031,0.946533203125,0.9517712593078613,0.8026000261306763,0.7757294178009033
041032,0.1875,0.2820800840854645,0.23226092755794525,0.4188169836997986
041033,0.388427734375,0.4001436233520508,0.3251410126686096,0.47855257987976074
041034,0.9507649540901184,0.9567179083824158,0.6379934549331665,0.7146963477134705
041035,0.366455078125,0.3724513351917267,0.398443341255188,0.4834626019001007
041036,0.966796875,0.9672915935516357,0.8748388290405273,0.8053445816040039
041037,0.197998046875,0.33212554454803467,0.2100154310464859,0.5888758301734924
041038,0.567138671875,0.5820571184158325,0.9225797057151794,0.8306887745857239
041040,0.571533203125,0.5789385437965393,0.43686550855636597,0.7237149477005005
041041,0.967041015625,0.9676174521446228,0.8122885227203369,0.8567057847976685
041042,0.499755859375,0.5578415989875793,0.4098700284957886,0.4426315426826477
041045,0.9673665165901184,0.9678872227668762,0.8748590350151062,0.7578772306442261
041050,0.9668782353401184,0.9675074219703674,0.7810032963752747,0.7856014966964722
041052,0.9673665165901184,0.9678954482078552,0.8748590350151062,0.8761100172996521
041056,0.951171875,0.9551442265510559,0.8472716808319092,0.839796245098114
041057,0.300537109375,0.38406267762184143,0.2163846641778946,0.4092598855495453
041059,0.580322265625,0.6422120928764343,0.5636333227157593,0.7005265951156616
041060,0.278564453125,0.3795613646507263,0.25817668437957764,0.5654158592224121
041062,0.703369140625,0.7076786160469055,0.6423966884613037,0.7205955982208252
041063,0.946533203125,0.9565384387969971,0.6577322483062744,0.814035177230835
041064,0.499755859375,0.592949628829956,0.4098700284957886,0.6394153237342834
041065,0.946533203125,0.9537657499313354,0.8026000261306763,0.835038959980011
041069,0.939453125,0.9498872756958008,0.489017516374588,0.5805551409721375
041070,0.150390625,0.25256502628326416,0.10344710201025009,0.2861805558204651
041071,0.503173828125,0.5121287107467651,0.4784300625324249,0.6699211001396179
041073,0.95703125,0.9574508666992188,0.7039180397987366,0.8107903599739075
041074,0.967041015625,0.9675541520118713,0.9284793138504028,0.8320831060409546
041076,0.584228515625,0.5847795605659485,0.7139173746109009,0.7495819330215454
041077,0.323974609375,0.4283713698387146,0.2230929136276245,0.49747124314308167
041079,0.556884765625,0.6018203496932983,0.4431702494621277,0.6137908697128296
041080,0.0625,0.2022901177406311,0.07171369343996048,0.4516364634037018
041081,0.943115234375,0.9479649066925049,0.9313938021659851,0.9690989851951599
041082,0.431884765625,0.4746556282043457,0.4763599932193756,0.6594109535217285
041083,0.518798828125,0.5723294019699097,0.8046129941940308,0.9437322020530701
041084,0.146728515625,0.2952866852283478,0.1366233378648758,0.5447998642921448
041085,0.499755859375,0.5522726774215698,0.4098700284957886,0.5323357582092285
041086,0.2774251401424408,0.4005669057369232,0.23532335460186005,0.579008936882019
041087,0.9668782353401184,0.9677450656890869,0.7810032963752747,0.7520249485969543
041088,0.9375,0.9527881741523743,0.4692787230014801,0.6880714297294617
041092,0.580322265625,0.6097835302352905,0.86592036485672,0.8315613269805908
041095,0.957763671875,0.9583391547203064,0.8271697163581848,0.8221154808998108
041096,0.388427734375,0.3946267366409302,0.3716495931148529,0.430635541677475
041099,0.110107421875,0.26889508962631226,0.06666666269302368,0.33922627568244934
041100,0.659423828125,0.6641624569892883,0.5918076038360596,0.6215029954910278
041101,0.508056640625,0.5109641551971436,0.6509066820144653,0.6988738775253296
041102,0.1875,0.3048882484436035,0.10728099197149277,0.24504297971725464
041105,0.706298828125,0.7110289335250854,0.7139173746109009,0.7927026748657227
041109,0.455078125,0.5587735772132874,0.23873552680015564,0.6187438368797302
041112,0.508056640625,0.5132814645767212,0.46666663885116577,0.5413040518760681
041113,0.953369140625,0.9580422043800354,0.6543781161308289,0.6162477135658264
041114,0.951904296875,0.9599698781967163,0.6230928897857666,0.8357266187667847
041115,0.9668782353401184,0.9676781892776489,0.7810032963752747,0.8805778622627258
041116,0.967041015625,0.9675357341766357,0.8122885227203369,0.845913290977478
041117,0.9507649540901184,0.9577090740203857,0.7292529344558716,0.8499246835708618
041118,0.947998046875,0.9561253786087036,0.5985158681869507,0.8664692044258118
041119,0.365234375,0.417006254196167,0.5741883516311646,0.7853990197181702
041122,0.518798828125,0.6006563901901245,0.3251410126686096,0.5907933115959167
041125,0.219970703125,0.3418448567390442,0.16052241623401642,0.5245457887649536
041126,0.2122395932674408,0.3030436933040619,0.19284793734550476,0.4586082398891449
041127,0.0625,0.1728663444519043,0.043636664748191833,0.17855575680732727
041135,0.567138671875,0.6174914836883545,0.5199966430664062,0.6756818890571594
041136,0.959228515625,0.9597569108009338,0.7631344795227051,0.8997036814689636
041141,0.967041015625,0.9675204753875732,0.8122885227203369,0.8633456826210022
041142,0.956298828125,0.9575605392456055,1.0,0.9898510575294495
041143,0.14453125,0.2705669403076172,0.12132726609706879,0.3032551109790802
041145,0.659423828125,0.6612510681152344,0.8254533410072327,0.6839343905448914
041146,0.956298828125,0.9585602879524231,1.0,0.907856285572052
041148,0.9668782353401184,0.9673624634742737,0.892719030380249,0.8469647169113159
041149,0.450927734375,0.4550391435623169,0.5321600437164307,0.5394836068153381
041152,0.499755859375,0.5660386085510254,0.4098700284957886,0.563420295715332
041153,0.951904296875,0.9590997099876404,0.7122209072113037,0.9150726199150085
041154,0.580322265625,0.5923728942871094,1.0,0.847206175327301
041155,0.1875,0.2985081672668457,0.16310739517211914,0.5025461912155151
041156,0.344482421875,0.3491172790527344,0.7482483983039856,0.7570297122001648
041157,0.304931640625,0.3922317326068878,0.4285714626312256,0.7461905479431152
041158,0.956298828125,0.9583191871643066,1.0,0.879811704158783
041160,0.518798828125,0.5672467947006226,0.8046129941940308,0.9478816390037537
041164,0.957763671875,0.9583339095115662,0.8271697163581848,0.832180917263031
041165,0.943115234375,0.9511714577674866,0.6126077175140381,0.6889443397521973
041168,0.967041015625,0.9675732254981995,0.9284793138504028,0.9467291831970215
041169,0.9673665165901184,0.9678055644035339,0.8748590350151062,0.860686182975769
041170,0.940673828125,0.9462324976921082,0.7038999795913696,0.7342211604118347
041171,0.956298828125,0.9581744074821472,1.0,0.9558653235435486
041175,0.956298828125,0.9592511653900146,0.8195018768310547,0.8330215215682983
041176,0.966796875,0.9671694040298462,0.8748388290405273,0.78559809923172
041178,0.659423828125,0.6634657382965088,0.6764605641365051,0.79023677110672
041179,0.510498046875,0.517157793045044,0.49935534596443176,0.7165111303329468
041182,0.967041015625,0.9674785137176514,0.9284793138504028,0.9408535361289978
041184,0.510498046875,0.5168144106864929,0.49935534596443176,0.6698726415634155
041185,0.966796875,0.9668375849723816,0.7653606534004211,0.48484233021736145
041188,0.956298828125,0.9602184295654297,0.8195018768310547,0.8336052298545837
041189,0.9375,0.9471924304962158,0.4692787230014801,0.6282663345336914
041191,0.518798828125,0.5724687576293945,0.4535067081451416,0.5029193758964539
041192,0.9466145634651184,0.9511141777038574,0.5787770748138428,0.5862102508544922
041193,0.9668782353401184,0.9675410985946655,0.892719030380249,0.8431791663169861
041194,0.967041015625,0.9677311778068542,0.8122885227203369,0.8835292458534241
041196,0.951171875,0.9540694952011108,0.8472716808319092,0.7566946744918823
041197,0.556884765625,0.58773273229599,0.8308104276657104,0.7973846793174744
041198,0.712158203125,0.7125269174575806,0.8569586873054504,0.8295149803161621
041200,0.584228515625,0.584228515625,0.7689103484153748,0.7689103484153748
041201,0.951171875,0.9524936676025391,0.6074502468109131,0.4597286581993103
041202,0.706298828125,0.7083349823951721,0.871160089969635,0.7985138297080994
041203,0.706298828125,0.7093855142593384,0.871160089969635,0.8403735160827637
041204,0.959228515625,0.9598371386528015,0.7631344795227051,0.8450044393539429
041205,0.150390625,0.3060638904571533,0.09050162881612778,0.3475859761238098
041207,0.3599446713924408,0.4374731779098511,0.36623337864875793,0.6301702260971069
041208,0.953369140625,0.9582370519638062,0.912726640701294,0.8872259855270386
041209,0.946533203125,0.9487665891647339,1.0,0.9295671582221985
041210,0.659423828125,0.6632924675941467,0.5918076038360596,0.7116822004318237
041213,0.260498046875,0.4130990207195282,0.18348374962806702,0.6695371270179749
041214,0.703369140625,0.7091920971870422,0.6423966884613037,0.7603034973144531
041216,0.94140625,0.94140625,0.6354966163635254,0.6354966163635254
041217,0.9668782353401184,0.9672510027885437,0.892719030380249,0.7614585757255554
041219,0.966796875,0.9677584767341614,0.7653606534004211,0.8270284533500671
041220,0.9673665165901184,0.9676834344863892,1.0,0.8990705609321594
041221,0.3059895932674408,0.32453417778015137,0.625433623790741,0.6554737687110901
041222,0.712158203125,0.7124248147010803,0.8569586873054504,0.7742460370063782
041223,0.567138671875,0.6380997896194458,0.4261382520198822,0.5578963160514832
041225,0.9673665165901184,0.9677076935768127,1.0,0.9151429533958435
041226,0.703369140625,0.7073177695274353,0.7838867902755737,0.7949485778808594
041227,0.951904296875,0.9586580991744995,0.6230928897857666,0.760017454624176
041229,0.47265625,0.54951012134552,0.2659246027469635,0.407912015914917
041230,0.659423828125,0.662612795829773,0.5918076038360596,0.6426960229873657
041231,0.568359375,0.570263683795929,0.5958904027938843,0.5356025099754333
041232,0.953369140625,0.956078290939331,0.912726640701294,0.7507171630859375
041233,0.943359375,0.9506385922431946,0.5284951329231262,0.5788158774375916
041234,0.25390625,0.3654825687408447,0.21157628297805786,0.6085326075553894
041235,0.212890625,0.3270619213581085,0.12984324991703033,0.41668158769607544
041239,0.02083333395421505,0.21369190514087677,0.015642624348402023,0.3926405608654022
041240,0.1875,0.22907935082912445,0.14342738687992096,0.20875141024589539
041241,0.951904296875,0.959973931312561,0.6230928897857666,0.8131327629089355
041242,0.703369140625,0.7088086009025574,0.5620065331459045,0.600300669670105
041243,0.953369140625,0.9578624367713928,0.7479812502861023,0.7046698927879333
041248,0.9375,0.945372462272644,0.7171369194984436,0.8284014463424683
041252,0.703369140625,0.7083489894866943,0.7838867902755737,0.8623151183128357
041255,0.508056640625,0.5151014924049377,0.46666663885116577,0.7240226864814758
041257,0.9673665165901184,0.9677859544754028,0.8748590350151062,0.8847056031227112
041258,0.580322265625,0.613494873046875,0.5636333227157593,0.5694794058799744
041259,0.432373046875,0.43652454018592834,0.5636333227157593,0.6539467573165894
041261,0.9507649540901184,0.9553877115249634,0.6379934549331665,0.6793209910392761
041262,0.946533203125,0.9529149532318115,0.6577322483062744,0.747239887714386
041263,0.703369140625,0.7103428840637207,0.6423966884613037,0.8392906785011292
041264,0.946533203125,0.9537582993507385,0.575423002243042,0.6325295567512512
041265,0.4375,0.4425223171710968,0.4692787528038025,0.28843554854393005
041267,0.091796875,0.1833353042602539,0.12626707553863525,0.37455856800079346
041268,0.0,0.24413283169269562,0.0,0.3394347131252289
041269,0.962158203125,0.9624907374382019,0.8420895934104919,0.7984441518783569
041270,0.659423828125,0.6597328186035156,0.8254533410072327,0.7866182923316956
041271,0.9673665165901184,0.9678941965103149,0.8748590350151062,0.918879508972168
041272,0.967041015625,0.9675000905990601,0.9284793138504028,0.9103942513465881
041273,0.957763671875,0.9584872722625732,0.7236568927764893,0.7945931553840637
041274,0.956298828125,0.9599353671073914,0.8195018768310547,0.8794865608215332
041275,0.488037109375,0.5145303606987,0.398443341255188,0.42644038796424866
041276,0.953369140625,0.9593530893325806,0.7479812502861023,0.8828083872795105
041278,0.366455078125,0.37636634707450867,0.3265250623226166,0.4972308576107025
041279,0.499755859375,0.5557278990745544,0.4098700284957886,0.53187096118927
041280,0.951171875,0.9577869772911072,0.6074502468109131,0.6382665038108826
041281,0.701904296875,0.70743727684021,0.6066363453865051,0.6674551367759705
041282,0.21875,0.2808162271976471,0.15793579816818237,0.26947128772735596
041283,0.9673665165901184,0.9676948189735413,1.0,0.915675938129425
041284,0.5694172978401184,0.5731472969055176,0.6197949647903442,0.6539353132247925
041285,0.48828125,0.4888859987258911,0.5307213068008423,0.6223000288009644
041286,0.951171875,0.9571888446807861,0.694340705871582,0.8321671485900879
041287,0.9668782353401184,0.9675819873809814,0.7810032963752747,0.8708968162536621
041288,0.263671875,0.3255615234375,0.2660166919231415,0.43528637290000916
041289,0.633056640625,0.6376696825027466,0.715326726436615,0.7679214477539062
041290,0.146728515625,0.24648459255695343,0.2098969668149948,0.5472234487533569
041291,0.61328125,0.6190942525863647,0.5185247659683228,0.5812684297561646
041293,0.659423828125,0.6631806492805481,0.6764605641365051,0.8156196475028992
041295,0.9668782353401184,0.9674331545829773,0.892719030380249,0.9492362141609192
041297,0.388427734375,0.3969745635986328,0.3251410126686096,0.45578718185424805
041298,0.197998046875,0.33343181014060974,0.13742950558662415,0.43834009766578674
041299,0.967041015625,0.9676811695098877,0.8122885227203369,0.8256096243858337
041300,0.520263671875,0.5211465954780579,0.5620065331459045,0.6490888595581055
041304,0.9668782353401184,0.9672977328300476,0.892719030380249,0.7916869521141052
041305,0.619873046875,0.627083957195282,0.5410870313644409,0.7539920806884766
041306,0.947998046875,0.952343761920929,0.8348100185394287,0.8491113185882568
041309,0.940673828125,0.9493666291236877,0.5046601295471191,0.7111212015151978
041310,0.531982421875,0.5841920375823975,0.3482339084148407,0.5418020486831665
041311,0.5757649540901184,0.5827577114105225,0.49943602085113525,0.7193825244903564
041312,0.712158203125,0.7124305963516235,0.8569586873054504,0.8101387619972229
041313,0.531982421875,0.5700423121452332,0.48571667075157166,0.5199732780456543
041314,0.14453125,0.30224037170410156,0.12132726609706879,0.34390711784362793
041315,0.9388020634651184,0.9453353881835938,0.48492133617401123,0.5209535360336304
041316,0.968017578125,0.9680765867233276,1.0,0.8468176126480103
041317,0.706298828125,0.7101418375968933,0.7139173746109009,0.7390545606613159
041318,0.968017578125,0.9680573344230652,1.0,0.8969226479530334
041319,0.432373046875,0.4380212426185608,0.4618985950946808,0.619819164276123
041322,0.947998046875,0.9543830156326294,0.6841284036636353,0.7940046191215515
041323,0.939453125,0.9480149745941162,0.489017516374588,0.5281501412391663
041324,0.278564453125,0.37395626306533813,0.21157628297805786,0.6006999015808105
041325,0.432373046875,0.4376526176929474,0.4618985950946808,0.6264978647232056
041327,0.212890625,0.32744598388671875,0.1584416627883911,0.3207409977912903
041329,0.957763671875,0.9580419063568115,0.8271697163581848,0.6827225685119629
041332,0.146728515625,0.2665267288684845,0.11196307837963104,0.4413621723651886
041333,0.556884765625,0.6094636917114258,0.4431702494621277,0.6203845143318176
041334,0.580322265625,0.6014721393585205,0.86592036485672,0.7933921217918396
041335,0.9673665165901184,0.9678080081939697,0.8748590350151062,0.8090905547142029
041336,0.9673665165901184,0.9677920937538147,0.8748590350151062,0.8698782920837402
041338,0.959228515625,0.9597545862197876,0.7631344795227051,0.8014308214187622
041340,0.9444172978401184,0.95416659116745,0.6219719052314758,0.781257688999176
041341,0.951171875,0.9571160078048706,0.694340705871582,0.7155934572219849
041342,0.967041015625,0.9678025245666504,0.8122885227203369,0.8030626773834229
041343,0.08203125,0.1703362762928009,0.04692786931991577,0.157661572098732
041344,0.571533203125,0.581558346748352,0.43686550855636597,0.6059887409210205
041345,0.957763671875,0.9586248397827148,0.7236568927764893,0.9144778251647949
041347,0.9444172978401184,0.9558356404304504,0.544137716293335,0.6050764322280884
041350,0.2774251401424408,0.36918383836746216,0.4175114035606384,0.745331883430481
041352,0.968017578125,0.9680626392364502,1.0,0.8561031818389893
041353,0.304931640625,0.36629173159599304,0.6151177287101746,0.8069186806678772
041354,0.9673665165901184,0.9677375555038452,1.0,0.9094743132591248
041355,0.9375,0.9436870813369751,0.5364049673080444,0.4871930480003357
041356,0.9673665165901184,0.9678462147712708,0.8748590350151062,0.886633038520813
041357,0.94140625,0.9479391574859619,0.5900454521179199,0.660630464553833
041358,0.46875,0.471923828125,0.4524630308151245,0.44068220257759094
041363,0.508056640625,0.5123149156570435,0.5334192514419556,0.6076704263687134
041364,0.946533203125,0.9528451561927795,0.8026000261306763,0.8226759433746338
041365,0.2774251401424408,0.3648713529109955,0.23532335460186005,0.4699108898639679
041366,0.951171875,0.9598389863967896,0.6074502468109131,0.778411328792572
041367,0.939453125,0.9500856399536133,0.489017516374588,0.5925089716911316
041368,0.432373046875,0.43505048751831055,0.5636333227157593,0.6340676546096802
041369,0.953369140625,0.9569059610366821,0.912726640701294,0.9215940833091736
041374,0.21875,0.27221250534057617,0.19272169470787048,0.28141501545906067
041375,0.455078125,0.581243097782135,0.33298835158348083,0.5246772170066833
041378,0.46875,0.4839785099029541,0.29608190059661865,0.5243978500366211
041381,0.706298828125,0.7065460085868835,0.871160089969635,0.7910810112953186
041382,0.110107421875,0.31142956018447876,0.07620275020599365,0.4696276783943176
041384,0.953369140625,0.95782071352005,0.7479812502861023,0.7846275568008423
041385,0.9507649540901184,0.9550815224647522,0.7292529344558716,0.783139705657959
041388,0.962158203125,0.9625771641731262,0.8420895934104919,0.8314050436019897
041390,0.9388020634651184,0.9510930776596069,0.5542851090431213,0.8324404954910278
041393,0.9507649540901184,0.9565083980560303,0.6379934549331665,0.801257848739624
041394,0.39453125,0.3986983299255371,0.5199966430664062,0.5180776715278625
041397,0.518798828125,0.5652698874473572,0.4535067081451416,0.5088892579078674
041400,0.365234375,0.365234375,0.7136205434799194,0.6852248907089233
041401,0.9668782353401184,0.9674808382987976,0.7810032963752747,0.768937349319458
041402,0.584228515625,0.5846524238586426,0.6245770454406738,0.6301568150520325
041404,0.962158203125,0.9625319838523865,0.9625431895256042,0.9301223754882812
041405,0.943359375,0.9441859126091003,0.8076295852661133,0.7195367217063904
041406,0.9673665165901184,0.9676390886306763,0.8748590350151062,0.7652580142021179
041408,0.263671875,0.36052095890045166,0.32801172137260437,0.4831368923187256
041409,0.967041015625,0.9676845073699951,0.8122885227203369,0.8183477520942688
041411,0.9375,0.938934326171875,0.9298905730247498,0.9761459231376648
041412,0.951904296875,0.9563097357749939,0.8690900206565857,0.9326400756835938
041414,0.951904296875,0.9562578797340393,0.8690900206565857,0.7538250088691711
041415,0.953369140625,0.9549153447151184,0.7479812502861023,0.5859299898147583
041417,0.703369140625,0.7048196792602539,0.8588406443595886,0.8654501438140869
041418,0.488037109375,0.5604014992713928,0.398443341255188,0.6825389862060547
041419,0.940673828125,0.9498533606529236,0.6212818622589111,0.8449602127075195
041423,0.431884765625,0.48341333866119385,0.4763599932193756,0.6614653468132019
041424,0.48828125,0.4889177680015564,0.6066363453865051,0.6720448136329651
041425,0.61328125,0.6149749755859375,0.4536360800266266,0.35429146885871887
041426,0.584228515625,0.584792971611023,0.6245770454406738,0.6904685497283936
041427,0.957763671875,0.9582701325416565,0.8271697163581848,0.7422171831130981
041428,0.4375,0.5702776312828064,0.33466389775276184,0.6773796677589417
041430,0.9673665165901184,0.967560350894928,1.0,0.9415451288223267
041433,0.9673665165901184,0.967848539352417,0.8748590350151062,0.9668534994125366
041434,0.374755859375,0.4787042438983917,0.3454500138759613,0.6724643707275391
041435,0.962158203125,0.9624539613723755,0.8420895934104919,0.7770949006080627
041436,0.962158203125,0.9626317024230957,0.8420895934104919,0.7156854271888733
041437,0.5757649540901184,0.5813625454902649,0.49943602085113525,0.647669792175293
041438,0.9668782353401184,0.967444896697998,0.7810032963752747,0.8679062724113464
041440,0.9388020634651184,0.9443362355232239,0.8427215218544006,0.8268833756446838
041441,0.951171875,0.9543866515159607,0.8472716808319092,0.7312566637992859
041442,0.520263671875,0.5206785202026367,0.6423966884613037,0.6797527074813843
041443,0.567138671875,0.6402660608291626,0.4261382520198822,0.7791469693183899
041445,0.706298828125,0.709794819355011,0.7139173746109009,0.7292919158935547
041446,0.968017578125,0.9680773615837097,1.0,0.8925473690032959
041447,0.956298828125,0.9596518874168396,0.7169486284255981,0.7425641417503357
041448,0.967041015625,0.9675201773643494,0.8122885227203369,0.783575713634491
041450,0.967041015625,0.9676564931869507,0.8122885227203369,0.9106575846672058
041451,0.197998046875,0.3332860469818115,0.15708759427070618,0.523057758808136
041452,0.701171875,0.7042080163955688,0.7871269583702087,0.7790951728820801
041455,0.9673665165901184,0.9676305651664734,0.8748590350151062,0.848124086856842
041456,0.30078125,0.3456494212150574,0.3454500138759613,0.4493572413921356
041457,0.9673665165901184,0.9677807092666626,0.8748590350151062,0.8469392657279968
041458,0.9673665165901184,0.9677583575248718,0.8748590350151062,0.9139996767044067
041460,0.9388020634651184,0.9428238272666931,0.5542851090431213,0.4818483889102936
041463,0.968017578125,0.9680656790733337,1.0,0.8210192918777466
041464,0.967041015625,0.9673543572425842,0.8122885227203369,0.7206823229789734
041465,0.9668782353401184,0.9674821496009827,0.7810032963752747,0.6717252731323242
041467,0.584228515625,0.5843979120254517,0.6245770454406738,0.5072478652000427
041469,0.3059895932674408,0.4186255931854248,0.2033541053533554,0.5142030119895935
041470,0.567138671875,0.6012288331985474,0.37281090021133423,0.45593932271003723
041471,0.9388020634651184,0.9496462941169739,0.5542851090431213,0.6552557945251465
041472,0.393798828125,0.4612579345703125,0.31885725259780884,0.41553762555122375
041473,0.584228515625,0.58498215675354,0.6245770454406738,0.5886088609695435
041475,0.23828125,0.36788859963417053,0.14078360795974731,0.42319047451019287
041476,0.344482421875,0.4176340699195862,0.2789551615715027,0.5850458145141602
041477,0.30078125,0.377715140581131,0.24766992032527924,0.4152068495750427
041478,0.35546875,0.36951932311058044,0.2659246027469635,0.41828304529190063
041479,0.25390625,0.30670177936553955,0.18509942293167114,0.24712243676185608
041482,0.9673665165901184,0.9677827954292297,0.8748590350151062,0.6728824973106384
041483,0.953369140625,0.9595790505409241,0.6543781161308289,0.7190307974815369
041486,0.95703125,0.9576054811477661,0.7039180397987366,0.6226722002029419
041488,0.02083333395421505,0.250529021024704,0.015642624348402023,0.46384599804878235
041489,0.946533203125,0.9482787251472473,0.575423002243042,0.38747838139533997
041490,0.962158203125,0.9626895189285278,0.8420895934104919,0.9275810718536377
041492,0.344482421875,0.38851961493492126,0.38908666372299194,0.6569801568984985
041493,0.706298828125,0.70979905128479,0.7139173746109009,0.7764087319374084
041494,0.228759765625,0.35831597447395325,0.14772342145442963,0.411020964384079
041498,0.712158203125,0.7125944495201111,0.7497180104255676,0.8182288408279419
041499,0.967041015625,0.9675783514976501,0.8122885227203369,0.9126203656196594
041500,0.968017578125,0.9680483937263489,1.0,0.904626727104187
041501,0.469970703125,0.47988277673721313,0.4431702494621277,0.7144877314567566
041502,0.9507649540901184,0.9561759829521179,0.7292529344558716,0.7924122214317322
041503,0.962158203125,0.9625400900840759,0.8420895934104919,0.9002676010131836
041505,0.567138671875,0.5794862508773804,0.5199966430664062,0.48326626420021057
041509,0.261474609375,0.3490734100341797,0.22860826551914215,0.5738788843154907
041510,0.703369140625,0.7080408930778503,0.5620065331459045,0.5564113855361938
041511,0.943359375,0.9501074552536011,0.7371450066566467,0.6130101680755615
041512,0.9466145634651184,0.9552074074745178,0.5787770748138428,0.6552702784538269
041513,0.967041015625,0.9678118824958801,0.8122885227203369,0.9312690496444702
041514,0.951904296875,0.9577831625938416,0.7122209072113037,0.6784494519233704
041515,0.946533203125,0.9530025720596313,0.575423002243042,0.6090739965438843
041516,0.968017578125,0.9680498838424683,1.0,0.972297191619873
041517,0.968017578125,0.9680573344230652,1.0,0.9169025421142578
041519,0.968017578125,0.9680541753768921,1.0,0.9061907529830933
041520,0.946533203125,0.9498270153999329,0.8026000261306763,0.738378643989563
041521,0.374755859375,0.413815975189209,0.6128985285758972,0.6775146126747131
041522,0.03125,0.08984375,0.04229741916060448,0.17861966788768768
041524,0.706298828125,0.7110915780067444,0.7139173746109009,0.8183276653289795
041525,0.16796875,0.2507537603378296,0.14772342145442963,0.4264969527721405
041527,0.5757649540901184,0.5811567306518555,0.49943602085113525,0.6726935505867004
041529,0.14453125,0.264430969953537,0.1061442568898201,0.3570999503135681
041530,0.947998046875,0.9515275359153748,0.5985158681869507,0.5336238741874695
041531,0.706298828125,0.7102764248847961,0.7139173746109009,0.822357714176178
041534,0.9375,0.9438340663909912,0.5364049673080444,0.5374664664268494
041535,0.951904296875,0.9564172625541687,0.8690900206565857,0.9702010154724121
041536,0.5757649540901184,0.5803057551383972,0.6966133713722229,0.7432157397270203
041537,0.659423828125,0.6616619229316711,0.8254533410072327,0.8305695056915283
041538,0.02083333395421505,0.1550344079732895,0.021818332374095917,0.34613606333732605
041540,0.706298828125,0.7111707329750061,0.6245770454406738,0.7755078673362732
041543,0.503173828125,0.5095977187156677,0.3920743465423584,0.5307481288909912
041544,0.1458333432674408,0.2077229917049408,0.12516115605831146,0.44169095158576965
041545,0.431884765625,0.4818296432495117,0.390377938747406,0.48546603322029114
041546,0.568359375,0.5757182836532593,0.5438850522041321,0.6333742737770081
041547,0.560546875,0.619637668132782,0.4082580804824829,0.5801729559898376
041548,0.939453125,0.9468684792518616,0.6820816993713379,0.6566274166107178
041549,0.94140625,0.9536615014076233,0.5162065625190735,0.7002972960472107
041550,0.968017578125,0.9680627584457397,1.0,0.9514258503913879
041552,0.946533203125,0.9530491232872009,0.7083972692489624,0.8704754710197449
041555,0.633056640625,0.6399459838867188,0.5862115621566772,0.6894528269767761
041556,0.967041015625,0.9675472378730774,0.8122885227203369,0.7777296900749207
041557,0.966796875,0.9674338698387146,0.8748388290405273,0.8552669882774353
041560,0.584228515625,0.5847128033638,0.6245770454406738,0.631418764591217
041561,0.943359375,0.952773928642273,0.7371450066566467,0.8228238821029663
041562,0.606689453125,0.6502715349197388,0.5334192514419556,0.7585862874984741
041565,0.12109375,0.26788443326950073,0.07821311801671982,0.5217417478561401
041567,0.967041015625,0.9673423171043396,0.8122885227203369,0.6683684587478638
041569,0.560546875,0.6110604405403137,0.3571682572364807,0.5035207271575928
041570,0.946533203125,0.9484672546386719,0.8793432712554932,0.82969731092453
041571,0.703369140625,0.7056589126586914,0.6423966884613037,0.5487002730369568
041572,0.9466145634651184,0.9532890915870667,0.6615661382675171,0.8258251547813416
041575,0.9466145634651184,0.9551032781600952,0.6615661382675171,0.7798960208892822
041576,0.490234375,0.490234375,0.8556691408157349,0.8216212391853333
041577,0.701171875,0.7026491165161133,0.7184317708015442,0.6767625212669373
041578,0.501953125,0.5045852661132812,0.6016255021095276,0.6712074875831604
041580,0.946533203125,0.9555414915084839,0.575423002243042,0.685537576675415
041581,0.956298828125,0.9577369093894958,0.8195018768310547,0.7136062383651733
041582,0.3059895932674408,0.3809826076030731,0.23244215548038483,0.42374005913734436
041583,0.9466145634651184,0.9510777592658997,0.5787770748138428,0.48574748635292053
041585,0.94140625,0.9450991153717041,0.7888506054878235,0.8673045039176941
041587,0.968017578125,0.9680586457252502,1.0,0.9575357437133789
041588,0.9673665165901184,0.9678450226783752,0.8748590350151062,0.9209442734718323
041589,0.959228515625,0.9596526622772217,0.8722942471504211,0.7801893949508667
041590,0.939453125,0.948257565498352,0.5589672327041626,0.6361044049263
041591,0.953369140625,0.9602839350700378,0.6543781161308289,0.7760248780250549
041592,0.966796875,0.9673296213150024,0.7653606534004211,0.7419332265853882
041593,0.953369140625,0.9576858878135681,0.7479812502861023,0.836123526096344
041594,0.499755859375,0.5250287055969238,0.4098700284957886,0.36986738443374634
041595,0.9507649540901184,0.9521535038948059,0.8898733854293823,0.88690584897995
041596,0.3599446713924408,0.42794686555862427,0.36623337864875793,0.6145346760749817
041597,0.5694172978401184,0.5787630677223206,0.4635950028896332,0.6252084374427795
041599,0.946533203125,0.9544844031333923,0.6577322483062744,0.8152371048927307
041600,0.150390625,0.20937389135360718,0.13830174505710602,0.23158717155456543
041602,0.584228515625,0.5844607353210449,0.7139173746109009,0.7489046454429626
041603,0.23828125,0.3992089033126831,0.16092148423194885,0.5357511639595032
041604,0.712158203125,0.7126177549362183,0.7497180104255676,0.8452367782592773
041606,0.556884765625,0.6006781458854675,0.4431702494621277,0.586798369884491
041607,0.469970703125,0.4781514108181,0.3877114951610565,0.6170032024383545
041608,0.3599446713924408,0.3657468259334564,0.36623337864875793,0.30452826619148254
041611,0.939453125,0.9423999786376953,0.5589672327041626,0.4656681716442108
041612,0.962158203125,0.9624696969985962,0.8420895934104919,0.798139750957489
041613,0.9507649540901184,0.9576740860939026,0.6379934549331665,0.7434088587760925
041614,0.953369140625,0.9574873447418213,0.6543781161308289,0.6078416705131531
041616,0.091796875,0.2366247922182083,0.05102403834462166,0.3211226463317871
041617,0.94140625,0.9428092837333679,0.8970906734466553,0.7355623841285706
041618,0.5757649540901184,0.5819551348686218,0.49943602085113525,0.5516139268875122
041619,0.30078125,0.35242128372192383,0.28309693932533264,0.41487789154052734
041620,0.267578125,0.3087952435016632,0.5211794376373291,0.7234845161437988
041621,0.9444172978401184,0.9490281343460083,0.544137716293335,0.4855193793773651
041622,0.94140625,0.9537379145622253,0.5162065625190735,0.6132637858390808
041623,0.701904296875,0.7050739526748657,0.7402501106262207,0.7127715945243835
041624,0.967041015625,0.9676764011383057,0.8122885227203369,0.7748814225196838
041626,0.490234375,0.5806050300598145,0.27821314334869385,0.6739763617515564
041627,0.951904296875,0.9553300738334656,0.7122209072113037,0.6242045760154724
041628,0.606689453125,0.6422904133796692,0.5334192514419556,0.632915735244751
041629,0.51953125,0.5843192338943481,0.3754834830760956,0.6276950240135193
041632,0.633056640625,0.6362329721450806,0.5128524899482727,0.48699966073036194
041633,0.943359375,0.9466782808303833,0.5284951329231262,0.4664545953273773
041634,0.47265625,0.4808099865913391,0.4784300625324249,0.5517372488975525
041637,0.966796875,0.9674098491668701,0.7653606534004211,0.8293085098266602
041639,0.365234375,0.3874451518058777,0.4972013831138611,0.452499121427536
041640,0.300537109375,0.3945598304271698,0.2163846641778946,0.5657384991645813
041641,0.503173828125,0.5137795805931091,0.3430097699165344,0.4785842299461365
041642,0.706298828125,0.70980304479599,0.7139173746109009,0.7435007691383362
041643,0.304931640625,0.4361632168292999,0.22860826551914215,0.6416202783584595
041644,0.34765625,0.3585662841796875,0.3358892798423767,0.6224477291107178
041645,0.606689453125,0.6360392570495605,0.5334192514419556,0.61995929479599
041646,0.659423828125,0.6630207300186157,0.5918076038360596,0.7487471699714661
041650,0.518798828125,0.5997270345687866,0.3716495931148529,0.5506598949432373
041651,0.4375,0.4638671875,0.30545666813850403,0.34252500534057617
041653,0.571533203125,0.5766040682792664,0.6093400716781616,0.6459934711456299
041654,0.956298828125,0.9565460085868835,0.8195018768310547,0.6460461020469666
041656,0.939453125,0.9537774920463562,0.489017516374588,0.8104276657104492
041658,0.946533203125,0.9534257054328918,0.575423002243042,0.679297149181366
041659,0.505615234375,0.5152028203010559,0.4607907235622406,0.6741606593132019
041662,0.5694172978401184,0.5810727477073669,0.4055802822113037,0.7194597721099854
041664,0.300537109375,0.3939563035964966,0.30181336402893066,0.588604211807251
041666,0.951904296875,0.9574580192565918,0.7122209072113037,0.8251818418502808
041668,0.951904296875,0.9545488953590393,0.7122209072113037,0.6305677890777588
041669,0.9507649540901184,0.9567792415618896,0.6379934549331665,0.8746329545974731
041670,0.951904296875,0.957759439945221,0.8690900206565857,0.9404857754707336
041671,0.943115234375,0.9545937776565552,0.6126077175140381,0.7320689558982849
041676,0.967041015625,0.9674853086471558,0.9284793138504028,0.9007304310798645
041677,0.531982421875,0.5915244817733765,0.3482339084148407,0.522262454032898
041678,0.9507649540901184,0.9566166996955872,0.7292529344558716,0.9029666185379028
041682,0.962158203125,0.9624683856964111,0.9625431895256042,0.964777410030365
041683,0.606689453125,0.6340010166168213,1.0,0.941938579082489
041685,0.953369140625,0.9568445682525635,0.7479812502861023,0.7653678059577942
041686,0.968017578125,0.9680213928222656,1.0,0.8387238383293152
041687,0.966796875,0.9672771692276001,0.7653606534004211,0.7531616687774658
041688,0.95703125,0.9575536847114563,0.7039180397987366,0.8084442019462585
041689,0.606689453125,0.6204808950424194,1.0,0.9863519072532654
041690,0.03125,0.15943053364753723,0.02753167226910591,0.2477361112833023
041691,0.962158203125,0.9625887870788574,0.8420895934104919,0.8195762634277344
041693,0.956298828125,0.959600031375885,0.8195018768310547,0.7811971306800842
041694,0.228759765625,0.29849720001220703,0.3198178708553314,0.48299819231033325
041695,0.488037109375,0.5711988806724548,0.3265250623226166,0.4762724041938782
041696,0.48828125,0.48897895216941833,0.5307213068008423,0.5942670106887817
041697,0.703369140625,0.7067980766296387,0.6423966884613037,0.6673316955566406
041698,0.47265625,0.5562593936920166,0.3039627969264984,0.5329990386962891
041700,0.659423828125,0.6631332635879517,0.6764605641365051,0.789700984954834
041702,0.943359375,0.9459711909294128,0.7371450066566467,0.5530219078063965
041703,0.9466145634651184,0.9530324935913086,0.8072783350944519,0.85911625623703
041704,0.9673665165901184,0.9677077531814575,0.8748590350151062,0.8381288647651672
041706,0.951904296875,0.9579350352287292,0.7122209072113037,0.8349083662033081
041708,0.619873046875,0.6237605810165405,0.5410870313644409,0.5108249187469482
041710,0.466064453125,0.5748188495635986,0.25437816977500916,0.6830660700798035
041711,0.968017578125,0.9680600166320801,1.0,0.9034457802772522
041714,0.962158203125,0.9625494480133057,0.8420895934104919,0.7980176210403442
041715,0.9507649540901184,0.9565741419792175,0.6379934549331665,0.7188246846199036
041716,0.701904296875,0.7034492492675781,0.6066363453865051,0.44278261065483093
041717,0.9668782353401184,0.9673777222633362,0.892719030380249,0.8961148858070374
041718,0.304931640625,0.304931640625,1.0,1.0
041719,0.956298828125,0.9604339599609375,0.8195018768310547,0.8983278274536133
041722,0.953369140625,0.9584679007530212,0.7479812502861023,0.8723089098930359
041723,0.951904296875,0.9598645567893982,0.7122209072113037,0.884491503238678
041725,0.619873046875,0.6239124536514282,0.6602633595466614,0.6455196142196655
041726,0.580322265625,0.6411420702934265,0.5636333227157593,0.7224836349487305
041728,0.962158203125,0.9626912474632263,0.8420895934104919,0.8840144872665405
041730,0.956298828125,0.956298828125,1.0,1.0
041732,0.9388020634651184,0.946868896484375,0.5542851090431213,0.7861127853393555
041733,0.2044270783662796,0.39202016592025757,0.12516115605831146,0.5016943216323853
041734,0.568359375,0.5694172978401184,0.6776539087295532,0.6659652590751648
041735,0.261474609375,0.34307944774627686,0.22860826551914215,0.457586407661438
041736,0.943359375,0.9495547413825989,0.5284951329231262,0.5558682084083557
041737,0.47265625,0.5428544282913208,0.3039627969264984,0.5287834405899048
041738,0.951904296875,0.9575701355934143,0.8690900206565857,0.895358681678772
041739,0.14453125,0.3049507439136505,0.14805001020431519,0.5431951880455017
041740,0.510498046875,0.5186103582382202,0.43686550855636597,0.5877299904823303
041742,0.712158203125,0.7125441431999207,0.7497180104255676,0.7778924703598022
041743,0.5757649540901184,0.5812860131263733,0.49943602085113525,0.717345118522644
041745,0.44921875,0.5343151092529297,0.32727500796318054,0.6062973141670227
041746,0.580322265625,0.6253533363342285,0.5636333227157593,0.6532195210456848
041747,0.260498046875,0.3611026704311371,0.18348374962806702,0.38890403509140015
041748,0.0,0.08242187649011612,0.0,0.13287660479545593
041750,0.659423828125,0.6617692708969116,0.8254533410072327,0.796000063419342
041754,0.499755859375,0.6052162647247314,0.3358892798423767,0.5808846354484558
041755,0.510498046875,0.5165128111839294,0.6093400716781616,0.6656026840209961
041756,0.703369140625,0.7103667259216309,0.5620065331459045,0.8100261092185974
041758,0.488037109375,0.5370810627937317,0.2856633961200714,0.37271517515182495
041759,0.02083333395421505,0.1793225109577179,0.021818332374095917,0.31224769353866577
041760,0.9507649540901184,0.9565405249595642,0.6379934549331665,0.7498066425323486
041764,0.9673665165901184,0.9677016139030457,0.8748590350151062,0.7824020385742188
041767,0.197998046875,0.3452318608760834,0.16918803751468658,0.41226136684417725
041768,0.508056640625,0.5094451904296875,0.6509066820144653,0.6045263409614563
041769,0.956298828125,0.9593040943145752,0.7169486284255981,0.6726888418197632
041770,0.947998046875,0.9520576000213623,0.8348100185394287,0.9106847047805786
041771,0.9507649540901184,0.9560539722442627,0.6379934549331665,0.7646655440330505
041772,0.9507649540901184,0.956367552280426,0.6379934549331665,0.7875761985778809
041774,0.962158203125,0.962607741355896,0.8420895934104919,0.9068901538848877
041775,0.150390625,0.33379292488098145,0.09050162881612778,0.31764286756515503
041779,0.967041015625,0.967382550239563,0.8122885227203369,0.7241054177284241
041780,0.388427734375,0.39981555938720703,0.3251410126686096,0.4560694396495819
041784,0.44140625,0.4479385316371918,0.45818498730659485,0.5569506883621216
041785,0.967041015625,0.9675692915916443,0.9284793138504028,0.8573921322822571
041786,0.4375,0.517268717288971,0.30545666813850403,0.4724670946598053
041787,0.47265625,0.47265625,0.904949426651001,0.904949426651001
041789,0.94140625,0.9486995935440063,0.5162065625190735,0.5627617239952087
041790,0.966796875,0.9674510359764099,0.7653606534004211,0.9043546915054321
041791,0.951904296875,0.9535064697265625,0.8690900206565857,0.943313717842102
041792,0.47265625,0.5180023312568665,0.6580725908279419,0.8523789644241333
041793,0.23046875,0.356137752532959,0.214540034532547,0.5221239328384399
041794,0.968017578125,0.9680686593055725,1.0,0.9350376725196838
041795,0.9673665165901184,0.9675264358520508,1.0,0.8272286653518677
041796,0.959228515625,0.9598293900489807,0.7631344795227051,0.8077813386917114
041798,0.953369140625,0.9602102041244507,0.6543781161308289,0.7004036903381348
041800,0.962158203125,0.9624513387680054,0.8420895934104919,0.7770992517471313
041801,0.9668782353401184,0.9674484133720398,0.7810032963752747,0.7086519598960876
041802,0.580322265625,0.6437513828277588,0.4040961265563965,0.8015965223312378
041803,0.957763671875,0.9585288763046265,0.7236568927764893,0.8683753609657288
041804,0.228759765625,0.36507654190063477,0.19749616086483002,0.6066692471504211
041807,0.9668782353401184,0.9674649238586426,0.7810032963752747,0.7149292230606079
041810,0.956298828125,0.9588011503219604,1.0,0.9730712175369263
041812,0.940673828125,0.9503858685493469,0.5046601295471191,0.6709705591201782
041814,0.659423828125,0.6622920632362366,0.5918076038360596,0.6196959018707275
041815,0.219970703125,0.3060479164123535,0.18348374962806702,0.5261927247047424
041816,0.5694172978401184,0.5790252685546875,0.4055802822113037,0.4929373860359192
041817,0.520263671875,0.5207536816596985,0.5620065331459045,0.5432977080345154
041818,0.166259765625,0.29745590686798096,0.12132726609706879,0.4470449984073639
041819,0.951171875,0.9569091796875,0.8472716808319092,0.8443677425384521
041820,0.712158203125,0.712415874004364,0.8569586873054504,0.7081090211868286
041821,0.197998046875,0.3001521825790405,0.34009110927581787,0.6562352776527405
041823,0.9673665165901184,0.9677056074142456,0.8748590350151062,0.658916711807251
041825,0.967041015625,0.9676687717437744,0.8122885227203369,0.7999914288520813
041829,0.703369140625,0.7088837027549744,0.6423966884613037,0.7755292654037476
041830,0.580322265625,0.623034656047821,0.4618985950946808,0.5218644142150879
041831,0.959228515625,0.9599977135658264,0.7631344795227051,0.7509337067604065
041832,0.94140625,0.9483334422111511,0.5900454521179199,0.6080452799797058
041833,0.9673665165901184,0.9676780700683594,0.8748590350151062,0.7903731465339661
041834,0.951171875,0.9551205039024353,0.8472716808319092,0.7566321492195129
041835,0.947998046875,0.9509299993515015,0.8348100185394287,0.7446950674057007
041836,0.365234375,0.47585418820381165,0.26521679759025574,0.4829899072647095
041837,0.953369140625,0.9604082107543945,0.6543781161308289,0.8374581336975098
041838,0.953369140625,0.9582663774490356,0.7479812502861023,0.7962926030158997
041841,0.968017578125,0.9680777192115784,1.0,0.945706844329834
041842,0.939453125,0.9459649920463562,0.5589672327041626,0.5652948021888733
041843,0.567138671875,0.623702883720398,0.5199966430664062,0.7414303421974182
041845,0.47265625,0.5155543684959412,0.5698384642601013,0.600471019744873
041846,0.1458333432674408,0.24449056386947632,0.15272833406925201,0.4947524964809418
041847,0.957763671875,0.9584000110626221,0.7236568927764893,0.7889032363891602
041850,0.947998046875,0.9534134268760681,0.5985158681869507,0.7314037680625916
041851,0.431884765625,0.4932670593261719,0.390377938747406,0.5111936330795288
041853,0.450927734375,0.4605519771575928,0.39804574847221375,0.5472516417503357
041854,0.959228515625,0.9597976207733154,0.7631344795227051,0.844673216342926
041856,0.9466145634651184,0.949414849281311,0.8844688534736633,0.9107681512832642
041859,0.432373046875,0.43712013959884644,0.5636333227157593,0.6012954115867615
041860,0.703369140625,0.7075178623199463,0.7838867902755737,0.748873770236969
041861,0.943115234375,0.9520494341850281,0.7475366592407227,0.8274703621864319
041862,0.957763671875,0.9582840204238892,0.8271697163581848,0.7377253174781799
041863,0.712158203125,0.7123132348060608,0.8569586873054504,0.8374669551849365
041864,0.567138671875,0.6273658275604248,0.5199966430664062,0.7313834428787231
041865,0.9668782353401184,0.9673424959182739,0.892719030380249,0.8672394752502441
041866,0.9668782353401184,0.9673892259597778,0.892719030380249,0.8871074318885803
041868,0.450927734375,0.458612322807312,0.48571667075157166,0.62014240026474
041869,0.260498046875,0.33462056517601013,0.22389668226242065,0.4422169625759125
041870,0.956298828125,0.9590544104576111,1.0,0.8350035548210144
041871,0.51953125,0.5833733677864075,0.45818498730659485,0.6081640720367432
041872,0.9388020634651184,0.9415997862815857,0.6763683557510376,0.5167147517204285
041873,0.959228515625,0.9594851732254028,0.8722942471504211,0.8862743377685547
041874,0.9507649540901184,0.951779842376709,0.8898733854293823,0.7085075974464417
041877,0.968017578125,0.9680442810058594,1.0,1.0
041879,0.967041015625,0.96757572889328,0.9284793138504028,0.9863710999488831
041880,0.9375,0.93896484375,0.7171369194984436,0.7470022439956665
041881,0.968017578125,0.9680620431900024,1.0,0.921201765537262
041883,0.968017578125,0.968056857585907,1.0,0.8442443013191223
041884,0.703369140625,0.7082077860832214,0.5620065331459045,0.5468246340751648
041886,0.951904296875,0.956257164478302,0.8690900206565857,0.9159905314445496
041887,0.23828125,0.39965224266052246,0.14078360795974731,0.4346490204334259
041888,0.365234375,0.42132559418678284,0.26521679759025574,0.2950792908668518
041889,0.567138671875,0.6086571216583252,0.5199966430664062,0.5365577936172485
041893,0.953369140625,0.9579408168792725,0.6543781161308289,0.6623802185058594
041894,0.520263671875,0.5208448171615601,0.6423966884613037,0.657717764377594
041895,0.947998046875,0.952732503414154,0.5985158681869507,0.6096027493476868
041896,0.9444172978401184,0.9516839385032654,0.544137716293335,0.6188984513282776
041897,0.9507649540901184,0.9555575251579285,0.8898733854293823,0.9019428491592407
041899,0.9375,0.9473042488098145,0.5364049673080444,0.6836305856704712
041901,0.94140625,0.9468442797660828,0.7200049757957458,0.7422096729278564
041902,0.967041015625,0.9673614501953125,0.9284793138504028,0.8321718573570251
041904,0.953369140625,0.9583381414413452,0.6543781161308289,0.7620856761932373
041905,0.9673665165901184,0.9675365090370178,1.0,1.0
041906,0.2774251401424408,0.4229625165462494,0.1687147468328476,0.32331934571266174
041907,0.365234375,0.3699951171875,0.35457679629325867,0.3576287031173706
041909,0.701171875,0.7032553553581238,0.7871269583702087,0.8386191725730896
041910,0.967041015625,0.9675430655479431,0.9284793138504028,0.9780616164207458
041911,0.703369140625,0.7049498558044434,0.8588406443595886,0.8679727911949158
041912,0.518798828125,0.6090986132621765,0.3251410126686096,0.6241271495819092
041913,0.431884765625,0.44805270433425903,0.8451594114303589,0.8553324937820435
041914,0.1875,0.20273438096046448,0.4692787230014801,0.5032251477241516
041916,0.431884765625,0.4818490743637085,0.4763599932193756,0.7075473666191101
041918,0.968017578125,0.9680487513542175,1.0,0.8635428547859192
041919,0.959228515625,0.9598706960678101,0.7631344795227051,0.8510253429412842
041920,0.966796875,0.9674323201179504,0.7653606534004211,0.7956413626670837
041922,0.490234375,0.5690158009529114,0.5961710214614868,0.8901563882827759
041923,0.703369140625,0.7092644572257996,0.5620065331459045,0.731325089931488
041924,0.556884765625,0.5904256701469421,0.8308104276657104,0.9538829326629639
041925,0.9673665165901184,0.9677954316139221,0.8748590350151062,0.8537980318069458
041927,0.9673665165901184,0.9676068425178528,1.0,0.7513605952262878
041929,0.3059895932674408,0.3952953517436981,0.23244215548038483,0.5020720362663269
041930,0.0,0.0323893241584301,0.0,0.13868103921413422
041931,0.23828125,0.34704744815826416,0.14078360795974731,0.3114389181137085
041932,0.967041015625,0.9675238132476807,0.8122885227203369,0.7334316968917847
041933,0.951904296875,0.9599509835243225,0.7122209072113037,0.9162798523902893
041935,0.703369140625,0.7038154602050781,0.8588406443595886,0.8616885542869568
041936,0.951171875,0.956693708896637,0.694340705871582,0.7325363755226135
041937,0.962158203125,0.9626902341842651,0.8420895934104919,0.8942437171936035
041938,0.567138671875,0.6388438940048218,0.4261382520198822,0.6386172771453857
041939,0.510498046875,0.5169324278831482,0.43686550855636597,0.6103045344352722
041942,0.703369140625,0.707801103591919,0.7838867902755737,0.8418839573860168
041943,0.957763671875,0.9581894278526306,0.7236568927764893,0.6505119204521179
041944,0.571533203125,0.5766340494155884,0.6093400716781616,0.5976181626319885
041945,0.393798828125,0.44439372420310974,0.31885725259780884,0.4691462516784668
041947,0.9668782353401184,0.9674715399742126,0.892719030380249,0.9401039481163025
041948,0.967041015625,0.9678140878677368,0.8122885227203369,0.8948683738708496
041951,0.703369140625,0.7087060213088989,0.6423966884613037,0.8080475330352783
041952,0.701171875,0.7076226472854614,0.5887562036514282,0.732642412185669
041953,0.953369140625,0.9583052396774292,0.7479812502861023,0.7383037805557251
041954,0.968017578125,0.9680538773536682,1.0,0.9176653027534485
041955,0.968017578125,0.9680638313293457,1.0,0.9714796543121338
041956,0.967041015625,0.9678090810775757,0.8122885227203369,0.8516365885734558
041957,0.9673665165901184,0.9678453207015991,0.8748590350151062,0.8944833874702454
041958,0.962158203125,0.9626805782318115,0.8420895934104919,0.8637703061103821
041960,0.703369140625,0.7083835005760193,0.6423966884613037,0.7895058393478394
041961,0.946533203125,0.9541390538215637,0.575423002243042,0.6313249468803406
041962,0.95703125,0.9571358561515808,0.7039180397987366,0.5441103577613831
041963,0.304931640625,0.43717071413993835,0.22860826551914215,0.6882953643798828
041966,0.966796875,0.9676491022109985,0.7653606534004211,0.8152371644973755
041968,0.967041015625,0.9674046039581299,0.8122885227203369,0.9047296643257141
041969,0.967041015625,0.9676303863525391,0.9284793138504028,0.8704063892364502
041973,0.520263671875,0.5211523175239563,0.5620065331459045,0.6958800554275513
041974,0.9375,0.9429687261581421,0.5364049673080444,0.6236381530761719
041977,0.3599446713924408,0.4195055663585663,0.36623337864875793,0.6102573871612549
041978,0.95703125,0.9577609896659851,0.7039180397987366,0.7666884660720825
041981,0.9673665165901184,0.9676677584648132,0.8748590350151062,0.7815029621124268
041984,0.21875,0.3412494659423828,0.19272169470787048,0.491892546415329
041985,0.959228515625,0.959880530834198,0.7631344795227051,0.7737922668457031
041986,0.968017578125,0.9680575132369995,1.0,0.9022709727287292
041987,0.619873046875,0.6232638955116272,0.6602633595466614,0.714427649974823
041989,0.9466145634651184,0.9471859931945801,0.8072783350944519,0.6756027936935425
041990,0.9668782353401184,0.9672753214836121,0.7810032963752747,0.7120872735977173
041992,0.03125,0.1277727484703064,0.022562257945537567,0.19182433187961578
041994,0.957763671875,0.9578987956047058,0.7236568927764893,0.6170638799667358
041995,0.567138671875,0.5857099294662476,0.7988805174827576,0.7950098514556885
041997,0.580322265625,0.6224563717842102,0.4618985950946808,0.651099681854248
041998,0.712158203125,0.712692379951477,0.7497180104255676,0.8071091175079346
042001,0.0625,0.12135124206542969,0.09622055292129517,0.3073679506778717
042004,0.150390625,0.3042602837085724,0.10344710201025009,0.4092506170272827
042005,0.9444172978401184,0.9512261748313904,0.7589633464813232,0.7933472990989685
042009,0.2774251401424408,0.35043099522590637,0.36153164505958557,0.4882885813713074
042011,0.968017578125,0.9680511355400085,1.0,0.903215229511261
042014,0.968017578125,0.9680444598197937,1.0,0.8683248162269592
042015,0.432373046875,0.44045206904411316,0.4040961265563965,0.7369900345802307
042016,0.967041015625,0.9674217104911804,0.9284793138504028,0.973286509513855
042017,0.959228515625,0.9599965810775757,0.7631344795227051,0.80595862865448
042019,0.943115234375,0.9502303004264832,0.6126077175140381,0.6445300579071045
042024,0.947998046875,0.9560350775718689,0.5985158681869507,0.852783203125
042025,0.432373046875,0.43636417388916016,0.4618985950946808,0.47938966751098633
042027,0.21875,0.3074566125869751,0.15793579816818237,0.4471927881240845
042029,0.4778645932674408,0.4855869710445404,0.4055802822113037,0.6387046575546265
042033,0.968017578125,0.9680618643760681,1.0,0.9386389255523682
042034,0.606689453125,0.6386746764183044,0.6509066820144653,0.7755750417709351
042036,0.946533203125,0.9563915133476257,0.6577322483062744,0.7523820996284485
042038,0.968017578125,0.9680657982826233,1.0,0.930258572101593
042039,0.703369140625,0.7102261185646057,0.5620065331459045,0.6112689971923828
042040,0.431884765625,0.4937860071659088,0.4763599932193756,0.685352623462677
042041,0.388427734375,0.39408549666404724,0.3251410126686096,0.37470537424087524
042043,0.9444172978401184,0.9516863226890564,0.544137716293335,0.567031979560852
042045,0.953369140625,0.9590860605239868,0.6543781161308289,0.6710982322692871
042047,0.968017578125,0.9680566787719727,1.0,0.9110603928565979
042048,0.962158203125,0.9623779654502869,0.8420895934104919,0.7094906568527222
042049,0.5694172978401184,0.5765339732170105,0.4635950028896332,0.5910035967826843
042051,0.9673665165901184,0.9677450060844421,1.0,0.8902517557144165
042052,0.947998046875,0.95038902759552,0.9146330952644348,0.8943405151367188
042054,0.947998046875,0.9523711800575256,0.6841284036636353,0.7642646431922913
042055,0.94140625,0.9526055455207825,0.5162065625190735,0.7895325422286987
042057,0.1458333432674408,0.23120056092739105,0.15272833406925201,0.4188654124736786
042058,0.344482421875,0.39155313372612,0.5977610945701599,0.800379753112793
042059,0.956298828125,0.9589730501174927,0.8195018768310547,0.7546514868736267
042060,0.197998046875,0.3068878948688507,0.15708759427070618,0.35514798760414124
042062,0.508056640625,0.511608898639679,0.6509066820144653,0.645521342754364
042063,0.633056640625,0.6373797655105591,0.715326726436615,0.8175987005233765
042064,0.9466145634651184,0.9494572877883911,0.8072783350944519,0.8568710684776306
042066,0.946533203125,0.9555156230926514,0.6577322483062744,0.8784746527671814
042067,0.968017578125,0.9680595397949219,1.0,0.9346520900726318
042070,0.9673665165901184,0.967898428440094,0.8748590350151062,0.9426624774932861
042071,0.503173828125,0.5128898620605469,0.4784300625324249,0.692108690738678
042072,0.951904296875,0.9570084810256958,0.8690900206565857,0.974448025226593
042074,0.706298828125,0.7094100117683411,0.871160089969635,0.8897281885147095
042075,0.953369140625,0.9573827385902405,0.7479812502861023,0.7628185749053955
042076,0.968017578125,0.9680770039558411,1.0,0.938701331615448
042079,0.619873046875,0.6280026435852051,0.4733748733997345,0.7125325798988342
042086,0.712158203125,0.7124426364898682,0.8569586873054504,0.7589645385742188
042088,0.966796875,0.9677273631095886,0.7653606534004211,0.8289849758148193
042093,0.9507649540901184,0.9540123343467712,0.6379934549331665,0.6048112511634827
042094,0.606689453125,0.6366431713104248,0.6509066820144653,0.6946757435798645
042095,0.943115234375,0.9514651298522949,0.6126077175140381,0.7749394774436951
042097,0.946533203125,0.9507512450218201,0.6577322483062744,0.6144333481788635
042098,0.556884765625,0.5794180631637573,0.5407800078392029,0.5689098238945007
042099,0.51953125,0.5482906103134155,0.45818498730659485,0.4526938199996948
042100,0.469970703125,0.474721223115921,0.5924884676933289,0.64643394947052
042101,0.946533203125,0.9530177712440491,0.6577322483062744,0.7116823792457581
042102,0.9673665165901184,0.9678164124488831,0.8748590350151062,0.9290240406990051
042103,0.703369140625,0.7104109525680542,0.5620065331459045,0.7969207763671875
042104,0.571533203125,0.5790055394172668,0.6093400716781616,0.7057464122772217
042105,0.703369140625,0.7092936635017395,0.5620065331459045,0.7567185759544373
042106,0.957763671875,0.9584414958953857,0.8271697163581848,0.8778563737869263
042107,0.659423828125,0.6633874177932739,0.6764605641365051,0.6862908601760864
042108,0.261474609375,0.32879582047462463,0.2789600193500519,0.4494864344596863
042110,0.9668782353401184,0.9673919677734375,0.892719030380249,0.9425151348114014
042113,0.263671875,0.39696457982063293,0.17496776580810547,0.38982993364334106
042114,0.701904296875,0.7062501907348633,0.7402501106262207,0.6955918669700623
042116,0.9673665165901184,0.967710018157959,1.0,0.975018322467804
042117,0.14453125,0.2510548233985901,0.22745199501514435,0.5972009897232056
042118,0.5757649540901184,0.581598699092865,0.5708760023117065,0.7889094948768616
042119,0.959228515625,0.9594933986663818,0.7631344795227051,0.6857894062995911
042120,0.9444172978401184,0.953830361366272,0.6219719052314758,0.8755226731300354
042122,0.956298828125,0.9597427248954773,0.8195018768310547,0.877217173576355
042124,0.659423828125,0.6619971394538879,0.8254533410072327,0.8489102125167847
042125,0.393798828125,0.4679727256298065,0.31885725259780884,0.4579056203365326
042126,0.956298828125,0.9578667879104614,1.0,0.9285096526145935
042130,0.556884765625,0.6196696758270264,0.3877114951610565,0.6495769023895264
042132,0.943115234375,0.9515184760093689,0.7475366592407227,0.9070614576339722
042134,0.943115234375,0.950585126876831,0.7475366592407227,0.7494670152664185
042135,0.5757649540901184,0.580702006816864,0.5708760023117065,0.7293394804000854
042136,0.44921875,0.5348688960075378,0.32727500796318054,0.5786166787147522
042138,0.659423828125,0.6623030304908752,0.5918076038360596,0.5792558789253235
042139,0.967041015625,0.9675451517105103,0.9284793138504028,0.8891050815582275
042141,0.469970703125,0.4800146222114563,0.4431702494621277,0.7424403429031372
042142,0.967041015625,0.9674984812736511,0.9284793138504028,0.8462167382240295
042143,0.967041015625,0.9675998687744141,0.9284793138504028,0.9052008390426636
042144,0.967041015625,0.9676914811134338,0.8122885227203369,0.8883770704269409
042147,0.9673665165901184,0.9676260352134705,1.0,0.8753496408462524
042148,0.9673665165901184,0.9673665165901184,1.0,1.0
042149,0.9673665165901184,0.9677851796150208,0.8748590350151062,0.9116939306259155
042153,0.943115234375,0.9486339092254639,0.7475366592407227,0.7461369633674622
042154,0.300537109375,0.37058401107788086,0.30181336402893066,0.4684496223926544
042156,0.967041015625,0.9672698378562927,1.0,0.9455757141113281
042157,0.968017578125,0.9680597186088562,1.0,0.8760451078414917
042161,0.560546875,0.5802656412124634,0.8838695287704468,0.757861316204071
042163,0.304931640625,0.4084649980068207,0.2789600193500519,0.6279491782188416
042164,0.962158203125,0.9624118804931641,0.9625431895256042,0.8497100472450256
042167,0.94140625,0.9513112902641296,0.5900454521179199,0.6996088027954102
042170,0.966796875,0.967529296875,0.7653606534004211,0.9469023942947388
042172,0.9673665165901184,0.9675954580307007,1.0,0.9827868342399597
042173,0.9673665165901184,0.9676008820533752,0.8748590350151062,0.7542122602462769
042174,0.967041015625,0.9675620198249817,0.9284793138504028,0.9601107239723206
042175,0.703369140625,0.7080478072166443,0.7838867902755737,0.8747273683547974
042177,0.508056640625,0.5112776160240173,0.6509066820144653,0.7355050444602966
042178,0.953369140625,0.9603430032730103,0.6543781161308289,0.8943296074867249
042180,0.94140625,0.9537844061851501,0.5162065625190735,0.8176959156990051
042181,0.166259765625,0.30651724338531494,0.14805001020431519,0.5369904637336731
042182,0.659423828125,0.659423828125,0.6764605641365051,0.4741361737251282
042183,0.9507649540901184,0.9575601816177368,0.7292529344558716,0.7371417880058289
042184,0.951904296875,0.9563031196594238,0.7122209072113037,0.7062179446220398
042185,0.956298828125,0.9611371755599976,0.7169486284255981,0.8994441628456116
042189,0.967041015625,0.9675138592720032,0.8122885227203369,0.6883568167686462
042190,0.706298828125,0.7101315855979919,0.6245770454406738,0.6394458413124084
042191,0.956298828125,0.9584265947341919,1.0,0.923561155796051
042192,0.0625,0.23856836557388306,0.07171369343996048,0.5081204175949097
042193,0.499755859375,0.5320661067962646,0.629690945148468,0.6405438184738159
042194,0.953369140625,0.9583168029785156,0.7479812502861023,0.8630719184875488
042196,0.263671875,0.29461669921875,0.7653606534004211,0.9674680233001709
042198,0.1106770858168602,0.1957644820213318,0.18525049090385437,0.4122922122478485
042200,0.947998046875,0.9522981643676758,0.8348100185394287,0.7826942801475525
042201,0.9507649540901184,0.956213116645813,0.7292529344558716,0.859695315361023
042202,0.9673665165901184,0.9677037000656128,0.8748590350151062,0.7476266622543335
042203,0.03125,0.03125,0.6309297680854797,0.6309297680854797
042209,0.953369140625,0.9536241888999939,0.912726640701294,0.6666176915168762
042211,0.946533203125,0.9513683319091797,0.575423002243042,0.6650255918502808
042212,0.659423828125,0.659423828125,0.8254533410072327,0.8254533410072327
042213,0.510498046875,0.5123261213302612,0.6676040887832642,0.7100679278373718
042214,0.9507649540901184,0.9549103379249573,0.6379934549331665,0.728532075881958
042215,0.956298828125,0.9566078186035156,0.7169486284255981,0.5021766424179077
042219,0.5757649540901184,0.5807496309280396,0.6966133713722229,0.8128026723861694
042221,0.9507649540901184,0.9537617564201355,0.8898733854293823,0.8544418215751648
042224,0.490234375,0.5262863039970398,0.8556691408157349,0.9288831353187561
042227,0.9673665165901184,0.9676160216331482,1.0,0.8462424874305725
042229,0.946533203125,0.9541406631469727,0.6577322483062744,0.7825722694396973
042230,0.9673665165901184,0.9677609205245972,1.0,0.9394086599349976
042232,0.946533203125,0.9566322565078735,0.575423002243042,0.8544142842292786
042234,0.947998046875,0.9552625417709351,0.5985158681869507,0.8260653018951416
042237,0.968017578125,0.9680494666099548,1.0,0.9840459823608398
042238,0.967041015625,0.9675598740577698,0.9284793138504028,0.991779625415802
042242,0.323974609375,0.37987613677978516,0.3111700117588043,0.39245155453681946
042243,0.263671875,0.2677978575229645,0.7653606534004211,0.43841350078582764
042245,0.946533203125,0.9540547132492065,0.6577322483062744,0.762241780757904
042247,0.508056640625,0.5125317573547363,0.6509066820144653,0.7593470811843872
042248,0.619873046875,0.6232261657714844,0.6602633595466614,0.7261806130409241
042249,0.197998046875,0.3212050795555115,0.15708759427070618,0.48116371035575867
042251,0.968017578125,0.9680629372596741,1.0,0.8176825046539307
042253,0.9673665165901184,0.9675425887107849,1.0,0.9952118396759033
042254,0.943115234375,0.9494938850402832,0.7475366592407227,0.7012571096420288
042255,0.967041015625,0.9675390720367432,0.8122885227203369,0.751019299030304
042256,0.967041015625,0.9674137830734253,0.9284793138504028,0.8960035443305969
042257,0.962158203125,0.9623184204101562,0.9625431895256042,0.9271230101585388
042260,0.393798828125,0.41403728723526,0.690318763256073,0.7781258225440979
042261,0.9673665165901184,0.9677844643592834,1.0,0.9361890554428101
042262,0.531982421875,0.5794916749000549,0.48571667075157166,0.692455530166626
042263,0.953369140625,0.9585593938827515,0.912726640701294,0.8960054516792297
042264,0.9668782353401184,0.9674462080001831,0.892719030380249,0.8929480314254761
042265,0.9668782353401184,0.9677643179893494,0.7810032963752747,0.8657354712486267
042267,0.432373046875,0.4356277883052826,0.5636333227157593,0.5753436088562012
042268,0.953369140625,0.9586080312728882,0.7479812502861023,0.8771458268165588
042269,0.9668782353401184,0.9673913717269897,0.892719030380249,0.8384994268417358
042271,0.962158203125,0.9624388217926025,0.8420895934104919,0.7614239454269409
042273,0.943115234375,0.9501922726631165,0.5359453558921814,0.5774420499801636
042274,0.584228515625,0.5848759412765503,0.6245770454406738,0.7210751175880432
042275,0.959228515625,0.959792971611023,0.7631344795227051,0.8536644577980042
042277,0.9444172978401184,0.9540326595306396,0.6219719052314758,0.7315471768379211
042278,0.968017578125,0.968058705329895,1.0,0.9237363338470459
042281,0.4375,0.5293477773666382,0.30545666813850403,0.6080805063247681
042285,0.2774251401424408,0.36822113394737244,0.5188971757888794,0.8071191310882568
042286,0.701904296875,0.7067911028862,0.6066363453865051,0.7380644679069519
042287,0.9673665165901184,0.9677548408508301,1.0,0.996687114238739
042289,0.263671875,0.3481801450252533,0.37880125641822815,0.4860803484916687
042290,0.490234375,0.5505990982055664,0.6884825229644775,0.8369173407554626
042291,0.2122395932674408,0.29325148463249207,0.1687147468328476,0.3114151656627655
042292,0.962158203125,0.9624766707420349,0.8420895934104919,0.8455122709274292
042293,0.16796875,0.20440387725830078,0.3974803686141968,0.5742013454437256
042294,0.150390625,0.2711944580078125,0.22396063804626465,0.6454916596412659
042296,0.940673828125,0.9496751427650452,0.7038999795913696,0.8251692652702332
042300,0.393798828125,0.45775774121284485,0.5977610945701599,0.6812649965286255
042301,0.508056640625,0.512485146522522,0.5334192514419556,0.6601466536521912
042308,0.531982421875,0.585915207862854,0.48571667075157166,0.6796466708183289
042311,0.5757649540901184,0.5809081196784973,0.49943602085113525,0.6100636124610901
042312,0.9444172978401184,0.9521769285202026,0.7589633464813232,0.896152138710022
042315,0.967041015625,0.9673028588294983,0.8122885227203369,0.6858290433883667
042316,0.956298828125,0.9593287110328674,1.0,0.9269815683364868
042318,0.393798828125,0.48445749282836914,0.31885725259780884,0.5599527955055237
042324,0.712158203125,0.7126340866088867,0.7497180104255676,0.8558586239814758
042325,0.9673665165901184,0.9677320122718811,0.8748590350151062,0.8052598237991333
042326,0.947998046875,0.9534127116203308,0.6841284036636353,0.7184538245201111
042327,0.567138671875,0.5852709412574768,0.9225797057151794,0.9580575227737427
042328,0.9507649540901184,0.9559810161590576,0.6379934549331665,0.7129277586936951
042329,0.9507649540901184,0.9567720293998718,0.6379934549331665,0.8383893966674805
042330,0.9375,0.9454573392868042,0.4692787230014801,0.4582039713859558
042333,0.9466145634651184,0.9530072808265686,0.6615661382675171,0.820166289806366
042336,0.9673665165901184,0.9677435755729675,0.8748590350151062,0.9160828590393066
042337,0.947998046875,0.9521516561508179,0.6841284036636353,0.6229553818702698
042338,0.2774251401424408,0.38727694749832153,0.1687147468328476,0.376301646232605
042339,0.9673665165901184,0.9677202701568604,1.0,0.9987680315971375
042340,0.951904296875,0.9571894407272339,0.8690900206565857,0.9295250177383423
042341,0.5757649540901184,0.5814721584320068,0.49943602085113525,0.7268116474151611
042343,0.619873046875,0.6239745020866394,0.6602633595466614,0.7784249782562256
042344,0.61328125,0.6177670359611511,0.6327316761016846,0.7004797458648682
042345,0.263671875,0.3887063264846802,0.23391999304294586,0.6248068809509277
042346,0.968017578125,0.9680541157722473,1.0,0.9108966588973999
043190,0.606689453125,0.6293250918388367,1.0,0.6451383829116821
043191,0.03125,0.03125,0.6309297680854797,0.6309297680854797
043195,0.4375,0.478515625,0.6131471991539001,0.831554651260376
043196,0.0,0.015625,0.0,0.43067657947540283
043199,0.466064453125,0.4737892150878906,1.0,1.0
043201,0.455078125,0.5374755859375,0.3831459879875183,0.651421308517456
043202,0.0,0.13398437201976776,0.0,0.4413074553012848
043203,0.08203125,0.08203125,0.9197208285331726,0.9197208285331726
043204,0.02083333395421505,0.0354817733168602,0.3065735995769501,0.5706417560577393
043205,0.51953125,0.5697113275527954,0.7039180994033813,0.7860137820243835
043206,0.606689453125,0.6410222053527832,1.0,0.9146925210952759
043208,0.503173828125,0.504396915435791,0.6796846985816956,0.6907415986061096
043209,0.606689453125,0.6229578256607056,1.0,0.9785683155059814
043210,0.947998046875,0.9485130310058594,0.9605564475059509,0.9613913297653198
043211,0.16796875,0.22564697265625,0.34665608406066895,0.5996443033218384
043213,0.19921875,0.19921875,0.5897053480148315,0.5897053480148315
043215,0.1458333432674408,0.1458333432674408,0.45865970849990845,0.45865970849990845
043221,0.701171875,0.701171875,0.8479355573654175,0.8479355573654175
043222,0.23046875,0.3141021728515625,0.32960182428359985,0.5067397356033325
043224,0.110107421875,0.17332547903060913,0.2620770037174225,0.5587387681007385
043225,0.0,0.0078125,0.0,0.31546488404273987
043227,0.455078125,0.459197998046875,0.9385064244270325,0.9281429648399353
043233,0.951171875,0.951171875,0.8472716808319092,0.8316423892974854
043234,0.267578125,0.267578125,0.7098097205162048,0.7098097205162048
043237,0.4375,0.4375,1.0,1.0
043240,0.110107421875,0.110107421875,1.0,1.0
043245,0.110107421875,0.110107421875,1.0,1.0
043247,0.0,0.15859374403953552,0.0,0.48023346066474915
043248,0.951171875,0.9540057182312012,0.8472716808319092,0.8336341977119446
043250,0.956298828125,0.9572539925575256,1.0,0.9986943602561951
043251,0.951171875,0.9545414447784424,0.8472716808319092,0.9321630597114563
043253,0.1458333432674408,0.1868489682674408,0.3065735995769501,0.5249810218811035
043258,0.03125,0.03125,0.6309297680854797,0.6309297680854797
043261,0.0625,0.0771484375,0.6131471991539001,0.8772153258323669
043262,0.701171875,0.70501708984375,0.7184317708015442,0.8499848246574402
043266,0.44921875,0.45745849609375,0.9224036931991577,0.9753714203834534
043268,0.606689453125,0.640754759311676,1.0,0.8581464886665344
043272,0.940673828125,0.9421758651733398,1.0,1.0
043274,0.9375,0.9375,1.0,1.0
043277,0.0,0.0,0.0,0.0
043278,0.947998046875,0.9536813497543335,0.8348100185394287,0.9269425272941589
043279,0.606689453125,0.6230447292327881,1.0,0.7543666362762451
043284,0.606689453125,0.6212127208709717,1.0,0.9662648439407349
043285,0.606689453125,0.6261558532714844,1.0,1.0
043287,0.267578125,0.296417236328125,0.36312174797058105,0.4162420928478241
043290,0.0625,0.0625,1.0,1.0
043291,0.16796875,0.23183782398700714,0.34665608406066895,0.6177029609680176
043292,0.95703125,0.95703125,0.9197207689285278,0.9197207689285278
043293,0.19921875,0.2828521728515625,0.30167919397354126,0.46582773327827454
043296,0.560546875,0.5991217494010925,0.7653606534004211,0.8850505352020264
043297,0.560546875,0.5691986083984375,0.9580413699150085,0.9908362030982971
043298,0.51953125,0.51953125,0.7039180994033813,0.7039180994033813
043300,0.0,0.0078125,0.0,0.31546488404273987
043304,0.455078125,0.4694976806640625,0.6403663158416748,0.6634548902511597
043306,0.51953125,0.5822631120681763,0.7039180994033813,0.7809470295906067
043307,0.4375,0.506981372833252,0.4692787528038025,0.6036693453788757
043308,0.0625,0.0625,0.6131471991539001,0.6131471991539001
043309,0.606689453125,0.6261558532714844,1.0,1.0
043314,0.267578125,0.2819976806640625,0.6661610007286072,0.7281387448310852
043315,0.606689453125,0.6298125982284546,1.0,0.7934655547142029
043317,0.344482421875,0.3804819583892822,0.5977610945701599,0.7585859894752502
043319,0.110107421875,0.19206470251083374,0.2620770037174225,0.5776709318161011
043320,0.466064453125,0.5033454895019531,0.5450960993766785,0.5602672696113586
043322,0.1458333432674408,0.1458333432674408,0.5,0.5
043323,0.466064453125,0.5230345726013184,0.6823248863220215,0.9032385349273682
043324,0.947998046875,0.9524840116500854,0.8348100185394287,0.9168897867202759
043325,0.4375,0.47268372774124146,0.4692787528038025,0.6234591007232666
043327,0.560546875,0.6070759892463684,0.7653606534004211,0.9110183119773865
043328,0.606689453125,0.606689453125,1.0,0.9719377756118774
043329,0.091796875,0.091796875,1.0,1.0
043331,0.08203125,0.15415328741073608,0.18448074162006378,0.4989161789417267
043336,0.30078125,0.3198283016681671,0.5307213068008423,0.4056439995765686
043341,0.219970703125,0.2416188269853592,0.63103848695755,0.6671456098556519
043342,0.278564453125,0.3326377868652344,0.4964968264102936,0.7233425378799438
043344,0.4375,0.4867187440395355,0.6131471991539001,0.8503449559211731
043345,0.947998046875,0.9515591263771057,0.8348100185394287,0.9031941890716553
043349,0.08203125,0.1820240020751953,0.18448074162006378,0.5641699433326721
043351,0.267578125,0.3190765380859375,0.4545382261276245,0.6928830742835999
043353,0.659423828125,0.6610178351402283,0.6764605641365051,0.6434069275856018
043354,0.110107421875,0.110107421875,1.0,0.8318724036216736
043356,0.23046875,0.31093502044677734,0.32960182428359985,0.6665980219841003
043358,0.606689453125,0.6403147578239441,1.0,0.8482378125190735
043359,0.51953125,0.5472167730331421,0.7039180994033813,0.8854598999023438
043360,0.08203125,0.0969085693359375,0.7039180994033813,0.7316490411758423
043362,0.962158203125,0.9625370502471924,0.9625431895256042,0.9493126273155212
043368,0.9375,0.9375,1.0,1.0
043371,0.19921875,0.2039271742105484,0.3776274025440216,0.3795601725578308
043372,0.0,0.08749999850988388,0.0,0.38685280084609985
043373,0.03125,0.0440673828125,0.29608193039894104,0.2903892397880554
043375,0.606689453125,0.606689453125,1.0,1.0
043376,0.278564453125,0.33199405670166016,0.39664164185523987,0.4963585138320923
043380,0.03125,0.03125,0.6309297680854797,0.6309297680854797
043381,0.455078125,0.5568047165870667,0.5115761756896973,0.6357415914535522
043383,0.560546875,0.560546875,1.0,1.0
043386,0.48828125,0.4883682131767273,0.679537832736969,0.6972737908363342
043387,0.0,0.02226562425494194,0.0,0.455605149269104
043388,0.0,0.1207275390625,0.0,0.4331889748573303
043389,0.567138671875,0.6144329309463501,0.7988805174827576,0.9399605393409729
043390,0.51953125,0.5638153553009033,0.7039180994033813,0.76729416847229
043391,0.560546875,0.6105467081069946,0.7653606534004211,0.8308928608894348
043392,0.951904296875,0.951904296875,0.8690900206565857,0.8530582785606384
043393,0.16796875,0.2071075439453125,0.34665608406066895,0.5584220290184021
043394,0.4700520932674408,0.477739542722702,0.4347934126853943,0.5512934327125549
043396,0.44921875,0.4684933125972748,0.9224036931991577,0.9556342363357544
043398,0.606689453125,0.6316307783126831,1.0,0.9757880568504333
043399,0.0,0.0,0.0,0.0
043400,0.531982421875,0.5445064902305603,0.9340764880180359,0.9390713572502136
043401,0.940673828125,0.9415321350097656,1.0,1.0
043402,0.03125,0.097900390625,0.0775962620973587,0.4121442437171936
043404,0.567138671875,0.5760711431503296,1.0,0.9925636649131775
043406,0.0625,0.0625,0.6131471991539001,0.6131471991539001
043409,0.091796875,0.16974952816963196,0.1093372330069542,0.22275391221046448
043411,0.091796875,0.2311859130859375,0.13686305284500122,0.5955718755722046
043412,0.08203125,0.15313823521137238,0.10055973380804062,0.30766409635543823
043413,0.606689453125,0.6401676535606384,1.0,0.9888008832931519
043418,0.110107421875,0.2138378620147705,0.17882166802883148,0.5837990641593933
043421,0.344482421875,0.36406469345092773,0.5977610945701599,0.6179028749465942
043423,0.0625,0.1080729216337204,0.08391720056533813,0.2516533434391022
043425,0.08203125,0.10434722900390625,0.7039180994033813,0.8927537798881531
043426,0.21875,0.21875,0.6309297680854797,0.6309297680854797
043427,0.0625,0.0625,1.0,1.0
043430,0.4375,0.49921056628227234,0.4692787528038025,0.7801344990730286
043431,0.16796875,0.21225738525390625,0.34665608406066895,0.57138991355896
043433,0.21875,0.21875,0.6309297680854797,0.6309297680854797
043434,0.19921875,0.2546052634716034,0.3776274025440216,0.6445744633674622
043435,0.0625,0.0625,1.0,1.0
043437,0.951904296875,0.9570862650871277,0.7122209072113037,0.8708470463752747
043439,0.940673828125,0.9419019222259521,1.0,0.9684067964553833
043440,0.567138671875,0.6123576760292053,0.7988805174827576,0.9438070058822632
043441,0.659423828125,0.6625601053237915,0.8254533410072327,0.8603313565254211
043442,0.44921875,0.5115833282470703,0.5027986764907837,0.5821354389190674
043444,0.16796875,0.26111483573913574,0.276936799287796,0.6716134548187256
043445,0.606689453125,0.619898796081543,1.0,0.965194046497345
043447,0.956298828125,0.959621250629425,1.0,0.9642999768257141
043448,0.466064453125,0.5152388215065002,0.6823248863220215,0.8800255060195923
043451,0.219970703125,0.219970703125,0.63103848695755,0.63103848695755
043453,0.4375,0.4375,1.0,1.0
043455,0.951904296875,0.951904296875,1.0,1.0
043459,0.466064453125,0.5518689155578613,0.5450960993766785,0.5909368395805359
043461,0.0625,0.0625,1.0,1.0
043463,0.466064453125,0.47861719131469727,1.0,0.9252763986587524
043465,0.560546875,0.560546875,0.9580413699150085,0.9580413699150085
043466,0.0625,0.0625,0.08391720056533813,0.08099012821912766
043467,0.606689453125,0.6427099704742432,1.0,1.0
043468,0.567138671875,0.6228004097938538,0.7988805174827576,0.9405991435050964
043470,0.219970703125,0.2470073699951172,0.4305732846260071,0.5944014191627502
043473,0.091796875,0.10552978515625,0.7653606534004211,0.9674680233001709
043475,0.0,0.0,0.0,0.0
043478,0.51953125,0.5472167730331421,0.7039180994033813,0.8854598999023438
043480,0.956298828125,0.9592804312705994,1.0,0.9805939793586731
043481,0.606689453125,0.6360945105552673,1.0,0.9962310791015625
043482,0.0,0.0,0.0,0.0
043483,0.0625,0.13224029541015625,0.12298715859651566,0.41598373651504517
043485,0.44921875,0.5369035005569458,0.5027986764907837,0.5827001929283142
043488,0.4375,0.4918612241744995,0.4692787528038025,0.6306036114692688
043489,0.091796875,0.102783203125,0.7653606534004211,0.9469023942947388
043492,0.0,0.109375,0.0,0.4306766092777252
043495,0.606689453125,0.6392946839332581,1.0,0.8454256653785706
043496,0.567138671875,0.612809419631958,0.7988805174827576,0.7618128657341003
043497,0.606689453125,0.6262134313583374,1.0,0.9379388093948364
043499,0.560546875,0.5996084213256836,0.7653606534004211,0.8891085982322693
043500,0.606689453125,0.6349157094955444,1.0,1.0
043504,0.091796875,0.091796875,1.0,1.0
043506,0.44921875,0.5068446397781372,0.5027986764907837,0.5890076756477356
043509,0.560546875,0.5836181640625,0.7653606534004211,0.9325211048126221
043512,0.0,0.0,0.0,0.0
043514,0.455078125,0.5122147798538208,0.5115761756896973,0.7859132289886475
043518,0.455078125,0.455078125,1.0,1.0
043522,0.701904296875,0.7021985650062561,0.8517531156539917,0.8342456817626953
043523,0.503173828125,0.5040321350097656,0.6796846985816956,0.6880143284797668
043524,0.4375,0.47265625,0.6131471991539001,0.8175296783447266
043527,0.0,0.12136143445968628,0.0,0.34205344319343567
043528,0.9668782353401184,0.9668782353401184,0.892719030380249,0.8791787028312683
043532,0.0625,0.14453125,0.08391720056533813,0.31116244196891785
043536,0.1458333432674408,0.15286459028720856,0.29371020197868347,0.3261738121509552
043537,0.531982421875,0.5724722146987915,0.7462155222892761,0.8666502237319946
043538,0.560546875,0.560546875,1.0,1.0
043544,0.606689453125,0.6389875411987305,1.0,0.993118941783905
043545,0.951171875,0.951171875,1.0,1.0
043549,0.0625,0.0625,1.0,1.0
043551,0.0625,0.239706888794899,0.03576033189892769,0.4231050908565521
043552,0.567138671875,0.567138671875,1.0,1.0
043553,0.267578125,0.267578125,0.7098097205162048,0.7098097205162048
043554,0.455078125,0.4958477020263672,0.6403663158416748,0.8455243706703186
043559,0.0,0.01982421800494194,0.0,0.27417081594467163
043563,0.19921875,0.224853515625,0.3776274025440216,0.5544586181640625
043567,0.0625,0.1412353515625,0.12298715859651566,0.458340048789978
043568,0.03125,0.03125,0.6309297680854797,0.6309297680854797
043569,0.19921875,0.19921875,0.5897053480148315,0.5897053480148315
043570,0.0,0.014787946827709675,0.0,0.18833917379379272
043571,0.560546875,0.5733109712600708,0.9580413699150085,0.9821386933326721
043572,0.0625,0.1223689466714859,0.08391720056533813,0.29354819655418396
043573,0.02083333395421505,0.1259358823299408,0.03351990878582001,0.3408718705177307
043575,0.02083333395421505,0.0354817733168602,0.3065735995769501,0.5706417560577393
043576,0.0625,0.0625,1.0,1.0
043578,0.0625,0.0625,0.08391720056533813,0.07852968573570251
043579,0.110107421875,0.11654472351074219,1.0,0.9550236463546753
043580,0.51953125,0.51953125,0.9197208285331726,0.9197208285331726
043583,0.606689453125,0.640480101108551,1.0,0.9082470536231995
043586,0.455078125,0.455078125,0.6403663158416748,0.6403663158416748
043587,0.4375,0.5063571929931641,0.4692787528038025,0.5735747814178467
043591,0.560546875,0.5900863409042358,0.7653606534004211,0.6089063882827759
043592,0.0,0.0479600690305233,0.0,0.1268954873085022
043594,0.0,0.03011300228536129,0.0,0.5051285028457642
043597,0.30078125,0.3040771484375,0.6643311977386475,0.694223165512085
043600,0.951171875,0.951171875,0.974895179271698,0.9364557266235352
043603,0.968017578125,0.9680224061012268,1.0,0.9144644141197205
043606,0.531982421875,0.5714486837387085,0.48571667075157166,0.6407959461212158
043608,0.344482421875,0.38298285007476807,0.5977610945701599,0.7678901553153992
043610,0.267578125,0.274169921875,0.4545382261276245,0.47001492977142334
043611,0.951904296875,0.9535486698150635,0.7122209072113037,0.7225271463394165
043614,0.19921875,0.19921875,0.5897053480148315,0.5897053480148315
043615,0.0625,0.0625,1.0,1.0
043616,0.531982421875,0.5797594785690308,0.7462155222892761,0.7219531536102295
043618,0.4375,0.4375,1.0,1.0
043619,0.05078125,0.06637382507324219,0.5307212471961975,0.7036997675895691
043621,0.1458333432674408,0.2181456983089447,0.23463937640190125,0.5814102292060852
043622,0.4375,0.5072271227836609,0.4692787528038025,0.6465983390808105
043623,0.0625,0.0625,0.1310456246137619,0.1310456246137619
043628,0.956298828125,0.9587501883506775,1.0,0.9972954392433167
043629,0.455078125,0.455078125,1.0,1.0
043630,0.940673828125,0.940673828125,1.0,1.0
043633,0.267578125,0.36421605944633484,0.36312174797058105,0.7478724718093872
043635,0.455078125,0.5275713205337524,0.5115761756896973,0.8263900876045227
