qid,err@3,err@10,ndcg@3,ndcg@10
032047,0.02083333395421505,0.1398518979549408,0.05323231965303421,0.48796555399894714
032049,0.9507649540901184,0.9532643556594849,0.8898733854293823,0.9105865955352783
032053,0.197998046875,0.26267263293266296,0.13742950558662415,0.18679530918598175
032054,0.61328125,0.6156330108642578,0.6327316761016846,0.6666120886802673
032055,0.703369140625,0.7079508900642395,0.6423966884613037,0.6874862909317017
032057,0.323974609375,0.394113689661026,0.2550044059753418,0.4487547278404236
032059,0.968017578125,0.9680708050727844,1.0,0.9822424650192261
032061,0.9507649540901184,0.9549810886383057,0.7292529344558716,0.7964204549789429
032062,0.469970703125,0.47633254528045654,0.4431702494621277,0.5963737368583679
032065,0.701904296875,0.7078076004981995,0.7402501106262207,0.8067094087600708
032067,0.968017578125,0.9680505394935608,1.0,0.9538876414299011
032070,0.943359375,0.9556769728660583,0.6040917634963989,0.8607272505760193
032071,0.25390625,0.3172122836112976,0.18509942293167114,0.23266787827014923
032076,0.520263671875,0.5206478834152222,0.6423966884613037,0.6510894894599915
032078,0.450927734375,0.4625890254974365,0.3482339084148407,0.6378660202026367
032079,0.701171875,0.7024902105331421,0.7871269583702087,0.8426122665405273
032083,0.701904296875,0.7099324464797974,0.5307213068008423,0.7547597885131836
032086,0.95703125,0.95721435546875,0.8665862679481506,0.9163487553596497
032088,0.4375,0.5355685353279114,0.2503223121166229,0.6213896870613098
032091,0.957763671875,0.9585583806037903,0.7236568927764893,0.8511181473731995
032094,0.09375,0.22736816108226776,0.10290931165218353,0.45650801062583923
032097,0.943359375,0.9446487426757812,0.9184463024139404,0.9203217029571533
032099,0.956298828125,0.9589473009109497,0.7169486284255981,0.6890679001808167
032105,0.701904296875,0.7055091857910156,0.7402501106262207,0.8417735695838928
032106,0.12109375,0.27135467529296875,0.07821311801671982,0.36349132657051086
032108,0.957763671875,0.9584870338439941,0.7236568927764893,0.8712717294692993
032111,0.23828125,0.3973408639431,0.21514107286930084,0.6306080222129822
032113,0.499755859375,0.499755859375,1.0,1.0
032116,0.953369140625,0.953369140625,0.912726640701294,0.8244876861572266
032117,0.23828125,0.25065916776657104,0.43299248814582825,0.3857405483722687
032118,0.9668782353401184,0.9674146771430969,0.7810032963752747,0.7293968796730042
032125,0.9507649540901184,0.9532321095466614,0.8898733854293823,0.8349909782409668
032126,0.9673665165901184,0.9678176641464233,0.8748590350151062,0.896910548210144
032127,0.304931640625,0.38070225715637207,0.34757038950920105,0.5798148512840271
032128,0.95703125,0.9575247764587402,0.7039180397987366,0.5954310297966003
032132,0.712158203125,0.7125834822654724,0.7497180104255676,0.8202595710754395
032133,0.9673665165901184,0.9676913619041443,1.0,0.8447572588920593
032135,0.469970703125,0.47744810581207275,0.4431702494621277,0.5858452916145325
032137,0.21875,0.259765625,0.19272169470787048,0.30152755975723267
032141,0.23828125,0.23828125,0.2446610927581787,0.2390632927417755
032144,0.3125,0.32421875,0.28886207938194275,0.5123562812805176
032145,0.469970703125,0.47384345531463623,0.5924884676933289,0.6854106187820435
032146,0.0,0.0729166716337204,0.0,0.26546430587768555
032155,0.2122395932674408,0.3224257230758667,0.19284793734550476,0.42767107486724854
032156,0.1106770858168602,0.1582845151424408,0.2547474503517151,0.5031649470329285
032161,0.9375,0.944610595703125,0.5364049673080444,0.584405779838562
032162,0.09375,0.1022135391831398,0.35098522901535034,0.417037695646286
032167,0.091796875,0.256591796875,0.0818883404135704,0.36534398794174194
032168,0.197998046875,0.33255723118782043,0.1916866898536682,0.505992591381073
032169,0.951904296875,0.9581519365310669,0.7122209072113037,0.7923648357391357
032170,0.953369140625,0.957894504070282,0.7479812502861023,0.7856146693229675
032171,0.9668782353401184,0.9676778316497803,0.7810032963752747,0.9054818749427795
032173,0.46875,0.4808958172798157,0.3384338617324829,0.6523374319076538
032174,0.703369140625,0.7066119313240051,0.6423966884613037,0.6025283336639404
032175,0.659423828125,0.6602658629417419,0.8254533410072327,0.8162255883216858
032176,0.9375,0.9458705186843872,0.5364049673080444,0.5754522085189819
032179,0.44140625,0.44531893730163574,0.501995861530304,0.5929892659187317
032180,0.584228515625,0.5843126177787781,0.6245770454406738,0.5751118659973145
032182,0.560546875,0.5804458856582642,0.8838695287704468,0.8878653049468994
032184,0.9673665165901184,0.9674881100654602,1.0,0.9989661574363708
032185,0.966796875,0.9669820666313171,0.9422276020050049,0.9639608263969421
032190,0.706298828125,0.710575520992279,0.7139173746109009,0.779043972492218
032191,0.531982421875,0.5919418931007385,0.3482339084148407,0.4310722053050995
032193,0.51953125,0.53436279296875,0.8129132390022278,0.8299256563186646
032196,0.939453125,0.94036865234375,0.7848228216171265,0.7893773913383484
032199,0.9375,0.9473702311515808,0.5364049673080444,0.7016941905021667
032202,0.1458333432674408,0.2789876461029053,0.16733194887638092,0.5316713452339172
032203,0.968017578125,0.9680599570274353,1.0,0.9409286379814148
032204,0.560546875,0.5973785519599915,0.7653606534004211,0.9655254483222961
032205,0.503173828125,0.5145204067230225,0.3430097699165344,0.60215163230896
032206,0.94140625,0.9535433053970337,0.5162065625190735,0.7145162224769592
032214,0.939453125,0.9433727264404297,0.7848228216171265,0.8979060649871826
032215,0.2774251401424408,0.3247288167476654,0.5188971757888794,0.7292659878730774
032216,0.95703125,0.957761824131012,0.7039180397987366,0.873776912689209
032217,0.150390625,0.18609619140625,0.2783457934856415,0.3866431713104248
032218,0.23046875,0.32213592529296875,0.23505397140979767,0.5315002202987671
032221,0.9375,0.9404052495956421,0.7171369194984436,0.7625812888145447
032223,0.9507649540901184,0.9575267434120178,0.7292529344558716,0.9209956526756287
032225,0.4375,0.4708356559276581,0.6735438704490662,0.8814340233802795
032226,0.957763671875,0.9584593772888184,0.7236568927764893,0.8890799880027771
032227,0.9673665165901184,0.967908501625061,0.8748590350151062,0.9346168637275696
032228,0.951171875,0.9576349854469299,0.8472716808319092,0.9417006969451904
032231,0.16796875,0.2090693861246109,0.34665608406066895,0.5635061264038086
032234,0.21875,0.3568630516529083,0.15793579816818237,0.645887553691864
032236,0.956298828125,0.9609491229057312,0.8195018768310547,0.9382683634757996
032237,0.9507649540901184,0.9551042914390564,0.6379934549331665,0.8360587358474731
032240,0.951904296875,0.9585821032524109,0.7122209072113037,0.8249243497848511
032241,0.966796875,0.9672576785087585,0.8748388290405273,0.9729275703430176
032242,0.21875,0.236328125,0.42495885491371155,0.506781280040741
032245,0.584228515625,0.5845087170600891,0.7139173746109009,0.7712199687957764
032248,0.9444172978401184,0.9488672018051147,0.8315341472625732,0.7883021235466003
032250,0.712158203125,0.7124941945075989,0.7497180104255676,0.67691570520401
032254,0.091796875,0.13299560546875,0.3948093354701996,0.7075790166854858
032258,0.962158203125,0.962563693523407,0.8420895934104919,0.9318969249725342
032260,0.951171875,0.9524902105331421,0.9282863140106201,0.9837716221809387
032261,0.0,0.06136881560087204,0.0,0.06975819915533066
032262,0.9466145634651184,0.9497077465057373,0.8072783350944519,0.9084997177124023
032265,0.659423828125,0.6643009781837463,0.5918076038360596,0.8321539759635925
032266,0.9673665165901184,0.9678510427474976,0.8748590350151062,0.8752124905586243
032267,0.951171875,0.9598321318626404,0.6074502468109131,0.7677301168441772
032268,0.957763671875,0.9582414627075195,0.7236568927764893,0.6659616231918335
032270,0.703369140625,0.7058759331703186,0.7838867902755737,0.7585782408714294
032273,0.3125,0.3149065375328064,0.40776848793029785,0.47291791439056396
032275,0.968017578125,0.9680770635604858,1.0,0.9550869464874268
032276,0.966796875,0.9671705961227417,0.8748388290405273,0.926103949546814
032279,0.967041015625,0.9671568870544434,0.9284793138504028,0.8127313852310181
032280,0.953369140625,0.9553296566009521,1.0,0.9748739004135132
032281,0.9375,0.9398437738418579,0.8155369758605957,0.8786355257034302
032282,0.0625,0.22172923386096954,0.04692786931991577,0.38211655616760254
032283,0.946533203125,0.9512735605239868,0.7083972692489624,0.8414973616600037
032284,0.967041015625,0.9672924280166626,0.9284793138504028,0.9515164494514465
032285,0.962158203125,0.9626039266586304,0.8420895934104919,0.8823690414428711
032286,0.1875,0.35178279876708984,0.14342738687992096,0.5578175783157349
032288,0.9507649540901184,0.955302894115448,0.7292529344558716,0.6742643117904663
032289,0.659423828125,0.6634458899497986,0.5918076038360596,0.7096554040908813
032292,0.25390625,0.2852761447429657,0.5692896842956543,0.7024958729743958
032293,0.520263671875,0.5208948254585266,0.6423966884613037,0.7014465928077698
032299,0.953369140625,0.9591705799102783,0.6543781161308289,0.7257987260818481
032305,0.556884765625,0.6019909977912903,0.4431702494621277,0.5861139297485352
032307,0.940673828125,0.9536597728729248,0.5046601295471191,0.610841691493988
032309,0.968017578125,0.9680567979812622,1.0,0.9174569249153137
032313,0.571533203125,0.5814688801765442,0.49935534596443176,0.6815935969352722
032314,0.25390625,0.30240631103515625,0.45805788040161133,0.6828280687332153
032316,0.939453125,0.9494773149490356,0.489017516374588,0.7329537272453308
032319,0.95703125,0.9572342038154602,0.7039180397987366,0.7157867550849915
032322,0.943359375,0.9555999040603638,0.5284951329231262,0.6481521725654602
032323,0.365234375,0.4768561124801636,0.26521679759025574,0.5321754217147827
032324,0.560546875,0.6125808954238892,0.4082580804824829,0.5575792789459229
032327,0.1106770858168602,0.2892049252986908,0.13757364451885223,0.5090004205703735
032328,0.9375,0.9442545771598816,0.5364049673080444,0.5875727534294128
032330,0.571533203125,0.5782245993614197,0.43686550855636597,0.4547346532344818
032331,0.9375,0.9375,0.7171369194984436,0.6418733596801758
032334,0.9507649540901184,0.9564555287361145,0.7292529344558716,0.9037061929702759
032337,0.4778645932674408,0.4834667444229126,0.4055802822113037,0.45972779393196106
032339,0.967041015625,0.9675779938697815,0.8122885227203369,0.8464301228523254
032342,0.03125,0.2539234161376953,0.034303102642297745,0.4837629199028015
032343,0.21875,0.30291348695755005,0.29608193039894104,0.5982284545898438
032347,0.0,0.16445311903953552,0.0,0.24006028473377228
032348,0.659423828125,0.6601263880729675,0.8254533410072327,0.8242485523223877
032349,0.9673665165901184,0.9678046703338623,0.8748590350151062,0.8918938040733337
032351,0.968017578125,0.9680777192115784,1.0,0.9571498036384583
032353,0.966796875,0.9675612449645996,0.7653606534004211,0.9010031223297119
032356,0.953369140625,0.9586087465286255,0.7479812502861023,0.9003017544746399
032357,0.94140625,0.9453202486038208,0.7200049757957458,0.7480276823043823
032360,0.567138671875,0.6389749050140381,0.5199966430664062,0.7969210147857666
032361,0.61328125,0.619873046875,0.5185247659683228,0.7260345220565796
032363,0.14453125,0.30348727107048035,0.1061442568898201,0.29982033371925354
032364,0.701171875,0.70172119140625,0.7184317708015442,0.7236258387565613
032368,0.962158203125,0.9625865817070007,0.8420895934104919,0.7393630146980286
032369,0.47265625,0.4775565266609192,0.4784300625324249,0.45255759358406067
032371,0.940673828125,0.9438991546630859,0.6212818622589111,0.6310554146766663
032372,0.560546875,0.5937942266464233,0.7653606534004211,0.8747201561927795
032373,0.505615234375,0.5139240026473999,0.37429502606391907,0.6490393877029419
032374,0.951904296875,0.9584323763847351,0.7122209072113037,0.8695966005325317
032376,0.712158203125,0.7125293016433716,0.7497180104255676,0.8147145509719849
032377,0.94140625,0.9485794901847839,0.5162065625190735,0.4967031478881836
032378,0.23828125,0.23828125,0.8344475626945496,0.8344475626945496
032379,0.712158203125,0.7124943733215332,0.7497180104255676,0.806485652923584
032380,0.619873046875,0.6244301795959473,0.5410870313644409,0.6899452209472656
032383,0.393798828125,0.4513036012649536,0.5977610945701599,0.8356159925460815
032387,0.450927734375,0.4561347961425781,0.48571667075157166,0.5498736500740051
032388,0.110107421875,0.2713417112827301,0.06666666269302368,0.22934824228286743
032389,0.0625,0.18118134140968323,0.06545499712228775,0.26029062271118164
032390,0.3125,0.3235764503479004,0.23463936150074005,0.42644810676574707
032391,0.968017578125,0.9680565595626831,1.0,0.9342561960220337
032393,0.9673665165901184,0.9675170183181763,1.0,0.9078043103218079
032394,0.393798828125,0.48537230491638184,0.2789551615715027,0.6910541653633118
032400,0.946533203125,0.9545191526412964,0.6577322483062744,0.8082103729248047
032401,0.166259765625,0.276861310005188,0.12132726609706879,0.36693131923675537
032402,0.712158203125,0.7126867771148682,0.7497180104255676,0.831737756729126
032403,0.956298828125,0.9589353799819946,1.0,0.9975538849830627
032404,0.3599446713924408,0.42003926634788513,0.36623337864875793,0.6062504053115845
032405,0.633056640625,0.6385048031806946,0.5862115621566772,0.7875626683235168
032406,0.261474609375,0.261474609375,0.6806060075759888,0.6806060075759888
032408,0.966796875,0.9673097729682922,0.8748388290405273,0.8543830513954163
032409,0.9466145634651184,0.9517518281936646,0.8072783350944519,0.8643955588340759
032410,0.968017578125,0.968017578125,1.0,1.0
032413,0.510498046875,0.5169755816459656,0.43686550855636597,0.6828556656837463
032416,0.110107421875,0.2112896889448166,0.07620275020599365,0.19959451258182526
032418,0.706298828125,0.7070404291152954,0.871160089969635,0.7797379493713379
032419,0.150390625,0.2943286895751953,0.13830174505710602,0.38434889912605286
032421,0.21875,0.3532269597053528,0.19272169470787048,0.5580336451530457
032422,0.393798828125,0.46206527948379517,0.2789551615715027,0.5501353740692139
032423,0.4375,0.5484619140625,0.30545666813850403,0.6701650619506836
032425,0.450927734375,0.4560447931289673,0.5321600437164307,0.6620500683784485
032426,0.959228515625,0.9596771597862244,0.7631344795227051,0.7403107285499573
032427,0.4778645932674408,0.48628470301628113,0.4635950028896332,0.7092492580413818
032428,0.571533203125,0.5773957967758179,0.49935534596443176,0.6152948141098022
032429,0.701904296875,0.7072108387947083,0.6066363453865051,0.6654437184333801
032430,0.606689453125,0.6269162893295288,1.0,0.8848081827163696
032431,0.4375,0.4375,0.5874204039573669,0.5874204039573669
032433,0.580322265625,0.6211382746696472,0.5636333227157593,0.7594373822212219
032434,0.659423828125,0.664297878742218,0.5918076038360596,0.699209988117218
032436,0.520263671875,0.5208829045295715,0.5620065331459045,0.6263599991798401
032437,0.95703125,0.9577246904373169,0.7039180397987366,0.8067820072174072
032439,0.633056640625,0.633056640625,0.7837249636650085,0.7837249636650085
032442,0.584228515625,0.584636390209198,0.7139173746109009,0.7038224935531616
032443,0.712158203125,0.7126992344856262,0.7497180104255676,0.7751009464263916
032445,0.490234375,0.5829758644104004,0.38805168867111206,0.6562778353691101
032446,0.619873046875,0.6265326738357544,0.4733748733997345,0.6903094053268433
032448,0.03125,0.048828125,0.09869397431612015,0.21955473721027374
032450,0.61328125,0.6204017400741577,0.5185247659683228,0.7551337480545044
032451,0.706298828125,0.7102710008621216,0.6245770454406738,0.7880620956420898
032452,0.584228515625,0.5849968791007996,0.6245770454406738,0.7058343291282654
032453,0.0,0.13461169600486755,0.0,0.44036665558815
032454,0.9388020634651184,0.9476013779640198,0.5542851090431213,0.8003088235855103
032460,0.712158203125,0.7123945355415344,0.8569586873054504,0.8670119047164917
032461,0.39453125,0.3992396593093872,0.4261382520198822,0.6049399375915527
032462,0.490234375,0.5975494384765625,0.42515653371810913,0.7333036065101624
032465,0.967041015625,0.9675945043563843,0.8122885227203369,0.9082052111625671
032468,0.2774251401424408,0.28709539771080017,1.0,1.0
032473,0.47265625,0.512646496295929,0.6580725908279419,0.8160724639892578
032474,0.968017578125,0.9680644273757935,1.0,0.8576816320419312
032475,0.580322265625,0.6128338575363159,0.5636333227157593,0.5698375701904297
032484,0.510498046875,0.5166318416595459,0.49935534596443176,0.6519589424133301
032485,0.9388020634651184,0.9409993290901184,0.8911738991737366,0.9579002857208252
032486,0.943115234375,0.9499093294143677,0.7475366592407227,0.8037357330322266
032487,0.46875,0.46875,0.29608190059661865,0.29214558005332947
032489,0.712158203125,0.7125744819641113,0.7497180104255676,0.8532376885414124
032490,0.34765625,0.3600820004940033,0.293855756521225,0.6660560965538025
032491,0.703369140625,0.7065764665603638,0.7838867902755737,0.7561438679695129
032498,0.9668782353401184,0.9676014184951782,0.7810032963752747,0.8097819089889526
032499,0.510498046875,0.5170767307281494,0.43686550855636597,0.6583415269851685
032500,0.659423828125,0.6600329875946045,0.8254533410072327,0.7007907629013062
032502,0.967041015625,0.9675743579864502,0.9284793138504028,0.8838673233985901
032504,0.962158203125,0.9626049399375916,0.8420895934104919,0.9107735753059387
032509,0.966796875,0.9672366380691528,0.7653606534004211,0.7093144655227661
032510,0.943115234375,0.951108992099762,0.6126077175140381,0.7724652290344238
032511,0.633056640625,0.6369180679321289,0.5862115621566772,0.6711125373840332
032512,0.488037109375,0.5725905299186707,0.2856633961200714,0.6888248324394226
032513,0.9673665165901184,0.9677174091339111,0.8748590350151062,0.8707974553108215
032514,0.9673665165901184,0.967758297920227,0.8748590350151062,0.9330010414123535
032515,0.3125,0.31859537959098816,0.2682024836540222,0.38790878653526306
032516,0.968017578125,0.9680501818656921,1.0,0.7125077843666077
032520,0.619873046875,0.6249984502792358,0.5410870313644409,0.7223699688911438
032522,0.712158203125,0.7124199867248535,0.8569586873054504,0.7974621057510376
032523,0.633056640625,0.6382513642311096,0.5862115621566772,0.7193270921707153
032524,0.947998046875,0.9522021412849426,0.5985158681869507,0.6639463305473328
032526,0.712158203125,0.712557315826416,0.7497180104255676,0.789485514163971
032528,0.967041015625,0.9674550890922546,0.9284793138504028,0.8985738158226013
032529,0.947998046875,0.9531315565109253,0.5985158681869507,0.6958290338516235
032530,0.701171875,0.7079179286956787,0.5150786638259888,0.6147551536560059
032531,0.9466145634651184,0.9504597783088684,0.6615661382675171,0.5826676487922668
032532,0.4375,0.522608757019043,0.33466389775276184,0.6407076716423035
032533,0.968017578125,0.968017578125,1.0,0.9007695317268372
032535,0.9673665165901184,0.9676703810691833,0.8748590350151062,0.8283491134643555
032536,0.09375,0.2465471476316452,0.10882609337568283,0.4616231918334961
032537,0.956298828125,0.9601454138755798,0.7169486284255981,0.7206733226776123
032538,0.09375,0.1332443207502365,0.29608193039894104,0.4834289252758026
032539,0.9466145634651184,0.9498172402381897,0.5787770748138428,0.4978879392147064
032540,0.966796875,0.9672073125839233,0.8748388290405273,0.7531700730323792
032541,0.706298828125,0.7100886106491089,0.7139173746109009,0.8319588303565979
032542,0.431884765625,0.49351873993873596,0.390377938747406,0.5407407879829407
032543,0.968017578125,0.96805739402771,1.0,0.9472227096557617
032544,0.9375,0.9457383751869202,0.4692787230014801,0.5964728593826294
032548,0.951904296875,0.9539732933044434,0.9521908760070801,0.94753497838974
032553,0.968017578125,0.9680764675140381,1.0,0.9102003574371338
032554,0.953369140625,0.9587786793708801,0.7479812502861023,0.7752993702888489
032555,0.0,0.15625,0.0,0.256320983171463
032556,0.490234375,0.5074176788330078,0.8556691408157349,0.8507404923439026
032557,0.956298828125,0.9572051167488098,1.0,0.9404329657554626
032558,0.9466145634651184,0.9551323056221008,0.5787770748138428,0.8019299507141113
032560,0.1875,0.1875,0.4692787230014801,0.4692787230014801
032561,0.508056640625,0.5126925110816956,0.6509066820144653,0.7626808285713196
032565,0.3599446713924408,0.45079994201660156,0.3001289367675781,0.6853317022323608
032566,0.584228515625,0.58488929271698,0.6245770454406738,0.738021731376648
032568,0.966796875,0.9674421548843384,0.8748388290405273,0.8081144094467163
032573,0.9466145634651184,0.9524591565132141,0.5787770748138428,0.6483059525489807
032574,0.939453125,0.9437770843505859,0.6820816993713379,0.6434832215309143
032576,0.365234375,0.39112091064453125,0.3236317038536072,0.3348716199398041
032577,0.9466145634651184,0.952473521232605,0.8072783350944519,0.8132939338684082
032579,0.968017578125,0.9680767059326172,1.0,0.9490393996238708
032580,0.951171875,0.9596830606460571,0.6074502468109131,0.7298929691314697
032581,0.580322265625,0.6160662174224854,0.5636333227157593,0.585042417049408
032582,0.962158203125,0.9626861810684204,0.8420895934104919,0.8748959302902222
032583,0.5757649540901184,0.5819842219352722,0.5708760023117065,0.7167953848838806
032585,0.508056640625,0.5126546025276184,0.46666663885116577,0.5728806257247925
032586,0.962158203125,0.962512731552124,0.9625431895256042,0.9564793109893799
032589,0.9507649540901184,0.9558041095733643,0.7292529344558716,0.8852185606956482
032593,0.606689453125,0.6317479014396667,0.6509066820144653,0.6495829224586487
032596,0.968017578125,0.9680289030075073,1.0,0.9291384220123291
032598,0.0,0.1041666641831398,0.0,0.15847155451774597
032602,0.951171875,0.9544010162353516,0.8472716808319092,0.8278921842575073
032604,0.9673665165901184,0.9674351811408997,1.0,0.9544995427131653
032606,0.712158203125,0.7124510407447815,0.8569586873054504,0.8560555577278137
032608,0.967041015625,0.9675801992416382,0.8122885227203369,0.782997727394104
032609,0.9375,0.9455735087394714,0.6545500159263611,0.7533594369888306
032610,0.455078125,0.455078125,0.5907889604568481,0.5556217432022095
032613,0.3059895932674408,0.4161475598812103,0.2836383283138275,0.5802448987960815
032616,0.953369140625,0.9603157639503479,0.6543781161308289,0.7993952631950378
032617,0.962158203125,0.9624713659286499,0.8420895934104919,0.8202619552612305
032619,0.2122395932674408,0.30001193284988403,0.19284793734550476,0.4863280653953552
032620,0.706298828125,0.7111010551452637,0.7139173746109009,0.8470609188079834
032621,0.9507649540901184,0.9566029906272888,0.6379934549331665,0.7601809501647949
032622,0.5757649540901184,0.579557478427887,0.6966133713722229,0.7662742137908936
032623,0.571533203125,0.5799713730812073,0.49935534596443176,0.6905792355537415
032624,0.571533203125,0.578663170337677,0.6093400716781616,0.7022984623908997
032626,0.4375,0.54296875,0.33466389775276184,0.6120902895927429
032627,0.2774251401424408,0.33961132168769836,0.257824569940567,0.4133170247077942
032628,0.9375,0.9479024410247803,0.4692787230014801,0.7356796264648438
032629,0.510498046875,0.5159159898757935,0.6093400716781616,0.681225061416626
032630,0.939453125,0.9467954635620117,0.6820816993713379,0.8403505682945251
032631,0.3125,0.3138020932674408,0.40776848793029785,0.42688170075416565
032632,0.1458333432674408,0.24090580642223358,0.15272833406925201,0.46971073746681213
032633,0.703369140625,0.7066942453384399,0.6423966884613037,0.6089023351669312
032634,0.556884765625,0.6037214994430542,0.4431702494621277,0.7295426726341248
032636,0.956298828125,0.9600250720977783,0.7169486284255981,0.7324926257133484
032639,0.9507649540901184,0.9518361687660217,0.974961519241333,0.9538825750350952
032640,0.1106770858168602,0.1463826596736908,0.4437016248703003,0.6832863092422485
032642,0.706298828125,0.7092433571815491,0.7139173746109009,0.7433254718780518
032643,0.606689453125,0.6380225419998169,0.5334192514419556,0.6410627365112305
032645,0.951171875,0.958047091960907,0.694340705871582,0.8336578011512756
032646,0.35546875,0.36230525374412537,0.3709116578102112,0.5145676136016846
032647,0.499755859375,0.5899094343185425,0.3358892798423767,0.6842102408409119
032648,0.9507649540901184,0.954207718372345,0.8898733854293823,0.8368793725967407
032649,0.703369140625,0.7069671154022217,0.6423966884613037,0.675516664981842
032650,0.9668782353401184,0.9675446152687073,0.7810032963752747,0.9028655886650085
032652,0.304931640625,0.43500545620918274,0.20000000298023224,0.4291381537914276
032653,0.712158203125,0.7126864790916443,0.7497180104255676,0.7329889535903931
032654,0.567138671875,0.6164302229881287,0.5199966430664062,0.6434441208839417
032655,0.951904296875,0.9555867314338684,0.8690900206565857,0.8432974815368652
032656,0.560546875,0.5813251733779907,0.8838695287704468,0.9257343411445618
032658,0.3599446713924408,0.4411320090293884,0.36623337864875793,0.6925828456878662
032660,0.560546875,0.6063469648361206,0.7653606534004211,0.9591991901397705
032661,0.606689453125,0.606689453125,0.5334192514419556,0.4213218092918396
032662,0.953369140625,0.9562988877296448,0.912726640701294,0.8444485664367676
032664,0.956298828125,0.9585442543029785,0.8195018768310547,0.7660189867019653
032666,0.951904296875,0.9591717720031738,0.6230928897857666,0.8411871790885925
032667,0.939453125,0.9498055577278137,0.489017516374588,0.5686411261558533
032669,0.606689453125,0.6400604248046875,0.6509066820144653,0.7548561692237854
032670,0.560546875,0.6361465454101562,0.4981783330440521,0.742134153842926
032671,0.943359375,0.943359375,0.8076295852661133,0.8076295852661133
032674,0.9507649540901184,0.95765620470047,0.6379934549331665,0.8480053544044495
032676,0.0,0.1980438232421875,0.0,0.45632487535476685
032677,0.959228515625,0.9597549438476562,0.7631344795227051,0.7700393795967102
032678,0.4375,0.4728759825229645,0.6735438704490662,0.7645319700241089
032679,0.967041015625,0.967315137386322,0.9284793138504028,0.8271704316139221
032683,0.967041015625,0.9671897888183594,0.9284793138504028,0.8656770586967468
032684,0.47265625,0.5839711427688599,0.3039627969264984,0.6861774921417236
032685,0.957763671875,0.9586319923400879,0.7236568927764893,0.7085602879524231
032688,0.556884765625,0.575462818145752,0.9594535827636719,0.9187231063842773
032689,0.388427734375,0.39798757433891296,0.4002777338027954,0.622306227684021
032690,0.951904296875,0.9571653008460999,0.8690900206565857,0.9009894728660583
032692,0.9673665165901184,0.9677646160125732,0.8748590350151062,0.8352208733558655
032693,0.571533203125,0.5774540305137634,0.6093400716781616,0.6550758481025696
032697,0.962158203125,0.9622955322265625,0.8420895934104919,0.7547318935394287
032698,0.432373046875,0.43798741698265076,0.4618985950946808,0.6174890398979187
032699,0.508056640625,0.5126347541809082,0.5334192514419556,0.6591023206710815
032701,0.962158203125,0.9626368284225464,0.8420895934104919,0.8874967098236084
032702,0.967041015625,0.9676891565322876,0.8122885227203369,0.8998735547065735
032703,0.431884765625,0.48156222701072693,0.4763599932193756,0.7081976532936096
032705,0.953369140625,0.9604129195213318,0.6543781161308289,0.8405037522315979
032706,0.95703125,0.957805335521698,0.7039180397987366,0.7308481335639954
032708,0.953369140625,0.9604153633117676,0.6543781161308289,0.8981921076774597
032710,0.9673665165901184,0.9678958654403687,0.8748590350151062,0.8421810865402222
032711,0.962158203125,0.9626935124397278,0.8420895934104919,0.9122676849365234
032712,0.9673665165901184,0.9676738977432251,0.8748590350151062,0.7736891508102417
032713,0.967041015625,0.9675816297531128,0.8122885227203369,0.7904639840126038
032714,0.951171875,0.9555511474609375,0.694340705871582,0.7233331203460693
032717,0.967041015625,0.9673515558242798,0.9284793138504028,0.7801960110664368
032720,0.469970703125,0.47422489523887634,0.6737852096557617,0.6824538707733154
032721,0.946533203125,0.9530189633369446,0.6577322483062744,0.7812676429748535
032722,0.0625,0.2627262771129608,0.053640495985746384,0.4983716607093811
032723,0.951904296875,0.9591287970542908,0.6230928897857666,0.8043626546859741
032724,0.9673665165901184,0.9676029682159424,1.0,0.916345477104187
032725,0.962158203125,0.9624972343444824,0.9625431895256042,0.9239010810852051
032726,0.967041015625,0.967793345451355,0.8122885227203369,0.9563026428222656
032727,0.9673665165901184,0.9678982496261597,0.8748590350151062,0.9427920579910278
032728,0.9668782353401184,0.9674670696258545,0.892719030380249,0.9349339008331299
032729,0.959228515625,0.9597651362419128,0.8722942471504211,0.9063795804977417
032730,0.959228515625,0.959762692451477,0.7631344795227051,0.8882179260253906
032731,0.9507649540901184,0.9553249478340149,0.6379934549331665,0.7282626032829285
032733,0.488037109375,0.551488995552063,0.6121358871459961,0.7711758017539978
032735,0.947998046875,0.9541724920272827,0.5985158681869507,0.7884622812271118
032736,0.967041015625,0.967400312423706,0.9284793138504028,0.7880138754844666
032737,0.957763671875,0.9583221077919006,0.8271697163581848,0.7431484460830688
032738,0.365234375,0.4561615288257599,0.26521679759025574,0.4603116810321808
032740,0.939453125,0.9507894515991211,0.5589672327041626,0.6932336091995239
032741,0.9388020634651184,0.9529539942741394,0.5542851090431213,0.7811185717582703
032743,0.946533203125,0.9566222429275513,0.575423002243042,0.8743880391120911
032744,0.9375,0.9497164487838745,0.4692787230014801,0.6257994174957275
032745,0.9668782353401184,0.967420220375061,0.7810032963752747,0.729508101940155
032748,0.957763671875,0.9584717154502869,0.7236568927764893,0.7947403192520142
032749,0.706298828125,0.7092227339744568,0.6245770454406738,0.6298289895057678
032751,0.9507649540901184,0.9554754495620728,0.6379934549331665,0.663336455821991
032752,0.9375,0.9526705145835876,0.5364049673080444,0.8319031000137329
032754,0.943115234375,0.9548582434654236,0.5359453558921814,0.8536069989204407
032758,0.94140625,0.9483148455619812,0.5900454521179199,0.6498032212257385
032759,0.9673665165901184,0.967848002910614,0.8748590350151062,0.9666762351989746
032760,0.23046875,0.3352034389972687,0.214540034532547,0.49184882640838623
032761,0.9668782353401184,0.9676262736320496,0.7810032963752747,0.8641781210899353
032762,0.9444172978401184,0.9538953304290771,0.6219719052314758,0.7646492719650269
032763,0.967041015625,0.9675019979476929,0.9284793138504028,0.8440025448799133
032766,0.9668782353401184,0.9674931764602661,0.7810032963752747,0.8506944179534912
032767,0.953369140625,0.957306444644928,0.6543781161308289,0.6985760927200317
032768,0.943359375,0.955583930015564,0.5284951329231262,0.6510617733001709
032769,0.9375,0.9501174688339233,0.4692787230014801,0.5273684859275818
032770,0.959228515625,0.9598661661148071,0.7631344795227051,0.7472774386405945
032772,0.967041015625,0.9672567248344421,0.8122885227203369,0.7268354296684265
032773,0.947998046875,0.952907383441925,0.6841284036636353,0.7344744801521301
032774,0.47265625,0.47961217164993286,0.3430097699165344,0.48306697607040405
032775,0.9673665165901184,0.9676996469497681,0.8748590350151062,0.8037415146827698
032778,0.947998046875,0.9512672424316406,0.5985158681869507,0.5246659517288208
032782,0.197998046875,0.22126710414886475,0.6871474981307983,0.5864620804786682
032784,0.712158203125,0.7126396298408508,0.7497180104255676,0.8776013255119324
032785,0.967041015625,0.9678100943565369,0.8122885227203369,0.8927634954452515
032786,0.556884765625,0.6008808612823486,0.4431702494621277,0.6195245385169983
032788,0.261474609375,0.3513314723968506,0.2789600193500519,0.6474714875221252
032790,0.263671875,0.3830687701702118,0.17496776580810547,0.33847561478614807
032791,0.962158203125,0.9624999761581421,0.8420895934104919,0.6734567284584045
032793,0.9668782353401184,0.9675188660621643,0.7810032963752747,0.7931029200553894
032797,0.966796875,0.9673673510551453,0.7653606534004211,0.7554976940155029
032798,0.1875,0.3287213146686554,0.1309099942445755,0.4587192237377167
032801,0.712158203125,0.7123865485191345,0.8569586873054504,0.7801440954208374
032802,0.568359375,0.5779069662094116,0.4457148313522339,0.6113919019699097
032803,0.9673665165901184,0.9678489565849304,0.8748590350151062,0.9566846489906311
032806,0.510498046875,0.5158097743988037,0.49935534596443176,0.5519670844078064
032807,0.966796875,0.9675478935241699,0.7653606534004211,0.726325273513794
032808,0.508056640625,0.5132522583007812,0.5334192514419556,0.6567094326019287
032810,0.9507649540901184,0.9565468430519104,0.6379934549331665,0.701153576374054
032811,0.953369140625,0.9578164219856262,0.7479812502861023,0.6819732785224915
032812,0.967041015625,0.9676910638809204,0.8122885227203369,0.8292617797851562
032815,0.3059895932674408,0.3816881477832794,0.2836383283138275,0.5908246636390686
032816,0.712158203125,0.712637722492218,0.7497180104255676,0.7743326425552368
032817,0.03125,0.0997314453125,0.04229741916060448,0.1931304782629013
032818,0.967041015625,0.9676141738891602,0.8122885227203369,0.8854342699050903
032819,0.946533203125,0.9506176114082336,0.8793432712554932,0.876258373260498
032820,0.946533203125,0.9522580504417419,0.8026000261306763,0.8979283571243286
032822,0.9673665165901184,0.9677717089653015,1.0,0.9769048690795898
032823,0.9673665165901184,0.9675328731536865,1.0,0.8008705377578735
032825,0.966796875,0.9674227237701416,0.7653606534004211,0.6825001239776611
032826,0.110107421875,0.2886689007282257,0.09298666566610336,0.47032779455184937
032827,0.9444172978401184,0.9561065435409546,0.544137716293335,0.826266884803772
032829,0.556884765625,0.5855615735054016,0.5407800078392029,0.51845383644104
032830,0.962158203125,0.9626952409744263,0.8420895934104919,0.843627393245697
032831,0.9507649540901184,0.956279456615448,0.6379934549331665,0.8449427485466003
032832,0.488037109375,0.5625166893005371,0.4365417957305908,0.6977559328079224
032833,0.9673665165901184,0.9675998687744141,1.0,0.836905837059021
032834,0.508056640625,0.5121362209320068,0.6509066820144653,0.6657302379608154
032836,0.9444172978401184,0.9529316425323486,0.544137716293335,0.6992359757423401
032844,0.956298828125,0.961154043674469,0.7169486284255981,0.9142393469810486
032845,0.962158203125,0.9625188708305359,0.9625431895256042,0.8829519152641296
032846,0.706298828125,0.7095410227775574,0.7139173746109009,0.7513336539268494
032847,0.953369140625,0.9588351845741272,0.6543781161308289,0.7775639295578003
032848,0.659423828125,0.663464367389679,0.6764605641365051,0.8076858520507812
032850,0.712158203125,0.7126885056495667,0.7497180104255676,0.8513933420181274
032851,0.323974609375,0.3726164698600769,0.3111700117588043,0.4321642220020294
032858,0.9673665165901184,0.9677474498748779,0.8748590350151062,0.7933076620101929
032859,0.9375,0.9521755576133728,0.4692787230014801,0.4811214804649353
032861,0.967041015625,0.9676908254623413,0.8122885227203369,0.8486131429672241
032863,0.962158203125,0.9622824192047119,0.9625431895256042,0.8653078079223633
032864,0.9507649540901184,0.957805871963501,0.6379934549331665,0.8695923686027527
032866,0.946533203125,0.946533203125,1.0,0.9343641400337219
032868,0.95703125,0.9575086236000061,0.8046074509620667,0.8513430953025818
032869,0.968017578125,0.968054473400116,1.0,0.8795912861824036
032872,0.962158203125,0.9626884460449219,0.8420895934104919,0.8692361116409302
032874,0.956298828125,0.9610374569892883,0.8195018768310547,0.8877936601638794
032875,0.571533203125,0.5786988735198975,0.49935534596443176,0.6025582551956177
032876,0.968017578125,0.9680758118629456,1.0,0.9523787498474121
032877,0.393798828125,0.46757715940475464,0.38908666372299194,0.6528356075286865
032879,0.531982421875,0.5845806002616882,0.39804574847221375,0.5179075002670288
032880,0.956298828125,0.9605993032455444,0.7169486284255981,0.7628568410873413
032882,0.9668782353401184,0.9675523042678833,0.892719030380249,0.8826137185096741
032883,0.659423828125,0.6642082333564758,0.5918076038360596,0.7185249924659729
032884,0.9375,0.9500028491020203,0.4692787230014801,0.5354143381118774
032885,0.968017578125,0.9680570363998413,1.0,0.8029282689094543
032886,0.510498046875,0.5185221433639526,0.43686550855636597,0.7133049368858337
032887,0.584228515625,0.5848338007926941,0.6245770454406738,0.7516590356826782
032888,0.9668782353401184,0.9673306345939636,0.892719030380249,0.7801942229270935
032890,0.21875,0.3346446454524994,0.15793579816818237,0.4840430021286011
032891,0.9673665165901184,0.967535674571991,0.8748590350151062,0.6905071139335632
032896,0.568359375,0.575783908367157,0.5438850522041321,0.6301747560501099
032897,0.956298828125,0.9610635638237,0.8195018768310547,0.953905463218689
032898,0.323974609375,0.4181424379348755,0.2550044059753418,0.6337153315544128
032899,0.966796875,0.9674540162086487,0.7653606534004211,0.7619907259941101
032900,0.9673665165901184,0.9677219986915588,0.8748590350151062,0.7853274345397949
032901,0.95703125,0.9574578404426575,0.7039180397987366,0.6209160089492798
032903,0.956298828125,0.9593595862388611,0.8195018768310547,0.7942283153533936
032904,0.946533203125,0.9549247622489929,0.6577322483062744,0.8632736206054688
032905,0.953369140625,0.957820475101471,0.6543781161308289,0.7194469571113586
032906,0.659423828125,0.6628093123435974,0.8254533410072327,0.8646136522293091
032907,0.951171875,0.9567573666572571,0.694340705871582,0.7325842380523682
032910,0.9673665165901184,0.9677518010139465,1.0,0.9769283533096313
032911,0.0,0.0,0.0,0.0
032914,0.584228515625,0.5847522616386414,0.6245770454406738,0.6282439827919006
032915,0.957763671875,0.9586548805236816,0.7236568927764893,0.8722385764122009
032917,0.962158203125,0.9626063704490662,0.8420895934104919,0.9145692586898804
032920,0.701904296875,0.708044171333313,0.6066363453865051,0.6587063074111938
032922,0.9444172978401184,0.9526950120925903,0.6219719052314758,0.6793884038925171
032925,0.943359375,0.9528196454048157,0.6040917634963989,0.7286714911460876
032926,0.703369140625,0.7085232734680176,0.5620065331459045,0.6888222098350525
032927,0.953369140625,0.9596164226531982,0.6543781161308289,0.7646905183792114
032929,0.146728515625,0.20839975774288177,0.48975956439971924,0.7863136529922485
032933,0.947998046875,0.9545100927352905,0.5985158681869507,0.76029372215271
032934,0.94140625,0.953762948513031,0.5900454521179199,0.7605723142623901
032935,0.9507649540901184,0.9545013308525085,0.7292529344558716,0.6830535531044006
032938,0.374755859375,0.47669193148612976,0.28309693932533264,0.39979541301727295
032939,0.946533203125,0.9546068906784058,0.6577322483062744,0.8812899589538574
032942,0.9375,0.9398437738418579,0.8879528045654297,0.9566541910171509
032943,0.968017578125,0.9680687189102173,1.0,0.9328010678291321
032944,0.567138671875,0.6214375495910645,0.5199966430664062,0.7160884141921997
032947,0.966796875,0.9670575261116028,0.8748388290405273,0.9497486352920532
032949,0.946533203125,0.9551733732223511,0.6577322483062744,0.8315277695655823
032950,0.9673665165901184,0.9677122235298157,1.0,0.8869442939758301
032952,0.263671875,0.29461669921875,0.7653606534004211,0.8048099875450134
032954,0.962158203125,0.9624574184417725,0.9625431895256042,0.8745584487915039
032956,0.659423828125,0.6612231731414795,0.8254533410072327,0.786109209060669
032958,0.712158203125,0.7125136256217957,0.8569586873054504,0.8640197515487671
032959,0.967041015625,0.96764075756073,0.8122885227203369,0.6909931898117065
032960,0.968017578125,0.968058705329895,1.0,0.9218432307243347
032961,0.567138671875,0.6046737432479858,0.7988805174827576,0.9294002652168274
032964,0.197998046875,0.29819098114967346,0.34009110927581787,0.5708740949630737
032965,0.1106770858168602,0.1106770858168602,0.4437016248703003,0.4437016248703003
032966,0.39453125,0.4029998481273651,0.37281090021133423,0.5433810949325562
032968,0.939453125,0.944532573223114,0.489017516374588,0.3952077031135559
032969,0.956298828125,0.9601475596427917,0.8195018768310547,0.8803076148033142
032971,0.95703125,0.95762038230896,0.8046074509620667,0.7948659658432007
032972,0.556884765625,0.5876415371894836,0.5407800078392029,0.5981408953666687
032973,0.556884765625,0.5905013680458069,0.8308104276657104,0.7761490941047668
032974,0.580322265625,0.6329556107521057,0.5636333227157593,0.7751976251602173
032975,0.968017578125,0.9680617451667786,1.0,0.9664040803909302
032977,0.959228515625,0.9596328139305115,0.7631344795227051,0.7644259929656982
032978,0.633056640625,0.6369548439979553,0.5862115621566772,0.5533002018928528
032980,0.263671875,0.2788219451904297,0.90728360414505,0.9683118462562561
032982,0.4778645932674408,0.48652538657188416,0.4055802822113037,0.5998691916465759
032983,0.951171875,0.959773600101471,0.6074502468109131,0.7975180745124817
032984,0.959228515625,0.9600054621696472,0.7631344795227051,0.6781186461448669
032985,0.943359375,0.94573974609375,0.5284951329231262,0.3911389112472534
032986,0.2044270783662796,0.2044270783662796,0.6490147709846497,0.6490147709846497
032987,0.953369140625,0.9603552222251892,0.6543781161308289,0.8550317287445068
032989,0.967041015625,0.9675817489624023,0.8122885227203369,0.9223212599754333
032990,0.520263671875,0.5209617018699646,0.5620065331459045,0.6644813418388367
032993,0.508056640625,0.512321949005127,0.6509066820144653,0.70011967420578
032994,0.9673665165901184,0.9678441882133484,0.8748590350151062,0.9185634255409241
032996,0.951171875,0.9596855640411377,0.694340705871582,0.842922568321228
032997,0.9668782353401184,0.9677743911743164,0.7810032963752747,0.8145402669906616
033000,0.9507649540901184,0.9537962079048157,0.7292529344558716,0.6819369196891785
033004,0.956298828125,0.9600788950920105,0.8195018768310547,0.9194810390472412
033005,0.962158203125,0.9625256657600403,0.8420895934104919,0.8080437183380127
033006,0.712158203125,0.712601363658905,0.7497180104255676,0.8585408329963684
033007,0.508056640625,0.5136082172393799,0.5334192514419556,0.637339174747467
033012,0.5757649540901184,0.5809469819068909,0.5708760023117065,0.6912832260131836
033014,0.518798828125,0.5559605956077576,0.6967307925224304,0.6906746625900269
033016,0.499755859375,0.5642520785331726,0.629690945148468,0.8115532994270325
033018,0.953369140625,0.9601460099220276,0.7479812502861023,0.8296900391578674
033019,0.9673665165901184,0.9678028225898743,0.8748590350151062,0.7933218479156494
033020,0.393798828125,0.46618878841400146,0.38908666372299194,0.6784488558769226
033021,0.48828125,0.488626092672348,0.6066363453865051,0.5628572106361389
033022,0.431884765625,0.4760274887084961,0.7318407297134399,0.8729702234268188
033024,0.706298828125,0.7111759781837463,0.6245770454406738,0.8536727428436279
033027,0.953369140625,0.9564430713653564,0.6543781161308289,0.6136163473129272
033029,0.9507649540901184,0.9543629288673401,0.7292529344558716,0.7156180739402771
033032,0.0,0.20724010467529297,0.0,0.3111044466495514
033033,0.703369140625,0.7081186175346375,0.7838867902755737,0.8710829615592957
033036,0.968017578125,0.9680650234222412,1.0,0.9717005491256714
033038,0.19921875,0.27126646041870117,0.19636499881744385,0.38512158393859863
033039,0.703369140625,0.7064584493637085,0.7838867902755737,0.6552338600158691
033041,0.9668782353401184,0.9675322771072388,0.7810032963752747,0.9217064380645752
033043,0.2122395932674408,0.3130626082420349,0.1687147468328476,0.6088360548019409
033044,0.962158203125,0.9625468850135803,0.9625431895256042,0.8543228507041931
033046,0.3059895932674408,0.3797368109226227,0.23244215548038483,0.4033927321434021
033047,0.304931640625,0.4040057361125946,0.22860826551914215,0.3611200153827667
033051,0.968017578125,0.9680647253990173,1.0,0.9741963148117065
033053,0.1458333432674408,0.2843022644519806,0.12516115605831146,0.5404176712036133
033054,0.304931640625,0.4114874601364136,0.22860826551914215,0.557748019695282
033055,0.946533203125,0.9542243480682373,0.6577322483062744,0.7580609321594238
033059,0.490234375,0.5672356486320496,0.38805168867111206,0.4817385971546173
033060,0.943359375,0.9511123895645142,0.6040917634963989,0.6653012037277222
033062,0.44140625,0.44765859842300415,0.45818498730659485,0.6245723962783813
033063,0.9668782353401184,0.9673935174942017,0.7810032963752747,0.7036253809928894
033065,0.706298828125,0.7073416709899902,0.871160089969635,0.6310506463050842
033067,0.706298828125,0.7101026177406311,0.6245770454406738,0.7225762605667114
033069,0.499755859375,0.5521844625473022,0.4490610957145691,0.6322703957557678
033070,0.9466145634651184,0.9549131989479065,0.6615661382675171,0.7081166505813599
033073,0.508056640625,0.5135864019393921,0.5334192514419556,0.6672415137290955
033076,0.9673665165901184,0.9677889943122864,1.0,0.9782640337944031
033077,0.947998046875,0.9499938488006592,0.8348100185394287,0.7019347548484802
033080,0.701904296875,0.7075456976890564,0.5307213068008423,0.6312466263771057
033086,0.953369140625,0.9603299498558044,0.7479812502861023,0.9027453660964966
033089,0.968017578125,0.9680616855621338,1.0,0.8291049003601074
033090,0.5694172978401184,0.5780818462371826,0.4055802822113037,0.5812674164772034
033091,0.706298828125,0.7111221551895142,0.6245770454406738,0.8325639367103577
033092,0.393798828125,0.4673880338668823,0.31885725259780884,0.5244321823120117
033093,0.9375,0.9458062052726746,0.5364049673080444,0.5337464213371277
033097,0.4778645932674408,0.48464709520339966,0.4055802822113037,0.5343502163887024
033098,0.953369140625,0.9579525589942932,0.7479812502861023,0.7579373717308044
033103,0.951171875,0.9543347358703613,0.6074502468109131,0.5487591624259949
033105,0.947998046875,0.9560204148292542,0.5985158681869507,0.6616270542144775
033107,0.701904296875,0.706932783126831,0.6066363453865051,0.7285076975822449
033108,0.951904296875,0.9583241939544678,0.6230928897857666,0.647281289100647
033110,0.712158203125,0.7125627994537354,0.7497180104255676,0.8083301782608032
033113,0.556884765625,0.5887184143066406,0.5407800078392029,0.539590060710907
033114,0.951904296875,0.9599412083625793,0.6230928897857666,0.8192665576934814
033115,0.703369140625,0.7077081799507141,0.5620065331459045,0.6218094825744629
033116,0.30078125,0.35690048336982727,0.28309693932533264,0.4748478829860687
033117,0.968017578125,0.9680525064468384,1.0,0.8917256593704224
033118,0.968017578125,0.968047559261322,1.0,0.9125753045082092
033119,0.2774251401424408,0.3656383156776428,0.23532335460186005,0.4258113503456116
033120,0.0,0.16385418176651,0.0,0.2053975760936737
033122,0.943115234375,0.9506014585494995,0.5359453558921814,0.5485178828239441
033123,0.0625,0.25998103618621826,0.06545499712228775,0.48332756757736206
033124,0.968017578125,0.968077540397644,1.0,0.9606813192367554
033128,0.9673665165901184,0.9676212072372437,1.0,0.856386125087738
033129,0.9507649540901184,0.9575380682945251,0.6379934549331665,0.5539329051971436
033132,0.9466145634651184,0.9537307620048523,0.5787770748138428,0.6213029026985168
033133,0.520263671875,0.5211610794067383,0.5620065331459045,0.7423171401023865
033138,0.967041015625,0.9675570130348206,0.8122885227203369,0.8068545460700989
033139,0.431884765625,0.494585245847702,0.390377938747406,0.6699442267417908
033141,0.32421875,0.33371734619140625,0.2907647490501404,0.4292021095752716
033143,0.9507649540901184,0.955954372882843,0.6379934549331665,0.7295679450035095
033146,0.9673665165901184,0.9675115942955017,1.0,0.9751576781272888
033147,0.518798828125,0.5711827278137207,0.4535067081451416,0.6148527264595032
033148,0.659423828125,0.6624034643173218,0.5918076038360596,0.615598201751709
033149,0.9466145634651184,0.9535496830940247,0.6615661382675171,0.758608877658844
033150,0.953369140625,0.9582618474960327,0.7479812502861023,0.7859992980957031
033151,0.947998046875,0.9547968506813049,0.5985158681869507,0.8075596690177917
033155,0.959228515625,0.9598497748374939,0.7631344795227051,0.686098575592041
033157,0.567138671875,0.6246578693389893,0.4261382520198822,0.6080231666564941
033158,0.633056640625,0.6381126046180725,0.5862115621566772,0.715136706829071
033160,0.659423828125,0.6630785465240479,0.6764605641365051,0.8009697794914246
033161,0.951904296875,0.9562839269638062,0.7122209072113037,0.7872902750968933
033163,0.968017578125,0.9680708050727844,1.0,0.9463105201721191
033164,0.939453125,0.9481600522994995,0.6820816993713379,0.8351293802261353
033165,0.571533203125,0.5784671902656555,0.43686550855636597,0.5685998797416687
033167,0.304931640625,0.41799935698509216,0.20000000298023224,0.5993803143501282
033168,0.5757649540901184,0.5803247690200806,0.6966133713722229,0.7657791972160339
033171,0.5757649540901184,0.5826141238212585,0.49943602085113525,0.5671448707580566
033172,0.659423828125,0.6611179709434509,0.8254533410072327,0.833373486995697
033173,0.304931640625,0.304931640625,1.0,1.0
033174,0.431884765625,0.4849928021430969,0.3415256440639496,0.5871155261993408
033177,0.951904296875,0.9571977257728577,0.6230928897857666,0.7434918880462646
033178,0.571533203125,0.5780785083770752,0.49935534596443176,0.7137494087219238
033179,0.947998046875,0.9529864192008972,0.8348100185394287,0.8184360861778259
033180,0.703369140625,0.707700252532959,0.5620065331459045,0.5811039209365845
033181,0.212890625,0.2662098705768585,0.1974104940891266,0.3015184998512268
033185,0.939453125,0.943115234375,0.7848228216171265,0.8828869462013245
033186,0.946533203125,0.9546852707862854,0.6577322483062744,0.8182059526443481
033187,0.34765625,0.34765625,0.4490610957145691,0.38535943627357483
033188,0.568359375,0.5712555050849915,0.5958904027938843,0.5878483057022095
033190,0.9668782353401184,0.9674680829048157,0.7810032963752747,0.7610247135162354
033191,0.501953125,0.5137268304824829,0.3273671567440033,0.5782684087753296
033192,0.499755859375,0.5930783748626709,0.3358892798423767,0.5899217128753662
033194,0.508056640625,0.5124669671058655,0.46666663885116577,0.590132474899292
033195,0.953369140625,0.958671510219574,0.6543781161308289,0.8606005907058716
033198,0.9668782353401184,0.96754390001297,0.7810032963752747,0.9420327544212341
033200,0.518798828125,0.6102462410926819,0.3716495931148529,0.6562781929969788
033201,0.701904296875,0.7086355090141296,0.5307213068008423,0.6578832268714905
033203,0.946533203125,0.9512410759925842,0.8026000261306763,0.8779783844947815
033204,0.9507649540901184,0.9540327191352844,0.8898733854293823,0.893954336643219
033207,0.9444172978401184,0.9547922611236572,0.544137716293335,0.635699450969696
033208,0.956298828125,0.9577248096466064,0.8195018768310547,0.6978604793548584
033209,0.505615234375,0.5139466524124146,0.37429502606391907,0.5487784147262573
033212,0.9375,0.9399616718292236,0.7171369194984436,0.6315058469772339
033215,0.30078125,0.377201646566391,0.24766992032527924,0.4387398958206177
033216,0.957763671875,0.9583103060722351,0.8271697163581848,0.893674373626709
033217,0.261474609375,0.326946496963501,0.20000000298023224,0.3457649350166321
033218,0.0625,0.21652629971504211,0.053640495985746384,0.2240140289068222
033219,0.9444172978401184,0.9492627382278442,0.7589633464813232,0.7329113483428955
033220,0.701904296875,0.7078386545181274,0.5307213068008423,0.5290452837944031
033221,0.0,0.24307993054389954,0.0,0.3661257028579712
033222,0.556884765625,0.6046006679534912,0.3877114951610565,0.5733115673065186
033226,0.300537109375,0.33167487382888794,0.2163846641778946,0.22958287596702576
033230,0.9673665165901184,0.967719554901123,1.0,0.948135495185852
033234,0.957763671875,0.9582253694534302,0.8271697163581848,0.8665748834609985
033235,0.23828125,0.2630371153354645,0.7039180994033813,0.7365897297859192
033236,0.568359375,0.5782527923583984,0.3899376392364502,0.4669141471385956
033241,0.701904296875,0.7021985650062561,0.7402501106262207,0.7287964820861816
033244,0.25390625,0.3520965576171875,0.25817668437957764,0.5190944671630859
033246,0.967041015625,0.967460572719574,0.9284793138504028,0.8794083595275879
033248,0.947998046875,0.9551909565925598,0.5985158681869507,0.7143272757530212
033249,0.943359375,0.946808934211731,0.7371450066566467,0.7307171821594238
033250,0.9673665165901184,0.967744767665863,0.8748590350151062,0.923128604888916
033253,0.951904296875,0.9567750692367554,0.8690900206565857,0.837107241153717
033254,0.968017578125,0.9680267572402954,1.0,0.9135664701461792
033256,0.48828125,0.48913857340812683,0.5307213068008423,0.7295753955841064
033257,0.518798828125,0.6084170937538147,0.3716495931148529,0.6045069098472595
033258,0.957763671875,0.9582711458206177,0.8271697163581848,0.812207043170929
033261,0.584228515625,0.5847192406654358,0.6245770454406738,0.5890743732452393
033262,0.47265625,0.47692108154296875,0.4784300625324249,0.46191978454589844
033263,0.219970703125,0.30562517046928406,0.18348374962806702,0.3429674804210663
033264,0.943115234375,0.954843282699585,0.5359453558921814,0.74854975938797
033265,0.9673665165901184,0.9677319526672363,1.0,0.9097090363502502
033267,0.490234375,0.4959472715854645,0.9467676877975464,0.9446403980255127
033268,0.455078125,0.5300083160400391,0.33298835158348083,0.41572102904319763
033270,0.703369140625,0.7047080993652344,0.8588406443595886,0.8670529127120972
033271,0.44140625,0.4525753855705261,0.3284950852394104,0.6558137536048889
033273,0.61328125,0.6191864013671875,0.5185247659683228,0.5907520651817322
033275,0.951904296875,0.9578090906143188,0.6230928897857666,0.6455726623535156
033276,0.34765625,0.34956055879592896,0.36176279187202454,0.3713805377483368
033277,0.95703125,0.9576622843742371,0.8046074509620667,0.8820446133613586
033278,0.4700520932674408,0.4820123612880707,0.3117245137691498,0.4400448203086853
033280,0.580322265625,0.6184021830558777,0.4618985950946808,0.502220094203949
033281,0.966796875,0.9677154421806335,0.7653606534004211,0.9665476679801941
033282,0.432373046875,0.43879756331443787,0.4040961265563965,0.6658299565315247
033283,0.967041015625,0.9674622416496277,0.9284793138504028,0.9250373840332031
033285,0.323974609375,0.3972621262073517,0.2550044059753418,0.4423368275165558
033287,0.9668782353401184,0.9674429297447205,0.7810032963752747,0.7094984650611877
033290,0.659423828125,0.6635498404502869,0.6764605641365051,0.8208351135253906
033291,0.946533203125,0.9524441957473755,0.8026000261306763,0.829400897026062
033293,0.499755859375,0.6053969264030457,0.293855756521225,0.7149133682250977
033294,0.947998046875,0.9536824226379395,0.5985158681869507,0.6705471873283386
033295,0.469970703125,0.47836464643478394,0.3877114951610565,0.6944735050201416
033296,0.518798828125,0.5514625310897827,1.0,0.9615929126739502
033298,0.150390625,0.18990850448608398,0.4525081515312195,0.7124588489532471
033299,0.967041015625,0.9676143527030945,0.8122885227203369,0.7651999592781067
033300,0.518798828125,0.5275020599365234,1.0,0.9393216967582703
033303,0.508056640625,0.5150513648986816,0.46666663885116577,0.7276374101638794
033304,0.47265625,0.4837433695793152,0.3920743465423584,0.6406693458557129
033306,0.1458333432674408,0.28023627400398254,0.10949836671352386,0.2879452705383301
033308,0.962158203125,0.9624366760253906,0.8420895934104919,0.8321130275726318
033310,0.962158203125,0.9622139930725098,0.9625431895256042,0.8296734094619751
033311,0.968017578125,0.9680652618408203,1.0,0.9554791450500488
033312,0.47265625,0.5111476182937622,0.3709116578102112,0.4224262833595276
033314,0.9375,0.9375,0.7531440854072571,0.7531440854072571
033315,0.9444172978401184,0.953555166721344,0.6219719052314758,0.8451107144355774
033316,0.966796875,0.966796875,0.8748388290405273,0.7086207866668701
033317,0.5694172978401184,0.5785319209098816,0.4635950028896332,0.7217657566070557
033319,0.0625,0.17033666372299194,0.10055973380804062,0.3655738830566406
033321,0.962158203125,0.962692379951477,0.8420895934104919,0.8506392240524292
033323,0.490234375,0.5985409021377563,0.42515653371810913,0.6979397535324097
033324,0.490234375,0.5641483664512634,0.3180091083049774,0.41335511207580566
033325,0.365234375,0.365234375,0.789595901966095,0.789595901966095
033326,0.0,0.0486111119389534,0.0,0.06792347133159637
033328,0.261474609375,0.3033170700073242,0.49493172764778137,0.6700388789176941
033330,0.940673828125,0.9527414441108704,0.5046601295471191,0.8227494359016418
033332,0.953369140625,0.9564846158027649,0.912726640701294,0.9065344333648682
033333,0.556884765625,0.6198661923408508,0.3877114951610565,0.7002620100975037
033334,0.21875,0.236328125,0.3419274091720581,0.42466044425964355
033335,0.580322265625,0.6002057790756226,0.5636333227157593,0.5813322067260742
033336,0.968017578125,0.9680657386779785,1.0,0.9984197020530701
033337,0.0,0.19662611186504364,0.0,0.4309957027435303
033339,0.9466145634651184,0.955277681350708,0.5787770748138428,0.6992255449295044
033340,0.0,0.09102529287338257,0.0,0.27967315912246704
033342,0.9673665165901184,0.967769205570221,0.8748590350151062,0.8117585778236389
033344,0.9375,0.943359375,0.5364049673080444,0.5360569953918457
033346,0.706298828125,0.706298828125,0.871160089969635,0.871160089969635
033348,0.2774251401424408,0.37412771582603455,0.2932012677192688,0.5703464150428772
033349,0.469970703125,0.4776773452758789,0.4431702494621277,0.6483386754989624
033350,0.228759765625,0.4047355055809021,0.14772342145442963,0.6401235461235046
033351,0.959228515625,0.9596537351608276,0.8722942471504211,0.905695378780365
033352,0.0,0.13046875596046448,0.0,0.4695146381855011
033353,0.263671875,0.38154223561286926,0.21350501477718353,0.6173348426818848
033354,0.966796875,0.9673771262168884,0.7653606534004211,0.9156588315963745
033356,0.9673665165901184,0.9677799344062805,0.8748590350151062,0.7589909434318542
033357,0.1458333432674408,0.2561173439025879,0.12516115605831146,0.46283650398254395
033358,0.9388020634651184,0.952950119972229,0.48492133617401123,0.6331060528755188
033359,0.9673665165901184,0.9679010510444641,0.8748590350151062,0.8884070515632629
033361,0.47265625,0.4825666546821594,0.3430097699165344,0.5115474462509155
033368,0.47265625,0.5291105508804321,0.5698384642601013,0.6141152381896973
033370,0.0,0.1942698210477829,0.0,0.38374847173690796
033374,0.531982421875,0.5585420727729797,0.48571667075157166,0.47713226079940796
033375,0.943115234375,0.9497395753860474,0.6126077175140381,0.6120263934135437
033377,0.9673665165901184,0.9678970575332642,0.8748590350151062,0.8432356119155884
033382,0.956298828125,0.9576094150543213,1.0,0.8194659352302551
033383,0.701171875,0.701995849609375,0.7871269583702087,0.7705262303352356
033384,0.712158203125,0.7124449014663696,0.8569586873054504,0.8659440875053406
033385,0.946533203125,0.9517678022384644,0.8026000261306763,0.7448591589927673
033388,0.146728515625,0.32033771276474,0.09795191138982773,0.37902894616127014
033389,0.1458333432674408,0.21922200918197632,0.2709710896015167,0.59422367811203
033391,0.951171875,0.953094482421875,0.8472716808319092,0.9262257218360901
033392,0.968017578125,0.9680482745170593,1.0,0.9649015069007874
033393,0.967041015625,0.9677370190620422,0.8122885227203369,0.9172048568725586
033394,0.956298828125,0.9587725400924683,1.0,0.9452326893806458
033396,0.510498046875,0.5167031288146973,0.49935534596443176,0.6530084609985352
033397,0.9673665165901184,0.967709481716156,0.8748590350151062,0.8778348565101624
033398,0.712158203125,0.7123787999153137,0.7497180104255676,0.5893469452857971
033399,0.388427734375,0.3982398211956024,0.3251410126686096,0.6032578349113464
033400,0.943359375,0.9521865844726562,0.5284951329231262,0.5060642957687378
033404,0.966796875,0.9671249389648438,0.8748388290405273,0.9239358901977539
033405,0.584228515625,0.5847126245498657,0.6245770454406738,0.7032696008682251
033407,0.584228515625,0.5849248766899109,0.6245770454406738,0.7505638599395752
033410,0.260498046875,0.40798458456993103,0.19761748611927032,0.4540911912918091
033412,0.951904296875,0.9600321054458618,0.6230928897857666,0.8803032040596008
033413,0.488037109375,0.5574825406074524,0.2856633961200714,0.4204195737838745
033414,0.23046875,0.28797245025634766,0.214540034532547,0.3074129819869995
033415,0.08984375,0.2297419160604477,0.09298666566610336,0.4217013418674469
033416,0.943359375,0.9523251056671143,0.5284951329231262,0.5805718302726746
033417,0.455078125,0.5096793174743652,0.5907889604568481,0.774121880531311
033420,0.0625,0.2627728581428528,0.04692786931991577,0.5404530167579651
033421,0.967041015625,0.967808723449707,0.8122885227203369,0.821610152721405
033422,0.9444172978401184,0.9520397782325745,0.6219719052314758,0.7093614935874939
033424,0.4778645932674408,0.48424530029296875,0.4635950028896332,0.6688539385795593
033425,0.146728515625,0.28731590509414673,0.11196307837963104,0.43658697605133057
033426,0.9673665165901184,0.9676046371459961,1.0,0.8652018308639526
033427,0.962158203125,0.9625328779220581,0.8420895934104919,0.8674502372741699
033429,0.304931640625,0.388721227645874,0.20000000298023224,0.27980172634124756
033430,0.706298828125,0.7105855941772461,0.7139173746109009,0.7794493436813354
033435,0.560546875,0.5991489887237549,0.4981783330440521,0.6686854958534241
033436,0.946533203125,0.9556311368942261,0.575423002243042,0.8327561616897583
033439,0.967041015625,0.9671005010604858,0.8122885227203369,0.5513240694999695
033441,0.48828125,0.4886961877346039,0.5307213068008423,0.4743853509426117
033442,0.968017578125,0.9680765271186829,1.0,0.922613263130188
033443,0.9673665165901184,0.967893123626709,0.8748590350151062,0.7875915765762329
033444,0.95703125,0.9577172994613647,0.8046074509620667,0.8415049314498901
033445,0.3059895932674408,0.4178401231765747,0.23244215548038483,0.6531870365142822
033447,0.95703125,0.9577385783195496,0.7039180397987366,0.7521367073059082
033448,0.701171875,0.7057723999023438,0.5887562036514282,0.634116530418396
033452,0.953369140625,0.9569737315177917,0.6543781161308289,0.6350613236427307
033454,0.4778645932674408,0.4817098081111908,0.5657033920288086,0.6843944191932678
033455,0.946533203125,0.9535597562789917,0.575423002243042,0.6471377611160278
033457,0.9673665165901184,0.9675527811050415,1.0,0.789752721786499
033459,0.9375,0.947509765625,0.5364049673080444,0.8109170198440552
033460,0.701171875,0.7079117894172668,0.5887562036514282,0.7927411198616028
033463,0.962158203125,0.9625241160392761,0.8420895934104919,0.8741427659988403
033466,0.943359375,0.9523084759712219,0.5284951329231262,0.6381208896636963
033468,0.4375,0.531982421875,0.30545666813850403,0.6223528385162354
033470,0.967041015625,0.967644453048706,0.8122885227203369,0.690982460975647
033472,0.939453125,0.9513633847236633,0.5589672327041626,0.7625412940979004
033474,0.501953125,0.508056640625,0.3741941750049591,0.5275434255599976
033475,0.47265625,0.5716276168823242,0.3709116578102112,0.5667945742607117
033476,0.956298828125,0.9602683186531067,0.7169486284255981,0.9093786478042603
033478,0.9673665165901184,0.967762291431427,0.8748590350151062,0.8659884333610535
033480,0.9668782353401184,0.9676739573478699,0.7810032963752747,0.7464593648910522
033481,0.3059895932674408,0.38032737374305725,0.2033541053533554,0.4449734687805176
033487,0.5694172978401184,0.5809924006462097,0.4055802822113037,0.6534108519554138
033488,0.0625,0.256103515625,0.07171369343996048,0.46349209547042847
033489,0.959228515625,0.959862232208252,0.7631344795227051,0.8958565592765808
033490,0.431884765625,0.49365583062171936,0.3415256440639496,0.48193538188934326
033491,0.51953125,0.51953125,0.3284950852394104,0.22584542632102966
033492,0.951904296875,0.9548622369766235,0.7122209072113037,0.6450988054275513
033495,0.956298828125,0.9593197703361511,0.8195018768310547,0.7943733334541321
033496,0.962158203125,0.9625906944274902,0.8420895934104919,0.8920072317123413
033497,0.47265625,0.5007690787315369,0.6580725908279419,0.7034688591957092
033498,0.16796875,0.2767859399318695,0.14772342145442963,0.5606858730316162
033500,0.51953125,0.583324134349823,0.3284950852394104,0.6688218712806702
033502,0.1875,0.3779296875,0.1309099942445755,0.31421947479248047
033503,0.947998046875,0.9561234712600708,0.5985158681869507,0.8432102799415588
033505,0.501953125,0.501953125,0.525390625,0.525390625
033506,0.2122395932674408,0.2555833160877228,0.19284793734550476,0.25841256976127625
033508,0.469970703125,0.47422662377357483,0.5924884676933289,0.60979163646698
033509,0.956298828125,0.9610489010810852,0.7169486284255981,0.7437609434127808
033510,0.703369140625,0.704788327217102,0.5620065331459045,0.47835952043533325
033512,0.968017578125,0.9680764079093933,1.0,0.8974725604057312
033513,0.9673665165901184,0.9677219986915588,0.8748590350151062,0.8884233832359314
033514,0.606689453125,0.6148699522018433,1.0,0.6882439851760864
033515,0.34765625,0.3516446053981781,0.293855756521225,0.2952091097831726
033516,0.5694172978401184,0.5755288600921631,0.4055802822113037,0.45549100637435913
033517,0.9388020634651184,0.9425404667854309,0.8427215218544006,0.940056324005127
033519,0.47265625,0.48484930396080017,0.3430097699165344,0.4765932261943817
033520,0.455078125,0.5813304781913757,0.33298835158348083,0.5778972506523132
033523,0.940673828125,0.9526166319847107,0.5768473744392395,0.6827288269996643
033526,0.95703125,0.9575760960578918,0.8046074509620667,0.7958435416221619
033527,0.9507649540901184,0.9570155143737793,0.7292529344558716,0.8929182887077332
033528,0.947998046875,0.9559047222137451,0.6841284036636353,0.834526538848877
033530,0.32421875,0.3383190333843231,0.2907647490501404,0.5482097268104553
033532,0.9466145634651184,0.949669361114502,0.8072783350944519,0.7546719908714294
033533,0.146728515625,0.23540538549423218,0.1496870219707489,0.3071301579475403
033534,0.35546875,0.3665144443511963,0.3039627969264984,0.4691942632198334
033537,0.966796875,0.9671245813369751,0.7653606534004211,0.6124141812324524
033538,0.943115234375,0.9522469639778137,0.6126077175140381,0.7968624234199524
033539,0.9668782353401184,0.9674292802810669,0.892719030380249,0.8806673884391785
033540,0.953369140625,0.9588965773582458,0.6543781161308289,0.6492984890937805
033541,0.365234375,0.4725295901298523,0.23202729225158691,0.3335312008857727
033542,0.2774251401424408,0.2774251401424408,0.257824569940567,0.2349635809659958
033543,0.3125,0.32189396023750305,0.2682024836540222,0.41666513681411743
033544,0.508056640625,0.5139225721359253,0.46666663885116577,0.6818156242370605
033545,0.61328125,0.6210289001464844,0.4536360800266266,0.7254698276519775
033546,0.968017578125,0.9680644869804382,1.0,0.8742660880088806
033549,0.95703125,0.9576858878135681,0.7039180397987366,0.7393925189971924
033550,0.197998046875,0.197998046875,0.8145672082901001,0.8145672082901001
033552,0.701904296875,0.7098613381385803,0.5307213068008423,0.6815851926803589
033553,0.9668782353401184,0.9674301147460938,0.892719030380249,0.8460967540740967
033555,0.957763671875,0.9584238529205322,0.8271697163581848,0.8887472152709961
033557,0.47265625,0.4848981499671936,0.8178747296333313,0.8777225017547607
033558,0.091796875,0.1192626953125,0.3948093354701996,0.6534972190856934
033560,0.957763671875,0.9584237933158875,0.8271697163581848,0.8612520694732666
033562,0.9375,0.9454297423362732,0.5777241587638855,0.763989269733429
033563,0.9507649540901184,0.955302894115448,0.8898733854293823,0.9552760124206543
033564,0.584228515625,0.5846048593521118,0.7139173746109009,0.7413009405136108
033567,0.606689453125,0.6431849598884583,0.6509066820144653,0.8170779943466187
033568,0.263671875,0.37702444195747375,0.17496776580810547,0.4232918918132782
033571,0.9673665165901184,0.9679027795791626,0.8748590350151062,0.8910849690437317
033572,0.39453125,0.3972713053226471,0.4261382520198822,0.4700475037097931
033573,0.966796875,0.9674652814865112,0.7653606534004211,0.7416954040527344
033577,0.9668782353401184,0.9676375985145569,0.7810032963752747,0.8101241588592529
033588,0.393798828125,0.4344139099121094,0.690318763256073,0.839723527431488
033589,0.968017578125,0.968065619468689,1.0,0.8985270857810974
033592,0.9375,0.9492037892341614,0.6545500159263611,0.8570470809936523
033594,0.94140625,0.9453338384628296,0.8970906734466553,0.9628022313117981
033595,0.712158203125,0.712287187576294,0.8569586873054504,0.8637406826019287
033596,0.9466145634651184,0.9521705508232117,0.5787770748138428,0.6353183388710022
033597,0.966796875,0.9674159288406372,0.7653606534004211,0.8066197037696838
033598,0.560546875,0.6217676997184753,0.4082580804824829,0.5184329152107239
033600,0.5694172978401184,0.5781654715538025,0.4055802822113037,0.7087208032608032
033603,0.939453125,0.9532961845397949,0.489017516374588,0.6649882197380066
033605,0.263671875,0.3915233016014099,0.23391999304294586,0.6110126972198486
033606,0.959228515625,0.9599936604499817,0.7631344795227051,0.863777756690979
033607,0.488037109375,0.5144675970077515,0.7069194316864014,0.7822167873382568
033608,0.968017578125,0.9680662751197815,1.0,0.9401949048042297
033609,0.488037109375,0.5889621376991272,0.4365417957305908,0.7370049357414246
033610,0.4778645932674408,0.4861043393611908,0.4635950028896332,0.6639359593391418
033611,0.953369140625,0.958926796913147,0.7479812502861023,0.8110959529876709
033612,0.21875,0.351318359375,0.2111494094133377,0.5631794333457947
033613,0.431884765625,0.4937320947647095,0.3415256440639496,0.46402087807655334
033617,0.967041015625,0.9676957726478577,0.8122885227203369,0.8867617249488831
033618,0.962158203125,0.9622884392738342,0.9625431895256042,0.9559624195098877
033619,0.520263671875,0.5210528373718262,0.5620065331459045,0.6848515272140503
033620,0.499755859375,0.5868889093399048,0.3358892798423767,0.6747949719429016
033621,0.9466145634651184,0.9470540285110474,0.9288777112960815,0.9483014345169067
033623,0.703369140625,0.7051172256469727,0.7838867902755737,0.7773471474647522
033625,0.9375,0.9440773129463196,0.6545500159263611,0.7365208864212036
033626,0.967041015625,0.9675604701042175,0.8122885227203369,0.8869060277938843
033627,0.939453125,0.9508895874023438,0.489017516374588,0.7096879482269287
033628,0.966796875,0.9671071171760559,0.8748388290405273,0.8385047316551208
033631,0.953369140625,0.9568105936050415,0.6543781161308289,0.6151784062385559
033633,0.2774251401424408,0.3696705102920532,0.19284793734550476,0.3878211975097656
033634,0.323974609375,0.4064067006111145,0.2550044059753418,0.590674638748169
033635,0.703369140625,0.703369140625,0.8588406443595886,0.8588406443595886
033636,0.946533203125,0.9521735310554504,0.6577322483062744,0.8168095946311951
033638,0.0,0.012500000186264515,0.0,0.019423726946115494
033639,0.962158203125,0.9624080061912537,0.8420895934104919,0.7098075151443481
033640,0.9444172978401184,0.9522151350975037,0.7589633464813232,0.935325562953949
033642,0.9673665165901184,0.9676533341407776,1.0,0.9960020780563354
033643,0.701904296875,0.703951358795166,0.8110315203666687,0.8463306427001953
033645,0.323974609375,0.34212377667427063,0.2550044059753418,0.2712215185165405
033646,0.966796875,0.9669867753982544,0.7653606534004211,0.5715213418006897
033647,0.9375,0.94091796875,0.7171369194984436,0.8061134815216064
033649,0.580322265625,0.5851424932479858,0.86592036485672,0.6388362646102905
033650,0.0,0.11796875298023224,0.0,0.18737831711769104
033652,0.520263671875,0.5208742618560791,0.5620065331459045,0.6534055471420288
033654,0.393798828125,0.44226720929145813,0.690318763256073,0.7792887091636658
033656,0.9507649540901184,0.9554679989814758,0.6379934549331665,0.7326960563659668
033657,0.9673665165901184,0.9676657319068909,1.0,0.8319918513298035
033662,0.51953125,0.5957489013671875,0.3754834830760956,0.6682049036026001
033664,0.95703125,0.957594096660614,0.7039180397987366,0.7051437497138977
033665,0.9668782353401184,0.9673480987548828,0.892719030380249,0.9641202092170715
033666,0.951904296875,0.9596290588378906,0.7122209072113037,0.9289313554763794
033669,0.659423828125,0.6620659828186035,0.8254533410072327,0.8212862610816956
033672,0.4375,0.5364421606063843,0.30545666813850403,0.4513719379901886
033673,0.946533203125,0.9527382850646973,0.6577322483062744,0.6986983418464661
033676,0.4375,0.505126953125,0.30545666813850403,0.4695086181163788
033677,0.606689453125,0.6413713693618774,0.5334192514419556,0.7460195422172546
033678,0.951171875,0.9571958184242249,0.6074502468109131,0.835016131401062
033679,0.701171875,0.7033828496932983,0.7871269583702087,0.8417090177536011
033683,0.556884765625,0.6050872802734375,0.5407800078392029,0.7516183257102966
033684,0.9673665165901184,0.96769779920578,0.8748590350151062,0.8853050470352173
033687,0.940673828125,0.9421758651733398,1.0,1.0
033688,0.9507649540901184,0.9509881138801575,0.974961519241333,0.9700695276260376
033689,0.967041015625,0.9677910804748535,0.8122885227203369,0.8876338601112366
033690,0.584228515625,0.5848624110221863,0.6245770454406738,0.786450207233429
033692,0.939453125,0.9463653564453125,0.7473011612892151,0.9196027517318726
033694,0.956298828125,0.9602546691894531,0.8195018768310547,0.8864777088165283
033696,0.619873046875,0.6246158480644226,0.6602633595466614,0.773001492023468
033697,0.9375,0.9526011347770691,0.4692787230014801,0.8132138252258301
033699,0.520263671875,0.5208659172058105,0.5620065331459045,0.7122573256492615
033700,0.943115234375,0.9444169998168945,0.9849443435668945,0.9856202602386475
033702,0.953369140625,0.9562456607818604,0.912726640701294,0.9224003553390503
033703,0.9375,0.9375,0.6545500159263611,0.6098703742027283
033708,0.943359375,0.9454545974731445,0.6040917634963989,0.5770226716995239
033709,0.703369140625,0.7068554162979126,0.7838867902755737,0.803413450717926
033710,0.212890625,0.3330947160720825,0.28110769391059875,0.6910065412521362
033711,0.531982421875,0.584257185459137,0.39804574847221375,0.5790046453475952
033712,0.508056640625,0.5149632692337036,0.5334192514419556,0.7209417819976807
033713,0.16796875,0.22505474090576172,0.18026001751422882,0.26226264238357544
033716,0.0,0.13805805146694183,0.0,0.3097175657749176
033717,0.3125,0.3208949565887451,0.23463936150074005,0.29134401679039
033718,0.455078125,0.5650619268417358,0.33298835158348083,0.6551171541213989
033719,0.9444172978401184,0.9559457302093506,0.544137716293335,0.6607410311698914
033720,0.09375,0.1143798828125,0.10882609337568283,0.15034520626068115
033721,0.571533203125,0.5785041451454163,0.43686550855636597,0.5907992720603943
033722,0.0,0.0,0.0,0.0
033725,0.0,0.18521995842456818,0.0,0.37901178002357483
033726,0.501953125,0.5110756754875183,0.3273671567440033,0.43158411979675293
033728,0.520263671875,0.5205597877502441,0.6423966884613037,0.6570794582366943
033729,0.488037109375,0.5926209092140198,0.2856633961200714,0.6616749167442322
033730,0.701904296875,0.7098150849342346,0.5307213068008423,0.5849885940551758
033731,0.505615234375,0.5169183015823364,0.427834689617157,0.5442717671394348
033733,0.939453125,0.9466342926025391,0.5589672327041626,0.6366692781448364
033734,0.9673665165901184,0.9676365256309509,0.8748590350151062,0.8139240145683289
033737,0.9673665165901184,0.9678158760070801,0.8748590350151062,0.9160553216934204
033738,0.03125,0.2335488498210907,0.022562257945537567,0.28726834058761597
033739,0.956298828125,0.9587094187736511,1.0,0.9393075108528137
033740,0.967041015625,0.9672220349311829,1.0,1.0
033741,0.3599446713924408,0.4308878481388092,0.3001289367675781,0.5203739404678345
033742,0.9444172978401184,0.950820803642273,0.544137716293335,0.6785223484039307
033743,0.4700520932674408,0.4773333966732025,0.3563140034675598,0.43273916840553284
033744,0.219970703125,0.31568068265914917,0.18348374962806702,0.40455836057662964
033746,0.967041015625,0.9676081538200378,0.9284793138504028,0.954561710357666
033749,0.953369140625,0.960357129573822,0.6543781161308289,0.774270236492157
033751,0.2044270783662796,0.35184597969055176,0.16733194887638092,0.5605719089508057
033752,0.959228515625,0.959919273853302,0.7631344795227051,0.9171591997146606
033753,0.966796875,0.9676144123077393,0.7653606534004211,0.91176837682724
033754,0.967041015625,0.9676852226257324,0.8122885227203369,0.9452709555625916
033755,0.5757649540901184,0.5816365480422974,0.49943602085113525,0.6582260727882385
033756,0.962158203125,0.9624485969543457,0.8420895934104919,0.7466155290603638
033757,0.9375,0.952360987663269,0.4692787230014801,0.5254072546958923
033758,0.499755859375,0.5839073061943054,0.4098700284957886,0.5845663547515869
033763,0.953369140625,0.9564762115478516,0.912726640701294,0.7773434519767761
033764,0.956298828125,0.9599102735519409,0.8195018768310547,0.8598536849021912
033765,0.560546875,0.5868070125579834,0.8838695287704468,0.8161041140556335
033766,0.374755859375,0.461664080619812,0.3454500138759613,0.5715571045875549
033768,0.584228515625,0.5850107669830322,0.6245770454406738,0.782715380191803
033770,0.9668782353401184,0.9675012826919556,0.7810032963752747,0.7044989466667175
033771,0.9673665165901184,0.9676591157913208,1.0,0.9461104273796082
033772,0.518798828125,0.582567036151886,0.4535067081451416,0.6924375891685486
033776,0.951904296875,0.9571133852005005,0.7122209072113037,0.7756581902503967
033778,0.9668782353401184,0.9674069285392761,0.892719030380249,0.9383126497268677
033781,0.953369140625,0.9592388868331909,0.6543781161308289,0.7737445831298828
033782,0.365234375,0.4461437463760376,0.26521679759025574,0.4626973569393158
033783,0.584228515625,0.5847803354263306,0.7139173746109009,0.763428807258606
033784,0.706298828125,0.7082120180130005,0.7139173746109009,0.5919764637947083
033785,0.951171875,0.9578168988227844,0.6074502468109131,0.6638665795326233
033786,0.947998046875,0.9542650580406189,0.6841284036636353,0.7778058648109436
033791,0.580322265625,0.6258361339569092,0.4618985950946808,0.522387683391571
033792,0.48828125,0.48922199010849,0.5307213068008423,0.561996340751648
033793,0.584228515625,0.5848334431648254,0.6245770454406738,0.7395626306533813
033794,0.9375,0.9495187401771545,0.4692787230014801,0.6799574494361877
033795,0.968017578125,0.9680599570274353,1.0,0.9294402599334717
033796,0.946533203125,0.9533218145370483,0.6577322483062744,0.81222003698349
033798,0.1458333432674408,0.2610732614994049,0.12516115605831146,0.4053220748901367
033800,0.943115234375,0.9548003673553467,0.5359453558921814,0.7492702603340149
033802,0.5757649540901184,0.5804946422576904,0.49943602085113525,0.5224465131759644
033803,0.953369140625,0.9578937888145447,0.6543781161308289,0.7452638149261475
033804,0.1106770858168602,0.29719316959381104,0.07485900819301605,0.4635011553764343
033807,0.951171875,0.951171875,0.694340705871582,0.6267699599266052
033808,0.393798828125,0.462729811668396,0.2789551615715027,0.5780611634254456
033809,0.953369140625,0.9601646065711975,0.7479812502861023,0.7595399618148804
033810,0.16796875,0.2957960367202759,0.12923716008663177,0.37450119853019714
033811,0.556884765625,0.5983975529670715,0.3877114951610565,0.4954671561717987
033812,0.706298828125,0.7097916603088379,0.871160089969635,0.8944451808929443
033813,0.940673828125,0.9536200761795044,0.5768473744392395,0.6767333149909973
033814,0.47265625,0.5160471796989441,0.5698384642601013,0.6567866802215576
033817,0.556884765625,0.6089972257614136,0.4431702494621277,0.723529577255249
033818,0.556884765625,0.6084496378898621,0.4431702494621277,0.5827917456626892
033822,0.48828125,0.4889637529850006,0.6066363453865051,0.7426477074623108
033824,0.968017578125,0.9680633544921875,1.0,0.9498438835144043
033825,0.953369140625,0.9579727053642273,0.6543781161308289,0.7000840902328491
033827,0.9466145634651184,0.9482625126838684,0.8844688534736633,0.946239709854126
033829,0.712158203125,0.7125394940376282,0.8569586873054504,0.8270726203918457
033833,0.393798828125,0.42921173572540283,0.38908666372299194,0.46314287185668945
033834,0.939453125,0.9463422894477844,0.5589672327041626,0.6062633395195007
033835,0.261474609375,0.3129945993423462,0.2789600193500519,0.34883594512939453
033836,0.962158203125,0.9624915719032288,0.9625431895256042,0.8584855794906616
033837,0.939453125,0.9497596025466919,0.6820816993713379,0.8269140720367432
033839,0.943359375,0.9490503072738647,0.6040917634963989,0.6704578995704651
033841,0.606689453125,0.6498674750328064,0.46666663885116577,0.6350710391998291
033842,0.967041015625,0.9678100943565369,0.8122885227203369,0.8178720474243164
033843,0.706298828125,0.7101088762283325,0.7139173746109009,0.7870967984199524
033845,0.344482421875,0.39511507749557495,0.38908666372299194,0.5446164608001709
033846,0.5757649540901184,0.5820269584655762,0.49943602085113525,0.6883883476257324
033848,0.9673665165901184,0.9675236940383911,1.0,0.7890491485595703
033849,0.939453125,0.9535106420516968,0.489017516374588,0.565801739692688
033850,0.9444172978401184,0.9536293148994446,0.544137716293335,0.7187435030937195
033851,0.393798828125,0.41324105858802795,0.5977610945701599,0.4708559513092041
033853,0.508056640625,0.5135132670402527,0.46666663885116577,0.5900134444236755
033855,0.633056640625,0.6390517354011536,0.5862115621566772,0.7949060201644897
033858,0.967041015625,0.9675841331481934,0.8122885227203369,0.7478253245353699
033860,0.966796875,0.9675086736679077,0.7653606534004211,0.8637564778327942
033863,0.432373046875,0.43829819560050964,0.4040961265563965,0.5267845392227173
033864,0.46875,0.47265905141830444,0.3384338617324829,0.3291415274143219
033868,0.943115234375,0.9548459649085999,0.5359453558921814,0.7624550461769104
033869,0.4375,0.4375,0.33466389775276184,0.2790343463420868
033872,0.968017578125,0.9680679440498352,1.0,0.9306851029396057
033874,0.9668782353401184,0.9674469232559204,0.7810032963752747,0.7328565716743469
033875,0.9673665165901184,0.9675864577293396,1.0,0.8242542743682861
033876,0.47265625,0.5491442680358887,0.3039627969264984,0.5383204221725464
033879,0.14453125,0.2524527609348297,0.14805001020431519,0.359952449798584
033881,0.701171875,0.7069494128227234,0.7184317708015442,0.79758220911026
033883,0.968017578125,0.9680570960044861,1.0,0.8743922710418701
033884,0.3059895932674408,0.41610777378082275,0.23244215548038483,0.4806044399738312
033885,0.962158203125,0.9624038338661194,0.9625431895256042,0.7956861853599548
033886,0.4375,0.476318359375,0.30545666813850403,0.415019690990448
033888,0.951904296875,0.9573577046394348,0.7122209072113037,0.705490231513977
033889,0.968017578125,0.968058168888092,1.0,0.9106737375259399
033891,0.9673665165901184,0.967729926109314,0.8748590350151062,0.7989928126335144
033893,0.9673665165901184,0.9678449034690857,0.8748590350151062,0.8935951590538025
033895,0.263671875,0.27192384004592896,0.90728360414505,0.9790188074111938
033897,0.968017578125,0.9680567383766174,1.0,0.8068797588348389
033899,0.966796875,0.9676047563552856,0.7653606534004211,0.7951818108558655
033900,0.9673665165901184,0.9678469300270081,0.8748590350151062,0.9711926579475403
033901,0.956298828125,0.9610668420791626,0.8195018768310547,0.909565806388855
033902,0.967041015625,0.967507541179657,0.8122885227203369,0.7470843195915222
033903,0.304931640625,0.4045633375644684,0.2789600193500519,0.519923210144043
033904,0.568359375,0.5795022249221802,0.3899376392364502,0.7017197608947754
033906,0.9673665165901184,0.9677326083183289,0.8748590350151062,0.8153992295265198
033908,0.701904296875,0.7098740339279175,0.6066363453865051,0.7663293480873108
033909,0.953369140625,0.9602826833724976,0.6543781161308289,0.8017647862434387
033912,0.706298828125,0.7110494375228882,0.6245770454406738,0.6855766773223877
033914,0.9668782353401184,0.967437207698822,0.892719030380249,0.8152235150337219
033915,0.966796875,0.9671013355255127,0.8748388290405273,0.860316276550293
033916,0.9673665165901184,0.967902660369873,0.8748590350151062,0.8758338689804077
033917,0.956298828125,0.9594326615333557,1.0,0.9472428560256958
033920,0.701904296875,0.706449568271637,0.7402501106262207,0.8509442806243896
033922,0.968017578125,0.968041718006134,1.0,0.839356541633606
033924,0.951171875,0.9539168477058411,0.6074502468109131,0.5224495530128479
033925,0.956298828125,0.9606584906578064,0.7169486284255981,0.8809933066368103
033927,0.947998046875,0.9544860124588013,0.5985158681869507,0.6832453012466431
033929,0.9507649540901184,0.957541823387146,0.7292529344558716,0.8916106224060059
033930,0.571533203125,0.5774009227752686,0.6093400716781616,0.6751651167869568
033931,0.968017578125,0.9680773615837097,1.0,0.8715829253196716
033932,0.9673665165901184,0.9678463935852051,0.8748590350151062,0.9345362186431885
033933,0.393798828125,0.45219093561172485,0.31885725259780884,0.41170528531074524
033934,0.48828125,0.48912906646728516,0.5307213068008423,0.7460150122642517
033936,0.606689453125,0.650032639503479,0.5334192514419556,0.753383994102478
033937,0.951904296875,0.9573081135749817,0.7122209072113037,0.8017338514328003
033939,0.9673665165901184,0.9678943157196045,0.8748590350151062,0.8590481877326965
033940,0.959228515625,0.9599239826202393,0.7631344795227051,0.8253768682479858
033941,0.967041015625,0.9678183197975159,0.8122885227203369,0.9521873593330383
033945,0.953369140625,0.9553748369216919,0.7479812502861023,0.6318787932395935
033947,0.967041015625,0.9676728844642639,0.9284793138504028,0.9596635699272156
033949,0.9388020634651184,0.9516906142234802,0.48492133617401123,0.7204532027244568
033951,0.488037109375,0.5717769265174866,0.398443341255188,0.7106994986534119
033952,0.393798828125,0.44435355067253113,0.38908666372299194,0.5456579327583313
033954,0.951171875,0.9551970958709717,0.694340705871582,0.6347846984863281
033955,0.946533203125,0.9536751508712769,0.575423002243042,0.7880764603614807
033958,0.962158203125,0.9625016450881958,0.8420895934104919,0.7653173804283142
033959,0.9375,0.9375,0.4692787230014801,0.32263633608818054
033962,0.531982421875,0.5893928408622742,0.3482339084148407,0.5029184818267822
033963,0.94140625,0.9486446380615234,0.7200049757957458,0.7701774835586548
033964,0.968017578125,0.9680578112602234,1.0,0.9379748106002808
033966,0.968017578125,0.968056321144104,1.0,0.9162701368331909
033967,0.9668782353401184,0.9672358632087708,0.892719030380249,0.9764125943183899
033969,0.580322265625,0.6306829452514648,0.4618985950946808,0.6954244375228882
033971,0.580322265625,0.6427703499794006,0.4040961265563965,0.6338987946510315
033974,0.95703125,0.9571482539176941,0.7039180397987366,0.622660756111145
033976,0.947998046875,0.9545265436172485,0.5985158681869507,0.679033100605011
033977,0.95703125,0.9575413465499878,0.7039180397987366,0.7031357884407043
033978,0.9673665165901184,0.9678479433059692,0.8748590350151062,0.9447592496871948
033980,0.947998046875,0.9534578919410706,0.6841284036636353,0.7928837537765503
033981,0.9673665165901184,0.9678053855895996,0.8748590350151062,0.7882479429244995
033984,0.962158203125,0.9621953964233398,0.8420895934104919,0.6096324324607849
033985,0.951904296875,0.9599565267562866,0.6230928897857666,0.6429374814033508
033986,0.706298828125,0.7099482417106628,0.6245770454406738,0.8244098424911499
033990,0.967041015625,0.967628002166748,0.9284793138504028,0.9117783904075623
033991,0.968017578125,0.9680591821670532,1.0,0.8958929777145386
033992,0.967041015625,0.9676722288131714,0.8122885227203369,0.902621328830719
033993,0.967041015625,0.967678427696228,0.8122885227203369,0.798922061920166
033994,0.556884765625,0.6194391846656799,0.3877114951610565,0.6280734539031982
033995,0.966796875,0.9674970507621765,0.8748388290405273,0.9221352338790894
033998,0.967041015625,0.967692494392395,0.8122885227203369,0.8746210336685181
034000,0.9375,0.9486863613128662,0.5364049673080444,0.7062327861785889
034001,0.323974609375,0.39118242263793945,0.3111700117588043,0.4999852776527405
034003,0.9673665165901184,0.967597246170044,0.8748590350151062,0.7415669560432434
034004,0.469970703125,0.47414588928222656,0.5407800078392029,0.5515406727790833
034005,0.962158203125,0.9626083374023438,0.8420895934104919,0.9450955986976624
034006,0.967041015625,0.9678016304969788,0.8122885227203369,0.8349097967147827
034007,0.9673665165901184,0.9678221940994263,0.8748590350151062,0.9171730875968933
034008,0.14453125,0.17547607421875,0.16220630705356598,0.2004707008600235
034010,0.619873046875,0.6265278458595276,0.4733748733997345,0.5608293414115906
034011,0.959228515625,0.9598072171211243,0.7631344795227051,0.8652175068855286
034013,0.967041015625,0.9673512578010559,1.0,0.9273809790611267
034014,0.966796875,0.9677457809448242,0.7653606534004211,0.8238784074783325
034020,0.962158203125,0.9624871015548706,0.9625431895256042,0.8730288147926331
034021,0.953369140625,0.9602201581001282,0.7479812502861023,0.8794652223587036
034022,0.9668782353401184,0.9676221609115601,0.7810032963752747,0.7685625553131104
034023,0.712158203125,0.71250981092453,0.7497180104255676,0.6520512700080872
034024,0.510498046875,0.5163258910179138,0.49935534596443176,0.684526264667511
034026,0.9466145634651184,0.9535989761352539,0.5787770748138428,0.7372590899467468
034027,0.968017578125,0.9680588841438293,1.0,0.8774136900901794
034028,0.3125,0.3208102583885193,0.2682024836540222,0.3533281981945038
034030,0.393798828125,0.4257654547691345,0.42629045248031616,0.45017802715301514
034032,0.393798828125,0.47514867782592773,0.2789551615715027,0.45701664686203003
034033,0.968017578125,0.9680708646774292,1.0,0.9501798748970032
034034,0.9673665165901184,0.9679079055786133,0.8748590350151062,0.9526561498641968
034037,0.962158203125,0.9624038338661194,0.9625431895256042,0.9172537922859192
034038,0.606689453125,0.6220598220825195,1.0,0.9966059327125549
034039,0.967041015625,0.967561662197113,0.9284793138504028,0.9072933793067932
034042,0.263671875,0.3006874620914459,0.4707868993282318,0.5012999773025513
034043,0.966796875,0.9672128558158875,0.8748388290405273,0.9389751553535461
034045,0.967041015625,0.967697024345398,0.8122885227203369,0.8850187659263611
034047,0.95703125,0.9577054381370544,0.7039180397987366,0.756518542766571
034048,0.9673665165901184,0.9677844643592834,0.8748590350151062,0.8174029588699341
034050,0.968017578125,0.9680322408676147,1.0,0.8249403834342957
034051,0.9466145634651184,0.9509756565093994,0.6615661382675171,0.5852135419845581
034052,0.966796875,0.967374324798584,0.7653606534004211,0.6997100710868835
034054,0.962158203125,0.9625963568687439,0.8420895934104919,0.8321430087089539
034055,0.455078125,0.5307188034057617,0.23873552680015564,0.3071881830692291
034056,0.968017578125,0.9680363535881042,1.0,0.974888026714325
034058,0.9673665165901184,0.9678476452827454,0.8748590350151062,0.9527269601821899
034060,0.505615234375,0.5132596492767334,0.427834689617157,0.4505555331707001
034061,0.393798828125,0.44888928532600403,0.42629045248031616,0.6281074285507202
034062,0.943115234375,0.9528073072433472,0.5359453558921814,0.726679265499115
034063,0.956298828125,0.9592239260673523,0.7169486284255981,0.7017228603363037
034065,0.967041015625,0.9678047895431519,0.8122885227203369,0.6956997513771057
034068,0.939453125,0.9536290168762207,0.5589672327041626,0.8321965932846069
034070,0.959228515625,0.9599945545196533,0.7631344795227051,0.8668275475502014
034071,0.706298828125,0.7080516219139099,0.7139173746109009,0.630668580532074
034072,0.956298828125,0.9595963954925537,0.7169486284255981,0.7633170485496521
034074,0.304931640625,0.3097207248210907,1.0,0.9857341051101685
034075,0.1875,0.1875,0.14342738687992096,0.1350831836462021
034076,0.469970703125,0.47997963428497314,0.3877114951610565,0.6071459650993347
034078,0.701171875,0.7064911723136902,0.5887562036514282,0.6682536602020264
034080,0.518798828125,0.5646179914474487,0.8046129941940308,0.9067846536636353
034081,0.959228515625,0.9596327543258667,0.7631344795227051,0.7926852703094482
034083,0.947998046875,0.9538970589637756,0.6841284036636353,0.7895326018333435
034084,0.505615234375,0.5152305960655212,0.37429502606391907,0.49168065190315247
034087,0.9668782353401184,0.9676657915115356,0.7810032963752747,0.7532711029052734
034088,0.633056640625,0.6375005841255188,0.5862115621566772,0.6756865978240967
034089,0.3599446713924408,0.42408642172813416,0.5626510977745056,0.728571355342865
034090,0.962158203125,0.962158203125,0.9625431895256042,0.9625431895256042
034091,0.25390625,0.2994958758354187,0.25817668437957764,0.3139573931694031
034092,0.703369140625,0.7080701589584351,0.6423966884613037,0.6662135720252991
034093,0.956298828125,0.9602816700935364,0.8195018768310547,0.9324110150337219
034094,0.9668782353401184,0.9671515822410583,0.892719030380249,0.7535922527313232
034095,0.959228515625,0.9595772624015808,0.7631344795227051,0.7079176902770996
034096,0.580322265625,0.5936192274093628,1.0,0.9864590167999268
034097,0.9507649540901184,0.95597904920578,0.7292529344558716,0.7963317632675171
034099,0.957763671875,0.9582338333129883,0.7236568927764893,0.5868639349937439
034101,0.9444172978401184,0.9529685378074646,0.6219719052314758,0.7207494378089905
034102,0.946533203125,0.9517039060592651,0.8026000261306763,0.8139016032218933
034103,0.3599446713924408,0.4309835731983185,0.36623337864875793,0.6172640323638916
034104,0.967041015625,0.9676162004470825,0.8122885227203369,0.9149577021598816
034105,0.365234375,0.41715002059936523,0.23202729225158691,0.34007760882377625
034106,0.9388020634651184,0.9466010332107544,0.6763683557510376,0.8411037921905518
034107,0.5757649540901184,0.5828063488006592,0.49943602085113525,0.7528505921363831
034108,0.499755859375,0.5457825660705566,0.3358892798423767,0.40074655413627625
034112,0.943115234375,0.9547229409217834,0.5359453558921814,0.8117015957832336
034113,0.9673665165901184,0.967894971370697,0.8748590350151062,0.9220412373542786
034116,0.953369140625,0.9584495425224304,0.6543781161308289,0.7899954915046692
034117,0.580322265625,0.6436147093772888,0.4618985950946808,0.7129203081130981
034122,0.968017578125,0.9680529236793518,1.0,0.9091821312904358
034123,0.9673665165901184,0.9677268862724304,1.0,0.9666078090667725
034128,0.9673665165901184,0.9677001237869263,0.8748590350151062,0.9002171754837036
034129,0.9673665165901184,0.9679017663002014,0.8748590350151062,0.9199572801589966
034130,0.633056640625,0.6343955993652344,0.7837249636650085,0.7963072061538696
034131,0.962158203125,0.962308406829834,0.8420895934104919,0.7836908102035522
034132,0.962158203125,0.9625253081321716,0.9625431895256042,0.8504619598388672
034133,0.0,0.02428036741912365,0.0,0.02864963188767433
034136,0.956298828125,0.9611334800720215,0.7169486284255981,0.8440939784049988
034139,0.966796875,0.9674531817436218,0.7653606534004211,0.8097175359725952
034140,0.9673665165901184,0.9676387310028076,0.8748590350151062,0.7111267447471619
034141,0.580322265625,0.6325814127922058,0.5636333227157593,0.7876765131950378
034142,0.9444172978401184,0.9548370242118835,0.544137716293335,0.7276134490966797
034144,0.953369140625,0.9602271318435669,0.7479812502861023,0.8725404143333435
034146,0.966796875,0.9675608277320862,0.7653606534004211,0.7848885655403137
034147,0.959228515625,0.9599785804748535,0.7631344795227051,0.9092888236045837
034148,0.9375,0.9405381679534912,0.5364049673080444,0.4514511823654175
034149,0.962158203125,0.962502658367157,0.9625431895256042,0.9426421523094177
034150,0.946533203125,0.9552067518234253,0.575423002243042,0.7858226299285889
034153,0.703369140625,0.7076330184936523,0.5620065331459045,0.6064640879631042
034155,0.957763671875,0.9585657119750977,0.7236568927764893,0.8523802161216736
034157,0.9673665165901184,0.9678264260292053,0.8748590350151062,0.8185213208198547
034158,0.956298828125,0.9611712694168091,0.7169486284255981,0.8661398887634277
034160,0.947998046875,0.9557228088378906,0.6841284036636353,0.901265025138855
034162,0.712158203125,0.7124045491218567,0.7497180104255676,0.6426448822021484
034164,0.701171875,0.706448495388031,0.5150786638259888,0.5250237584114075
034165,0.518798828125,0.5754870772361755,0.3251410126686096,0.5294823050498962
034166,0.703369140625,0.7089031934738159,0.5620065331459045,0.6699089407920837
034169,0.968017578125,0.968050479888916,1.0,0.7254456877708435
034173,0.957763671875,0.9584832191467285,0.7236568927764893,0.8514159917831421
034174,0.2122395932674408,0.30309849977493286,0.19284793734550476,0.40688660740852356
034175,0.947998046875,0.9535140991210938,0.8348100185394287,0.9306467175483704
034179,0.606689453125,0.6429963707923889,0.5334192514419556,0.6774715781211853
034182,0.95703125,0.9576929807662964,0.8046074509620667,0.761421799659729
034186,0.967041015625,0.9676522016525269,0.8122885227203369,0.9467816948890686
034187,0.967041015625,0.9674763083457947,0.8122885227203369,0.7554816007614136
034188,0.962158203125,0.9626067280769348,0.8420895934104919,0.8844484686851501
034189,0.967041015625,0.9675328135490417,0.8122885227203369,0.9198272824287415
034190,0.469970703125,0.4732353091239929,0.5407800078392029,0.5328183770179749
034191,0.46875,0.47762876749038696,0.3384338617324829,0.5526338815689087
034192,0.505615234375,0.5127952098846436,0.427834689617157,0.5289515256881714
034193,0.956298828125,0.960210382938385,0.7169486284255981,0.8250523805618286
034194,0.9673665165901184,0.967530369758606,1.0,0.9951599836349487
034195,0.560546875,0.6214697360992432,0.3571682572364807,0.4716027081012726
034197,0.951904296875,0.9571407437324524,0.7122209072113037,0.7515691518783569
034198,0.9507649540901184,0.9557395577430725,0.7292529344558716,0.8068808317184448
034199,0.393798828125,0.42787954211235046,0.31885725259780884,0.33158960938453674
034200,0.490234375,0.5498626828193665,0.6884825229644775,0.8953569531440735
034201,0.61328125,0.6218383312225342,0.4536360800266266,0.6755900382995605
034203,0.962158203125,0.9625600576400757,0.8420895934104919,0.8937310576438904
034204,0.957763671875,0.9581267237663269,0.7236568927764893,0.731683611869812
034205,0.9668782353401184,0.9674704074859619,0.7810032963752747,0.8293460011482239
034207,0.701171875,0.703369140625,0.7184317708015442,0.8202506899833679
034209,0.957763671875,0.958659827709198,0.7236568927764893,0.8400513529777527
034210,0.166259765625,0.2603297531604767,0.14805001020431519,0.35557636618614197
034211,0.46875,0.4840855896472931,0.29608190059661865,0.5290712714195251
034216,0.166259765625,0.2667410671710968,0.16220630705356598,0.3972192704677582
034219,0.946533203125,0.9539270401000977,0.6577322483062744,0.7666260004043579
034220,0.365234375,0.4406249523162842,0.26521679759025574,0.3975539803504944
034221,0.940673828125,0.9484238028526306,0.5046601295471191,0.5072762966156006
034222,0.947998046875,0.9523538947105408,0.5985158681869507,0.5959634184837341
034223,0.0625,0.1615542769432068,0.09622055292129517,0.4777486026287079
034224,0.520263671875,0.520717978477478,0.5620065331459045,0.5447424650192261
034227,0.4700520932674408,0.4841054379940033,0.3563140034675598,0.6737918257713318
034229,0.9673665165901184,0.9678979516029358,0.8748590350151062,0.9045835137367249
034230,0.701904296875,0.7085204720497131,0.5307213068008423,0.6731168031692505
034231,0.606689453125,0.6285699009895325,0.5334192514419556,0.5277639627456665
034236,0.959228515625,0.9598380923271179,0.7631344795227051,0.7883897423744202
034237,0.34765625,0.3539813160896301,0.293855756521225,0.3682272136211395
034242,0.943359375,0.9479961395263672,0.7371450066566467,0.7713629007339478
034243,0.44140625,0.449226051568985,0.3284950852394104,0.3999783396720886
034244,0.1875,0.38792169094085693,0.09385573863983154,0.43956419825553894
034245,0.263671875,0.4206523895263672,0.17496776580810547,0.4083729088306427
034250,0.947998046875,0.9508028626441956,0.6841284036636353,0.5833682417869568
034251,0.469970703125,0.4797304570674896,0.4431702494621277,0.6163227558135986
034252,0.0,0.0267857164144516,0.0,0.04405885189771652
034253,0.606689453125,0.606689453125,1.0,1.0
034254,0.9673665165901184,0.9677269458770752,0.8748590350151062,0.9260078072547913
034255,0.30078125,0.3574186861515045,0.3454500138759613,0.5401160717010498
034257,0.968017578125,0.9680213928222656,1.0,1.0
034259,0.21875,0.35630229115486145,0.13817155361175537,0.5093868374824524
034260,0.267578125,0.3831882178783417,0.16945679485797882,0.4862169921398163
034261,0.9375,0.9414169192314148,0.7171369194984436,0.7652075886726379
034262,0.968017578125,0.968062162399292,1.0,0.9920791983604431
034265,0.946533203125,0.953977644443512,0.575423002243042,0.7174220681190491
034266,0.959228515625,0.9596271514892578,0.8722942471504211,0.8169360756874084
034268,0.953369140625,0.9581969380378723,0.7479812502861023,0.8281543850898743
034274,0.9673665165901184,0.9678471684455872,0.8748590350151062,0.9559346437454224
034275,0.633056640625,0.6399727463722229,0.5128524899482727,0.6417909264564514
034276,0.951904296875,0.9564374089241028,0.7122209072113037,0.7066812515258789
034277,0.706298828125,0.7101388573646545,0.7139173746109009,0.8021882772445679
034281,0.9466145634651184,0.9542632102966309,0.6615661382675171,0.8352044820785522
034283,0.1106770858168602,0.19845327734947205,0.10441335290670395,0.18776261806488037
034284,0.967041015625,0.967642068862915,0.8122885227203369,0.8043198585510254
034285,0.959228515625,0.9597371220588684,0.7631344795227051,0.6377321481704712
034286,0.46875,0.4731665253639221,0.3384338617324829,0.36781907081604004
034287,0.505615234375,0.5172308087348938,0.37429502606391907,0.6367235779762268
034288,0.2122395932674408,0.267047643661499,0.19284793734550476,0.2686508297920227
034289,0.95703125,0.9578312635421753,0.7039180397987366,0.8425992131233215
034290,0.946533203125,0.9534584283828735,0.6577322483062744,0.8487157225608826
034291,0.9466145634651184,0.9532475471496582,0.6615661382675171,0.8603365421295166
034294,0.9375,0.9466583132743835,0.5364049673080444,0.6637784242630005
034295,0.35546875,0.36955684423446655,0.3039627969264984,0.507594108581543
034296,0.503173828125,0.5162630081176758,0.3430097699165344,0.4500883221626282
034300,0.393798828125,0.445811003446579,0.38908666372299194,0.539942741394043
034301,0.61328125,0.6200950145721436,0.4536360800266266,0.5142564177513123
034302,0.9673665165901184,0.9677597880363464,1.0,0.9944354295730591
034304,0.968017578125,0.9680582284927368,1.0,0.9176815748214722
034307,0.48828125,0.4892340302467346,0.5307213068008423,0.7401251196861267
034311,0.946533203125,0.9537657499313354,0.6577322483062744,0.8593844771385193
034312,0.9673665165901184,0.9677383303642273,0.8748590350151062,0.8439968824386597
034315,0.943359375,0.9531601071357727,0.6040917634963989,0.8610129952430725
034316,0.959228515625,0.9597786664962769,0.7631344795227051,0.8902543783187866
034317,0.962158203125,0.9625516533851624,0.8420895934104919,0.8966301679611206
034319,0.4700520932674408,0.47131094336509705,0.500285804271698,0.515272855758667
034320,0.508056640625,0.5125570297241211,0.5334192514419556,0.6957631707191467
034325,0.450927734375,0.4606100022792816,0.39804574847221375,0.6140310764312744
034327,0.962158203125,0.9626020193099976,0.8420895934104919,0.8373499512672424
034330,0.706298828125,0.71114182472229,0.6245770454406738,0.8176270723342896
034332,0.9673665165901184,0.9677584767341614,0.8748590350151062,0.888740599155426
034333,0.9375,0.9470232129096985,0.4692787230014801,0.6965053081512451
034334,0.263671875,0.3160201907157898,0.37880125641822815,0.5936911702156067
034335,0.619873046875,0.627662181854248,0.5410870313644409,0.7644243836402893
034336,0.431884765625,0.4873588979244232,0.4763599932193756,0.6963123083114624
034337,0.967041015625,0.9674139022827148,0.9284793138504028,0.8315565586090088
034338,0.47265625,0.4848981499671936,0.8178747296333313,0.9140952825546265
034339,0.25390625,0.2681884765625,0.5692896842956543,0.5977952480316162
034341,0.47265625,0.47555238008499146,0.5961002111434937,0.6298841834068298
034342,0.967041015625,0.9677350521087646,0.8122885227203369,0.9245020151138306
034347,0.956298828125,0.959936797618866,0.8195018768310547,0.862212061882019
034348,0.962158203125,0.962640643119812,0.8420895934104919,0.8806707859039307
034351,0.9673665165901184,0.9676870703697205,0.8748590350151062,0.9289276599884033
034352,0.568359375,0.5805104970932007,0.3899376392364502,0.5749953389167786
034354,0.212890625,0.24859619140625,0.67329341173172,0.8453658819198608
034356,0.3059895932674408,0.3684743344783783,0.23244215548038483,0.30017998814582825
034358,0.968017578125,0.9680615663528442,1.0,0.9272130131721497
034362,0.518798828125,0.6102195978164673,0.3716495931148529,0.6669135093688965
034363,0.619873046875,0.6258813738822937,0.4733748733997345,0.5916711091995239
034364,0.560546875,0.6192250847816467,0.4082580804824829,0.6932175159454346
034365,0.501953125,0.505615234375,0.525390625,0.6289459466934204
034368,0.571533203125,0.5773114562034607,0.5378206372261047,0.7050824165344238
034369,0.5757649540901184,0.5820634961128235,0.49943602085113525,0.7767992615699768
034371,0.94140625,0.9447536468505859,0.8970906734466553,0.9519225358963013
034374,0.701904296875,0.7030930519104004,0.6066363453865051,0.5887843370437622
034375,0.0,0.16796875,0.0,0.36001163721084595
034376,0.4375,0.5585556030273438,0.2503223121166229,0.4246673285961151
034378,0.95703125,0.9573597311973572,0.8665862679481506,0.9119988679885864
034379,0.962158203125,0.9625368118286133,0.8420895934104919,0.8690270781517029
034380,0.09375,0.1565653532743454,0.0676867738366127,0.1463157832622528
034383,0.0,0.2415003478527069,0.0,0.2614242136478424
034384,0.9668782353401184,0.9677794575691223,0.7810032963752747,0.7466449737548828
034385,0.47265625,0.5828323364257812,0.3039627969264984,0.5220744609832764
034389,0.966796875,0.9673094153404236,0.7653606534004211,0.6844317317008972
034390,0.959228515625,0.9595338106155396,0.8722942471504211,0.8875507712364197
034391,0.706298828125,0.7102062106132507,0.6245770454406738,0.7093026041984558
034393,0.580322265625,0.6436194181442261,0.4040961265563965,0.5803228616714478
034395,0.263671875,0.4198220670223236,0.15307211875915527,0.2632983326911926
034396,0.455078125,0.5122252702713013,0.5907889604568481,0.8360643982887268
034397,0.951171875,0.9542480707168579,0.8472716808319092,0.6735742688179016
034399,0.0,0.0062500000931322575,0.0,0.023411396890878677
034400,0.967041015625,0.9675857424736023,0.8122885227203369,0.8491501212120056
034401,0.9673665165901184,0.9679014682769775,0.8748590350151062,0.948878824710846
034402,0.9673665165901184,0.9678976535797119,0.8748590350151062,0.8979983925819397
034403,0.943115234375,0.9498797655105591,0.6597968339920044,0.8047524094581604
034404,0.9466145634651184,0.9502760767936707,0.8072783350944519,0.8964914083480835
034405,0.197998046875,0.26147639751434326,0.42267662286758423,0.6710551977157593
034406,0.300537109375,0.40463200211524963,0.24733662605285645,0.5035772323608398
034407,0.956298828125,0.961097240447998,0.7169486284255981,0.7940385937690735
034408,0.0625,0.0625,0.06545499712228775,0.04651981592178345
034409,0.966796875,0.9672190546989441,0.8748388290405273,0.7565420866012573
034410,0.94140625,0.9498326182365417,0.5162065625190735,0.655832827091217
034415,0.39453125,0.39974313974380493,0.37281090021133423,0.4973035454750061
034417,0.712158203125,0.7126844525337219,0.7497180104255676,0.8436005711555481
034418,0.966796875,0.967467725276947,0.7653606534004211,0.8229784965515137
034420,0.712158203125,0.712158203125,0.8569586873054504,0.8569586873054504
034421,0.1875,0.28271484375,0.16310739517211914,0.4107624292373657
034422,0.501953125,0.50469970703125,0.6016255021095276,0.6759108901023865
034423,0.968017578125,0.9680606722831726,1.0,0.9693615436553955
034425,0.365234375,0.4027252197265625,0.4972013831138611,0.5867571830749512
034432,0.959228515625,0.9599171280860901,0.7631344795227051,0.7850890159606934
034433,0.9444172978401184,0.9524911642074585,0.6219719052314758,0.7539708614349365
034435,0.3125,0.31546348333358765,0.40776848793029785,0.4234924912452698
034437,0.939453125,0.9494657516479492,0.489017516374588,0.7652400732040405
034438,0.5694172978401184,0.5741594433784485,0.4055802822113037,0.38146665692329407
034439,0.0,0.008928571827709675,0.0,0.03893350437283516
034441,0.966796875,0.9674304723739624,0.7653606534004211,0.6936226487159729
034443,0.39453125,0.40083760023117065,0.4261382520198822,0.6533582210540771
034444,0.469970703125,0.48006653785705566,0.3877114951610565,0.5500333309173584
034445,0.939453125,0.9536566734313965,0.489017516374588,0.6811079382896423
034448,0.2122395932674408,0.2584044337272644,0.36153164505958557,0.6042514443397522
034449,0.962158203125,0.9624249935150146,0.8420895934104919,0.7043262124061584
034450,0.967041015625,0.9672226905822754,0.8122885227203369,0.7077608108520508
034451,0.490234375,0.6005179286003113,0.3180091083049774,0.527674674987793
034454,0.968017578125,0.9680769443511963,1.0,0.9302613139152527
034457,0.3599446713924408,0.4505920112133026,0.26257050037384033,0.5449835658073425
034458,0.9668782353401184,0.967575192451477,0.7810032963752747,0.901336669921875
034460,0.968017578125,0.9680662751197815,1.0,0.9453403353691101
034461,0.23046875,0.3559132516384125,0.214540034532547,0.488316148519516
034462,0.712158203125,0.7125750780105591,0.7497180104255676,0.7835139036178589
034463,0.9466145634651184,0.9532750248908997,0.6615661382675171,0.8672215342521667
034464,0.0,0.04257812723517418,0.0,0.040118034929037094
034470,0.21875,0.2387346625328064,0.42495885491371155,0.5333518385887146
034471,0.584228515625,0.5849847793579102,0.6245770454406738,0.8057116270065308
034472,0.4375,0.44453126192092896,0.5419421792030334,0.5534390211105347
034473,0.9673665165901184,0.9678077101707458,0.8748590350151062,0.9100461602210999
034474,0.95703125,0.9574334025382996,0.8046074509620667,0.756649911403656
034475,0.23046875,0.3459213376045227,0.214540034532547,0.6317079067230225
034476,0.9673665165901184,0.9677581191062927,1.0,0.9595179557800293
034478,0.1458333432674408,0.1775342971086502,0.3367719352245331,0.5403397679328918
034479,0.659423828125,0.6642535924911499,0.5918076038360596,0.823529064655304
034480,0.47265625,0.553460419178009,0.3709116578102112,0.717660665512085
034481,0.488037109375,0.5573335886001587,0.398443341255188,0.6103660464286804
034482,0.39453125,0.3967437744140625,0.5199966430664062,0.6183815002441406
034483,0.959228515625,0.9595706462860107,0.8722942471504211,0.774193525314331
034484,0.943115234375,0.9527879357337952,0.6126077175140381,0.7379137873649597
034485,0.706298828125,0.7084617614746094,0.871160089969635,0.8861388564109802
034487,0.619873046875,0.6279231905937195,0.4733748733997345,0.7436667084693909
034488,0.951171875,0.9546424746513367,0.694340705871582,0.709733247756958
034489,0.9388020634651184,0.9506415128707886,0.5542851090431213,0.8366338610649109
034493,0.95703125,0.9570719599723816,0.8046074509620667,0.6814367771148682
034495,0.3059895932674408,0.3344169557094574,0.625433623790741,0.6848432421684265
034499,0.4375,0.4940152168273926,0.30545666813850403,0.4158620834350586
034500,0.962158203125,0.9625066518783569,0.9625431895256042,0.9587681889533997
034501,0.300537109375,0.40310126543045044,0.30181336402893066,0.6264846920967102
034502,0.703369140625,0.7081413865089417,0.7838867902755737,0.8663881421089172
034503,0.4375,0.514746904373169,0.4692787528038025,0.7017778158187866
034504,0.580322265625,0.6433038115501404,0.4040961265563965,0.7230944633483887
034506,0.9375,0.94482421875,0.5777241587638855,0.7599758505821228
034507,0.46875,0.4772510528564453,0.3384338617324829,0.5972937345504761
034508,0.3599446713924408,0.4256844222545624,0.3001289367675781,0.48416265845298767
034509,0.701904296875,0.7048003077507019,0.7402501106262207,0.8208329677581787
034510,0.567138671875,0.6395169496536255,0.37281090021133423,0.6400272846221924
034512,0.23828125,0.3994109630584717,0.16092148423194885,0.6142474412918091
034514,0.46875,0.47226205468177795,0.3384338617324829,0.38696610927581787
034515,0.304931640625,0.304931640625,1.0,1.0
034516,0.94140625,0.9440983533859253,0.8970906734466553,0.9432965517044067
034517,0.956298828125,0.96117103099823,0.7169486284255981,0.9242401123046875
034518,0.3125,0.3148437440395355,0.3585684597492218,0.4140537679195404
034519,0.956298828125,0.9596571922302246,1.0,0.9441977739334106
034520,0.951904296875,0.956784725189209,0.6230928897857666,0.6496481895446777
034524,0.12109375,0.138946533203125,0.24055138230323792,0.26105913519859314
034525,0.499755859375,0.5559110045433044,0.7271926999092102,0.9060543179512024
034526,0.959228515625,0.9594020843505859,0.8722942471504211,0.9092515707015991
034527,0.659423828125,0.6625190377235413,0.6764605641365051,0.761852502822876
034528,0.450927734375,0.4625152051448822,0.3482339084148407,0.6248984932899475
034532,0.432373046875,0.43902772665023804,0.4618985950946808,0.6727671027183533
034533,0.9466145634651184,0.9510635137557983,0.8072783350944519,0.7365188002586365
034534,0.712158203125,0.7125449776649475,0.8569586873054504,0.8360269665718079
034536,0.9375,0.9375,0.5364049673080444,0.4124077558517456
034538,0.953369140625,0.9546820521354675,0.7479812502861023,0.7211861610412598
034539,0.02083333395421505,0.22635698318481445,0.017880165949463844,0.47158482670783997
034540,0.455078125,0.5238800048828125,0.5115761756896973,0.7114159464836121
034541,0.95703125,0.9574416875839233,0.7039180397987366,0.5550353527069092
034542,0.469970703125,0.4773419499397278,0.4431702494621277,0.6174045205116272
034543,0.510498046875,0.5156478881835938,0.49935534596443176,0.5881136655807495
034544,0.943359375,0.9515336155891418,0.6040917634963989,0.7588741183280945
034545,0.9466145634651184,0.9513805508613586,0.8072783350944519,0.9291223287582397
034546,0.9673665165901184,0.967901349067688,0.8748590350151062,0.9401571154594421
034547,0.431884765625,0.4662960469722748,0.4763599932193756,0.5111971497535706
034550,0.5694172978401184,0.5780383348464966,0.4635950028896332,0.7069022059440613
034553,0.560546875,0.6134085059165955,0.4981783330440521,0.5846964716911316
034555,0.9444172978401184,0.9542272090911865,0.544137716293335,0.7860363721847534
034556,0.940673828125,0.9469578862190247,0.5768473744392395,0.6685158014297485
034558,0.469970703125,0.4751937985420227,0.5407800078392029,0.5406301617622375
034559,0.09375,0.20396791398525238,0.0676867738366127,0.2645220458507538
034562,0.606689453125,0.6457828283309937,0.46666663885116577,0.6650269627571106
034563,0.9673665165901184,0.9678487181663513,0.8748590350151062,0.8925289511680603
034564,0.606689453125,0.6358673572540283,0.6509066820144653,0.7545405626296997
034565,0.712158203125,0.7125327587127686,0.7497180104255676,0.7071748971939087
034566,0.703369140625,0.7038154602050781,0.6423966884613037,0.6205421090126038
034567,0.365234375,0.37237548828125,0.789595901966095,0.8354477286338806
034570,0.943359375,0.9477316737174988,0.8076295852661133,0.8451282382011414
034573,0.943115234375,0.9474680423736572,0.819014847278595,0.8779029250144958
034574,0.9673665165901184,0.967400848865509,1.0,0.9578917622566223
034575,0.9673665165901184,0.9678078889846802,0.8748590350151062,0.9018353223800659
034577,0.3059895932674408,0.3961825370788574,0.2033541053533554,0.44388365745544434
034578,0.706298828125,0.706298828125,0.871160089969635,0.8246655464172363
034580,0.499755859375,0.5753991603851318,0.293855756521225,0.6641380190849304
034581,0.701904296875,0.7099079489707947,0.5307213068008423,0.7823535799980164
034582,0.374755859375,0.4647422432899475,0.24766992032527924,0.5750861167907715
034589,0.9444172978401184,0.9561331868171692,0.544137716293335,0.8814874291419983
034590,0.706298828125,0.7094017267227173,0.7139173746109009,0.7166154384613037
034594,0.712158203125,0.712563157081604,0.7497180104255676,0.7451242804527283
034596,0.967041015625,0.9673978090286255,0.8122885227203369,0.6794723868370056
034597,0.9507649540901184,0.9557901620864868,0.6379934549331665,0.7418830990791321
034600,0.962158203125,0.9625331163406372,0.9625431895256042,0.8793655037879944
034602,0.567138671875,0.5920510292053223,0.7988805174827576,0.943218469619751
034603,0.568359375,0.5768365263938904,0.4457148313522339,0.5384361147880554
034604,0.490234375,0.5982762575149536,0.42515653371810913,0.7256811261177063
034605,0.957763671875,0.9582952260971069,0.8271697163581848,0.8906247019767761
034607,0.939453125,0.9469833374023438,0.6820816993713379,0.8922853469848633
034609,0.146728515625,0.2284209430217743,0.3333333134651184,0.6345540285110474
034610,0.953369140625,0.9587877988815308,0.7479812502861023,0.8143956661224365
034611,0.9466145634651184,0.9472737908363342,0.6615661382675171,0.5572447776794434
034612,0.0,0.05078125,0.0,0.09148819744586945
034613,0.951171875,0.9576099514961243,0.694340705871582,0.8808258175849915
034616,0.556884765625,0.5762708783149719,0.3877114951610565,0.33163946866989136
034617,0.659423828125,0.6634254455566406,0.5918076038360596,0.737941563129425
034618,0.703369140625,0.7102726697921753,0.5620065331459045,0.7306585907936096
034619,0.571533203125,0.58149653673172,0.49935534596443176,0.7240092158317566
034621,0.34765625,0.35802486538887024,0.293855756521225,0.5237805247306824
034622,0.9673665165901184,0.9678015112876892,0.8748590350151062,0.9513935446739197
034623,0.703369140625,0.7103501558303833,0.5620065331459045,0.7640600800514221
034625,0.9507649540901184,0.9555628895759583,0.7292529344558716,0.7809470295906067
034626,0.1875,0.3542039394378662,0.10728099197149277,0.42028093338012695
034627,0.967041015625,0.967315137386322,1.0,0.9638556241989136
034628,0.1458333432674408,0.20138098299503326,0.23463937640190125,0.38642579317092896
034630,0.300537109375,0.32171985507011414,0.6655102372169495,0.7336302995681763
034631,0.323974609375,0.42808330059051514,0.2550044059753418,0.6307000517845154
034632,0.5694172978401184,0.5809510350227356,0.4055802822113037,0.6471108794212341
034633,0.5694172978401184,0.5791968703269958,0.4635950028896332,0.7318736910820007
034642,0.9507649540901184,0.9558394551277161,0.6379934549331665,0.6708625555038452
034643,0.957763671875,0.9586531519889832,0.7236568927764893,0.8686333894729614
034644,0.520263671875,0.5209855437278748,0.5620065331459045,0.7331089973449707
034645,0.633056640625,0.6393521428108215,0.5128524899482727,0.7531760931015015
034646,0.14453125,0.20346610248088837,0.32645606994628906,0.5150517225265503
034647,0.2774251401424408,0.34102463722229004,0.8435737490653992,0.9698387384414673
034648,0.344482421875,0.3720145523548126,0.690318763256073,0.7343302965164185
034649,0.659423828125,0.6629958748817444,0.8254533410072327,0.8532662391662598
034650,0.520263671875,0.5211573243141174,0.5620065331459045,0.752643883228302
034651,0.46875,0.4802238345146179,0.3384338617324829,0.5322245359420776
034652,0.09375,0.1426996886730194,0.29608193039894104,0.6267708539962769
034653,0.584228515625,0.5846397876739502,0.6245770454406738,0.7009784579277039
034655,0.432373046875,0.43656009435653687,0.5636333227157593,0.6287019848823547
034658,0.962158203125,0.9624659419059753,0.8420895934104919,0.8656866550445557
034659,0.659423828125,0.6641885638237,0.6764605641365051,0.7414609789848328
034660,0.968017578125,0.9680404663085938,1.0,0.7407901287078857
034662,0.953369140625,0.9602303504943848,0.6543781161308289,0.657579779624939
034663,0.46875,0.4732871651649475,0.4129750728607178,0.43606099486351013
034666,0.9673665165901184,0.9676376581192017,0.8748590350151062,0.7745355367660522
034667,0.939453125,0.940826416015625,0.8987017273902893,0.9531146883964539
034668,0.951171875,0.959513783454895,0.694340705871582,0.9143866300582886
034675,0.323974609375,0.42705368995666504,0.3111700117588043,0.644503653049469
034676,0.0,0.16450758278369904,0.0,0.49229201674461365
034678,0.701904296875,0.7039642333984375,0.7402501106262207,0.6053649187088013
034680,0.1875,0.25859373807907104,0.31939393281936646,0.6076969504356384
034682,0.0,0.133928582072258,0.0,0.18957991898059845
034683,0.510498046875,0.5161536931991577,0.43686550855636597,0.6638421416282654
034684,0.9673665165901184,0.9678857922554016,0.8748590350151062,0.8656190037727356
034685,0.25390625,0.34328871965408325,0.21157628297805786,0.5928625464439392
034686,0.46875,0.4788011610507965,0.4129750728607178,0.6256977319717407
034688,0.703369140625,0.7037261724472046,0.7838867902755737,0.746107280254364
034690,0.365234375,0.41058045625686646,0.5741883516311646,0.7761226296424866
034692,0.951904296875,0.9587730765342712,0.7122209072113037,0.8288202881813049
034693,0.943115234375,0.9443771243095398,0.819014847278595,0.7220650315284729
034695,0.966796875,0.9675850868225098,0.7653606534004211,0.8353084921836853
034696,0.956298828125,0.9575908780097961,0.7169486284255981,0.6123029589653015
034697,0.9673665165901184,0.9673665165901184,1.0,1.0
034698,0.3599446713924408,0.4189807176589966,0.40125197172164917,0.6399528384208679
034700,0.580322265625,0.6200526356697083,0.5636333227157593,0.7663493156433105
034701,0.712158203125,0.7126302719116211,0.7497180104255676,0.8698431253433228
034702,0.0,0.012500000186264515,0.0,0.09364787489175797
034703,0.967041015625,0.9678111672401428,0.8122885227203369,0.8183456063270569
034704,0.953369140625,0.953369140625,1.0,1.0
034707,0.967041015625,0.9673658609390259,0.9284793138504028,0.9628919363021851
034708,0.505615234375,0.5129774808883667,0.5220667123794556,0.6424290537834167
034711,0.9388020634651184,0.9475539326667786,0.6763683557510376,0.8510445952415466
034714,0.584228515625,0.5847169756889343,0.7139173746109009,0.6771762371063232
034715,0.959228515625,0.9593772888183594,0.8722942471504211,0.7692203521728516
034716,0.9375,0.9523383378982544,0.4692787230014801,0.5069124698638916
034719,0.02083333395421505,0.0428059920668602,0.028747543692588806,0.08316059410572052
034720,0.95703125,0.9579925537109375,0.7039180397987366,0.7874346375465393
034721,0.953369140625,0.955936849117279,0.7479812502861023,0.6949052214622498
034723,0.520263671875,0.5209506750106812,0.5620065331459045,0.6299601793289185
034724,0.951171875,0.9597221612930298,0.694340705871582,0.8888256549835205
034725,0.5757649540901184,0.5795556902885437,0.5708760023117065,0.5367639064788818
034726,0.962158203125,0.962547779083252,0.8420895934104919,0.7491006255149841
034727,0.0625,0.14030781388282776,0.15642623603343964,0.5298931002616882
034732,0.568359375,0.5766655206680298,0.4457148313522339,0.5794330835342407
034735,0.940673828125,0.9539825916290283,0.5768473744392395,0.7987412810325623
034736,0.94140625,0.9494297504425049,0.5162065625190735,0.6018282175064087
034737,0.956298828125,0.9578298926353455,1.0,0.833719789981842
034738,0.962158203125,0.9622543454170227,0.8420895934104919,0.7403681874275208
034739,0.701171875,0.7082756161689758,0.5887562036514282,0.6763936877250671
034743,0.606689453125,0.6181973814964294,1.0,0.8085607886314392
034745,0.9375,0.9375,0.5364049673080444,0.48744434118270874
034746,0.0625,0.2160143405199051,0.03576033189892769,0.3316911458969116
034752,0.619873046875,0.6257569789886475,0.5410870313644409,0.7163912057876587
034753,0.5757649540901184,0.5757649540901184,0.763222336769104,0.7188202142715454
034756,0.951904296875,0.956366777420044,0.8690900206565857,0.8604171276092529
034757,0.94140625,0.94140625,0.8970906734466553,0.8970906734466553
034759,0.951904296875,0.9567731618881226,0.7122209072113037,0.7173527479171753
034760,0.9388020634651184,0.9472061395645142,0.48492133617401123,0.5600146055221558
034761,0.09375,0.22260741889476776,0.12689225375652313,0.3988882303237915
034763,0.9507649540901184,0.9561749696731567,0.7292529344558716,0.8284018039703369
034764,0.712158203125,0.712597668170929,0.7497180104255676,0.7824015617370605
034767,0.959228515625,0.959998369216919,0.7631344795227051,0.8624287843704224
034769,0.706298828125,0.7106382250785828,0.6245770454406738,0.8149752616882324
034770,0.962158203125,0.9624201655387878,0.9625431895256042,0.8717263340950012
034771,0.5757649540901184,0.5780791640281677,0.5708760023117065,0.5046514272689819
034775,0.9673665165901184,0.9678047299385071,0.8748590350151062,0.781244695186615
034779,0.431884765625,0.431884765625,0.8451594114303589,0.8451594114303589
034781,0.943115234375,0.950818657875061,0.5359453558921814,0.5783780217170715
034783,0.23046875,0.28362393379211426,0.38063758611679077,0.48328348994255066
034784,0.09375,0.20917196571826935,0.0904926061630249,0.4654606878757477
034785,0.450927734375,0.45801985263824463,0.3482339084148407,0.422600120306015
034787,0.571533203125,0.5753005743026733,0.6676040887832642,0.7146424055099487
034791,0.12109375,0.2617906928062439,0.10909166932106018,0.4275084137916565
034792,0.9466145634651184,0.9511327147483826,0.6615661382675171,0.6355671286582947
034793,0.02083333395421505,0.18701156973838806,0.021818332374095917,0.3118669092655182
034794,0.619873046875,0.6254926919937134,0.5410870313644409,0.5758569836616516
034798,0.432373046875,0.44037890434265137,0.4040961265563965,0.5397117137908936
034801,0.4778645932674408,0.4864714443683624,0.4055802822113037,0.7124724388122559
034802,0.304931640625,0.4055023193359375,0.20000000298023224,0.3114752173423767
034804,0.44921875,0.5577844977378845,0.23463936150074005,0.582673192024231
034805,0.951171875,0.9557114243507385,0.8472716808319092,0.9319974780082703
034806,0.560546875,0.6210705637931824,0.4981783330440521,0.7310450077056885
034807,0.701171875,0.7029277086257935,0.7184317708015442,0.8061243891716003
034808,0.701171875,0.701171875,0.8266482949256897,0.8091511130332947
034810,0.9444172978401184,0.9515236616134644,0.7589633464813232,0.7758129835128784
034811,0.956298828125,0.9598879218101501,0.7169486284255981,0.7362650632858276
034813,0.5694172978401184,0.5807509422302246,0.4635950028896332,0.5899919867515564
034814,0.962158203125,0.9626789093017578,0.8420895934104919,0.7983099222183228
034815,0.943359375,0.9525360465049744,0.6040917634963989,0.8452008962631226
034817,0.953369140625,0.9582486152648926,0.7479812502861023,0.6986109018325806
034818,0.951171875,0.9521135687828064,0.9282863140106201,0.97609543800354
034820,0.263671875,0.3520856499671936,0.2660166919231415,0.5378623604774475
034821,0.520263671875,0.5205637216567993,0.5620065331459045,0.4859754741191864
034822,0.3125,0.320947527885437,0.23463936150074005,0.34120047092437744
034823,0.9466145634651184,0.9550483226776123,0.5787770748138428,0.6084595322608948
034824,0.0625,0.2609492838382721,0.04692786931991577,0.31386125087738037
034825,0.9673665165901184,0.9677388072013855,1.0,0.9904977083206177
034826,0.966796875,0.9677360653877258,0.7653606534004211,0.7801259160041809
034827,0.09375,0.28544366359710693,0.0904926061630249,0.3638917803764343
034828,0.943359375,0.9463348388671875,0.7371450066566467,0.6198948621749878
034829,0.962158203125,0.9622650146484375,0.8420895934104919,0.6346505284309387
034830,0.166259765625,0.31300097703933716,0.14805001020431519,0.5212223529815674
034831,0.953369140625,0.9548196792602539,1.0,0.9961210489273071
034833,0.701171875,0.7088298797607422,0.5887562036514282,0.757010281085968
034836,0.388427734375,0.3953847885131836,0.3716495931148529,0.422983855009079
034837,0.4778645932674408,0.48420992493629456,0.4635950028896332,0.5317351222038269
034840,0.48828125,0.48846435546875,0.5307213068008423,0.5052304863929749
034841,0.946533203125,0.9530266523361206,0.6577322483062744,0.7344692945480347
034845,0.228759765625,0.228759765625,1.0,1.0
034846,0.9444172978401184,0.9525713920593262,0.544137716293335,0.5489845275878906
034850,0.946533203125,0.9547175168991089,0.575423002243042,0.7078165411949158
034851,0.951171875,0.9539593458175659,0.694340705871582,0.64224773645401
034852,0.267578125,0.33756446838378906,0.16945679485797882,0.23887866735458374
034854,0.633056640625,0.6382777094841003,0.5128524899482727,0.7242646813392639
034858,0.968017578125,0.9680649638175964,1.0,0.9722676873207092
034859,0.580322265625,0.6422237157821655,0.5636333227157593,0.735591471195221
034860,0.0625,0.21912112832069397,0.04692786931991577,0.39606454968452454
034861,0.508056640625,0.5149042010307312,0.5334192514419556,0.6631225943565369
034862,0.962158203125,0.962368369102478,0.9625431895256042,0.8735257983207703
034865,0.956298828125,0.9600620269775391,0.7169486284255981,0.7692416906356812
034866,0.9673665165901184,0.9677560329437256,1.0,0.9289878606796265
034869,0.3059895932674408,0.3934101164340973,0.2836383283138275,0.5787591338157654
034872,0.9668782353401184,0.9676230549812317,0.7810032963752747,0.7381464838981628
034873,0.94140625,0.94696044921875,0.7200049757957458,0.7692325711250305
034876,0.4778645932674408,0.4797872006893158,0.5657033920288086,0.5980583429336548
034877,0.9668782353401184,0.9675981402397156,0.7810032963752747,0.9313058853149414
034880,0.4375,0.4867187440395355,0.4692787528038025,0.6508205533027649
034888,0.510498046875,0.514305830001831,0.6676040887832642,0.7212901711463928
034889,0.571533203125,0.5774058699607849,0.6093400716781616,0.6611493825912476
034891,0.9466145634651184,0.9475072026252747,0.6615661382675171,0.6701144576072693
034892,0.962158203125,0.9625985622406006,0.8420895934104919,0.7782095670700073
034894,0.95703125,0.9576044082641602,0.8046074509620667,0.7428414225578308
034895,0.9673665165901184,0.967603325843811,1.0,0.8800114989280701
034896,0.953369140625,0.9559308886528015,0.7479812502861023,0.7158381938934326
034897,0.0,0.1202256977558136,0.0,0.22308233380317688
034898,0.712158203125,0.7123011946678162,0.8569586873054504,0.8436962962150574
034900,0.393798828125,0.475277841091156,0.2789551615715027,0.5863048434257507
034901,0.967041015625,0.9674014449119568,0.8122885227203369,0.7564019560813904
034902,0.712158203125,0.7124657034873962,0.8569586873054504,0.7570559978485107
034904,0.9375,0.940234363079071,0.7171369194984436,0.8138764500617981
034905,0.956298828125,0.956298828125,1.0,1.0
034906,0.5757649540901184,0.5810093879699707,0.5708760023117065,0.6525169014930725
034907,0.469970703125,0.4789585471153259,0.4431702494621277,0.6875143051147461
034908,0.95703125,0.9579730033874512,0.7039180397987366,0.7146363258361816
034909,0.968017578125,0.9680397510528564,1.0,0.7688738107681274
034911,0.703369140625,0.7102877497673035,0.5620065331459045,0.6955351233482361
034915,0.967041015625,0.9673803448677063,0.9284793138504028,0.8657539486885071
034917,0.951171875,0.9583215713500977,0.694340705871582,0.8209661841392517
034923,0.957763671875,0.9583007097244263,0.8271697163581848,0.7629286646842957
034924,0.966796875,0.9674293994903564,0.7653606534004211,0.7470740675926208
034925,0.962158203125,0.9624931812286377,0.8420895934104919,0.7977924346923828
034927,0.19921875,0.32569295167922974,0.19636499881744385,0.542597770690918
034929,0.9388020634651184,0.9502913951873779,0.48492133617401123,0.5857367515563965
034932,0.5757649540901184,0.5757649540901184,0.6966133713722229,0.6594345569610596
034933,0.946533203125,0.9522991180419922,0.6577322483062744,0.7030070424079895
034935,0.490234375,0.5844258666038513,0.3180091083049774,0.5701297521591187
034937,0.956298828125,0.9581230878829956,0.8195018768310547,0.7262513041496277
034938,0.9668782353401184,0.967777669429779,0.7810032963752747,0.9085337519645691
034939,0.943115234375,0.9499558806419373,0.6126077175140381,0.6433629989624023
034940,0.956298828125,0.9572257995605469,1.0,1.0
034942,0.9673665165901184,0.9675441980361938,1.0,0.9491867423057556
034944,0.584228515625,0.584633469581604,0.6245770454406738,0.5964515805244446
034945,0.967041015625,0.9675330519676208,0.8122885227203369,0.858662486076355
034946,0.146728515625,0.3025988042354584,0.11196307837963104,0.4248548746109009
034949,0.968017578125,0.9680437445640564,1.0,0.835427463054657
034950,0.365234375,0.4080459773540497,0.3236317038536072,0.35394737124443054
034952,0.508056640625,0.5135001540184021,0.46666663885116577,0.5412445664405823
034954,0.956298828125,0.9610595107078552,0.7169486284255981,0.7578524947166443
034955,0.701171875,0.7079370021820068,0.5887562036514282,0.6761764287948608
034956,0.9673665165901184,0.9678042531013489,0.8748590350151062,0.7693065404891968
034959,0.962158203125,0.962312638759613,0.9625431895256042,0.7780948877334595
034963,0.35546875,0.3681516647338867,0.3039627969264984,0.5217105746269226
034965,0.967041015625,0.9674906730651855,0.9284793138504028,0.9378605484962463
034973,0.619873046875,0.6239574551582336,0.6602633595466614,0.6239036321640015
034974,0.9507649540901184,0.9535753726959229,0.8898733854293823,0.8977662324905396
034975,0.3125,0.32005760073661804,0.23463936150074005,0.31447020173072815
034978,0.966796875,0.9668239951133728,0.7653606534004211,0.5716931223869324
034979,0.962158203125,0.9625518918037415,0.9625431895256042,0.9303812980651855
034983,0.968017578125,0.9680596590042114,1.0,0.8922866582870483
034985,0.9668782353401184,0.9674915671348572,0.7810032963752747,0.7859866619110107
034986,0.703369140625,0.7092384696006775,0.5620065331459045,0.71213698387146
034987,0.9673665165901184,0.9677876830101013,0.8748590350151062,0.8556604385375977
034991,0.51953125,0.5477280020713806,0.45818498730659485,0.45387259125709534
034992,0.9375,0.9477279186248779,0.5364049673080444,0.7608613967895508
034993,0.95703125,0.9576230049133301,0.7039180397987366,0.8590369820594788
034994,0.967041015625,0.9675870537757874,0.8122885227203369,0.7704737186431885
034996,0.393798828125,0.4676757752895355,0.38908666372299194,0.7018188238143921
034997,0.943115234375,0.9518972635269165,0.5359453558921814,0.6768208742141724
034998,0.966796875,0.967421293258667,0.7653606534004211,0.8009994626045227
034999,0.966796875,0.9671371579170227,0.7653606534004211,0.7575858235359192
035000,0.712158203125,0.7125341892242432,0.7497180104255676,0.7259791493415833
035003,0.568359375,0.5768020153045654,0.4457148313522339,0.540617048740387
035004,0.300537109375,0.36705371737480164,0.24733662605285645,0.3412865400314331
035009,0.967041015625,0.9675970077514648,0.9284793138504028,0.9395382404327393
035010,0.9668782353401184,0.9677733182907104,0.7810032963752747,0.8749874830245972
035011,0.46875,0.4823227822780609,0.3384338617324829,0.5239488482475281
035012,0.9444172978401184,0.9537643194198608,0.7589633464813232,0.9299442768096924
035013,0.962158203125,0.9625040888786316,0.9625431895256042,0.9374367594718933
035014,0.956298828125,0.9583925604820251,1.0,0.8011411428451538
035016,0.703369140625,0.709624707698822,0.5620065331459045,0.810055136680603
035022,0.956298828125,0.959648072719574,1.0,0.9784815311431885
035024,0.951904296875,0.9599425196647644,0.6230928897857666,0.8553158640861511
035026,0.946533203125,0.9544305801391602,0.7083972692489624,0.8172261714935303
035029,0.366455078125,0.3769432008266449,0.3265250623226166,0.5634092688560486
035033,0.962158203125,0.9626790881156921,0.8420895934104919,0.8255928158760071
035036,0.951171875,0.956341028213501,0.8472716808319092,0.9253838658332825
035038,0.967041015625,0.9674286246299744,0.8122885227203369,0.8833414316177368
035042,0.47265625,0.4730089008808136,0.4784300625324249,0.4322933852672577
035044,0.968017578125,0.9680768251419067,1.0,0.9287524223327637
035045,0.659423828125,0.6624375581741333,0.6764605641365051,0.6803970336914062
035047,0.943115234375,0.9545090794563293,0.5359453558921814,0.5408959984779358
035050,0.9375,0.9478321075439453,0.4692787230014801,0.50811368227005
035052,0.9673665165901184,0.967710018157959,1.0,0.9470167756080627
035055,0.968017578125,0.9680570960044861,1.0,0.9305828213691711
035057,0.968017578125,0.9680632948875427,1.0,0.9189674854278564
035061,0.9673665165901184,0.9677532315254211,0.8748590350151062,0.9287652373313904
035063,0.9673665165901184,0.9676086902618408,1.0,0.9136893153190613
035064,0.9507649540901184,0.9538486003875732,0.8898733854293823,0.9117087721824646
035067,0.567138671875,0.5980662703514099,0.9225797057151794,0.9265217781066895
035068,0.962158203125,0.9625601172447205,0.8420895934104919,0.876378059387207
035072,0.94140625,0.9512161016464233,0.5162065625190735,0.6358387470245361
035076,0.505615234375,0.5154585838317871,0.37429502606391907,0.6120650172233582
035078,0.9673665165901184,0.967716634273529,0.8748590350151062,0.900501549243927
035079,0.968017578125,0.9680516123771667,1.0,0.9218550324440002
035080,0.967041015625,0.9677395224571228,0.8122885227203369,0.9292944073677063
035081,0.9673665165901184,0.9676589965820312,1.0,0.8924064636230469
035085,0.967041015625,0.9677382707595825,0.8122885227203369,0.8496310114860535
035092,0.9668782353401184,0.9673179388046265,0.892719030380249,0.8143717050552368
035098,0.953369140625,0.9572402834892273,0.7479812502861023,0.6723614931106567
035100,0.962158203125,0.9624910950660706,0.8420895934104919,0.7852242588996887
035101,0.943115234375,0.9526035189628601,0.5359453558921814,0.6801127195358276
035104,0.962158203125,0.9623964428901672,0.9625431895256042,0.889300525188446
035105,0.712158203125,0.7125179767608643,0.7497180104255676,0.7555879950523376
035108,0.580322265625,0.6127203106880188,0.86592036485672,0.8886864185333252
035112,0.967041015625,0.9675207734107971,0.8122885227203369,0.7253339290618896
035120,0.953369140625,0.9588141441345215,0.7479812502861023,0.8442170023918152
035121,0.947998046875,0.9539268612861633,0.6841284036636353,0.8181448578834534
035123,0.701904296875,0.7099177837371826,0.5307213068008423,0.7200335264205933
035128,0.9673665165901184,0.96767258644104,0.8748590350151062,0.7775909900665283
035130,0.9507649540901184,0.9550074338912964,0.8898733854293823,0.8164840936660767
035135,0.47265625,0.48288846015930176,0.3920743465423584,0.6189860701560974
035137,0.3059895932674408,0.39888858795166016,0.23244215548038483,0.5311478972434998
035138,0.560546875,0.6204652786254883,0.4082580804824829,0.4803134500980377
035140,0.962158203125,0.9624769687652588,0.8420895934104919,0.7431784272193909
035142,0.947998046875,0.9526981115341187,0.6841284036636353,0.6943251490592957
035146,0.9673665165901184,0.9678894877433777,0.8748590350151062,0.8776309490203857
035149,0.606689453125,0.6430273056030273,0.5334192514419556,0.6754874587059021
035151,0.9507649540901184,0.9540650248527527,0.974961519241333,0.9427521228790283
035152,0.567138671875,0.567138671875,1.0,1.0
035154,0.30078125,0.3788243234157562,0.24766992032527924,0.593713104724884
035155,0.959228515625,0.9598042964935303,0.7631344795227051,0.7317478060722351
035158,0.962158203125,0.9624442458152771,0.8420895934104919,0.7198924422264099
035160,0.968017578125,0.9680759906768799,1.0,0.8680766224861145
035162,0.956298828125,0.9610402584075928,0.7169486284255981,0.686197817325592
035167,0.9507649540901184,0.9553157687187195,0.8898733854293823,0.8676800727844238
035168,0.947998046875,0.9545422196388245,0.5985158681869507,0.6497413516044617
035169,0.957763671875,0.9584755301475525,0.7236568927764893,0.7349437475204468
035170,0.703369140625,0.7055703401565552,0.7838867902755737,0.66608065366745
035172,0.962158203125,0.9625882506370544,0.8420895934104919,0.9084289073944092
035173,0.94140625,0.9499724507331848,0.5162065625190735,0.598371684551239
035176,0.967041015625,0.9676397442817688,0.8122885227203369,0.7734425067901611
035180,0.567138671875,0.5990219116210938,0.5199966430664062,0.4585648775100708
035181,0.946533203125,0.9528694152832031,0.6577322483062744,0.6985101103782654
035187,0.968017578125,0.968048632144928,1.0,0.9768532514572144
035190,0.9668782353401184,0.967261552810669,0.892719030380249,0.8528059720993042
035199,0.503173828125,0.5127381682395935,0.3920743465423584,0.5396835207939148
035202,0.951904296875,0.9586263298988342,0.7122209072113037,0.8749653100967407
035203,0.5694172978401184,0.575775146484375,0.4993056654930115,0.6635159254074097
035204,0.957763671875,0.9584431648254395,0.7236568927764893,0.7303452491760254
035206,0.959228515625,0.9597365856170654,0.7631344795227051,0.8617977499961853
035207,0.9444172978401184,0.9525755643844604,0.7589633464813232,0.7600526213645935
035211,0.953369140625,0.958227813243866,0.7479812502861023,0.8492172956466675
035212,0.701904296875,0.7073059678077698,0.7402501106262207,0.7522490620613098
035214,0.943359375,0.954448401927948,0.6040917634963989,0.7766153812408447
035216,0.510498046875,0.5152929425239563,0.6093400716781616,0.667999804019928
035221,0.947998046875,0.9501510858535767,0.9146330952644348,0.8210910558700562
035224,0.959228515625,0.9597577452659607,0.7631344795227051,0.7973962426185608
035225,0.9375,0.9495145678520203,0.4692787230014801,0.6614066958427429
035228,0.9673665165901184,0.9677272439002991,1.0,0.9734792113304138
035232,0.951904296875,0.9549010396003723,0.6230928897857666,0.5558847188949585
035245,0.606689453125,0.6305698156356812,0.6509066820144653,0.7644100785255432
035248,0.968017578125,0.9680371880531311,1.0,0.7232720851898193
035249,0.505615234375,0.5135215520858765,0.37429502606391907,0.5481922030448914
035256,0.712158203125,0.7125777006149292,0.7497180104255676,0.8319506645202637
035261,0.951904296875,0.9561112523078918,0.8690900206565857,0.7503148913383484
035271,0.957763671875,0.9582900404930115,0.7236568927764893,0.6940881013870239
035272,0.959228515625,0.9597870707511902,0.7631344795227051,0.78376704454422
035278,0.968017578125,0.968047022819519,1.0,0.855965256690979
035279,0.9668782353401184,0.9673715829849243,0.7810032963752747,0.7502477765083313
035281,0.39453125,0.40182259678840637,0.37281090021133423,0.6351245641708374
035284,0.9507649540901184,0.95419842004776,0.7292529344558716,0.65846848487854
035285,0.953369140625,0.9576839208602905,0.7479812502861023,0.7829386591911316
035286,0.953369140625,0.9584228992462158,0.912726640701294,0.9403463006019592
035288,0.967041015625,0.9676520824432373,0.8122885227203369,0.8507782220840454
035289,0.939453125,0.948468804359436,0.489017516374588,0.6452128887176514
035293,0.3599446713924408,0.41004103422164917,0.5626510977745056,0.7838726043701172
035294,0.968017578125,0.9680549502372742,1.0,0.9295531511306763
035295,0.712158203125,0.7126092314720154,0.7497180104255676,0.8385718464851379
035299,0.959228515625,0.959228515625,0.9394869804382324,0.9394869804382324
035300,0.968017578125,0.968062162399292,1.0,0.9248975515365601
035305,0.951904296875,0.9582114815711975,0.6230928897857666,0.6747297048568726
035310,0.9673665165901184,0.967735230922699,0.8748590350151062,0.8015221357345581
035312,0.267578125,0.267578125,0.7098097205162048,0.7098097205162048
035314,0.94140625,0.9481543302536011,0.7888506054878235,0.8359155654907227
035315,0.466064453125,0.5722799301147461,0.35480669140815735,0.7140992879867554
035316,0.518798828125,0.5802885890007019,0.3716495931148529,0.6638491749763489
035320,0.962158203125,0.9626962542533875,0.8420895934104919,0.86091148853302
035323,0.9673665165901184,0.9676808714866638,1.0,0.8657950758934021
035332,0.962158203125,0.9622268676757812,0.9625431895256042,0.8106151223182678
035333,0.953369140625,0.9576932191848755,0.7479812502861023,0.8671999573707581
035336,0.968017578125,0.9680520296096802,1.0,0.9470822811126709
035338,0.393798828125,0.48379576206207275,0.38908666372299194,0.6901568174362183
035344,0.450927734375,0.4539162814617157,0.5321600437164307,0.5643138885498047
035345,0.9444172978401184,0.9525150060653687,0.7589633464813232,0.825623095035553
035347,0.962158203125,0.9626908898353577,0.8420895934104919,0.9332496523857117
035348,0.5694172978401184,0.5787056088447571,0.4055802822113037,0.5546835064888
035349,0.9375,0.9375,0.5364049673080444,0.512715756893158
035352,0.9668782353401184,0.9675924181938171,0.7810032963752747,0.9116613864898682
035354,0.953369140625,0.9602614045143127,0.7479812502861023,0.7861073613166809
035355,0.267578125,0.34441807866096497,0.23635835945606232,0.4379788041114807
035359,0.968017578125,0.9680548310279846,1.0,0.8851808309555054
035360,0.968017578125,0.9680516123771667,1.0,0.8508265614509583
035370,0.9673665165901184,0.9675236344337463,0.8748590350151062,0.6858118176460266
035373,0.5757649540901184,0.5797091126441956,0.5708760023117065,0.6034393906593323
035377,0.9673665165901184,0.9676584005355835,0.8748590350151062,0.7938390970230103
035379,0.9673665165901184,0.9675872921943665,1.0,0.9365899562835693
035381,0.4778645932674408,0.4791017770767212,0.5657033920288086,0.5226228833198547
035382,0.9673665165901184,0.9677109718322754,0.8748590350151062,0.7765346765518188
035384,0.508056640625,0.5126222968101501,0.5334192514419556,0.6701978445053101
035389,0.968017578125,0.9680755138397217,1.0,0.8579291701316833
035391,0.951904296875,0.9598067402839661,0.7122209072113037,0.8496614098548889
035395,0.9673665165901184,0.9677277207374573,1.0,0.9672558903694153
035399,0.947998046875,0.9546425938606262,0.6841284036636353,0.7954483032226562
035400,0.946533203125,0.9487895965576172,0.575423002243042,0.4232320785522461
035403,0.706298828125,0.7077344059944153,0.871160089969635,0.7494561076164246
035408,0.967041015625,0.9678234457969666,0.8122885227203369,0.8781400918960571
035414,0.967041015625,0.9675899744033813,0.8122885227203369,0.8078495264053345
035415,0.962158203125,0.9624383449554443,0.8420895934104919,0.7491907477378845
035419,0.712158203125,0.7125901579856873,0.7497180104255676,0.833957850933075
035421,0.9673665165901184,0.9676750302314758,0.8748590350151062,0.7321372032165527
035424,0.5757649540901184,0.5820265412330627,0.49943602085113525,0.7135849595069885
035428,0.520263671875,0.5207812786102295,0.6423966884613037,0.6597873568534851
035430,0.959228515625,0.9598536491394043,0.7631344795227051,0.8459200859069824
035437,0.9668782353401184,0.9677734971046448,0.7810032963752747,0.9034837484359741
035439,0.712158203125,0.7124959826469421,0.8569586873054504,0.861718475818634
035442,0.5757649540901184,0.5825977921485901,0.5708760023117065,0.7308974266052246
035443,0.962158203125,0.9626954197883606,0.8420895934104919,0.8484504222869873
035444,0.966796875,0.9675446152687073,0.7653606534004211,0.7917429804801941
035445,0.959228515625,0.9597721099853516,0.8722942471504211,0.8098136782646179
035446,0.967041015625,0.967667818069458,0.8122885227203369,0.8122501373291016
035448,0.968017578125,0.9680461883544922,1.0,0.8054062724113464
035451,0.706298828125,0.7111749649047852,0.6245770454406738,0.7635949850082397
035452,0.304931640625,0.4080856144428253,0.2789600193500519,0.5587985515594482
035454,0.388427734375,0.4000660181045532,0.3251410126686096,0.6590326428413391
035455,0.953369140625,0.9581111073493958,0.7479812502861023,0.6914243698120117
035463,0.706298828125,0.71114581823349,0.6245770454406738,0.8654930591583252
035465,0.940673828125,0.948268473148346,0.5768473744392395,0.6195179224014282
035466,0.9444172978401184,0.9480726718902588,0.8315341472625732,0.8330735564231873
035472,0.962158203125,0.9626356959342957,0.8420895934104919,0.900185227394104
035473,0.9673665165901184,0.9678966999053955,0.8748590350151062,0.9435563087463379
035474,0.1106770858168602,0.2943773865699768,0.10441335290670395,0.46772319078445435
035475,0.606689453125,0.6408161520957947,0.5334192514419556,0.71953946352005
035476,0.946533203125,0.9540446400642395,0.6577322483062744,0.7279461026191711
035479,0.300537109375,0.40309202671051025,0.3306722342967987,0.6372971534729004
035480,0.951904296875,0.9539785385131836,0.8690900206565857,0.687223494052887
035492,0.951171875,0.9594755172729492,0.6074502468109131,0.5834143161773682
035495,0.962158203125,0.9624851942062378,0.9625431895256042,0.8319473266601562
035496,0.967041015625,0.9674752950668335,0.9284793138504028,0.8335732221603394
035499,0.968017578125,0.9680498242378235,1.0,0.9250685572624207
035504,0.951904296875,0.95613032579422,0.8690900206565857,0.7965863943099976
035506,0.9668782353401184,0.9677575826644897,0.7810032963752747,0.8858487010002136
035508,0.957763671875,0.95851731300354,0.7236568927764893,0.8551706075668335
035514,0.9375,0.9524349570274353,0.4692787230014801,0.5698016285896301
035516,0.943359375,0.9556757211685181,0.5284951329231262,0.6855427026748657
035527,0.228759765625,0.37125077843666077,0.19749616086483002,0.4945179522037506
035529,0.956298828125,0.9595867395401001,0.8195018768310547,0.8825390934944153
035532,0.953369140625,0.9559773206710815,0.7479812502861023,0.7352713942527771
035541,0.946533203125,0.956315815448761,0.575423002243042,0.7157433032989502
035543,0.9668782353401184,0.9675106406211853,0.7810032963752747,0.8547362685203552
035551,0.584228515625,0.5847554206848145,0.7139173746109009,0.8020102977752686
035554,0.501953125,0.5158411860466003,0.3273671567440033,0.4050757586956024
035555,0.9668782353401184,0.9675977826118469,0.892719030380249,0.875392496585846
035557,0.571533203125,0.5798627138137817,0.49935534596443176,0.6839258670806885
035562,0.959228515625,0.9598108530044556,0.7631344795227051,0.685541033744812
035565,0.966796875,0.966845691204071,0.9799711108207703,0.9954675436019897
035566,0.567138671875,0.5983080863952637,0.7988805174827576,0.9456300139427185
035567,0.9668782353401184,0.9676650166511536,0.7810032963752747,0.7468801736831665
035569,0.9673665165901184,0.9676835536956787,0.8748590350151062,0.8195384740829468
035572,0.959228515625,0.9598050713539124,0.7631344795227051,0.7927674651145935
035573,0.968017578125,0.9680664539337158,1.0,0.9147335290908813
035574,0.567138671875,0.6170501112937927,0.7988805174827576,0.9044902920722961
035578,0.946533203125,0.9563410878181458,0.7083972692489624,0.9011607766151428
035583,0.956298828125,0.960397481918335,0.7169486284255981,0.8934210538864136
035586,0.9673665165901184,0.9678165316581726,0.8748590350151062,0.9154790639877319
035588,0.962158203125,0.9625064134597778,0.8420895934104919,0.8581202626228333
035592,0.951904296875,0.9586434960365295,0.6230928897857666,0.7412336468696594
035598,0.488037109375,0.59357750415802,0.2856633961200714,0.5982726216316223
035599,0.951904296875,0.9555091857910156,0.8690900206565857,0.9821845889091492
035605,0.9673665165901184,0.9676940441131592,0.8748590350151062,0.7664913535118103
035606,0.956298828125,0.9611105918884277,0.7169486284255981,0.8604560494422913
035616,0.9388020634651184,0.9388020634651184,0.8911738991737366,0.8696399927139282
035619,0.9507649540901184,0.9576230049133301,0.6379934549331665,0.6394351124763489
035622,0.02083333395421505,0.20155003666877747,0.015642624348402023,0.4017869532108307
035624,0.951904296875,0.9579406380653381,0.7122209072113037,0.7953594923019409
035626,0.956298828125,0.9600892066955566,0.8195018768310547,0.9174244403839111
035628,0.9673665165901184,0.9673665165901184,1.0,1.0
035630,0.953369140625,0.9578050374984741,0.6543781161308289,0.7900485992431641
035635,0.556884765625,0.6123992204666138,0.5407800078392029,0.7911436557769775
035639,0.633056640625,0.6387001276016235,0.5128524899482727,0.6846033334732056
035640,0.956298828125,0.9602521061897278,0.7169486284255981,0.8164849877357483
035642,0.51953125,0.5956886410713196,0.45818498730659485,0.6524521112442017
035643,0.956298828125,0.9604661464691162,0.7169486284255981,0.822969377040863
035645,0.968017578125,0.9680511355400085,1.0,0.8049015998840332
035647,0.968017578125,0.9680553674697876,1.0,0.8522136211395264
035649,0.490234375,0.5649840831756592,0.3180091083049774,0.4497981071472168
035656,0.967041015625,0.9676923155784607,0.8122885227203369,0.9393231272697449
035657,0.940673828125,0.9527667164802551,0.5046601295471191,0.8283684253692627
035658,0.966796875,0.9675592184066772,0.7653606534004211,0.8787668347358704
035659,0.962158203125,0.9623281359672546,0.9625431895256042,0.7633897662162781
035660,0.9444172978401184,0.9528261423110962,0.6219719052314758,0.8243540525436401
035662,0.962158203125,0.9626910090446472,0.8420895934104919,0.898858368396759
035663,0.943115234375,0.9546323418617249,0.6126077175140381,0.7891485095024109
035666,0.962158203125,0.9624300003051758,0.8420895934104919,0.7264363765716553
035677,0.584228515625,0.5845521092414856,0.6245770454406738,0.557733952999115
035679,0.943359375,0.9554070830345154,0.5284951329231262,0.6303262710571289
035680,0.959228515625,0.9596095681190491,0.8722942471504211,0.8883888125419617
035682,0.947998046875,0.952280580997467,0.8348100185394287,0.8520638346672058
035685,0.947998046875,0.9537842273712158,0.5985158681869507,0.7274105548858643
035687,0.966796875,0.9675917625427246,0.7653606534004211,0.8406215310096741
035688,0.968017578125,0.9680772423744202,1.0,0.9009895920753479
035693,0.959228515625,0.9596632719039917,0.8722942471504211,0.766834020614624
035700,0.9673665165901184,0.9676799178123474,1.0,0.9622209072113037
035702,0.959228515625,0.9600014686584473,0.7631344795227051,0.903164267539978
035706,0.951904296875,0.9563284516334534,0.7122209072113037,0.6966646313667297
035709,0.490234375,0.5213344693183899,0.8556691408157349,0.9474605917930603
035713,0.95703125,0.9576231837272644,0.7039180397987366,0.7153873443603516
035720,0.9507649540901184,0.9558132886886597,0.8898733854293823,0.9542922377586365
035721,0.947998046875,0.9536566734313965,0.6841284036636353,0.7793678641319275
035724,0.9375,0.939453125,0.4692787230014801,0.3660546839237213
035725,0.505615234375,0.5113572478294373,0.5220667123794556,0.6981266736984253
035726,0.518798828125,0.5804459452629089,0.6967307925224304,0.9013916254043579
035727,0.951171875,0.951171875,0.694340705871582,0.5484258532524109
035729,0.2774251401424408,0.4276152551174164,0.23532335460186005,0.6098508238792419
035733,0.962158203125,0.9624640941619873,0.9625431895256042,0.8973864316940308
035734,0.947998046875,0.9521528482437134,0.5985158681869507,0.5952715873718262
035738,0.9673665165901184,0.9676669239997864,1.0,0.893153965473175
035744,0.9668782353401184,0.9675657153129578,0.7810032963752747,0.8194785118103027
035752,0.9673665165901184,0.9678999185562134,0.8748590350151062,0.9502466917037964
035753,0.633056640625,0.6371481418609619,0.5862115621566772,0.5705224275588989
035757,0.5757649540901184,0.5793358683586121,0.6966133713722229,0.7207102179527283
035761,0.9673665165901184,0.9678980112075806,0.8748590350151062,0.8120166063308716
035763,0.9673665165901184,0.9679012298583984,0.8748590350151062,0.9520912170410156
035771,0.943359375,0.955691397190094,0.5284951329231262,0.7517371773719788
035772,0.606689453125,0.6486005187034607,0.6509066820144653,0.806948184967041
035773,0.606689453125,0.6325416564941406,1.0,0.795946478843689
035780,0.2044270783662796,0.35943472385406494,0.10949836671352386,0.3470936417579651
035784,0.95703125,0.9574151039123535,0.8046074509620667,0.734326958656311
035786,0.953369140625,0.957910418510437,0.6543781161308289,0.6070255637168884
035787,0.962158203125,0.9624826908111572,0.8420895934104919,0.7331653237342834
035788,0.968017578125,0.9680639505386353,1.0,0.8471049070358276
035789,0.957763671875,0.9584557414054871,0.7236568927764893,0.7089173197746277
035790,0.946533203125,0.9516870379447937,0.8793432712554932,0.9454578161239624
035792,0.967041015625,0.9676535129547119,0.8122885227203369,0.8731189370155334
035797,0.508056640625,0.5138302445411682,0.5334192514419556,0.6663047075271606
035799,0.967041015625,0.9674915075302124,0.8122885227203369,0.7775470018386841
035800,0.703369140625,0.70709627866745,0.5620065331459045,0.560336172580719
035803,0.967041015625,0.9675325155258179,0.8122885227203369,0.7043755650520325
035808,0.953369140625,0.9573842883110046,0.912726640701294,0.7850496768951416
035811,0.560546875,0.6234948039054871,0.4082580804824829,0.6722474694252014
035813,0.02083333395421505,0.1028645858168602,0.06149357929825783,0.39453908801078796
035815,0.431884765625,0.431884765625,0.8451594114303589,0.8451594114303589
035816,0.9507649540901184,0.9507649540901184,0.974961519241333,0.974961519241333
035818,0.606689453125,0.6502170562744141,0.5334192514419556,0.7475918531417847
035819,0.967041015625,0.9676641821861267,0.8122885227203369,0.825538158416748
035820,0.9388020634651184,0.9490403532981873,0.48492133617401123,0.6349278092384338
035823,0.968017578125,0.9680410027503967,1.0,0.7998142242431641
035825,0.1875,0.3633102476596832,0.10728099197149277,0.3469197750091553
035826,0.9444172978401184,0.9540085196495056,0.6219719052314758,0.7445680499076843
035827,0.967041015625,0.96766197681427,0.8122885227203369,0.8833110928535461
035828,0.956298828125,0.9602476358413696,0.7169486284255981,0.7995777726173401
035829,0.967041015625,0.9675478339195251,0.9284793138504028,0.8432261943817139
035830,0.940673828125,0.945436418056488,0.5768473744392395,0.5050375461578369
035832,0.956298828125,0.9611355662345886,0.7169486284255981,0.7838495373725891
035833,0.966796875,0.9674025177955627,0.7653606534004211,0.7327850461006165
035839,0.466064453125,0.5491854548454285,0.2907647490501404,0.629343569278717
035842,0.450927734375,0.4530583918094635,0.5321600437164307,0.524752140045166
035846,0.14453125,0.27958106994628906,0.14805001020431519,0.560011088848114
035847,0.9673665165901184,0.9678952097892761,0.8748590350151062,0.8575409054756165
035849,0.505615234375,0.5080327987670898,0.6504693627357483,0.7056198120117188
035851,0.943359375,0.9514092803001404,0.7371450066566467,0.9155914783477783
035853,0.946533203125,0.9528549313545227,0.8026000261306763,0.9066632390022278
035854,0.943115234375,0.9515382051467896,0.7475366592407227,0.84779953956604
035855,0.956298828125,0.9590157866477966,0.8195018768310547,0.7845413684844971
035856,0.9507649540901184,0.9564104676246643,0.6379934549331665,0.7282810211181641
035857,0.967041015625,0.96773761510849,0.8122885227203369,0.9596030712127686
035858,0.943359375,0.9514354467391968,0.6040917634963989,0.6613830924034119
035859,0.508056640625,0.5125993490219116,0.6509066820144653,0.7116373181343079
035860,0.951171875,0.9557909965515137,0.694340705871582,0.7799105048179626
035861,0.946533203125,0.9510589838027954,0.6577322483062744,0.6406022310256958
035862,0.9673665165901184,0.9677917957305908,0.8748590350151062,0.9657410383224487
035865,0.0625,0.115966796875,0.10646463930606842,0.2727023661136627
035866,0.2774251401424408,0.35686373710632324,0.5188971757888794,0.7368274927139282
035867,0.9375,0.9463328719139099,0.4692787230014801,0.5302661657333374
035868,0.260498046875,0.2742781639099121,0.397238165140152,0.376528263092041
035869,0.9466145634651184,0.9538043141365051,0.5787770748138428,0.8106307983398438
035870,0.9444172978401184,0.9501078128814697,0.7589633464813232,0.82342928647995
035871,0.967041015625,0.9675539135932922,0.8122885227203369,0.7962642908096313
035872,0.967041015625,0.9671600461006165,1.0,0.9951764345169067
035873,0.9668782353401184,0.9673683047294617,0.892719030380249,0.9357329607009888
035874,0.966796875,0.9677494764328003,0.7653606534004211,0.8187482357025146
035875,0.967041015625,0.9677928686141968,0.8122885227203369,0.8166454434394836
035876,0.300537109375,0.36109045147895813,0.30181336402893066,0.5197972059249878
035878,0.35546875,0.3626556396484375,0.3709116578102112,0.5799973011016846
035879,0.962158203125,0.9623543620109558,0.9625431895256042,0.8737133145332336
035881,0.946533203125,0.956548810005188,0.575423002243042,0.6600235104560852
035882,0.959228515625,0.9596442580223083,0.8722942471504211,0.8100215792655945
035883,0.968017578125,0.9680601358413696,1.0,0.9440879225730896
035886,0.263671875,0.263671875,0.7653606534004211,0.7653606534004211
035888,0.212890625,0.33983418345451355,0.1584416627883911,0.36270081996917725
035889,0.946533203125,0.9517104625701904,0.8793432712554932,0.9550331234931946
035890,0.953369140625,0.9590508937835693,0.7479812502861023,0.8078319430351257
035891,0.9673665165901184,0.9675770998001099,1.0,0.9860609769821167
035892,0.946533203125,0.9515346884727478,0.8793432712554932,0.8997633457183838
035893,0.968017578125,0.9680609107017517,1.0,0.907988429069519
035894,0.956298828125,0.9611402750015259,0.7169486284255981,0.8487252593040466
035895,0.490234375,0.5493046641349792,0.38805168867111206,0.4890444576740265
035897,0.606689453125,0.6277946829795837,1.0,1.0
035898,0.947998046875,0.947998046875,0.9605564475059509,0.9605564475059509
035900,0.568359375,0.5748893022537231,0.4457148313522339,0.5054816603660583
035901,0.959228515625,0.9600039124488831,0.7631344795227051,0.8954169154167175
035908,0.9444172978401184,0.955888569355011,0.6219719052314758,0.7958202958106995
035909,0.967041015625,0.9674966931343079,0.8122885227203369,0.8630073070526123
035910,0.9444172978401184,0.9538875222206116,0.544137716293335,0.8323759436607361
035912,0.962158203125,0.9626386761665344,0.8420895934104919,0.9162895083427429
035914,0.9673665165901184,0.967730700969696,0.8748590350151062,0.8091868162155151
035919,0.939453125,0.94036865234375,0.9690036177635193,0.9698097109794617
035920,0.706298828125,0.7083542943000793,0.871160089969635,0.7325557470321655
035921,0.939453125,0.9535941481590271,0.489017516374588,0.6181945204734802
035922,0.968017578125,0.9680773615837097,1.0,0.9400129914283752
035923,0.946533203125,0.9532582759857178,0.6577322483062744,0.7056798338890076
035926,0.967041015625,0.967561662197113,0.9284793138504028,0.976527750492096
035928,0.304931640625,0.4117879867553711,0.34757038950920105,0.6470312476158142
035933,0.939453125,0.939453125,0.7473011612892151,0.7322244048118591
035938,0.9673665165901184,0.9679033160209656,0.8748590350151062,0.8989596366882324
035941,0.939453125,0.9461446404457092,0.7848228216171265,0.9234817624092102
035942,0.959228515625,0.9597086906433105,0.8722942471504211,0.9300881028175354
035943,0.967041015625,0.9673733711242676,0.8122885227203369,0.8109667897224426
035944,0.568359375,0.5742393136024475,0.5958904027938843,0.7032952904701233
035945,0.9466145634651184,0.9491780400276184,0.8072783350944519,0.9160841703414917
035946,0.34765625,0.3518218994140625,0.3358892798423767,0.407196581363678
035948,0.962158203125,0.962456464767456,0.8420895934104919,0.802302360534668
035950,0.304931640625,0.304931640625,1.0,1.0
035953,0.9466145634651184,0.9551118612289429,0.5787770748138428,0.7619630098342896
035955,0.9444172978401184,0.9527505040168762,0.6219719052314758,0.6883704662322998
035956,0.962158203125,0.9625195860862732,0.9625431895256042,0.8506212830543518
035957,0.957763671875,0.9584852457046509,0.7236568927764893,0.8180596232414246
035958,0.3599446713924408,0.42723360657691956,0.36623337864875793,0.6184002161026001
035961,0.508056640625,0.5128134489059448,0.5334192514419556,0.6503479480743408
035962,0.940673828125,0.9496535658836365,0.5768473744392395,0.6397445201873779
035963,0.946533203125,0.9494712352752686,1.0,0.9725653529167175
035964,0.5757649540901184,0.5805615782737732,0.5708760023117065,0.7163836359977722
035965,0.9375,0.9481638073921204,0.5364049673080444,0.5986413955688477
035966,0.606689453125,0.6357839703559875,0.5334192514419556,0.7195299863815308
035967,0.9673665165901184,0.9677413105964661,1.0,0.9124317765235901
035969,0.323974609375,0.41667303442955017,0.2230929136276245,0.41221392154693604
035971,0.951904296875,0.9538575410842896,0.7122209072113037,0.6938439011573792
035975,0.0,0.15625,0.0,0.2252071350812912
035976,0.959228515625,0.9596251845359802,0.7631344795227051,0.7394984364509583
035977,0.431884765625,0.4936003088951111,0.4763599932193756,0.6318535804748535
035978,0.951904296875,0.9583202004432678,0.6230928897857666,0.7814770936965942
035980,0.947998046875,0.9546799659729004,0.5985158681869507,0.6856696009635925
035982,0.951171875,0.9560654759407043,0.694340705871582,0.6852098107337952
035983,0.16796875,0.26462870836257935,0.14772342145442963,0.37141695618629456
035986,0.9668782353401184,0.9675043225288391,0.892719030380249,0.9276344776153564
035988,0.9388020634651184,0.9454146027565002,0.6763683557510376,0.7412306666374207
035989,0.508056640625,0.5110397934913635,0.5334192514419556,0.5062887668609619
035990,0.943115234375,0.9510379433631897,0.5359453558921814,0.5991762280464172
035991,0.956298828125,0.9582504034042358,1.0,0.9765241742134094
035992,0.9375,0.9525317549705505,0.4692787230014801,0.5759251713752747
035993,0.9507649540901184,0.9525885581970215,0.8898733854293823,0.7717401385307312
035997,0.571533203125,0.5780102610588074,0.6093400716781616,0.6095892190933228
035998,0.580322265625,0.6416510939598083,0.4040961265563965,0.49764055013656616
036000,0.9507649540901184,0.955653727054596,0.7292529344558716,0.8240723013877869
036002,0.9668782353401184,0.9676783680915833,0.7810032963752747,0.8909158110618591
036004,0.94140625,0.9503202438354492,0.5900454521179199,0.7977104783058167
036006,0.9507649540901184,0.9552543759346008,0.6379934549331665,0.7258374094963074
036008,0.02083333395421505,0.1490071713924408,0.015642624348402023,0.12429653108119965
036009,0.9444172978401184,0.9533039927482605,0.544137716293335,0.7349725365638733
036010,0.967041015625,0.9674133658409119,0.8122885227203369,0.6650105118751526
036011,0.0,0.1484309434890747,0.0,0.25153881311416626
036012,0.619873046875,0.6271167993545532,0.4733748733997345,0.782959520816803
036014,0.953369140625,0.9593226909637451,0.7479812502861023,0.8364447951316833
036015,0.9507649540901184,0.9577596783638,0.6379934549331665,0.8428078293800354
036017,0.260498046875,0.4120747447013855,0.18348374962806702,0.5986676216125488
036018,0.520263671875,0.5209152698516846,0.5620065331459045,0.6347635388374329
036019,0.374755859375,0.4175744950771332,0.7617307901382446,0.8011370301246643
036022,0.508056640625,0.5150499939918518,0.46666663885116577,0.7007848024368286
036023,0.1458333432674408,0.22576689720153809,0.10949836671352386,0.25112858414649963
036024,0.469970703125,0.47723448276519775,0.4431702494621277,0.49378037452697754
036025,0.4700520932674408,0.48155677318573,0.3117245137691498,0.4860721528530121
036026,0.488037109375,0.5819423198699951,0.2856633961200714,0.5769481062889099
036027,0.957763671875,0.9580115675926208,0.8271697163581848,0.6487529277801514
036028,0.966796875,0.9673681855201721,0.8748388290405273,0.8303884267807007
036029,0.3059895932674408,0.3824756145477295,0.4357588291168213,0.677519679069519
036031,0.556884765625,0.5803962349891663,0.8308104276657104,0.6794662475585938
036032,0.953369140625,0.9603242874145508,0.6543781161308289,0.8082016706466675
036034,0.9375,0.9427569508552551,0.7171369194984436,0.7580821514129639
036035,0.9507649540901184,0.9540759921073914,0.8898733854293823,0.8259706497192383
036036,0.580322265625,0.6255811452865601,0.5636333227157593,0.7447783350944519
036037,0.9673665165901184,0.9676880240440369,0.8748590350151062,0.9171315431594849
036039,0.703369140625,0.7085584402084351,0.6423966884613037,0.8155213594436646
036043,0.61328125,0.618525505065918,0.5185247659683228,0.5548294186592102
036044,0.968017578125,0.9680576920509338,1.0,0.8702300190925598
036045,0.968017578125,0.9680659174919128,1.0,0.8318254351615906
036047,0.946533203125,0.9537155628204346,0.6577322483062744,0.8547947406768799
036049,0.962158203125,0.9623517990112305,0.8420895934104919,0.7615620493888855
036050,0.940673828125,0.946308970451355,0.5768473744392395,0.534906804561615
036051,0.267578125,0.39543572068214417,0.19369612634181976,0.45449596643447876
036053,0.9673665165901184,0.967668890953064,0.8748590350151062,0.7786604166030884
036054,0.5694172978401184,0.5723949074745178,0.5657033920288086,0.5715517401695251
036055,0.584228515625,0.5848770141601562,0.6245770454406738,0.8166667819023132
036056,0.518798828125,0.6099674701690674,0.3251410126686096,0.6355271935462952
036057,0.957763671875,0.958378255367279,0.8271697163581848,0.8292908072471619
036058,0.490234375,0.5397671461105347,0.38805168867111206,0.4913225471973419
036059,0.94140625,0.9514724016189575,0.5162065625190735,0.6703693270683289
036061,0.959228515625,0.9596455693244934,0.7631344795227051,0.7769975662231445
036062,0.951904296875,0.9575287103652954,0.7122209072113037,0.880767285823822
036064,0.953369140625,0.9603848457336426,0.6543781161308289,0.9068019390106201
036065,0.19921875,0.261016845703125,0.22594322264194489,0.46353375911712646
036066,0.9673665165901184,0.9678953886032104,0.8748590350151062,0.92542964220047
036067,0.393798828125,0.4560716450214386,0.5977610945701599,0.7405351400375366
036068,0.4700520932674408,0.47954994440078735,0.3563140034675598,0.4835772216320038
036069,0.947998046875,0.9514886140823364,0.6841284036636353,0.5833687782287598
036070,0.560546875,0.5924676656723022,0.3571682572364807,0.3832840025424957
036071,0.706298828125,0.7075841426849365,0.7139173746109009,0.5980128645896912
036072,0.606689453125,0.6291318535804749,0.46666663885116577,0.4889201521873474
036074,0.556884765625,0.6129598021507263,0.3877114951610565,0.5438471436500549
036075,0.0625,0.21110881865024567,0.03128524869680405,0.3316687345504761
036076,0.520263671875,0.5209646224975586,0.5620065331459045,0.5964250564575195
036077,0.956298828125,0.9600163698196411,0.8195018768310547,0.915295422077179
036078,0.659423828125,0.6636887192726135,0.6764605641365051,0.7823179960250854
036079,0.531982421875,0.5966604351997375,0.3482339084148407,0.5151325464248657
036080,0.9466145634651184,0.9551588892936707,0.5787770748138428,0.7731475830078125
036081,0.606689453125,0.6201184391975403,1.0,0.9862507581710815
036082,0.556884765625,0.6133943796157837,0.3877114951610565,0.7104657292366028
036084,0.968017578125,0.9680519700050354,1.0,0.86518794298172
036085,0.956298828125,0.9597632884979248,0.8195018768310547,0.775879442691803
036086,0.568359375,0.571533203125,0.4457148313522339,0.3708890378475189
036087,0.560546875,0.6162501573562622,0.4981783330440521,0.7167455554008484
036088,0.5757649540901184,0.5805550217628479,0.6966133713722229,0.8046520352363586
036089,0.968017578125,0.9680770635604858,1.0,0.8656580448150635
036090,0.633056640625,0.6376467943191528,0.5862115621566772,0.7111586332321167
036091,0.967041015625,0.9674105048179626,0.9284793138504028,0.8648502826690674
036093,0.962158203125,0.9626359343528748,0.8420895934104919,0.8682500720024109
036094,0.3059895932674408,0.32312825322151184,0.2836383283138275,0.28281813859939575
036096,0.962158203125,0.962580144405365,0.8420895934104919,0.8129419684410095
036097,0.0,0.1357460767030716,0.0,0.2722000181674957
036098,0.701904296875,0.7099246978759766,0.5307213068008423,0.7018321752548218
036099,0.388427734375,0.39662444591522217,0.3716495931148529,0.4973577857017517
036100,0.9673665165901184,0.967658519744873,0.8748590350151062,0.7587630748748779
036103,0.966796875,0.9674807786941528,0.8748388290405273,0.8494865298271179
036104,0.556884765625,0.5913960933685303,0.4431702494621277,0.6209285855293274
036105,0.9444172978401184,0.9534313082695007,0.544137716293335,0.7159801125526428
036107,0.9673665165901184,0.9675109386444092,1.0,0.8390592932701111
036108,0.46875,0.4823776185512543,0.3384338617324829,0.5880258083343506
036109,0.505615234375,0.517350435256958,0.37429502606391907,0.6442687511444092
036112,0.499755859375,0.5886051654815674,0.293855756521225,0.5412216782569885
036115,0.959228515625,0.9597887992858887,0.8722942471504211,0.8393748998641968
036117,0.567138671875,0.6387700438499451,0.4261382520198822,0.6085807681083679
036118,0.9673665165901184,0.9677668809890747,0.8748590350151062,0.8363356590270996
036119,0.947998046875,0.9559606909751892,0.6841284036636353,0.8100986480712891
036122,0.712158203125,0.7125247716903687,0.8569586873054504,0.8663682341575623
036123,0.968017578125,0.9680623412132263,1.0,0.9481918811798096
036124,0.953369140625,0.9592524766921997,0.6543781161308289,0.8561891913414001
036125,0.956298828125,0.9581016302108765,1.0,0.9927276372909546
036126,0.508056640625,0.5149903893470764,0.5334192514419556,0.7091248631477356
036127,0.712158203125,0.7124010324478149,0.8569586873054504,0.8562353253364563
036128,0.701904296875,0.7099653482437134,0.5307213068008423,0.7896295785903931
036130,0.967041015625,0.967678427696228,0.8122885227203369,0.8945913910865784
036131,0.633056640625,0.6385271549224854,0.5128524899482727,0.6200315356254578
036132,0.951171875,0.9565611481666565,0.8472716808319092,0.836164116859436
036133,0.9507649540901184,0.9578014016151428,0.6379934549331665,0.8521735072135925
036135,0.23828125,0.23828125,0.16092148423194885,0.12067008018493652
036136,0.956298828125,0.9592320919036865,1.0,0.9506714940071106
036137,0.091796875,0.2395675778388977,0.05832258611917496,0.44108322262763977
036139,0.450927734375,0.46130967140197754,0.39804574847221375,0.6204164028167725
036140,0.968017578125,0.968052327632904,1.0,0.9460615515708923
036141,0.9673665165901184,0.9676432609558105,1.0,0.9473958015441895
036142,0.488037109375,0.5675990581512451,0.398443341255188,0.7189659476280212
036143,0.9673665165901184,0.9677379727363586,0.8748590350151062,0.8942667841911316
036144,0.304931640625,0.4341076612472534,0.20000000298023224,0.40317055583000183
036145,0.304931640625,0.32275038957595825,0.4285714626312256,0.3488702178001404
036146,0.951171875,0.95743727684021,0.694340705871582,0.7456052899360657
036148,0.703369140625,0.7079572081565857,0.7838867902755737,0.8558037281036377
036152,0.374755859375,0.46298646926879883,0.24766992032527924,0.5777254700660706
036154,0.712158203125,0.712565004825592,0.8569586873054504,0.8899372220039368
036155,0.35546875,0.3656155467033386,0.3709116578102112,0.591648519039154
036157,0.968017578125,0.9680477380752563,1.0,0.8415324687957764
036160,0.956298828125,0.9593796133995056,0.8195018768310547,0.8733032941818237
036161,0.968017578125,0.9680633544921875,1.0,0.9344339966773987
036165,0.967041015625,0.967415452003479,0.9284793138504028,0.9851202964782715
036166,0.9507649540901184,0.954577624797821,0.7292529344558716,0.7910749912261963
036167,0.14453125,0.2881182134151459,0.12132726609706879,0.44472306966781616
036168,0.374755859375,0.39252832531929016,0.28309693932533264,0.29561230540275574
036169,0.9444172978401184,0.9510142207145691,0.8315341472625732,0.928591787815094
036170,0.374755859375,0.374755859375,0.7617307901382446,0.7314207553863525
036175,0.505615234375,0.5113511681556702,0.5719858407974243,0.7003822922706604
036176,0.966796875,0.9675919413566589,0.7653606534004211,0.7820945382118225
036180,0.388427734375,0.39974719285964966,0.3716495931148529,0.5251781344413757
036181,0.957763671875,0.9583792090415955,0.7236568927764893,0.8070687055587769
036182,0.712158203125,0.7125298976898193,0.7497180104255676,0.7865216732025146
036183,0.943359375,0.9537879824638367,0.6040917634963989,0.7857058048248291
036184,0.9668782353401184,0.9674952030181885,0.7810032963752747,0.7585011720657349
036185,0.968017578125,0.9680540561676025,1.0,0.8461766839027405
036186,0.943115234375,0.9450895190238953,0.6126077175140381,0.4886029362678528
036188,0.968017578125,0.9680601358413696,1.0,0.922532856464386
036190,0.5694172978401184,0.5729554891586304,0.7048385143280029,0.7246971130371094
036191,0.957763671875,0.958656370639801,0.7236568927764893,0.8852491974830627
036195,0.3599446713924408,0.4346311092376709,0.40125197172164917,0.6725404858589172
036196,0.9668782353401184,0.9675384759902954,0.892719030380249,0.9727755188941956
036197,0.5694172978401184,0.5798086524009705,0.4055802822113037,0.637800931930542
036198,0.431884765625,0.4770832359790802,0.3415256440639496,0.601301908493042
036200,0.35546875,0.36559417843818665,0.3039627969264984,0.4681342840194702
036201,0.957763671875,0.9582505822181702,0.7236568927764893,0.7789228558540344
036202,0.957763671875,0.9586508870124817,0.7236568927764893,0.8077026605606079
036203,0.9673665165901184,0.9678996801376343,0.8748590350151062,0.9003888964653015
036204,0.5694172978401184,0.5811634659767151,0.4055802822113037,0.7790485620498657
036205,0.953369140625,0.9563769698143005,0.7479812502861023,0.6742417812347412
036206,0.9507649540901184,0.9560365080833435,0.6379934549331665,0.6348934769630432
036209,0.9673665165901184,0.9676975607872009,1.0,0.9451301693916321
036213,0.365234375,0.4097549617290497,0.7136205434799194,0.8456569910049438
036214,0.706298828125,0.7111116647720337,0.7139173746109009,0.8607637286186218
036218,0.619873046875,0.6279853582382202,0.4733748733997345,0.6321666240692139
036219,0.9668782353401184,0.9672891497612,0.892719030380249,0.8432694673538208
036221,0.967041015625,0.9674763679504395,0.9284793138504028,0.861312210559845
036222,0.967041015625,0.9673547148704529,1.0,0.9750953316688538
036223,0.508056640625,0.5133615732192993,0.5334192514419556,0.6499661803245544
036227,0.659423828125,0.6614338159561157,0.8254533410072327,0.7648799419403076
036228,0.951904296875,0.9534492492675781,0.9521908760070801,0.9935051202774048
036230,0.962158203125,0.9624485969543457,0.9625431895256042,0.935338020324707
036231,0.946533203125,0.9532094597816467,0.6577322483062744,0.6819562911987305
036232,0.967041015625,0.9676008820533752,0.8122885227203369,0.8845561146736145
036233,0.967041015625,0.9674894213676453,0.8122885227203369,0.8010148406028748
036234,0.951904296875,0.9584389925003052,0.7122209072113037,0.8637892007827759
036235,0.503173828125,0.5066221356391907,0.5961002111434937,0.6853356957435608
036236,0.9673665165901184,0.9677987694740295,0.8748590350151062,0.9303483963012695
036239,0.5757649540901184,0.5815718173980713,0.5708760023117065,0.7193981409072876
036241,0.304931640625,0.4162527024745941,0.20000000298023224,0.5922210812568665
036242,0.197998046875,0.3030927777290344,0.1916866898536682,0.41260138154029846
036243,0.518798828125,0.5796217322349548,0.6967307925224304,0.6710662841796875
036245,0.567138671875,0.6153604388237,0.5199966430664062,0.5754332542419434
036246,0.9375,0.9425276517868042,0.5364049673080444,0.5406259894371033
036247,0.261474609375,0.34918999671936035,0.22860826551914215,0.4969753324985504
036249,0.962158203125,0.9625701904296875,0.8420895934104919,0.9053676724433899
036251,0.943115234375,0.9474707245826721,0.6126077175140381,0.5253891348838806
036252,0.956298828125,0.9600338935852051,0.8195018768310547,0.91940838098526
036253,0.531982421875,0.6036593914031982,0.48571667075157166,0.7796093821525574
036259,0.9673665165901184,0.9675455093383789,0.8748590350151062,0.6994954347610474
036261,0.3125,0.3125,0.32727500796318054,0.32727500796318054
036262,0.520263671875,0.5208572149276733,0.5620065331459045,0.6205583214759827
036263,0.701171875,0.7062944173812866,0.5887562036514282,0.6578511595726013
036265,0.501953125,0.5101776123046875,0.3273671567440033,0.3800392746925354
036267,0.956298828125,0.9587971568107605,0.8195018768310547,0.7915974259376526
036268,0.9668782353401184,0.9677808880805969,0.7810032963752747,0.9500502943992615
036269,0.9673665165901184,0.9677319526672363,1.0,0.9401111006736755
036270,0.9673665165901184,0.9676756858825684,0.8748590350151062,0.7698994278907776
036271,0.957763671875,0.958159863948822,0.8271697163581848,0.8532990217208862
036272,0.951904296875,0.9585064649581909,0.7122209072113037,0.8562919497489929
036274,0.947998046875,0.9560587406158447,0.5985158681869507,0.8454503417015076
036275,0.606689453125,0.6454980373382568,0.6509066820144653,0.8188504576683044
036276,0.9668782353401184,0.9676229357719421,0.7810032963752747,0.8919799327850342
036277,0.9668782353401184,0.9675927758216858,0.7810032963752747,0.7532827854156494
036278,0.956298828125,0.9587661623954773,1.0,0.8959892988204956
036280,0.261474609375,0.365543395280838,0.20000000298023224,0.46840372681617737
036281,0.23046875,0.30491936206817627,0.32960182428359985,0.5663201808929443
036282,0.957763671875,0.9585716128349304,0.7236568927764893,0.8761483430862427
036284,0.61328125,0.6139495968818665,0.5185247659683228,0.4626392722129822
036285,0.9507649540901184,0.9570304751396179,0.6379934549331665,0.7320579886436462
036287,0.706298828125,0.7089306116104126,0.7139173746109009,0.6974259614944458
036288,0.374755859375,0.46455100178718567,0.28309693932533264,0.5773881077766418
036289,0.9668782353401184,0.9675846099853516,0.7810032963752747,0.7673411965370178
036291,0.580322265625,0.6264593005180359,0.4040961265563965,0.6487202644348145
036293,0.323974609375,0.4291684627532959,0.2550044059753418,0.6237577795982361
036294,0.531982421875,0.6041949391365051,0.39804574847221375,0.6476600766181946
036295,0.946533203125,0.9567081332206726,0.575423002243042,0.8639849424362183
036296,0.518798828125,0.583468496799469,0.3716495931148529,0.5643395781517029
036299,0.0,0.1061197966337204,0.0,0.2593613266944885
036300,0.943115234375,0.9545197486877441,0.6126077175140381,0.6719449758529663
036301,0.61328125,0.6188705563545227,0.5185247659683228,0.6893240213394165
036302,0.701904296875,0.7098312377929688,0.6066363453865051,0.75287264585495
036303,0.956298828125,0.961097240447998,0.8195018768310547,0.9169299602508545
036304,0.261474609375,0.3662337362766266,0.22860826551914215,0.6358518600463867
036305,0.9444172978401184,0.9529513716697693,0.544137716293335,0.6965856552124023
036306,0.5757649540901184,0.5807344317436218,0.49943602085113525,0.6350539922714233
036308,0.560546875,0.57537841796875,0.8838695287704468,0.9838988780975342
036309,0.499755859375,0.5851144790649414,0.4490610957145691,0.7296891808509827
036311,0.943359375,0.9519871473312378,0.6040917634963989,0.656663179397583
036312,0.9673665165901184,0.967894434928894,0.8748590350151062,0.8892902135848999
036313,0.939453125,0.9515358805656433,0.489017516374588,0.7054676413536072
036318,0.46875,0.480386883020401,0.29608190059661865,0.6056020855903625
036321,0.9444172978401184,0.9528953433036804,0.544137716293335,0.6662675142288208
036324,0.30078125,0.339946985244751,0.24766992032527924,0.33718129992485046
036325,0.9466145634651184,0.9537930488586426,0.6615661382675171,0.7642876505851746
036326,0.606689453125,0.6498873233795166,0.6509066820144653,0.8606082797050476
036327,0.962158203125,0.9626896381378174,0.8420895934104919,0.82228022813797
036328,0.962158203125,0.9624975323677063,0.9625431895256042,0.907703697681427
036329,0.531982421875,0.5787833333015442,0.39804574847221375,0.5855350494384766
036331,0.560546875,0.6014770865440369,0.7653606534004211,0.8410530686378479
036334,0.9444172978401184,0.9524224400520325,0.6219719052314758,0.7083818912506104
036335,0.619873046875,0.623350977897644,0.6602633595466614,0.7296431064605713
036336,0.943115234375,0.953043520450592,0.5359453558921814,0.6695000529289246
036337,0.9673665165901184,0.9677273631095886,0.8748590350151062,0.7940976023674011
036339,0.968017578125,0.9680773019790649,1.0,0.9012259840965271
036340,0.9444172978401184,0.9561558365821838,0.544137716293335,0.7082407474517822
036341,0.61328125,0.6168323755264282,0.5185247659683228,0.5106436014175415
036342,0.9668782353401184,0.9674997925758362,0.7810032963752747,0.7644825577735901
036343,0.962158203125,0.962689220905304,0.8420895934104919,0.8587614297866821
036344,0.951171875,0.9584377408027649,0.6074502468109131,0.8176746368408203
036349,0.633056640625,0.6376613974571228,0.5862115621566772,0.6508696675300598
036351,0.9673665165901184,0.9676874279975891,0.8748590350151062,0.9416822791099548
036352,0.32421875,0.3317177891731262,0.35480669140815735,0.4048444926738739
036353,0.9388020634651184,0.9419377446174622,0.5542851090431213,0.5587353706359863
036354,0.659423828125,0.663422703742981,0.6764605641365051,0.7499288320541382
036355,0.02083333395421505,0.0619405135512352,0.09271639585494995,0.3393208384513855
036356,0.701904296875,0.7083273530006409,0.6066363453865051,0.7209473252296448
036360,0.503173828125,0.5166041254997253,0.3430097699165344,0.6904805898666382
036363,0.508056640625,0.5137585401535034,0.5334192514419556,0.7016924619674683
036364,0.51953125,0.5816508531570435,0.3754834830760956,0.6523494720458984
036367,0.953369140625,0.959595799446106,0.6543781161308289,0.7569551467895508
036368,0.619873046875,0.6241618990898132,0.4733748733997345,0.4658281207084656
036370,0.947998046875,0.9539762735366821,0.5985158681869507,0.7147783637046814
036372,0.34765625,0.3532063066959381,0.4098700284957886,0.47557300329208374
036373,0.4375,0.48092347383499146,0.5874204039573669,0.7912960052490234
036374,0.943115234375,0.9500327110290527,0.5359453558921814,0.6315780282020569
036377,0.703369140625,0.7056624889373779,0.7838867902755737,0.6691135764122009
036378,0.1875,0.2737223207950592,0.23226092755794525,0.43150076270103455
036380,0.5694172978401184,0.5732656717300415,0.7048385143280029,0.769118070602417
036381,0.1106770858168602,0.26927363872528076,0.0855669379234314,0.42011716961860657
036383,0.968017578125,0.9680769443511963,1.0,0.945888876914978
036384,0.712158203125,0.7125136256217957,0.8569586873054504,0.8571481108665466
036385,0.9673665165901184,0.9676092267036438,1.0,0.8425374627113342
036386,0.967041015625,0.9678053855895996,0.8122885227203369,0.8532296419143677
036387,0.9673665165901184,0.9675810933113098,1.0,0.9916167855262756
036388,0.9673665165901184,0.9676216840744019,1.0,0.8583303093910217
036389,0.9673665165901184,0.9676631093025208,1.0,0.9174724221229553
036390,0.968017578125,0.9680637121200562,1.0,0.9519039392471313
036392,0.4375,0.4966064393520355,0.30545666813850403,0.361910879611969
036393,0.968017578125,0.9680767059326172,1.0,0.9283812642097473
036394,0.9444172978401184,0.9497655630111694,0.9456308484077454,0.9850168824195862
036396,0.3599446713924408,0.3879631459712982,0.8075588941574097,0.7134602069854736
036398,0.947998046875,0.9523849487304688,0.6841284036636353,0.7091221213340759
036399,0.706298828125,0.7101402878761292,0.7139173746109009,0.7198777198791504
036400,0.959228515625,0.9599956274032593,0.7631344795227051,0.8070642948150635
036401,0.962158203125,0.9626830220222473,0.8420895934104919,0.8406552076339722
036402,0.9507649540901184,0.9576234817504883,0.7292529344558716,0.8512182235717773
036403,0.962158203125,0.9625498056411743,0.8420895934104919,0.8449080586433411
036406,0.34765625,0.35628944635391235,0.293855756521225,0.5215973258018494
036408,0.659423828125,0.6615681052207947,0.8254533410072327,0.7462242841720581
036409,0.3599446713924408,0.42248931527137756,0.5626510977745056,0.7864423990249634
036410,0.1875,0.2763671875,0.3373519480228424,0.6763609647750854
036411,0.703369140625,0.7071426510810852,0.7838867902755737,0.7604354619979858
036412,0.956298828125,0.9611116647720337,0.8195018768310547,0.9222956895828247
036414,0.9673665165901184,0.9678148627281189,0.8748590350151062,0.9346445798873901
036415,0.9507649540901184,0.9556756019592285,0.6379934549331665,0.7244992852210999
036417,0.61328125,0.6197128891944885,0.4536360800266266,0.6014004349708557
036418,0.556884765625,0.6010223627090454,0.5407800078392029,0.7287163734436035
036419,0.531982421875,0.5798023343086243,0.3482339084148407,0.49797916412353516
036420,0.5757649540901184,0.5808460116386414,0.5708760023117065,0.6394900679588318
036422,0.571533203125,0.5773054361343384,0.6093400716781616,0.6986042261123657
036424,0.943359375,0.9544588327407837,0.6040917634963989,0.804736316204071
036425,0.365234375,0.4389468729496002,0.3236317038536072,0.43024998903274536
036427,0.967041015625,0.9676843285560608,0.8122885227203369,0.9637266397476196
036428,0.1875,0.3233429491519928,0.10728099197149277,0.41249895095825195
036430,0.956298828125,0.9606093764305115,0.7169486284255981,0.7258556485176086
036432,0.940673828125,0.9472169280052185,0.771205723285675,0.8971107602119446
036433,0.962158203125,0.9623430967330933,0.9625431895256042,0.9314241409301758
036435,0.956298828125,0.9585520625114441,0.8195018768310547,0.8616920113563538
036439,0.23046875,0.3231932520866394,0.214540034532547,0.4702228903770447
036440,0.518798828125,0.5860078930854797,0.3716495931148529,0.5227435231208801
036441,0.953369140625,0.9543538093566895,1.0,0.9847033023834229
036442,0.967041015625,0.9674515128135681,0.8122885227203369,0.6843785047531128
036443,0.9444172978401184,0.9516196250915527,0.6219719052314758,0.6743080019950867
036444,0.706298828125,0.7091760039329529,0.871160089969635,0.7910566329956055
036445,0.962158203125,0.9625457525253296,0.9625431895256042,0.9109317064285278
036446,0.9507649540901184,0.9537361860275269,0.8898733854293823,0.7728473544120789
036447,0.9668782353401184,0.9673842787742615,0.7810032963752747,0.746507465839386
036448,0.94140625,0.9537171721458435,0.5162065625190735,0.688249409198761
036449,0.09375,0.20504651963710785,0.0676867738366127,0.24948742985725403
036451,0.968017578125,0.9680643081665039,1.0,0.9861016273498535
036455,0.943115234375,0.9522659778594971,0.6126077175140381,0.7991326451301575
036456,0.510498046875,0.5184590220451355,0.49935534596443176,0.6555408835411072
036458,0.9444172978401184,0.948062002658844,0.8315341472625732,0.7991908192634583
036459,0.966796875,0.9675601124763489,0.7653606534004211,0.9069888591766357
036461,0.531982421875,0.5944916009902954,0.3482339084148407,0.642187774181366
036463,0.505615234375,0.5071401596069336,0.4607907235622406,0.4733695089817047
036464,0.388427734375,0.3998735845088959,0.3716495931148529,0.5642082691192627
036466,0.5757649540901184,0.5810176730155945,0.49943602085113525,0.7280767560005188
036467,0.706298828125,0.7069554328918457,0.871160089969635,0.8644635081291199
036468,0.703369140625,0.7072590589523315,0.6423966884613037,0.7118048667907715
036469,0.701904296875,0.7039642333984375,0.7402501106262207,0.6953177452087402
036471,0.4700520932674408,0.4793599247932434,0.3563140034675598,0.4391307830810547
036473,0.962158203125,0.9626959562301636,0.8420895934104919,0.9071810245513916
036474,0.571533203125,0.5792196393013,0.49935534596443176,0.6657781004905701
036475,0.9673665165901184,0.9676982760429382,1.0,0.8842816352844238
036476,0.9507649540901184,0.9576236605644226,0.6379934549331665,0.7041813135147095
036477,0.606689453125,0.6108608245849609,0.6509066820144653,0.49640974402427673
036478,0.518798828125,0.6091294884681702,0.3251410126686096,0.5643020272254944
036480,0.0,0.12530924379825592,0.0,0.2336498647928238
036484,0.953369140625,0.9585994482040405,0.6543781161308289,0.8372230529785156
036485,0.959228515625,0.9595712423324585,0.8722942471504211,0.7804586291313171
036486,0.499755859375,0.5660173296928406,0.629690945148468,0.786650538444519
036487,0.947998046875,0.9512271881103516,0.9146330952644348,0.9415387511253357
036490,0.706298828125,0.7111434936523438,0.6245770454406738,0.8389870524406433
036492,0.968017578125,0.9680542349815369,1.0,0.8646940588951111
036493,0.946533203125,0.946533203125,1.0,1.0
036494,0.508056640625,0.5093955993652344,0.7131452560424805,0.7298336625099182
036498,0.947998046875,0.9513409733772278,0.8348100185394287,0.82532799243927
036499,0.344482421875,0.41642454266548157,0.38908666372299194,0.6600727438926697
036500,0.9673665165901184,0.9677077531814575,1.0,0.9520718455314636
036501,0.962158203125,0.9626870155334473,0.8420895934104919,0.9021967053413391
036502,0.503173828125,0.5112326741218567,0.5241767168045044,0.6767613291740417
036505,0.9375,0.9468779563903809,0.6545500159263611,0.820039689540863
036508,0.2774251401424408,0.38168948888778687,0.1687147468328476,0.48604005575180054
036509,0.518798828125,0.6086039543151855,0.3251410126686096,0.5132908225059509
036512,0.9507649540901184,0.9542836546897888,0.6379934549331665,0.5808948874473572
036516,0.499755859375,0.5936597585678101,0.3358892798423767,0.6935024261474609
036517,0.0625,0.22578778862953186,0.06545499712228775,0.4623207747936249
036519,0.323974609375,0.3729705810546875,0.47805625200271606,0.5568471550941467
036521,0.947998046875,0.9518647789955139,0.8348100185394287,0.8930363059043884
036522,0.703369140625,0.7081191539764404,0.6423966884613037,0.6528940200805664
036523,0.967041015625,0.9677950739860535,0.8122885227203369,0.9035045504570007
036525,0.953369140625,0.9560086131095886,1.0,0.9841331839561462
036528,0.940673828125,0.9491201639175415,0.5046601295471191,0.5219830274581909
036530,0.261474609375,0.2952706217765808,0.6151177287101746,0.6586448550224304
036531,0.260498046875,0.3035874366760254,0.8026120662689209,0.8738062977790833
036532,0.197998046875,0.283246248960495,0.2100154310464859,0.39719510078430176
036533,0.499755859375,0.5810688138008118,0.3358892798423767,0.6517248749732971
036534,0.556884765625,0.5738309621810913,0.9594535827636719,0.9304249882698059
036535,0.957763671875,0.9584002494812012,0.8271697163581848,0.8484615683555603
036537,0.9388020634651184,0.9480462670326233,0.5542851090431213,0.6528609395027161
036538,0.957763671875,0.9586437940597534,0.7236568927764893,0.7852335572242737
036541,0.278564453125,0.39897701144218445,0.21157628297805786,0.4639160633087158
036542,0.968017578125,0.9680585265159607,1.0,0.9128442406654358
036543,0.61328125,0.6175415515899658,0.5185247659683228,0.490940660238266
036544,0.956298828125,0.9596704244613647,0.7169486284255981,0.7253186106681824
036545,0.431884765625,0.4562998414039612,0.7318407297134399,0.8164361715316772
036549,0.606689453125,0.6427767276763916,0.6509066820144653,0.7558108568191528
036550,0.505615234375,0.5124025940895081,0.5220667123794556,0.6403601169586182
036551,0.388427734375,0.39670851826667786,0.3251410126686096,0.5610982775688171
036552,0.953369140625,0.9591363072395325,0.6543781161308289,0.6951411962509155
036554,0.0,0.1390533447265625,0.0,0.16345860064029694
036555,0.30078125,0.37721875309944153,0.24766992032527924,0.46547967195510864
036556,0.9668782353401184,0.9673020839691162,0.7810032963752747,0.6176512837409973
036557,0.580322265625,0.6072654128074646,0.4618985950946808,0.43451938033103943
036558,0.260498046875,0.3288569152355194,0.16052241623401642,0.26065871119499207
036560,0.344482421875,0.344482421875,0.5977610945701599,0.5809865593910217
036561,0.3125,0.32241925597190857,0.23463936150074005,0.33324623107910156
036562,0.455078125,0.474853515625,0.8124242424964905,0.9359827041625977
036564,0.455078125,0.5829873085021973,0.23873552680015564,0.4788011610507965
036565,0.23046875,0.32866668701171875,0.1538141816854477,0.4665481150150299
036566,0.365234375,0.4504126012325287,0.23202729225158691,0.44651666283607483
036569,0.701171875,0.7097052335739136,0.5887562036514282,0.744345486164093
036570,0.962158203125,0.9623738527297974,0.9625431895256042,0.8612730503082275
036571,0.431884765625,0.4358538091182709,0.4763599932193756,0.3879135549068451
036573,0.9668782353401184,0.9675348401069641,0.892719030380249,0.9654871225357056
036574,0.959228515625,0.9598801732063293,0.7631344795227051,0.9117110371589661
036575,0.943115234375,0.9472808837890625,0.7475366592407227,0.6707708835601807
036576,0.23046875,0.3019573986530304,0.17581595480442047,0.2553393244743347
036577,0.94140625,0.9475991725921631,0.7200049757957458,0.7342793941497803
036578,0.9507649540901184,0.9565468430519104,0.7292529344558716,0.7618957161903381
036579,0.431884765625,0.4702341556549072,0.4763599932193756,0.6196821928024292
036580,0.9668782353401184,0.9673219919204712,0.7810032963752747,0.7187772989273071
036584,0.501953125,0.5080180764198303,0.4566117227077484,0.5463063716888428
036586,0.701171875,0.7056576013565063,0.7184317708015442,0.7293276190757751
036587,0.951904296875,0.9599330425262451,0.6230928897857666,0.8162750601768494
036588,0.1106770858168602,0.2595548927783966,0.10441335290670395,0.46185046434402466
036589,0.9668782353401184,0.9677749276161194,0.7810032963752747,0.8413101434707642
036591,0.966796875,0.9674873948097229,0.7653606534004211,0.7841030359268188
036595,0.393798828125,0.4462171494960785,0.2789551615715027,0.45019039511680603
036596,0.712158203125,0.7125186324119568,0.8569586873054504,0.879523515701294
036600,0.701904296875,0.7099080085754395,0.5307213068008423,0.7260851263999939
036601,0.968017578125,0.9680542349815369,1.0,0.9836546778678894
036602,0.9668782353401184,0.9673945307731628,0.892719030380249,0.8841840028762817
036603,0.9673665165901184,0.9676920175552368,1.0,0.966702938079834
036604,0.3599446713924408,0.4085020124912262,0.26257050037384033,0.3010425865650177
036605,0.261474609375,0.3196800947189331,0.20000000298023224,0.35225439071655273
036606,0.219970703125,0.29364466667175293,0.18348374962806702,0.44775378704071045
036607,0.94140625,0.9536479711532593,0.5900454521179199,0.7669969201087952
036608,0.967041015625,0.9673467874526978,0.9284793138504028,0.775486171245575
036609,0.9673665165901184,0.9676855206489563,1.0,0.8905887007713318
036612,0.9507649540901184,0.9560033679008484,0.7292529344558716,0.8938097357749939
036614,0.0625,0.18815898895263672,0.043636664748191833,0.372892290353775
036615,0.703369140625,0.7096409201622009,0.5620065331459045,0.7507746815681458
036616,0.967041015625,0.9675186276435852,0.8122885227203369,0.8056572079658508
036617,0.9673665165901184,0.9677985906600952,0.8748590350151062,0.8881691098213196
036622,0.499755859375,0.5837468504905701,0.293855756521225,0.43754953145980835
036625,0.951904296875,0.9597792625427246,0.7122209072113037,0.8710442185401917
036627,0.9673665165901184,0.9678078889846802,0.8748590350151062,0.8966341614723206
036628,0.953369140625,0.9576658010482788,0.6543781161308289,0.665989875793457
036629,0.580322265625,0.6437129378318787,0.4040961265563965,0.7451552152633667
036631,0.46875,0.47780779004096985,0.29608190059661865,0.5820786356925964
036632,0.703369140625,0.7085244059562683,0.5620065331459045,0.7592410445213318
036635,0.520263671875,0.5204131603240967,0.5620065331459045,0.43380796909332275
036638,0.30078125,0.3478813171386719,0.3454500138759613,0.5298672914505005
036639,0.9673665165901184,0.9677722454071045,0.8748590350151062,0.9571717381477356
036640,0.518798828125,0.5565921664237976,0.4535067081451416,0.4935764968395233
036641,0.1875,0.381103515625,0.1309099942445755,0.4187963306903839
036644,0.956298828125,0.9598851203918457,0.7169486284255981,0.8592690825462341
036645,0.08984375,0.2747301459312439,0.07620275020599365,0.42450299859046936
036646,0.951171875,0.9568172097206116,0.694340705871582,0.6944572925567627
036648,0.560546875,0.5987083315849304,0.7653606534004211,0.7331375479698181
036649,0.706298828125,0.7092402577400208,0.871160089969635,0.8118091821670532
036650,0.943115234375,0.9546847343444824,0.6126077175140381,0.8627397418022156
036651,0.374755859375,0.4622381329536438,0.28309693932533264,0.5166504383087158
036652,0.503173828125,0.5152862071990967,0.3430097699165344,0.6574131846427917
036653,0.712158203125,0.7125557065010071,0.7497180104255676,0.8562314510345459
036654,0.505615234375,0.5171058773994446,0.427834689617157,0.5857512950897217
036655,0.943115234375,0.9492231607437134,0.819014847278595,0.9227259159088135
036656,0.946533203125,0.9536358118057251,0.575423002243042,0.7096568942070007
036658,0.967041015625,0.9675866365432739,0.9284793138504028,0.9456495046615601
036660,0.659423828125,0.6624965071678162,0.5918076038360596,0.6409943103790283
036662,0.701904296875,0.7072328329086304,0.5307213068008423,0.6287049651145935
036663,0.967041015625,0.9675792455673218,0.8122885227203369,0.8697089552879333
036670,0.304931640625,0.38948768377304077,0.30563369393348694,0.611163854598999
036671,0.953369140625,0.9602819085121155,0.7479812502861023,0.8659051656723022
036674,0.30078125,0.3367013931274414,0.3454500138759613,0.41942721605300903
036675,0.4778645932674408,0.48370498418807983,0.4635950028896332,0.5743924975395203
036676,0.3059895932674408,0.3117024898529053,0.6920201778411865,0.7332063317298889
036677,0.956298828125,0.9585666656494141,1.0,0.890516996383667
036678,0.967041015625,0.9674544334411621,0.9284793138504028,0.8959946036338806
036681,0.3599446713924408,0.44115111231803894,0.3001289367675781,0.5821757912635803
036682,0.968017578125,0.9680777192115784,1.0,0.9748453497886658
036683,0.943115234375,0.9475457668304443,0.6126077175140381,0.5443001985549927
036685,0.947998046875,0.9547606706619263,0.6841284036636353,0.8400866389274597
036686,0.951171875,0.956428050994873,0.8472716808319092,0.951108992099762
036687,0.951904296875,0.9572961330413818,0.8690900206565857,0.9513113498687744
036688,0.9668782353401184,0.9677634835243225,0.7810032963752747,0.87173992395401
036689,0.968017578125,0.9680459499359131,1.0,0.8083524703979492
036691,0.943115234375,0.9509247541427612,0.6126077175140381,0.7173289060592651
036692,0.450927734375,0.4579407572746277,0.3482339084148407,0.5619462728500366
036693,0.956298828125,0.9588894248008728,1.0,0.8730829358100891
036694,0.9673665165901184,0.9678979516029358,0.8748590350151062,0.9476873278617859
036695,0.61328125,0.61383056640625,0.6327316761016846,0.49659696221351624
036697,0.956298828125,0.9599241018295288,1.0,0.9710193276405334
036699,0.966796875,0.9674283862113953,0.7653606534004211,0.7349614500999451
036700,0.959228515625,0.9592781066894531,0.9394869804382324,0.9404743313789368
036701,0.967041015625,0.9678139090538025,0.8122885227203369,0.8931173086166382
036702,0.9507649540901184,0.9562403559684753,0.6379934549331665,0.771064281463623
036703,0.9668782353401184,0.9674745202064514,0.892719030380249,0.9342064261436462
036704,0.951904296875,0.9560057520866394,0.8690900206565857,0.8718754053115845
036705,0.962158203125,0.9625417590141296,0.8420895934104919,0.9016351103782654
036706,0.567138671875,0.5799360275268555,0.9225797057151794,0.8947603702545166
036707,0.567138671875,0.6370960474014282,0.4261382520198822,0.5028439164161682
036709,0.34765625,0.356376051902771,0.293855756521225,0.3773817718029022
036710,0.947998046875,0.9534994959831238,0.5985158681869507,0.8137876391410828
036711,0.956298828125,0.9589661955833435,0.8195018768310547,0.7756439447402954
036713,0.943359375,0.9471815824508667,0.8076295852661133,0.7968089580535889
036714,0.962158203125,0.962515115737915,0.8420895934104919,0.840420126914978
036716,0.212890625,0.3517255485057831,0.11359453201293945,0.36230918765068054
036717,0.393798828125,0.4840768575668335,0.2789551615715027,0.6530858278274536
036719,0.110107421875,0.2549266219139099,0.09298666566610336,0.3896350562572479
036722,0.267578125,0.3664005398750305,0.23635835945606232,0.5377757549285889
036723,0.968017578125,0.9680655598640442,1.0,0.9856378436088562
036726,0.966796875,0.9672688245773315,0.7653606534004211,0.5757812261581421
036727,0.5694172978401184,0.5742209553718567,0.4635950028896332,0.4554229974746704
036728,0.953369140625,0.9581749439239502,0.6543781161308289,0.7533485293388367
036729,0.706298828125,0.7110635638237,0.6245770454406738,0.707001268863678
036731,0.703369140625,0.709577202796936,0.5620065331459045,0.6877272725105286
036732,0.633056640625,0.6399497389793396,0.5128524899482727,0.6857955455780029
036733,0.212890625,0.3076925575733185,0.28110769391059875,0.6614624857902527
036735,0.4700520932674408,0.48023566603660583,0.3117245137691498,0.39849546551704407
036739,0.518798828125,0.6086419224739075,0.3716495931148529,0.6425524353981018
036740,0.455078125,0.5094671249389648,0.33298835158348083,0.4255938231945038
036741,0.951171875,0.9549713134765625,0.694340705871582,0.6397689580917358
036743,0.946533203125,0.9502360820770264,1.0,1.0
036744,0.701171875,0.7069464325904846,0.5887562036514282,0.7472184300422668
036747,0.706298828125,0.708753228187561,0.871160089969635,0.8272920250892639
036749,0.34765625,0.35702699422836304,0.293855756521225,0.5735132694244385
036750,0.959228515625,0.9598345756530762,0.7631344795227051,0.887483537197113
036751,0.619873046875,0.625906229019165,0.5410870313644409,0.7052557468414307
036752,0.469970703125,0.4783490002155304,0.3877114951610565,0.4451831579208374
036753,0.967041015625,0.967646598815918,0.8122885227203369,0.9535074234008789
036755,0.947998046875,0.9546056985855103,0.5985158681869507,0.8252683281898499
036756,0.959228515625,0.9598608016967773,0.7631344795227051,0.9148977398872375
036759,0.584228515625,0.5848149061203003,0.6245770454406738,0.5848233103752136
036761,0.2044270783662796,0.38774818181991577,0.15272833406925201,0.49710598587989807
036762,0.490234375,0.5367520451545715,0.5961710214614868,0.6374430060386658
036763,0.701171875,0.705167293548584,0.7184317708015442,0.8205046057701111
036764,0.968017578125,0.968056857585907,1.0,0.9353734254837036
036766,0.556884765625,0.619511067867279,0.4431702494621277,0.7479588389396667
036769,0.393798828125,0.42125463485717773,0.8579513430595398,0.8720155954360962
036772,0.659423828125,0.6641795635223389,0.6764605641365051,0.7547841668128967
036773,0.5757649540901184,0.5796892642974854,0.5708760023117065,0.6064609289169312
036774,0.951904296875,0.9574346542358398,0.7122209072113037,0.6613855957984924
036775,0.956298828125,0.9603472352027893,0.8195018768310547,0.893388569355011
036777,0.968017578125,0.9680771231651306,1.0,0.9285367131233215
036778,0.703369140625,0.7096162438392639,0.5620065331459045,0.7390084862709045
036780,0.606689453125,0.63740473985672,0.6509066820144653,0.7811520099639893
036781,0.4375,0.5296952724456787,0.2503223121166229,0.5463552474975586
036783,0.9673665165901184,0.9676811695098877,1.0,0.9037590622901917
036784,0.968017578125,0.9680607318878174,1.0,0.9811608195304871
036785,0.432373046875,0.4386148154735565,0.4618985950946808,0.5792621970176697
036788,0.19921875,0.27648282051086426,0.19636499881744385,0.45779165625572205
036789,0.9673665165901184,0.9678970575332642,0.8748590350151062,0.9823414087295532
036790,0.3059895932674408,0.38952893018722534,0.23244215548038483,0.4865087568759918
036791,0.953369140625,0.955317497253418,1.0,0.9736151099205017
036793,0.956298828125,0.9598743915557861,0.8195018768310547,0.7792100310325623
036795,0.518798828125,0.6075634360313416,0.4535067081451416,0.6194593906402588
036797,0.23046875,0.27587318420410156,0.38063758611679077,0.5725337266921997
036798,0.968017578125,0.9680488109588623,1.0,0.8941429257392883
036800,0.712158203125,0.7124267816543579,0.8569586873054504,0.8523371815681458
036801,0.968017578125,0.9680576324462891,1.0,0.9426387548446655
036804,0.967041015625,0.9676052331924438,0.9284793138504028,0.972808301448822
036805,0.0625,0.13791313767433167,0.08155369758605957,0.23501530289649963
036806,0.956298828125,0.9585757255554199,0.8195018768310547,0.7692853808403015
036809,0.9444172978401184,0.9533921480178833,0.544137716293335,0.5503600239753723
036812,0.968017578125,0.9680583477020264,1.0,0.982221245765686
036813,0.61328125,0.6180798411369324,0.6327316761016846,0.7428447008132935
036814,0.300537109375,0.38804763555526733,0.24733662605285645,0.5045912265777588
036815,0.263671875,0.30823564529418945,0.21350501477718353,0.23112133145332336
036816,0.940673828125,0.948228120803833,0.771205723285675,0.8494765758514404
036818,0.701904296875,0.7073224782943726,0.6066363453865051,0.7576305866241455
036822,0.9673665165901184,0.9676610827445984,1.0,0.889904260635376
036823,0.510498046875,0.5148233771324158,0.43686550855636597,0.47900718450546265
036824,0.943115234375,0.9545350074768066,0.5359453558921814,0.6708779335021973
036825,0.166259765625,0.26989221572875977,0.22745199501514435,0.5477895736694336
036826,0.505615234375,0.5142948627471924,0.427834689617157,0.6657251119613647
036827,0.450927734375,0.4566064178943634,0.48571667075157166,0.5646363496780396
036828,0.9444172978401184,0.9558964371681213,0.6219719052314758,0.8016973733901978
036829,0.968017578125,0.9680487513542175,1.0,0.8931127190589905
036831,0.94140625,0.9536271691322327,0.5900454521179199,0.7430011034011841
036832,0.503173828125,0.516601026058197,0.3430097699165344,0.6464807391166687
036833,0.278564453125,0.3487538993358612,0.39664164185523987,0.6060751080513
036836,0.09375,0.2007203996181488,0.1465403288602829,0.40286219120025635
036837,0.212890625,0.32651615142822266,0.1584416627883911,0.3199506402015686
036838,0.967041015625,0.9678120613098145,0.8122885227203369,0.9380456805229187
036839,0.943359375,0.9530211687088013,0.6040917634963989,0.8087682127952576
036841,0.580322265625,0.6243211627006531,0.4618985950946808,0.6297416687011719
036842,0.580322265625,0.6335030198097229,0.4040961265563965,0.6635005474090576
036850,0.962158203125,0.9625611305236816,0.8420895934104919,0.8691422343254089
036851,0.968017578125,0.9680764675140381,1.0,0.8506392240524292
036854,0.967041015625,0.967617392539978,0.8122885227203369,0.8624165654182434
036855,0.701904296875,0.7060859799385071,0.5307213068008423,0.5721146464347839
036856,0.659423828125,0.6642339825630188,0.5918076038360596,0.7722018361091614
036857,0.706298828125,0.7110700011253357,0.7139173746109009,0.7935419082641602
036858,0.659423828125,0.6642410159111023,0.5918076038360596,0.6673499345779419
036859,0.2774251401424408,0.40004903078079224,0.19284793734550476,0.5230023264884949
036860,0.959228515625,0.9596452713012695,0.7631344795227051,0.700685977935791
036862,0.323974609375,0.341316819190979,0.2230929136276245,0.17546239495277405
036863,0.940673828125,0.9497193694114685,0.5046601295471191,0.6306211948394775
036864,0.278564453125,0.3875889778137207,0.18509942293167114,0.4789891541004181
036867,0.466064453125,0.5860244035720825,0.25437816977500916,0.5156651139259338
036868,0.9507649540901184,0.9541225433349609,0.6379934549331665,0.5748429894447327
036869,0.946533203125,0.9539962410926819,0.575423002243042,0.6801400184631348
036870,0.940673828125,0.949958860874176,0.5046601295471191,0.598280131816864
036873,0.14453125,0.3028353750705719,0.12132726609706879,0.41337794065475464
036874,0.967041015625,0.9675297141075134,0.8122885227203369,0.7336668372154236
036875,0.962158203125,0.9623818397521973,0.8420895934104919,0.6081739664077759
036876,0.3599446713924408,0.4187348783016205,0.3001289367675781,0.5085843801498413
036877,0.956298828125,0.9610822796821594,0.8195018768310547,0.9476776123046875
036878,0.606689453125,0.6403144598007202,0.5334192514419556,0.6685031056404114
036880,0.488037109375,0.5592923164367676,0.3265250623226166,0.5472603440284729
036884,0.0625,0.2128753662109375,0.03128524869680405,0.21537917852401733
036885,0.23828125,0.3832113742828369,0.14078360795974731,0.46374472975730896
036887,0.959228515625,0.9597607254981995,0.8722942471504211,0.9150899052619934
036888,0.966796875,0.9672516584396362,0.8748388290405273,0.9421671032905579
036889,0.46875,0.478546142578125,0.3791045546531677,0.5955007672309875
036891,0.567138671875,0.5835658311843872,0.37281090021133423,0.3468449115753174
036893,0.505615234375,0.5136309266090393,0.427834689617157,0.460012823343277
036894,0.4778645932674408,0.48379436135292053,0.4635950028896332,0.6706343293190002
036895,0.556884765625,0.5888314843177795,0.4431702494621277,0.5149775743484497
036896,0.21875,0.31634649634361267,0.15793579816818237,0.4273577332496643
036898,0.966796875,0.9674518704414368,0.7653606534004211,0.9191275835037231
036899,0.956298828125,0.9605736136436462,0.7169486284255981,0.7544544339179993
036900,0.510498046875,0.5159496665000916,0.49935534596443176,0.6854636669158936
036901,0.701904296875,0.7083454132080078,0.6066363453865051,0.798751711845398
036904,0.956298828125,0.9584376215934753,1.0,0.9922786951065063
036905,0.706298828125,0.7099758982658386,0.7139173746109009,0.774589478969574
036906,0.344482421875,0.40459081530570984,0.31885725259780884,0.47624021768569946
036907,0.94140625,0.9447189569473267,0.7888506054878235,0.8814379572868347
036909,0.2774251401424408,0.42903071641921997,0.1687147468328476,0.5173271298408508
036910,0.9375,0.9418803453445435,0.5364049673080444,0.5150123238563538
036911,0.212890625,0.37690725922584534,0.12984324991703033,0.365176260471344
036912,0.518798828125,0.566104531288147,0.6967307925224304,0.7440556883811951
036913,0.61328125,0.6194220781326294,0.4536360800266266,0.5223900675773621
036914,0.968017578125,0.968050479888916,1.0,0.911646842956543
036915,0.567138671875,0.5879603028297424,0.4261382520198822,0.4241446256637573
036916,0.9444172978401184,0.9557786583900452,0.6219719052314758,0.8742098212242126
036918,0.09375,0.14533887803554535,0.12689225375652313,0.21405985951423645
036919,0.520263671875,0.5206022262573242,0.5620065331459045,0.4652564525604248
036922,0.469970703125,0.4771738648414612,0.4431702494621277,0.5334615707397461
036923,0.962158203125,0.962388277053833,0.9625431895256042,0.8651084303855896
036925,0.966796875,0.967439591884613,0.7653606534004211,0.7441980838775635
036926,0.5694172978401184,0.5769228935241699,0.4635950028896332,0.5246232748031616
036927,0.957763671875,0.9586662650108337,0.7236568927764893,0.7685945630073547
036929,0.967041015625,0.9675989747047424,0.8122885227203369,0.7846895456314087
036930,0.962158203125,0.9626072645187378,0.8420895934104919,0.9124186635017395
036931,0.951904296875,0.9599085450172424,0.7122209072113037,0.902877688407898
036932,0.556884765625,0.5992920994758606,0.4431702494621277,0.508155882358551
036933,0.580322265625,0.6328268647193909,0.4618985950946808,0.672018826007843
036934,0.9673665165901184,0.9677268862724304,1.0,0.9819827675819397
036935,0.962158203125,0.9624164700508118,0.9625431895256042,0.8120084404945374
036937,0.967041015625,0.9674578905105591,0.9284793138504028,0.881047785282135
036938,0.968017578125,0.9680423140525818,1.0,0.8982598185539246
036939,0.9673665165901184,0.9676344990730286,1.0,0.9532831311225891
036940,0.962158203125,0.9626782536506653,0.8420895934104919,0.7915457487106323
036941,0.568359375,0.573076069355011,0.4457148313522339,0.4512346684932709
036942,0.947998046875,0.9519368410110474,0.6841284036636353,0.6176703572273254
036945,0.0,0.0234375,0.0,0.03455565869808197
036946,0.4778645932674408,0.482902467250824,0.4635950028896332,0.5443794131278992
036947,0.61328125,0.6218509674072266,0.4536360800266266,0.6779078841209412
036948,0.469970703125,0.48003315925598145,0.3877114951610565,0.58785080909729
036949,0.94140625,0.9513291120529175,0.5162065625190735,0.6708241105079651
036950,0.469970703125,0.4755697548389435,0.4431702494621277,0.5987147688865662
036952,0.606689453125,0.6452845335006714,0.5334192514419556,0.6739158630371094
036955,0.9466145634651184,0.9522309303283691,0.6615661382675171,0.7571672201156616
036956,0.943359375,0.9495880007743835,0.6040917634963989,0.5701320171356201
036958,0.9507649540901184,0.9553384780883789,0.8898733854293823,0.8574169278144836
036959,0.9673665165901184,0.967683732509613,1.0,0.8635615110397339
036960,0.393798828125,0.4685305655002594,0.38908666372299194,0.7089736461639404
036961,0.48828125,0.48922908306121826,0.5307213068008423,0.6882960796356201
036963,0.959228515625,0.9596120715141296,0.8722942471504211,0.7482618689537048
036965,0.518798828125,0.6092283725738525,0.3251410126686096,0.5564998984336853
036966,0.606689453125,0.6436020731925964,0.46666663885116577,0.6802317500114441
036967,0.943359375,0.9443114995956421,0.6040917634963989,0.5191783905029297
036970,0.166259765625,0.2804875671863556,0.16220630705356598,0.5260604023933411
036972,0.51953125,0.5975927114486694,0.3284950852394104,0.6268159747123718
036974,0.951171875,0.9583293795585632,0.694340705871582,0.7785197496414185
036976,0.520263671875,0.5210667252540588,0.5620065331459045,0.7811400890350342
036977,0.260498046875,0.33108457922935486,0.18348374962806702,0.2991039752960205
036978,0.571533203125,0.5812687277793884,0.49935534596443176,0.6185206770896912
036979,0.1875,0.31374433636665344,0.20111946761608124,0.542492151260376
036980,0.505615234375,0.5148376822471619,0.37429502606391907,0.5340423583984375
036981,0.9673665165901184,0.9677973985671997,0.8748590350151062,0.9268885850906372
036982,0.488037109375,0.5910026431083679,0.398443341255188,0.7188588380813599
036984,0.300537109375,0.3643597960472107,0.2163846641778946,0.4348543882369995
036985,0.706298828125,0.708600640296936,0.6245770454406738,0.5784237384796143
036986,0.962158203125,0.9624605178833008,0.8420895934104919,0.8001285195350647
036988,0.46875,0.4799494743347168,0.3384338617324829,0.5118513107299805
036989,0.967041015625,0.9676325917243958,0.8122885227203369,0.7822361588478088
036990,0.947998046875,0.9520751237869263,0.8348100185394287,0.8547966480255127
036991,0.5757649540901184,0.5808846950531006,0.49943602085113525,0.5839775204658508
036992,0.5757649540901184,0.5799568295478821,0.49943602085113525,0.5777906775474548
036993,0.967041015625,0.9676679372787476,0.8122885227203369,0.8500140309333801
036994,0.943359375,0.9556877613067627,0.5284951329231262,0.7101706862449646
036996,0.150390625,0.197998046875,0.2783457934856415,0.48285111784935
036997,0.706298828125,0.7085850238800049,0.7139173746109009,0.6240829229354858
036998,0.47265625,0.5255758166313171,0.3709116578102112,0.4534565806388855
037000,0.508056640625,0.5130850672721863,0.5334192514419556,0.6092557907104492
037001,0.9668782353401184,0.9673741459846497,0.892719030380249,0.8527834415435791
037002,0.3599446713924408,0.4161111116409302,0.26257050037384033,0.49392497539520264
037003,0.9507649540901184,0.9547596573829651,0.8898733854293823,0.7632660865783691
037005,0.967041015625,0.9674474000930786,0.8122885227203369,0.7091273069381714
037006,0.9507649540901184,0.9561074376106262,0.7292529344558716,0.7703078389167786
037007,0.968017578125,0.9680648446083069,1.0,0.9807511568069458
037009,0.706298828125,0.7077797055244446,0.871160089969635,0.8780936598777771
037011,0.344482421875,0.40368592739105225,0.38908666372299194,0.580567479133606
037013,0.953369140625,0.9546201229095459,1.0,0.9855302572250366
037014,0.9375,0.9480819702148438,0.4692787230014801,0.5505675077438354
037015,0.946533203125,0.9517142176628113,0.575423002243042,0.5355262756347656
037016,0.9507649540901184,0.9576452970504761,0.6379934549331665,0.7112045288085938
037018,0.943359375,0.9491404294967651,0.6040917634963989,0.6771255731582642
037019,0.9673665165901184,0.9677260518074036,0.8748590350151062,0.8551045656204224
037021,0.947998046875,0.9505435824394226,0.6841284036636353,0.5551199913024902
037022,0.953369140625,0.9591603875160217,0.7479812502861023,0.7896898984909058
037023,0.9673665165901184,0.9677837491035461,0.8748590350151062,0.9230870008468628
037024,0.606689453125,0.6205565333366394,1.0,0.8599559664726257
037025,0.967041015625,0.9675225615501404,0.9284793138504028,0.8564655780792236
037027,0.584228515625,0.5847725868225098,0.6245770454406738,0.693001389503479
037029,0.146728515625,0.2777916193008423,0.11196307837963104,0.33375293016433716
037033,0.962158203125,0.9624819755554199,0.8420895934104919,0.7881535291671753
037034,0.432373046875,0.43721842765808105,0.4618985950946808,0.571672260761261
037036,0.0,0.0807407945394516,0.0,0.39559581875801086
037037,0.46875,0.4693080484867096,0.5441304445266724,0.5496842861175537
037038,0.21875,0.24050292372703552,0.2111494094133377,0.28052714467048645
037039,0.968017578125,0.9680646061897278,1.0,0.9588175415992737
037041,0.9668782353401184,0.9674383997917175,0.7810032963752747,0.796933114528656
037043,0.956298828125,0.9611746668815613,0.7169486284255981,0.9273459315299988
037044,0.584228515625,0.5847505331039429,0.6245770454406738,0.6053009033203125
037045,0.567138671875,0.6402909755706787,0.37281090021133423,0.6280056834220886
037046,0.943359375,0.9513683319091797,0.6040917634963989,0.765892505645752
037047,0.957763671875,0.9584650993347168,0.7236568927764893,0.7904857397079468
037048,0.48828125,0.48897993564605713,0.5307213068008423,0.5538787841796875
037051,0.560546875,0.6204910278320312,0.4981783330440521,0.720874011516571
037052,0.39453125,0.4007677435874939,0.4261382520198822,0.6585752964019775
037053,0.968017578125,0.9680588841438293,1.0,0.9309753775596619
037054,0.943115234375,0.9521688222885132,0.5359453558921814,0.5686297416687012
037055,0.556884765625,0.5591801404953003,0.8308104276657104,0.6667598485946655
037056,0.501953125,0.5142923593521118,0.3273671567440033,0.6785741448402405
037057,0.946533203125,0.9539656043052673,0.575423002243042,0.664680540561676
037059,0.967041015625,0.9676237106323242,0.8122885227203369,0.8101191520690918
037060,0.3599446713924408,0.41712120175361633,0.3001289367675781,0.43998095393180847
037061,0.4375,0.4604143500328064,0.5419421792030334,0.5776259303092957
037062,0.366455078125,0.371710866689682,0.398443341255188,0.47021377086639404
037064,0.9673665165901184,0.9676923751831055,1.0,0.9266338348388672
037066,0.499755859375,0.5641045570373535,0.3358892798423767,0.4358631670475006
037067,0.518798828125,0.5942888855934143,0.3716495931148529,0.6493698954582214
037068,0.556884765625,0.6175500750541687,0.4431702494621277,0.5161667466163635
037069,0.9388020634651184,0.9415486454963684,0.8911738991737366,0.9654592871665955
037070,0.47265625,0.5049028396606445,0.3709116578102112,0.4584861099720001
037072,0.556884765625,0.6180901527404785,0.5407800078392029,0.7948302626609802
037073,0.03125,0.03125,0.06717170774936676,0.06717170774936676
037075,0.703369140625,0.7102943658828735,0.5620065331459045,0.7684831023216248
037077,0.706298828125,0.7095022797584534,0.871160089969635,0.8117919564247131
037079,0.9388020634651184,0.9427556991577148,0.5542851090431213,0.5558876991271973
037080,0.712158203125,0.7126338481903076,0.7497180104255676,0.8014397025108337
037081,0.518798828125,0.518798828125,1.0,0.889426589012146
037084,0.531982421875,0.6015052795410156,0.48571667075157166,0.7050081491470337
037085,0.567138671875,0.6391768455505371,0.37281090021133423,0.6089815497398376
037087,0.1875,0.2044270783662796,0.2886616587638855,0.3038516938686371
037090,0.261474609375,0.34061741828918457,0.20000000298023224,0.5803093314170837
037092,0.953369140625,0.9575514197349548,0.7479812502861023,0.6982539892196655
037094,0.703369140625,0.7058695554733276,0.6423966884613037,0.5902982950210571
037095,0.3599446713924408,0.4344993829727173,0.26257050037384033,0.5018553733825684
037096,0.943359375,0.9504682421684265,0.6040917634963989,0.6698402166366577
037098,0.706298828125,0.7110846638679504,0.7139173746109009,0.8406242728233337
037099,0.953369140625,0.9566154479980469,0.912726640701294,0.9315751194953918
037100,0.959228515625,0.9592568278312683,0.8722942471504211,0.7948969006538391
037101,0.943115234375,0.9527963399887085,0.5359453558921814,0.7734297513961792
037102,0.701904296875,0.7078309059143066,0.6066363453865051,0.668127715587616
037105,0.701904296875,0.7056540250778198,0.5307213068008423,0.4750881493091583
037106,0.962158203125,0.9626041650772095,0.8420895934104919,0.8410202264785767
037107,0.9444172978401184,0.9498591423034668,0.8315341472625732,0.8688371777534485
037108,0.968017578125,0.9680561423301697,1.0,0.9183252453804016
037109,0.9673665165901184,0.9678944945335388,0.8748590350151062,0.9512787461280823
037110,0.968017578125,0.9680636525154114,1.0,0.9521785974502563
037111,0.968017578125,0.9680631160736084,1.0,0.9322120547294617
037112,0.9507649540901184,0.9562624096870422,0.6379934549331665,0.6823909878730774
037113,0.951171875,0.9570416808128357,0.6074502468109131,0.6819320321083069
037115,0.228759765625,0.3744907081127167,0.18026001751422882,0.5591872930526733
037118,0.508056640625,0.5118822455406189,0.5334192514419556,0.6066782474517822
037119,0.659423828125,0.6619261503219604,0.6764605641365051,0.5961308479309082
037121,0.9673665165901184,0.9678181409835815,0.8748590350151062,0.9088974595069885
037122,0.9673665165901184,0.9678874611854553,0.8748590350151062,0.7421883940696716
037123,0.580322265625,0.643315315246582,0.4040961265563965,0.6972284913063049
037125,0.619873046875,0.6268055438995361,0.4733748733997345,0.7587812542915344
037126,0.966796875,0.9677222371101379,0.7653606534004211,0.8265482187271118
037128,0.304931640625,0.4130743443965912,0.2789600193500519,0.5867531895637512
037129,0.1875,0.3816325068473816,0.10728099197149277,0.3884476125240326
037130,0.4778645932674408,0.4809786379337311,0.4635950028896332,0.5173020958900452
037131,0.957763671875,0.9581409096717834,0.8271697163581848,0.8595171570777893
037132,0.712158203125,0.712412416934967,0.7497180104255676,0.6624507308006287
037133,0.953369140625,0.9588391184806824,0.6543781161308289,0.7260808944702148
037134,0.450927734375,0.45941224694252014,0.3482339084148407,0.5901082754135132
037135,0.560546875,0.6370044946670532,0.3571682572364807,0.5414270758628845
037139,0.968017578125,0.9680768251419067,1.0,0.9648615717887878
037140,0.455078125,0.5508428812026978,0.36482810974121094,0.6923673152923584
037144,0.9444172978401184,0.9520779848098755,0.6219719052314758,0.7461656928062439
037145,0.943115234375,0.9504108428955078,0.7475366592407227,0.8349732160568237
037146,0.0,0.1585550308227539,0.0,0.23961801826953888
037147,0.51953125,0.564805269241333,0.3754834830760956,0.43367788195610046
037148,0.110107421875,0.2714424729347229,0.07620275020599365,0.4872206151485443
037149,0.953369140625,0.9572855234146118,0.7479812502861023,0.7340486645698547
037150,0.1458333432674408,0.1985677182674408,0.16733194887638092,0.36707285046577454
037151,0.5694172978401184,0.5778164863586426,0.5657033920288086,0.7501395344734192
037154,0.966796875,0.966796875,0.9799711108207703,0.9799711108207703
037155,0.703369140625,0.70818030834198,0.6423966884613037,0.7063506245613098
037157,0.9668782353401184,0.967452347278595,0.7810032963752747,0.7586255669593811
037158,0.30078125,0.33931446075439453,0.3454500138759613,0.5619786977767944
037159,0.48828125,0.4886322021484375,0.5307213068008423,0.48591428995132446
037162,0.957763671875,0.9582564830780029,0.8271697163581848,0.7406395673751831
037163,0.9466145634651184,0.9533446431159973,0.6615661382675171,0.7549945116043091
037166,0.9668782353401184,0.9676467776298523,0.7810032963752747,0.8835884928703308
037167,0.967041015625,0.9677368402481079,0.8122885227203369,0.9087204337120056
037168,0.39453125,0.39995938539505005,0.5199966430664062,0.6789877414703369
037169,0.567138671875,0.6384444832801819,0.5199966430664062,0.8146107196807861
037171,0.967041015625,0.9678088426589966,0.8122885227203369,0.9140424132347107
037173,0.968017578125,0.9680473208427429,1.0,0.9436894059181213
037174,0.197998046875,0.29690462350845337,0.1916866898536682,0.3798958361148834
037175,0.953369140625,0.9568940997123718,0.6543781161308289,0.5677124857902527
037177,0.9444172978401184,0.9519537687301636,0.6219719052314758,0.672804057598114
037180,0.260498046875,0.3629508316516876,0.18348374962806702,0.49216434359550476
037183,0.953369140625,0.960266649723053,0.7479812502861023,0.8674260973930359
037184,0.701171875,0.7051488161087036,0.5887562036514282,0.5706193447113037
037185,0.510498046875,0.5177016258239746,0.49935534596443176,0.7362489700317383
037186,0.619873046875,0.6265948414802551,0.5410870313644409,0.7266720533370972
037188,0.344482421875,0.38624337315559387,0.5977610945701599,0.6781367063522339
037189,0.503173828125,0.5137299299240112,0.3920743465423584,0.6735104918479919
037190,0.9668782353401184,0.9673734903335571,0.892719030380249,0.8251779079437256
037191,0.956298828125,0.9595874547958374,0.8195018768310547,0.7872878909111023
037192,0.940673828125,0.9494014978408813,0.5768473744392395,0.7236009240150452
037195,0.3599446713924408,0.4508949816226959,0.3001289367675781,0.6699864268302917
037198,0.9668782353401184,0.9674778580665588,0.7810032963752747,0.6770104765892029
037199,0.95703125,0.9577369689941406,0.7039180397987366,0.7352247834205627
037200,0.968017578125,0.9680593013763428,1.0,0.9184252023696899
037203,0.263671875,0.4264879524707794,0.15307211875915527,0.5960487127304077
037204,0.943115234375,0.952892541885376,0.6126077175140381,0.7977892756462097
037206,0.508056640625,0.5107234120368958,0.6509066820144653,0.6817553043365479
037207,0.455078125,0.5016326904296875,0.5907889604568481,0.762214720249176
037208,0.951904296875,0.9598925113677979,0.7122209072113037,0.9300591349601746
037209,0.967041015625,0.9678182005882263,0.8122885227203369,0.9075421690940857
037210,0.365234375,0.43098941445350647,0.3236317038536072,0.522480845451355
037211,0.365234375,0.3699951171875,0.5741883516311646,0.5659454464912415
037212,0.5694172978401184,0.5780752301216125,0.4635950028896332,0.6365325450897217
037213,0.967041015625,0.9676772952079773,0.8122885227203369,0.8778231143951416
037214,0.968017578125,0.9680527448654175,1.0,0.9204813838005066
037215,0.968017578125,0.9680505990982056,1.0,0.8793575763702393
037216,0.953369140625,0.9551655650138855,1.0,0.9904399514198303
037217,0.968017578125,0.9680616855621338,1.0,0.9398203492164612
037218,0.968017578125,0.9680626392364502,1.0,0.97641521692276
037220,0.580322265625,0.6183143258094788,0.86592036485672,0.9447805881500244
037221,0.953369140625,0.9577902555465698,0.912726640701294,0.9671054482460022
037222,0.5694172978401184,0.5757300853729248,0.5657033920288086,0.6789147853851318
037223,0.580322265625,0.6325260400772095,0.4618985950946808,0.6017399430274963
037225,0.703369140625,0.7103245854377747,0.6423966884613037,0.7987596988677979
037228,0.606689453125,0.6434149146080017,0.5334192514419556,0.7373947501182556
037229,0.4778645932674408,0.48122915625572205,0.4635950028896332,0.49281588196754456
037231,0.967041015625,0.9676817059516907,0.8122885227203369,0.7858140468597412
037233,0.968017578125,0.9680389165878296,1.0,0.8938851952552795
037237,0.571533203125,0.576207160949707,0.6676040887832642,0.7528762817382812
037238,0.584228515625,0.5849975943565369,0.6245770454406738,0.7232453227043152
037239,0.962158203125,0.9625271558761597,0.8420895934104919,0.8019722104072571
037240,0.304931640625,0.3936547636985779,0.2789600193500519,0.4491976201534271
037241,0.633056640625,0.6353217363357544,0.715326726436615,0.7612817883491516
037242,0.9668782353401184,0.9676832556724548,0.7810032963752747,0.8491697907447815
037243,0.967041015625,0.9677979946136475,0.8122885227203369,0.7822471261024475
037244,0.957763671875,0.9582539796829224,0.7236568927764893,0.7129973769187927
037245,0.967041015625,0.9673752188682556,0.9284793138504028,0.8054396510124207
037246,0.939453125,0.9491661787033081,0.489017516374588,0.5736908912658691
037247,0.23828125,0.3284095525741577,0.30167919397354126,0.6628522872924805
037248,0.9444172978401184,0.9509110450744629,0.6219719052314758,0.7666279673576355
037249,0.956298828125,0.9598596096038818,0.7169486284255981,0.7536001801490784
037251,0.968017578125,0.9680588841438293,1.0,0.8663445711135864
037252,0.959228515625,0.9597529768943787,0.7631344795227051,0.7188924551010132
037253,0.959228515625,0.9595943093299866,0.7631344795227051,0.6495797038078308
037254,0.503173828125,0.5163537263870239,0.3920743465423584,0.5302174687385559
037255,0.953369140625,0.9566940069198608,0.7479812502861023,0.6165924072265625
037256,0.374755859375,0.4771330952644348,0.28309693932533264,0.45332518219947815
037258,0.47265625,0.5013992190361023,0.6580725908279419,0.6981009244918823
037260,0.956298828125,0.9603546857833862,0.7169486284255981,0.8442642688751221
037261,0.712158203125,0.7124904990196228,0.7497180104255676,0.7801477909088135
037262,0.466064453125,0.5314671993255615,0.35480669140815735,0.45778870582580566
037263,0.9673665165901184,0.9676893353462219,1.0,0.9202964305877686
037264,0.967041015625,0.9674640893936157,0.8122885227203369,0.7296115756034851
037265,0.967041015625,0.9675347208976746,0.9284793138504028,0.8436090350151062
037267,0.953369140625,0.9578516483306885,0.912726640701294,0.8920385837554932
037268,0.940673828125,0.946043848991394,0.8770246505737305,0.9072554111480713
037269,0.44921875,0.5047683715820312,0.3585684597492218,0.6034820675849915
037270,0.9673665165901184,0.9676396250724792,0.8748590350151062,0.8128113746643066
037271,0.659423828125,0.6641618013381958,0.6764605641365051,0.7557924389839172
037273,0.9673665165901184,0.9677616953849792,0.8748590350151062,0.8898462057113647
037274,0.712158203125,0.7125253677368164,0.8569586873054504,0.8318976759910583
037275,0.9673665165901184,0.9677359461784363,1.0,0.9425429105758667
037276,0.967041015625,0.9678056836128235,0.8122885227203369,0.9429064989089966
037279,0.9444172978401184,0.9519675374031067,0.7589633464813232,0.8634511828422546
037281,0.9668782353401184,0.9677523374557495,0.7810032963752747,0.7847582101821899
037282,0.44921875,0.5164670944213867,0.32727500796318054,0.5521289110183716
037283,0.606689453125,0.6282745003700256,1.0,0.9304980635643005
037284,0.304931640625,0.4353903532028198,0.22860826551914215,0.5534663200378418
037285,0.946533203125,0.9534847140312195,0.8026000261306763,0.952582836151123
037287,0.0,0.0267857164144516,0.0,0.1717190444469452
037288,0.947998046875,0.9494400024414062,0.8348100185394287,0.906078577041626
037289,0.520263671875,0.5209476947784424,0.5620065331459045,0.6370291113853455
037290,0.518798828125,0.563460648059845,0.8046129941940308,0.8751408457756042
037291,0.9668782353401184,0.9677677154541016,0.7810032963752747,0.7927520871162415
037294,0.23046875,0.31731897592544556,0.1538141816854477,0.3673802316188812
037296,0.9444172978401184,0.9500570297241211,0.544137716293335,0.7261061668395996
037297,0.48828125,0.4887436330318451,0.5307213068008423,0.500901460647583
037299,0.959228515625,0.9594095349311829,0.9394869804382324,0.895746648311615
037301,0.300537109375,0.3588293194770813,0.4636814594268799,0.607100784778595
037303,0.951171875,0.951446533203125,0.694340705871582,0.5018476247787476
037304,0.34765625,0.3574320077896118,0.293855756521225,0.39513444900512695
037305,0.947998046875,0.955244243144989,0.5985158681869507,0.8121475577354431
037306,0.499755859375,0.5698899030685425,0.293855756521225,0.3606680929660797
037307,0.571533203125,0.5815858840942383,0.43686550855636597,0.7264788746833801
037308,0.956298828125,0.961047351360321,0.7169486284255981,0.7594813108444214
037310,0.9466145634651184,0.9550697803497314,0.5787770748138428,0.6500547528266907
037312,0.488037109375,0.5700606107711792,0.3265250623226166,0.4638001024723053
037313,0.953369140625,0.9603661894798279,0.6543781161308289,0.8561318516731262
037314,0.32421875,0.3349449336528778,0.25437816977500916,0.4829612076282501
037316,0.278564453125,0.33015674352645874,0.39664164185523987,0.4951018691062927
037317,0.703369140625,0.7089457511901855,0.6423966884613037,0.6835855841636658
037319,0.520263671875,0.520836353302002,0.5620065331459045,0.6999245285987854
037321,0.9673665165901184,0.967711329460144,1.0,0.9123402237892151
037323,0.580322265625,0.6209081411361694,0.4040961265563965,0.5915782451629639
037324,0.962158203125,0.9625033140182495,0.9625431895256042,0.8419005274772644
037326,0.962158203125,0.9624130725860596,0.8420895934104919,0.7341122031211853
037327,0.219970703125,0.3039220869541168,0.18348374962806702,0.4209078252315521
037328,0.94140625,0.953639566898346,0.5900454521179199,0.7965789437294006
037329,0.499755859375,0.5162537693977356,0.629690945148468,0.5003063678741455
037330,0.951171875,0.9580197334289551,0.694340705871582,0.7718517780303955
037331,0.3059895932674408,0.3846183717250824,0.2836383283138275,0.5954145193099976
037332,0.947998046875,0.9525519609451294,0.8348100185394287,0.9010939002037048
037333,0.499755859375,0.6021338701248169,0.3358892798423767,0.5155636668205261
037334,0.701171875,0.701904296875,0.7871269583702087,0.830302894115448
037338,0.9388020634651184,0.9452107548713684,0.7782489061355591,0.9296175837516785
037339,0.508056640625,0.5122182369232178,0.6509066820144653,0.7687218189239502
037340,0.393798828125,0.4563516676425934,0.38908666372299194,0.5257046818733215
037341,0.0,0.01875000074505806,0.0,0.05133518576622009
037342,0.580322265625,0.6224802136421204,0.4618985950946808,0.5589706897735596
037343,0.967041015625,0.9673486948013306,0.9284793138504028,0.8298256397247314
037345,0.966796875,0.9672906398773193,0.8748388290405273,0.7530215382575989
037346,0.560546875,0.6040741205215454,0.7653606534004211,0.7013714909553528
037347,0.633056640625,0.6371857523918152,0.5862115621566772,0.673416256904602
037350,0.967041015625,0.9678099155426025,0.8122885227203369,0.7307522296905518
037354,0.659423828125,0.6632453203201294,0.6764605641365051,0.8108275532722473
037355,0.633056640625,0.638634204864502,0.5128524899482727,0.6553277373313904
037357,0.490234375,0.5786023736000061,0.38805168867111206,0.5532442331314087
037359,0.94140625,0.946597695350647,0.7200049757957458,0.6847761869430542
037360,0.943359375,0.9513435959815979,0.5284951329231262,0.6128377318382263
037362,0.966796875,0.9674732685089111,0.7653606534004211,0.6945846676826477
037364,0.659423828125,0.6643027663230896,0.5918076038360596,0.8024370074272156
037365,0.659423828125,0.6633322834968567,0.5918076038360596,0.6662355661392212
037366,0.5694172978401184,0.5764333605766296,0.4635950028896332,0.5247429609298706
037367,0.304931640625,0.3097207248210907,1.0,0.9328468441963196
037369,0.956298828125,0.9592204093933105,0.7169486284255981,0.727421224117279
037371,0.518798828125,0.576016902923584,0.4535067081451416,0.6105834245681763
037372,0.9673665165901184,0.9678969383239746,0.8748590350151062,0.9512830972671509
037373,0.3125,0.32611826062202454,0.2682024836540222,0.5901113748550415
037376,0.95703125,0.9574229717254639,0.8046074509620667,0.7470790147781372
037377,0.21875,0.2902619540691376,0.15793579816818237,0.310799241065979
037378,0.47265625,0.5814265608787537,0.2659246027469635,0.40522876381874084
037380,0.9507649540901184,0.9556628465652466,0.6379934549331665,0.7253751158714294
037381,0.956298828125,0.9610368013381958,0.8195018768310547,0.8534644842147827
037382,0.9375,0.9375,0.5364049673080444,0.36381176114082336
037383,0.959228515625,0.9599876999855042,0.7631344795227051,0.8337968587875366
037385,0.968017578125,0.9680623412132263,1.0,0.8922088742256165
037386,0.966796875,0.9672966003417969,0.8748388290405273,0.8880048990249634
037388,0.212890625,0.3229827880859375,0.28110769391059875,0.6727261543273926
037389,0.571533203125,0.5783829689025879,0.49935534596443176,0.6434609293937683
037392,0.967041015625,0.9674774408340454,0.9284793138504028,0.8564646244049072
037393,0.4778645932674408,0.4840298593044281,0.5657033920288086,0.7041441202163696
037394,0.943115234375,0.9488158822059631,0.5359453558921814,0.4922720491886139
037395,0.393798828125,0.4692249596118927,0.2789551615715027,0.4157807230949402
037396,0.25390625,0.32344233989715576,0.21157628297805786,0.37989625334739685
037397,0.701171875,0.7028656005859375,0.7871269583702087,0.7662801742553711
037398,0.701904296875,0.7052561640739441,0.6066363453865051,0.5718910098075867
037399,0.9668782353401184,0.9674656987190247,0.7810032963752747,0.7421240210533142
037400,0.9673665165901184,0.967592716217041,1.0,0.8559913635253906
037402,0.365234375,0.42538145184516907,0.3236317038536072,0.41548779606819153
037406,0.091796875,0.22396917641162872,0.07116833329200745,0.3006210923194885
037407,0.953369140625,0.9566795229911804,0.6543781161308289,0.585561990737915
037408,0.946533203125,0.9505027532577515,0.6577322483062744,0.5627354383468628
037410,0.9673665165901184,0.9677555561065674,0.8748590350151062,0.9221153259277344
037411,0.968017578125,0.9680566787719727,1.0,0.9018778204917908
037412,0.951171875,0.9566017985343933,0.694340705871582,0.7078800797462463
037415,0.0625,0.25821858644485474,0.053640495985746384,0.36029863357543945
037416,0.939453125,0.9461050033569336,0.489017516374588,0.4695638120174408
037417,0.505615234375,0.5134469866752625,0.5220667123794556,0.6597773432731628
037419,0.968017578125,0.9680646061897278,1.0,0.9062032699584961
037420,0.300537109375,0.4060249328613281,0.2163846641778946,0.4597022533416748
037421,0.957763671875,0.9584940075874329,0.7236568927764893,0.8340840339660645
037424,0.47265625,0.4767611622810364,0.5961002111434937,0.6831244826316833
037425,0.94140625,0.9512104392051697,0.5900454521179199,0.6963595747947693
037426,0.503173828125,0.5163798928260803,0.3920743465423584,0.5460274815559387
037427,0.51953125,0.5746570825576782,0.3754834830760956,0.515425980091095
037429,0.9673665165901184,0.9676238298416138,1.0,0.9899142980575562
037430,0.47265625,0.5195325613021851,0.6580725908279419,0.859199583530426
037432,0.571533203125,0.5816065669059753,0.43686550855636597,0.5991731286048889
037434,0.968017578125,0.9680563807487488,1.0,0.9768521189689636
037435,0.366455078125,0.37496548891067505,0.398443341255188,0.6222301721572876
037441,0.946533203125,0.9538140892982483,0.575423002243042,0.6573473215103149
037442,0.953369140625,0.9592230916023254,0.6543781161308289,0.7022170424461365
037443,0.701904296875,0.7076658606529236,0.5307213068008423,0.6510809659957886
037444,0.968017578125,0.9680569171905518,1.0,0.9245427846908569
037445,0.9673665165901184,0.9675676226615906,1.0,0.8837516903877258
037446,0.455078125,0.5249209403991699,0.33298835158348083,0.4640044569969177
037448,0.953369140625,0.9602479934692383,0.7479812502861023,0.8356276154518127
037449,0.560546875,0.580322265625,0.7653606534004211,0.921786904335022
037450,0.9668782353401184,0.9676158428192139,0.7810032963752747,0.8177866339683533
037451,0.967041015625,0.967646598815918,0.8122885227203369,0.8347315788269043
037454,0.703369140625,0.7049707770347595,0.6423966884613037,0.5701817870140076
037457,0.712158203125,0.7126914262771606,0.7497180104255676,0.8648163080215454
037459,0.967041015625,0.9671154022216797,0.8122885227203369,0.7447382807731628
037461,0.703369140625,0.7080717086791992,0.6423966884613037,0.7457919120788574
037464,0.61328125,0.6195136904716492,0.5185247659683228,0.5947612524032593
037465,0.4375,0.5303846597671509,0.30545666813850403,0.5791166424751282
037466,0.939453125,0.9493030309677124,0.489017516374588,0.6655331254005432
037467,0.95703125,0.957633912563324,0.8046074509620667,0.7114158868789673
037469,0.5694172978401184,0.5734465718269348,0.4055802822113037,0.36171668767929077
037470,0.9673665165901184,0.9676559567451477,1.0,0.8977646827697754
037471,0.95703125,0.9578858613967896,0.7039180397987366,0.8297051191329956
037472,0.9507649540901184,0.9576254487037659,0.7292529344558716,0.8301805853843689
037473,0.633056640625,0.6339915990829468,0.715326726436615,0.6055119037628174
037475,0.703369140625,0.7079319953918457,0.7838867902755737,0.7860609889030457
037477,0.943359375,0.9522994160652161,0.6040917634963989,0.7754836678504944
037478,0.951904296875,0.9558714628219604,0.6230928897857666,0.5854321122169495
037480,0.946533203125,0.9528750777244568,0.6577322483062744,0.6471643447875977
037481,0.951904296875,0.9586157202720642,0.6230928897857666,0.6906319260597229
037482,0.956298828125,0.9611539840698242,0.7169486284255981,0.9130544066429138
037483,0.9507649540901184,0.9542365670204163,0.7292529344558716,0.7315673232078552
037484,0.959228515625,0.9597534537315369,0.8722942471504211,0.9293320178985596
037485,0.431884765625,0.49423864483833313,0.390377938747406,0.6150859594345093
037487,0.2044270783662796,0.26233261823654175,0.12516115605831146,0.1665290892124176
037488,0.61328125,0.6176726818084717,0.5185247659683228,0.496136337518692
037492,0.9673665165901184,0.967654824256897,0.8748590350151062,0.8000631332397461
037493,0.08984375,0.236854687333107,0.06666666269302368,0.26031914353370667
037494,0.9444172978401184,0.9528999328613281,0.6219719052314758,0.7393773794174194
037495,0.956298828125,0.9583696126937866,1.0,0.8090213537216187
037496,0.16796875,0.283305823802948,0.12923716008663177,0.41418206691741943
037497,0.966796875,0.9674922227859497,0.8748388290405273,0.8632306456565857
037498,0.706298828125,0.7096385359764099,0.6245770454406738,0.7558028101921082
037501,0.03125,0.22553594410419464,0.022562257945537567,0.413526713848114
037504,0.388427734375,0.3971020579338074,0.3251410126686096,0.4466567039489746
037505,0.701904296875,0.7062888741493225,0.6066363453865051,0.6033591032028198
037506,0.03125,0.1337890625,0.022562257945537567,0.09873286634683609
037507,0.304931640625,0.40611210465431213,0.22860826551914215,0.4621025323867798
037509,0.953369140625,0.9561775326728821,0.6543781161308289,0.5216827392578125
037510,0.943359375,0.9453231692314148,0.9184463024139404,0.8686531782150269
037512,0.953369140625,0.9582504034042358,0.7479812502861023,0.7756349444389343
037515,0.9375,0.9529055953025818,0.4692787230014801,0.711967945098877
037516,0.946533203125,0.953079342842102,0.6577322483062744,0.7224807143211365
037518,0.706298828125,0.7084617614746094,0.871160089969635,0.8861388564109802
037519,0.0625,0.28868362307548523,0.043636664748191833,0.3810265362262726
037520,0.9375,0.9379340410232544,0.9298905730247498,0.9485522508621216
037521,0.21875,0.3277512788772583,0.19272169470787048,0.48641064763069153
037524,0.531982421875,0.5808819532394409,0.39804574847221375,0.5467782020568848
037527,0.9507649540901184,0.9562876224517822,0.7292529344558716,0.8816013932228088
037529,0.0,0.109375,0.0,0.13574671745300293
037530,0.520263671875,0.5208608508110046,0.5620065331459045,0.6107981204986572
037533,0.953369140625,0.9579200744628906,0.6543781161308289,0.8013049960136414
037535,0.968017578125,0.9680547714233398,1.0,0.9253919124603271
037536,0.9507649540901184,0.9542356133460999,0.8898733854293823,0.8241833448410034
037537,0.968017578125,0.9680508375167847,1.0,0.8554790019989014
037538,0.947998046875,0.9529863595962524,0.6841284036636353,0.694715678691864
037539,0.953369140625,0.9581817388534546,0.912726640701294,0.9724177718162537
037540,0.9444172978401184,0.9547678828239441,0.6219719052314758,0.8814598321914673
037542,0.712158203125,0.7124797105789185,0.7497180104255676,0.6979349255561829
037543,0.9466145634651184,0.9512843489646912,0.6615661382675171,0.6977083683013916
037544,0.393798828125,0.4615231454372406,0.31885725259780884,0.5369764566421509
037545,0.940673828125,0.948766827583313,0.5046601295471191,0.5497897863388062
037548,0.706298828125,0.7097501158714294,0.6245770454406738,0.6413337588310242
037549,0.9673665165901184,0.9677568674087524,1.0,0.9044483304023743
037550,0.19921875,0.30768921971321106,0.16092148423194885,0.5357031226158142
037551,0.3599446713924408,0.422080397605896,0.36623337864875793,0.6497637033462524
037552,0.943359375,0.9543527364730835,0.6040917634963989,0.779986560344696
037553,0.9668782353401184,0.9673253297805786,0.7810032963752747,0.6705849170684814
037554,0.9673665165901184,0.9677076935768127,0.8748590350151062,0.8086268901824951
037557,0.968017578125,0.9680538773536682,1.0,0.8777262568473816
037558,0.267578125,0.33432793617248535,0.23635835945606232,0.3830638527870178
037559,0.520263671875,0.5207790732383728,0.6423966884613037,0.6062480211257935
037561,0.4375,0.5231379866600037,0.2503223121166229,0.353949636220932
037562,0.951171875,0.957897424697876,0.694340705871582,0.7979918718338013
037563,0.520263671875,0.5210095643997192,0.5620065331459045,0.7489702105522156
037564,0.953369140625,0.9579979181289673,0.912726640701294,0.9513975381851196
037565,0.962158203125,0.9626787304878235,0.8420895934104919,0.7978245615959167
037566,0.9444172978401184,0.9489391446113586,0.6219719052314758,0.5446348786354065
037567,0.584228515625,0.5845502018928528,0.7139173746109009,0.7752261757850647
037569,0.940673828125,0.9527532458305359,0.5046601295471191,0.8006906509399414
037571,0.3599446713924408,0.41584768891334534,0.3001289367675781,0.4928704500198364
037572,0.968017578125,0.968059241771698,1.0,0.9305422306060791
037575,0.571533203125,0.5801628232002258,0.43686550855636597,0.5966944098472595
037577,0.9507649540901184,0.9576497673988342,0.6379934549331665,0.7334449291229248
037578,0.940673828125,0.9513349533081055,0.5046601295471191,0.6399052739143372
037579,0.967041015625,0.9678084254264832,0.8122885227203369,0.8629058003425598
037580,0.953369140625,0.9576153755187988,0.7479812502861023,0.7078828811645508
037581,0.962158203125,0.9623607993125916,0.9625431895256042,0.9588856101036072
037583,0.518798828125,0.6087568998336792,0.4535067081451416,0.7358623147010803
037585,0.968017578125,0.9680554866790771,1.0,0.9220654964447021
037586,0.968017578125,0.9680578708648682,1.0,0.9054047465324402
037589,0.943115234375,0.9546889662742615,0.5359453558921814,0.8382636904716492
037590,0.39453125,0.4001199007034302,0.5199966430664062,0.6165190935134888
037592,0.344482421875,0.41695505380630493,0.31885725259780884,0.6486776471138
037593,0.469970703125,0.4769236445426941,0.4431702494621277,0.6478400826454163
037594,0.957763671875,0.9583652019500732,0.7236568927764893,0.6855334639549255
037595,0.518798828125,0.5523113012313843,1.0,0.9547823667526245
037596,0.951904296875,0.9552275538444519,0.8690900206565857,0.7770184874534607
037597,0.962158203125,0.9624751210212708,0.9625431895256042,0.9030115008354187
037598,0.260498046875,0.33432096242904663,0.22389668226242065,0.36177095770835876
037601,0.968017578125,0.968048632144928,1.0,0.8813855051994324
037602,0.947998046875,0.9534567594528198,0.6841284036636353,0.7970537543296814
037603,0.584228515625,0.584784984588623,0.6245770454406738,0.6233517527580261
037606,0.44921875,0.5552902817726135,0.3585684597492218,0.6308991312980652
037607,0.953369140625,0.9572620391845703,0.7479812502861023,0.65477454662323
037611,0.0625,0.09296874701976776,0.14433082938194275,0.2560003995895386
037613,0.9668782353401184,0.9675535559654236,0.7810032963752747,0.8481997847557068
037614,0.943115234375,0.9529947638511658,0.5359453558921814,0.7242194414138794
037616,0.499755859375,0.5900400876998901,0.3358892798423767,0.6686543822288513
037617,0.9673665165901184,0.9678449034690857,0.8748590350151062,0.8935951590538025
037618,0.968017578125,0.9680620431900024,1.0,0.9399981498718262
037622,0.956298828125,0.9592728614807129,1.0,0.8895152807235718
037623,0.9673665165901184,0.967643678188324,0.8748590350151062,0.7831616997718811
037624,0.968017578125,0.9680671095848083,1.0,0.936882734298706
037625,0.968017578125,0.968063473701477,1.0,0.9800580739974976
037626,0.947998046875,0.9512261748313904,0.8348100185394287,0.9133545160293579
037628,0.967041015625,0.967415452003479,0.9284793138504028,0.9737171530723572
037630,0.1875,0.20273438096046448,0.5562983751296997,0.7171046733856201
037631,0.957763671875,0.9585084319114685,0.7236568927764893,0.6299704313278198
037632,0.953369140625,0.9588009715080261,0.7479812502861023,0.8306939601898193
037633,0.9375,0.9388020634651184,0.7171369194984436,0.7449735999107361
037634,0.584228515625,0.5845859050750732,0.7139173746109009,0.7170315980911255
037637,0.580322265625,0.580322265625,1.0,0.8404207229614258
037639,0.943115234375,0.9497401714324951,0.7475366592407227,0.7581658959388733
037640,0.943115234375,0.9490722417831421,0.6126077175140381,0.609661340713501
037641,0.9673665165901184,0.9678992033004761,0.8748590350151062,0.9172403216362
037642,0.968017578125,0.9680598974227905,1.0,0.9341508150100708
037644,0.940673828125,0.9474034905433655,0.5046601295471191,0.4772643446922302
037645,0.263671875,0.40233084559440613,0.15307211875915527,0.4976779818534851
037646,0.9673665165901184,0.9676081538200378,1.0,0.8430812954902649
037647,0.432373046875,0.44039100408554077,0.4040961265563965,0.6602821350097656
037649,0.580322265625,0.6329168081283569,0.4618985950946808,0.61407470703125
037651,0.956298828125,0.9610835909843445,0.7169486284255981,0.7840912342071533
037652,0.488037109375,0.5817617774009705,0.2856633961200714,0.5447760224342346
037653,0.150390625,0.2390594482421875,0.10344710201025009,0.19587934017181396
037654,0.956298828125,0.9610856771469116,0.8195018768310547,0.8749426007270813
037657,0.712158203125,0.7123429179191589,0.8569586873054504,0.7681849598884583
037660,0.219970703125,0.3411368429660797,0.18348374962806702,0.5515117645263672
037661,0.9466145634651184,0.95376056432724,0.6615661382675171,0.796014130115509
037663,0.469970703125,0.4789370596408844,0.3877114951610565,0.5560576319694519
037664,0.568359375,0.5772424340248108,0.4457148313522339,0.5817204713821411
037665,0.455078125,0.585111141204834,0.23873552680015564,0.6250420212745667
037666,0.2122395932674408,0.28294119238853455,0.19284793734550476,0.28223803639411926
037667,0.606689453125,0.6432709097862244,0.5334192514419556,0.7164679169654846
037668,0.943359375,0.9557884335517883,0.5284951329231262,0.7854444980621338
037669,0.508056640625,0.5112473964691162,0.46666663885116577,0.46208369731903076
037670,0.951904296875,0.9565461277961731,0.7122209072113037,0.700711190700531
037671,0.9673665165901184,0.9676489233970642,0.8748590350151062,0.7223391532897949
037672,0.3059895932674408,0.3274129331111908,0.625433623790741,0.7497534155845642
037674,0.580322265625,0.6229790449142456,0.5636333227157593,0.7770090699195862
037675,0.95703125,0.9573836922645569,0.8046074509620667,0.7446312308311462
037676,0.3059895932674408,0.3934682309627533,0.3107593357563019,0.5964940786361694
037678,0.968017578125,0.9680492281913757,1.0,0.9752117991447449
037679,0.9668782353401184,0.9674869179725647,0.7810032963752747,0.7667786478996277
037680,0.967041015625,0.9673104286193848,0.8122885227203369,0.6982246041297913
037681,0.94140625,0.9478682279586792,0.5900454521179199,0.5803015232086182
037682,0.261474609375,0.3671499788761139,0.20000000298023224,0.6149636507034302
037683,0.48828125,0.4890783429145813,0.5307213068008423,0.666904866695404
037684,0.1458333432674408,0.2398136556148529,0.15272833406925201,0.4158511757850647
037685,0.374755859375,0.4507337212562561,0.24766992032527924,0.3804498612880707
037686,0.344482421875,0.4148639142513275,0.38908666372299194,0.560203492641449
037687,0.228759765625,0.3031463623046875,0.2245950698852539,0.4418964982032776
037689,0.9388020634651184,0.9527638554573059,0.5542851090431213,0.8555662631988525
037690,0.9673665165901184,0.9676068425178528,1.0,0.787887692451477
037692,0.659423828125,0.6613550186157227,0.8254533410072327,0.8380223512649536
037693,0.959228515625,0.9595870971679688,0.8722942471504211,0.754308819770813
037694,0.701904296875,0.7026767730712891,0.8110315203666687,0.8240687847137451
037696,0.966796875,0.9669433832168579,0.7653606534004211,0.6825702786445618
037697,0.962158203125,0.9625334143638611,0.9625431895256042,0.9245489835739136
037698,0.94140625,0.9503130316734314,0.5900454521179199,0.7103725671768188
037699,0.959228515625,0.959912121295929,0.7631344795227051,0.7710059881210327
037701,0.212890625,0.212890625,0.28110769391059875,0.23089727759361267
037704,0.4778645932674408,0.4863714873790741,0.4055802822113037,0.6255828142166138
037705,0.4778645932674408,0.4863051772117615,0.4635950028896332,0.6388751864433289
037706,0.32421875,0.33298400044441223,0.25437816977500916,0.3972514569759369
037707,0.505615234375,0.5141971707344055,0.37429502606391907,0.4911400377750397
037708,0.432373046875,0.4383842349052429,0.4618985950946808,0.6136460900306702
037709,0.488037109375,0.49138450622558594,0.3265250623226166,0.3082238733768463
037710,0.659423828125,0.6622176766395569,0.6764605641365051,0.6654436588287354
037712,0.61328125,0.6192595958709717,0.4536360800266266,0.6464689373970032
037714,0.263671875,0.39819926023483276,0.21350501477718353,0.5001510977745056
037715,0.9507649540901184,0.9529609084129333,0.8898733854293823,0.7965396642684937
037716,0.9668782353401184,0.96751469373703,0.892719030380249,0.9634642004966736
037718,0.9507649540901184,0.9543331265449524,0.6379934549331665,0.5705515742301941
037719,0.3059895932674408,0.36814814805984497,0.4357588291168213,0.6861941814422607
037721,0.968017578125,0.9680613875389099,1.0,0.8970696926116943
037722,0.560546875,0.580322265625,0.4981783330440521,0.4113699793815613
037723,0.571533203125,0.5773184895515442,0.49935534596443176,0.5754218101501465
037724,0.323974609375,0.42713189125061035,0.2550044059753418,0.512552797794342
037726,0.951904296875,0.9599683880805969,0.6230928897857666,0.9001383185386658
037728,0.966796875,0.9675498604774475,0.7653606534004211,0.747842013835907
037730,0.943359375,0.946928083896637,0.5284951329231262,0.4688061475753784
037731,0.388427734375,0.3959939181804657,0.3716495931148529,0.6201503872871399
037733,0.957763671875,0.9582741856575012,0.8271697163581848,0.7704433798789978
037735,0.9673665165901184,0.9676936268806458,1.0,0.914669930934906
037736,0.9507649540901184,0.9511306881904602,0.8898733854293823,0.7241917848587036
037737,0.393798828125,0.4665820896625519,0.38908666372299194,0.6018368005752563
037738,0.9388020634651184,0.9388020634651184,0.6763683557510376,0.5810835957527161
037739,0.953369140625,0.9586464762687683,0.7479812502861023,0.7402576804161072
037740,0.450927734375,0.4573090672492981,0.39804574847221375,0.43522992730140686
037741,0.431884765625,0.45400384068489075,0.3415256440639496,0.3446672856807709
037742,0.556884765625,0.6041659116744995,0.4431702494621277,0.6613835692405701
037746,0.580322265625,0.6297997236251831,0.4040961265563965,0.5013846158981323
037748,0.47265625,0.5555945634841919,0.5698384642601013,0.7898872494697571
037750,0.951904296875,0.9574921727180481,0.7122209072113037,0.7693413496017456
037751,0.701171875,0.70941162109375,0.5150786638259888,0.6553732752799988
037752,0.953369140625,0.9569476842880249,0.912726640701294,0.8891562223434448
037753,0.951171875,0.9557495713233948,0.694340705871582,0.6953610777854919
037754,0.9375,0.9395267367362976,0.7171369194984436,0.7500230669975281
037759,0.3125,0.32375335693359375,0.2682024836540222,0.5137823224067688
037760,0.09375,0.09375,0.1821252405643463,0.156795933842659
037761,0.146728515625,0.2611567974090576,0.1366233378648758,0.4878753125667572
037764,0.567138671875,0.6397729516029358,0.4261382520198822,0.715188205242157
037765,0.61328125,0.6160705089569092,0.5185247659683228,0.47167402505874634
037767,0.432373046875,0.438374787569046,0.4040961265563965,0.5419593453407288
037768,0.946533203125,0.9515000581741333,0.6577322483062744,0.6500462293624878
037769,0.940673828125,0.9481056928634644,0.7038999795913696,0.8120136260986328
037774,0.261474609375,0.32603609561920166,0.4285714626312256,0.679558277130127
037775,0.953369140625,0.9556483030319214,0.7479812502861023,0.6645956039428711
037776,0.947998046875,0.9528027176856995,0.8348100185394287,0.8800438046455383
037777,0.518798828125,0.5929678082466125,0.3716495931148529,0.6694427728652954
037778,0.9673665165901184,0.9678221940994263,0.8748590350151062,0.8876799941062927
037779,0.706298828125,0.710395336151123,0.6245770454406738,0.7381379008293152
037781,0.499755859375,0.6053415536880493,0.3358892798423767,0.677461564540863
037782,0.520263671875,0.5210161209106445,0.5620065331459045,0.7435604333877563
037783,0.953369140625,0.9554712772369385,0.912726640701294,0.8678046464920044
037784,0.962158203125,0.9624875783920288,0.8420895934104919,0.8306305408477783
037787,0.633056640625,0.6351394653320312,0.715326726436615,0.7341503500938416
037791,0.556884765625,0.618512749671936,0.5407800078392029,0.719773530960083
037792,0.9668782353401184,0.9668782353401184,1.0,1.0
037793,0.571533203125,0.5815771222114563,0.49935534596443176,0.692636251449585
037794,0.966796875,0.9674869775772095,0.7653606534004211,0.7413832545280457
037797,0.531982421875,0.5792245864868164,0.48571667075157166,0.588923990726471
037799,0.967041015625,0.9675021171569824,0.9284793138504028,0.8744451999664307
037800,0.584228515625,0.5849981904029846,0.6245770454406738,0.737872838973999
037803,0.393798828125,0.4660237431526184,0.38908666372299194,0.5889562368392944
037806,0.946533203125,0.9555458426475525,0.6577322483062744,0.8905691504478455
037807,0.967041015625,0.9674506187438965,0.8122885227203369,0.8742732405662537
037808,0.374755859375,0.44007018208503723,0.3454500138759613,0.5266817808151245
037811,0.701904296875,0.7081418037414551,0.5307213068008423,0.6337098479270935
037812,0.712158203125,0.7125160098075867,0.7497180104255676,0.7185981273651123
037815,0.9507649540901184,0.9548851847648621,0.8898733854293823,0.83272784948349
037816,0.261474609375,0.34449589252471924,0.22860826551914215,0.6230199933052063
037818,0.9673665165901184,0.9678439497947693,0.8748590350151062,0.9695132970809937
037819,0.967041015625,0.9675251841545105,0.8122885227203369,0.7349267601966858
037820,0.304931640625,0.4361110329627991,0.2789600193500519,0.7307095527648926
037822,0.197998046875,0.2998170256614685,0.1916866898536682,0.4612714350223541
037824,0.959228515625,0.9600051641464233,0.7631344795227051,0.8478897213935852
037826,0.712158203125,0.7126948237419128,0.7497180104255676,0.8748934864997864
037827,0.9673665165901184,0.9676756858825684,1.0,0.9423481822013855
037828,0.947998046875,0.953484296798706,0.6841284036636353,0.7813574075698853
037829,0.968017578125,0.9680522084236145,1.0,0.8700219988822937
037830,0.946533203125,0.9538388252258301,0.6577322483062744,0.7061119675636292
037832,0.9444172978401184,0.9539731740951538,0.6219719052314758,0.7177221179008484
037833,0.957763671875,0.9585065245628357,0.7236568927764893,0.870213508605957
037835,0.9673665165901184,0.9675907492637634,0.8748590350151062,0.663899302482605
037836,0.951904296875,0.9541282057762146,0.7122209072113037,0.5834566950798035
037838,0.9668782353401184,0.9672428965568542,0.892719030380249,0.8663098812103271
037839,0.510498046875,0.5135711431503296,0.6093400716781616,0.6618857383728027
037841,0.962158203125,0.9626059532165527,0.8420895934104919,0.9256851673126221
037842,0.968017578125,0.9680555462837219,1.0,0.9050881862640381
037844,0.967041015625,0.9674859046936035,0.8122885227203369,0.7984724044799805
037847,0.953369140625,0.9570176005363464,0.6543781161308289,0.6204704642295837
037849,0.968017578125,0.9680465459823608,1.0,0.9376808404922485
037850,0.9673665165901184,0.9677645564079285,0.8748590350151062,0.8395112156867981
037851,0.490234375,0.500946044921875,0.8556691408157349,0.8776899576187134
037853,0.706298828125,0.711138129234314,0.6245770454406738,0.7796368598937988
037855,0.34765625,0.360116571187973,0.293855756521225,0.5780947208404541
037858,0.706298828125,0.7097964882850647,0.7139173746109009,0.7600010633468628
037861,0.946533203125,0.9545028805732727,0.6577322483062744,0.7865803241729736
037862,0.957763671875,0.9582794308662415,0.7236568927764893,0.7074908018112183
037863,0.499755859375,0.5825720429420471,0.293855756521225,0.6176195740699768
037865,0.953369140625,0.9585661292076111,0.6543781161308289,0.7569869756698608
037866,0.968017578125,0.968059241771698,1.0,0.9832242727279663
037867,0.4700520932674408,0.4803113043308258,0.3117245137691498,0.6023676991462708
037868,0.968017578125,0.9680464863777161,1.0,0.8936875462532043
037869,0.957763671875,0.958334743976593,0.7236568927764893,0.7274919152259827
037870,0.962158203125,0.962516188621521,0.8420895934104919,0.7926663160324097
037872,0.9673665165901184,0.9676576852798462,0.8748590350151062,0.7534089684486389
037873,0.518798828125,0.5362052917480469,1.0,1.0
037874,0.962158203125,0.9623619914054871,0.9625431895256042,0.7831038236618042
037875,0.580322265625,0.6236577033996582,0.5636333227157593,0.712549090385437
037876,0.956298828125,0.9579295516014099,0.7169486284255981,0.5924074649810791
037878,0.9673665165901184,0.9678947925567627,0.8748590350151062,0.8790231943130493
037879,0.469970703125,0.4799253046512604,0.4431702494621277,0.643057644367218
037880,0.9673665165901184,0.9678955674171448,0.8748590350151062,0.9300904273986816
037882,0.956298828125,0.9611518979072571,0.7169486284255981,0.8842970728874207
037884,0.633056640625,0.6388267874717712,0.5862115621566772,0.6765052080154419
037885,0.943115234375,0.9518526792526245,0.6126077175140381,0.7532439231872559
037886,0.962158203125,0.9625687003135681,0.8420895934104919,0.8858730792999268
037888,0.39453125,0.40222859382629395,0.37281090021133423,0.6330385208129883
037891,0.951904296875,0.9586794972419739,0.7122209072113037,0.8309651613235474
037892,0.947998046875,0.9505608677864075,0.6841284036636353,0.7019363641738892
037893,0.450927734375,0.4580232799053192,0.39804574847221375,0.5475712418556213
037894,0.968017578125,0.9680764079093933,1.0,0.8301840424537659
037895,0.9673665165901184,0.9679023623466492,0.8748590350151062,0.9591072201728821
037897,0.95703125,0.9579760432243347,0.7039180397987366,0.7941717505455017
037898,0.951171875,0.9522705078125,0.694340705871582,0.7002032399177551
037899,0.520263671875,0.5207991600036621,0.6423966884613037,0.6902816295623779
037900,0.968017578125,0.968061089515686,1.0,0.9721896052360535
037901,0.0,0.0267857164144516,0.0,0.10646463930606842
037902,0.947998046875,0.9500998258590698,0.8348100185394287,0.9153957962989807
037903,0.659423828125,0.6634785532951355,0.5918076038360596,0.7424755692481995
037904,0.712158203125,0.7125886082649231,0.7497180104255676,0.8458832502365112
037905,0.968017578125,0.9680767059326172,1.0,0.9449557065963745
037907,0.518798828125,0.5862218141555786,0.4535067081451416,0.6777627468109131
037908,0.701904296875,0.7078784704208374,0.6066363453865051,0.7478436827659607
037909,0.968017578125,0.9680575132369995,1.0,0.9834764003753662
037910,0.9673665165901184,0.9676462411880493,0.8748590350151062,0.7247146368026733
037911,0.939453125,0.9433417916297913,0.7473011612892151,0.7234043478965759
037912,0.9507649540901184,0.9507649540901184,0.7292529344558716,0.6345137357711792
037914,0.0625,0.0842633917927742,0.23463936150074005,0.3910655975341797
037919,0.518798828125,0.5740532279014587,0.6967307925224304,0.7217616438865662
037920,0.365234375,0.41613712906837463,0.3236317038536072,0.4036642014980316
037922,0.450927734375,0.4598032832145691,0.48571667075157166,0.5838585495948792
037923,0.197998046875,0.28666290640830994,0.2100154310464859,0.49009594321250916
037927,0.490234375,0.5331404209136963,0.5961710214614868,0.5421226620674133
037928,0.9507649540901184,0.9543012976646423,0.8898733854293823,0.8640791177749634
037930,0.967041015625,0.96781325340271,0.8122885227203369,0.8077595829963684
037931,0.4375,0.44140625,0.30545666813850403,0.2968454658985138
037932,0.9466145634651184,0.9497410655021667,0.6615661382675171,0.5631938576698303
037933,0.968017578125,0.9680635929107666,1.0,0.9512722492218018
037934,0.956298828125,0.9593477845191956,0.8195018768310547,0.762713611125946
037935,0.9673665165901184,0.9676381945610046,1.0,0.8441109657287598
037936,0.9673665165901184,0.9676377773284912,0.8748590350151062,0.7590292096138
037937,0.9668782353401184,0.9673231244087219,0.892719030380249,0.7862744927406311
037938,0.968017578125,0.9680472016334534,1.0,0.9135898351669312
037940,0.968017578125,0.9680560827255249,1.0,0.9232475757598877
037941,0.943115234375,0.9513657093048096,0.7475366592407227,0.7113319635391235
037943,0.943115234375,0.9512970447540283,0.7475366592407227,0.8753305077552795
037944,0.47265625,0.5191356539726257,0.8178747296333313,0.9333909153938293
037945,0.9507649540901184,0.9563275575637817,0.7292529344558716,0.8686970472335815
037947,0.091796875,0.17715102434158325,0.12626707553863525,0.2912682592868805
037949,0.659423828125,0.6642183661460876,0.6764605641365051,0.7968862652778625
037952,0.584228515625,0.5846174955368042,0.7139173746109009,0.722449541091919
037953,0.344482421875,0.39901983737945557,0.2789551615715027,0.5318617224693298
037954,0.9673665165901184,0.9675441980361938,1.0,0.9494121074676514
037955,0.556884765625,0.6192280054092407,0.5407800078392029,0.8041443228721619
037956,0.505615234375,0.5159318447113037,0.427834689617157,0.605352520942688
037958,0.946533203125,0.9519069790840149,0.6577322483062744,0.6228961944580078
037959,0.166259765625,0.30332326889038086,0.1061442568898201,0.3741229474544525
037960,0.21875,0.30959799885749817,0.15793579816818237,0.4079863727092743
037961,0.947998046875,0.953594446182251,0.5985158681869507,0.6137055158615112
037962,0.956298828125,0.9596954584121704,0.7169486284255981,0.7299118041992188
037963,0.03125,0.0751953125,0.15273310244083405,0.4655028283596039
037966,0.706298828125,0.71016925573349,0.6245770454406738,0.7766250967979431
037968,0.619873046875,0.6258813738822937,0.5410870313644409,0.6321367621421814
037969,0.0625,0.105743408203125,0.07171369343996048,0.12916336953639984
037970,0.518798828125,0.5508678555488586,1.0,0.9954716563224792
037972,0.263671875,0.36686962842941284,0.37880125641822815,0.7331706285476685
037973,0.3599446713924408,0.42159029841423035,0.5626510977745056,0.8169064521789551
037974,0.365234375,0.4388846158981323,0.3236317038536072,0.5736703276634216
037975,0.23046875,0.3123347759246826,0.214540034532547,0.5565600395202637
037976,0.659423828125,0.6613612771034241,0.8254533410072327,0.848701000213623
037977,0.940673828125,0.9497727155685425,0.5768473744392395,0.7001215219497681
037978,0.508056640625,0.5128008127212524,0.6509066820144653,0.7077917456626892
037979,0.393798828125,0.4572051465511322,0.5977610945701599,0.8105881810188293
037980,0.0625,0.1034807488322258,0.07742030918598175,0.19416587054729462
037981,0.967041015625,0.9674749374389648,0.9284793138504028,0.8602961897850037
037987,0.940673828125,0.9493520259857178,0.7038999795913696,0.801479697227478
037988,0.712158203125,0.7125403881072998,0.7497180104255676,0.8271376490592957
037989,0.499755859375,0.604945182800293,0.3358892798423767,0.7358073592185974
037990,0.365234375,0.4145030081272125,0.4972013831138611,0.6593660116195679
037993,0.962158203125,0.9626858830451965,0.8420895934104919,0.9436191916465759
037994,0.956298828125,0.959899365901947,0.8195018768310547,0.8074699640274048
037995,0.9673665165901184,0.9678065776824951,0.8748590350151062,0.9146551489830017
038000,0.556884765625,0.5836491584777832,0.8308104276657104,0.7028074860572815
038001,0.150390625,0.150390625,0.7002755999565125,0.7002755999565125
038002,0.967041015625,0.9674517512321472,0.8122885227203369,0.7533746361732483
038003,0.967041015625,0.9675366282463074,0.9284793138504028,0.8607286810874939
038004,0.9673665165901184,0.9678968191146851,0.8748590350151062,0.8706397414207458
038005,0.9668782353401184,0.9676278829574585,0.7810032963752747,0.8580774664878845
038006,0.633056640625,0.6388707756996155,0.5862115621566772,0.7743646502494812
038007,0.957763671875,0.9586663246154785,0.7236568927764893,0.8769543766975403
038008,0.23828125,0.31048583984375,0.21514107286930084,0.3167392909526825
038009,0.505615234375,0.5138757228851318,0.37429502606391907,0.4398547410964966
038010,0.9668782353401184,0.967268168926239,0.892719030380249,0.9464852213859558
038013,0.508056640625,0.5135066509246826,0.5334192514419556,0.7348061203956604
038014,0.959228515625,0.9594131112098694,0.8722942471504211,0.749121904373169
038016,0.968017578125,0.9680766463279724,1.0,0.9238206148147583
038017,0.432373046875,0.43862971663475037,0.4618985950946808,0.6161091923713684
038018,0.953369140625,0.9584302306175232,0.912726640701294,0.8749364018440247
038021,0.9673665165901184,0.9675757884979248,1.0,0.9417014122009277
038022,0.959228515625,0.9597573280334473,0.8722942471504211,0.8894120454788208
038023,0.633056640625,0.6365196108818054,0.715326726436615,0.691048264503479
038024,0.518798828125,0.5737557411193848,0.6967307925224304,0.9053908586502075
038027,0.959228515625,0.9596665501594543,0.8722942471504211,0.8481841087341309
038028,0.962158203125,0.9624621272087097,0.8420895934104919,0.7783692479133606
038029,0.4375,0.5737664699554443,0.2503223121166229,0.4986265003681183
038030,0.431884765625,0.4768599271774292,0.3415256440639496,0.5654144883155823
038031,0.23828125,0.3128066956996918,0.19636499881744385,0.2915014922618866
038032,0.967041015625,0.96748286485672,0.8122885227203369,0.7052770256996155
038034,0.9668782353401184,0.9674261808395386,0.7810032963752747,0.7155488729476929
038035,0.606689453125,0.6505595445632935,0.46666663885116577,0.7026447057723999
038036,0.263671875,0.35352468490600586,0.32801172137260437,0.44079405069351196
038037,0.374755859375,0.4385642409324646,0.3454500138759613,0.5334978699684143
038038,0.508056640625,0.5087261199951172,0.6509066820144653,0.5439873933792114
038041,0.9507649540901184,0.9577412009239197,0.6379934549331665,0.8027236461639404
038043,0.9668782353401184,0.9675827026367188,0.7810032963752747,0.8736761212348938
038047,0.943115234375,0.9528003334999084,0.6126077175140381,0.7231870889663696
038051,0.957763671875,0.9582855105400085,0.7236568927764893,0.7293651700019836
038052,0.946533203125,0.9544809460639954,0.575423002243042,0.601087212562561
038054,0.9444172978401184,0.9532696604728699,0.544137716293335,0.6095730066299438
038058,0.0625,0.1636091023683548,0.14433082938194275,0.5306309461593628
038059,0.48828125,0.4892340302467346,0.5307213068008423,0.6993995308876038
038061,0.946533203125,0.9491280317306519,0.575423002243042,0.46978315711021423
038063,0.953369140625,0.9595730900764465,0.7479812502861023,0.8857454657554626
038064,0.4375,0.483642578125,0.30545666813850403,0.332341730594635
038065,0.706298828125,0.710256040096283,0.6245770454406738,0.7314452528953552
038066,0.968017578125,0.9680653214454651,1.0,0.9561001062393188
038068,0.518798828125,0.5916746258735657,0.3251410126686096,0.5986239314079285
038069,0.25390625,0.3107004165649414,0.21157628297805786,0.3835667371749878
038071,0.490234375,0.5646611452102661,0.38805168867111206,0.494994193315506
038072,0.44921875,0.553580105304718,0.2682024836540222,0.5009618997573853
038075,0.968017578125,0.9680772423744202,1.0,0.8786550164222717
038078,0.150390625,0.33814001083374023,0.09050162881612778,0.4546641707420349
038080,0.21875,0.28979435563087463,0.13817155361175537,0.27725350856781006
038083,0.4778645932674408,0.4839540123939514,0.4055802822113037,0.4843014180660248
038084,0.25390625,0.36450886726379395,0.18509942293167114,0.3954717218875885
038085,0.659423828125,0.6626231670379639,0.5918076038360596,0.679770827293396
038086,0.9673665165901184,0.9676710963249207,0.8748590350151062,0.8370979428291321
038087,0.9375,0.9450851082801819,0.4692787230014801,0.49982327222824097
038088,0.967041015625,0.9676613807678223,0.8122885227203369,0.8688593506813049
038089,0.568359375,0.5745917558670044,0.5438850522041321,0.6538369059562683
038090,0.21875,0.3538626730442047,0.19272169470787048,0.5885408520698547
038091,0.61328125,0.618651270866394,0.4536360800266266,0.5063524842262268
038092,0.518798828125,0.5744973421096802,0.6967307925224304,0.8563482761383057
038095,0.501953125,0.5133511424064636,0.3741941750049591,0.5923300385475159
038097,0.943359375,0.9496351480484009,0.6506248712539673,0.8289565443992615
038103,0.2774251401424408,0.36811402440071106,0.4175114035606384,0.7161383628845215
038104,0.703369140625,0.7075692415237427,0.6423966884613037,0.7583252191543579
038105,0.946533203125,0.9534170031547546,0.575423002243042,0.7448943853378296
038107,0.9375,0.9482206106185913,0.6545500159263611,0.7539135813713074
038108,0.953369140625,0.9563509225845337,0.912726640701294,0.861850380897522
038109,0.966796875,0.9672829508781433,0.7653606534004211,0.6487647294998169
038111,0.633056640625,0.6398653984069824,0.5862115621566772,0.6580403447151184
038116,0.469970703125,0.4776623845100403,0.4431702494621277,0.6517031192779541
038121,0.956298828125,0.9582714438438416,0.8195018768310547,0.7262746691703796
038122,0.508056640625,0.5082798004150391,0.5334192514419556,0.4116448760032654
038123,0.9673665165901184,0.9677636027336121,1.0,0.957672119140625
038124,0.951904296875,0.9555540084838867,0.8690900206565857,0.7618681788444519
038125,0.951171875,0.956720232963562,0.694340705871582,0.8078070282936096
038126,0.966796875,0.9675270318984985,0.7653606534004211,0.7872503399848938
038127,0.344482421875,0.4051756262779236,0.38908666372299194,0.6620878577232361
038129,0.9466145634651184,0.951697587966919,0.8072783350944519,0.882818341255188
038130,0.703369140625,0.7102933526039124,0.5620065331459045,0.6884917616844177
038131,0.962158203125,0.962684690952301,0.8420895934104919,0.9487124681472778
038133,0.366455078125,0.3798496425151825,0.2856633961200714,0.5794597268104553
038134,0.633056640625,0.6369357109069824,0.5862115621566772,0.6184696555137634
038136,0.32421875,0.3330976665019989,0.2907647490501404,0.4135582447052002
038138,0.943359375,0.9524340629577637,0.6040917634963989,0.7523850798606873
038144,0.580322265625,0.6210463643074036,0.4618985950946808,0.5312568545341492
038145,0.455078125,0.514590322971344,0.33298835158348083,0.4114716947078705
038146,0.2044270783662796,0.3888440728187561,0.10949836671352386,0.3567068874835968
038147,0.9668782353401184,0.9673407077789307,0.892719030380249,0.8325229287147522
038148,0.9673665165901184,0.9677433371543884,0.8748590350151062,0.8924132585525513
038149,0.706298828125,0.711017370223999,0.6245770454406738,0.7226522564888
038150,0.968017578125,0.968077540397644,1.0,0.9715828895568848
038151,0.968017578125,0.9680536389350891,1.0,0.9198634624481201
038152,0.606689453125,0.6372615694999695,0.5334192514419556,0.6503532528877258
038154,0.946533203125,0.9528535008430481,0.8026000261306763,0.7467397451400757
038155,0.568359375,0.576029896736145,0.4457148313522339,0.5231905579566956
038157,0.9673665165901184,0.9676644206047058,1.0,0.9036239981651306
038158,0.962158203125,0.9624997973442078,0.9625431895256042,0.8469277024269104
038160,0.953369140625,0.9572778344154358,0.7479812502861023,0.7070607542991638
038161,0.953369140625,0.957653284072876,0.7479812502861023,0.7201438546180725
038164,0.571533203125,0.5782912969589233,0.6093400716781616,0.7804263830184937
038165,0.968017578125,0.9680443406105042,1.0,0.9385996460914612
038166,0.967041015625,0.9676172137260437,0.8122885227203369,0.8706415295600891
038167,0.300537109375,0.300537109375,0.7363635897636414,0.7363635897636414
038174,0.703369140625,0.7091906070709229,0.6423966884613037,0.7786145806312561
038176,0.951904296875,0.957889199256897,0.8690900206565857,0.9145744442939758
038177,0.943115234375,0.9518709778785706,0.5359453558921814,0.663356363773346
038178,0.9507649540901184,0.9546219110488892,0.7292529344558716,0.8070836663246155
038179,0.556884765625,0.6194731593132019,0.3877114951610565,0.6985222101211548
038180,0.9668782353401184,0.9674935936927795,0.7810032963752747,0.8285762071609497
038181,0.571533203125,0.578326404094696,0.6093400716781616,0.6929447054862976
038182,0.956298828125,0.9610979557037354,0.8195018768310547,0.8779012560844421
038183,0.959228515625,0.9598259925842285,0.7631344795227051,0.7848290205001831
038185,0.968017578125,0.9680480360984802,1.0,0.8727216124534607
038187,0.508056640625,0.5132614970207214,0.5334192514419556,0.6828009486198425
038188,0.9507649540901184,0.9544170498847961,0.6379934549331665,0.5953491926193237
038189,0.659423828125,0.6620723009109497,0.5918076038360596,0.544835090637207
038190,0.2122395932674408,0.22937825322151184,0.19284793734550476,0.1803024560213089
038193,0.503173828125,0.5163506865501404,0.3920743465423584,0.5969290733337402
038194,0.488037109375,0.5330595970153809,0.7069194316864014,0.6802666187286377
038196,0.946533203125,0.9473927617073059,0.8793432712554932,0.7585538625717163
038197,0.9375,0.9485645294189453,0.4692787230014801,0.5910396575927734
038198,0.967041015625,0.9676908850669861,0.8122885227203369,0.8195145726203918
038204,0.197998046875,0.25835296511650085,0.42267662286758423,0.5979807376861572
038205,0.712158203125,0.712435245513916,0.8569586873054504,0.7925209403038025
038208,0.21875,0.3189789056777954,0.13817155361175537,0.4353411793708801
038209,0.520263671875,0.5209500193595886,0.5620065331459045,0.6377270817756653
038211,0.505615234375,0.5133447051048279,0.427834689617157,0.4860171973705292
038212,0.23828125,0.33363965153694153,0.16092148423194885,0.3214671015739441
038213,0.706298828125,0.7101457118988037,0.7139173746109009,0.8375675082206726
038216,0.966796875,0.9677454233169556,0.7653606534004211,0.8027855157852173
038217,0.633056640625,0.6368524432182312,0.715326726436615,0.8109914064407349
038218,0.2774251401424408,0.40323108434677124,0.19284793734550476,0.48259684443473816
038219,0.706298828125,0.7090922594070435,0.6245770454406738,0.5542613863945007
038220,0.44140625,0.44755661487579346,0.501995861530304,0.5702134966850281
038222,0.261474609375,0.2729513943195343,0.20000000298023224,0.16344839334487915
038227,0.469970703125,0.47630879282951355,0.5407800078392029,0.5706627368927002
038228,0.967041015625,0.9675548672676086,0.8122885227203369,0.7641071677207947
038232,0.499755859375,0.5788125991821289,0.293855756521225,0.47614896297454834
038233,0.490234375,0.51165771484375,0.27821314334869385,0.2398010492324829
038240,0.9668782353401184,0.9675170183181763,0.7810032963752747,0.7469303011894226
038241,0.962158203125,0.9625285863876343,0.8420895934104919,0.9042885303497314
038242,0.393798828125,0.45010197162628174,0.38908666372299194,0.4842824935913086
038243,0.556884765625,0.5912415981292725,0.8308104276657104,0.9516967535018921
038244,0.956298828125,0.9592737555503845,0.8195018768310547,0.8105206489562988
038245,0.51953125,0.5609911680221558,0.45818498730659485,0.42803364992141724
038247,0.3059895932674408,0.41638973355293274,0.2033541053533554,0.42759600281715393
038249,0.946533203125,0.9544309377670288,0.6577322483062744,0.8380374908447266
038250,0.571533203125,0.5784845352172852,0.49935534596443176,0.633283257484436
038251,0.706298828125,0.7110358476638794,0.7139173746109009,0.7350401878356934
038253,0.9507649540901184,0.9560956358909607,0.7292529344558716,0.7412662506103516
038254,0.374755859375,0.448728084564209,0.3454500138759613,0.5533216595649719
038256,0.469970703125,0.47782665491104126,0.3877114951610565,0.5402733087539673
038257,0.967041015625,0.9674558639526367,0.9284793138504028,0.9212096929550171
038259,0.3599446713924408,0.43581411242485046,0.36623337864875793,0.6930996179580688
038260,0.947998046875,0.9510718584060669,0.5985158681869507,0.5233795642852783
038263,0.9673665165901184,0.9675061702728271,1.0,0.9586461782455444
038264,0.1875,0.2001953125,0.14342738687992096,0.14459989964962006
038266,0.9507649540901184,0.9577172994613647,0.6379934549331665,0.8197028040885925
038267,0.943359375,0.9485220313072205,0.6040917634963989,0.5994822978973389
038268,0.366455078125,0.373528391122818,0.4365417957305908,0.6101749539375305
038269,0.968017578125,0.9680494070053101,1.0,0.9013484120368958
038270,0.9668782353401184,0.96738201379776,0.892719030380249,0.8982521295547485
038271,0.939453125,0.9447908401489258,0.5589672327041626,0.4935181736946106
038272,0.959228515625,0.9598759412765503,0.7631344795227051,0.8375210165977478
038273,0.951904296875,0.956149160861969,0.8690900206565857,0.8449603915214539
038274,0.947998046875,0.9517087936401367,0.8348100185394287,0.7940981984138489
038277,0.968017578125,0.9680773019790649,1.0,0.9823112487792969
038281,0.455078125,0.5047216415405273,0.2728845775127411,0.2939035892486572
038282,0.9673665165901184,0.9676374197006226,1.0,0.9419254064559937
038283,0.48828125,0.48895561695098877,0.5307213068008423,0.6437137722969055
038284,0.946533203125,0.9535138010978699,0.6577322483062744,0.7073217034339905
038285,0.9673665165901184,0.9679012298583984,0.8748590350151062,0.9823381304740906
038286,0.9668782353401184,0.9673813581466675,0.892719030380249,0.9307678937911987
038287,0.466064453125,0.5466123223304749,0.35480669140815735,0.6830307245254517
038288,0.146728515625,0.26192277669906616,0.1496870219707489,0.4828047454357147
038289,0.46875,0.47614073753356934,0.3384338617324829,0.38475245237350464
038291,0.967041015625,0.9674808382987976,0.9284793138504028,0.8008668422698975
038292,0.94140625,0.9469550251960754,0.7200049757957458,0.7889435291290283
038293,0.966796875,0.9672316908836365,0.8748388290405273,0.9151384234428406
038294,0.967041015625,0.9675478935241699,0.9284793138504028,0.8994024991989136
038296,0.556884765625,0.6069164872169495,0.4431702494621277,0.687039852142334
038297,0.323974609375,0.3757432699203491,0.2550044059753418,0.34490588307380676
038301,0.968017578125,0.9680674076080322,1.0,0.89794921875
038302,0.9444172978401184,0.9461549520492554,0.7589633464813232,0.5554763078689575
038303,0.9673665165901184,0.9677200317382812,0.8748590350151062,0.8390345573425293
038304,0.943359375,0.9497144222259521,0.7371450066566467,0.7306177616119385
038305,0.14453125,0.26532718539237976,0.22745199501514435,0.49719664454460144
038307,0.953369140625,0.9602002501487732,0.7479812502861023,0.7702217102050781
038309,0.633056640625,0.6377812027931213,0.5862115621566772,0.6261597275733948
038310,0.44140625,0.4420410096645355,0.45818498730659485,0.331447571516037
038311,0.580322265625,0.6232149004936218,0.4618985950946808,0.741131603717804
038313,0.432373046875,0.4404964745044708,0.4040961265563965,0.6531067490577698
038315,0.9507649540901184,0.9537464380264282,0.8898733854293823,0.8673405051231384
038317,0.110107421875,0.20958225429058075,0.10187789052724838,0.29322725534439087
038318,0.2044270783662796,0.37198784947395325,0.10949836671352386,0.5111224055290222
038319,0.508056640625,0.5142543315887451,0.5334192514419556,0.6660422682762146
038320,0.490234375,0.5562896728515625,0.38805168867111206,0.43355947732925415
038321,0.304931640625,0.38494330644607544,0.2789600193500519,0.4780419170856476
038322,0.9507649540901184,0.9549204111099243,0.7292529344558716,0.7910965085029602
038323,0.3599446713924408,0.40055975317955017,0.36623337864875793,0.4314867854118347
038325,0.47265625,0.4769975244998932,0.4784300625324249,0.4736050069332123
038326,0.469970703125,0.4784373342990875,0.3877114951610565,0.6296721696853638
038329,0.9375,0.9384765625,0.9596357941627502,0.9871886372566223
038330,0.365234375,0.4593026041984558,0.26521679759025574,0.5518410205841064
038332,0.091796875,0.1776275634765625,0.17363634705543518,0.5148019790649414
038333,0.503173828125,0.5165584683418274,0.3920743465423584,0.6749238967895508
038334,0.9673665165901184,0.9675933122634888,1.0,0.9004623889923096
038335,0.9668782353401184,0.9677647352218628,0.7810032963752747,0.9105915427207947
038336,0.267578125,0.35561007261276245,0.16945679485797882,0.29397013783454895
038337,0.967041015625,0.9675093293190002,0.9284793138504028,0.8689677715301514
038339,0.968017578125,0.9680601358413696,1.0,0.97925865650177
038340,0.968017578125,0.9680522084236145,1.0,0.906686544418335
038341,0.968017578125,0.9680534601211548,1.0,0.8860883116722107
038342,0.633056640625,0.6369029879570007,0.715326726436615,0.7333821654319763
038343,0.943359375,0.9557836055755615,0.5284951329231262,0.7938989996910095
038344,0.956298828125,0.9595411419868469,0.7169486284255981,0.6329600214958191
038345,0.5694172978401184,0.5809568762779236,0.4055802822113037,0.5913082957267761
038346,0.701904296875,0.7049137353897095,0.6066363453865051,0.6233625411987305
038347,0.962158203125,0.962530791759491,0.9625431895256042,0.8837679624557495
038348,0.968017578125,0.9680569767951965,1.0,0.9729346632957458
038349,0.703369140625,0.7089037895202637,0.6423966884613037,0.7888609766960144
038350,0.966796875,0.9673320651054382,0.7653606534004211,0.6468198299407959
038354,0.9673665165901184,0.9677172899246216,1.0,0.8949352502822876
038358,0.9388020634651184,0.9529154896736145,0.48492133617401123,0.6092369556427002
038359,0.4375,0.54296875,0.33466389775276184,0.6120902895927429
038360,0.510498046875,0.5172160863876343,0.43686550855636597,0.6974361538887024
038361,0.956298828125,0.9605810046195984,0.7169486284255981,0.7785580158233643
038362,0.968017578125,0.9680663347244263,1.0,0.8304051160812378
038363,0.260498046875,0.3876298666000366,0.18348374962806702,0.6313336491584778
038364,0.959228515625,0.9597465991973877,0.7631344795227051,0.7940627336502075
038369,0.9673665165901184,0.9676645994186401,1.0,0.8849259614944458
038371,0.947998046875,0.9544914364814758,0.5985158681869507,0.7679581046104431
038372,0.947998046875,0.9513850212097168,0.9146330952644348,0.916248083114624
038373,0.951171875,0.9561535716056824,0.6074502468109131,0.6366398334503174
038374,0.9673665165901184,0.9675461053848267,1.0,0.895743727684021
038376,0.3599446713924408,0.3731376528739929,0.36623337864875793,0.3274011015892029
038377,0.03125,0.0742143914103508,0.09869397431612015,0.3777148425579071
038378,0.968017578125,0.9680664539337158,1.0,0.9169630408287048
038379,0.508056640625,0.5093091130256653,0.7131452560424805,0.6909302473068237
038380,0.967041015625,0.9673166871070862,0.9284793138504028,0.8362262845039368
038381,0.9668782353401184,0.9674897193908691,0.7810032963752747,0.792382001876831
038382,0.962158203125,0.9626095294952393,0.8420895934104919,0.8164945244789124
038384,0.0625,0.20667880773544312,0.043636664748191833,0.3553566634654999
038389,0.968017578125,0.9680768251419067,1.0,0.9645718336105347
038390,0.9668782353401184,0.9674939513206482,0.7810032963752747,0.7189365029335022
038391,0.968017578125,0.9680294394493103,1.0,0.8222307562828064
038394,0.943115234375,0.9514695405960083,0.7475366592407227,0.9287365674972534
038395,0.531982421875,0.5585024952888489,0.7462155222892761,0.8261829018592834
038396,0.5757649540901184,0.5812261700630188,0.49943602085113525,0.7254474759101868
038397,0.701904296875,0.7090320587158203,0.6066363453865051,0.8200483918190002
038399,0.300537109375,0.3652232885360718,0.5354781746864319,0.7501000165939331
038401,0.951904296875,0.9578689932823181,0.6230928897857666,0.7011979818344116
038403,0.365234375,0.43400105834007263,0.4972013831138611,0.7004555463790894
038405,0.9668782353401184,0.9674499034881592,0.892719030380249,0.8355498313903809
038407,0.968017578125,0.9680503010749817,1.0,0.9267350435256958
038408,0.940673828125,0.948009192943573,0.7038999795913696,0.7291344404220581
038409,0.940673828125,0.9477015733718872,0.5046601295471191,0.5034878253936768
038410,0.9673665165901184,0.967790961265564,0.8748590350151062,0.807729184627533
038411,0.951904296875,0.9599236845970154,0.7122209072113037,0.9104342460632324
038412,0.02083333395421505,0.02083333395421505,0.02510480210185051,0.02510480210185051
038414,0.962158203125,0.9626873135566711,0.8420895934104919,0.8855310678482056
038415,0.968017578125,0.9680709838867188,1.0,0.9775722026824951
038418,0.9668782353401184,0.9673601984977722,0.892719030380249,0.8322551250457764
038420,0.953369140625,0.9547080993652344,1.0,1.0
038423,0.166259765625,0.2419903576374054,0.2626707851886749,0.44520649313926697
038425,0.499755859375,0.5414938926696777,0.9037794470787048,0.9023192524909973
038426,0.197998046875,0.34450244903564453,0.23883214592933655,0.5985299348831177
038427,0.9673665165901184,0.9677519202232361,1.0,0.921869158744812
038430,0.1875,0.3414905071258545,0.1309099942445755,0.3360549211502075
038431,0.94140625,0.9488004446029663,0.5900454521179199,0.6385814547538757
038432,0.9668782353401184,0.9677544832229614,0.7810032963752747,0.8257619738578796
038433,0.4778645932674408,0.4822268784046173,0.4055802822113037,0.4447507858276367
038435,0.951904296875,0.9566164612770081,0.6230928897857666,0.5878552794456482
038436,0.571533203125,0.5775019526481628,0.49935534596443176,0.5670273900032043
038437,0.9673665165901184,0.9676543474197388,1.0,0.8321565389633179
038438,0.962158203125,0.9624300599098206,0.8420895934104919,0.6621175408363342
038439,0.197998046875,0.2817245125770569,0.1916866898536682,0.3469327390193939
038440,0.943115234375,0.9501292705535889,0.6126077175140381,0.6549234390258789
038442,0.706298828125,0.7094599008560181,0.871160089969635,0.8101145625114441
038443,0.956298828125,0.9597379565238953,0.8195018768310547,0.84844571352005
038448,0.9668782353401184,0.9674941301345825,0.7810032963752747,0.7956351041793823
038450,0.393798828125,0.42711588740348816,0.690318763256073,0.6655905246734619
038451,0.701904296875,0.7062012553215027,0.7402501106262207,0.727683424949646
038452,0.9673665165901184,0.9675096273422241,1.0,0.8278437852859497
038453,0.25390625,0.3150647282600403,0.39664164185523987,0.5658828616142273
038454,0.393798828125,0.4375368356704712,0.5977610945701599,0.6571317315101624
038455,0.4700520932674408,0.48450013995170593,0.3117245137691498,0.6511136889457703
038456,0.967041015625,0.9673792123794556,0.8122885227203369,0.7206379175186157
038460,0.9673665165901184,0.9676828980445862,1.0,0.9655975103378296
038461,0.9673665165901184,0.9676768779754639,1.0,0.897885799407959
038463,0.2122395932674408,0.32354819774627686,0.19284793734550476,0.4998787045478821
038465,0.3059895932674408,0.39689555764198303,0.23244215548038483,0.4999709129333496
038468,0.957763671875,0.9582005143165588,0.8271697163581848,0.8375152945518494
038469,0.947998046875,0.9540178775787354,0.6841284036636353,0.738174319267273
038470,0.219970703125,0.25915583968162537,0.34397661685943604,0.3581165075302124
038471,0.44921875,0.4709768295288086,0.5027986764907837,0.39268818497657776
038475,0.1875,0.23828125,0.2886616587638855,0.45643264055252075
038476,0.344482421875,0.365568608045578,0.5977610945701599,0.5710713863372803
038478,0.25390625,0.3308947682380676,0.21157628297805786,0.39480286836624146
038479,0.943359375,0.9555954337120056,0.6040917634963989,0.7951352000236511
038481,0.946533203125,0.946533203125,1.0,0.9771201610565186
038483,0.499755859375,0.5677212476730347,0.4098700284957886,0.5749989748001099
038485,0.9668782353401184,0.9675369262695312,0.892719030380249,0.8513475060462952
038486,0.953369140625,0.9583700895309448,0.912726640701294,0.9605934619903564
038487,0.9673665165901184,0.9678162336349487,0.8748590350151062,0.920267641544342
038488,0.4375,0.44189453125,0.8609101176261902,0.8997082710266113
038489,0.712158203125,0.7123903632164001,0.8569586873054504,0.7327876687049866
038490,0.966796875,0.9669433832168579,0.7653606534004211,0.5837445259094238
038491,0.659423828125,0.6610749363899231,0.8254533410072327,0.6968101263046265
038492,0.94140625,0.9512323141098022,0.5900454521179199,0.7124136686325073
038493,0.3599446713924408,0.38029754161834717,0.6497723460197449,0.6400879621505737
038494,0.967041015625,0.9674750566482544,0.9284793138504028,0.7979627251625061
038499,0.260498046875,0.41180747747421265,0.16052241623401642,0.44397932291030884
038501,0.228759765625,0.3790421187877655,0.12923716008663177,0.5126804113388062
038503,0.703369140625,0.7103403806686401,0.6423966884613037,0.8292617201805115
038504,0.968017578125,0.9680458903312683,1.0,0.840255081653595
038505,0.3059895932674408,0.40023645758628845,0.2033541053533554,0.37677180767059326
038506,0.957763671875,0.9581544995307922,0.8271697163581848,0.7711485624313354
038508,0.956298828125,0.9598182439804077,0.7169486284255981,0.8830429911613464
038509,0.9466145634651184,0.9513044357299805,0.8072783350944519,0.8406715989112854
038510,0.9375,0.9452468752861023,0.7171369194984436,0.8095529675483704
038511,0.946533203125,0.956596851348877,0.575423002243042,0.6456615924835205
038512,0.365234375,0.43932342529296875,0.3236317038536072,0.5127361416816711
038516,0.968017578125,0.9680764079093933,1.0,0.9742162823677063
038517,0.962158203125,0.9623827934265137,0.9625431895256042,0.8453970551490784
038519,0.968017578125,0.9680682420730591,1.0,0.9610559344291687
038520,0.9673665165901184,0.9675534963607788,1.0,0.8609817624092102
038522,0.488037109375,0.5906557440757751,0.2856633961200714,0.4326748549938202
038524,0.701904296875,0.7099112272262573,0.5307213068008423,0.7679443359375
038525,0.9668782353401184,0.9673025608062744,0.892719030380249,0.8382270932197571
038526,0.968017578125,0.9680661559104919,1.0,0.927062451839447
038527,0.9673665165901184,0.9679083228111267,0.8748590350151062,0.9435207843780518
038528,0.968017578125,0.9680638313293457,1.0,0.9115942716598511
038529,0.9668782353401184,0.9677751064300537,0.7810032963752747,0.8782850503921509
038530,0.712158203125,0.7125420570373535,0.8569586873054504,0.8147971630096436
038531,0.953369140625,0.9546523094177246,0.912726640701294,0.8275632262229919
038533,0.9668782353401184,0.9677581787109375,0.7810032963752747,0.9059734344482422
038534,0.968017578125,0.9680524468421936,1.0,0.940766453742981
038535,0.9673665165901184,0.9676960706710815,1.0,0.8964198231697083
038536,0.9444172978401184,0.9544498324394226,0.544137716293335,0.8103833794593811
038538,0.968017578125,0.9680577516555786,1.0,0.9668808579444885
038539,0.951904296875,0.9552798271179199,0.8690900206565857,0.7668474316596985
038542,0.580322265625,0.6367636322975159,0.4040961265563965,0.6852730512619019
038543,0.968017578125,0.968064546585083,1.0,0.9524164795875549
038544,0.968017578125,0.9680415987968445,1.0,0.8734918832778931
038545,0.953369140625,0.9571869969367981,0.912726640701294,0.8466893434524536
038547,0.374755859375,0.42950037121772766,0.3454500138759613,0.47185659408569336
038548,0.503173828125,0.5125463008880615,0.3430097699165344,0.4521472752094269
038550,0.5757649540901184,0.5800244808197021,0.5708760023117065,0.7355687022209167
038551,0.518798828125,0.5940046906471252,0.4535067081451416,0.7064390182495117
038552,0.940673828125,0.9472416639328003,0.771205723285675,0.8711338639259338
038553,0.3059895932674408,0.36700114607810974,0.4357588291168213,0.595755934715271
038554,0.278564453125,0.40040624141693115,0.21157628297805786,0.664108395576477
038555,0.166259765625,0.2949638068675995,0.12132726609706879,0.4322376549243927
038556,0.520263671875,0.5208058953285217,0.5620065331459045,0.6858476996421814
038557,0.956298828125,0.959095299243927,1.0,0.8526902198791504
038559,0.3599446713924408,0.41502469778060913,0.3001289367675781,0.3810299038887024
038561,0.967041015625,0.9675835371017456,0.9284793138504028,0.8561515808105469
038562,0.703369140625,0.7042793035507202,0.6423966884613037,0.48257049918174744
038564,0.968017578125,0.9680771231651306,1.0,0.9814724922180176
038565,0.968017578125,0.9680535197257996,1.0,0.9281094074249268
038566,0.450927734375,0.4623393714427948,0.3482339084148407,0.48119068145751953
038568,0.5694172978401184,0.581007182598114,0.4055802822113037,0.7232921719551086
038569,0.9673665165901184,0.967897891998291,0.8748590350151062,0.948782742023468
038570,0.951904296875,0.9597823023796082,0.7122209072113037,0.7473782896995544
038571,0.9673665165901184,0.9678975939750671,0.8748590350151062,0.8994202017784119
038572,0.953369140625,0.960320770740509,0.7479812502861023,0.874944269657135
038573,0.968017578125,0.968045175075531,1.0,0.8204208016395569
038574,0.943359375,0.953118622303009,0.6040917634963989,0.7727143168449402
038577,0.959228515625,0.9597891569137573,0.8722942471504211,0.9223076105117798
038578,0.951904296875,0.9571655988693237,0.7122209072113037,0.7257407903671265
038579,0.659423828125,0.6631913781166077,0.5918076038360596,0.748380184173584
038581,0.967041015625,0.9675436019897461,0.9284793138504028,0.9614049792289734
038582,0.959228515625,0.9596846699714661,0.8722942471504211,0.8600279092788696
038583,0.9507649540901184,0.955950140953064,0.7292529344558716,0.8438790440559387
038585,0.228759765625,0.34246882796287537,0.3198178708553314,0.6292064785957336
038588,0.706298828125,0.7087901830673218,0.871160089969635,0.8625859618186951
038589,0.518798828125,0.5452907681465149,0.4535067081451416,0.4157164692878723
038590,0.9668782353401184,0.9674981832504272,0.7810032963752747,0.7382918000221252
038591,0.9444172978401184,0.9490655064582825,0.7589633464813232,0.7869740724563599
038593,0.968017578125,0.9680458307266235,1.0,0.9287822842597961
038594,0.571533203125,0.576019823551178,0.6676040887832642,0.7346037030220032
038596,0.947998046875,0.9531865119934082,0.8348100185394287,0.849804699420929
038597,0.9507649540901184,0.9565005302429199,0.6379934549331665,0.8430732488632202
038600,0.953369140625,0.9591991305351257,0.7479812502861023,0.9050954580307007
038601,0.9673665165901184,0.9676206707954407,1.0,0.9282346367835999
038603,0.9668782353401184,0.9677662253379822,0.7810032963752747,0.8624436855316162
038604,0.953369140625,0.9571127891540527,0.912726640701294,0.9320368766784668
038605,0.499755859375,0.5732386708259583,0.293855756521225,0.4706610143184662
038606,0.967041015625,0.9676768779754639,0.8122885227203369,0.9149089455604553
038607,0.9673665165901184,0.9677596092224121,0.8748590350151062,0.8619177937507629
038608,0.499755859375,0.5887007117271423,0.293855756521225,0.6746976375579834
038610,0.9673665165901184,0.967751145362854,0.8748590350151062,0.7884402275085449
038611,0.9668782353401184,0.9677652716636658,0.7810032963752747,0.8596592545509338
038612,0.1875,0.2230166494846344,0.4692787230014801,0.7669719457626343
038613,0.304931640625,0.4351857900619507,0.2789600193500519,0.6379905343055725
038615,0.304931640625,0.3786711096763611,0.4285714626312256,0.6713029742240906
038617,0.365234375,0.4519553780555725,0.3236317038536072,0.5263959169387817
038618,0.940673828125,0.9540048837661743,0.5768473744392395,0.8407145738601685
038619,0.47265625,0.5309159755706787,0.3709116578102112,0.5043740272521973
038621,0.488037109375,0.5631762742996216,0.6121358871459961,0.6810751557350159
038622,0.953369140625,0.9570696949958801,0.912726640701294,0.8768282532691956
038623,0.580322265625,0.6362653970718384,0.4618985950946808,0.6479888558387756
038625,0.505615234375,0.5137811899185181,0.427834689617157,0.6135290265083313
038626,0.518798828125,0.5350720882415771,1.0,0.9464236497879028
038627,0.3599446713924408,0.4359399974346161,0.36623337864875793,0.6986314654350281
038628,0.9673665165901184,0.9676920771598816,1.0,0.9118085503578186
038629,0.16796875,0.24324682354927063,0.3198178708553314,0.5325099229812622
038631,0.388427734375,0.3953500986099243,0.4535067081451416,0.6297070384025574
038633,0.0625,0.06982421875,0.09622055292129517,0.1030830517411232
038634,0.9673665165901184,0.9677415490150452,0.8748590350151062,0.8993524312973022
038635,0.633056640625,0.6387456059455872,0.5128524899482727,0.613311231136322
038636,0.9444172978401184,0.9523459672927856,0.6219719052314758,0.7001680731773376
038637,0.9668782353401184,0.9673470854759216,0.7810032963752747,0.7040735483169556
038638,0.323974609375,0.3633274435997009,0.5520787835121155,0.6387681365013123
038639,0.946533203125,0.95396888256073,0.8026000261306763,0.836569607257843
038641,0.967041015625,0.9673616886138916,0.9284793138504028,0.8788626194000244
038642,0.365234375,0.40394631028175354,0.7136205434799194,0.8191288113594055
038643,0.943115234375,0.9483779668807983,0.6597968339920044,0.6880548596382141
038644,0.499755859375,0.5873280763626099,0.4098700284957886,0.763275146484375
038645,0.556884765625,0.6196039915084839,0.4431702494621277,0.7304946780204773
038646,0.9444172978401184,0.9525558352470398,0.7589633464813232,0.8174879550933838
038647,0.706298828125,0.7091443538665771,0.871160089969635,0.7850345969200134
038649,0.5757649540901184,0.5819904804229736,0.5708760023117065,0.7215608954429626
038650,0.510498046875,0.5170601010322571,0.43686550855636597,0.5630951523780823
038652,0.951171875,0.9577906131744385,0.694340705871582,0.7367109656333923
038653,0.953369140625,0.9576762914657593,0.912726640701294,0.9897626638412476
038655,0.968017578125,0.9680571556091309,1.0,0.9687312245368958
038656,0.701904296875,0.7058576345443726,0.7402501106262207,0.8009651303291321
038658,0.51953125,0.526947021484375,0.8129132390022278,0.8575887680053711
038660,0.946533203125,0.9565194845199585,0.6577322483062744,0.8089333176612854
038662,0.962158203125,0.9623503088951111,0.9625431895256042,0.9011338353157043
038663,0.556884765625,0.5935181975364685,0.8308104276657104,0.7585287094116211
038664,0.953369140625,0.9577553272247314,0.912726640701294,0.8957638740539551
038667,0.953369140625,0.9578553438186646,0.912726640701294,0.8619318008422852
038669,0.956298828125,0.9596011638641357,0.8195018768310547,0.8573061227798462
038671,0.943359375,0.9536890387535095,0.5284951329231262,0.8175173401832581
038672,0.469970703125,0.4778926968574524,0.4431702494621277,0.6879168152809143
038674,0.2774251401424408,0.2940027117729187,0.1687147468328476,0.1413392275571823
038675,0.0625,0.139404296875,0.043636664748191833,0.216116264462471
038676,0.44140625,0.4465974271297455,0.3754834830760956,0.4071761667728424
038677,0.508056640625,0.5135540962219238,0.46666663885116577,0.6044898629188538
038678,0.567138671875,0.6393573880195618,0.37281090021133423,0.6480686068534851
038679,0.21875,0.35739850997924805,0.15793579816818237,0.5496906638145447
038681,0.939453125,0.9441711902618408,0.6820816993713379,0.6041745543479919
038682,0.703369140625,0.708756685256958,0.5620065331459045,0.6027073860168457
038683,0.1458333432674408,0.23094208538532257,0.16733194887638092,0.4390418231487274
038684,0.943359375,0.9492552876472473,0.5284951329231262,0.5224589705467224
038685,0.3599446713924408,0.42346256971359253,0.3001289367675781,0.5250197052955627
038687,0.21875,0.352735310792923,0.15793579816818237,0.3660110533237457
038688,0.9668782353401184,0.9677693247795105,0.7810032963752747,0.9625954031944275
038690,0.212890625,0.31737807393074036,0.12984324991703033,0.2380674034357071
038691,0.47265625,0.4806402921676636,0.3920743465423584,0.6166003942489624
038692,0.953369140625,0.9595890045166016,0.7479812502861023,0.8545182943344116
038693,0.9673665165901184,0.9678003191947937,0.8748590350151062,0.8476203680038452
038694,0.531982421875,0.589542806148529,0.39804574847221375,0.6156491041183472
038695,0.943359375,0.9489012360572815,0.7371450066566467,0.7367862462997437
038696,0.455078125,0.474853515625,0.5907889604568481,0.6586773991584778
038697,0.968017578125,0.9680603742599487,1.0,0.9073805212974548
038698,0.469970703125,0.4785597324371338,0.3877114951610565,0.5412613749504089
038701,0.968017578125,0.9680572152137756,1.0,0.8628353476524353
038702,0.619873046875,0.6216817498207092,0.6602633595466614,0.521981418132782
038703,0.9673665165901184,0.9676972031593323,0.8748590350151062,0.8352219462394714
038704,0.968017578125,0.9680766463279724,1.0,0.9362795352935791
038705,0.2774251401424408,0.386735200881958,0.19284793734550476,0.4657227098941803
038706,0.2774251401424408,0.36841145157814026,0.36153164505958557,0.5481059551239014
038707,0.951904296875,0.9582035541534424,0.7122209072113037,0.8484708666801453
038709,0.0625,0.13863861560821533,0.08155369758605957,0.24781490862369537
038713,0.9673665165901184,0.9677966237068176,0.8748590350151062,0.864313006401062
038715,0.9673665165901184,0.9678459167480469,0.8748590350151062,0.8608782291412354
038716,0.957763671875,0.9583936333656311,0.8271697163581848,0.8431844711303711
038717,0.0,0.24307644367218018,0.0,0.5177758932113647
038718,0.09375,0.2900695204734802,0.0676867738366127,0.38540223240852356
038719,0.943359375,0.9495065808296204,0.5284951329231262,0.5124902725219727
038720,0.3599446713924408,0.43238094449043274,0.3001289367675781,0.5643166899681091
038723,0.659423828125,0.6622099876403809,0.5918076038360596,0.5957092046737671
038724,0.505615234375,0.507047176361084,0.427834689617157,0.40752270817756653
038725,0.488037109375,0.5918138027191162,0.3265250623226166,0.6327642202377319
038727,0.967041015625,0.9674964547157288,0.9284793138504028,0.8542162179946899
038728,0.962158203125,0.9625300168991089,0.8420895934104919,0.7985601425170898
038729,0.706298828125,0.7105778455734253,0.6245770454406738,0.699016273021698
038732,0.3599446713924408,0.3779958188533783,0.6497723460197449,0.6831891536712646
038735,0.9507649540901184,0.9553676843643188,0.7292529344558716,0.7642583250999451
038736,0.263671875,0.4075443148612976,0.21350501477718353,0.583655595779419
038737,0.9388020634651184,0.9481391906738281,0.48492133617401123,0.5586337447166443
038738,0.531982421875,0.5928878784179688,0.3482339084148407,0.5541647672653198
038739,0.701171875,0.7054805755615234,0.7184317708015442,0.8437138199806213
038744,0.9668782353401184,0.9672830700874329,0.892719030380249,0.7970729470252991
038745,0.959228515625,0.9599876403808594,0.7631344795227051,0.8061678409576416
038747,0.9375,0.9422770142555237,0.7531440854072571,0.8928530216217041
038749,0.633056640625,0.6362305283546448,0.715326726436615,0.7953466176986694
038751,0.943115234375,0.9474299550056458,0.819014847278595,0.7954727411270142
038752,0.510498046875,0.511713981628418,0.6676040887832642,0.6941344141960144
038753,0.9507649540901184,0.9561542868614197,0.8898733854293823,0.8824530839920044
038755,0.393798828125,0.48464787006378174,0.31885725259780884,0.592568576335907
038756,0.9507649540901184,0.956397533416748,0.6379934549331665,0.6382284164428711
038758,0.261474609375,0.30680954456329346,0.2789600193500519,0.3276395797729492
038759,0.659423828125,0.6632864475250244,0.6764605641365051,0.7738839387893677
038761,0.4375,0.4375,0.5419421792030334,0.4926615357398987
038762,0.304931640625,0.4343389868736267,0.22860826551914215,0.47173699736595154
038763,0.703369140625,0.7102417349815369,0.5620065331459045,0.6640783548355103
038764,0.580322265625,0.6296252012252808,0.5636333227157593,0.7921327948570251
038767,0.431884765625,0.48250195384025574,0.4763599932193756,0.6502590179443359
038768,0.300537109375,0.3217807412147522,0.24733662605285645,0.2347172051668167
038770,0.9375,0.952838659286499,0.4692787230014801,0.7085102796554565
038772,0.701171875,0.7035150527954102,0.7871269583702087,0.7383478879928589
038774,0.9507649540901184,0.9564769268035889,0.6379934549331665,0.8624364137649536
038775,0.712158203125,0.7126139402389526,0.7497180104255676,0.8591226935386658
038776,0.267578125,0.37214404344558716,0.19369612634181976,0.4173392057418823
038777,0.953369140625,0.9549981951713562,1.0,0.9270245432853699
038778,0.9668782353401184,0.9673780798912048,0.7810032963752747,0.7094464898109436
038779,0.943115234375,0.9546706676483154,0.6126077175140381,0.8026849627494812
038780,0.951904296875,0.9565340280532837,0.6230928897857666,0.6085191369056702
038781,0.659423828125,0.6634094715118408,0.6764605641365051,0.8026719689369202
038783,0.9507649540901184,0.9551969766616821,0.6379934549331665,0.6728662848472595
038784,0.4375,0.4375,0.6735438704490662,0.6244246363639832
038786,0.455078125,0.5516437292098999,0.23873552680015564,0.4310092329978943
038787,0.571533203125,0.5734511613845825,0.43686550855636597,0.35153043270111084
038788,0.531982421875,0.575785219669342,0.48571667075157166,0.6073502898216248
038790,0.706298828125,0.7089313864707947,0.871160089969635,0.8167023658752441
038791,0.962158203125,0.9625060558319092,0.9625431895256042,0.8753335475921631
038792,0.091796875,0.27284935116767883,0.05102403834462166,0.3857955038547516
038793,0.499755859375,0.5658089518547058,0.4098700284957886,0.6548108458518982
038794,0.567138671875,0.6152253150939941,0.5199966430664062,0.7343343496322632
038796,0.701904296875,0.7091297507286072,0.5307213068008423,0.7796017527580261
038797,0.968017578125,0.9680771827697754,1.0,0.9573311805725098
038798,0.091796875,0.20694324374198914,0.07116833329200745,0.30810490250587463
038799,0.39453125,0.4016917645931244,0.4261382520198822,0.6387369632720947
038800,0.568359375,0.5778107047080994,0.3899376392364502,0.4345172345638275
038801,0.951904296875,0.9578733444213867,0.8690900206565857,0.9139209389686584
038803,0.953369140625,0.9589572548866272,0.7479812502861023,0.8835015296936035
038806,0.966796875,0.9672664403915405,0.8748388290405273,0.7728517651557922
038807,0.946533203125,0.9529163241386414,0.6577322483062744,0.7650662064552307
038808,0.712158203125,0.7124509811401367,0.8569586873054504,0.7791258692741394
038809,0.706298828125,0.7105998396873474,0.7139173746109009,0.8546666502952576
038812,0.508056640625,0.5109220743179321,0.5334192514419556,0.49839213490486145
038815,0.962158203125,0.9624765515327454,0.9625431895256042,0.8652279376983643
038818,0.953369140625,0.9554061889648438,0.912726640701294,0.8454015851020813
038821,0.9673665165901184,0.9677878618240356,0.8748590350151062,0.9221171140670776
038824,0.499755859375,0.5565255880355835,0.3358892798423767,0.45137113332748413
038825,0.568359375,0.5808584094047546,0.3899376392364502,0.7455703020095825
038827,0.263671875,0.32051149010658264,0.4707868993282318,0.7131161689758301
038828,0.5757649540901184,0.5760625004768372,0.6966133713722229,0.6344008445739746
038829,0.947998046875,0.9551845192909241,0.6841284036636353,0.8322703242301941
038830,0.518798828125,0.608416736125946,0.3251410126686096,0.4901660084724426
038831,0.9507649540901184,0.953892707824707,0.8898733854293823,0.852383017539978
038835,0.940673828125,0.948616087436676,0.5768473744392395,0.699800968170166
038837,0.940673828125,0.9539148807525635,0.5046601295471191,0.5497809052467346
038838,0.943359375,0.946459949016571,0.5284951329231262,0.4547733664512634
038841,0.556884765625,0.6180122494697571,0.4431702494621277,0.5499335527420044
038842,0.490234375,0.6022348403930664,0.27821314334869385,0.6477183699607849
038843,0.956298828125,0.9603655934333801,0.7169486284255981,0.8589775562286377
038844,0.712158203125,0.7123864889144897,0.8569586873054504,0.7066695094108582
038845,0.943359375,0.9504106044769287,0.5284951329231262,0.5554066896438599
038849,0.703369140625,0.7086273431777954,0.5620065331459045,0.5512424111366272
038850,0.706298828125,0.7088491916656494,0.7139173746109009,0.7047693133354187
038851,0.374755859375,0.45175954699516296,0.5307213068008423,0.8030365109443665
038852,0.940673828125,0.9472021460533142,0.7038999795913696,0.8097466826438904
038853,0.946533203125,0.9539199471473694,0.6577322483062744,0.7829422354698181
038854,0.228759765625,0.3451577425003052,0.14772342145442963,0.3493278920650482
038857,0.580322265625,0.6436377167701721,0.4040961265563965,0.610686182975769
038858,0.957763671875,0.9582680463790894,0.7236568927764893,0.6277474761009216
038859,0.9466145634651184,0.9550653696060181,0.5787770748138428,0.6588839888572693
038861,0.2122395932674408,0.2622273862361908,0.4175114035606384,0.6509132385253906
038862,0.23828125,0.29385480284690857,0.19636499881744385,0.2710360884666443
038863,0.962158203125,0.962699830532074,0.8420895934104919,0.9319561719894409
038864,0.967041015625,0.9676140546798706,0.9284793138504028,0.9842508435249329
038865,0.633056640625,0.6380466818809509,0.5128524899482727,0.7354292869567871
038866,0.432373046875,0.43884825706481934,0.4040961265563965,0.6408349275588989
038870,0.659423828125,0.6637383699417114,0.5918076038360596,0.7374354004859924
038871,0.488037109375,0.5715340971946716,0.3265250623226166,0.6350693702697754
038872,0.953369140625,0.9603697657585144,0.6543781161308289,0.8114307522773743
038874,0.957763671875,0.9585680961608887,0.7236568927764893,0.8624624013900757
038875,0.962158203125,0.9624961614608765,0.9625431895256042,0.8140319585800171
038877,0.228759765625,0.4048853814601898,0.12923716008663177,0.545245349407196
038880,0.9673665165901184,0.9679023623466492,0.8748590350151062,0.8858156204223633
038882,0.9673665165901184,0.9677451252937317,0.8748590350151062,0.7947837114334106
038883,0.432373046875,0.44044560194015503,0.4040961265563965,0.7379031181335449
038886,0.9444172978401184,0.9526885151863098,0.544137716293335,0.715942919254303
038887,0.393798828125,0.4288082718849182,0.2789551615715027,0.31134238839149475
038889,0.943359375,0.9510232210159302,0.7371450066566467,0.7056565880775452
038891,0.943115234375,0.9509364366531372,0.7475366592407227,0.8998276591300964
038892,0.584228515625,0.5846967101097107,0.6245770454406738,0.6240271329879761
038893,0.34765625,0.35332563519477844,0.293855756521225,0.3490712642669678
038895,0.951904296875,0.958224892616272,0.7122209072113037,0.6626861095428467
038896,0.946533203125,0.9520319104194641,0.8026000261306763,0.8058364987373352
038897,0.951904296875,0.9559144377708435,0.7122209072113037,0.750282883644104
038898,0.520263671875,0.5207820534706116,0.5620065331459045,0.7201030850410461
038899,0.12109375,0.1800079345703125,0.3910655975341797,0.725817084312439
038901,0.967041015625,0.9674742817878723,0.9284793138504028,0.8677413463592529
038902,0.962158203125,0.9625150561332703,0.8420895934104919,0.789219319820404
038903,0.260498046875,0.3960214853286743,0.18348374962806702,0.5915237665176392
038904,0.9668782353401184,0.9675306081771851,0.7810032963752747,0.7979153990745544
038905,0.967041015625,0.9676694869995117,0.8122885227203369,0.8379178643226624
038906,0.962158203125,0.9624120593070984,0.9625431895256042,0.9392171502113342
038907,0.260498046875,0.3459993302822113,0.22389668226242065,0.4393347501754761
038908,0.9673665165901184,0.9678994417190552,0.8748590350151062,0.9094984531402588
038910,0.947998046875,0.9560558199882507,0.5985158681869507,0.8681005239486694
038911,0.9673665165901184,0.9678187966346741,0.8748590350151062,0.9570164084434509
038912,0.580322265625,0.632678747177124,0.5636333227157593,0.8049311637878418
038913,0.968017578125,0.9680593013763428,1.0,0.9740166068077087
038914,0.967041015625,0.9673910737037659,0.9284793138504028,0.9421110153198242
038917,0.510498046875,0.5173956155776978,0.43686550855636597,0.6058746576309204
038920,0.9668782353401184,0.9675736427307129,0.7810032963752747,0.8494771718978882
038922,0.219970703125,0.28002697229385376,0.397238165140152,0.628559410572052
038925,0.968017578125,0.9680547714233398,1.0,0.9594141244888306
038929,0.959228515625,0.9597896933555603,0.8722942471504211,0.8716328144073486
038931,0.518798828125,0.547931432723999,0.4535067081451416,0.43462711572647095
038932,0.9507649540901184,0.9577219486236572,0.7292529344558716,0.905975878238678
038934,0.956298828125,0.9588527679443359,1.0,0.8871287703514099
038936,0.4778645932674408,0.48369356989860535,0.5657033920288086,0.649842381477356
038938,0.701904296875,0.7041665315628052,0.8110315203666687,0.8522082567214966
038939,0.633056640625,0.6399581432342529,0.5862115621566772,0.8061282634735107
038942,0.261474609375,0.32341164350509644,0.30563369393348694,0.5556209087371826
038945,0.968017578125,0.968051016330719,1.0,0.891550600528717
038947,0.260498046875,0.3594050407409668,0.397238165140152,0.7442018389701843
038949,0.94140625,0.9467951655387878,0.5900454521179199,0.6108638048171997
038951,0.968017578125,0.9680767059326172,1.0,0.9423450231552124
038954,0.510498046875,0.5160642266273499,0.6093400716781616,0.7338605523109436
038957,0.9507649540901184,0.954504132270813,0.7292529344558716,0.8490232229232788
038958,0.956298828125,0.9578777551651001,1.0,0.8682793974876404
038961,0.619873046875,0.6251803040504456,0.5410870313644409,0.6360589265823364
038963,0.968017578125,0.9680772423744202,1.0,0.9872667193412781
038965,0.499755859375,0.5669130086898804,0.4490610957145691,0.6925249695777893
038966,0.943115234375,0.9518395066261292,0.7475366592407227,0.9243764877319336
038968,0.44140625,0.44986915588378906,0.3284950852394104,0.4137456715106964
038971,0.2774251401424408,0.36241984367370605,0.36153164505958557,0.5487688779830933
038972,0.706298828125,0.7111069560050964,0.6245770454406738,0.8449224233627319
038973,0.5757649540901184,0.5791715979576111,0.6966133713722229,0.6443436145782471
038974,0.567138671875,0.6391966938972473,0.5199966430664062,0.8219291567802429
038975,0.3599446713924408,0.3861308693885803,0.40125197172164917,0.42895862460136414
038976,0.431884765625,0.4690468907356262,0.7318407297134399,0.8758382797241211
038977,0.951904296875,0.956791877746582,0.7122209072113037,0.6329591870307922
038978,0.947998046875,0.9547208547592163,0.6841284036636353,0.8008526563644409
038979,0.962158203125,0.9624625444412231,0.9625431895256042,0.9020556211471558
038980,0.953369140625,0.9603166580200195,0.7479812502861023,0.9187174439430237
038983,0.5757649540901184,0.5775502324104309,0.6966133713722229,0.6753806471824646
038985,0.968017578125,0.968058168888092,1.0,0.9223400950431824
038988,0.968017578125,0.9680560231208801,1.0,0.9251901507377625
038989,0.968017578125,0.9680530428886414,1.0,0.986592710018158
038990,0.968017578125,0.9680598974227905,1.0,0.9479631185531616
038995,0.619873046875,0.6238644123077393,0.6602633595466614,0.7728769779205322
038997,0.967041015625,0.9674887657165527,0.9284793138504028,0.8459871411323547
038999,0.968017578125,0.968051552772522,1.0,0.8978200554847717
039000,0.571533203125,0.5799010992050171,0.49935534596443176,0.7044234871864319
039001,0.9673665165901184,0.9678950309753418,0.8748590350151062,0.9322936534881592
039003,0.712158203125,0.7123909592628479,0.8569586873054504,0.85733562707901
039004,0.967041015625,0.9678152203559875,0.8122885227203369,0.9499602913856506
039006,0.518798828125,0.6094963550567627,0.3716495931148529,0.7367295622825623
039007,0.9673665165901184,0.9679007530212402,0.8748590350151062,0.9285635352134705
039010,0.953369140625,0.9572930932044983,0.912726640701294,0.9342955946922302
039012,0.490234375,0.5389755368232727,0.6884825229644775,0.8015002012252808
039013,0.499755859375,0.603898286819458,0.4098700284957886,0.7389011383056641
039014,0.503173828125,0.5117816925048828,0.3430097699165344,0.45720139145851135
039015,0.712158203125,0.7125150561332703,0.7497180104255676,0.8115695118904114
039016,0.959228515625,0.9599934816360474,0.7631344795227051,0.8049194812774658
039017,0.48828125,0.48871859908103943,0.6066363453865051,0.5867748856544495
039018,0.953369140625,0.9587350487709045,0.7479812502861023,0.8003148436546326
039019,0.947998046875,0.9514238238334656,0.6841284036636353,0.6498590707778931
039020,0.469970703125,0.47681984305381775,0.3877114951610565,0.4847261309623718
039022,0.9673665165901184,0.967725396156311,1.0,0.9064446091651917
039023,0.490234375,0.5763325691223145,0.3180091083049774,0.4905000627040863
039026,0.9673665165901184,0.967635452747345,0.8748590350151062,0.8099852204322815
039027,0.968017578125,0.9680344462394714,1.0,0.9461930394172668
039028,0.967041015625,0.9674940705299377,0.9284793138504028,0.850652277469635
039029,0.968017578125,0.9680523872375488,1.0,0.8506266474723816
039030,0.967041015625,0.9673635959625244,0.9284793138504028,0.8250108957290649
039031,0.9673665165901184,0.9676802158355713,1.0,0.8367775678634644
039032,0.9444172978401184,0.952447235584259,0.6219719052314758,0.6780263781547546
039033,0.9507649540901184,0.9576751589775085,0.6379934549331665,0.7435439825057983
039036,0.951171875,0.9541594386100769,0.8472716808319092,0.9527362585067749
039037,0.166259765625,0.2783343493938446,0.22745199501514435,0.552006721496582
039038,0.953369140625,0.9591558575630188,0.7479812502861023,0.8868009448051453
039039,0.9507649540901184,0.9552950859069824,0.7292529344558716,0.7566389441490173
039041,0.499755859375,0.5723897218704224,0.629690945148468,0.8375096321105957
039042,0.261474609375,0.30634644627571106,0.4285714626312256,0.5169790983200073
039043,0.466064453125,0.4922734797000885,0.25437816977500916,0.21938306093215942
039047,0.712158203125,0.7126891613006592,0.7497180104255676,0.8424599170684814
039048,0.508056640625,0.5120845437049866,0.5334192514419556,0.6131114363670349
039049,0.488037109375,0.539921760559082,0.7069194316864014,0.8297935724258423
039051,0.946533203125,0.9526119828224182,0.6577322483062744,0.7297951579093933
039054,0.703369140625,0.7071517109870911,0.7838867902755737,0.7416214942932129
039055,0.9466145634651184,0.9496907591819763,0.8072783350944519,0.9254450798034668
039056,0.947998046875,0.9547411203384399,0.6841284036636353,0.7962851524353027
039058,0.967041015625,0.9675076603889465,0.8122885227203369,0.9052861928939819
039059,0.951904296875,0.9571928977966309,0.7122209072113037,0.7600149512290955
039060,0.197998046875,0.2889808416366577,0.1916866898536682,0.40113839507102966
039063,0.44921875,0.5571107864379883,0.2682024836540222,0.517170250415802
039066,0.9673665165901184,0.9678463935852051,0.8748590350151062,0.9575397372245789
039069,0.962158203125,0.9626868367195129,0.8420895934104919,0.8798024654388428
039070,0.956298828125,0.9591846466064453,0.8195018768310547,0.789801299571991
039071,0.951904296875,0.9562696814537048,0.8690900206565857,0.8227658867835999
039073,0.5694172978401184,0.5701611638069153,0.7453632354736328,0.7515161037445068
039074,0.968017578125,0.9680599570274353,1.0,0.9704523682594299
039075,0.9673665165901184,0.9675244092941284,1.0,0.8904864192008972
039077,0.323974609375,0.4128630757331848,0.2230929136276245,0.586564838886261
039078,0.968017578125,0.9680623412132263,1.0,0.9787367582321167
039079,0.556884765625,0.5951934456825256,0.8308104276657104,0.7779785990715027
039081,0.968017578125,0.9680651426315308,1.0,0.9951203465461731
039082,0.9673665165901184,0.9679059386253357,0.8748590350151062,0.9253370761871338
039083,0.967041015625,0.9676713943481445,0.8122885227203369,0.9143493175506592
039084,0.1875,0.30012449622154236,0.09385573863983154,0.2485937625169754
039085,0.571533203125,0.57684725522995,0.6676040887832642,0.7768470644950867
039087,0.659423828125,0.6641862988471985,0.5918076038360596,0.6704325079917908
039088,0.1106770858168602,0.2984655499458313,0.0855669379234314,0.5512735247612
039090,0.261474609375,0.3287672996520996,0.49493172764778137,0.717404305934906
039092,0.659423828125,0.6634150743484497,0.6764605641365051,0.8188847303390503
039093,0.508056640625,0.5109262466430664,0.6509066820144653,0.7022778391838074
039094,0.966796875,0.9677415490150452,0.7653606534004211,0.9207488894462585
039096,0.5757649540901184,0.5814566016197205,0.5708760023117065,0.6680026054382324
039098,0.488037109375,0.5919005870819092,0.398443341255188,0.7575230598449707
039099,0.633056640625,0.6356606483459473,0.7837249636650085,0.7898615598678589
039102,0.9673665165901184,0.9678998589515686,0.8748590350151062,0.9633328318595886
039104,0.5694172978401184,0.579289972782135,0.4055802822113037,0.7430140972137451
039106,0.0,0.1977706253528595,0.0,0.4876021146774292
039107,0.956298828125,0.959835410118103,0.7169486284255981,0.7121756076812744
039108,0.571533203125,0.577791690826416,0.43686550855636597,0.6460732817649841
039109,0.953369140625,0.9585514664649963,0.6543781161308289,0.6960852146148682
039110,0.9668782353401184,0.9675112962722778,0.892719030380249,0.9213451147079468
039111,0.431884765625,0.4597601890563965,0.7318407297134399,0.6611971259117126
039112,0.469970703125,0.4773213863372803,0.3877114951610565,0.4490269124507904
039113,0.967041015625,0.9672796130180359,0.9284793138504028,0.8549132943153381
039116,0.968017578125,0.9680770635604858,1.0,0.8873000741004944
039122,0.712158203125,0.7126359343528748,0.7497180104255676,0.7801209688186646
039123,0.946533203125,0.9490363597869873,0.8026000261306763,0.7466915249824524
039125,0.35546875,0.36098724603652954,0.3039627969264984,0.41798946261405945
039126,0.967041015625,0.9675077199935913,0.9284793138504028,0.9267311692237854
039127,0.703369140625,0.7104041576385498,0.5620065331459045,0.6665658354759216
039128,0.9375,0.938671886920929,0.7171369194984436,0.7432920932769775
039129,0.703369140625,0.7081516981124878,0.5620065331459045,0.6893742680549622
039130,0.966796875,0.9670213460922241,0.7653606534004211,0.6398406028747559
039131,0.959228515625,0.9596942067146301,0.8722942471504211,0.8404653668403625
039132,0.9507649540901184,0.9541465640068054,0.8898733854293823,0.8279410600662231
039133,0.267578125,0.296417236328125,0.4545382261276245,0.6175304651260376
039134,0.571533203125,0.5806366801261902,0.43686550855636597,0.668716311454773
039135,0.510498046875,0.51850426197052,0.43686550855636597,0.6601263880729675
039136,0.957763671875,0.958476722240448,0.7236568927764893,0.7561484575271606
039140,0.947998046875,0.9524855613708496,0.6841284036636353,0.6541083455085754
039141,0.967041015625,0.9675878882408142,0.9284793138504028,0.8953089118003845
039142,0.943115234375,0.9509440064430237,0.7475366592407227,0.7638885378837585
039143,0.706298828125,0.708149254322052,0.7139173746109009,0.6385872960090637
039144,0.712158203125,0.7125865817070007,0.7497180104255676,0.8141193389892578
039145,0.956298828125,0.9610157012939453,0.7169486284255981,0.7051368951797485
039146,0.953369140625,0.9577850103378296,0.7479812502861023,0.7111921906471252
039147,0.712158203125,0.7123669981956482,0.8569586873054504,0.8439711928367615
039149,0.9673665165901184,0.9678947925567627,0.8748590350151062,0.8652855157852173
039150,0.431884765625,0.46943098306655884,0.3415256440639496,0.4468773901462555
039151,0.953369140625,0.956754207611084,0.6543781161308289,0.613487720489502
039152,0.967041015625,0.967387318611145,0.9284793138504028,0.7842283248901367
039153,0.02083333395421505,0.10883983224630356,0.021818332374095917,0.17581532895565033
039154,0.701171875,0.7075397968292236,0.5887562036514282,0.7911936640739441
039156,0.9673665165901184,0.9677691459655762,0.8748590350151062,0.8488593697547913
039158,0.959228515625,0.9595742225646973,0.9394869804382324,0.9336330890655518
039161,0.943115234375,0.94562828540802,0.5359453558921814,0.4419476389884949
039162,0.712158203125,0.7124987840652466,0.7497180104255676,0.7517886161804199
039165,0.469970703125,0.47648295760154724,0.3877114951610565,0.5084024667739868
039166,0.9668782353401184,0.9674598574638367,0.7810032963752747,0.7842806577682495
039168,0.701171875,0.7024902105331421,0.5150786638259888,0.42069461941719055
039169,0.1458333432674408,0.1964293122291565,0.10949836671352386,0.1516832709312439
039175,0.374755859375,0.45095381140708923,0.28309693932533264,0.6246646642684937
039176,0.146728515625,0.2866170406341553,0.11196307837963104,0.4164961278438568
039177,0.9673665165901184,0.9674829840660095,1.0,0.8827489018440247
039178,0.968017578125,0.9680387377738953,1.0,0.7845168113708496
039179,0.61328125,0.6217278838157654,0.5185247659683228,0.6799731850624084
039181,0.9507649540901184,0.9533568024635315,0.8898733854293823,0.7152537107467651
039182,0.520263671875,0.5209722518920898,0.5620065331459045,0.6656108498573303
039183,0.947998046875,0.9545235633850098,0.6841284036636353,0.8528619408607483
039184,0.166259765625,0.3017413318157196,0.16220630705356598,0.41094937920570374
039186,0.956298828125,0.9597954154014587,0.7169486284255981,0.7506840825080872
039189,0.957763671875,0.9586545825004578,0.7236568927764893,0.7182726263999939
039191,0.967041015625,0.9674774408340454,0.8122885227203369,0.7688668966293335
039192,0.9668782353401184,0.9676028490066528,0.7810032963752747,0.813666045665741
039194,0.968017578125,0.9680479168891907,1.0,0.8927261829376221
039195,0.94140625,0.9539235830307007,0.5162065625190735,0.8262352347373962
039196,0.946533203125,0.9566383957862854,0.575423002243042,0.8418970108032227
039198,0.968017578125,0.9680661559104919,1.0,0.9522109627723694
039200,0.943115234375,0.9501734375953674,0.6126077175140381,0.7188534736633301
039201,0.450927734375,0.45941293239593506,0.39804574847221375,0.6733170747756958
039202,0.9466145634651184,0.9507325887680054,0.5787770748138428,0.5258546471595764
039203,0.9507649540901184,0.9557046890258789,0.7292529344558716,0.8400076031684875
039205,0.701904296875,0.701904296875,0.8517531156539917,0.8517531156539917
039206,0.94140625,0.9504439234733582,0.5900454521179199,0.7135538458824158
039207,0.706298828125,0.711026668548584,0.7139173746109009,0.7528699040412903
039210,0.431884765625,0.47329217195510864,0.3415256440639496,0.4628668427467346
039212,0.9668782353401184,0.9674264788627625,0.7810032963752747,0.7194861173629761
039213,0.47265625,0.5837340354919434,0.3709116578102112,0.7059077620506287
039214,0.9466145634651184,0.9523903727531433,0.5787770748138428,0.617295503616333
039216,0.432373046875,0.4368877112865448,0.4040961265563965,0.46081146597862244
039217,0.9375,0.9431973695755005,0.6545500159263611,0.5703086256980896
039218,0.946533203125,0.9516201615333557,0.6577322483062744,0.6012069582939148
039221,0.953369140625,0.9576238989830017,0.912726640701294,0.9424396753311157
039223,0.510498046875,0.5134048461914062,0.43686550855636597,0.4401925802230835
039224,0.9375,0.9501780271530151,0.4692787230014801,0.6453721523284912
039225,0.488037109375,0.5624989867210388,0.398443341255188,0.5292426347732544
039226,0.2122395932674408,0.27320194244384766,0.19284793734550476,0.32877570390701294
039229,0.943359375,0.9510834813117981,0.5284951329231262,0.5826133489608765
039230,0.499755859375,0.5683837532997131,0.3358892798423767,0.4942673444747925
039231,0.508056640625,0.5112345218658447,0.46666663885116577,0.47124195098876953
039232,0.953369140625,0.9568375945091248,0.912726640701294,0.9676761627197266
039233,0.956298828125,0.9586238861083984,1.0,0.8491708040237427
039234,0.968017578125,0.968056857585907,1.0,0.9399603605270386
039236,0.47265625,0.5523983240127563,0.4063775837421417,0.6536210775375366
039237,0.968017578125,0.9680406451225281,1.0,0.7988355159759521
039239,0.706298828125,0.7099301815032959,0.6245770454406738,0.6964699029922485
039240,0.962158203125,0.9624199271202087,0.9625431895256042,0.800525963306427
039242,0.9375,0.940234363079071,0.6545500159263611,0.7428467273712158
039243,0.951171875,0.9597585201263428,0.6074502468109131,0.8679580092430115
039245,0.967041015625,0.9678083062171936,0.8122885227203369,0.8328762650489807
039246,0.94140625,0.9536365270614624,0.5162065625190735,0.6516653895378113
039247,0.962158203125,0.9625415205955505,0.8420895934104919,0.9003856778144836
039249,0.9673665165901184,0.967624306678772,1.0,0.8602693676948547
039250,0.261474609375,0.26593780517578125,0.6806060075759888,0.6870280504226685
039251,0.260498046875,0.41311115026474,0.18348374962806702,0.6756199598312378
039252,0.556884765625,0.5759907960891724,0.9594535827636719,0.8933214545249939
039254,0.947998046875,0.9528371691703796,0.6841284036636353,0.6740403175354004
039255,0.9673665165901184,0.9677631258964539,1.0,0.9123062491416931
039257,0.9673665165901184,0.9676805734634399,1.0,0.8676594495773315
039259,0.197998046875,0.34993693232536316,0.15708759427070618,0.6163285970687866
039261,0.701904296875,0.7045590877532959,0.8110315203666687,0.7837317585945129
039263,0.393798828125,0.4473510682582855,0.5977610945701599,0.6802533864974976
039264,0.3599446713924408,0.3886653184890747,0.6497723460197449,0.6347330808639526
039266,0.374755859375,0.47672200202941895,0.37848135828971863,0.6591901779174805
039267,0.968017578125,0.9680567979812622,1.0,0.9403744339942932
039269,0.556884765625,0.5974330902099609,0.5407800078392029,0.5791106820106506
039271,0.0,0.09831690788269043,0.0,0.17420892417430878
039277,0.9466145634651184,0.9501420259475708,0.8072783350944519,0.8348965644836426
039279,0.968017578125,0.968076229095459,1.0,0.905573308467865
039280,0.9673665165901184,0.9679025411605835,0.8748590350151062,0.9015505313873291
039281,0.510498046875,0.5151070356369019,0.6093400716781616,0.6621167659759521
039282,0.488037109375,0.5738478899002075,0.3265250623226166,0.680097758769989
039284,0.25390625,0.3649665117263794,0.21157628297805786,0.4588087201118469
039286,0.2774251401424408,0.3862285017967224,0.19284793734550476,0.4545562267303467
039287,0.567138671875,0.6402396559715271,0.4261382520198822,0.7178341746330261
039288,0.344482421875,0.4095318615436554,0.2789551615715027,0.5949041247367859
039290,0.951171875,0.9595835208892822,0.6074502468109131,0.6725842356681824
039291,0.953369140625,0.960354745388031,0.6543781161308289,0.8142050504684448
039294,0.606689453125,0.6380699872970581,0.46666663885116577,0.5112753510475159
039295,0.956298828125,0.9592658877372742,0.8195018768310547,0.7268730998039246
039296,0.95703125,0.95796138048172,0.7039180397987366,0.6718494892120361
039297,0.659423828125,0.6632217168807983,0.5918076038360596,0.7221693396568298
039298,0.02083333395421505,0.2474263459444046,0.017880165949463844,0.35615459084510803
039299,0.48828125,0.48842811584472656,0.6066363453865051,0.5542936325073242
039301,0.951171875,0.955093502998352,0.6074502468109131,0.5733850598335266
039302,0.701171875,0.7088184952735901,0.5887562036514282,0.7376993298530579
039303,0.571533203125,0.5804811716079712,0.49935534596443176,0.766788125038147
039305,0.9668782353401184,0.9674798846244812,0.7810032963752747,0.7774296402931213
039307,0.9673665165901184,0.9677609801292419,0.8748590350151062,0.835159957408905
039308,0.962158203125,0.9625192880630493,0.9625431895256042,0.8567306399345398
039309,0.4778645932674408,0.4812188446521759,0.5657033920288086,0.6064170002937317
039310,0.499755859375,0.5835917592048645,0.4098700284957886,0.6816897392272949
039311,0.518798828125,0.5695290565490723,0.4535067081451416,0.575019896030426
039313,0.962158203125,0.9625613689422607,0.8420895934104919,0.8542703986167908
039314,0.967041015625,0.9678071141242981,0.8122885227203369,0.9512526988983154
039315,0.499755859375,0.6039661169052124,0.3358892798423767,0.6516527533531189
039316,0.9388020634651184,0.9490114450454712,0.48492133617401123,0.6681879162788391
039317,0.09375,0.20599152147769928,0.0676867738366127,0.43670588731765747
039318,0.3599446713924408,0.4151984453201294,0.26257050037384033,0.38481783866882324
039319,0.966796875,0.9671656489372253,0.7653606534004211,0.6870472431182861
039320,0.659423828125,0.6633151769638062,0.5918076038360596,0.683539628982544
039321,0.953369140625,0.9579572081565857,0.912726640701294,0.81103515625
039322,0.9673665165901184,0.9677541851997375,0.8748590350151062,0.8433076739311218
039326,0.146728515625,0.2381437122821808,0.3012597858905792,0.6450623869895935
039327,0.953369140625,0.956410825252533,0.912726640701294,0.931545615196228
039328,0.9673665165901184,0.967617928981781,1.0,0.8642123937606812
039331,0.571533203125,0.5747230648994446,0.6676040887832642,0.7423134446144104
039332,0.469970703125,0.4789755344390869,0.4431702494621277,0.7208359837532043
039333,0.9673665165901184,0.9676399827003479,1.0,0.9032487273216248
039335,0.2122395932674408,0.32499825954437256,0.1687147468328476,0.6192797422409058
039336,0.943115234375,0.954725980758667,0.6126077175140381,0.8211777210235596
039339,0.967041015625,0.9675757884979248,0.8122885227203369,0.7868447303771973
039340,0.520263671875,0.520881712436676,0.5620065331459045,0.7072826623916626
039341,0.968017578125,0.9680657386779785,1.0,0.8856596350669861
039343,0.951171875,0.9575154781341553,0.694340705871582,0.8605114221572876
039347,0.9673665165901184,0.9677480459213257,1.0,0.9673173427581787
039348,0.3599446713924408,0.4197061061859131,0.3001289367675781,0.5089055895805359
039351,0.953369140625,0.9579651951789856,0.912726640701294,0.8020289540290833
039353,0.962158203125,0.9625287055969238,0.8420895934104919,0.8183522820472717
039354,0.150390625,0.2517772316932678,0.22396063804626465,0.6227299571037292
039355,0.374755859375,0.46147435903549194,0.3454500138759613,0.6478887796401978
039356,0.518798828125,0.5464950799942017,1.0,0.9887180924415588
039357,0.9673665165901184,0.9679023027420044,0.8748590350151062,0.9713534712791443
039358,0.9673665165901184,0.9678980708122253,0.8748590350151062,0.8729275465011597
039360,0.9668782353401184,0.9677601456642151,0.7810032963752747,0.8409560322761536
039361,0.703369140625,0.7058905959129333,0.7838867902755737,0.6781100630760193
039362,0.365234375,0.42623668909072876,0.3236317038536072,0.46790996193885803
039363,0.23046875,0.2599945068359375,0.38063758611679077,0.5373457074165344
039364,0.967041015625,0.967602014541626,0.9284793138504028,0.944632351398468
039365,0.4375,0.4375,0.30545666813850403,0.2583807408809662
039367,0.490234375,0.5592190623283386,0.3180091083049774,0.4718461334705353
039368,0.951171875,0.954736590385437,0.8472716808319092,0.8176063895225525
039369,0.9375,0.94091796875,0.6545500159263611,0.5493574142456055
039370,0.968017578125,0.968047022819519,1.0,0.9821309447288513
039371,0.967041015625,0.9678188562393188,0.8122885227203369,0.8717131018638611
039373,0.966796875,0.9671801328659058,0.8748388290405273,0.8736015558242798
039374,0.9668782353401184,0.9674428701400757,0.892719030380249,0.9677982330322266
039375,0.947998046875,0.9560122489929199,0.5985158681869507,0.7481480836868286
039376,0.701171875,0.7096931338310242,0.5887562036514282,0.7839802503585815
039377,0.219970703125,0.29205724596977234,0.16052241623401642,0.296121209859848
039379,0.939453125,0.9449872970581055,0.8498401045799255,0.928446352481842
039380,0.659423828125,0.6618108749389648,0.5918076038360596,0.5650508999824524
039381,0.556884765625,0.6198383569717407,0.4431702494621277,0.7596075534820557
039383,0.61328125,0.61328125,0.7280392646789551,0.7280392646789551
039386,0.9668782353401184,0.9673763513565063,0.7810032963752747,0.6443182826042175
039387,0.568359375,0.5733964443206787,0.4457148313522339,0.42924821376800537
039388,0.967041015625,0.9677345156669617,0.8122885227203369,0.9538206458091736
039389,0.957763671875,0.9583136439323425,0.7236568927764893,0.6482095718383789
039390,0.968017578125,0.9680612683296204,1.0,0.9302912950515747
039392,0.571533203125,0.5780019164085388,0.49935534596443176,0.6702921986579895
039394,0.9444172978401184,0.9558084607124329,0.6219719052314758,0.6774610280990601
039396,0.9444172978401184,0.9557925462722778,0.6219719052314758,0.674655556678772
039397,0.967041015625,0.9675074219703674,0.8122885227203369,0.7090576887130737
039398,0.967041015625,0.9675319790840149,0.9284793138504028,0.9914639592170715
039402,0.466064453125,0.5342632532119751,0.35480669140815735,0.45718011260032654
039403,0.956298828125,0.9577279090881348,0.7169486284255981,0.5758317708969116
039405,0.5757649540901184,0.5791904926300049,0.6966133713722229,0.7822855114936829
039406,0.518798828125,0.609707236289978,0.3251410126686096,0.6104652285575867
039407,0.3599446713924408,0.42240405082702637,0.26257050037384033,0.3947947025299072
039408,0.9673665165901184,0.9678998589515686,0.8748590350151062,0.9065174460411072
039409,0.568359375,0.5806112289428711,0.4457148313522339,0.6748641133308411
039410,0.701904296875,0.7082762122154236,0.5307213068008423,0.7906607389450073
039411,0.701904296875,0.7098388671875,0.6066363453865051,0.7511062026023865
039412,0.432373046875,0.44041478633880615,0.4040961265563965,0.6896963715553284
039414,0.503173828125,0.5099881291389465,0.3920743465423584,0.4595472812652588
039415,0.146728515625,0.20687124133110046,0.1366233378648758,0.1975563019514084
039417,0.659423828125,0.6632056832313538,0.5918076038360596,0.6883382201194763
039419,0.3599446713924408,0.4219145178794861,0.36623337864875793,0.5480968356132507
039420,0.9507649540901184,0.9545601606369019,0.6379934549331665,0.6265533566474915
039421,0.967041015625,0.9676048159599304,0.8122885227203369,0.8081583976745605
039422,0.962158203125,0.9625758528709412,0.8420895934104919,0.8326544165611267
039423,0.9444172978401184,0.9541390538215637,0.544137716293335,0.6322628855705261
039426,0.508056640625,0.514937162399292,0.5334192514419556,0.7534511685371399
039429,0.94140625,0.9491872191429138,0.5162065625190735,0.581180989742279
039430,0.943115234375,0.9484750628471375,0.6126077175140381,0.5688850283622742
039432,0.968017578125,0.9680541157722473,1.0,0.8933544754981995
039434,0.267578125,0.39365509152412415,0.23635835945606232,0.46971118450164795
039435,0.633056640625,0.6367422342300415,0.5862115621566772,0.6075215935707092
039436,0.957763671875,0.9583309292793274,0.8271697163581848,0.8513142466545105
039437,0.47265625,0.5644856691360474,0.2659246027469635,0.553914487361908
039438,0.9673665165901184,0.9678152799606323,0.8748590350151062,0.8465125560760498
039439,0.9668782353401184,0.9676122665405273,0.7810032963752747,0.8631945252418518
039440,0.953369140625,0.9574839472770691,0.7479812502861023,0.7006497383117676
039442,0.606689453125,0.6455557346343994,0.5334192514419556,0.7030171751976013
039443,0.962158203125,0.9624689817428589,0.8420895934104919,0.7722309231758118
039444,0.568359375,0.5731555819511414,0.48004820942878723,0.5402247905731201
039447,0.701904296875,0.7073758840560913,0.6066363453865051,0.6714959740638733
039449,0.323974609375,0.41280919313430786,0.2230929136276245,0.5458617806434631
039450,0.712158203125,0.7127000093460083,0.7497180104255676,0.8353380560874939
039451,0.499755859375,0.5838838219642639,0.293855756521225,0.530035138130188
039452,0.2774251401424408,0.38251984119415283,0.20770297944545746,0.4473717212677002
039455,0.946533203125,0.9522232413291931,0.8026000261306763,0.8190074563026428
039456,0.966796875,0.9670633673667908,0.8748388290405273,0.8065903186798096
039457,0.619873046875,0.6248615980148315,0.6602633595466614,0.7669617533683777
039460,0.304931640625,0.4365352392196655,0.22860826551914215,0.6360254883766174
039461,0.9668782353401184,0.9673731327056885,0.892719030380249,0.8843551874160767
039462,0.951904296875,0.9571254849433899,0.8690900206565857,0.8148570656776428
039464,0.499755859375,0.5483637452125549,0.7271926999092102,0.8224983215332031
039465,0.703369140625,0.7080094814300537,0.6423966884613037,0.7735676169395447
039467,0.431884765625,0.4742010533809662,0.4763599932193756,0.7090694308280945
039468,0.706298828125,0.7098358273506165,0.871160089969635,0.8558017611503601
039470,0.94140625,0.9455111622810364,0.7200049757957458,0.664297878742218
039471,0.1875,0.3052213191986084,0.09385573863983154,0.2742035388946533
039472,0.703369140625,0.708114743232727,0.6423966884613037,0.7533365488052368
039477,0.966796875,0.96748948097229,0.8748388290405273,0.8585509657859802
039479,0.9444172978401184,0.9482742547988892,0.9456308484077454,0.9693620800971985
039480,0.9375,0.9448366165161133,0.6545500159263611,0.6422564387321472
039481,0.9673665165901184,0.9676429629325867,0.8748590350151062,0.7786870002746582
039482,0.35546875,0.3669656813144684,0.2659246027469635,0.5155013203620911
039483,0.197998046875,0.3002733588218689,0.29449179768562317,0.6374770402908325
039485,0.9507649540901184,0.9561145901679993,0.7292529344558716,0.7493049502372742
039486,0.953369140625,0.9580278396606445,0.912726640701294,0.871911346912384
039488,0.9668782353401184,0.9674246311187744,0.892719030380249,0.8330041766166687
039489,0.531982421875,0.5677525997161865,0.7462155222892761,0.7056552767753601
039491,0.9673665165901184,0.967892587184906,0.8748590350151062,0.9167398810386658
039492,0.9375,0.9398437738418579,0.6545500159263611,0.6201612949371338
039493,0.1458333432674408,0.24711355566978455,0.12516115605831146,0.35077759623527527
039495,0.968017578125,0.9680770635604858,1.0,0.945500910282135
039497,0.956298828125,0.9599207639694214,0.7169486284255981,0.8449949622154236
039498,0.956298828125,0.9600719213485718,0.7169486284255981,0.6205461025238037
039499,0.606689453125,0.6256498098373413,1.0,0.9855877757072449
039500,0.951904296875,0.9598969221115112,0.7122209072113037,0.8457425236701965
039501,0.953369140625,0.958996593952179,0.7479812502861023,0.8310830593109131
039502,0.968017578125,0.9680768847465515,1.0,0.9715670347213745
039506,0.267578125,0.279937744140625,0.41934773325920105,0.40462827682495117
039507,0.431884765625,0.4811614453792572,0.390377938747406,0.5429820418357849
039509,0.968017578125,0.9680601954460144,1.0,0.9108511805534363
039510,0.943359375,0.9556760787963867,0.6040917634963989,0.7771847248077393
039511,0.503173828125,0.5135409235954285,0.4784300625324249,0.6820067763328552
039512,0.344482421875,0.3936689496040344,0.38908666372299194,0.563810408115387
039513,0.968017578125,0.9680768251419067,1.0,0.950931966304779
039516,0.568359375,0.5750059485435486,0.5438850522041321,0.587879478931427
039517,0.0625,0.139312744140625,0.03128524869680405,0.08975378423929214
039518,0.212890625,0.32178795337677,0.12984324991703033,0.2850010097026825
039520,0.2774251401424408,0.37164491415023804,0.19284793734550476,0.37878885865211487
039522,0.943359375,0.9537228941917419,0.6040917634963989,0.7781429290771484
039523,0.35546875,0.35821533203125,0.4887082576751709,0.562993586063385
039524,0.946533203125,0.9545532464981079,0.6577322483062744,0.7870058417320251
039525,0.9507649540901184,0.9554749727249146,0.6379934549331665,0.7776494026184082
039526,0.659423828125,0.6626284122467041,0.6764605641365051,0.7100271582603455
039527,0.943115234375,0.95462965965271,0.6126077175140381,0.8832548260688782
039529,0.9673665165901184,0.9676257967948914,1.0,0.8766127824783325
039530,0.9673665165901184,0.9678946733474731,0.8748590350151062,0.9206364154815674
039532,0.706298828125,0.7095862030982971,0.6245770454406738,0.6977874040603638
039533,0.946533203125,0.9546365737915039,0.6577322483062744,0.7488332390785217
039535,0.4375,0.5286865234375,0.30545666813850403,0.5471231341362
039536,0.619873046875,0.6256704330444336,0.6602633595466614,0.6729230284690857
039537,0.4375,0.5761224627494812,0.2503223121166229,0.6716464161872864
039538,0.962158203125,0.9626914262771606,0.8420895934104919,0.8067542910575867
039539,0.967041015625,0.9676154255867004,0.8122885227203369,0.7800442576408386
039540,0.943359375,0.9556287527084351,0.5284951329231262,0.6395896077156067
039541,0.939453125,0.9491750597953796,0.489017516374588,0.5220303535461426
039543,0.959228515625,0.9594986438751221,0.8722942471504211,0.7597076296806335
039545,0.0625,0.21848320960998535,0.053640495985746384,0.3886267840862274
039546,0.568359375,0.5728103518486023,0.3899376392364502,0.3695831894874573
039547,0.5757649540901184,0.5785105228424072,0.6966133713722229,0.6381296515464783
039548,0.968017578125,0.9680756330490112,1.0,0.9878284335136414
039549,0.1875,0.32111817598342896,0.16310739517211914,0.5167060494422913
039550,0.951171875,0.9564383625984192,0.8472716808319092,0.894468367099762
039551,0.9673665165901184,0.9677876830101013,0.8748590350151062,0.9373809099197388
039552,0.947998046875,0.9547407031059265,0.6841284036636353,0.8527960181236267
039553,0.469970703125,0.47802892327308655,0.3877114951610565,0.6721563339233398
039554,0.947998046875,0.954730749130249,0.6841284036636353,0.7745452523231506
039555,0.9673665165901184,0.9678968191146851,0.8748590350151062,0.9298257827758789
039556,0.5757649540901184,0.5828080177307129,0.49943602085113525,0.7819819450378418
039559,0.374755859375,0.44628599286079407,0.28309693932533264,0.619287371635437
039561,0.9507649540901184,0.9523305892944336,0.974961519241333,0.9706924557685852
039563,0.9673665165901184,0.9677167534828186,1.0,0.9298444390296936
039565,0.967041015625,0.9673203825950623,0.9284793138504028,0.7908039093017578
039568,0.706298828125,0.7088505625724792,0.7139173746109009,0.6454850435256958
039572,0.431884765625,0.4945758283138275,0.390377938747406,0.7092992663383484
039573,0.520263671875,0.5211536884307861,0.5620065331459045,0.7153420448303223
039574,0.25390625,0.34289470314979553,0.21157628297805786,0.4217875301837921
039575,0.9444172978401184,0.9498987197875977,0.9456308484077454,0.9419588446617126
039577,0.946533203125,0.9528497457504272,0.6577322483062744,0.6917213797569275
039578,0.962158203125,0.962435781955719,0.9625431895256042,0.8674027323722839
039579,0.580322265625,0.6332536339759827,0.4040961265563965,0.74162358045578
039581,0.606689453125,0.6505105495452881,0.46666663885116577,0.643511176109314
039583,0.47265625,0.47951680421829224,0.3920743465423584,0.4630756974220276
039584,0.510498046875,0.5161551237106323,0.49935534596443176,0.7002277374267578
039585,0.9673665165901184,0.967907726764679,0.8748590350151062,0.9509525299072266
039586,0.5757649540901184,0.5770387649536133,0.6966133713722229,0.6782530546188354
039588,0.959228515625,0.9597980380058289,0.7631344795227051,0.8963475227355957
039590,0.967041015625,0.9674826264381409,0.9284793138504028,0.8334231376647949
039592,0.9673665165901184,0.9678969383239746,0.8748590350151062,0.9166347980499268
039593,0.968017578125,0.9680563807487488,1.0,0.9151954650878906
039595,0.505615234375,0.5092973709106445,0.6504693627357483,0.7182527780532837
039597,0.943115234375,0.952268660068512,0.6126077175140381,0.7067379951477051
039598,0.968017578125,0.9680565595626831,1.0,0.8638165593147278
039600,0.712158203125,0.7124289274215698,0.7497180104255676,0.67017662525177
039601,0.712158203125,0.7126886248588562,0.7497180104255676,0.8623968362808228
039602,0.9507649540901184,0.9570324420928955,0.6379934549331665,0.8311194777488708
039603,0.431884765625,0.48293885588645935,0.390377938747406,0.6251180171966553
039604,0.365234375,0.44957002997398376,0.26521679759025574,0.5370708107948303
039606,0.947998046875,0.9529787302017212,0.5985158681869507,0.6796733140945435
039608,0.956298828125,0.9610829949378967,0.8195018768310547,0.9169756174087524
039610,0.110107421875,0.23421570658683777,0.07620275020599365,0.4495753347873688
039611,0.51953125,0.5736604332923889,0.45818498730659485,0.7074177265167236
039612,0.508056640625,0.513748824596405,0.46666663885116577,0.6872989535331726
039614,0.962158203125,0.9625916481018066,0.8420895934104919,0.7622047066688538
039615,0.633056640625,0.6357904076576233,0.5862115621566772,0.5198422074317932
039616,0.556884765625,0.6079738736152649,0.3877114951610565,0.6428064703941345
039617,0.2774251401424408,0.3760080337524414,0.23532335460186005,0.4271640181541443
039618,0.263671875,0.3755224645137787,0.15307211875915527,0.4626719653606415
039619,0.584228515625,0.5849989652633667,0.6245770454406738,0.75295490026474
039620,0.365234375,0.4366455078125,0.26521679759025574,0.36363983154296875
039621,0.300537109375,0.3937477469444275,0.30181336402893066,0.614012598991394
039623,0.584228515625,0.5847138166427612,0.6245770454406738,0.5913418531417847
039624,0.518798828125,0.5752224922180176,0.6967307925224304,0.788472056388855
039627,0.951171875,0.9524490237236023,0.9282863140106201,0.9558369517326355
039628,0.9668782353401184,0.9676210284233093,0.7810032963752747,0.8669480681419373
039630,0.94140625,0.9492948651313782,0.5162065625190735,0.6032118797302246
039635,0.956298828125,0.958817720413208,0.7169486284255981,0.6470520496368408
039636,0.9673665165901184,0.9676957726478577,0.8748590350151062,0.877534031867981
039637,0.9466145634651184,0.9550797343254089,0.5787770748138428,0.6946083307266235
039640,0.957763671875,0.9583329558372498,0.8271697163581848,0.8366695642471313
039641,0.2044270783662796,0.3259320855140686,0.10949836671352386,0.2968212366104126
039644,0.4778645932674408,0.4848055839538574,0.4055802822113037,0.4591926038265228
039646,0.212890625,0.37822645902633667,0.11359453201293945,0.3550831377506256
039647,0.9444172978401184,0.9559346437454224,0.6219719052314758,0.752265453338623
039648,0.05078125,0.22921662032604218,0.05406876280903816,0.4805567264556885
039650,0.706298828125,0.7078157067298889,0.6245770454406738,0.532289981842041
039651,0.510498046875,0.5185133814811707,0.43686550855636597,0.6498519778251648
039652,0.393798828125,0.4642995595932007,0.31885725259780884,0.6500069499015808
039653,0.5694172978401184,0.5798314213752747,0.4635950028896332,0.7041638493537903
039654,0.9507649540901184,0.9507649540901184,0.974961519241333,0.974961519241333
039656,0.968017578125,0.9680579304695129,1.0,0.9030457139015198
039657,0.967041015625,0.9675124883651733,0.9284793138504028,0.8174279928207397
039658,0.951171875,0.951171875,0.8472716808319092,0.8472716808319092
039660,0.703369140625,0.7087932825088501,0.6423966884613037,0.7762359380722046
039662,0.947998046875,0.9547640085220337,0.5985158681869507,0.7235890030860901
039663,0.503173828125,0.5163699388504028,0.3430097699165344,0.48659420013427734
039664,0.956298828125,0.958993673324585,0.7169486284255981,0.7309280633926392
039666,0.4375,0.5762801766395569,0.21899673342704773,0.5413568615913391
039667,0.488037109375,0.5599759817123413,0.3265250623226166,0.5377509593963623
039668,0.706298828125,0.7110912203788757,0.6245770454406738,0.8121921420097351
039669,0.9673665165901184,0.9678109884262085,0.8748590350151062,0.9040124416351318
039675,0.633056640625,0.6382201910018921,0.715326726436615,0.7636393904685974
039676,0.263671875,0.37103086709976196,0.37880125641822815,0.6880211234092712
039677,0.9673665165901184,0.9677786231040955,1.0,0.9094218611717224
039678,0.393798828125,0.46818381547927856,0.38908666372299194,0.7281116843223572
039680,0.9673665165901184,0.9677667021751404,0.8748590350151062,0.9280696511268616
039681,0.03125,0.05322265625,0.11699506640434265,0.2924876809120178
039683,0.957763671875,0.9584397077560425,0.7236568927764893,0.8644024729728699
039686,0.580322265625,0.6077504754066467,0.5636333227157593,0.5360122323036194
039687,0.953369140625,0.9592207074165344,0.6543781161308289,0.8791376352310181
039688,0.956298828125,0.960270345211029,0.7169486284255981,0.7925806641578674
039694,0.260498046875,0.3527902662754059,0.49370092153549194,0.7915636897087097
039697,0.951171875,0.9553409218788147,0.6074502468109131,0.4824425280094147
039698,0.959228515625,0.9597935676574707,0.7631344795227051,0.801355242729187
039699,0.9668782353401184,0.9674347043037415,0.892719030380249,0.9618442058563232
039700,0.956298828125,0.9596068263053894,1.0,0.9395030736923218
039702,0.300537109375,0.3753908574581146,0.4636814594268799,0.6376892328262329
039705,0.9673665165901184,0.9678927063941956,0.8748590350151062,0.8428266048431396
039706,0.3599446713924408,0.41758185625076294,0.26257050037384033,0.42651182413101196
039707,0.94140625,0.9498494863510132,0.5900454521179199,0.7545350790023804
039708,0.263671875,0.2884277403354645,0.7653606534004211,0.9469023942947388
039709,0.23828125,0.3500533699989319,0.19636499881744385,0.43088826537132263
039711,0.967041015625,0.967822790145874,0.8122885227203369,0.8624551892280579
039712,0.706298828125,0.7083051800727844,0.871160089969635,0.724125325679779
039713,0.943359375,0.953667163848877,0.5284951329231262,0.6146864295005798
039714,0.300537109375,0.3866012990474701,0.24733662605285645,0.42128947377204895
039716,0.0625,0.26412200927734375,0.03576033189892769,0.24512648582458496
039719,0.951904296875,0.9550345540046692,0.8690900206565857,0.7898944616317749
039720,0.9668782353401184,0.9677804112434387,0.7810032963752747,0.8189177513122559
039721,0.9507649540901184,0.9563755393028259,0.6379934549331665,0.6833630204200745
039722,0.39453125,0.40021684765815735,0.4261382520198822,0.5631220936775208
039723,0.260498046875,0.3583446443080902,0.18348374962806702,0.32632681727409363
039724,0.571533203125,0.5813573002815247,0.49935534596443176,0.6280114650726318
039725,0.706298828125,0.7109491229057312,0.7139173746109009,0.6924924850463867
039726,0.959228515625,0.9597856998443604,0.8722942471504211,0.871482253074646
039727,0.959228515625,0.959592878818512,0.8722942471504211,0.7496600151062012
039728,0.2774251401424408,0.42282435297966003,0.2932012677192688,0.634360671043396
039730,0.943115234375,0.9492855072021484,0.819014847278595,0.9220327734947205
039731,0.567138671875,0.6216081976890564,0.5199966430664062,0.7296492457389832
039732,0.431884765625,0.4788309633731842,0.390377938747406,0.6304154992103577
039733,0.0625,0.1851511001586914,0.053640495985746384,0.2778853476047516
039734,0.968017578125,0.9680591821670532,1.0,0.9002353549003601
039735,0.968017578125,0.9680575728416443,1.0,0.9171063303947449
039736,0.9668782353401184,0.9675046801567078,0.892719030380249,0.8529778122901917
039737,0.503173828125,0.5079298615455627,0.5961002111434937,0.7011343836784363
039738,0.962158203125,0.9623644351959229,0.9625431895256042,0.9272134304046631
039739,0.712158203125,0.7122311592102051,0.8569586873054504,0.8209154009819031
039740,0.946533203125,0.9511588215827942,0.6577322483062744,0.560857355594635
039741,0.946533203125,0.9497436881065369,0.6577322483062744,0.6168309450149536
039742,0.9466145634651184,0.947311520576477,0.6615661382675171,0.5671651363372803
039744,0.1458333432674408,0.21649038791656494,0.15272833406925201,0.29540306329727173
039745,0.706298828125,0.7100846171379089,0.6245770454406738,0.6388051509857178
039746,0.9673665165901184,0.9675753116607666,0.8748590350151062,0.7052496671676636
039747,0.967041015625,0.9674411416053772,0.8122885227203369,0.7090153694152832
039750,0.508056640625,0.5105430483818054,0.6509066820144653,0.5958819389343262
039751,0.3059895932674408,0.3623630404472351,0.2836383283138275,0.4067997634410858
039753,0.712158203125,0.7126868963241577,0.7497180104255676,0.8324183821678162
039754,0.968017578125,0.9680706858634949,1.0,0.9547280669212341
039756,0.951904296875,0.9596639275550842,0.7122209072113037,0.917304515838623
039757,0.957763671875,0.9582789540290833,0.7236568927764893,0.7478468418121338
039758,0.260498046875,0.2701683044433594,0.22389668226242065,0.20094968378543854
039759,0.9668782353401184,0.9672996401786804,0.892719030380249,0.8040118217468262
039760,0.947998046875,0.9528321623802185,0.8348100185394287,0.8405516147613525
039761,0.9668782353401184,0.967373788356781,0.7810032963752747,0.7324954867362976
039762,0.51953125,0.5567516088485718,0.3754834830760956,0.4084857702255249
039763,0.968017578125,0.968051016330719,1.0,0.9279463887214661
039765,0.94140625,0.9502755403518677,0.5900454521179199,0.7680032253265381
039766,0.946533203125,0.9565137624740601,0.575423002243042,0.6773923635482788
039767,0.9375,0.939379870891571,0.8624263405799866,0.9345278739929199
039768,0.531982421875,0.5934816002845764,0.39804574847221375,0.6543221473693848
039769,0.304931640625,0.4221046566963196,0.20000000298023224,0.4347285330295563
039770,0.5757649540901184,0.5813707113265991,0.49943602085113525,0.6049624681472778
039771,0.939453125,0.9507451057434082,0.489017516374588,0.564833402633667
039772,0.9673665165901184,0.9676806926727295,0.8748590350151062,0.7914154529571533
039773,0.567138671875,0.6387358903884888,0.5199966430664062,0.6984732747077942
039775,0.95703125,0.9579686522483826,0.7039180397987366,0.7624529600143433
039776,0.606689453125,0.6326524615287781,0.6509066820144653,0.7026758790016174
039777,0.9668782353401184,0.9674426913261414,0.7810032963752747,0.8837850093841553
039778,0.267578125,0.3639459013938904,0.19369612634181976,0.37964358925819397
039779,0.34765625,0.35975968837738037,0.293855756521225,0.39169859886169434
039780,0.9673665165901184,0.9676975011825562,0.8748590350151062,0.8143121004104614
039781,0.706298828125,0.7097650766372681,0.871160089969635,0.8497753739356995
039782,0.4375,0.5760142803192139,0.21899673342704773,0.4920629858970642
039783,0.571533203125,0.5816987156867981,0.43686550855636597,0.6762188673019409
039784,0.455078125,0.5815483331680298,0.33298835158348083,0.6268572211265564
039785,0.946533203125,0.9513936042785645,0.6577322483062744,0.6459365487098694
039786,0.304931640625,0.39010024070739746,0.30563369393348694,0.6253968477249146
039787,0.951904296875,0.9580145478248596,0.8690900206565857,0.9191070199012756
039788,0.712158203125,0.7125304937362671,0.8569586873054504,0.837330162525177
039789,0.508056640625,0.5102933645248413,0.6509066820144653,0.5722359418869019
039790,0.967041015625,0.9674391150474548,0.9284793138504028,0.8328203558921814
039791,0.946533203125,0.954911470413208,0.575423002243042,0.6772584319114685
039792,0.46875,0.47808533906936646,0.4129750728607178,0.5677351951599121
039794,0.9673665165901184,0.9677384495735168,0.8748590350151062,0.8442541360855103
039796,0.432373046875,0.4372207224369049,0.5636333227157593,0.6935931444168091
039797,0.956298828125,0.9588399529457092,0.7169486284255981,0.6678300499916077
039798,0.432373046875,0.43529051542282104,0.5636333227157593,0.5790568590164185
039800,0.956298828125,0.9596942067146301,1.0,0.9293375611305237
039802,0.219970703125,0.30979692935943604,0.18348374962806702,0.3740464746952057
039803,0.150390625,0.27278316020965576,0.11141562461853027,0.3563595116138458
039805,0.228759765625,0.29710790514945984,0.3198178708553314,0.4580961763858795
039807,0.951904296875,0.9598778486251831,0.7122209072113037,0.8407619595527649
039808,0.962158203125,0.962587833404541,0.8420895934104919,0.8173431158065796
039809,0.388427734375,0.3974318504333496,0.3716495931148529,0.6315652132034302
039811,0.946533203125,0.953424870967865,0.6577322483062744,0.7847912311553955
039813,0.365234375,0.4777069091796875,0.26521679759025574,0.672664225101471
039814,0.0625,0.18648529052734375,0.09622055292129517,0.5606911182403564
039818,0.374755859375,0.4789074957370758,0.24766992032527924,0.5161974430084229
039819,0.951171875,0.9538909792900085,0.8472716808319092,0.8501006364822388
039821,0.580322265625,0.6429060101509094,0.4040961265563965,0.6203604936599731
039822,0.962158203125,0.9624940752983093,0.9625431895256042,0.9115278124809265
039824,0.228759765625,0.3698984980583191,0.14772342145442963,0.4536583721637726
039826,0.968017578125,0.9680613875389099,1.0,0.8582133054733276
039827,0.518798828125,0.5869544148445129,0.3716495931148529,0.5698236227035522
039829,0.966796875,0.9673933982849121,0.8748388290405273,0.8898362517356873
039830,0.956298828125,0.9579219818115234,0.7169486284255981,0.5884560346603394
039831,0.505615234375,0.5156496167182922,0.37429502606391907,0.6884692907333374
039833,0.9673665165901184,0.9679080843925476,0.8748590350151062,0.927885890007019
039834,0.959228515625,0.9597954154014587,0.7631344795227051,0.6193613409996033
039835,0.951904296875,0.9577425718307495,0.6230928897857666,0.7724854946136475
039836,0.23046875,0.32291465997695923,0.1538141816854477,0.2915719449520111
039837,0.432373046875,0.4403584599494934,0.4040961265563965,0.6443068981170654
039838,0.510498046875,0.5183265209197998,0.43686550855636597,0.5162208676338196
039839,0.488037109375,0.5668579936027527,0.3265250623226166,0.6118921041488647
039842,0.1875,0.235107421875,0.31939393281936646,0.5865439176559448
039843,0.14453125,0.25034299492836,0.2626707851886749,0.5995281338691711
039845,0.951171875,0.9552640318870544,0.8472716808319092,0.9587432146072388
039851,0.150390625,0.2736130356788635,0.2783457934856415,0.7077184319496155
039852,0.469970703125,0.4719047546386719,0.6737852096557617,0.6951965093612671
039853,0.261474609375,0.261474609375,0.6806060075759888,0.6806060075759888
039854,0.365234375,0.41522216796875,0.5741883516311646,0.7815314531326294
039855,0.968017578125,0.968076765537262,1.0,0.8172491788864136
039856,0.4778645932674408,0.48232778906822205,0.4055802822113037,0.42225804924964905
039858,0.09375,0.220703125,0.10290931165218353,0.3934094309806824
039860,0.431884765625,0.4359016418457031,0.8451594114303589,0.8501557111740112
039862,0.939453125,0.94825279712677,0.5589672327041626,0.6039282083511353
039863,0.393798828125,0.418215274810791,0.38908666372299194,0.3854902386665344
039866,0.518798828125,0.5369305610656738,0.8046129941940308,0.809631884098053
039867,0.966796875,0.9675411581993103,0.7653606534004211,0.7075862884521484
039868,0.05078125,0.22114229202270508,0.04044242203235626,0.5007686614990234
039869,0.956298828125,0.9597756862640381,0.7169486284255981,0.6833022236824036
039870,0.4778645932674408,0.47852376103401184,0.4635950028896332,0.4142211377620697
039872,0.374755859375,0.42754000425338745,0.5307213068008423,0.655588686466217
039873,0.508056640625,0.5083116888999939,0.46666663885116577,0.32211944460868835
039874,0.34765625,0.35570985078811646,0.4098700284957886,0.502062201499939
039875,0.9388020634651184,0.9476669430732727,0.5542851090431213,0.5680626630783081
039876,0.9507649540901184,0.9560084342956543,0.6379934549331665,0.8558335900306702
039885,0.956298828125,0.9610009789466858,0.7169486284255981,0.7504759430885315
039886,0.967041015625,0.9675787091255188,0.9284793138504028,0.8482444286346436
039887,0.278564453125,0.36333316564559937,0.21157628297805786,0.566349446773529
039888,0.943115234375,0.9512184858322144,0.6126077175140381,0.650627076625824
039889,0.580322265625,0.617935299873352,0.86592036485672,0.9692598581314087
039890,0.9668782353401184,0.9673926830291748,0.892719030380249,0.95114666223526
039891,0.943115234375,0.9521676898002625,0.6126077175140381,0.7831211090087891
039893,0.393798828125,0.4819590449333191,0.42629045248031616,0.7134844660758972
039894,0.9507649540901184,0.9575566649436951,0.6379934549331665,0.6695698499679565
039897,0.03125,0.09056854248046875,0.01973879337310791,0.08931860327720642
039898,0.531982421875,0.5800037980079651,0.3482339084148407,0.5317520499229431
039899,0.5757649540901184,0.5809625387191772,0.6966133713722229,0.7883036732673645
039900,0.967041015625,0.9675558805465698,0.9284793138504028,0.9193753600120544
039901,0.967041015625,0.967573881149292,0.9284793138504028,0.8579968810081482
039902,0.606689453125,0.643865168094635,0.6509066820144653,0.8059244751930237
039903,0.951171875,0.95835280418396,0.694340705871582,0.8796318173408508
039904,0.968017578125,0.9680588245391846,1.0,0.9082311987876892
039905,0.968017578125,0.9680411219596863,1.0,0.808928370475769
039906,0.450927734375,0.4594194293022156,0.48571667075157166,0.6309874057769775
039907,0.0625,0.2840576171875,0.05749508738517761,0.49036240577697754
039908,0.703369140625,0.7080982327461243,0.6423966884613037,0.7692351341247559
039909,0.968017578125,0.9680765271186829,1.0,0.9282436966896057
039911,0.943115234375,0.9504663944244385,0.5359453558921814,0.5461869239807129
039912,0.9673665165901184,0.9676753282546997,0.8748590350151062,0.9143868684768677
039913,0.9507649540901184,0.9536831974983215,0.7292529344558716,0.6297955513000488
039914,0.278564453125,0.3615725040435791,0.18509942293167114,0.46742334961891174
039915,0.518798828125,0.5664406418800354,0.8046129941940308,0.8945968747138977
039916,0.701904296875,0.7070615291595459,0.6066363453865051,0.6526317000389099
039917,0.44921875,0.5793240666389465,0.23463936150074005,0.6154230833053589
039918,0.956298828125,0.9610975980758667,0.8195018768310547,0.9264634847640991
039921,0.9673665165901184,0.9677373766899109,0.8748590350151062,0.7764928340911865
039923,0.943115234375,0.9505026340484619,0.6126077175140381,0.646273672580719
039924,0.943359375,0.9515259265899658,0.6040917634963989,0.628494918346405
039926,0.4778645932674408,0.48432767391204834,0.4055802822113037,0.6234034299850464
039927,0.9673665165901184,0.9677470922470093,1.0,0.93718421459198
039929,0.947998046875,0.9542325735092163,0.6841284036636353,0.8144300580024719
039933,0.9668782353401184,0.967453122138977,0.892719030380249,0.8862037658691406
039934,0.2044270783662796,0.29476961493492126,0.3367719352245331,0.6863937973976135
039935,0.951171875,0.9562486410140991,0.8472716808319092,0.8470271825790405
039937,0.2774251401424408,0.41079914569854736,0.23532335460186005,0.5432714819908142
039938,0.9444172978401184,0.9535375237464905,0.6219719052314758,0.7645101547241211
039940,0.966796875,0.9677402377128601,0.7653606534004211,0.8032468557357788
039941,0.9444172978401184,0.9547008872032166,0.544137716293335,0.6085720658302307
039942,0.659423828125,0.6642236113548279,0.5918076038360596,0.7134155631065369
039946,0.943359375,0.9529217481613159,0.5284951329231262,0.5909237861633301
039949,0.956298828125,0.9572257995605469,1.0,1.0
039951,0.619873046875,0.6243366003036499,0.6602633595466614,0.7594432234764099
039954,0.388427734375,0.39569205045700073,0.4535067081451416,0.5565738677978516
039960,0.633056640625,0.6359366774559021,0.715326726436615,0.6320533156394958
039961,0.9673665165901184,0.9676954746246338,1.0,0.9755764007568359
039963,0.968017578125,0.9680543541908264,1.0,0.9361053109169006
039964,0.304931640625,0.39477378129959106,0.22860826551914215,0.48884353041648865
039965,0.701904296875,0.7056660652160645,0.7402501106262207,0.7816145420074463
039966,0.304931640625,0.40694352984428406,0.22860826551914215,0.47164109349250793
039967,0.61328125,0.6217132806777954,0.5185247659683228,0.7640129923820496
039968,0.956298828125,0.959173858165741,0.7169486284255981,0.6584182977676392
039970,0.2044270783662796,0.3883476257324219,0.15272833406925201,0.5405598878860474
039973,0.4778645932674408,0.48408737778663635,0.4635950028896332,0.6325847506523132
039974,0.967041015625,0.9675642251968384,0.9284793138504028,0.9731234908103943
039975,0.365234375,0.40575647354125977,0.5741883516311646,0.6245752573013306
039976,0.580322265625,0.6172676086425781,0.5636333227157593,0.6843228340148926
039977,0.580322265625,0.6190735101699829,0.86592036485672,0.9814944267272949
039980,0.2774251401424408,0.42701706290245056,0.23532335460186005,0.5468827486038208
039981,0.953369140625,0.9580773711204529,0.7479812502861023,0.7629222869873047
039983,0.946533203125,0.9488862752914429,1.0,1.0
039984,0.0625,0.15708008408546448,0.11613046377897263,0.3672376871109009
039985,0.953369140625,0.9591895937919617,0.7479812502861023,0.8602507710456848
039986,0.956298828125,0.961033284664154,0.7169486284255981,0.7208877205848694
039987,0.501953125,0.5136645436286926,0.3741941750049591,0.6334134340286255
039988,0.9466145634651184,0.9532756209373474,0.6615661382675171,0.7999770641326904
039989,0.968017578125,0.9680625796318054,1.0,0.9257084131240845
039994,0.968017578125,0.9680777192115784,1.0,0.8336378335952759
039997,0.9673665165901184,0.9677245616912842,0.8748590350151062,0.8321537971496582
039998,0.304931640625,0.3617183566093445,0.49493172764778137,0.6231902241706848
039999,0.469970703125,0.4764801859855652,0.4431702494621277,0.5720953345298767
040004,0.374755859375,0.4425498843193054,0.3454500138759613,0.5761145353317261
040006,0.967041015625,0.9676671028137207,0.9284793138504028,0.9497581720352173
040008,0.968017578125,0.9680777192115784,1.0,0.8782443404197693
040009,0.9668782353401184,0.9676774144172668,0.7810032963752747,0.8701462745666504
040010,0.633056640625,0.6373075246810913,0.5862115621566772,0.6413248777389526
040013,0.943115234375,0.9513877034187317,0.5359453558921814,0.6522189974784851
040014,0.197998046875,0.3330208361148834,0.1916866898536682,0.6355846524238586
040015,0.943115234375,0.943115234375,0.9849443435668945,0.9849443435668945
040018,0.968017578125,0.9680526852607727,1.0,0.9755003452301025
040019,0.580322265625,0.6423165798187256,0.4618985950946808,0.6458461284637451
040020,0.953369140625,0.9554731249809265,0.6543781161308289,0.5243659615516663
040022,0.959228515625,0.9599195718765259,0.7631344795227051,0.8851548433303833
040023,0.9673665165901184,0.9676638841629028,0.8748590350151062,0.8225006461143494
040024,0.431884765625,0.48798519372940063,0.4763599932193756,0.7443072199821472
040026,0.956298828125,0.9603607654571533,0.7169486284255981,0.8169940114021301
040027,0.431884765625,0.46267035603523254,0.7318407297134399,0.6785044074058533
040028,0.520263671875,0.5209075212478638,0.6423966884613037,0.7145853042602539
040031,0.968017578125,0.9680523872375488,1.0,0.8904094696044922
040033,0.9673665165901184,0.9676794409751892,1.0,0.9423521757125854
040035,0.633056640625,0.63567054271698,0.7837249636650085,0.7780392169952393
040036,0.503173828125,0.5123260617256165,0.4784300625324249,0.7164619565010071
040037,0.393798828125,0.4821852147579193,0.38908666372299194,0.5248309969902039
040039,0.9673665165901184,0.9678993821144104,0.8748590350151062,0.9206094741821289
040040,0.520263671875,0.5206109285354614,0.6423966884613037,0.6813787221908569
040042,0.2044270783662796,0.3921865224838257,0.10949836671352386,0.4777815341949463
040043,0.499755859375,0.5873427987098694,0.293855756521225,0.5239037275314331
040044,0.19921875,0.2542777955532074,0.3483913838863373,0.5274699926376343
040045,0.968017578125,0.9680604338645935,1.0,0.9109837412834167
040046,0.9673665165901184,0.9678120613098145,0.8748590350151062,0.8830277919769287
040048,0.228759765625,0.31662893295288086,0.15910254418849945,0.3206484913825989
040049,0.953369140625,0.960207462310791,0.7479812502861023,0.8965055346488953
040050,0.431884765625,0.49364444613456726,0.4763599932193756,0.6704705357551575
040051,0.02083333395421505,0.0354817733168602,0.23463936150074005,0.4367467164993286
040052,0.490234375,0.5769492983818054,0.3180091083049774,0.5846039056777954
040054,0.968017578125,0.968050479888916,1.0,0.909305214881897
040055,0.956298828125,0.9611748456954956,0.7169486284255981,0.9433141350746155
040058,0.388427734375,0.39717984199523926,0.4535067081451416,0.6318504214286804
040059,0.951904296875,0.9558197855949402,0.8690900206565857,0.8975040912628174
040060,0.967041015625,0.9674277901649475,0.9284793138504028,0.8270611763000488
040062,0.5757649540901184,0.578717052936554,0.6966133713722229,0.7768910527229309
040063,0.531982421875,0.5854107141494751,0.48571667075157166,0.5919861197471619
040064,0.9507649540901184,0.9553481936454773,0.7292529344558716,0.8401696085929871
040065,0.304931640625,0.3811367154121399,0.6151177287101746,0.796904444694519
040067,0.9673665165901184,0.9678102731704712,0.8748590350151062,0.9091794490814209
040068,0.957763671875,0.958277702331543,0.8271697163581848,0.8210943341255188
040070,0.967041015625,0.9675840735435486,0.9284793138504028,0.8489184379577637
040071,0.3599446713924408,0.4504374563694,0.3001289367675781,0.6852086782455444
040072,0.701904296875,0.707610011100769,0.6066363453865051,0.797573983669281
040074,0.150390625,0.23686504364013672,0.09050162881612778,0.1677372306585312
040075,0.466064453125,0.5859068632125854,0.35480669140815735,0.7124385237693787
040076,0.9507649540901184,0.9553291201591492,0.7292529344558716,0.8108097314834595
040077,0.967041015625,0.9674763679504395,0.9284793138504028,0.8107795119285583
040079,0.44921875,0.5782889127731323,0.2682024836540222,0.6045008301734924
040080,0.5757649540901184,0.5800817012786865,0.5708760023117065,0.5388078093528748
040081,0.16796875,0.24030792713165283,0.14772342145442963,0.2458573579788208
040082,0.968017578125,0.9680575728416443,1.0,0.7936779260635376
040083,0.1875,0.2763671875,0.31939393281936646,0.640356719493866
040084,0.51953125,0.5537187457084656,0.3754834830760956,0.4222714304924011
040085,0.946533203125,0.952519416809082,0.8026000261306763,0.845721960067749
040086,0.943115234375,0.9547240138053894,0.5359453558921814,0.7453630566596985
040087,0.568359375,0.5807653069496155,0.3899376392364502,0.671362042427063
040088,0.455078125,0.5359211564064026,0.5115761756896973,0.8518279194831848
040090,0.962158203125,0.9624326825141907,0.8420895934104919,0.7528976798057556
040091,0.951904296875,0.9572167992591858,0.8690900206565857,0.910959005355835
040093,0.431884765625,0.45176830887794495,0.8451594114303589,0.8325175046920776
040094,0.967041015625,0.967613935470581,0.9284793138504028,0.8912896513938904
040097,0.3059895932674408,0.3824152648448944,0.2033541053533554,0.5552698373794556
040098,0.304931640625,0.4215370714664459,0.2789600193500519,0.5966245532035828
040099,0.9507649540901184,0.9545314311981201,0.8898733854293823,0.8439038395881653
040100,0.490234375,0.5493286848068237,0.3180091083049774,0.43121007084846497
040102,0.431884765625,0.46391531825065613,0.7318407297134399,0.7210940718650818
040103,0.571533203125,0.5804710388183594,0.43686550855636597,0.5945889949798584
040105,0.14453125,0.26351287961006165,0.1061442568898201,0.42225930094718933
040106,0.263671875,0.263671875,0.4707868993282318,0.4707868993282318
040107,0.9673665165901184,0.9677531123161316,0.8748590350151062,0.8357066512107849
040108,0.263671875,0.40809717774391174,0.17496776580810547,0.507378339767456
040110,0.499755859375,0.57473224401474,0.629690945148468,0.775399923324585
040112,0.14453125,0.2200513631105423,0.2626707851886749,0.41976532340049744
040114,0.19921875,0.218994140625,0.19636499881744385,0.2172238975763321
040115,0.9444172978401184,0.951464056968689,0.6219719052314758,0.666949987411499
040116,0.374755859375,0.45873329043388367,0.3454500138759613,0.6361308097839355
040117,0.619873046875,0.627914309501648,0.4733748733997345,0.7183214426040649
040118,0.701171875,0.7022979855537415,0.7184317708015442,0.6263879537582397
040119,0.0625,0.162385031580925,0.053640495985746384,0.2197900116443634
040122,0.267578125,0.3699532151222229,0.19369612634181976,0.4695504307746887
040123,0.267578125,0.37846773862838745,0.16945679485797882,0.5166746377944946
040124,0.488037109375,0.5725588798522949,0.398443341255188,0.5423830151557922
040125,0.940673828125,0.9507209062576294,0.7038999795913696,0.8059873580932617
040126,0.1106770858168602,0.1873696744441986,0.18525049090385437,0.41431936621665955
040127,0.584228515625,0.5848490595817566,0.6245770454406738,0.7929176092147827
040128,0.951904296875,0.9575445055961609,0.7122209072113037,0.7546012997627258
040129,0.9375,0.9436492919921875,0.7171369194984436,0.7866018414497375
040130,0.606689453125,0.6278527975082397,1.0,0.7933241724967957
040131,0.619873046875,0.627936065196991,0.4733748733997345,0.7704845070838928
040132,0.505615234375,0.5112453699111938,0.5220667123794556,0.6305381655693054
040134,0.2774251401424408,0.36986589431762695,0.257824569940567,0.5124109983444214
040135,0.9444172978401184,0.9547713994979858,0.6219719052314758,0.7267212271690369
040136,0.957763671875,0.9583925008773804,0.7236568927764893,0.7221684455871582
040138,0.431884765625,0.47307029366493225,0.3415256440639496,0.3997914493083954
040139,0.510498046875,0.5166540741920471,0.49935534596443176,0.6434014439582825
040141,0.619873046875,0.6262379884719849,0.5410870313644409,0.7706367373466492
040145,0.432373046875,0.4362398087978363,0.5636333227157593,0.594188392162323
040146,0.9507649540901184,0.9536179304122925,0.8898733854293823,0.7407816648483276
040147,0.469970703125,0.479941189289093,0.4431702494621277,0.6088857650756836
040149,0.943359375,0.9491891860961914,0.6040917634963989,0.5616750121116638
040150,0.946533203125,0.9564560651779175,0.575423002243042,0.695112407207489
040151,0.3599446713924408,0.42114531993865967,0.26257050037384033,0.4659465551376343
040152,0.388427734375,0.39397501945495605,0.3716495931148529,0.4557134509086609
040154,0.9466145634651184,0.9490988850593567,0.6615661382675171,0.5541126132011414
040156,0.431884765625,0.48816177248954773,0.390377938747406,0.6627016067504883
040158,0.1875,0.2212018519639969,0.10728099197149277,0.11709395051002502
040159,0.08984375,0.23265719413757324,0.07620275020599365,0.35999438166618347
040160,0.712158203125,0.7124637365341187,0.8569586873054504,0.720234751701355
040161,0.323974609375,0.40332648158073425,0.2550044059753418,0.4910919964313507
040162,0.9375,0.9498807191848755,0.4692787230014801,0.643085241317749
040164,0.9444172978401184,0.9494534730911255,0.9456308484077454,0.9753429293632507
040165,0.701171875,0.701171875,0.7184317708015442,0.6598353981971741
040166,0.703369140625,0.7104055881500244,0.5620065331459045,0.8154389262199402
040170,0.966796875,0.9673770070075989,0.7653606534004211,0.770319938659668
040173,0.267578125,0.2973957061767578,0.5211794376373291,0.6951064467430115
040176,0.703369140625,0.7087001800537109,0.6423966884613037,0.7221940755844116
040178,0.712158203125,0.7126051187515259,0.7497180104255676,0.7778223156929016
040179,0.968017578125,0.9680682420730591,1.0,0.9324715733528137
040183,0.943115234375,0.9513581991195679,0.5359453558921814,0.6362432837486267
040184,0.947998046875,0.9487276077270508,0.8348100185394287,0.6823244094848633
040186,0.966796875,0.9674184322357178,0.8748388290405273,0.9428653120994568
040187,0.571533203125,0.5782502889633179,0.6093400716781616,0.7056841254234314
040189,0.967041015625,0.9675850868225098,0.9284793138504028,0.8799307942390442
040191,0.5757649540901184,0.5780000686645508,0.6966133713722229,0.6225986480712891
040192,0.9673665165901184,0.9677218198776245,0.8748590350151062,0.7509002685546875
040193,0.957763671875,0.9581214189529419,0.8271697163581848,0.6965175271034241
040199,0.304931640625,0.3872891366481781,0.20000000298023224,0.41592568159103394
040200,0.518798828125,0.5659916996955872,0.6967307925224304,0.7425382733345032
040201,0.304931640625,0.4370233118534088,0.22860826551914215,0.5717819333076477
040202,0.9673665165901184,0.9678472876548767,0.8748590350151062,0.9750510454177856
040203,0.571533203125,0.5789819359779358,0.49935534596443176,0.6783252954483032
040204,0.701171875,0.705940842628479,0.7184317708015442,0.8339161276817322
040206,0.701904296875,0.708448588848114,0.6066363453865051,0.7920188903808594
040207,0.374755859375,0.44522523880004883,0.5307213068008423,0.7438223958015442
040208,0.5694172978401184,0.5756056308746338,0.4635950028896332,0.5061796307563782
040210,0.580322265625,0.6179478764533997,0.86592036485672,0.8981852531433105
040211,0.962158203125,0.9626365900039673,0.8420895934104919,0.909343957901001
040214,0.261474609375,0.3158514201641083,0.20000000298023224,0.3018515110015869
040215,0.388427734375,0.39814162254333496,0.3251410126686096,0.46439996361732483
040217,0.962158203125,0.9626020193099976,0.8420895934104919,0.8110433220863342
040218,0.3125,0.3276202082633972,0.23463936150074005,0.40762728452682495
040219,0.9673665165901184,0.9677347540855408,1.0,0.867437481880188
040220,0.659423828125,0.6625379323959351,0.6764605641365051,0.7517790794372559
040221,0.967041015625,0.9675070643424988,0.9284793138504028,0.862363338470459
040222,0.35546875,0.36499300599098206,0.3039627969264984,0.47657522559165955
040224,0.584228515625,0.5846291184425354,0.7139173746109009,0.6995282769203186
040225,0.44921875,0.555306613445282,0.2682024836540222,0.41580358147621155
040226,0.304931640625,0.37313276529312134,0.4285714626312256,0.5680445432662964
040227,0.374755859375,0.42322179675102234,0.5307213068008423,0.6859709024429321
040229,0.9466145634651184,0.9518152475357056,0.6615661382675171,0.6835517883300781
040230,0.957763671875,0.9583341479301453,0.8271697163581848,0.8105627298355103
040231,0.606689453125,0.6142038702964783,0.6509066820144653,0.5339714288711548
040232,0.957763671875,0.9583806991577148,0.8271697163581848,0.8472805023193359
040234,0.946533203125,0.9527382850646973,0.8026000261306763,0.8249052166938782
040235,0.703369140625,0.7079728245735168,0.6423966884613037,0.6588585376739502
040236,0.571533203125,0.5745148658752441,0.6676040887832642,0.6417477130889893
040237,0.260498046875,0.4130510091781616,0.18348374962806702,0.585367739200592
040238,0.9444172978401184,0.9535494446754456,0.6219719052314758,0.7920931577682495
040239,0.9673665165901184,0.9677440524101257,0.8748590350151062,0.8429297804832458
040240,0.712158203125,0.7126893997192383,0.7497180104255676,0.8260497450828552
040241,0.701171875,0.7037811279296875,0.7184317708015442,0.7273128032684326
040242,0.9375,0.946634829044342,0.7171369194984436,0.857304036617279
040243,0.9673665165901184,0.967841386795044,0.8748590350151062,0.8481568694114685
040244,0.943115234375,0.947295606136322,0.819014847278595,0.8204564452171326
040245,0.9388020634651184,0.9483427405357361,0.5542851090431213,0.6608318090438843
040249,0.946533203125,0.9520329833030701,0.6577322483062744,0.6168620586395264
040250,0.947998046875,0.9547420144081116,0.5985158681869507,0.750762403011322
040251,0.1106770858168602,0.2398167848587036,0.0855669379234314,0.4058123230934143
040252,0.510498046875,0.5162032246589661,0.49935534596443176,0.6794835925102234
040254,0.23046875,0.3605222702026367,0.1538141816854477,0.6278899312019348
040255,0.323974609375,0.38357722759246826,0.2550044059753418,0.5085006952285767
040256,0.953369140625,0.9593883156776428,0.6543781161308289,0.7713421583175659
040257,0.956298828125,0.9577407836914062,1.0,0.9379205107688904
040259,0.9673665165901184,0.9678987264633179,0.8748590350151062,0.8692132234573364
040260,0.3059895932674408,0.39376577734947205,0.2836383283138275,0.5751630067825317
040261,0.9466145634651184,0.9537774324417114,0.6615661382675171,0.779357373714447
040263,0.957763671875,0.9579919576644897,0.8271697163581848,0.6798298358917236
040266,0.951904296875,0.9566124081611633,0.6230928897857666,0.5817211270332336
040270,0.9507649540901184,0.9543083906173706,0.8898733854293823,0.9549540281295776
040271,0.219970703125,0.2929888069629669,0.22389668226242065,0.4685988426208496
040272,0.9668782353401184,0.9675975441932678,0.7810032963752747,0.7719378471374512
040273,0.943115234375,0.9515919089317322,0.6126077175140381,0.6846627593040466
040274,0.44921875,0.5336735844612122,0.2682024836540222,0.4947187006473541
040275,0.304931640625,0.43550413846969604,0.20000000298023224,0.4860917627811432
040277,0.300537109375,0.40296104550361633,0.30181336402893066,0.5767351984977722
040278,0.212890625,0.32880860567092896,0.1584416627883911,0.42693641781806946
040279,0.5757649540901184,0.5826714038848877,0.49943602085113525,0.646144688129425
040281,0.968017578125,0.9680705070495605,1.0,0.8580765128135681
040283,0.9673665165901184,0.9676791429519653,0.8748590350151062,0.7627469301223755
040284,0.0,0.133928582072258,0.0,0.14959080517292023
040285,0.968017578125,0.9680407643318176,1.0,0.9472013711929321
040286,0.968017578125,0.9680587649345398,1.0,0.8808262348175049
040287,0.4778645932674408,0.4788062870502472,0.4635950028896332,0.47730234265327454
040288,0.518798828125,0.5566737651824951,1.0,0.9751207828521729
040290,0.560546875,0.6021575927734375,0.4981783330440521,0.6789357662200928
040291,0.278564453125,0.40047699213027954,0.21157628297805786,0.6830233335494995
040292,0.659423828125,0.6610561013221741,0.6764605641365051,0.5833355188369751
040293,0.953369140625,0.9595560431480408,0.7479812502861023,0.8940556645393372
040294,0.46875,0.4710937440395355,0.5441304445266724,0.6108568906784058
040299,0.9668782353401184,0.9673187732696533,0.7810032963752747,0.6737709045410156
040301,0.953369140625,0.9592213034629822,0.6543781161308289,0.7893494963645935
040302,0.503173828125,0.507532000541687,0.4784300625324249,0.5206130146980286
040305,0.967041015625,0.967370867729187,0.9284793138504028,0.7721540927886963
040306,0.9466145634651184,0.952244222164154,0.8072783350944519,0.863601565361023
040307,0.619873046875,0.6256263852119446,0.5410870313644409,0.6762803792953491
040308,0.580322265625,0.6204910278320312,0.5636333227157593,0.7542634010314941
040309,0.2774251401424408,0.3606368601322174,0.36153164505958557,0.5318455100059509
040310,0.9507649540901184,0.9543492197990417,0.7292529344558716,0.7407311201095581
040311,0.967041015625,0.96773761510849,0.8122885227203369,0.9157233238220215
040313,0.962158203125,0.9624854922294617,0.8420895934104919,0.8203252553939819
040315,0.959228515625,0.9594900608062744,0.8722942471504211,0.8538845777511597
040317,0.953369140625,0.9590159058570862,0.7479812502861023,0.813339114189148
040319,0.9507649540901184,0.9553937315940857,0.7292529344558716,0.7228716611862183
040321,0.701171875,0.7050084471702576,0.5887562036514282,0.6308978199958801
040323,0.701904296875,0.7069860696792603,0.6066363453865051,0.5795955061912537
040324,0.947998046875,0.9504235982894897,0.9146330952644348,0.9018367528915405
040325,0.968017578125,0.9680509567260742,1.0,0.873811662197113
040326,0.9466145634651184,0.9509630799293518,0.6615661382675171,0.6911395788192749
040328,0.966796875,0.9671368598937988,0.8748388290405273,0.7771512269973755
040330,0.95703125,0.9576624035835266,0.7039180397987366,0.6027927398681641
040331,0.959228515625,0.9597576260566711,0.7631344795227051,0.7089471817016602
040332,0.344482421875,0.3583869934082031,0.690318763256073,0.7648458480834961
040333,0.701171875,0.7063561677932739,0.5887562036514282,0.5778062343597412
040334,0.146728515625,0.2761944532394409,0.11196307837963104,0.43440869450569153
040335,0.432373046875,0.437779039144516,0.4618985950946808,0.6726356744766235
040336,0.946533203125,0.9564912915229797,0.575423002243042,0.6369273066520691
040337,0.267578125,0.3685150146484375,0.23635835945606232,0.4102107286453247
040338,0.951904296875,0.9582128524780273,0.7122209072113037,0.7994797825813293
040339,0.365234375,0.4168289303779602,0.5741883516311646,0.8031888604164124
040340,0.9444172978401184,0.9515368938446045,0.544137716293335,0.6041513681411743
040342,0.951171875,0.9575518369674683,0.6074502468109131,0.6814413070678711
040347,0.9388020634651184,0.9465883374214172,0.7410414814949036,0.830064058303833
040348,0.967041015625,0.9675098061561584,0.8122885227203369,0.7354683876037598
040349,0.1458333432674408,0.1458333432674408,0.23463937640190125,0.18332475423812866
040351,0.47265625,0.4936630129814148,0.8178747296333313,0.8297743797302246
040352,0.518798828125,0.5572985410690308,0.3716495931148529,0.37833863496780396
040356,0.39453125,0.4012603759765625,0.4261382520198822,0.6473042368888855
040357,0.12109375,0.25235581398010254,0.08940082788467407,0.38418737053871155
040358,0.703369140625,0.7103807330131531,0.5620065331459045,0.7854321002960205
040359,0.48828125,0.4888887405395508,0.6066363453865051,0.6481884717941284
040360,0.939453125,0.9538140296936035,0.489017516374588,0.805168628692627
040362,0.706298828125,0.7081484794616699,0.871160089969635,0.8139915466308594
040363,0.580322265625,0.6432806849479675,0.4040961265563965,0.6698853969573975
040364,0.968017578125,0.9680772423744202,1.0,0.8885838389396667
040365,0.518798828125,0.5687621235847473,0.4535067081451416,0.4674645960330963
040366,0.968017578125,0.9680395126342773,1.0,0.809777557849884
040369,0.571533203125,0.5790916681289673,0.43686550855636597,0.6213747262954712
040370,0.95703125,0.9579858779907227,0.7039180397987366,0.8298884630203247
040371,0.968017578125,0.9680428504943848,1.0,0.8179956078529358
040372,0.953369140625,0.9588472247123718,0.6543781161308289,0.8491586446762085
040374,0.968017578125,0.9680651426315308,1.0,0.9656712412834167
040377,0.9375,0.9469966888427734,0.6545500159263611,0.8277633786201477
040382,0.9507649540901184,0.9556921720504761,0.7292529344558716,0.7695620059967041
040383,0.953369140625,0.9596323370933533,0.6543781161308289,0.7763127088546753
040384,0.968017578125,0.9680773019790649,1.0,0.927814781665802
040386,0.344482421875,0.4092464745044708,0.38908666372299194,0.6950154900550842
040391,0.61328125,0.6201410889625549,0.4536360800266266,0.6877195239067078
040392,0.9668782353401184,0.9677699208259583,0.7810032963752747,0.8581493496894836
040393,0.393798828125,0.48379606008529663,0.31885725259780884,0.6892979741096497
040394,0.968017578125,0.9680496454238892,1.0,0.8890600204467773
040396,0.959228515625,0.9595264792442322,0.7631344795227051,0.7401856184005737
040397,0.518798828125,0.6076055765151978,0.4535067081451416,0.6484447717666626
040398,0.304931640625,0.39295250177383423,0.2789600193500519,0.6102952361106873
040399,0.943115234375,0.9479387402534485,0.7475366592407227,0.7510934472084045
040400,0.951904296875,0.9531402587890625,0.9521908760070801,0.9873464107513428
040401,0.19921875,0.29488691687583923,0.14078360795974731,0.35293781757354736
040402,0.9444172978401184,0.946183443069458,0.544137716293335,0.4325014054775238
040408,0.531982421875,0.5971953868865967,0.3482339084148407,0.6219683289527893
040409,0.968017578125,0.9680550694465637,1.0,0.9659883379936218
040411,0.947998046875,0.9536570906639099,0.6841284036636353,0.7999681234359741
040412,0.943115234375,0.9475803971290588,0.819014847278595,0.779096245765686
040413,0.9673665165901184,0.9677295088768005,0.8748590350151062,0.7883011102676392
040415,0.1458333432674408,0.21900510787963867,0.15272833406925201,0.2603037655353546
040418,0.9507649540901184,0.9507649540901184,0.974961519241333,0.974961519241333
040419,0.278564453125,0.3658255636692047,0.21157628297805786,0.4591570794582367
040420,0.956298828125,0.9588485360145569,0.8195018768310547,0.7726014852523804
040421,0.4778645932674408,0.4845937192440033,0.4635950028896332,0.5288664698600769
040422,0.9444172978401184,0.9512980580329895,0.7589633464813232,0.8106040358543396
040424,0.9507649540901184,0.9538921117782593,0.8898733854293823,0.8463126420974731
040425,0.46875,0.47021484375,0.4129750728607178,0.42326390743255615
040426,0.9466145634651184,0.9521355628967285,0.5787770748138428,0.6174196004867554
040428,0.9668782353401184,0.9674110412597656,0.7810032963752747,0.7841912508010864
040429,0.3599446713924408,0.43159428238868713,0.3001289367675781,0.46453821659088135
040430,0.951904296875,0.9597578048706055,0.7122209072113037,0.9153355360031128
040431,0.518798828125,0.5910834670066833,0.3251410126686096,0.5662548542022705
040432,0.300537109375,0.34198904037475586,0.4636814594268799,0.4427051544189453
040434,0.957763671875,0.9582884907722473,0.7236568927764893,0.6746648550033569
040437,0.9673665165901184,0.9678998589515686,0.8748590350151062,0.9134469032287598
040438,0.633056640625,0.6357446908950806,0.7837249636650085,0.7888921499252319
040439,0.23046875,0.304671049118042,0.214540034532547,0.36478039622306824
040441,0.951171875,0.9597467184066772,0.6074502468109131,0.7448458671569824
040442,0.940673828125,0.9491080641746521,0.5046601295471191,0.6331241130828857
040444,0.956298828125,0.9592832922935486,0.7169486284255981,0.7558286786079407
040446,0.946533203125,0.953971803188324,0.6577322483062744,0.8530750274658203
040447,0.943115234375,0.9516322612762451,0.6126077175140381,0.7676479816436768
040448,0.968017578125,0.9680761694908142,1.0,0.8547333478927612
040449,0.499755859375,0.5649554133415222,0.4098700284957886,0.498123437166214
040450,0.633056640625,0.6377675533294678,0.5862115621566772,0.6903966665267944
040451,0.261474609375,0.3654536306858063,0.2789600193500519,0.6615954637527466
040452,0.510498046875,0.5167874693870544,0.49935534596443176,0.6700708866119385
040455,0.9673665165901184,0.9677717089653015,0.8748590350151062,0.8372717499732971
040456,0.619873046875,0.6261259317398071,0.5410870313644409,0.6823515295982361
040457,0.9673665165901184,0.9677172303199768,0.8748590350151062,0.8457766175270081
040458,0.940673828125,0.9508371353149414,0.5768473744392395,0.6849585175514221
040459,0.9673665165901184,0.9677462577819824,0.8748590350151062,0.8641257882118225
040461,0.61328125,0.619873046875,0.4536360800266266,0.5387263298034668
040462,0.531982421875,0.6045758724212646,0.3482339084148407,0.6929843425750732
040463,0.606689453125,0.6415784358978271,0.5334192514419556,0.5992394685745239
040464,0.701904296875,0.7099604606628418,0.5307213068008423,0.6939803957939148
040465,0.30078125,0.33178073167800903,0.5307213068008423,0.44986969232559204
040468,0.580322265625,0.580322265625,0.4618985950946808,0.3237481117248535
040469,0.712158203125,0.7123556137084961,0.8569586873054504,0.7817351818084717
040470,0.659423828125,0.6623746752738953,0.6764605641365051,0.6883999705314636
040471,0.9444172978401184,0.9561009407043457,0.544137716293335,0.729239821434021
040473,0.957763671875,0.9580643773078918,0.8271697163581848,0.7186975479125977
040476,0.2122395932674408,0.3244485855102539,0.19284793734550476,0.6070534586906433
040477,0.953369140625,0.9585708379745483,0.912726640701294,0.8836179971694946
040478,0.967041015625,0.9674631953239441,0.8122885227203369,0.7026910781860352
040479,0.9668782353401184,0.9674450159072876,0.7810032963752747,0.7361229062080383
040480,0.9673665165901184,0.9676026701927185,1.0,0.9113595485687256
040481,0.957763671875,0.9584636092185974,0.7236568927764893,0.7336483597755432
040483,0.212890625,0.3618265390396118,0.12984324991703033,0.4919033944606781
040484,0.953369140625,0.956605076789856,0.912726640701294,0.9321692585945129
040485,0.962158203125,0.9625710248947144,0.8420895934104919,0.8544865250587463
040486,0.9507649540901184,0.9527204632759094,0.8898733854293823,0.8259656429290771
040489,0.51953125,0.5730631351470947,0.45818498730659485,0.5991522669792175
040490,0.393798828125,0.4503273367881775,0.5977610945701599,0.7970266938209534
040491,0.304931640625,0.3749120831489563,0.6151177287101746,0.7417587637901306
040492,0.951171875,0.9596988558769226,0.6074502468109131,0.7386312484741211
040495,0.606689453125,0.6497951745986938,0.5334192514419556,0.7196181416511536
040497,0.9444172978401184,0.9559050798416138,0.6219719052314758,0.8455219268798828
040498,0.9507649540901184,0.9553757905960083,0.7292529344558716,0.6629313826560974
040499,0.0625,0.2678317725658417,0.03576033189892769,0.4293861985206604
040500,0.659423828125,0.6622328758239746,0.8254533410072327,0.8090099692344666
040502,0.9466145634651184,0.9532578587532043,0.6615661382675171,0.6999908685684204
040504,0.943359375,0.9500250816345215,0.5284951329231262,0.56015944480896
040507,0.966796875,0.9674864411354065,0.8748388290405273,0.8092690110206604
040509,0.967041015625,0.9672967195510864,0.8122885227203369,0.6974104046821594
040514,0.556884765625,0.594373345375061,0.5407800078392029,0.7053817510604858
040515,0.5757649540901184,0.5798620581626892,0.5708760023117065,0.6837055683135986
040518,0.9466145634651184,0.9530012011528015,0.6615661382675171,0.6770468950271606
040519,0.219970703125,0.3378210961818695,0.24530528485774994,0.5715079307556152
040520,0.966796875,0.96722412109375,0.8748388290405273,0.9826468229293823
040521,0.94140625,0.9503647089004517,0.5900454521179199,0.6257198452949524
040524,0.966796875,0.967337429523468,0.7653606534004211,0.7231652140617371
040525,0.962158203125,0.9626398682594299,0.8420895934104919,0.8158156275749207
040526,0.508056640625,0.5140025019645691,0.5334192514419556,0.728329598903656
040527,0.962158203125,0.9625066518783569,0.9625431895256042,0.9689064025878906
040532,0.967041015625,0.9675577282905579,0.8122885227203369,0.7365683913230896
040533,0.968017578125,0.9680704474449158,1.0,0.980238139629364
040534,0.712158203125,0.712613582611084,0.7497180104255676,0.7748728394508362
040535,0.9673665165901184,0.9677378535270691,0.8748590350151062,0.8001309037208557
040536,0.943115234375,0.9484525322914124,0.5359453558921814,0.5708005428314209
040537,0.219970703125,0.34077632427215576,0.16052241623401642,0.5350527763366699
040538,0.706298828125,0.7095836997032166,0.6245770454406738,0.7643893361091614
040543,0.580322265625,0.6291983127593994,0.4618985950946808,0.609580934047699
040545,0.968017578125,0.9680771827697754,1.0,0.9831040501594543
040548,0.2774251401424408,0.3856222927570343,0.1687147468328476,0.3826110064983368
040550,0.951904296875,0.9600003361701965,0.6230928897857666,0.8051449060440063
040551,0.967041015625,0.9676083326339722,0.9284793138504028,0.9752346873283386
040552,0.968017578125,0.9680466055870056,1.0,0.8947222828865051
040553,0.431884765625,0.4753929376602173,0.390377938747406,0.5158243179321289
040554,0.567138671875,0.6388779878616333,0.5199966430664062,0.8062306046485901
040559,0.584228515625,0.5847877264022827,0.6245770454406738,0.6615093946456909
040560,0.146728515625,0.26573625206947327,0.11196307837963104,0.2893238663673401
040562,0.51953125,0.5524345636367798,0.3754834830760956,0.40724989771842957
040563,0.518798828125,0.5768203735351562,0.4535067081451416,0.5551897287368774
040564,0.08203125,0.246826171875,0.04692786931991577,0.17352208495140076
040566,0.4375,0.5050463080406189,0.2503223121166229,0.324490487575531
040568,0.34765625,0.35127803683280945,0.3358892798423767,0.36504170298576355
040570,0.633056640625,0.6365246176719666,0.5128524899482727,0.4908488094806671
040572,0.263671875,0.38178205490112305,0.21350501477718353,0.5943016409873962
040573,0.9673665165901184,0.9678457975387573,0.8748590350151062,0.8828450441360474
040574,0.953369140625,0.9586256742477417,0.6543781161308289,0.8075706362724304
040575,0.0625,0.15453605353832245,0.11613046377897263,0.4294391870498657
040576,0.304931640625,0.38708800077438354,0.30563369393348694,0.5048532485961914
040577,0.951904296875,0.9591400623321533,0.6230928897857666,0.8293114900588989
040579,0.09375,0.1968994140625,0.1821252405643463,0.5750281810760498
040580,0.953369140625,0.9569683074951172,0.6543781161308289,0.6621873378753662
040581,0.701171875,0.7072033286094666,0.7184317708015442,0.7504163384437561
040582,0.968017578125,0.9680522680282593,1.0,0.8860940933227539
040584,0.490234375,0.6011446118354797,0.3180091083049774,0.5426018834114075
040586,0.510498046875,0.518627405166626,0.43686550855636597,0.7322871685028076
040587,0.946533203125,0.955630898475647,0.575423002243042,0.7449994087219238
040588,0.9507649540901184,0.9548826813697815,0.6379934549331665,0.6081043481826782
040590,0.95703125,0.957736074924469,0.8046074509620667,0.815759539604187
040592,0.499755859375,0.5868849158287048,0.293855756521225,0.48735013604164124
040593,0.39453125,0.40176260471343994,0.37281090021133423,0.5718887448310852
040595,0.520263671875,0.5207352042198181,0.6423966884613037,0.6796454191207886
040596,0.712158203125,0.7125136256217957,0.8569586873054504,0.8221461176872253
040598,0.9375,0.9470240473747253,0.4692787230014801,0.49850067496299744
040599,0.21875,0.3022787868976593,0.19272169470787048,0.48938706517219543
040600,0.659423828125,0.6642581224441528,0.5918076038360596,0.8203478455543518
040602,0.966796875,0.9677469730377197,0.7653606534004211,0.7837787866592407
040603,0.5757649540901184,0.5795990824699402,0.5708760023117065,0.6992244124412537
040605,0.260498046875,0.260498046875,0.9514426589012146,0.9514426589012146
040609,0.703369140625,0.7091705799102783,0.5620065331459045,0.6342442631721497
040610,0.959228515625,0.9598575234413147,0.7631344795227051,0.851402759552002
040611,0.304931640625,0.31051889061927795,1.0,0.9890863299369812
040614,0.432373046875,0.4378410577774048,0.4040961265563965,0.6659666299819946
040615,0.706298828125,0.710465133190155,0.6245770454406738,0.8474912047386169
040616,0.0,0.12833228707313538,0.0,0.1764509230852127
040617,0.957763671875,0.9584399461746216,0.7236568927764893,0.8601090908050537
040618,0.968017578125,0.9680668711662292,1.0,0.9044420123100281
040619,0.571533203125,0.5758687257766724,0.6093400716781616,0.6392253041267395
040620,0.967041015625,0.9676626324653625,0.8122885227203369,0.8303923010826111
040621,0.9375,0.9443492293357849,0.6545500159263611,0.6853160858154297
040624,0.61328125,0.61328125,0.6327316761016846,0.5115851163864136
040625,0.260498046875,0.3689880073070526,0.34397661685943604,0.578174889087677
040627,0.510498046875,0.5142472386360168,0.6093400716781616,0.5843420028686523
040630,0.951904296875,0.9562304615974426,0.8690900206565857,0.7894046306610107
040631,0.260498046875,0.37288209795951843,0.22389668226242065,0.44232141971588135
040633,0.959228515625,0.9597921967506409,0.7631344795227051,0.8684349656105042
040634,0.518798828125,0.5864997506141663,0.3716495931148529,0.5478771924972534
040636,0.939453125,0.9506752490997314,0.5589672327041626,0.6201367378234863
040637,0.166259765625,0.23622384667396545,0.5307213068008423,0.7891601324081421
040639,0.450927734375,0.4587239623069763,0.3482339084148407,0.39549940824508667
040640,0.966796875,0.9670196771621704,0.9422276020050049,0.9457364082336426
040642,0.584228515625,0.5844530463218689,0.6245770454406738,0.5172382593154907
040643,0.9375,0.9497586488723755,0.4692787230014801,0.5958873629570007
040646,0.712158203125,0.7125663161277771,0.7497180104255676,0.8355099558830261
040648,0.518798828125,0.594476580619812,0.3716495931148529,0.6428481936454773
040649,0.5757649540901184,0.5787464380264282,0.5708760023117065,0.5380975604057312
040651,0.967041015625,0.9675725698471069,0.9284793138504028,0.8922009468078613
040652,0.606689453125,0.6312118768692017,1.0,0.8524898290634155
040655,0.606689453125,0.6202192902565002,1.0,0.849767804145813
040656,0.946533203125,0.9509215354919434,0.8026000261306763,0.7311708331108093
040657,0.166259765625,0.23632097244262695,0.2626707851886749,0.41393205523490906
040660,0.267578125,0.3622698187828064,0.36312174797058105,0.715306282043457
040665,0.488037109375,0.5776768326759338,0.398443341255188,0.7229711413383484
040669,0.4375,0.5064907073974609,0.21899673342704773,0.2837405502796173
040670,0.9507649540901184,0.9516820311546326,0.7292529344558716,0.5489266514778137
040671,0.946533203125,0.9537494778633118,0.6577322483062744,0.8289720416069031
040673,0.560546875,0.5811874270439148,0.4981783330440521,0.426457941532135
040674,0.580322265625,0.6116406917572021,0.5636333227157593,0.564717173576355
040675,0.967041015625,0.9677073359489441,0.8122885227203369,0.9543322920799255
040676,0.5757649540901184,0.5802751779556274,0.6966133713722229,0.7026031613349915
040677,0.703369140625,0.7090245485305786,0.6423966884613037,0.7774353623390198
040678,0.9388020634651184,0.9486602544784546,0.48492133617401123,0.5475068092346191
040679,0.9668782353401184,0.9674909114837646,0.7810032963752747,0.7058470845222473
040681,0.344482421875,0.40045827627182007,0.31885725259780884,0.5159693956375122
040682,0.951904296875,0.9566651582717896,0.8690900206565857,0.8559064865112305
040683,0.12109375,0.15679931640625,0.1195228174328804,0.1678231656551361
040684,0.3599446713924408,0.42271891236305237,0.5626510977745056,0.821771502494812
040687,0.469970703125,0.47728437185287476,0.5407800078392029,0.669523298740387
040689,0.959228515625,0.9598785042762756,0.7631344795227051,0.7715665102005005
040692,0.956298828125,0.961126446723938,0.7169486284255981,0.8750088810920715
040694,0.967041015625,0.9678056240081787,0.8122885227203369,0.7329126596450806
040697,0.946533203125,0.9531407952308655,0.6577322483062744,0.7547351121902466
040698,0.9673665165901184,0.9676181077957153,1.0,0.8569579124450684
040700,0.9507649540901184,0.9565703868865967,0.7292529344558716,0.8263152241706848
040701,0.703369140625,0.7089174389839172,0.6423966884613037,0.7635382413864136
040702,0.323974609375,0.411560982465744,0.2550044059753418,0.5829600095748901
040703,0.450927734375,0.4602636992931366,0.3482339084148407,0.5261902213096619
040704,0.94140625,0.950614869594574,0.5162065625190735,0.5762704014778137
040706,0.712158203125,0.712158203125,0.8569586873054504,0.7475866675376892
040709,0.0,0.13332520425319672,0.0,0.1975783258676529
040710,0.9673665165901184,0.9677301645278931,1.0,0.9192762970924377
040711,0.228759765625,0.3681434690952301,0.276936799287796,0.6681542992591858
040713,0.968017578125,0.9680604338645935,1.0,0.9478661417961121
040714,0.962158203125,0.9624702334403992,0.8420895934104919,0.7576983571052551
040715,0.968017578125,0.9680636525154114,1.0,0.9101374745368958
040716,0.9673665165901184,0.9679005742073059,0.8748590350151062,0.8561352491378784
040717,0.0,0.23954208195209503,0.0,0.2977296710014343
040719,0.9507649540901184,0.9556869268417358,0.7292529344558716,0.7112603187561035
040720,0.5694172978401184,0.5719943046569824,0.4635950028896332,0.45401531457901
040721,0.47265625,0.48182353377342224,0.4784300625324249,0.6373401284217834
040722,0.633056640625,0.6371855139732361,0.715326726436615,0.6597484946250916
040724,0.374755859375,0.42434900999069214,0.5307213068008423,0.5341176986694336
040726,0.9673665165901184,0.9677146077156067,1.0,0.9871110320091248
040727,0.510498046875,0.5134751796722412,0.49935534596443176,0.5300617814064026
040728,0.9668782353401184,0.9672390222549438,0.892719030380249,0.797231137752533
040730,0.374755859375,0.4751777648925781,0.37848135828971863,0.6614812016487122
040731,0.962158203125,0.9625144004821777,0.9625431895256042,0.9300925731658936
040733,0.9668782353401184,0.9674740433692932,0.7810032963752747,0.8221322298049927
040735,0.953369140625,0.9569330215454102,0.7479812502861023,0.6842715740203857
040736,0.968017578125,0.9680528044700623,1.0,0.9471397995948792
040737,0.9673665165901184,0.9675653576850891,1.0,0.9137689471244812
040738,0.968017578125,0.9680591225624084,1.0,0.906925618648529
040740,0.431884765625,0.4659520983695984,0.390377938747406,0.46726512908935547
040741,0.584228515625,0.5848039984703064,0.7139173746109009,0.7031446099281311
040743,0.9673665165901184,0.9677063226699829,0.8748590350151062,0.8065152168273926
040744,0.505615234375,0.5144675970077515,0.427834689617157,0.5937560796737671
040745,0.5757649540901184,0.5786396861076355,0.6966133713722229,0.6347658038139343
040746,0.947998046875,0.9552427530288696,0.5985158681869507,0.8467420935630798
040747,0.110107421875,0.23833505809307098,0.20503923296928406,0.6535011529922485
040748,0.953369140625,0.9588263034820557,0.7479812502861023,0.8156927824020386
040750,0.959228515625,0.9595515727996826,0.8722942471504211,0.7453944683074951
040752,0.943359375,0.9502972960472107,0.7371450066566467,0.832518458366394
040753,0.946533203125,0.9529828429222107,0.6577322483062744,0.7014046907424927
040755,0.9444172978401184,0.9533032774925232,0.544137716293335,0.5999463200569153
040756,0.940673828125,0.9492586851119995,0.5768473744392395,0.6512916684150696
040758,0.606689453125,0.6306064128875732,0.46666663885116577,0.4226248860359192
040759,0.567138671875,0.6235937476158142,0.4261382520198822,0.5965325236320496
040760,0.967041015625,0.9678071141242981,0.8122885227203369,0.856636643409729
040761,0.951171875,0.9575475454330444,0.6074502468109131,0.69459468126297
040762,0.951171875,0.9574036598205566,0.694340705871582,0.759941816329956
040764,0.584228515625,0.5846575498580933,0.7139173746109009,0.7900300025939941
040765,0.606689453125,0.6459572315216064,0.46666663885116577,0.7394431829452515
040766,0.633056640625,0.6376861333847046,0.5862115621566772,0.6386129856109619
040767,0.968017578125,0.9680583477020264,1.0,0.8649813532829285
040768,0.9668782353401184,0.9673814177513123,0.892719030380249,0.9144928455352783
040771,0.47265625,0.48497647047042847,0.3430097699165344,0.5566496849060059
040773,0.431884765625,0.4806899130344391,0.4763599932193756,0.6484370231628418
040774,0.951171875,0.9579010009765625,0.6074502468109131,0.618137776851654
040775,0.9673665165901184,0.9678936004638672,0.8748590350151062,0.9111723899841309
040776,0.260498046875,0.3944754898548126,0.16052241623401642,0.3511880040168762
040777,0.703369140625,0.7085904479026794,0.5620065331459045,0.6819816827774048
040779,0.967041015625,0.967699408531189,0.8122885227203369,0.9022577404975891
040780,0.943359375,0.951323390007019,0.5284951329231262,0.5091570019721985
040781,0.9673665165901184,0.9677230715751648,0.8748590350151062,0.8601451516151428
040783,0.659423828125,0.6623485684394836,0.6764605641365051,0.6484271883964539
040785,0.580322265625,0.6320030093193054,0.5636333227157593,0.7030062079429626
040786,0.9375,0.9443782567977905,0.6545500159263611,0.7093976736068726
040788,0.51953125,0.5472281575202942,0.3754834830760956,0.3643418848514557
040789,0.968017578125,0.9680714011192322,1.0,0.8307750225067139
040790,0.968017578125,0.9680637717247009,1.0,0.9417669177055359
040791,0.606689453125,0.6379010081291199,0.46666663885116577,0.6886723041534424
040792,0.39453125,0.4022415280342102,0.37281090021133423,0.656432569026947
040793,0.3599446713924408,0.3836480379104614,0.8075588941574097,0.837230920791626
040794,0.966796875,0.967551052570343,0.7653606534004211,0.7426955699920654
040795,0.51953125,0.5583636164665222,0.45818498730659485,0.5347548127174377
040796,0.946533203125,0.9525454640388489,0.575423002243042,0.5872725248336792
040797,0.150390625,0.178955078125,0.5364180207252502,0.6960369944572449
040798,0.962158203125,0.9625089168548584,0.8420895934104919,0.7821325063705444
040799,0.490234375,0.5258549451828003,0.6884825229644775,0.8780559301376343
040800,0.703369140625,0.7088904976844788,0.5620065331459045,0.5891689658164978
040801,0.46875,0.48081710934638977,0.3384338617324829,0.4822610914707184
040803,0.9507649540901184,0.9540143013000488,0.7292529344558716,0.6339681148529053
040804,0.9673665165901184,0.96775221824646,1.0,0.9418219327926636
040805,0.5757649540901184,0.579493522644043,0.6966133713722229,0.6773613691329956
040807,0.14453125,0.25542494654655457,0.1061442568898201,0.4444538652896881
040808,0.951171875,0.9566409587860107,0.6074502468109131,0.5989925265312195
040809,0.503173828125,0.5127474069595337,0.3920743465423584,0.5851119756698608
040810,0.659423828125,0.6619920134544373,0.5918076038360596,0.5364006757736206
040814,0.712158203125,0.7125197052955627,0.8569586873054504,0.8391785025596619
040815,0.5694172978401184,0.5779525637626648,0.4635950028896332,0.7142415642738342
040816,0.968017578125,0.9680765271186829,1.0,0.9664478302001953
040817,0.703369140625,0.7070043087005615,0.5620065331459045,0.5847494602203369
040819,0.947998046875,0.9561167359352112,0.5985158681869507,0.7800880670547485
040820,0.432373046875,0.44035613536834717,0.4618985950946808,0.6674385666847229
040822,0.9444172978401184,0.95445317029953,0.544137716293335,0.8054691553115845
040823,0.300537109375,0.3940027058124542,0.2163846641778946,0.46984103322029114
040824,0.09375,0.21384203433990479,0.0904926061630249,0.45473259687423706
040825,0.966796875,0.966796875,0.8748388290405273,0.7897025942802429
040826,0.2122395932674408,0.2122395932674408,0.19284793734550476,0.16150565445423126
040829,0.556884765625,0.6071820855140686,0.4431702494621277,0.6877205967903137
040830,0.968017578125,0.9680643677711487,1.0,0.9784404039382935
040831,0.712158203125,0.7125526070594788,0.7497180104255676,0.7413236498832703
040833,0.968017578125,0.9680639505386353,1.0,0.9831172227859497
040835,0.9673665165901184,0.9677420258522034,1.0,0.9572250247001648
040841,0.962158203125,0.9623432755470276,0.9625431895256042,0.8108190298080444
040844,0.499755859375,0.5596112608909607,0.293855756521225,0.4307502508163452
040845,0.499755859375,0.6020258069038391,0.4098700284957886,0.7431379556655884
040848,0.300537109375,0.3685762286186218,0.2163846641778946,0.4012136459350586
040851,0.091796875,0.27020400762557983,0.07116833329200745,0.43677425384521484
040852,0.12109375,0.27525997161865234,0.1195228174328804,0.5279021859169006
040853,0.968017578125,0.9680765271186829,1.0,0.9492208957672119
040855,0.968017578125,0.9680538773536682,1.0,0.8275730609893799
040857,0.606689453125,0.6320614218711853,0.6509066820144653,0.7082282304763794
040859,0.9668782353401184,0.9675526022911072,0.7810032963752747,0.7947041988372803
040861,0.968017578125,0.9680619239807129,1.0,0.9683085680007935
040864,0.505615234375,0.5109560489654541,0.5719858407974243,0.6422763466835022
040865,0.957763671875,0.958427369594574,0.8271697163581848,0.8542344570159912
040866,0.951171875,0.9554898142814636,0.8472716808319092,0.8977357745170593
040867,0.9668782353401184,0.9673106074333191,0.892719030380249,0.8812330365180969
040869,0.968017578125,0.9680638909339905,1.0,0.9522579312324524
040870,0.490234375,0.5528264045715332,0.5961710214614868,0.736197829246521
040871,0.518798828125,0.5667911767959595,0.8046129941940308,0.8789299130439758
040872,0.951171875,0.9557833075523376,0.8472716808319092,0.7456040382385254
040873,0.966796875,0.9677359461784363,0.7653606534004211,0.9011724591255188
040874,0.9507649540901184,0.9576257467269897,0.6379934549331665,0.7042698264122009
040875,0.967041015625,0.9676239490509033,0.8122885227203369,0.8843010067939758
040876,0.968017578125,0.9680560827255249,1.0,0.9179875254631042
040877,0.633056640625,0.6377381086349487,0.715326726436615,0.767930269241333
040878,0.953369140625,0.9601891040802002,0.6543781161308289,0.7213567495346069
040879,0.968017578125,0.9680598974227905,1.0,0.9514588713645935
040880,0.947998046875,0.950943648815155,0.8348100185394287,0.703495442867279
040881,0.9673665165901184,0.9677172303199768,0.8748590350151062,0.8381122350692749
040883,0.9668782353401184,0.9677817821502686,0.7810032963752747,0.8902005553245544
040884,0.46875,0.47524404525756836,0.4129750728607178,0.49791163206100464
040885,0.466064453125,0.5663166046142578,0.2907647490501404,0.46741679310798645
040887,0.956298828125,0.9611711502075195,0.7169486284255981,0.9250931739807129
040889,0.146728515625,0.26444756984710693,0.09795191138982773,0.3662174642086029
040891,0.9388020634651184,0.9475250244140625,0.5542851090431213,0.5874713063240051
040892,0.968017578125,0.9680488109588623,1.0,0.9295827746391296
040893,0.967041015625,0.9676403999328613,0.8122885227203369,0.8644599318504333
040894,0.9673665165901184,0.9678508639335632,0.8748590350151062,0.9027453660964966
040895,0.556884765625,0.6132820844650269,0.4431702494621277,0.7298363447189331
040896,0.499755859375,0.6029980182647705,0.4098700284957886,0.6720594167709351
040897,0.9673665165901184,0.9676941633224487,0.8748590350151062,0.863161563873291
040898,0.556884765625,0.5877792239189148,0.5407800078392029,0.696171760559082
040899,0.703369140625,0.7088146209716797,0.7838867902755737,0.8504993319511414
040900,0.228759765625,0.34142017364501953,0.14772342145442963,0.3674476444721222
040901,0.510498046875,0.5160404443740845,0.49935534596443176,0.6545637249946594
040902,0.505615234375,0.5108222961425781,0.5719858407974243,0.7016701698303223
040905,0.9673665165901184,0.967620849609375,1.0,0.8525852560997009
040906,0.1458333432674408,0.20094351470470428,0.3367719352245331,0.5816268920898438
040907,0.9375,0.946380615234375,0.5777241587638855,0.6976848244667053
040908,0.9375,0.9464655518531799,0.4692787230014801,0.5596836805343628
040911,0.9673665165901184,0.9675974249839783,0.8748590350151062,0.7354463934898376
040912,0.968017578125,0.9680603742599487,1.0,0.9791012406349182
040913,0.956298828125,0.9598880410194397,1.0,0.96275794506073
040914,0.659423828125,0.6641901135444641,0.6764605641365051,0.7506287097930908
040915,0.499755859375,0.5478622317314148,0.7271926999092102,0.7580192685127258
040916,0.659423828125,0.6633391976356506,0.5918076038360596,0.700048565864563
040917,0.94140625,0.9536589980125427,0.5162065625190735,0.5785679817199707
040919,0.947998046875,0.9547461867332458,0.6841284036636353,0.8617718815803528
040920,0.571533203125,0.5776351094245911,0.49935534596443176,0.5831402540206909
040922,0.08203125,0.22451019287109375,0.053640495985746384,0.3183705508708954
040923,0.947998046875,0.9543672800064087,0.5985158681869507,0.8057859539985657
040925,0.951171875,0.9598236083984375,0.6074502468109131,0.8957717418670654
040927,0.968017578125,0.9680647253990173,1.0,0.9766808748245239
040928,0.260498046875,0.3360583484172821,0.34397661685943604,0.5141727924346924
040929,0.344482421875,0.4161778688430786,0.2789551615715027,0.49808645248413086
040931,0.2122395932674408,0.27987080812454224,0.23532335460186005,0.37360844016075134
040933,0.23828125,0.3969244062900543,0.16092148423194885,0.45244425535202026
040934,0.968017578125,0.9680770635604858,1.0,0.9795809984207153
040940,0.946533203125,0.9548772573471069,0.7083972692489624,0.8777850866317749
040942,0.03125,0.25997111201286316,0.01973879337310791,0.4280611276626587
040943,0.9668782353401184,0.9677661061286926,0.7810032963752747,0.830798327922821
040944,0.966796875,0.9677600264549255,0.7653606534004211,0.8688557744026184
040945,0.968017578125,0.9680622220039368,1.0,0.9033517837524414
040947,0.9388020634651184,0.9454401135444641,0.5542851090431213,0.5361396670341492
040948,0.967041015625,0.9678046107292175,0.8122885227203369,0.7636303305625916
040949,0.968017578125,0.9680594801902771,1.0,0.9577676653862
040950,0.946533203125,0.9537476897239685,0.6577322483062744,0.8526788353919983
040951,0.968017578125,0.9680584073066711,1.0,0.9015415906906128
040952,0.166259765625,0.2771804630756378,0.14805001020431519,0.40542659163475037
040953,0.953369140625,0.9547080993652344,1.0,1.0
040958,0.946533203125,0.9493558406829834,0.575423002243042,0.4492247998714447
040959,0.951904296875,0.9583774209022522,0.7122209072113037,0.7356951236724854
040961,0.946533203125,0.953122615814209,0.8026000261306763,0.9414494037628174
040964,0.9444172978401184,0.9532325267791748,0.544137716293335,0.7868331074714661
040968,0.61328125,0.6155651807785034,0.6932323575019836,0.6872828602790833
040970,0.633056640625,0.6400386095046997,0.5128524899482727,0.7364672422409058
040972,0.568359375,0.5769967436790466,0.3899376392364502,0.5529062747955322
040973,0.455078125,0.4873504638671875,0.33298835158348083,0.30958712100982666
040975,0.706298828125,0.7091100215911865,0.6245770454406738,0.5683040022850037
040976,0.951171875,0.9553095102310181,0.694340705871582,0.5591458082199097
040979,0.2044270783662796,0.3126005232334137,0.12516115605831146,0.32300621271133423
040981,0.267578125,0.3486631512641907,0.23635835945606232,0.42873814702033997
040984,0.957763671875,0.9583514332771301,0.7236568927764893,0.6772540807723999
040985,0.968017578125,0.9680584073066711,1.0,0.9585586786270142
040986,0.953369140625,0.9587110877037048,0.6543781161308289,0.738814115524292
040988,0.703369140625,0.7088199853897095,0.5620065331459045,0.7108193039894104
040990,0.9673665165901184,0.9677911400794983,0.8748590350151062,0.887420117855072
040991,0.946533203125,0.956601083278656,0.575423002243042,0.8298688530921936
040992,0.968017578125,0.9680768847465515,1.0,0.9091628193855286
040994,0.953369140625,0.9553297758102417,1.0,0.8796406388282776
040995,0.505615234375,0.5102795362472534,0.6504693627357483,0.7190719246864319
040996,0.9668782353401184,0.9670321345329285,0.7810032963752747,0.6193900108337402
040997,0.9673665165901184,0.9676675796508789,1.0,0.878363847732544
040999,0.967041015625,0.9676161408424377,0.8122885227203369,0.8810945749282837
041000,0.21875,0.324462890625,0.2217511385679245,0.5282216668128967
041001,0.212890625,0.3599099814891815,0.11359453201293945,0.5173909664154053
041002,0.94140625,0.9453611373901367,0.7200049757957458,0.6067747473716736
041004,0.9507649540901184,0.9578043818473816,0.6379934549331665,0.8212896585464478
041007,0.584228515625,0.5847780108451843,0.6245770454406738,0.7016081213951111
041008,0.39453125,0.39804285764694214,0.5199966430664062,0.5301470756530762
041009,0.219970703125,0.3179803192615509,0.22389668226242065,0.49957144260406494
041010,0.499755859375,0.5556350350379944,0.3358892798423767,0.4366789162158966
041011,0.94140625,0.9473430514335632,0.5162065625190735,0.506528377532959
041013,0.51953125,0.5679396390914917,0.3754834830760956,0.569689154624939
041015,0.968017578125,0.968059778213501,1.0,0.9596041440963745
041016,0.5694172978401184,0.57787024974823,0.4635950028896332,0.6177107691764832
041020,0.962158203125,0.9625993371009827,0.8420895934104919,0.8176640272140503
041022,0.9673665165901184,0.967762291431427,0.8748590350151062,0.8708915114402771
041023,0.9668782353401184,0.9677810072898865,0.7810032963752747,0.8213006258010864
041024,0.08203125,0.1321563720703125,0.06545499712228775,0.12417317181825638
041025,0.490234375,0.5820794105529785,0.27821314334869385,0.5444380640983582
041026,0.9507649540901184,0.9551833868026733,0.6379934549331665,0.7634307742118835
041029,0.560546875,0.6364344954490662,0.4981783330440521,0.7262016534805298
041031,0.946533203125,0.9525843262672424,0.8026000261306763,0.846088171005249
041032,0.365234375,0.3754104673862457,0.5741883516311646,0.5338308811187744
041033,0.388427734375,0.4001436233520508,0.3251410126686096,0.47855257987976074
041034,0.703369140625,0.7089763283729553,0.5620065331459045,0.7499142289161682
041035,0.146728515625,0.3175271153450012,0.1366233378648758,0.4522332549095154
041036,0.957763671875,0.9583106637001038,0.8271697163581848,0.7503089904785156
041037,0.3599446713924408,0.43232619762420654,0.40125197172164917,0.6639297008514404
041038,0.567138671875,0.5857939720153809,0.9225797057151794,0.8434586524963379
041040,0.571533203125,0.5759690999984741,0.43686550855636597,0.5189318060874939
041041,0.967041015625,0.967674732208252,0.8122885227203369,0.8266037106513977
041042,0.488037109375,0.5631726980209351,0.398443341255188,0.5610051155090332
041045,0.9668782353401184,0.9677605628967285,0.7810032963752747,0.7435373067855835
041050,0.9668782353401184,0.9675948619842529,0.7810032963752747,0.8654599189758301
041052,0.9673665165901184,0.9678954482078552,0.8748590350151062,0.8766857981681824
041056,0.951171875,0.9544264674186707,0.8472716808319092,0.8280785083770752
041057,0.261474609375,0.3439582288265228,0.20000000298023224,0.5142340064048767
041059,0.556884765625,0.6186811327934265,0.5407800078392029,0.6748095154762268
041060,0.146728515625,0.276800274848938,0.1366233378648758,0.43134260177612305
041062,0.703369140625,0.7102391123771667,0.6423966884613037,0.7620444297790527
041063,0.953369140625,0.960246741771698,0.7479812502861023,0.8419312238693237
041064,0.499755859375,0.5801528096199036,0.4098700284957886,0.5723301768302917
041065,0.469970703125,0.4766845405101776,0.5407800078392029,0.6113590598106384
041069,0.939453125,0.9491965174674988,0.489017516374588,0.5826042890548706
041070,0.150390625,0.23354864120483398,0.10344710201025009,0.2163492888212204
041071,0.503173828125,0.5101566314697266,0.4784300625324249,0.6556584239006042
041073,0.9375,0.948108971118927,0.4692787230014801,0.7560062408447266
041074,0.9673665165901184,0.9676842093467712,1.0,0.8434984087944031
041076,0.584228515625,0.5847678184509277,0.7139173746109009,0.7462097406387329
041077,0.323974609375,0.42961210012435913,0.2230929136276245,0.5948939323425293
041079,0.431884765625,0.475432425737381,0.390377938747406,0.4746418595314026
041080,0.14453125,0.2496863454580307,0.16220630705356598,0.48824048042297363
041081,0.943115234375,0.9481452107429504,0.9313938021659851,0.9733757972717285
041082,0.393798828125,0.46961119771003723,0.38908666372299194,0.6657369136810303
041083,0.518798828125,0.5599681735038757,0.8046129941940308,0.9138679504394531
041084,0.146728515625,0.29057416319847107,0.1366233378648758,0.5679510831832886
041085,0.499755859375,0.5586345791816711,0.4098700284957886,0.626137912273407
041086,0.3599446713924408,0.41947484016418457,0.36623337864875793,0.6266564726829529
041087,0.968017578125,0.9680349826812744,1.0,0.8004746437072754
041088,0.962158203125,0.9625493288040161,0.8420895934104919,0.7626200914382935
041092,0.606689453125,0.6216593980789185,1.0,0.8579663634300232
041095,0.947998046875,0.9538249373435974,0.6841284036636353,0.7804045677185059
041096,0.947998046875,0.9546482563018799,0.6841284036636353,0.7900764346122742
041099,0.219970703125,0.3109515905380249,0.16052241623401642,0.4022107720375061
041100,0.633056640625,0.6383177638053894,0.5128524899482727,0.6204577088356018
041101,0.508056640625,0.511605978012085,0.6509066820144653,0.7112295031547546
041102,0.1875,0.3391222655773163,0.10728099197149277,0.3770252764225006
041105,0.962158203125,0.962455153465271,0.9625431895256042,0.8316594958305359
041109,0.510498046875,0.5165866017341614,0.43686550855636597,0.6750320792198181
041112,0.5757649540901184,0.5804471373558044,0.49943602085113525,0.601205587387085
041113,0.9507649540901184,0.9561607241630554,0.6379934549331665,0.6001622676849365
041114,0.712158203125,0.7125945091247559,0.7497180104255676,0.7994076013565063
041115,0.9673665165901184,0.967749834060669,0.8748590350151062,0.9082654118537903
041116,0.967041015625,0.9674395322799683,0.8122885227203369,0.7495347261428833
041117,0.956298828125,0.9603375792503357,0.8195018768310547,0.8635076284408569
041118,0.957763671875,0.9585672616958618,0.7236568927764893,0.8997554183006287
041119,0.09375,0.230641171336174,0.1465403288602829,0.5650375485420227
041122,0.633056640625,0.6382962465286255,0.5128524899482727,0.6573560833930969
041125,0.466064453125,0.5879955887794495,0.25437816977500916,0.688350260257721
041126,0.365234375,0.45066678524017334,0.26521679759025574,0.573692798614502
041127,0.03125,0.08896705508232117,0.02753167226910591,0.09813638776540756
041135,0.567138671875,0.6312143802642822,0.5199966430664062,0.6776857376098633
041136,0.967041015625,0.9675690531730652,0.8122885227203369,0.943050742149353
041141,0.967041015625,0.967522144317627,0.8122885227203369,0.838712751865387
041142,0.956298828125,0.9575605392456055,1.0,0.9898510575294495
041143,0.09375,0.2100575864315033,0.0676867738366127,0.234541654586792
041145,0.659423828125,0.6609094142913818,0.8254533410072327,0.6534766554832458
041146,0.947998046875,0.9536234736442566,0.8348100185394287,0.8730413317680359
041148,0.946533203125,0.95180743932724,0.6577322483062744,0.6878880262374878
041149,0.2774251401424408,0.4254720211029053,0.257824569940567,0.5874984860420227
041152,0.2774251401424408,0.3859594762325287,0.23532335460186005,0.47504884004592896
041153,0.951904296875,0.9579867720603943,0.7122209072113037,0.8944693803787231
041154,0.580322265625,0.5923728942871094,1.0,0.847206175327301
041155,0.1875,0.32222333550453186,0.16310739517211914,0.533592164516449
041156,0.344482421875,0.3491172790527344,0.7482483983039856,0.7570297122001648
041157,0.304931640625,0.3957284390926361,0.4285714626312256,0.6523633599281311
041158,0.953369140625,0.9578074216842651,0.912726640701294,0.9054355025291443
041160,0.580322265625,0.598900318145752,1.0,0.9940180778503418
041164,0.9668782353401184,0.9673780202865601,0.892719030380249,0.8759752511978149
041165,0.943115234375,0.9522649049758911,0.6126077175140381,0.6929764747619629
041168,0.953369140625,0.9591692686080933,0.7479812502861023,0.8318109512329102
041169,0.9673665165901184,0.9677517414093018,0.8748590350151062,0.8521040678024292
041170,0.505615234375,0.5107097625732422,0.5220667123794556,0.569949209690094
041171,0.943115234375,0.9516064524650574,0.7475366592407227,0.9010514616966248
041175,0.956298828125,0.9600512981414795,0.8195018768310547,0.7593109011650085
041176,0.966796875,0.967318594455719,0.8748388290405273,0.8518412113189697
041178,0.508056640625,0.5130991339683533,0.5334192514419556,0.6911406517028809
041179,0.432373046875,0.44029057025909424,0.4618985950946808,0.7075120210647583
041182,0.966796875,0.9673364162445068,0.8748388290405273,0.8481639623641968
041184,0.505615234375,0.5119734406471252,0.427834689617157,0.4719304144382477
041185,0.9375,0.9407579302787781,0.4692787230014801,0.3398226201534271
041188,0.956298828125,0.9611010551452637,0.8195018768310547,0.9367417097091675
041189,0.9388020634651184,0.9501292705535889,0.48492133617401123,0.7075783014297485
041191,0.431884765625,0.4591660499572754,0.4763599932193756,0.469727486371994
041192,0.951171875,0.9559473991394043,0.6074502468109131,0.5981154441833496
041193,0.9668782353401184,0.9675275683403015,0.892719030380249,0.8524284958839417
041194,0.967041015625,0.9677039980888367,0.8122885227203369,0.9075897932052612
041196,0.9507649540901184,0.9507649540901184,0.8898733854293823,0.6788281202316284
041197,0.344482421875,0.38160037994384766,0.5977610945701599,0.699774444103241
041198,0.706298828125,0.7110588550567627,0.7139173746109009,0.8125196099281311
041200,0.959228515625,0.959228515625,0.9394869804382324,0.9394869804382324
041201,0.951904296875,0.9531402587890625,0.6230928897857666,0.46599632501602173
041202,0.706298828125,0.7081471681594849,0.871160089969635,0.7696419358253479
041203,0.706298828125,0.709352433681488,0.871160089969635,0.8311086297035217
041204,0.959228515625,0.9598156213760376,0.7631344795227051,0.8241080045700073
041205,0.0625,0.2899892032146454,0.03128524869680405,0.3405701518058777
041207,0.3599446713924408,0.44112128019332886,0.36623337864875793,0.6818203926086426
041208,0.953369140625,0.9586805701255798,0.912726640701294,0.8922628164291382
041209,0.946533203125,0.9487665891647339,1.0,0.9295671582221985
041210,0.606689453125,0.6434346437454224,0.46666663885116577,0.6884422302246094
041213,0.197998046875,0.349947065114975,0.15708759427070618,0.6265773177146912
041214,0.633056640625,0.6382993459701538,0.5862115621566772,0.6998615860939026
041216,0.94140625,0.94140625,0.6354966163635254,0.6354966163635254
041217,0.9668782353401184,0.9673619270324707,0.892719030380249,0.7871511578559875
041219,0.966796875,0.9675753116607666,0.7653606534004211,0.796005368232727
041220,0.9673665165901184,0.9676201343536377,1.0,0.8715213537216187
041221,0.12109375,0.20708465576171875,0.24055138230323792,0.46699845790863037
041222,0.962158203125,0.9624118208885193,0.9625431895256042,0.8452677130699158
041223,0.567138671875,0.638680100440979,0.4261382520198822,0.6077128648757935
041225,0.9673665165901184,0.9677072763442993,1.0,0.9214654564857483
041226,0.703369140625,0.7073386311531067,0.7838867902755737,0.7957391738891602
041227,0.951904296875,0.9598112106323242,0.6230928897857666,0.6929762363433838
041229,0.47265625,0.5537532567977905,0.2659246027469635,0.41078418493270874
041230,0.706298828125,0.7092944383621216,0.6245770454406738,0.6596670150756836
041231,0.568359375,0.5699462890625,0.5958904027938843,0.5319883227348328
041232,0.9507649540901184,0.9536382555961609,0.8898733854293823,0.737238883972168
041233,0.9444172978401184,0.9534738659858704,0.544137716293335,0.5745075941085815
041234,0.47265625,0.4826700687408447,0.3920743465423584,0.6553646922111511
041235,0.228759765625,0.33832985162734985,0.14772342145442963,0.42677804827690125
041239,0.03125,0.22478435933589935,0.01973879337310791,0.39683282375335693
041240,0.263671875,0.2817230224609375,0.23391999304294586,0.2436107099056244
041241,0.947998046875,0.9548318386077881,0.5985158681869507,0.7840743660926819
041242,0.703369140625,0.7096135020256042,0.5620065331459045,0.6327672600746155
041243,0.953369140625,0.9561697840690613,0.7479812502861023,0.6138758659362793
041248,0.94140625,0.9470530152320862,0.7888506054878235,0.8718550801277161
041252,0.556884765625,0.6049031019210815,0.5407800078392029,0.753542423248291
041255,0.508056640625,0.515102744102478,0.46666663885116577,0.7361136078834534
041257,0.962158203125,0.9626376628875732,0.8420895934104919,0.8928435444831848
041258,0.431884765625,0.484329491853714,0.4763599932193756,0.6795818209648132
041259,0.432373046875,0.43637508153915405,0.5636333227157593,0.6507889032363892
041261,0.431884765625,0.4849640429019928,0.3415256440639496,0.6248095631599426
041262,0.946533203125,0.952655553817749,0.6577322483062744,0.7421168684959412
041263,0.633056640625,0.639989972114563,0.5862115621566772,0.767573893070221
041264,0.946533203125,0.9532238841056824,0.575423002243042,0.6261574029922485
041265,0.455078125,0.47723716497421265,0.5115761756896973,0.37358132004737854
041267,0.091796875,0.16559143364429474,0.12626707553863525,0.28257662057876587
041268,0.21875,0.2921462953090668,0.13817155361175537,0.25171583890914917
041269,0.953369140625,0.9602797627449036,0.6543781161308289,0.7415034174919128
041270,0.706298828125,0.7065048217773438,0.871160089969635,0.8261773586273193
041271,0.968017578125,0.9680559039115906,1.0,0.9174838066101074
041272,0.959228515625,0.9597493410110474,0.8722942471504211,0.8821975588798523
041273,0.95703125,0.9579941034317017,0.7039180397987366,0.8164284229278564
041274,0.956298828125,0.9596942663192749,0.8195018768310547,0.894852340221405
041275,0.166259765625,0.2696280777454376,0.14805001020431519,0.31885623931884766
041276,0.633056640625,0.6387785077095032,0.5862115621566772,0.7802066802978516
041278,0.366455078125,0.37636634707450867,0.3265250623226166,0.4972308576107025
041279,0.488037109375,0.5423092842102051,0.398443341255188,0.5208098888397217
041280,0.951171875,0.9581359624862671,0.6074502468109131,0.643213152885437
041281,0.619873046875,0.6253222227096558,0.5410870313644409,0.6488930583000183
041282,0.16796875,0.23289251327514648,0.14772342145442963,0.3780946135520935
041283,0.9673665165901184,0.967682421207428,1.0,0.9104193449020386
041284,0.9444172978401184,0.9498497247695923,0.8315341472625732,0.9278678894042969
041285,0.48828125,0.4889048635959625,0.5307213068008423,0.6451893448829651
041286,0.951171875,0.9582340121269226,0.694340705871582,0.8476680517196655
041287,0.9673665165901184,0.9677631855010986,0.8748590350151062,0.8832276463508606
041288,0.23828125,0.3266950249671936,0.2446610927581787,0.4480797052383423
041289,0.633056640625,0.6372560262680054,0.715326726436615,0.7561285495758057
041290,0.228759765625,0.3301645815372467,0.276936799287796,0.6495354175567627
041291,0.4375,0.5334464311599731,0.2503223121166229,0.5714307427406311
041293,0.706298828125,0.7101025581359863,0.7139173746109009,0.8414320945739746
041295,0.9668782353401184,0.9674331545829773,0.892719030380249,0.9492362141609192
041297,0.166259765625,0.31359148025512695,0.1061442568898201,0.39899009466171265
041298,0.374755859375,0.4431506395339966,0.24766992032527924,0.44781407713890076
041299,0.967041015625,0.9674693942070007,0.8122885227203369,0.7831903100013733
041300,0.957763671875,0.9586513638496399,0.7236568927764893,0.8167843222618103
041304,0.957763671875,0.9582692384719849,0.8271697163581848,0.7876331210136414
041305,0.659423828125,0.6626496315002441,0.6764605641365051,0.7238213419914246
041306,0.953369140625,0.9566548466682434,0.912726640701294,0.861477792263031
041309,0.940673828125,0.9512128233909607,0.5046601295471191,0.6254259347915649
041310,0.567138671875,0.6393772959709167,0.37281090021133423,0.6035903692245483
041311,0.9507649540901184,0.955625593662262,0.6379934549331665,0.7201423048973083
041312,0.712158203125,0.712455689907074,0.8569586873054504,0.8657469749450684
041313,0.531982421875,0.5728607773780823,0.48571667075157166,0.5515950918197632
041314,0.23828125,0.35432302951812744,0.16092148423194885,0.3453430235385895
041315,0.9388020634651184,0.9451514482498169,0.48492133617401123,0.5196914076805115
041316,0.968017578125,0.9680767059326172,1.0,0.8879771828651428
041317,0.951171875,0.9596764445304871,0.694340705871582,0.8107135891914368
041318,0.9673665165901184,0.9678957462310791,0.8748590350151062,0.8932307958602905
041319,0.300537109375,0.38662609457969666,0.24733662605285645,0.6307610869407654
041322,0.9388020634651184,0.9530501365661621,0.5542851090431213,0.7853913903236389
041323,0.939453125,0.9503681659698486,0.489017516374588,0.5813647508621216
041324,0.488037109375,0.5671219825744629,0.3265250623226166,0.634872317314148
041325,0.619873046875,0.6256809830665588,0.5410870313644409,0.6880853176116943
041327,0.08984375,0.1999359130859375,0.09298666566610336,0.2624785304069519
041329,0.957763671875,0.9581440091133118,0.8271697163581848,0.7383347749710083
041332,0.228759765625,0.3485579788684845,0.14772342145442963,0.4688751995563507
041333,0.633056640625,0.6379268765449524,0.5862115621566772,0.6731391549110413
041334,0.567138671875,0.5961323976516724,0.7988805174827576,0.7803259491920471
041335,0.957763671875,0.9586465358734131,0.7236568927764893,0.7775951623916626
041336,0.9673665165901184,0.9678853750228882,0.8748590350151062,0.8710543513298035
041338,0.946533203125,0.9566023349761963,0.575423002243042,0.7875522375106812
041340,0.9444172978401184,0.9541414380073547,0.6219719052314758,0.7770957946777344
041341,0.701171875,0.7073023915290833,0.5887562036514282,0.6462503671646118
041342,0.967041015625,0.9678165912628174,0.8122885227203369,0.8837787508964539
041343,0.110107421875,0.20885518193244934,0.06666666269302368,0.24888312816619873
041344,0.584228515625,0.5847107172012329,0.6245770454406738,0.6216707229614258
041345,0.957763671875,0.9586248397827148,0.7236568927764893,0.9144778251647949
041347,0.959228515625,0.9596988558769226,0.7631344795227051,0.6856326460838318
041350,0.393798828125,0.43512141704559326,0.690318763256073,0.8230637907981873
041352,0.967041015625,0.9678158760070801,0.8122885227203369,0.8396527767181396
041353,0.3599446713924408,0.3794463574886322,0.8075588941574097,0.8272133469581604
041354,0.9673665165901184,0.9677406549453735,1.0,0.9112171530723572
041355,0.9375,0.9457185864448547,0.5364049673080444,0.5227124094963074
041356,0.9673665165901184,0.9678452014923096,0.8748590350151062,0.8809543251991272
041357,0.94140625,0.9452854990959167,0.5900454521179199,0.5268667340278625
041358,0.943359375,0.9467295408248901,0.8076295852661133,0.7737046480178833
041363,0.9507649540901184,0.9565942287445068,0.7292529344558716,0.823828399181366
041364,0.946533203125,0.9534927606582642,0.8026000261306763,0.8345814347267151
041365,0.197998046875,0.2875170409679413,0.1916866898536682,0.43550950288772583
041366,0.951171875,0.9598425626754761,0.6074502468109131,0.8526243567466736
041367,0.939453125,0.9483899474143982,0.489017516374588,0.48745256662368774
041368,0.432373046875,0.43534737825393677,0.5636333227157593,0.6681310534477234
041369,0.953369140625,0.9573037028312683,0.912726640701294,0.9613723158836365
041374,0.455078125,0.5077489614486694,0.33298835158348083,0.408485472202301
041375,0.61328125,0.6156256198883057,0.6327316761016846,0.5463430285453796
041378,0.46875,0.4810934066772461,0.29608190059661865,0.5111446380615234
041381,0.701171875,0.7052230834960938,0.7184317708015442,0.7710264921188354
041382,0.110107421875,0.2722797989845276,0.07620275020599365,0.47935229539871216
041384,0.9507649540901184,0.9564582109451294,0.7292529344558716,0.7983492016792297
041385,0.9507649540901184,0.9546892642974854,0.7292529344558716,0.7215796113014221
041388,0.712158203125,0.7126394510269165,0.7497180104255676,0.8766593933105469
041390,0.9466145634651184,0.9520210027694702,0.6615661382675171,0.7120311856269836
041393,0.706298828125,0.7096909284591675,0.6245770454406738,0.6973708271980286
041394,0.30078125,0.3760240077972412,0.3454500138759613,0.562613308429718
041397,0.518798828125,0.5648425221443176,0.4535067081451416,0.507627546787262
041400,0.365234375,0.365234375,0.7136205434799194,0.6852248907089233
041401,0.95703125,0.9576129913330078,0.7039180397987366,0.7365182638168335
041402,0.568359375,0.5806910395622253,0.3899376392364502,0.6078101396560669
041404,0.9673665165901184,0.9677528142929077,1.0,0.9565648436546326
041405,0.94140625,0.9427523016929626,0.7888506054878235,0.7262023091316223
041406,0.967041015625,0.9676101207733154,0.8122885227203369,0.8632194995880127
041408,0.23828125,0.33808523416519165,0.30167919397354126,0.5546626448631287
041409,0.584228515625,0.5848698616027832,0.6245770454406738,0.6627709865570068
041411,0.9375,0.938647449016571,0.9298905730247498,0.9717925786972046
041412,0.951904296875,0.9563532471656799,0.8690900206565857,0.9064832925796509
041414,0.951904296875,0.9558800458908081,0.8690900206565857,0.7804347276687622
041415,0.953369140625,0.9554061889648438,0.7479812502861023,0.6098620891571045
041417,0.9444172978401184,0.9500334858894348,0.8315341472625732,0.9467767477035522
041418,0.580322265625,0.6161898374557495,0.5636333227157593,0.6287608742713928
041419,0.943115234375,0.952335000038147,0.6597968339920044,0.8741362690925598
041423,0.488037109375,0.558184027671814,0.398443341255188,0.6550330519676208
041424,0.4778645932674408,0.4863080680370331,0.4635950028896332,0.6548156142234802
041425,0.633056640625,0.6358424425125122,0.5128524899482727,0.4497484266757965
041426,0.584228515625,0.5846777558326721,0.6245770454406738,0.6313128471374512
041427,0.939453125,0.9512617588043213,0.5589672327041626,0.6915118098258972
041428,0.4375,0.5702776312828064,0.33466389775276184,0.6773796677589417
041430,0.9673665165901184,0.9675861597061157,1.0,0.9469733238220215
041433,0.9673665165901184,0.9678484797477722,0.8748590350151062,0.9653093218803406
041434,0.374755859375,0.46205970644950867,0.3454500138759613,0.5838367342948914
041435,0.951904296875,0.9586151242256165,0.6230928897857666,0.7408438324928284
041436,0.701904296875,0.7091444730758667,0.5307213068008423,0.6450676321983337
041437,0.633056640625,0.6381116509437561,0.5128524899482727,0.6291966438293457
041438,0.9668782353401184,0.9675118923187256,0.7810032963752747,0.8307888507843018
041440,0.9388020634651184,0.9433897137641907,0.8427215218544006,0.8035979270935059
041441,0.953369140625,0.9552839398384094,0.912726640701294,0.7430865168571472
041442,0.520263671875,0.520727276802063,0.6423966884613037,0.7013517618179321
041443,0.580322265625,0.6430445909500122,0.4618985950946808,0.7723638415336609
041445,0.706298828125,0.7097989320755005,0.7139173746109009,0.7424793839454651
041446,0.968017578125,0.9680773019790649,1.0,0.9086742401123047
041447,0.951904296875,0.959121823310852,0.6230928897857666,0.794448971748352
041448,0.967041015625,0.9674845337867737,0.8122885227203369,0.7778555154800415
041450,0.967041015625,0.96768718957901,0.8122885227203369,0.9208601117134094
041451,0.197998046875,0.34880462288856506,0.15708759427070618,0.49868226051330566
041452,0.633056640625,0.6348698139190674,0.7837249636650085,0.7607547044754028
041455,0.712158203125,0.7123025059700012,0.7497180104255676,0.6465508341789246
041456,0.490234375,0.5498877763748169,0.38805168867111206,0.3814021050930023
041457,0.962158203125,0.9625533819198608,0.8420895934104919,0.7941299080848694
041458,0.9673665165901184,0.9677014946937561,0.8748590350151062,0.903825581073761
041460,0.9388020634651184,0.9470199942588806,0.5542851090431213,0.6082987785339355
041463,0.966796875,0.9677472710609436,0.7653606534004211,0.8011149168014526
041464,0.966796875,0.9671189785003662,0.7653606534004211,0.6465198397636414
041465,0.95703125,0.9578001499176025,0.7039180397987366,0.6987808346748352
041467,0.571533203125,0.5813027620315552,0.43686550855636597,0.4972129762172699
041469,0.48828125,0.4888843894004822,0.5307213068008423,0.5800396203994751
041470,0.531982421875,0.5730000138282776,0.3482339084148407,0.4476369321346283
041471,0.47265625,0.4815498888492584,0.3920743465423584,0.49569883942604065
041472,0.393798828125,0.4612579345703125,0.31885725259780884,0.41553762555122375
041473,0.959228515625,0.9596991539001465,0.7631344795227051,0.6816601753234863
041475,0.09375,0.2407529652118683,0.05921638384461403,0.37733569741249084
041476,0.432373046875,0.43963074684143066,0.4040961265563965,0.7340391874313354
041477,0.95703125,0.9577333331108093,0.7039180397987366,0.6270809173583984
041478,0.939453125,0.9534153342247009,0.489017516374588,0.5342503190040588
041479,0.02083333395421505,0.20040372014045715,0.015642624348402023,0.2989475131034851
041482,0.962158203125,0.9626790285110474,0.8420895934104919,0.6727070808410645
041483,0.946533203125,0.9549325108528137,0.575423002243042,0.7378180027008057
041486,0.95703125,0.9575823545455933,0.7039180397987366,0.6288129091262817
041488,0.03125,0.26146236062049866,0.01973879337310791,0.46154865622520447
041489,0.23828125,0.38138511776924133,0.14078360795974731,0.3062833249568939
041490,0.9673665165901184,0.9677994251251221,0.8748590350151062,0.9204385280609131
041492,0.567138671875,0.6111758351325989,0.5199966430664062,0.7547098398208618
041493,0.659423828125,0.6641519665718079,0.6764605641365051,0.746139407157898
041494,0.323974609375,0.4077472686767578,0.2550044059753418,0.45015498995780945
041498,0.712158203125,0.7125682830810547,0.7497180104255676,0.8028590083122253
041499,0.968017578125,0.9680460691452026,1.0,0.9544172286987305
041500,0.968017578125,0.9680460691452026,1.0,0.8815478086471558
041501,0.584228515625,0.5846354365348816,0.7139173746109009,0.7900230288505554
041502,0.9507649540901184,0.9562764167785645,0.7292529344558716,0.7947165966033936
041503,0.962158203125,0.9626138210296631,0.8420895934104919,0.9242730736732483
041505,0.466064453125,0.5034812688827515,0.35480669140815735,0.39382120966911316
041509,0.300537109375,0.3858957290649414,0.24733662605285645,0.427166610956192
041510,0.633056640625,0.6374354362487793,0.5128524899482727,0.5617324113845825
041511,0.94140625,0.9467216730117798,0.7200049757957458,0.6181538105010986
041512,0.95703125,0.9576780796051025,0.7039180397987366,0.6388428807258606
041513,0.967041015625,0.9678118824958801,0.8122885227203369,0.8953589200973511
041514,0.956298828125,0.9587369561195374,0.8195018768310547,0.6830533146858215
041515,0.946533203125,0.9527769088745117,0.575423002243042,0.6450530290603638
041516,0.968017578125,0.9680498838424683,1.0,0.972297191619873
041517,0.968017578125,0.9680561423301697,1.0,0.8149532079696655
041519,0.968017578125,0.968048632144928,1.0,0.9017481207847595
041520,0.5694172978401184,0.5752101540565491,0.5657033920288086,0.6525165438652039
041521,0.300537109375,0.34372568130493164,0.5354781746864319,0.6277056336402893
041522,0.03125,0.03125,0.04229741916060448,0.038018375635147095
041524,0.951904296875,0.959909200668335,0.7122209072113037,0.8634718656539917
041525,0.05078125,0.21023288369178772,0.04044242203235626,0.3313426673412323
041527,0.5757649540901184,0.581078827381134,0.49943602085113525,0.5604303479194641
041529,0.0625,0.2012902796268463,0.04692786931991577,0.3289054036140442
041530,0.947998046875,0.9512833952903748,0.5985158681869507,0.5145516395568848
041531,0.9466145634651184,0.954249382019043,0.6615661382675171,0.8626818060874939
041534,0.9375,0.9438340663909912,0.5364049673080444,0.5374664664268494
041535,0.706298828125,0.7080863118171692,0.871160089969635,0.8851794600486755
041536,0.943359375,0.9506731629371643,0.7371450066566467,0.8285015225410461
041537,0.560546875,0.624876081943512,0.4981783330440521,0.7691019773483276
041538,0.0,0.08749695122241974,0.0,0.14040307700634003
041540,0.956298828125,0.9611403346061707,0.7169486284255981,0.8346254825592041
041543,0.08203125,0.258334755897522,0.053640495985746384,0.43754830956459045
041544,0.1458333432674408,0.1458333432674408,0.12516115605831146,0.12516115605831146
041545,0.431884765625,0.48238861560821533,0.390377938747406,0.5418363809585571
041546,0.14453125,0.2823698818683624,0.14805001020431519,0.4868340492248535
041547,0.560546875,0.6058292388916016,0.4082580804824829,0.5221118330955505
041548,0.9388020634651184,0.9466937184333801,0.6763683557510376,0.6985815763473511
041549,0.94140625,0.9536169767379761,0.5162065625190735,0.6399519443511963
041550,0.9673665165901184,0.9678990244865417,0.8748590350151062,0.9342776536941528
041552,0.946533203125,0.9543298482894897,0.7083972692489624,0.8847656846046448
041555,0.703369140625,0.7102896571159363,0.6423966884613037,0.7771304249763489
041556,0.967041015625,0.9675400257110596,0.8122885227203369,0.7747209668159485
041557,0.962158203125,0.9624168276786804,0.9625431895256042,0.8452107906341553
041560,0.584228515625,0.5847079157829285,0.6245770454406738,0.6301566362380981
041561,0.956298828125,0.9589523673057556,1.0,0.8770810961723328
041562,0.659423828125,0.6629284024238586,0.6764605641365051,0.7478492856025696
041565,0.150390625,0.31780263781547546,0.09050162881612778,0.41220343112945557
041567,0.967041015625,0.9671154022216797,0.8122885227203369,0.5949651598930359
041569,0.560546875,0.5997704267501831,0.3571682572364807,0.4013214111328125
041570,0.571533203125,0.5728225708007812,0.6676040887832642,0.6336091160774231
041571,0.25390625,0.36354127526283264,0.21157628297805786,0.4529636800289154
041572,0.9466145634651184,0.952138364315033,0.6615661382675171,0.714421808719635
041575,0.95703125,0.9576834440231323,0.8046074509620667,0.788520336151123
041576,0.490234375,0.490234375,0.8556691408157349,0.8216212391853333
041577,0.701171875,0.7015380859375,0.7184317708015442,0.620978832244873
041578,0.9388020634651184,0.9395344853401184,0.8911738991737366,0.8913447260856628
041580,0.967041015625,0.967543363571167,0.8122885227203369,0.7408020496368408
041581,0.706298828125,0.7071043848991394,0.7139173746109009,0.5737090706825256
041582,0.39453125,0.40073734521865845,0.4261382520198822,0.6159465909004211
041583,0.701171875,0.7070649862289429,0.5150786638259888,0.5442003011703491
041585,0.94140625,0.943406343460083,0.7888506054878235,0.7788700461387634
041587,0.968017578125,0.9680567979812622,1.0,0.912097692489624
041588,0.9673665165901184,0.9678453803062439,0.8748590350151062,0.9224614500999451
041589,0.967041015625,0.9674550890922546,0.9284793138504028,0.8145146369934082
041590,0.957763671875,0.9580020308494568,0.8271697163581848,0.6594222187995911
041591,0.9673665165901184,0.9676868915557861,0.8748590350151062,0.8058512806892395
041592,0.9673665165901184,0.967612624168396,0.8748590350151062,0.7852382659912109
041593,0.953369140625,0.9577382206916809,0.7479812502861023,0.8066301345825195
041594,0.4375,0.4840817451477051,0.30545666813850403,0.31170299649238586
041595,0.943359375,0.9514129757881165,0.7371450066566467,0.8914584517478943
041596,0.490234375,0.5732211470603943,0.38805168867111206,0.5870196223258972
041597,0.450927734375,0.45957502722740173,0.39804574847221375,0.5768784880638123
041599,0.946533203125,0.9544731378555298,0.6577322483062744,0.8102115988731384
041600,0.260498046875,0.2939985692501068,0.24530528485774994,0.2808260917663574
041602,0.9444172978401184,0.9557827115058899,0.6219719052314758,0.8651808500289917
041603,0.5757649540901184,0.5804415941238403,0.5708760023117065,0.6523739099502563
041604,0.712158203125,0.7125253081321716,0.7497180104255676,0.8202759623527527
041606,0.580322265625,0.6272308230400085,0.4618985950946808,0.5825830101966858
041607,0.469970703125,0.47998788952827454,0.3877114951610565,0.6384156346321106
041608,0.374755859375,0.404165118932724,0.3454500138759613,0.35233190655708313
041611,0.32421875,0.326416015625,0.2907647490501404,0.24519798159599304
041612,0.9673665165901184,0.9676402807235718,0.8748590350151062,0.8089110255241394
041613,0.584228515625,0.5848289728164673,0.6245770454406738,0.658096969127655
041614,0.953369140625,0.9573706388473511,0.6543781161308289,0.6405826210975647
041616,0.05078125,0.1983417570590973,0.035381413996219635,0.3171274662017822
041617,0.9388020634651184,0.9433339238166809,0.8427215218544006,0.7536910772323608
041618,0.946533203125,0.9538774490356445,0.575423002243042,0.6097579598426819
041619,0.21875,0.35401615500450134,0.15793579816818237,0.469177782535553
041620,0.455078125,0.4906606674194336,0.7342523336410522,0.906409502029419
041621,0.9444172978401184,0.9506775736808777,0.544137716293335,0.5196776986122131
041622,0.94140625,0.9498142600059509,0.5162065625190735,0.6146776080131531
041623,0.455078125,0.580747127532959,0.33298835158348083,0.5632684826850891
041624,0.959228515625,0.9598050713539124,0.7631344795227051,0.6529967188835144
041626,0.365234375,0.4406570792198181,0.23202729225158691,0.5603046417236328
041627,0.951904296875,0.9552409052848816,0.7122209072113037,0.6225276589393616
041628,0.606689453125,0.6370033621788025,0.5334192514419556,0.6189314126968384
041629,0.659423828125,0.6611298322677612,0.6764605641365051,0.5752918720245361
041632,0.9507649540901184,0.9557684659957886,0.6379934549331665,0.7896665930747986
041633,0.943359375,0.9480581283569336,0.5284951329231262,0.478441059589386
041634,0.47265625,0.4812726080417633,0.4784300625324249,0.6134461760520935
041637,0.966796875,0.967487096786499,0.7653606534004211,0.8259544968605042
041639,0.490234375,0.5404634475708008,0.5961710214614868,0.7200813293457031
041640,0.300537109375,0.3704420328140259,0.2163846641778946,0.510911762714386
041641,0.940673828125,0.9506151676177979,0.5046601295471191,0.5314607620239258
041642,0.706298828125,0.709644615650177,0.7139173746109009,0.7886638641357422
041643,0.469970703125,0.47753068804740906,0.4431702494621277,0.6677647829055786
041644,0.46875,0.4838089048862457,0.3384338617324829,0.6733901500701904
041645,0.659423828125,0.6620845794677734,0.6764605641365051,0.6675994992256165
041646,0.659423828125,0.6629116535186768,0.5918076038360596,0.7304959297180176
041650,0.633056640625,0.6382508277893066,0.5862115621566772,0.7424170970916748
041651,0.4375,0.4638671875,0.30545666813850403,0.34252500534057617
041653,0.571533203125,0.5763640403747559,0.6093400716781616,0.6409910321235657
041654,0.956298828125,0.9566078186035156,0.8195018768310547,0.6472610235214233
041656,0.9668782353401184,0.967416524887085,0.7810032963752747,0.7928466796875
041658,0.946533203125,0.953170895576477,0.575423002243042,0.6052755117416382
041659,0.388427734375,0.39661532640457153,0.4002777338027954,0.6139880418777466
041662,0.5757649540901184,0.5827582478523254,0.49943602085113525,0.7416044473648071
041664,0.567138671875,0.625778317451477,0.5199966430664062,0.7040035724639893
041666,0.951904296875,0.9573303461074829,0.7122209072113037,0.8004176020622253
041668,0.943359375,0.9503820538520813,0.6040917634963989,0.6245224475860596
041669,0.9507649540901184,0.95648193359375,0.6379934549331665,0.7922624349594116
041670,0.951904296875,0.9575439095497131,0.8690900206565857,0.9253538846969604
041671,0.943115234375,0.9506425857543945,0.6126077175140381,0.7152694463729858
041676,0.967041015625,0.9674819111824036,0.9284793138504028,0.9000164866447449
041677,0.466064453125,0.5565820932388306,0.25437816977500916,0.49349167943000793
041678,0.959228515625,0.9597315788269043,0.8722942471504211,0.9041640162467957
041682,0.956298828125,0.9610114097595215,0.8195018768310547,0.951757550239563
041683,0.580322265625,0.6213272213935852,0.86592036485672,0.901832103729248
041685,0.953369140625,0.9569615125656128,0.7479812502861023,0.7590998411178589
041686,0.968017578125,0.9680377840995789,1.0,0.9299994111061096
041687,0.966796875,0.9673890471458435,0.7653606534004211,0.7765113711357117
041688,0.95703125,0.9574763774871826,0.7039180397987366,0.7001467347145081
041689,0.606689453125,0.6207821369171143,1.0,0.9880489110946655
041690,0.0625,0.20026826858520508,0.043636664748191833,0.20779895782470703
041691,0.951904296875,0.958522617816925,0.6230928897857666,0.7883135080337524
041693,0.956298828125,0.9595043063163757,0.8195018768310547,0.7839517593383789
041694,0.228759765625,0.30454111099243164,0.3198178708553314,0.49296894669532776
041695,0.261474609375,0.34805944561958313,0.22860826551914215,0.4356952905654907
041696,0.94140625,0.9515171647071838,0.5162065625190735,0.6327377557754517
041697,0.703369140625,0.7084250450134277,0.6423966884613037,0.7218279242515564
041698,0.47265625,0.5635571479797363,0.3039627969264984,0.6581681966781616
041700,0.659423828125,0.6627821922302246,0.6764605641365051,0.6907663345336914
041702,0.943115234375,0.947649359703064,0.7475366592407227,0.6301864385604858
041703,0.9466145634651184,0.9528060555458069,0.8072783350944519,0.8219473361968994
041704,0.9668782353401184,0.9675952792167664,0.7810032963752747,0.813446581363678
041706,0.951904296875,0.9579258561134338,0.7122209072113037,0.7887558341026306
041708,0.488037109375,0.5763052701950073,0.3265250623226166,0.6627629995346069
041710,0.466064453125,0.5745709538459778,0.25437816977500916,0.6714998483657837
041711,0.968017578125,0.9680600166320801,1.0,0.9039091467857361
041714,0.962158203125,0.9625803232192993,0.8420895934104919,0.8552702069282532
041715,0.9507649540901184,0.9564402103424072,0.6379934549331665,0.7161880135536194
041716,0.703369140625,0.7038154602050781,0.6423966884613037,0.4461453855037689
041717,0.9668782353401184,0.967428982257843,0.892719030380249,0.9477070569992065
041718,0.304931640625,0.304931640625,1.0,1.0
041719,0.962158203125,0.9625785946846008,0.9625431895256042,0.9266252517700195
041722,0.953369140625,0.958415150642395,0.7479812502861023,0.8686832189559937
041723,0.962158203125,0.9623983502388,0.9625431895256042,0.8760203123092651
041725,0.701904296875,0.7057832479476929,0.7402501106262207,0.7629207968711853
041726,0.580322265625,0.6412766575813293,0.5636333227157593,0.7347568869590759
041728,0.962158203125,0.9626396894454956,0.8420895934104919,0.9284473061561584
041730,0.951171875,0.953369140625,0.8472716808319092,0.9490906000137329
041732,0.9375,0.9459505081176758,0.5364049673080444,0.7752503752708435
041733,0.2044270783662796,0.3905186057090759,0.12516115605831146,0.4803682267665863
041734,0.1875,0.28271484375,0.16310739517211914,0.38521817326545715
041735,0.374755859375,0.4681750237941742,0.28309693932533264,0.5392031669616699
041736,0.9375,0.9398437738418579,0.4692787230014801,0.39704903960227966
041737,0.490234375,0.5658425688743591,0.3180091083049774,0.45792141556739807
041738,0.943115234375,0.9521824717521667,0.7475366592407227,0.8928185105323792
041739,0.263671875,0.40802061557769775,0.21350501477718353,0.6228203177452087
041740,0.957763671875,0.9586470723152161,0.7236568927764893,0.7667378187179565
041742,0.962158203125,0.9624895453453064,0.8420895934104919,0.749316394329071
041743,0.508056640625,0.5127649903297424,0.46666663885116577,0.6010792851448059
041745,0.455078125,0.5514016151428223,0.33298835158348083,0.6338955163955688
041746,0.580322265625,0.6214913725852966,0.5636333227157593,0.6489314436912537
041747,0.304931640625,0.38979071378707886,0.22860826551914215,0.43427708745002747
041748,0.0,0.13046875596046448,0.0,0.16733577847480774
041750,0.556884765625,0.6087345480918884,0.5407800078392029,0.7252201437950134
041754,0.499755859375,0.6052271723747253,0.3358892798423767,0.5888286828994751
041755,0.432373046875,0.43773025274276733,0.5636333227157593,0.6150305867195129
041756,0.712158203125,0.7126043438911438,0.7497180104255676,0.7811572551727295
041758,0.490234375,0.5538719892501831,0.27821314334869385,0.3556568920612335
041759,0.05078125,0.26150453090667725,0.04935000091791153,0.3593496084213257
041760,0.9507649540901184,0.9567381143569946,0.6379934549331665,0.7494817972183228
041764,0.9673665165901184,0.9677547812461853,0.8748590350151062,0.8797823190689087
041767,0.260498046875,0.40700623393058777,0.19761748611927032,0.4051998555660248
041768,0.508056640625,0.5102185010910034,0.6509066820144653,0.6460621953010559
041769,0.956298828125,0.9593731164932251,0.7169486284255981,0.6703158617019653
041770,0.947998046875,0.9524105787277222,0.8348100185394287,0.9315474629402161
041771,0.706298828125,0.7092776298522949,0.6245770454406738,0.6374387741088867
041772,0.520263671875,0.5210283398628235,0.5620065331459045,0.7026335000991821
041774,0.962158203125,0.9626086354255676,0.8420895934104919,0.9210544228553772
041775,0.150390625,0.2515750527381897,0.09050162881612778,0.23286272585391998
041779,0.946533203125,0.9534472823143005,0.575423002243042,0.6759322285652161
041780,0.388427734375,0.3997997045516968,0.3251410126686096,0.4484758675098419
041784,0.1875,0.36397016048431396,0.1309099942445755,0.5055031180381775
041785,0.9507649540901184,0.9576451778411865,0.7292529344558716,0.8052577376365662
041786,0.4375,0.5344889163970947,0.30545666813850403,0.4911789000034332
041787,0.490234375,0.490234375,0.9467676877975464,0.9467676877975464
041789,0.94140625,0.9489298462867737,0.5162065625190735,0.5647846460342407
041790,0.966796875,0.9674509763717651,0.7653606534004211,0.9097364544868469
041791,0.951904296875,0.9537067413330078,0.8690900206565857,0.9476415514945984
041792,0.4375,0.5074986219406128,0.5419421792030334,0.7752195000648499
041793,0.16796875,0.29475703835487366,0.18026001751422882,0.5737891793251038
041794,0.968017578125,0.9680685997009277,1.0,0.9224262237548828
041795,0.9673665165901184,0.9674997329711914,1.0,0.8222424983978271
041796,0.584228515625,0.5847799181938171,0.6245770454406738,0.7516838312149048
041798,0.9673665165901184,0.9676918983459473,0.8748590350151062,0.7640924453735352
041800,0.962158203125,0.9624771475791931,0.8420895934104919,0.7811354994773865
041801,0.9668782353401184,0.9676252603530884,0.7810032963752747,0.8251606822013855
041802,0.659423828125,0.6635096073150635,0.5918076038360596,0.8055978417396545
041803,0.957763671875,0.9584788680076599,0.7236568927764893,0.8554856181144714
041804,0.5694172978401184,0.5766730308532715,0.6197949647903442,0.7808085680007935
041807,0.947998046875,0.9559803009033203,0.5985158681869507,0.7377070188522339
041810,0.956298828125,0.95891273021698,1.0,0.9771724939346313
041812,0.940673828125,0.9521840214729309,0.5046601295471191,0.7161971926689148
041814,0.706298828125,0.7097472548484802,0.6245770454406738,0.6331055164337158
041815,0.344482421875,0.38630515336990356,0.31885725259780884,0.5580675005912781
041816,0.946533203125,0.9547030925750732,0.575423002243042,0.7169039845466614
041817,0.951904296875,0.9579070210456848,0.6230928897857666,0.6972525119781494
041818,0.366455078125,0.3720809519290924,0.3265250623226166,0.3945070505142212
041819,0.956298828125,0.9591197967529297,1.0,0.8800253868103027
041820,0.962158203125,0.9624224305152893,0.9625431895256042,0.7756882905960083
041821,0.300537109375,0.3550838232040405,0.5354781746864319,0.7004443407058716
041823,0.95703125,0.9577842950820923,0.7039180397987366,0.646744966506958
041825,0.967041015625,0.9676687717437744,0.8122885227203369,0.8056677579879761
041829,0.712158203125,0.7124102115631104,0.8569586873054504,0.8157473802566528
041830,0.466064453125,0.5737033486366272,0.2907647490501404,0.5469057559967041
041831,0.959228515625,0.9599953293800354,0.7631344795227051,0.7618461847305298
041832,0.94140625,0.9477342963218689,0.5900454521179199,0.6002388000488281
041833,0.9673665165901184,0.9677215218544006,0.8748590350151062,0.797353982925415
041834,0.9375,0.947331428527832,0.6545500159263611,0.6497542262077332
041835,0.701904296875,0.7046937942504883,0.7402501106262207,0.6632747054100037
041836,0.633056640625,0.636292576789856,0.5862115621566772,0.542087733745575
041837,0.953369140625,0.9604094624519348,0.6543781161308289,0.8530969023704529
041838,0.943115234375,0.953455924987793,0.6126077175140381,0.7959588170051575
041841,0.968017578125,0.9680777192115784,1.0,0.945706844329834
041842,0.939453125,0.9451894760131836,0.5589672327041626,0.5880053043365479
041843,0.580322265625,0.6246944665908813,0.5636333227157593,0.7659440040588379
041845,0.499755859375,0.5342726111412048,0.629690945148468,0.6304826140403748
041846,0.30078125,0.37493896484375,0.3454500138759613,0.6157769560813904
041847,0.957763671875,0.9584157466888428,0.7236568927764893,0.8077023029327393
041850,0.9507649540901184,0.9547387361526489,0.6379934549331665,0.7347298860549927
041851,0.431884765625,0.4688924252986908,0.390377938747406,0.5377588272094727
041853,0.450927734375,0.4594581425189972,0.39804574847221375,0.5647817850112915
041854,0.946533203125,0.952915370464325,0.575423002243042,0.6926628351211548
041856,0.946533203125,0.9510295391082764,0.8793432712554932,0.9338573217391968
041859,0.300537109375,0.3664845824241638,0.30181336402893066,0.5216398239135742
041860,0.499755859375,0.6037968993186951,0.4098700284957886,0.659186065196991
041861,0.9507649540901184,0.9546037316322327,0.8898733854293823,0.842247724533081
041862,0.947998046875,0.9551578760147095,0.6841284036636353,0.7558553814888
041863,0.962158203125,0.9623069763183594,0.9625431895256042,0.9297298192977905
041864,0.567138671875,0.6247838139533997,0.5199966430664062,0.7200354337692261
041865,0.9668782353401184,0.9673277139663696,0.892719030380249,0.8350127339363098
041866,0.967041015625,0.9673894643783569,0.9284793138504028,0.8366865515708923
041868,0.2774251401424408,0.4271371364593506,0.23532335460186005,0.5643748044967651
041869,0.12109375,0.2163487672805786,0.10909166932106018,0.29294246435165405
041870,0.951904296875,0.9575620293617249,0.8690900206565857,0.881561279296875
041871,0.51953125,0.5946081876754761,0.45818498730659485,0.5860245823860168
041872,0.939453125,0.9456298351287842,0.6820816993713379,0.6393315196037292
041873,0.959228515625,0.9594851732254028,0.8722942471504211,0.8862743377685547
041874,0.9507649540901184,0.952064573764801,0.8898733854293823,0.7203502655029297
041877,0.968017578125,0.9680442810058594,1.0,1.0
041879,0.5757649540901184,0.5819287896156311,0.5708760023117065,0.7763665914535522
041880,0.9375,0.9398437738418579,0.7171369194984436,0.7570346593856812
041881,0.968017578125,0.9680634140968323,1.0,0.9394363760948181
041883,0.9673665165901184,0.9678123593330383,0.8748590350151062,0.8385384678840637
041884,0.706298828125,0.7088906168937683,0.6245770454406738,0.5352272987365723
041886,0.951904296875,0.9566572308540344,0.8690900206565857,0.9214053750038147
041887,0.23828125,0.32097136974334717,0.14078360795974731,0.3554713726043701
041888,0.393798828125,0.4376387596130371,0.31885725259780884,0.31495290994644165
041889,0.580322265625,0.6073721647262573,0.5636333227157593,0.5367286801338196
041893,0.703369140625,0.7080368995666504,0.5620065331459045,0.6899843215942383
041894,0.520263671875,0.5208056569099426,0.6423966884613037,0.652351975440979
041895,0.947998046875,0.9535827040672302,0.5985158681869507,0.6886047720909119
041896,0.9444172978401184,0.9503657221794128,0.544137716293335,0.5598264932632446
041897,0.9507649540901184,0.9555575251579285,0.8898733854293823,0.9019428491592407
041899,0.08984375,0.276094913482666,0.07620275020599365,0.5000361800193787
041901,0.94140625,0.9469656944274902,0.7200049757957458,0.7440597414970398
041902,0.957763671875,0.9581966996192932,0.8271697163581848,0.7832729816436768
041904,0.703369140625,0.7086714506149292,0.5620065331459045,0.6612261533737183
041905,0.9673665165901184,0.9675253033638,1.0,0.9969774484634399
041906,0.2774251401424408,0.39588579535484314,0.1687147468328476,0.30711260437965393
041907,0.365234375,0.3699951171875,0.35457679629325867,0.3576287031173706
041909,0.633056640625,0.6339492797851562,0.7837249636650085,0.7862476110458374
041910,0.967041015625,0.9675344228744507,0.9284793138504028,0.975386917591095
041911,0.953369140625,0.9549981951713562,1.0,1.0
041912,0.703369140625,0.7086269855499268,0.5620065331459045,0.7100756168365479
041913,0.431884765625,0.45046281814575195,0.8451594114303589,0.8638867735862732
041914,0.1875,0.20273438096046448,0.4692787230014801,0.5032251477241516
041916,0.508056640625,0.5115590691566467,0.6509066820144653,0.7396756410598755
041918,0.9668782353401184,0.9677672982215881,0.7810032963752747,0.8829610347747803
041919,0.968017578125,0.9680600762367249,1.0,0.9229198694229126
041920,0.48828125,0.48893189430236816,0.5307213068008423,0.6440028548240662
041922,0.490234375,0.5588966012001038,0.5961710214614868,0.8337857723236084
041923,0.953369140625,0.9592642784118652,0.6543781161308289,0.7909998893737793
041924,0.556884765625,0.5872122049331665,0.8308104276657104,0.9437905550003052
041925,0.9673665165901184,0.9677273035049438,0.8748590350151062,0.7701098918914795
041927,0.962158203125,0.9624180793762207,0.9625431895256042,0.7720747590065002
041929,0.508056640625,0.5127541422843933,0.5334192514419556,0.5940585136413574
041930,0.0,0.010416666977107525,0.0,0.03792347013950348
041931,0.304931640625,0.38363587856292725,0.20000000298023224,0.44681501388549805
041932,0.967041015625,0.9674823880195618,0.8122885227203369,0.7127951979637146
041933,0.956298828125,0.960611879825592,0.8195018768310547,0.9291170835494995
041935,0.953369140625,0.9538154602050781,1.0,1.0
041936,0.951171875,0.9563145637512207,0.694340705871582,0.7280462384223938
041937,0.962158203125,0.9626902341842651,0.8420895934104919,0.8996297121047974
041938,0.580322265625,0.642387330532074,0.4618985950946808,0.6484723687171936
041939,0.510498046875,0.5185032486915588,0.43686550855636597,0.6302204132080078
041942,0.953369140625,0.9567952752113342,0.912726640701294,0.9101817607879639
041943,0.9668782353401184,0.9673153758049011,0.7810032963752747,0.7273614406585693
041944,0.568359375,0.574169933795929,0.5438850522041321,0.5285705924034119
041945,0.580322265625,0.6414490938186646,0.4618985950946808,0.5635716319084167
041947,0.9673665165901184,0.9676085710525513,1.0,0.9564429521560669
041948,0.9673665165901184,0.9678976535797119,0.8748590350151062,0.8849081993103027
041951,0.703369140625,0.7076382637023926,0.6423966884613037,0.790054440498352
041952,0.701171875,0.7072082161903381,0.5887562036514282,0.7255077362060547
041953,0.953369140625,0.958785355091095,0.7479812502861023,0.796593427658081
041954,0.968017578125,0.9680522680282593,1.0,0.9575689435005188
041955,0.968017578125,0.9680638909339905,1.0,0.9769152402877808
041956,0.967041015625,0.967811644077301,0.8122885227203369,0.8555461168289185
041957,0.9673665165901184,0.9677911996841431,0.8748590350151062,0.8769442439079285
041958,0.962158203125,0.9626815915107727,0.8420895934104919,0.8724327087402344
041960,0.953369140625,0.9585414528846741,0.7479812502861023,0.8617310523986816
041961,0.946533203125,0.9540941715240479,0.575423002243042,0.6300839185714722
041962,0.966796875,0.9675173759460449,0.7653606534004211,0.8546255826950073
041963,0.571533203125,0.5815502405166626,0.49935534596443176,0.767295241355896
041966,0.968017578125,0.9680461883544922,1.0,0.7996979355812073
041968,0.967041015625,0.9674348831176758,0.8122885227203369,0.9107623100280762
041969,0.967041015625,0.9676418304443359,0.9284793138504028,0.8752259016036987
041973,0.520263671875,0.5210655927658081,0.5620065331459045,0.7373488545417786
041974,0.4375,0.545166015625,0.2503223121166229,0.4660554528236389
041977,0.3599446713924408,0.41802167892456055,0.36623337864875793,0.5723985433578491
041978,0.966796875,0.967648983001709,0.7653606534004211,0.8371875882148743
041981,0.9673665165901184,0.96766197681427,0.8748590350151062,0.7769479155540466
041984,0.32421875,0.3330058157444,0.35480669140815735,0.4785845875740051
041985,0.962158203125,0.9625387191772461,0.8420895934104919,0.6965867280960083
041986,0.968017578125,0.968051016330719,1.0,0.8971155285835266
041987,0.701904296875,0.7046095728874207,0.7402501106262207,0.7717758417129517
041989,0.9375,0.9444714188575745,0.6545500159263611,0.6989871859550476
041990,0.967041015625,0.9673711657524109,0.8122885227203369,0.7210440635681152
041992,0.03125,0.1629115641117096,0.022562257945537567,0.3261864185333252
041994,0.957763671875,0.9582340717315674,0.7236568927764893,0.7340563535690308
041995,0.344482421875,0.36637255549430847,0.5977610945701599,0.6381435394287109
041997,0.431884765625,0.49432602524757385,0.390377938747406,0.6475141048431396
041998,0.712158203125,0.7126862406730652,0.7497180104255676,0.7132277488708496
042001,0.08203125,0.114990234375,0.14433082938194275,0.23733118176460266
042004,0.150390625,0.31042176485061646,0.10344710201025009,0.508277177810669
042005,0.9444172978401184,0.9505662322044373,0.7589633464813232,0.7348752021789551
042009,0.146728515625,0.2320762425661087,0.2098969668149948,0.40365996956825256
042011,0.968017578125,0.9680506587028503,1.0,0.9020978808403015
042014,0.968017578125,0.9680443406105042,1.0,0.8797826766967773
042015,0.701904296875,0.7091593146324158,0.5307213068008423,0.8227043151855469
042016,0.967041015625,0.9674270153045654,0.9284793138504028,0.97471022605896
042017,0.959228515625,0.9599931240081787,0.7631344795227051,0.8110722303390503
042019,0.943115234375,0.9499450325965881,0.6126077175140381,0.6673722863197327
042024,0.510498046875,0.518378734588623,0.43686550855636597,0.5632280111312866
042025,0.267578125,0.39654117822647095,0.19369612634181976,0.4750078320503235
042027,0.1458333432674408,0.2390798032283783,0.12516115605831146,0.31125152111053467
042029,0.4778645932674408,0.486429363489151,0.4055802822113037,0.6340088248252869
042033,0.968017578125,0.9680611491203308,1.0,0.9248110055923462
042034,0.606689453125,0.6408994197845459,0.6509066820144653,0.7810606956481934
042036,0.946533203125,0.9544104337692261,0.6577322483062744,0.7264495491981506
042038,0.968017578125,0.9680711627006531,1.0,0.9414241909980774
042039,0.712158203125,0.7124186158180237,0.7497180104255676,0.660097599029541
042040,0.580322265625,0.6423215270042419,0.5636333227157593,0.7471653819084167
042041,0.150390625,0.33591726422309875,0.09050162881612778,0.36326444149017334
042043,0.9444172978401184,0.9523360729217529,0.544137716293335,0.5715402960777283
042045,0.956298828125,0.9611182808876038,0.7169486284255981,0.7001194953918457
042047,0.9673665165901184,0.9678921699523926,0.8748590350151062,0.8726311922073364
042048,0.9673665165901184,0.9676513075828552,0.8748590350151062,0.7849096059799194
042049,0.943359375,0.9555113911628723,0.6040917634963989,0.7102905511856079
042051,0.956298828125,0.9610990881919861,0.8195018768310547,0.880225419998169
042052,0.939453125,0.9479118585586548,0.7473011612892151,0.8411347270011902
042054,0.701904296875,0.7063269019126892,0.6066363453865051,0.6281789541244507
042055,0.94140625,0.9538421034812927,0.5162065625190735,0.7763238549232483
042057,0.1458333432674408,0.2332332581281662,0.15272833406925201,0.3295392394065857
042058,0.344482421875,0.39513999223709106,0.5977610945701599,0.8067810535430908
042059,0.659423828125,0.6618373990058899,0.6764605641365051,0.6392276883125305
042060,0.2774251401424408,0.38559603691101074,0.19284793734550476,0.34922903776168823
042062,0.393798828125,0.48351848125457764,0.38908666372299194,0.6305354237556458
042063,0.633056640625,0.6373113989830017,0.715326726436615,0.8153151869773865
042064,0.951171875,0.951611340045929,0.8472716808319092,0.7936710119247437
042066,0.946533203125,0.9555346965789795,0.6577322483062744,0.8919740915298462
042067,0.968017578125,0.9680591225624084,1.0,0.9328107833862305
042070,0.968017578125,0.9680637717247009,1.0,0.9816863536834717
042071,0.510498046875,0.515177845954895,0.6093400716781616,0.6995973587036133
042072,0.956298828125,0.9581220746040344,1.0,0.9898942708969116
042074,0.703369140625,0.7078514695167542,0.7838867902755737,0.8642049431800842
042075,0.953369140625,0.9581038951873779,0.7479812502861023,0.7682992219924927
042076,0.968017578125,0.9680774211883545,1.0,0.9506914615631104
042079,0.619873046875,0.6279473900794983,0.4733748733997345,0.6798012852668762
042086,0.712158203125,0.7124683856964111,0.8569586873054504,0.7851788997650146
042088,0.9388020634651184,0.9532345533370972,0.48492133617401123,0.754767656326294
042093,0.9507649540901184,0.954042911529541,0.6379934549331665,0.5490250587463379
042094,0.606689453125,0.6496687531471252,0.6509066820144653,0.7785319685935974
042095,0.943115234375,0.9522585868835449,0.6126077175140381,0.7824841141700745
042097,0.943115234375,0.9507937431335449,0.6126077175140381,0.6679876446723938
042098,0.556884765625,0.5716880559921265,0.5407800078392029,0.49697133898735046
042099,0.267578125,0.3632296025753021,0.23635835945606232,0.5096666812896729
042100,0.943115234375,0.9490551352500916,0.819014847278595,0.8484994173049927
042101,0.946533203125,0.955470860004425,0.6577322483062744,0.7436725497245789
042102,0.9673665165901184,0.9678148031234741,0.8748590350151062,0.9277246594429016
042103,0.962158203125,0.9625584483146667,0.8420895934104919,0.8243657946586609
042104,0.508056640625,0.5124109387397766,0.6509066820144653,0.6826266646385193
042105,0.633056640625,0.6385347247123718,0.5128524899482727,0.6678740978240967
042106,0.957763671875,0.9584602117538452,0.8271697163581848,0.9036771655082703
042107,0.510498046875,0.5171858668327332,0.49935534596443176,0.6374355554580688
042108,0.150390625,0.23340784013271332,0.12623168528079987,0.2367466688156128
042110,0.967041015625,0.9675148725509644,0.9284793138504028,0.9827500581741333
042113,0.946533203125,0.951454758644104,0.6577322483062744,0.6645441055297852
042114,0.701904296875,0.7060737609863281,0.7402501106262207,0.7488002777099609
042116,0.9673665165901184,0.9676952958106995,1.0,0.9489802122116089
042117,0.304931640625,0.3993053436279297,0.4285714626312256,0.6970793008804321
042118,0.508056640625,0.5143182277679443,0.5334192514419556,0.7738661170005798
042119,0.959228515625,0.9594920873641968,0.7631344795227051,0.6854928135871887
042120,0.9444172978401184,0.9539769291877747,0.6219719052314758,0.8751903772354126
042122,0.953369140625,0.9583000540733337,0.7479812502861023,0.7541118264198303
042124,0.659423828125,0.6620051264762878,0.8254533410072327,0.8495368957519531
042125,0.518798828125,0.5804673433303833,0.3716495931148529,0.5087662935256958
042126,0.956298828125,0.9583681225776672,1.0,0.9450745582580566
042130,0.580322265625,0.6260868310928345,0.4040961265563965,0.5501937866210938
042132,0.9444172978401184,0.9537371397018433,0.7589633464813232,0.9279406070709229
042134,0.946533203125,0.9525299072265625,0.8026000261306763,0.7633455395698547
042135,0.633056640625,0.6373902559280396,0.5862115621566772,0.6411192417144775
042136,0.51953125,0.5552016496658325,0.45818498730659485,0.47090116143226624
042138,0.431884765625,0.4946810305118561,0.3415256440639496,0.5310796499252319
042139,0.967041015625,0.9675610661506653,0.9284793138504028,0.9142001867294312
042141,0.469970703125,0.4800041913986206,0.4431702494621277,0.7244588732719421
042142,0.967041015625,0.9675368666648865,0.9284793138504028,0.8996169567108154
042143,0.967041015625,0.967522919178009,0.9284793138504028,0.869757354259491
042144,0.967041015625,0.9676478505134583,0.8122885227203369,0.8688040971755981
042147,0.9673665165901184,0.9675845503807068,1.0,0.824808657169342
042148,0.9673665165901184,0.9673665165901184,1.0,1.0
042149,0.968017578125,0.9680655002593994,1.0,0.9583714604377747
042153,0.5694172978401184,0.5755946040153503,0.5657033920288086,0.6646215915679932
042154,0.166259765625,0.33626219630241394,0.14805001020431519,0.4404904246330261
042156,0.967041015625,0.967288076877594,1.0,0.9499393105506897
042157,0.968017578125,0.9680637121200562,1.0,0.9630498290061951
042161,0.44921875,0.5066866874694824,0.5806522965431213,0.6547942757606506
042163,0.304931640625,0.40988174080848694,0.2789600193500519,0.6321341395378113
042164,0.962158203125,0.9624022841453552,0.9625431895256042,0.8532360196113586
042167,0.9466145634651184,0.952613353729248,0.6615661382675171,0.7065591216087341
042170,0.966796875,0.9674072265625,0.7653606534004211,0.9325211048126221
042172,0.9668782353401184,0.9674484729766846,0.892719030380249,0.9639161825180054
042173,0.9673665165901184,0.9676395654678345,0.8748590350151062,0.7965611815452576
042174,0.967041015625,0.9675405025482178,0.9284793138504028,0.9567909240722656
042175,0.633056640625,0.6378692388534546,0.715326726436615,0.8232871890068054
042177,0.508056640625,0.5113154649734497,0.6509066820144653,0.7366079092025757
042178,0.712158203125,0.7124879360198975,0.7497180104255676,0.7387428879737854
042180,0.943359375,0.9535557627677917,0.5284951329231262,0.8175000548362732
042181,0.505615234375,0.5130484700202942,0.5220667123794556,0.6413672566413879
042182,0.659423828125,0.6605516672134399,0.6764605641365051,0.5162168145179749
042183,0.962158203125,0.9623997211456299,0.9625431895256042,0.8022000193595886
042184,0.951904296875,0.9565795660018921,0.7122209072113037,0.7363010048866272
042185,0.956298828125,0.9611286520957947,0.7169486284255981,0.8939328193664551
042189,0.9668782353401184,0.967522919178009,0.7810032963752747,0.7389401197433472
042190,0.701904296875,0.708490252494812,0.5307213068008423,0.6148144006729126
042191,0.703369140625,0.7073751091957092,0.7838867902755737,0.7876155972480774
042192,0.14453125,0.28711432218551636,0.16220630705356598,0.5454490780830383
042193,0.499755859375,0.5320661067962646,0.629690945148468,0.6405438184738159
042194,0.953369140625,0.9586820602416992,0.7479812502861023,0.8766837120056152
042196,0.263671875,0.263671875,0.7653606534004211,0.7653606534004211
042198,0.0625,0.19622036814689636,0.07742030918598175,0.4685644209384918
042200,0.956298828125,0.9566078186035156,1.0,0.7840697765350342
042201,0.9507649540901184,0.956213116645813,0.7292529344558716,0.859695315361023
042202,0.966796875,0.9675036072731018,0.7653606534004211,0.7283548712730408
042203,0.0625,0.0625,1.0,1.0
042209,0.951171875,0.9535150527954102,0.8472716808319092,0.6873533129692078
042211,0.946533203125,0.9513683319091797,0.575423002243042,0.6650255918502808
042212,0.659423828125,0.659423828125,0.8254533410072327,0.8254533410072327
042213,0.510498046875,0.5131832361221313,0.6676040887832642,0.7278621196746826
042214,0.951904296875,0.9576418995857239,0.6230928897857666,0.6780332326889038
042215,0.951904296875,0.9562230110168457,0.6230928897857666,0.5233849287033081
042219,0.5757649540901184,0.5805626511573792,0.6966133713722229,0.8072995543479919
042221,0.9507649540901184,0.9538301229476929,0.8898733854293823,0.8642154335975647
042224,0.47265625,0.5087081789970398,0.8178747296333313,0.8981032371520996
042227,0.9668782353401184,0.9675337076187134,0.892719030380249,0.8837272524833679
042229,0.469970703125,0.47707173228263855,0.4431702494621277,0.5891441106796265
042230,0.9673665165901184,0.9676997065544128,1.0,0.8887459635734558
042232,0.946533203125,0.9547843337059021,0.575423002243042,0.8292893171310425
042234,0.956298828125,0.9611325860023499,0.7169486284255981,0.8693902492523193
042237,0.968017578125,0.9680407047271729,1.0,0.9662967920303345
042238,0.967041015625,0.9675508141517639,0.9284793138504028,0.9875164031982422
042242,0.431884765625,0.48326799273490906,0.4763599932193756,0.7276223301887512
042243,0.2774251401424408,0.32683977484703064,0.8435737490653992,0.7048459649085999
042245,0.946533203125,0.9549838304519653,0.6577322483062744,0.8080762624740601
042247,0.393798828125,0.46608102321624756,0.38908666372299194,0.697758138179779
042248,0.503173828125,0.5120732188224792,0.4784300625324249,0.6683670878410339
042249,0.261474609375,0.32565537095069885,0.22860826551914215,0.4181727468967438
042251,0.968017578125,0.9680573344230652,1.0,0.7695820927619934
042253,0.9673665165901184,0.9675425887107849,1.0,0.9952118396759033
042254,0.951904296875,0.9557924270629883,0.8690900206565857,0.7565308213233948
042255,0.469970703125,0.47996413707733154,0.3877114951610565,0.5695831179618835
042256,0.967041015625,0.9674285650253296,0.9284793138504028,0.8991574048995972
042257,0.951171875,0.9595489501953125,0.694340705871582,0.8892951011657715
042260,0.393798828125,0.3963775634765625,0.690318763256073,0.6315375566482544
042261,0.9673665165901184,0.9677552580833435,1.0,0.912612795829773
042262,0.567138671875,0.608029842376709,0.5199966430664062,0.7069118022918701
042263,0.956298828125,0.9591816067695618,1.0,0.8998655080795288
042264,0.962158203125,0.9623507261276245,0.9625431895256042,0.8730012774467468
042265,0.9668782353401184,0.9677627682685852,0.7810032963752747,0.8692572712898254
042267,0.943115234375,0.9503096342086792,0.7475366592407227,0.8094491362571716
042268,0.956298828125,0.9603121280670166,0.8195018768310547,0.9089792370796204
042269,0.9668782353401184,0.9674614071846008,0.892719030380249,0.8509348034858704
042271,0.701904296875,0.708669126033783,0.5307213068008423,0.6726059317588806
042273,0.946533203125,0.952143669128418,0.575423002243042,0.5694947838783264
042274,0.584228515625,0.5847834348678589,0.6245770454406738,0.6963174343109131
042275,0.962158203125,0.9624133110046387,0.8420895934104919,0.7625855803489685
042277,0.9444172978401184,0.9526205658912659,0.6219719052314758,0.7324075102806091
042278,0.968017578125,0.968059778213501,1.0,0.9448069334030151
042281,0.47265625,0.5316731333732605,0.3709116578102112,0.49504297971725464
042285,0.2774251401424408,0.3673332631587982,0.5188971757888794,0.8031585812568665
042286,0.703369140625,0.7062240242958069,0.6423966884613037,0.6273720860481262
042287,0.712158203125,0.7125465273857117,0.8569586873054504,0.8885868787765503
042289,0.304931640625,0.3635978698730469,0.49493172764778137,0.4958059787750244
042290,0.580322265625,0.5932515859603882,1.0,0.9083696603775024
042291,0.556884765625,0.5904080271720886,0.3877114951610565,0.4949056804180145
042292,0.9507649540901184,0.9578009247779846,0.6379934549331665,0.7979031801223755
042293,0.16796875,0.18823093175888062,0.3974803686141968,0.4969015121459961
042294,0.300537109375,0.3380279541015625,0.5354781746864319,0.7210867404937744
042296,0.940673828125,0.9483381509780884,0.7038999795913696,0.8144252300262451
042300,0.431884765625,0.4723551571369171,0.7318407297134399,0.7019922137260437
042301,0.508056640625,0.5131528377532959,0.5334192514419556,0.6822463274002075
042308,0.466064453125,0.5529260635375977,0.35480669140815735,0.6312800645828247
042311,0.508056640625,0.5137574076652527,0.46666663885116577,0.6141039133071899
042312,0.943115234375,0.9508144855499268,0.7475366592407227,0.8844118118286133
042315,0.946533203125,0.9566287398338318,0.575423002243042,0.7564346790313721
042316,0.956298828125,0.9585486650466919,1.0,0.8460320830345154
042318,0.508056640625,0.5128921866416931,0.5334192514419556,0.7317970395088196
042324,0.712158203125,0.7126350998878479,0.7497180104255676,0.8771861791610718
042325,0.9673665165901184,0.9676805734634399,0.8748590350151062,0.7380161285400391
042326,0.947998046875,0.9529585242271423,0.6841284036636353,0.6853970289230347
042327,0.499755859375,0.5540670156478882,0.7271926999092102,0.9154375195503235
042328,0.9507649540901184,0.9567359089851379,0.6379934549331665,0.729813814163208
042329,0.953369140625,0.9587199687957764,0.6543781161308289,0.8333458304405212
042330,0.956298828125,0.9566696286201477,0.7169486284255981,0.5115658044815063
042333,0.703369140625,0.7067727446556091,0.6423966884613037,0.649731457233429
042336,0.9673665165901184,0.9677401781082153,0.8748590350151062,0.8661288619041443
042337,0.951904296875,0.9562650918960571,0.7122209072113037,0.6652812957763672
042338,0.212890625,0.34304481744766235,0.11359453201293945,0.3712996244430542
042339,0.9673665165901184,0.9677202701568604,1.0,0.9987680315971375
042340,0.701904296875,0.7071894407272339,0.7402501106262207,0.8324264287948608
042341,0.5757649540901184,0.5827771425247192,0.49943602085113525,0.682822585105896
042343,0.619873046875,0.6239124536514282,0.6602633595466614,0.7762454748153687
042344,0.61328125,0.618146538734436,0.6327316761016846,0.7364241480827332
042345,0.263671875,0.3844541311264038,0.23391999304294586,0.6142538785934448
042346,0.968017578125,0.9680546522140503,1.0,0.913922131061554
043190,0.567138671875,0.6199721097946167,0.7988805174827576,0.635237455368042
043191,0.03125,0.03125,0.6309297680854797,0.6309297680854797
043195,0.4375,0.4867187440395355,0.6131471991539001,0.8503449559211731
043196,0.0,0.010416666977107525,0.0,0.3562071919441223
043199,0.110107421875,0.20022964477539062,0.2620770037174225,0.6010164022445679
043201,0.455078125,0.5374755859375,0.3831459879875183,0.651421308517456
043202,0.21875,0.2802734375,0.38685283064842224,0.6509209871292114
043203,0.02083333395421505,0.0354817733168602,0.3065735995769501,0.5706417560577393
043204,0.02083333395421505,0.0354817733168602,0.3065735995769501,0.5706417560577393
043205,0.51953125,0.5656692981719971,0.7039180994033813,0.867749810218811
043206,0.606689453125,0.6385220289230347,1.0,0.8346028327941895
043208,0.366455078125,0.36760154366493225,0.5660510659217834,0.581239640712738
043209,0.606689453125,0.6268510818481445,1.0,0.9953149557113647
043210,0.951904296875,0.9523162841796875,1.0,0.9978461265563965
043211,0.16796875,0.22564697265625,0.34665608406066895,0.5996443033218384
043213,0.1458333432674408,0.1546224057674408,0.45865970849990845,0.515097975730896
043215,0.1458333432674408,0.1458333432674408,0.45865970849990845,0.45865970849990845
043221,0.4375,0.5693359375,0.3605179786682129,0.6932322382926941
043222,0.560546875,0.5973785519599915,0.7653606534004211,0.7057775855064392
043224,0.110107421875,0.17340265214443207,0.2620770037174225,0.5613913536071777
043225,0.0,0.008928571827709675,0.0,0.3333333432674408
043227,0.44921875,0.46096038818359375,0.9224036931991577,0.9627936482429504
043233,0.39453125,0.39858245849609375,0.5199966430664062,0.6547877788543701
043234,0.267578125,0.267578125,0.7098097205162048,0.7098097205162048
043237,0.4375,0.4375,1.0,1.0
043240,0.110107421875,0.110107421875,1.0,1.0
043245,0.110107421875,0.110107421875,1.0,1.0
043247,0.0,0.11826171725988388,0.0,0.4125557243824005
043248,0.956298828125,0.9579159021377563,1.0,0.9736880660057068
043250,0.956298828125,0.9572281241416931,1.0,0.9977697134017944
043251,0.951904296875,0.9548275470733643,0.8690900206565857,0.9367367029190063
043253,0.0,0.14453125,0.0,0.4684505760669708
043258,0.0625,0.0625,1.0,1.0
043261,0.03125,0.04296875,0.38685283064842224,0.6240505576133728
043262,0.701171875,0.70501708984375,0.7184317708015442,0.8499848246574402
043266,0.44921875,0.45745849609375,0.9224036931991577,0.9753714203834534
043268,0.606689453125,0.6403873562812805,1.0,0.856367826461792
043272,0.940673828125,0.9421758651733398,1.0,1.0
043274,0.9375,0.9375,1.0,1.0
043277,0.0,0.0,0.0,0.0
043278,0.947998046875,0.9529547691345215,0.8348100185394287,0.8497588634490967
043279,0.606689453125,0.619898796081543,1.0,0.7434579730033875
043284,0.606689453125,0.6236313581466675,1.0,0.976154625415802
043285,0.606689453125,0.6261558532714844,1.0,1.0
043287,0.0625,0.197998046875,0.06703981757164001,0.34654635190963745
043290,0.0625,0.0625,1.0,1.0
043291,0.19921875,0.2624698281288147,0.3776274025440216,0.6442793011665344
043292,0.966796875,0.966796875,1.0,1.0
043293,0.16796875,0.253091961145401,0.276936799287796,0.4641992747783661
043296,0.560546875,0.5966498255729675,0.7653606534004211,0.8740944862365723
043297,0.560546875,0.5691986083984375,0.9580413699150085,0.9908362030982971
043298,0.51953125,0.5472167730331421,0.7039180994033813,0.8854598999023438
043300,0.0,0.0069444444961845875,0.0,0.3010300099849701
043304,0.455078125,0.4694976806640625,0.6403663158416748,0.6634548902511597
043306,0.560546875,0.6241449117660522,0.7653606534004211,0.8824772238731384
043307,0.4375,0.5159956216812134,0.4692787528038025,0.6163802742958069
043308,0.0625,0.0625,0.6131471991539001,0.6131471991539001
043309,0.606689453125,0.6261558532714844,1.0,1.0
043314,0.16796875,0.1823883056640625,0.508051335811615,0.5779825448989868
043315,0.606689453125,0.6273412704467773,1.0,0.7832710146903992
043317,0.344482421875,0.37350761890411377,0.5977610945701599,0.7397493124008179
043319,0.110107421875,0.20172065496444702,0.2620770037174225,0.5951103568077087
043320,0.466064453125,0.5012671947479248,0.5450960993766785,0.5681703090667725
043322,0.1458333432674408,0.1458333432674408,0.5,0.5
043323,0.567138671875,0.5739461183547974,1.0,0.9943938851356506
043324,0.940673828125,0.9506529569625854,0.7038999795913696,0.9014889597892761
043325,0.19921875,0.2039271742105484,0.30167919397354126,0.3071896433830261
043327,0.560546875,0.6147404313087463,0.7653606534004211,0.9310169816017151
043328,0.606689453125,0.606689453125,1.0,0.9719377756118774
043329,0.091796875,0.091796875,1.0,1.0
043331,0.0625,0.1342782974243164,0.12298715859651566,0.4627823531627655
043336,0.30078125,0.3191970884799957,0.5307213068008423,0.40392693877220154
043341,0.219970703125,0.24358464777469635,0.63103848695755,0.6737724542617798
043342,0.219970703125,0.2740440368652344,0.4305732846260071,0.6597185134887695
043344,0.30078125,0.30078125,0.6934264302253723,0.6934264302253723
043345,0.951904296875,0.9566917419433594,0.8690900206565857,0.9512224197387695
043349,0.091796875,0.1917896270751953,0.20058341324329376,0.5794626474380493
043351,0.219970703125,0.2740440368652344,0.4305732846260071,0.6597185134887695
043353,0.659423828125,0.6598983407020569,0.6764605641365051,0.5343769788742065
043354,0.110107421875,0.110107421875,1.0,0.8318724036216736
043356,0.4375,0.5228214859962463,0.4692787528038025,0.8110745549201965
043358,0.606689453125,0.6403147578239441,1.0,0.8482378125190735
043359,0.51953125,0.5472167730331421,0.7039180994033813,0.8854598999023438
043360,0.0625,0.09143311530351639,0.4692787230014801,0.7052751183509827
043362,0.962158203125,0.9625095725059509,0.9625431895256042,0.9413462281227112
043368,0.46875,0.46875,0.6309297680854797,0.6309297680854797
043371,0.0625,0.1762763410806656,0.08391720056533813,0.4907757639884949
043372,0.0,0.0625,0.0,0.3333333432674408
043373,0.091796875,0.1053662970662117,0.7653606534004211,0.5324470400810242
043375,0.606689453125,0.606689453125,1.0,1.0
043376,0.08203125,0.2223617434501648,0.10055973380804062,0.42584365606307983
043380,0.02083333395421505,0.02083333395421505,0.5,0.5
043381,0.455078125,0.5524788498878479,0.5115761756896973,0.628996729850769
043383,0.560546875,0.560546875,1.0,1.0
043386,0.966796875,0.9668838381767273,0.9799711108207703,0.9926118850708008
043387,0.05078125,0.05078125,0.6934263706207275,0.6934263706207275
043388,0.0625,0.1829833984375,0.08391720056533813,0.5204058289527893
043389,0.567138671875,0.6170735359191895,0.7988805174827576,0.9647959470748901
043390,0.1458333432674408,0.2516409158706665,0.23463937640190125,0.5950155258178711
043391,0.560546875,0.6174681186676025,0.7653606534004211,0.8429389595985413
043392,0.951904296875,0.9547882080078125,0.8690900206565857,0.9690452814102173
043393,0.23046875,0.27475738525390625,0.41257962584495544,0.6350140571594238
043394,0.4700520932674408,0.4805286228656769,0.4347934126853943,0.5775508284568787
043396,0.44921875,0.4684933125972748,0.9224036931991577,0.9556342363357544
043398,0.606689453125,0.6316307783126831,1.0,0.9757880568504333
043399,0.0,0.0,0.0,0.0
043400,0.466064453125,0.5007541179656982,0.6823248863220215,0.8428850769996643
043401,0.940673828125,0.9413604736328125,1.0,0.9973537921905518
043402,0.02083333395421505,0.03059895895421505,0.06149357929825783,0.10530249029397964
043404,0.531982421875,0.5424212217330933,0.9340764880180359,0.938240110874176
043406,0.0625,0.0708705335855484,0.6131471991539001,0.8175296187400818
043409,0.091796875,0.1542816162109375,0.1093372330069542,0.19827143847942352
043411,0.091796875,0.2311859130859375,0.13686305284500122,0.5955718755722046
043412,0.08203125,0.12448307871818542,0.10055973380804062,0.18986700475215912
043413,0.606689453125,0.6346219182014465,1.0,0.9643632173538208
043418,0.110107421875,0.21130891144275665,0.17882166802883148,0.5773244500160217
043421,0.267578125,0.3437957763671875,0.36312174797058105,0.5764380097389221
043423,0.0625,0.124755859375,0.08391720056533813,0.2943475544452667
043425,0.110107421875,0.1174643412232399,1.0,0.9619990587234497
043426,0.1458333432674408,0.1458333432674408,0.5,0.5
043427,0.03125,0.03125,0.6309297680854797,0.6309297680854797
043430,0.4375,0.4903983771800995,0.4692787528038025,0.7629342079162598
043431,0.23046875,0.27475738525390625,0.41257962584495544,0.6350140571594238
043433,0.0,0.109375,0.0,0.4306766092777252
043434,0.05078125,0.18701042234897614,0.09490446001291275,0.5712512135505676
043435,0.0625,0.0625,1.0,1.0
043437,0.951904296875,0.9584226608276367,0.7122209072113037,0.8905715942382812
043439,0.940673828125,0.9419019222259521,1.0,0.9684067964553833
043440,0.567138671875,0.6082000732421875,0.7988805174827576,0.9244927763938904
043441,0.606689453125,0.6493765115737915,0.6509066820144653,0.8409667015075684
043442,0.44921875,0.529569149017334,0.5027986764907837,0.6234424710273743
043444,0.30078125,0.3396455645561218,0.5307213068008423,0.6387559175491333
043445,0.567138671875,0.6141824722290039,0.7988805174827576,0.9629392623901367
043447,0.956298828125,0.9591251015663147,1.0,0.9484854340553284
043448,0.466064453125,0.5127939581871033,0.6823248863220215,0.8538421988487244
043451,0.278564453125,0.278564453125,0.7276545763015747,0.7276545763015747
043453,0.4375,0.4375,1.0,1.0
043455,0.701171875,0.70172119140625,0.8266482949256897,0.848272442817688
043459,0.531982421875,0.5692989230155945,0.7462155222892761,0.6081291437149048
043461,0.0625,0.0625,1.0,1.0
043463,0.466064453125,0.4795827865600586,1.0,0.9284561276435852
043465,0.560546875,0.560546875,0.9580413699150085,0.9580413699150085
043466,0.03125,0.03125,0.05294585973024368,0.051099080592393875
043467,0.606689453125,0.6427099704742432,1.0,1.0
043468,0.606689453125,0.6334458589553833,1.0,0.9618033170700073
043470,0.091796875,0.2188262939453125,0.13686305284500122,0.5652300715446472
043473,0.091796875,0.10552978515625,0.7653606534004211,0.9674680233001709
043475,0.02083333395421505,0.02083333395421505,0.5,0.5
043478,0.51953125,0.5472167730331421,0.7039180994033813,0.8854598999023438
043480,0.956298828125,0.9586778879165649,1.0,0.9658156037330627
043481,0.606689453125,0.6346633434295654,1.0,0.976104199886322
043482,0.0,0.109375,0.0,0.2640681564807892
043483,0.0625,0.1492396742105484,0.12298715859651566,0.4193092882633209
043485,0.44921875,0.5267274379730225,0.5027986764907837,0.5503354072570801
043488,0.4375,0.4921541213989258,0.4692787528038025,0.7374894618988037
043489,0.110107421875,0.110107421875,1.0,1.0
043492,0.0,0.109375,0.0,0.4306766092777252
043495,0.606689453125,0.6423063278198242,1.0,0.9305688142776489
043496,0.466064453125,0.555799663066864,0.5450960993766785,0.7002435326576233
043497,0.567138671875,0.6204150915145874,0.7988805174827576,0.9505280256271362
043499,0.606689453125,0.6164226531982422,1.0,0.8297196626663208
043500,0.606689453125,0.6349157094955444,1.0,1.0
043504,0.091796875,0.091796875,1.0,1.0
043506,0.267578125,0.3143497109413147,0.36312174797058105,0.4007522165775299
043509,0.560546875,0.577850341796875,0.7653606534004211,0.9134015440940857
043512,0.0,0.0,0.0,0.0
043514,0.44921875,0.530916154384613,0.5027986764907837,0.829580545425415
043518,0.455078125,0.455078125,1.0,1.0
043522,0.432373046875,0.4327850341796875,0.6485327482223511,0.6416194438934326
043523,0.503173828125,0.5040321350097656,0.6796846985816956,0.6880143284797668
043524,0.560546875,0.560546875,1.0,1.0
043527,0.0,0.148193359375,0.0,0.3716823160648346
043528,0.9668782353401184,0.9668782353401184,0.892719030380249,0.8791787028312683
043532,0.03125,0.11328125,0.05294585973024368,0.2801910936832428
043536,0.44921875,0.44921875,0.6293790340423584,0.6293790340423584
043537,0.567138671875,0.6076936721801758,0.7988805174827576,0.8115319013595581
043538,0.560546875,0.560546875,1.0,1.0
043544,0.606689453125,0.639510989189148,1.0,0.999393105506897
043545,0.9466145634651184,0.9466145634651184,0.9527974724769592,0.9527974724769592
043549,0.0625,0.0625,1.0,1.0
043551,0.03125,0.19929222762584686,0.022562257945537567,0.41905727982521057
043552,0.560546875,0.56549072265625,0.9580413699150085,0.9941825866699219
043553,0.455078125,0.455078125,1.0,1.0
043554,0.4375,0.4926631450653076,0.5874204039573669,0.842095673084259
043559,0.0625,0.072265625,0.4692787230014801,0.5294361710548401
043563,0.0625,0.2034912109375,0.08391720056533813,0.5461487770080566
043567,0.4375,0.452880859375,0.8609101176261902,0.9130914211273193
043568,0.0625,0.0625,1.0,1.0
043569,0.19921875,0.19921875,0.5897053480148315,0.5897053480148315
043570,0.03125,0.0594809390604496,0.29608193039894104,0.5166400671005249
043571,0.560546875,0.5721222758293152,0.9580413699150085,0.9775992631912231
043572,0.0625,0.1571054458618164,0.08391720056533813,0.35756945610046387
043573,0.0,0.13947753608226776,0.0,0.3534878194332123
043575,0.02083333395421505,0.0325520858168602,0.3065735995769501,0.5437713265419006
043576,0.03125,0.03125,0.6309297680854797,0.6309297680854797
043578,0.0,0.0,0.0,0.0
043579,0.110107421875,0.1174643412232399,1.0,0.9619990587234497
043580,0.560546875,0.560546875,1.0,1.0
043583,0.606689453125,0.6410222053527832,1.0,0.9146925210952759
043586,0.455078125,0.483917236328125,0.6403663158416748,0.8256767988204956
043587,0.4375,0.4668212831020355,0.4692787528038025,0.42260241508483887
043591,0.560546875,0.5912450551986694,0.7653606534004211,0.6215646266937256
043592,0.0,0.139404296875,0.0,0.29683277010917664
043594,0.02083333395421505,0.02669270895421505,0.23463936150074005,0.3702913522720337
043597,0.30078125,0.3040771484375,0.6643311977386475,0.694223165512085
043600,0.951171875,0.9519056081771851,0.974895179271698,0.9711902141571045
043603,0.9668782353401184,0.967579185962677,0.7810032963752747,0.8733452558517456
043606,0.531982421875,0.5660413503646851,0.48571667075157166,0.6317323446273804
043608,0.110107421875,0.270016610622406,0.1428571492433548,0.6762343645095825
043610,0.19921875,0.2047119140625,0.3776274025440216,0.39330485463142395
043611,0.951904296875,0.9535486698150635,0.7122209072113037,0.7225271463394165
043614,0.16796875,0.16796875,0.5413402915000916,0.5413402915000916
043615,0.0625,0.0625,1.0,1.0
043616,0.531982421875,0.5755881071090698,0.7462155222892761,0.7061998248100281
043618,0.4375,0.4375,1.0,1.0
043619,0.08203125,0.0985434353351593,0.7039180994033813,0.8547528386116028
043621,0.21875,0.29243049025535583,0.29608193039894104,0.6313315033912659
043622,0.51953125,0.5306886434555054,0.7039180994033813,0.6963266730308533
043623,0.02083333395421505,0.0721028670668602,0.06552281230688095,0.3549048602581024
043628,0.951904296875,0.957292377948761,0.8690900206565857,0.9728203415870667
043629,0.455078125,0.455078125,1.0,1.0
043630,0.940673828125,0.940673828125,1.0,1.0
043633,0.19921875,0.29585668444633484,0.30167919397354126,0.6987939476966858
043635,0.455078125,0.5022249221801758,0.5115761756896973,0.7838577628135681
