qid,err@3,err@10,ndcg@3,ndcg@10
032047,0.21875,0.2491978257894516,0.4702019691467285,0.6432456970214844
032049,0.9507649540901184,0.9532643556594849,0.8898733854293823,0.9105865955352783
032053,0.197998046875,0.3013301491737366,0.13742950558662415,0.3368270695209503
032054,0.61328125,0.6157073974609375,0.6327316761016846,0.6681958436965942
032055,0.959228515625,0.959692120552063,0.8722942471504211,0.7932587265968323
032057,0.499755859375,0.5847428441047668,0.3358892798423767,0.6132689714431763
032059,0.968017578125,0.9680640697479248,1.0,0.9288282990455627
032061,0.947998046875,0.9520576000213623,0.6841284036636353,0.6595621109008789
032062,0.469970703125,0.4782518446445465,0.4431702494621277,0.6339437365531921
032065,0.706298828125,0.7088469862937927,0.871160089969635,0.8245943188667297
032067,0.968017578125,0.9680424332618713,1.0,0.8967647552490234
032070,0.4778645932674408,0.484531432390213,0.4635950028896332,0.6750022768974304
032071,0.09375,0.2499949187040329,0.05921638384461403,0.21006429195404053
032076,0.940673828125,0.9538754224777222,0.5768473744392395,0.7684914469718933
032078,0.261474609375,0.3503226935863495,0.20000000298023224,0.4743104875087738
032079,0.633056640625,0.633056640625,0.7837249636650085,0.7837249636650085
032083,0.712158203125,0.7124336361885071,0.7497180104255676,0.7857528328895569
032086,0.95703125,0.95721435546875,0.8665862679481506,0.9163487553596497
032088,0.47265625,0.541304349899292,0.3039627969264984,0.5509551167488098
032091,0.951904296875,0.9577137231826782,0.6230928897857666,0.8140088319778442
032094,0.09375,0.2202497273683548,0.10290931165218353,0.4450015127658844
032097,0.94140625,0.9423716068267822,0.8970906734466553,0.894721269607544
032099,0.951171875,0.9594312310218811,0.6074502468109131,0.646945595741272
032105,0.432373046875,0.4352569580078125,0.5636333227157593,0.6583152413368225
032106,0.12109375,0.200439453125,0.07821311801671982,0.18687336146831512
032108,0.9673665165901184,0.9678919911384583,0.8748590350151062,0.9567772150039673
032111,0.44140625,0.44679513573646545,0.501995861530304,0.6112979054450989
032113,0.499755859375,0.499755859375,1.0,1.0
032116,0.951171875,0.9535021185874939,0.8472716808319092,0.887840747833252
032117,0.3059895932674408,0.3413380980491638,0.625433623790741,0.6434230208396912
032118,0.9668782353401184,0.9675003290176392,0.7810032963752747,0.7233573794364929
032125,0.46875,0.4756680428981781,0.4129750728607178,0.502733588218689
032126,0.9673665165901184,0.9678167700767517,0.8748590350151062,0.8807647824287415
032127,0.263671875,0.3650742769241333,0.2660166919231415,0.561159610748291
032128,0.44140625,0.45367172360420227,0.3284950852394104,0.523959755897522
032132,0.712158203125,0.712458074092865,0.7497180104255676,0.6910420656204224
032133,0.962158203125,0.9624312520027161,0.9625431895256042,0.7835872769355774
032135,0.946533203125,0.9565711617469788,0.6577322483062744,0.871856689453125
032137,0.21875,0.306640625,0.19272169470787048,0.42587709426879883
032141,0.263671875,0.263671875,0.2660166919231415,0.259930282831192
032144,0.3125,0.3199056088924408,0.28886207938194275,0.5058962106704712
032145,0.2774251401424408,0.3888967037200928,0.257824569940567,0.6130436658859253
032146,0.0,0.0729166716337204,0.0,0.26546430587768555
032155,0.365234375,0.4535768926143646,0.26521679759025574,0.4566352367401123
032156,0.1875,0.235107421875,0.31939393281936646,0.5865439176559448
032161,0.9375,0.941680908203125,0.5364049673080444,0.5623666644096375
032162,0.09375,0.1143798828125,0.35098522901535034,0.5702890753746033
032167,0.0625,0.2449474334716797,0.05020960420370102,0.464030921459198
032168,0.197998046875,0.3318018615245819,0.1916866898536682,0.42637160420417786
032169,0.95703125,0.9576174020767212,0.8046074509620667,0.7893930673599243
032170,0.940673828125,0.9526820182800293,0.5768473744392395,0.7652129530906677
032171,0.9668782353401184,0.9676420092582703,0.7810032963752747,0.871863842010498
032173,0.9375,0.9468442797660828,0.5364049673080444,0.6674639582633972
032174,0.703369140625,0.7074040770530701,0.6423966884613037,0.6642500758171082
032175,0.560546875,0.6203365325927734,0.4981783330440521,0.7280373573303223
032176,0.0,0.24609375,0.0,0.35283681750297546
032179,0.5694172978401184,0.5720518231391907,0.6197949647903442,0.6073570251464844
032180,0.9375,0.9495773315429688,0.4692787230014801,0.6060248017311096
032182,0.47265625,0.4869384765625,0.6580725908279419,0.6225883960723877
032184,0.9673665165901184,0.9674834609031677,1.0,0.9975917339324951
032185,0.95703125,0.957104504108429,0.8665862679481506,0.8453257083892822
032190,0.659423828125,0.6634551882743835,0.6764605641365051,0.8096747398376465
032191,0.505615234375,0.5148393511772156,0.37429502606391907,0.5051221251487732
032193,0.47265625,0.5306777954101562,0.6580725908279419,0.8856194615364075
032196,0.9375,0.9384765625,0.7531440854072571,0.7583690881729126
032199,0.9375,0.9473702311515808,0.5364049673080444,0.7016941905021667
032202,0.25390625,0.36102294921875,0.2828631103038788,0.5917171835899353
032203,0.968017578125,0.9680558443069458,1.0,0.9544610977172852
032204,0.560546875,0.5973785519599915,0.7653606534004211,0.9655254483222961
032205,0.505615234375,0.5138655304908752,0.37429502606391907,0.49886587262153625
032206,0.95703125,0.9574532508850098,0.7039180397987366,0.7183352112770081
032214,0.9375,0.9422008395195007,0.7531440854072571,0.8863954544067383
032215,0.2774251401424408,0.32255300879478455,0.5188971757888794,0.7034804224967957
032216,0.48828125,0.4891204833984375,0.5307213068008423,0.7289999723434448
032217,0.09375,0.1268484890460968,0.1821252405643463,0.3070611357688904
032218,0.261474609375,0.3188585638999939,0.30563369393348694,0.52419114112854
032221,0.3125,0.31396484375,0.3585684597492218,0.3803219795227051
032223,0.9507649540901184,0.9564555287361145,0.7292529344558716,0.9037061929702759
032225,0.47265625,0.4869384765625,0.8178747296333313,0.9206981062889099
032226,0.9668782353401184,0.9676194190979004,0.7810032963752747,0.9161163568496704
032227,0.9673665165901184,0.9679045081138611,0.8748590350151062,0.84070885181427
032228,0.956298828125,0.9587768912315369,1.0,0.9316819906234741
032231,0.03125,0.17642974853515625,0.05294585973024368,0.5285390615463257
032234,0.3125,0.319580078125,0.2682024836540222,0.39313605427742004
032236,0.956298828125,0.960942268371582,0.8195018768310547,0.9355629682540894
032237,0.1875,0.3280230164527893,0.09385573863983154,0.4571473002433777
032240,0.951904296875,0.9586213827133179,0.7122209072113037,0.8805957436561584
032241,0.966796875,0.9673064947128296,0.8748388290405273,0.9789193272590637
032242,0.0,0.14271065592765808,0.0,0.4781550467014313
032245,0.568359375,0.5805014371871948,0.4457148313522339,0.7299918532371521
032248,0.940673828125,0.9482647776603699,0.771205723285675,0.8760471940040588
032250,0.701904296875,0.7083398103713989,0.5307213068008423,0.7085981965065002
032254,0.08203125,0.12322998046875,0.3631143569946289,0.6758840680122375
032258,0.962158203125,0.962563693523407,0.8420895934104919,0.9318969249725342
032260,0.701171875,0.7024902105331421,0.7871269583702087,0.8426122665405273
032261,0.1458333432674408,0.2586743235588074,0.12516115605831146,0.36225855350494385
032262,0.951171875,0.9557586908340454,0.8472716808319092,0.9745240807533264
032265,0.659423828125,0.6643005609512329,0.5918076038360596,0.8047617077827454
032266,0.962158203125,0.9626129269599915,0.8420895934104919,0.893890380859375
032267,0.95703125,0.9579688906669617,0.7039180397987366,0.7557448744773865
032268,0.957763671875,0.9583983421325684,0.7236568927764893,0.7717100381851196
032270,0.701904296875,0.7050589919090271,0.7402501106262207,0.7548555135726929
032273,0.0,0.1899065226316452,0.0,0.38275346159935
032275,0.9673665165901184,0.9679082036018372,0.8748590350151062,0.9390752911567688
032276,0.966796875,0.9670578241348267,0.8748388290405273,0.8573949337005615
032279,0.584228515625,0.5843933820724487,0.7139173746109009,0.6590118408203125
032280,0.953369140625,0.9551622867584229,1.0,0.9710525870323181
032281,0.3125,0.3163818418979645,0.40776848793029785,0.5251635909080505
032282,0.1458333432674408,0.2412477731704712,0.10949836671352386,0.3815392851829529
032283,0.388427734375,0.39454254508018494,0.4002777338027954,0.5637187957763672
032284,0.959228515625,0.9593302011489868,0.8722942471504211,0.8071637153625488
032285,0.962158203125,0.9625267386436462,0.8420895934104919,0.8648531436920166
032286,0.263671875,0.33974456787109375,0.23391999304294586,0.365726500749588
032288,0.956298828125,0.9597614407539368,0.8195018768310547,0.8116572499275208
032289,0.659423828125,0.664215624332428,0.5918076038360596,0.7140706777572632
032292,0.365234375,0.39826202392578125,0.7136205434799194,0.836740255355835
032293,0.520263671875,0.5208663940429688,0.6423966884613037,0.73446124792099
032299,0.953369140625,0.9602628350257874,0.6543781161308289,0.7752538323402405
032305,0.431884765625,0.47601065039634705,0.390377938747406,0.5800579786300659
032307,0.9668782353401184,0.9670615196228027,0.7810032963752747,0.6841351985931396
032309,0.967041015625,0.9678142666816711,0.8122885227203369,0.903941810131073
032313,0.967041015625,0.9674397110939026,0.9284793138504028,0.8167389035224915
032314,0.51953125,0.5317672491073608,0.8129132390022278,0.8666331768035889
032316,0.9388020634651184,0.9502915143966675,0.48492133617401123,0.6893008351325989
032319,0.95703125,0.9571533203125,0.7039180397987366,0.7005541324615479
032322,0.943359375,0.9535586833953857,0.5284951329231262,0.65499347448349
032323,0.701171875,0.7095039486885071,0.5887562036514282,0.6542304158210754
032324,0.560546875,0.6025387048721313,0.4082580804824829,0.5385640859603882
032327,0.44140625,0.44219970703125,0.6036984324455261,0.6284602284431458
032328,0.9375,0.9442545771598816,0.5364049673080444,0.5875727534294128
032330,0.388427734375,0.39672648906707764,0.3251410126686096,0.45577549934387207
032331,0.9375,0.9375,0.7171369194984436,0.6418733596801758
032334,0.953369140625,0.9580666422843933,0.7479812502861023,0.9014890193939209
032337,0.48828125,0.488675594329834,0.5307213068008423,0.4938431978225708
032339,0.967041015625,0.9674665927886963,0.8122885227203369,0.7888059616088867
032342,0.34765625,0.34844970703125,0.5106778144836426,0.5218732953071594
032343,0.4375,0.5106655359268188,0.4692787528038025,0.6573545336723328
032347,0.0,0.189453125,0.0,0.25363442301750183
032348,0.580322265625,0.6405754089355469,0.5636333227157593,0.7878165245056152
032349,0.9673665165901184,0.9678006768226624,0.8748590350151062,0.927791178226471
032351,0.968017578125,0.9680777192115784,1.0,0.9571498036384583
032353,0.962158203125,0.9624242782592773,0.8420895934104919,0.8712437152862549
032356,0.953369140625,0.960288941860199,0.7479812502861023,0.9335600137710571
032357,0.9375,0.9422988891601562,0.6545500159263611,0.6916423439979553
032360,0.659423828125,0.6626110672950745,0.8254533410072327,0.8567853569984436
032361,0.701171875,0.707763671875,0.5887562036514282,0.7962659597396851
032363,0.263671875,0.42466580867767334,0.15307211875915527,0.4537408947944641
032364,0.701171875,0.7044540643692017,0.7184317708015442,0.8364230990409851
032368,0.9673665165901184,0.9677444100379944,0.8748590350151062,0.7569447755813599
032369,0.47265625,0.47633007168769836,0.4784300625324249,0.41315847635269165
032371,0.501953125,0.5085266828536987,0.4030183255672455,0.5872243642807007
032372,0.51953125,0.5597000122070312,0.7039180994033813,0.8396152257919312
032373,0.957763671875,0.9583751559257507,0.7236568927764893,0.7746925950050354
032374,0.951904296875,0.9598769545555115,0.7122209072113037,0.8769599795341492
032376,0.962158203125,0.9624186158180237,0.8420895934104919,0.7700783610343933
032377,0.9375,0.9449895620346069,0.4692787230014801,0.4731014668941498
032378,0.23828125,0.24653320014476776,0.8344475626945496,0.9061827659606934
032379,0.706298828125,0.7110750079154968,0.6245770454406738,0.7929508686065674
032380,0.619873046875,0.6249281167984009,0.5410870313644409,0.6979156732559204
032383,0.3599446713924408,0.4174494743347168,0.5626510977745056,0.8060696721076965
032387,0.5757649540901184,0.5775130391120911,0.6966133713722229,0.7192075848579407
032388,0.0,0.0267857164144516,0.0,0.021122805774211884
032389,0.2122395932674408,0.2372334897518158,0.23532335460186005,0.2606630027294159
032390,0.0,0.17000725865364075,0.0,0.31177961826324463
032391,0.968017578125,0.968059778213501,1.0,0.9874728322029114
032393,0.951904296875,0.9569306373596191,0.7122209072113037,0.8487736582756042
032394,0.304931640625,0.4228300452232361,0.20000000298023224,0.542022705078125
032400,0.967041015625,0.967397153377533,0.9284793138504028,0.8849009275436401
032401,0.166259765625,0.2673971951007843,0.12132726609706879,0.3595132827758789
032402,0.703369140625,0.7090734243392944,0.5620065331459045,0.7417011260986328
032403,0.953369140625,0.9579620361328125,0.912726640701294,0.9815008640289307
032404,0.3599446713924408,0.42026495933532715,0.36623337864875793,0.6384731531143188
032405,0.633056640625,0.6378666162490845,0.5862115621566772,0.7742300629615784
032406,0.261474609375,0.261474609375,0.6806060075759888,0.6806060075759888
032408,0.94140625,0.9517080783843994,0.5900454521179199,0.7559300661087036
032409,0.953369140625,0.9565828442573547,0.912726640701294,0.9033187031745911
032410,0.968017578125,0.968017578125,1.0,1.0
032413,0.488037109375,0.575809121131897,0.2856633961200714,0.6147463917732239
032416,0.110107421875,0.19478128850460052,0.07620275020599365,0.150023952126503
032418,0.706298828125,0.706298828125,0.871160089969635,0.7368999123573303
032419,0.501953125,0.5056381225585938,0.5002721548080444,0.5059740543365479
032421,0.61328125,0.6166200637817383,0.6327316761016846,0.712419867515564
032422,0.571533203125,0.5786829590797424,0.43686550855636597,0.49341556429862976
032423,0.560546875,0.6099853515625,0.4981783330440521,0.7313337326049805
032425,0.212890625,0.3774925470352173,0.17359158396720886,0.6014686226844788
032426,0.967041015625,0.9674705266952515,0.8122885227203369,0.7560403347015381
032427,0.4778645932674408,0.48630762100219727,0.4635950028896332,0.6913398504257202
032428,0.469970703125,0.4719047546386719,0.4431702494621277,0.421263724565506
032429,0.701904296875,0.7072391510009766,0.6066363453865051,0.6671524047851562
032430,0.606689453125,0.6308095455169678,1.0,0.8986847400665283
032431,0.4375,0.4375,0.5874204039573669,0.5874204039573669
032433,0.580322265625,0.608605146408081,0.5636333227157593,0.5966762900352478
032434,0.606689453125,0.6505988836288452,0.46666663885116577,0.6654121279716492
032436,0.701904296875,0.7069848775863647,0.5307213068008423,0.5222832560539246
032437,0.9673665165901184,0.9677398800849915,0.8748590350151062,0.8713951706886292
032439,0.490234375,0.59735107421875,0.42515653371810913,0.734010636806488
032442,0.943359375,0.951725959777832,0.6040917634963989,0.7497918009757996
032443,0.962158203125,0.962613582611084,0.8420895934104919,0.8394784927368164
032445,0.365234375,0.4292493462562561,0.3236317038536072,0.47886815667152405
032446,0.344482421875,0.3986453115940094,0.2789551615715027,0.5436627268791199
032448,0.02083333395421505,0.02083333395421505,0.07821311801671982,0.07327654212713242
032450,0.94140625,0.953678548336029,0.5900454521179199,0.8778547048568726
032451,0.962158203125,0.9625920057296753,0.8420895934104919,0.8481099009513855
032452,0.584228515625,0.5849986672401428,0.6245770454406738,0.691608726978302
032453,0.0,0.13944801688194275,0.0,0.44490498304367065
032454,0.3125,0.3178253173828125,0.2682024836540222,0.3767218291759491
032460,0.962158203125,0.9623781442642212,0.9625431895256042,0.9538054466247559
032461,0.701171875,0.705291748046875,0.5887562036514282,0.7579731345176697
032462,0.490234375,0.5628951787948608,0.42515653371810913,0.6849966645240784
032465,0.946533203125,0.9566096663475037,0.575423002243042,0.8449955582618713
032468,0.2774251401424408,0.28709539771080017,1.0,1.0
032473,0.490234375,0.5329025387763977,0.6884825229644775,0.8706082701683044
032474,0.9673665165901184,0.9678028225898743,0.8748590350151062,0.7682932019233704
032475,0.560546875,0.6101435422897339,0.4981783330440521,0.5666264295578003
032484,0.432373046875,0.44034498929977417,0.4618985950946808,0.6584614515304565
032485,0.501953125,0.50469970703125,0.6016255021095276,0.6759108901023865
032486,0.943115234375,0.9465556144714355,0.7475366592407227,0.7023187279701233
032487,0.9375,0.9375,0.4692787230014801,0.4630398154258728
032489,0.712158203125,0.7125701904296875,0.7497180104255676,0.8236680626869202
032490,0.95703125,0.9578373432159424,0.7039180397987366,0.8250028491020203
032491,0.703369140625,0.7054996490478516,0.7838867902755737,0.6589291095733643
032498,0.9668782353401184,0.9672878384590149,0.7810032963752747,0.6799864768981934
032499,0.951904296875,0.9575841426849365,0.6230928897857666,0.7799153327941895
032500,0.0,0.1878402680158615,0.0,0.3815615773200989
032502,0.9673665165901184,0.9676307439804077,1.0,0.8847426176071167
032504,0.962158203125,0.9626054763793945,0.8420895934104919,0.929670512676239
032509,0.95703125,0.9577291011810303,0.7039180397987366,0.7859512567520142
032510,0.943115234375,0.9519021511077881,0.6126077175140381,0.8338794112205505
032511,0.703369140625,0.7081573009490967,0.6423966884613037,0.7373753190040588
032512,0.488037109375,0.5672346949577332,0.2856633961200714,0.6845795512199402
032513,0.956298828125,0.9602699279785156,0.7169486284255981,0.8374956846237183
032514,0.9673665165901184,0.9676504135131836,0.8748590350151062,0.819074809551239
032515,0.0,0.23828125,0.0,0.2838558852672577
032516,0.968017578125,0.9680497050285339,1.0,0.7072508335113525
032520,0.701904296875,0.7083590030670166,0.6066363453865051,0.7750609517097473
032522,0.962158203125,0.9624234437942505,0.9625431895256042,0.8860171437263489
032523,0.393798828125,0.470753937959671,0.31885725259780884,0.6361523866653442
032524,0.947998046875,0.952585756778717,0.5985158681869507,0.5779918432235718
032526,0.701904296875,0.7099403142929077,0.5307213068008423,0.7497594356536865
032528,0.967041015625,0.9674372673034668,0.9284793138504028,0.9475886225700378
032529,0.510498046875,0.5160912275314331,0.43686550855636597,0.6152342557907104
032530,0.4375,0.5761886239051819,0.21899673342704773,0.6217513084411621
032531,0.9466145634651184,0.9504597783088684,0.6615661382675171,0.5826676487922668
032532,0.4375,0.5448325276374817,0.33466389775276184,0.669625997543335
032533,0.9375,0.9463282823562622,0.4692787230014801,0.6969667077064514
032535,0.962158203125,0.9624790549278259,0.8420895934104919,0.8844965100288391
032536,0.0625,0.19167479872703552,0.08624263107776642,0.41568723320961
032537,0.619873046875,0.6270079612731934,0.4733748733997345,0.597531795501709
032538,0.09375,0.1237250417470932,0.29608193039894104,0.4311676025390625
032539,0.9375,0.9437696933746338,0.4692787230014801,0.4321381747722626
032540,0.959228515625,0.9594599604606628,0.8722942471504211,0.7170511484146118
032541,0.61328125,0.6217630505561829,0.5185247659683228,0.7268875241279602
032542,0.580322265625,0.6279231905937195,0.4618985950946808,0.5394254326820374
032543,0.968017578125,0.968051552772522,1.0,0.8869585990905762
032544,0.9375,0.9454593658447266,0.4692787230014801,0.5949096083641052
032548,0.951904296875,0.9543185234069824,0.9521908760070801,0.9748099446296692
032553,0.968017578125,0.9680765271186829,1.0,0.908689558506012
032554,0.9507649540901184,0.9576473832130432,0.7292529344558716,0.7847772240638733
032555,0.0,0.0638020858168602,0.0,0.10530486702919006
032556,0.490234375,0.4959472715854645,0.8556691408157349,0.7687122225761414
032557,0.943359375,0.9513919353485107,0.7371450066566467,0.9224033951759338
032558,0.957763671875,0.9583036303520203,0.7236568927764893,0.7706136703491211
032560,0.0625,0.0625,0.23463936150074005,0.23463936150074005
032561,0.518798828125,0.6000023484230042,0.4535067081451416,0.7789800763130188
032565,0.508056640625,0.5149844288825989,0.5334192514419556,0.7590791583061218
032566,0.584228515625,0.5849881768226624,0.6245770454406738,0.7295773029327393
032568,0.46875,0.47332626581192017,0.3384338617324829,0.35336416959762573
032573,0.47265625,0.4837168753147125,0.3430097699165344,0.5243948698043823
032574,0.9388020634651184,0.9450820088386536,0.6763683557510376,0.7066385746002197
032576,0.47265625,0.5344256162643433,0.3709116578102112,0.5671168565750122
032577,0.951171875,0.9558625221252441,0.8472716808319092,0.800931990146637
032579,0.968017578125,0.968070924282074,1.0,0.9524431824684143
032580,0.95703125,0.9576904773712158,0.7039180397987366,0.7376483082771301
032581,0.560546875,0.5808115005493164,0.4981783330440521,0.4669725000858307
032582,0.962158203125,0.9626855850219727,0.8420895934104919,0.8462997078895569
032583,0.508056640625,0.5131564140319824,0.5334192514419556,0.6238874197006226
032585,0.2774251401424408,0.4138457775115967,0.1687147468328476,0.5229847431182861
032586,0.9673665165901184,0.9677447080612183,1.0,0.992224395275116
032589,0.9466145634651184,0.9527277946472168,0.6615661382675171,0.8506852388381958
032593,0.560546875,0.6049760580062866,0.4981783330440521,0.6631065607070923
032596,0.968017578125,0.9680290222167969,1.0,0.9114933609962463
032598,0.0,0.0,0.0,0.0
032602,0.953369140625,0.955573558807373,0.912726640701294,0.870314359664917
032604,0.9673665165901184,0.9674254059791565,1.0,0.952243447303772
032606,0.706298828125,0.711005449295044,0.7139173746109009,0.8168030977249146
032608,0.967041015625,0.9675766229629517,0.8122885227203369,0.7815574407577515
032609,0.951171875,0.951995849609375,0.8472716808319092,0.7606313824653625
032610,0.455078125,0.455078125,0.5907889604568481,0.5556217432022095
032613,0.3059895932674408,0.4158966541290283,0.2836383283138275,0.57393479347229
032616,0.9507649540901184,0.9576916098594666,0.6379934549331665,0.7488574385643005
032617,0.962158203125,0.9624820947647095,0.8420895934104919,0.8355567455291748
032619,0.44140625,0.4506014883518219,0.3754834830760956,0.5812204480171204
032620,0.659423828125,0.6634576916694641,0.6764605641365051,0.8055668473243713
032621,0.9507649540901184,0.9564513564109802,0.6379934549331665,0.7689172029495239
032622,0.365234375,0.4079992175102234,0.3236317038536072,0.40595728158950806
032623,0.571533203125,0.5793845057487488,0.49935534596443176,0.6393259167671204
032624,0.469970703125,0.4762303829193115,0.5407800078392029,0.6455918550491333
032626,0.0,0.0729166716337204,0.0,0.11920969188213348
032627,0.2774251401424408,0.3703250586986542,0.257824569940567,0.6058636903762817
032628,0.3125,0.3261030614376068,0.23463936150074005,0.46456655859947205
032629,0.947998046875,0.9531322717666626,0.8348100185394287,0.8181895613670349
032630,0.501953125,0.5091396570205688,0.4566117227077484,0.6335226893424988
032631,0.46875,0.4710937440395355,0.5145465135574341,0.5397308468818665
032632,0.490234375,0.5329992175102234,0.38805168867111206,0.40713441371917725
032633,0.701904296875,0.7046208381652832,0.6066363453865051,0.5779491066932678
032634,0.431884765625,0.46978840231895447,0.390377938747406,0.6082327365875244
032636,0.956298828125,0.9599801301956177,0.7169486284255981,0.7456737756729126
032639,0.943359375,0.9499847292900085,0.8076295852661133,0.9324063062667847
032640,0.1106770858168602,0.1463826596736908,0.4437016248703003,0.6832863092422485
032642,0.956298828125,0.9595767259597778,0.8195018768310547,0.8014260530471802
032643,0.51953125,0.5737196803092957,0.3754834830760956,0.5801117420196533
032645,0.951171875,0.9566333889961243,0.694340705871582,0.7780781984329224
032646,0.9388020634651184,0.9437945485115051,0.6763683557510376,0.7355373501777649
032647,0.633056640625,0.6380664706230164,0.5862115621566772,0.6844651699066162
032648,0.953369140625,0.9559025764465332,0.912726640701294,0.8391051888465881
032649,0.951904296875,0.9565072655677795,0.7122209072113037,0.7347831130027771
032650,0.967041015625,0.9675342440605164,0.8122885227203369,0.8904871344566345
032652,0.263671875,0.35175228118896484,0.15307211875915527,0.3452807068824768
032653,0.962158203125,0.962158203125,0.8420895934104919,0.5789495706558228
032654,0.567138671875,0.6102991700172424,0.5199966430664062,0.5655081272125244
032655,0.951904296875,0.9568740725517273,0.8690900206565857,0.8246029019355774
032656,0.51953125,0.542669415473938,0.8129132390022278,0.8888203501701355
032658,0.431884765625,0.49405092000961304,0.4763599932193756,0.7114813327789307
032660,0.51953125,0.5566520690917969,0.7039180994033813,0.8795270919799805
032661,0.51953125,0.5472167730331421,0.3754834830760956,0.3730635643005371
032662,0.703369140625,0.7068281173706055,0.7838867902755737,0.7503928542137146
032664,0.633056640625,0.6361808776855469,0.5862115621566772,0.5435504913330078
032666,0.706298828125,0.7102500796318054,0.6245770454406738,0.7813706398010254
032667,0.939453125,0.9495049715042114,0.489017516374588,0.5304417610168457
032669,0.606689453125,0.6486117243766785,0.6509066820144653,0.8103994131088257
032670,0.659423828125,0.659423828125,0.8254533410072327,0.6891759634017944
032671,0.9375,0.939453125,0.7171369194984436,0.7682268619537354
032674,0.959228515625,0.9597510695457458,0.7631344795227051,0.8620911240577698
032676,0.0,0.1678481549024582,0.0,0.450654000043869
032677,0.34765625,0.35877466201782227,0.293855756521225,0.49831321835517883
032678,0.0,0.151713564991951,0.0,0.5062355995178223
032679,0.959228515625,0.9594827890396118,0.8722942471504211,0.7799291014671326
032683,0.946533203125,0.9562034606933594,0.6577322483062744,0.789354145526886
032684,0.61328125,0.6186848282814026,0.5185247659683228,0.6764792203903198
032685,0.520263671875,0.5209932327270508,0.5620065331459045,0.5637757182121277
032688,0.47265625,0.4869384765625,0.6580725908279419,0.5958551168441772
032689,0.388427734375,0.39977285265922546,0.4002777338027954,0.6399424076080322
032690,0.951904296875,0.9565873146057129,0.8690900206565857,0.8860573172569275
032692,0.9673665165901184,0.9677622318267822,0.8748590350151062,0.85680091381073
032693,0.469970703125,0.47414925694465637,0.5407800078392029,0.5793044567108154
032697,0.966796875,0.9673349261283875,0.7653606534004211,0.8676677346229553
032698,0.432373046875,0.43721646070480347,0.4618985950946808,0.5371760129928589
032699,0.5757649540901184,0.580551028251648,0.5708760023117065,0.6788138747215271
032701,0.712158203125,0.7125331163406372,0.7497180104255676,0.802557647228241
032702,0.967041015625,0.9678100943565369,0.8122885227203369,0.9408791065216064
032703,0.556884765625,0.6065622568130493,0.5407800078392029,0.7655839323997498
032705,0.962158203125,0.9625766277313232,0.8420895934104919,0.8470041155815125
032706,0.9466145634651184,0.955173671245575,0.5787770748138428,0.7152496576309204
032708,0.962158203125,0.9626936912536621,0.8420895934104919,0.9186838269233704
032710,0.968017578125,0.9680538773536682,1.0,0.8492974042892456
032711,0.712158203125,0.7126389741897583,0.7497180104255676,0.8451948761940002
032712,0.962158203125,0.9624807238578796,0.8420895934104919,0.8212847113609314
032713,0.959228515625,0.9598726034164429,0.7631344795227051,0.7626028656959534
032714,0.951171875,0.9543347358703613,0.694340705871582,0.6540721654891968
032717,0.966796875,0.9672974944114685,0.8748388290405273,0.8172146081924438
032720,0.946533203125,0.9509577751159668,1.0,0.9321563839912415
032721,0.946533203125,0.9530621767044067,0.6577322483062744,0.7542396783828735
032722,0.0,0.14082199335098267,0.0,0.32452985644340515
032723,0.951904296875,0.9591364860534668,0.6230928897857666,0.8047183752059937
032724,0.966796875,0.9674004912376404,0.8748388290405273,0.8968291878700256
032725,0.946533203125,0.9565874338150024,0.6577322483062744,0.8485055565834045
032726,0.967041015625,0.9677923321723938,0.8122885227203369,0.9544525146484375
032727,0.9673665165901184,0.9677301049232483,0.8748590350151062,0.9140551686286926
032728,0.9668782353401184,0.9674693942070007,0.892719030380249,0.9359085559844971
032729,0.953369140625,0.9592219591140747,0.7479812502861023,0.8964643478393555
032730,0.9444172978401184,0.956059992313385,0.544137716293335,0.8446972370147705
032731,0.9507649540901184,0.9563117027282715,0.6379934549331665,0.7050117254257202
032733,0.499755859375,0.563207745552063,0.629690945148468,0.7824148535728455
032735,0.947998046875,0.9536970853805542,0.5985158681869507,0.785269021987915
032736,0.967041015625,0.9674204587936401,0.9284793138504028,0.8044309616088867
032737,0.957763671875,0.9583050608634949,0.8271697163581848,0.7426260113716125
032738,0.3059895932674408,0.38176000118255615,0.23244215548038483,0.4265769422054291
032740,0.9388020634651184,0.9472341537475586,0.5542851090431213,0.6077711582183838
032741,0.9388020634651184,0.9491550922393799,0.5542851090431213,0.7137351036071777
032743,0.946533203125,0.9546889066696167,0.575423002243042,0.860305905342102
032744,0.3125,0.3227293789386749,0.23463936150074005,0.42698585987091064
032745,0.9668782353401184,0.9673937559127808,0.7810032963752747,0.7198877334594727
032748,0.957763671875,0.9584985971450806,0.7236568927764893,0.845004677772522
032749,0.951171875,0.9576265215873718,0.6074502468109131,0.6057640910148621
032751,0.953369140625,0.9586215615272522,0.6543781161308289,0.7560964226722717
032752,0.966796875,0.9670155644416809,0.8748388290405273,0.8202364444732666
032754,0.9668782353401184,0.967634916305542,0.7810032963752747,0.906443178653717
032758,0.943359375,0.9516618251800537,0.6040917634963989,0.7627255320549011
032759,0.962158203125,0.9626373648643494,0.8420895934104919,0.9017012715339661
032760,0.32421875,0.33253344893455505,0.35480669140815735,0.5522051453590393
032761,0.968017578125,0.9680529236793518,1.0,0.8951817750930786
032762,0.9444172978401184,0.9547210931777954,0.6219719052314758,0.7679780721664429
032763,0.967041015625,0.9675019979476929,0.9284793138504028,0.8440025448799133
032766,0.946533203125,0.9547600746154785,0.575423002243042,0.7501288652420044
032767,0.953369140625,0.9568076133728027,0.6543781161308289,0.6006006598472595
032768,0.94140625,0.9537720084190369,0.5162065625190735,0.7305198311805725
032769,0.9375,0.945068359375,0.4692787230014801,0.4699474275112152
032770,0.959228515625,0.9599855542182922,0.7631344795227051,0.7601856589317322
032772,0.967041015625,0.9672533273696899,0.8122885227203369,0.7091769576072693
032773,0.947998046875,0.9530206322669983,0.6841284036636353,0.7501155138015747
032774,0.46875,0.4788232445716858,0.29608190059661865,0.4003457725048065
032775,0.966796875,0.9674773216247559,0.7653606534004211,0.6796995997428894
032778,0.9466145634651184,0.9500543475151062,0.5787770748138428,0.516273558139801
032782,0.09375,0.16903391480445862,0.29608193039894104,0.5841894745826721
032784,0.712158203125,0.7126942873001099,0.7497180104255676,0.8720415830612183
032785,0.967041015625,0.9678084254264832,0.8122885227203369,0.8891159296035767
032786,0.531982421875,0.6038108468055725,0.39804574847221375,0.6296634674072266
032788,0.374755859375,0.4622129797935486,0.3454500138759613,0.7086527347564697
032790,0.263671875,0.42217928171157837,0.17496776580810547,0.41408979892730713
032791,0.9673665165901184,0.9676244258880615,0.8748590350151062,0.6799454689025879
032793,0.9668782353401184,0.9675506353378296,0.7810032963752747,0.7984921932220459
032797,0.967041015625,0.9673553109169006,0.8122885227203369,0.7089508175849915
032798,0.1875,0.3367193639278412,0.1309099942445755,0.42692479491233826
032801,0.701904296875,0.709827184677124,0.6066363453865051,0.7556139826774597
032802,0.5757649540901184,0.5798949599266052,0.5708760023117065,0.649922788143158
032803,0.9673665165901184,0.9678187370300293,0.8748590350151062,0.9093165993690491
032806,0.951904296875,0.9579402208328247,0.7122209072113037,0.7710172533988953
032807,0.966796875,0.967552125453949,0.7653606534004211,0.7653407454490662
032808,0.633056640625,0.6388324499130249,0.5862115621566772,0.7066498398780823
032810,0.9507649540901184,0.9565485715866089,0.6379934549331665,0.7019712924957275
032811,0.953369140625,0.9564131498336792,0.7479812502861023,0.6670867800712585
032812,0.967041015625,0.9676907062530518,0.8122885227203369,0.8274323344230652
032815,0.3059895932674408,0.3978475332260132,0.2836383283138275,0.6103876233100891
032816,0.712158203125,0.712637722492218,0.7497180104255676,0.7738410830497742
032817,0.02083333395421505,0.0647786483168602,0.03351990878582001,0.09072106331586838
032818,0.967041015625,0.9675990343093872,0.8122885227203369,0.8818942308425903
032819,0.946533203125,0.9506176114082336,0.8793432712554932,0.876258373260498
032820,0.946533203125,0.953354001045227,0.8026000261306763,0.911368191242218
032822,0.9673665165901184,0.9677717089653015,1.0,0.9769048690795898
032823,0.9673665165901184,0.9674531817436218,1.0,0.7688011527061462
032825,0.966796875,0.9673485159873962,0.7653606534004211,0.6749873161315918
032826,0.110107421875,0.2886689007282257,0.09298666566610336,0.47032779455184937
032827,0.9444172978401184,0.9549173712730408,0.544137716293335,0.8231115341186523
032829,0.580322265625,0.6036192178726196,0.5636333227157593,0.5016832947731018
032830,0.962158203125,0.9626831412315369,0.8420895934104919,0.7377253770828247
032831,0.946533203125,0.9556087255477905,0.575423002243042,0.8581987619400024
032832,0.488037109375,0.5625166893005371,0.4365417957305908,0.6977559328079224
032833,0.9673665165901184,0.9676775336265564,1.0,0.8720342516899109
032834,0.393798828125,0.4834601879119873,0.38908666372299194,0.6283827424049377
032836,0.943359375,0.9535857439041138,0.5284951329231262,0.6616687774658203
032844,0.956298828125,0.9610857367515564,0.7169486284255981,0.8491793274879456
032845,0.967041015625,0.967650294303894,0.9284793138504028,0.9282357692718506
032846,0.706298828125,0.7093100547790527,0.7139173746109009,0.7254403829574585
032847,0.953369140625,0.9587998390197754,0.6543781161308289,0.7164937257766724
032848,0.659423828125,0.6642183065414429,0.6764605641365051,0.8320087194442749
032850,0.712158203125,0.7126898765563965,0.7497180104255676,0.8559916019439697
032851,0.14453125,0.2119980901479721,0.14805001020431519,0.3099460303783417
032858,0.9673665165901184,0.9677698612213135,0.8748590350151062,0.801526665687561
032859,0.9375,0.9494273066520691,0.4692787230014801,0.513495683670044
032861,0.967041015625,0.9676491618156433,0.8122885227203369,0.8591386675834656
032863,0.951171875,0.9595221281051636,0.694340705871582,0.8315645456314087
032864,0.962158203125,0.9626893401145935,0.8420895934104919,0.9113708138465881
032866,0.946533203125,0.946533203125,1.0,0.9343641400337219
032868,0.95703125,0.957476794719696,0.8046074509620667,0.8178730010986328
032869,0.968017578125,0.9680529832839966,1.0,0.8747890591621399
032872,0.962158203125,0.962605893611908,0.8420895934104919,0.8517473340034485
032874,0.706298828125,0.7110139727592468,0.7139173746109009,0.7809001207351685
032875,0.5757649540901184,0.5798041224479675,0.5708760023117065,0.6178964972496033
032876,0.968017578125,0.968075692653656,1.0,0.9434356689453125
032877,0.3599446713924408,0.43317514657974243,0.36623337864875793,0.6279412508010864
032879,0.606689453125,0.6496111750602722,0.5334192514419556,0.6745232343673706
032880,0.956298828125,0.9600379467010498,0.7169486284255981,0.7773510813713074
032882,0.951904296875,0.9599222540855408,0.7122209072113037,0.852777361869812
032883,0.580322265625,0.6434215307235718,0.4040961265563965,0.6605264544487
032884,0.9375,0.9523349404335022,0.4692787230014801,0.546974778175354
032885,0.968017578125,0.9680594801902771,1.0,0.808585524559021
032886,0.432373046875,0.4404144883155823,0.4040961265563965,0.6737552285194397
032887,0.584228515625,0.5847743153572083,0.6245770454406738,0.7904463410377502
032888,0.9668782353401184,0.9673562049865723,0.892719030380249,0.781318724155426
032890,0.30078125,0.3607666492462158,0.28309693932533264,0.5989692807197571
032891,0.962158203125,0.9624027609825134,0.8420895934104919,0.7172267436981201
032896,0.568359375,0.5761610269546509,0.5438850522041321,0.6261329054832458
032897,0.956298828125,0.9610532522201538,0.8195018768310547,0.9503783583641052
032898,0.431884765625,0.4946049451828003,0.390377938747406,0.7150411009788513
032899,0.968017578125,0.9680429697036743,1.0,0.8390904068946838
032900,0.9673665165901184,0.9676803350448608,0.8748590350151062,0.7595351338386536
032901,0.95703125,0.9574535489082336,0.7039180397987366,0.6198971271514893
032903,0.956298828125,0.9592514038085938,0.8195018768310547,0.7691636085510254
032904,0.9507649540901184,0.9576084613800049,0.7292529344558716,0.8962067365646362
032905,0.946533203125,0.9541388154029846,0.575423002243042,0.7014147639274597
032906,0.956298828125,0.9597170948982239,1.0,0.9932369589805603
032907,0.962158203125,0.962212085723877,0.9625431895256042,0.7726961374282837
032910,0.9673665165901184,0.9677190780639648,1.0,0.9691917896270752
032911,0.0,0.0,0.0,0.0
032914,0.584228515625,0.5846961140632629,0.6245770454406738,0.6288309097290039
032915,0.957763671875,0.9586548805236816,0.7236568927764893,0.8722385764122009
032917,0.9673665165901184,0.9677973389625549,0.8748590350151062,0.9473209977149963
032920,0.701904296875,0.7077380418777466,0.6066363453865051,0.6080686450004578
032922,0.943359375,0.9512191414833069,0.6040917634963989,0.664860725402832
032925,0.9507649540901184,0.9549964666366577,0.7292529344558716,0.7462274432182312
032926,0.953369140625,0.9583837389945984,0.6543781161308289,0.7311034798622131
032927,0.9673665165901184,0.9677364826202393,0.8748590350151062,0.8129642605781555
032929,0.08984375,0.1315932273864746,0.3333333134651184,0.5085002779960632
032933,0.501953125,0.5148735046386719,0.3273671567440033,0.6340507864952087
032934,0.94140625,0.9537492394447327,0.5900454521179199,0.7388322949409485
032935,0.9507649540901184,0.9543287754058838,0.7292529344558716,0.6584687829017639
032938,0.393798828125,0.4669319689273834,0.31885725259780884,0.4795157015323639
032939,0.9444172978401184,0.9540778994560242,0.6219719052314758,0.8767845034599304
032942,0.9375,0.939453125,0.8879528045654297,0.9512118697166443
032943,0.968017578125,0.9680636525154114,1.0,0.9092028737068176
032944,0.567138671875,0.6213929653167725,0.5199966430664062,0.7140615582466125
032947,0.966796875,0.9671311378479004,0.8748388290405273,0.961645781993866
032949,0.946533203125,0.9549713730812073,0.6577322483062744,0.8261619806289673
032950,0.9673665165901184,0.9676832556724548,1.0,0.8371235728263855
032952,0.263671875,0.29461669921875,0.7653606534004211,0.8048099875450134
032954,0.959228515625,0.9597177505493164,0.8722942471504211,0.8429844379425049
032956,0.706298828125,0.7080772519111633,0.871160089969635,0.8219199180603027
032958,0.9673665165901184,0.9676900506019592,1.0,0.9674047827720642
032959,0.943359375,0.9557839632034302,0.5284951329231262,0.7300726175308228
032960,0.968017578125,0.9680585265159607,1.0,0.8802729249000549
032961,0.531982421875,0.5606799125671387,0.7462155222892761,0.8187183737754822
032964,0.323974609375,0.38574063777923584,0.5520787835121155,0.6850204467773438
032965,0.09375,0.1064453125,0.35098522901535034,0.4308467507362366
032966,0.39453125,0.40294018387794495,0.37281090021133423,0.4930754601955414
032968,0.939453125,0.9438741207122803,0.489017516374588,0.39145413041114807
032969,0.956298828125,0.9596810936927795,0.8195018768310547,0.8684729933738708
032971,0.4778645932674408,0.48480135202407837,0.4635950028896332,0.6274393200874329
032972,0.51953125,0.558323860168457,0.45818498730659485,0.4979408383369446
032973,0.531982421875,0.5671311020851135,0.7462155222892761,0.7316840887069702
032974,0.633056640625,0.6378898024559021,0.715326726436615,0.8119015097618103
032975,0.968017578125,0.9680617451667786,1.0,0.9664040803909302
032977,0.962158203125,0.9623183608055115,0.8420895934104919,0.7857627868652344
032978,0.633056640625,0.6369170546531677,0.5862115621566772,0.5901904106140137
032980,0.2774251401424408,0.2817230224609375,1.0,0.9777371883392334
032982,0.4778645932674408,0.4864693880081177,0.4055802822113037,0.5754534006118774
032983,0.712158203125,0.7126786112785339,0.7497180104255676,0.6815060973167419
032984,0.584228515625,0.5850010514259338,0.6245770454406738,0.6656317710876465
032985,0.9375,0.941619873046875,0.4692787230014801,0.3707827925682068
032986,0.08984375,0.12554931640625,0.3951442539691925,0.6347289681434631
032987,0.962158203125,0.9626041650772095,0.8420895934104919,0.8998314738273621
032989,0.967041015625,0.9675989151000977,0.8122885227203369,0.9060140252113342
032990,0.9668782353401184,0.9675742387771606,0.7810032963752747,0.8289731740951538
032993,0.956298828125,0.9588683247566223,1.0,0.9241443276405334
032994,0.968017578125,0.9680607914924622,1.0,0.9229547381401062
032996,0.9466145634651184,0.9550991058349609,0.6615661382675171,0.7743982672691345
032997,0.9668782353401184,0.9677799344062805,0.7810032963752747,0.8138177394866943
033000,0.9507649540901184,0.9537962079048157,0.7292529344558716,0.6819369196891785
033004,0.956298828125,0.9610882997512817,0.8195018768310547,0.939522922039032
033005,0.9673665165901184,0.9676222801208496,0.8748590350151062,0.7271706461906433
033006,0.706298828125,0.711136519908905,0.6245770454406738,0.8459069132804871
033007,0.633056640625,0.6385763883590698,0.5862115621566772,0.6519179940223694
033012,0.571533203125,0.5814964771270752,0.49935534596443176,0.7023422122001648
033014,0.490234375,0.5385310649871826,0.5961710214614868,0.6593965888023376
033016,0.499755859375,0.5715032815933228,0.629690945148468,0.7739792466163635
033018,0.962158203125,0.9623432755470276,0.9625431895256042,0.8535779714584351
033019,0.9673665165901184,0.9677504897117615,0.8748590350151062,0.7829827666282654
033020,0.953369140625,0.957000195980072,0.912726640701294,0.9635146260261536
033021,0.48828125,0.4885406494140625,0.6066363453865051,0.5523321032524109
033022,0.580322265625,0.6219098567962646,0.86592036485672,0.8738330006599426
033024,0.706298828125,0.7111759781837463,0.6245770454406738,0.8536727428436279
033027,0.703369140625,0.706564724445343,0.5620065331459045,0.5453932881355286
033029,0.953369140625,0.9566357135772705,0.7479812502861023,0.7005743980407715
033032,0.0,0.24367950856685638,0.0,0.31537866592407227
033033,0.956298828125,0.9588510394096375,1.0,0.9773008227348328
033036,0.968017578125,0.9680604934692383,1.0,0.8934631943702698
033038,0.16796875,0.2415110170841217,0.18026001751422882,0.35776033997535706
033039,0.703369140625,0.7067723870277405,0.7838867902755737,0.7107965350151062
033041,0.9668782353401184,0.9675421118736267,0.7810032963752747,0.9180405139923096
033043,0.365234375,0.4465322196483612,0.23202729225158691,0.4983912706375122
033044,0.956298828125,0.9598703384399414,0.8195018768310547,0.8547558188438416
033046,0.365234375,0.44049400091171265,0.26521679759025574,0.398307204246521
033047,0.3599446713924408,0.4052981734275818,0.3001289367675781,0.3526298999786377
033051,0.968017578125,0.9680617451667786,1.0,0.9641128182411194
033053,0.3125,0.327536016702652,0.2682024836540222,0.5709990859031677
033054,0.3599446713924408,0.42971858382225037,0.3001289367675781,0.5464563965797424
033055,0.571533203125,0.5791823863983154,0.49935534596443176,0.6325628161430359
033059,0.431884765625,0.4828399121761322,0.4763599932193756,0.6227278709411621
033060,0.9375,0.9501799941062927,0.5364049673080444,0.6465107798576355
033062,0.568359375,0.5753887891769409,0.5438850522041321,0.6902123689651489
033063,0.940673828125,0.9539964199066162,0.5046601295471191,0.7037516236305237
033065,0.706298828125,0.708296537399292,0.871160089969635,0.7367071509361267
033067,0.659423828125,0.6637260913848877,0.5918076038360596,0.6267548203468323
033069,0.499755859375,0.5602481365203857,0.4490610957145691,0.6458577513694763
033070,0.962158203125,0.962158203125,0.9625431895256042,0.7342033386230469
033073,0.5757649540901184,0.5812947154045105,0.5708760023117065,0.6926461458206177
033076,0.9673665165901184,0.9677687287330627,1.0,0.9676743745803833
033077,0.951171875,0.955737829208374,0.8472716808319092,0.8419963717460632
033080,0.619873046875,0.6270638704299927,0.4733748733997345,0.647952139377594
033086,0.712158203125,0.7125669717788696,0.8569586873054504,0.833819568157196
033089,0.968017578125,0.9680621027946472,1.0,0.8342658877372742
033090,0.450927734375,0.4585133492946625,0.3482339084148407,0.43951740860939026
033091,0.659423828125,0.6642462015151978,0.5918076038360596,0.7694562673568726
033092,0.953369140625,0.9574194550514221,0.7479812502861023,0.7295027375221252
033093,0.3125,0.3149065375328064,0.2682024836540222,0.22312462329864502
033097,0.4778645932674408,0.4845937192440033,0.4055802822113037,0.5031073093414307
033098,0.953369140625,0.9583781957626343,0.7479812502861023,0.7653976678848267
033103,0.951171875,0.956451416015625,0.6074502468109131,0.6633336544036865
033105,0.510498046875,0.5184845924377441,0.43686550855636597,0.5444708466529846
033107,0.619873046875,0.625006914138794,0.5410870313644409,0.6227033734321594
033108,0.951904296875,0.9563612937927246,0.6230928897857666,0.48957327008247375
033110,0.706298828125,0.7102733254432678,0.6245770454406738,0.7849905490875244
033113,0.518798828125,0.5667173862457275,0.4535067081451416,0.5149531364440918
033114,0.962158203125,0.9625574946403503,0.8420895934104919,0.9001736044883728
033115,0.703369140625,0.7075485587120056,0.5620065331459045,0.6241586804389954
033116,0.25390625,0.330593466758728,0.21157628297805786,0.45253169536590576
033117,0.968017578125,0.9680433869361877,1.0,0.8843667507171631
033118,0.967041015625,0.967674970626831,0.8122885227203369,0.8217976093292236
033119,0.2774251401424408,0.35341787338256836,0.23532335460186005,0.30557557940483093
033120,0.21875,0.29482603073120117,0.15793579816818237,0.30191099643707275
033122,0.947998046875,0.9515982866287231,0.5985158681869507,0.5537925958633423
033123,0.30078125,0.3769916594028473,0.3454500138759613,0.5584233403205872
033124,0.968017578125,0.9680777788162231,1.0,0.9585058093070984
033128,0.962158203125,0.9624055624008179,0.9625431895256042,0.8204197883605957
033129,0.953369140625,0.9603274464607239,0.6543781161308289,0.6788981556892395
033132,0.9466145634651184,0.9510343670845032,0.5787770748138428,0.6100544929504395
033133,0.520263671875,0.521160900592804,0.5620065331459045,0.7361978888511658
033138,0.9444172978401184,0.953812837600708,0.544137716293335,0.7386075258255005
033139,0.499755859375,0.588367760181427,0.3358892798423767,0.669353723526001
033141,0.03125,0.1439615935087204,0.022562257945537567,0.2070961892604828
033143,0.951904296875,0.9598872065544128,0.6230928897857666,0.765836775302887
033146,0.9375,0.9496237635612488,0.5364049673080444,0.8131376504898071
033147,0.518798828125,0.5486758351325989,0.4535067081451416,0.46173718571662903
033148,0.706298828125,0.7091366648674011,0.6245770454406738,0.6109862327575684
033149,0.9375,0.9499492645263672,0.5364049673080444,0.7221230864524841
033150,0.951171875,0.9579043984413147,0.694340705871582,0.7313745021820068
033151,0.957763671875,0.9585593938827515,0.7236568927764893,0.8287798166275024
033155,0.943359375,0.9558790922164917,0.5284951329231262,0.6291570067405701
033157,0.25390625,0.35393571853637695,0.21157628297805786,0.5253864526748657
033158,0.61328125,0.6191979050636292,0.5185247659683228,0.6616427898406982
033160,0.633056640625,0.6378898024559021,0.5862115621566772,0.6581940054893494
033161,0.947998046875,0.9530285000801086,0.6841284036636353,0.7323991656303406
033163,0.968017578125,0.9680707454681396,1.0,0.9272346496582031
033164,0.939453125,0.9480910301208496,0.6820816993713379,0.832651674747467
033165,0.946533203125,0.9534717202186584,0.575423002243042,0.6796177625656128
033167,0.3599446713924408,0.4369330108165741,0.26257050037384033,0.5093724131584167
033168,0.5757649540901184,0.5805339813232422,0.6966133713722229,0.7833863496780396
033171,0.9507649540901184,0.957597553730011,0.6379934549331665,0.6437526941299438
033172,0.701904296875,0.7067516446113586,0.7402501106262207,0.8529930710792542
033173,0.263671875,0.29461669921875,0.7653606534004211,0.9674680233001709
033174,0.946533203125,0.9555643200874329,0.575423002243042,0.6743167042732239
033177,0.510498046875,0.5170567631721497,0.43686550855636597,0.6804209351539612
033178,0.571533203125,0.5777722597122192,0.49935534596443176,0.708946168422699
033179,0.947998046875,0.9526914954185486,0.8348100185394287,0.8760045766830444
033180,0.951171875,0.9535900950431824,0.6074502468109131,0.5006977915763855
033181,0.2044270783662796,0.2187093049287796,0.19029195606708527,0.21378597617149353
033185,0.939453125,0.942657470703125,0.7848228216171265,0.8767396211624146
033186,0.94140625,0.9446021318435669,0.5900454521179199,0.5907138586044312
033187,0.44140625,0.4463851749897003,0.501995861530304,0.5774639248847961
033188,0.568359375,0.5710620880126953,0.5958904027938843,0.5848810076713562
033190,0.9668782353401184,0.9674237966537476,0.7810032963752747,0.7074962258338928
033191,0.0,0.13597472012043,0.0,0.11313813179731369
033192,0.23046875,0.338605672121048,0.17581595480442047,0.48765695095062256
033194,0.584228515625,0.5847783088684082,0.6245770454406738,0.6528344750404358
033195,0.9507649540901184,0.9560673832893372,0.6379934549331665,0.8482697010040283
033198,0.9668782353401184,0.9675229787826538,0.7810032963752747,0.8852044343948364
033200,0.518798828125,0.5839279890060425,0.3716495931148529,0.49046629667282104
033201,0.712158203125,0.7124473452568054,0.7497180104255676,0.7160536050796509
033203,0.943359375,0.950599193572998,0.7371450066566467,0.8768532872200012
033204,0.94140625,0.9497601389884949,0.7200049757957458,0.8544749021530151
033207,0.951904296875,0.957966148853302,0.6230928897857666,0.6597280502319336
033208,0.701171875,0.7060566544532776,0.5887562036514282,0.5710433125495911
033209,0.505615234375,0.5145921111106873,0.37429502606391907,0.5543602705001831
033212,0.9375,0.9385157823562622,0.7171369194984436,0.5940337777137756
033215,0.39453125,0.4013339877128601,0.37281090021133423,0.5976675152778625
033216,0.953369140625,0.9591385722160339,0.7479812502861023,0.8987268209457397
033217,0.197998046875,0.30742496252059937,0.13742950558662415,0.3411804139614105
033218,0.23828125,0.3269815444946289,0.16092148423194885,0.2547577917575836
033219,0.946533203125,0.9501596093177795,0.8026000261306763,0.7416588068008423
033220,0.701904296875,0.7039642333984375,0.5307213068008423,0.401212602853775
033221,0.46875,0.48099666833877563,0.3384338617324829,0.5734001994132996
033222,0.556884765625,0.6065571904182434,0.3877114951610565,0.5977638363838196
033226,0.499755859375,0.5856897830963135,0.293855756521225,0.46361514925956726
033230,0.9673665165901184,0.9677556753158569,1.0,0.9553900957107544
033234,0.940673828125,0.9539601802825928,0.5768473744392395,0.8409703969955444
033235,0.14453125,0.1651611328125,0.5307213068008423,0.5805485844612122
033236,0.44140625,0.45142364501953125,0.3284950852394104,0.4394497573375702
033241,0.701171875,0.7019786834716797,0.7184317708015442,0.7251227498054504
033244,0.30078125,0.31561279296875,0.3454500138759613,0.3244257867336273
033246,0.967041015625,0.9674553871154785,0.9284793138504028,0.8781874775886536
033248,0.951904296875,0.956358790397644,0.6230928897857666,0.559374988079071
033249,0.9444172978401184,0.9467315673828125,0.7589633464813232,0.70262211561203
033250,0.9673665165901184,0.9677914381027222,0.8748590350151062,0.9379814267158508
033253,0.432373046875,0.4375581443309784,0.5636333227157593,0.6313158869743347
033254,0.968017578125,0.9680233001708984,1.0,0.9017656445503235
033256,0.951171875,0.9583935141563416,0.6074502468109131,0.685857355594635
033257,0.4375,0.5095331072807312,0.2503223121166229,0.3309776782989502
033258,0.957763671875,0.95826256275177,0.8271697163581848,0.810427725315094
033261,0.959228515625,0.9595625996589661,0.7631344795227051,0.6160762310028076
033262,0.47265625,0.4764251708984375,0.4784300625324249,0.4565942883491516
033263,0.278564453125,0.3438577651977539,0.21157628297805786,0.34242162108421326
033264,0.34765625,0.3569243848323822,0.293855756521225,0.52443528175354
033265,0.956298828125,0.9598350524902344,0.8195018768310547,0.7943730354309082
033267,0.490234375,0.4959472715854645,0.9467676877975464,0.9446403980255127
033268,0.44921875,0.5408859252929688,0.32727500796318054,0.4303407669067383
033270,0.633056640625,0.6343955993652344,0.7837249636650085,0.7963072061538696
033271,0.94140625,0.9514083862304688,0.5162065625190735,0.7117177844047546
033273,0.61328125,0.6208420991897583,0.5185247659683228,0.633024275302887
033275,0.450927734375,0.45887160301208496,0.3482339084148407,0.472624808549881
033276,0.44140625,0.4432378113269806,0.40440693497657776,0.43180084228515625
033277,0.9375,0.9524440765380859,0.5364049673080444,0.7307239770889282
033278,0.32421875,0.3384326100349426,0.25437816977500916,0.44221022725105286
033280,0.567138671875,0.6091045141220093,0.4261382520198822,0.44375741481781006
033281,0.968017578125,0.9680201411247253,1.0,0.9977012872695923
033282,0.966796875,0.967531681060791,0.7653606534004211,0.9300146102905273
033283,0.967041015625,0.967530369758606,0.9284793138504028,0.9345190525054932
033285,0.323974609375,0.4038521647453308,0.2550044059753418,0.4382455050945282
033287,0.957763671875,0.9584065079689026,0.7236568927764893,0.7238547801971436
033290,0.659423828125,0.6633409261703491,0.6764605641365051,0.8067969083786011
033291,0.571533203125,0.5759704113006592,0.6093400716781616,0.6264492869377136
033293,0.499755859375,0.585880696773529,0.293855756521225,0.6921128034591675
033294,0.947998046875,0.9533537030220032,0.5985158681869507,0.5930854678153992
033295,0.3599446713924408,0.4508513808250427,0.26257050037384033,0.5843175649642944
033296,0.47265625,0.523255467414856,0.8178747296333313,0.9149656891822815
033298,0.166259765625,0.18857574462890625,0.5307213068008423,0.6187536716461182
033299,0.959228515625,0.9596613645553589,0.7631344795227051,0.6975156664848328
033300,0.4375,0.480612188577652,0.6735438704490662,0.8393425941467285
033303,0.633056640625,0.6400513648986816,0.5128524899482727,0.761716902256012
033304,0.34765625,0.3600320518016815,0.3358892798423767,0.620495080947876
033306,0.2122395932674408,0.2870545983314514,0.1687147468328476,0.3375382125377655
033308,0.712158203125,0.7126164436340332,0.7497180104255676,0.7965879440307617
033310,0.951171875,0.9524117112159729,0.694340705871582,0.6281160116195679
033311,0.968017578125,0.9680629372596741,1.0,0.9260044097900391
033312,0.47265625,0.5080047845840454,0.3709116578102112,0.4091206192970276
033314,0.9375,0.9375,0.7531440854072571,0.7531440854072571
033315,0.9444172978401184,0.9529210329055786,0.6219719052314758,0.6985127925872803
033316,0.95703125,0.9570583701133728,0.8046074509620667,0.6604528427124023
033317,0.5694172978401184,0.5765517354011536,0.4635950028896332,0.6871664524078369
033319,0.0625,0.1903085708618164,0.10055973380804062,0.3924594223499298
033321,0.962158203125,0.9626824259757996,0.8420895934104919,0.7776049375534058
033323,0.633056640625,0.634753942489624,0.7837249636650085,0.7515838742256165
033324,0.365234375,0.45093515515327454,0.26521679759025574,0.486287921667099
033325,0.2122395932674408,0.2122395932674408,0.5741413831710815,0.5741413831710815
033326,0.0,0.08984375,0.0,0.14313575625419617
033328,0.499755859375,0.5415983200073242,0.7271926999092102,0.8706863522529602
033330,0.9673665165901184,0.9676370620727539,0.8748590350151062,0.7772095799446106
033332,0.953369140625,0.9582252502441406,0.912726640701294,0.9436233639717102
033333,0.706298828125,0.7089561820030212,0.6245770454406738,0.72906494140625
033334,0.21875,0.236328125,0.3419274091720581,0.42466044425964355
033335,0.659423828125,0.6610171794891357,0.8254533410072327,0.8376550078392029
033336,0.956298828125,0.9603899717330933,0.7169486284255981,0.9171614646911621
033337,0.0,0.1977887898683548,0.0,0.41912010312080383
033339,0.962158203125,0.9624620079994202,0.8420895934104919,0.7174635529518127
033340,0.0,0.08819471299648285,0.0,0.278815895318985
033342,0.9673665165901184,0.967703104019165,0.8748590350151062,0.8005461692810059
033344,0.9375,0.9375,0.5364049673080444,0.4158495366573334
033346,0.956298828125,0.956298828125,1.0,1.0
033348,0.263671875,0.341033935546875,0.2660166919231415,0.5113171935081482
033349,0.469970703125,0.4761733412742615,0.4431702494621277,0.63400799036026
033350,0.5694172978401184,0.5808610916137695,0.4635950028896332,0.7496065497398376
033351,0.959228515625,0.9595756530761719,0.8722942471504211,0.8434265851974487
033352,0.1458333432674408,0.1722005307674408,0.3935772776603699,0.5388668775558472
033353,0.263671875,0.38154223561286926,0.21350501477718353,0.6173348426818848
033354,0.943359375,0.9506791830062866,0.5284951329231262,0.6736524701118469
033356,0.962158203125,0.9625468850135803,0.8420895934104919,0.7053598761558533
033357,0.0,0.21908751130104065,0.0,0.46469923853874207
033358,0.9388020634651184,0.950778603553772,0.48492133617401123,0.6195038557052612
033359,0.968017578125,0.9680623412132263,1.0,0.8109763860702515
033361,0.3125,0.32440730929374695,0.23463936150074005,0.4475069046020508
033368,0.490234375,0.532454788684845,0.5961710214614868,0.5637035369873047
033370,0.0,0.2411448210477829,0.0,0.40597429871559143
033374,0.567138671875,0.602353572845459,0.5199966430664062,0.541181743144989
033375,0.9444172978401184,0.9513591527938843,0.6219719052314758,0.664902925491333
033377,0.9673665165901184,0.9677901864051819,0.8748590350151062,0.8014535903930664
033382,0.953369140625,0.9566942453384399,0.912726640701294,0.7628703117370605
033383,0.951171875,0.951171875,0.9282863140106201,0.8593127727508545
033384,0.956298828125,0.9609667658805847,0.8195018768310547,0.9347972273826599
033385,0.946533203125,0.9520140290260315,0.8026000261306763,0.7788417935371399
033388,0.300537109375,0.40400341153144836,0.2163846641778946,0.4374851882457733
033389,0.0625,0.19135741889476776,0.11613046377897263,0.5591841340065002
033391,0.956298828125,0.9564361572265625,1.0,0.9944471120834351
033392,0.9668782353401184,0.9673625230789185,0.7810032963752747,0.7795944213867188
033393,0.9673665165901184,0.9677737355232239,0.8748590350151062,0.9152942895889282
033394,0.956298828125,0.9588819742202759,1.0,0.9490357041358948
033396,0.510498046875,0.5169080495834351,0.49935534596443176,0.660319447517395
033397,0.9673665165901184,0.9677640795707703,0.8748590350151062,0.8644244074821472
033398,0.701171875,0.7058955430984497,0.5150786638259888,0.44714415073394775
033399,0.388427734375,0.39689433574676514,0.3251410126686096,0.6371859312057495
033400,0.584228515625,0.5843974351882935,0.6245770454406738,0.4639820158481598
033404,0.48828125,0.4886426627635956,0.6066363453865051,0.6748765707015991
033405,0.967041015625,0.9675160050392151,0.8122885227203369,0.7980680465698242
033407,0.584228515625,0.585007905960083,0.6245770454406738,0.8156074285507202
033410,0.260498046875,0.4076025187969208,0.19761748611927032,0.4488157331943512
033412,0.962158203125,0.9625885486602783,0.8420895934104919,0.896595299243927
033413,0.455078125,0.5489724278450012,0.23873552680015564,0.41922810673713684
033414,0.30078125,0.32835623621940613,0.3454500138759613,0.3399990499019623
033415,0.08984375,0.2713152766227722,0.09298666566610336,0.3454182744026184
033416,0.943359375,0.9512525796890259,0.5284951329231262,0.6104806065559387
033417,0.455078125,0.5098466873168945,0.5907889604568481,0.7749221324920654
033420,0.3125,0.3276083469390869,0.23463936150074005,0.5772224068641663
033421,0.968017578125,0.968052327632904,1.0,0.8333785533905029
033422,0.946533203125,0.9541193842887878,0.6577322483062744,0.7380892038345337
033424,0.9466145634651184,0.9550827145576477,0.6615661382675171,0.8510996699333191
033425,0.393798828125,0.43592390418052673,0.31885725259780884,0.3829400837421417
033426,0.9673665165901184,0.9676489233970642,1.0,0.9176342487335205
033427,0.962158203125,0.9625330567359924,0.8420895934104919,0.8684839606285095
033429,0.3599446713924408,0.42950811982154846,0.26257050037384033,0.4067910313606262
033430,0.703369140625,0.7084496021270752,0.6423966884613037,0.7256947159767151
033435,0.606689453125,0.6220617294311523,0.6509066820144653,0.5793666839599609
033436,0.584228515625,0.5848102569580078,0.6245770454406738,0.797046422958374
033439,0.9375,0.9465517401695251,0.4692787230014801,0.5220115184783936
033441,0.9466145634651184,0.9475562572479248,0.5787770748138428,0.43112868070602417
033442,0.968017578125,0.9680763483047485,1.0,0.8602837324142456
033443,0.968017578125,0.9680587649345398,1.0,0.8376759886741638
033444,0.46875,0.48397570848464966,0.3384338617324829,0.6561355590820312
033445,0.150390625,0.31837964057922363,0.10344710201025009,0.6081326007843018
033447,0.9466145634651184,0.9532970786094666,0.5787770748138428,0.692496657371521
033448,0.701171875,0.7056342363357544,0.5887562036514282,0.6315590739250183
033452,0.951171875,0.9573478698730469,0.6074502468109131,0.6510394215583801
033454,0.4778645932674408,0.4778645932674408,0.5657033920288086,0.5552681088447571
033455,0.967041015625,0.9674354195594788,0.8122885227203369,0.6177029013633728
033457,0.966796875,0.9674584269523621,0.8748388290405273,0.8224992156028748
033459,0.966796875,0.9670817255973816,0.8748388290405273,0.9640054702758789
033460,0.9673665165901184,0.9675283432006836,1.0,0.9728977084159851
033463,0.951171875,0.959764301776886,0.6074502468109131,0.8460835218429565
033466,0.943359375,0.9511948823928833,0.5284951329231262,0.6284722089767456
033468,0.4375,0.5163818597793579,0.30545666813850403,0.601526141166687
033470,0.966796875,0.9675854444503784,0.7653606534004211,0.6947956681251526
033472,0.9507649540901184,0.9562282562255859,0.7292529344558716,0.8039639592170715
033474,0.939453125,0.9473004937171936,0.5589672327041626,0.7265787720680237
033475,0.47265625,0.5615880489349365,0.3709116578102112,0.5659279823303223
033476,0.967041015625,0.9676448702812195,0.8122885227203369,0.9373611807823181
033478,0.962158203125,0.9625778198242188,0.8420895934104919,0.8629184365272522
033480,0.962158203125,0.9625904560089111,0.8420895934104919,0.7595579028129578
033481,0.3059895932674408,0.38439881801605225,0.2033541053533554,0.5294859409332275
033487,0.5694172978401184,0.5793967247009277,0.4055802822113037,0.6463441848754883
033488,0.0,0.16667479276657104,0.0,0.38395681977272034
033489,0.9444172978401184,0.9542956948280334,0.544137716293335,0.8409250974655151
033490,0.431884765625,0.4788057208061218,0.3415256440639496,0.4627615809440613
033491,0.21875,0.271484375,0.13817155361175537,0.18825788795948029
033492,0.951904296875,0.9551149010658264,0.7122209072113037,0.6620350480079651
033495,0.9444172978401184,0.9537471532821655,0.6219719052314758,0.7825921773910522
033496,0.712158203125,0.7125846147537231,0.7497180104255676,0.8301455974578857
033497,0.51953125,0.5443234443664551,0.8129132390022278,0.8345841765403748
033498,0.08984375,0.2577904760837555,0.07620275020599365,0.5394052863121033
033500,0.21875,0.319921612739563,0.13817155361175537,0.5688713788986206
033502,0.1875,0.3801513612270355,0.1309099942445755,0.38142862915992737
033503,0.957763671875,0.9584930539131165,0.7236568927764893,0.8248699307441711
033505,0.9388020634651184,0.9388020634651184,0.7782489061355591,0.7782489061355591
033506,0.25390625,0.2944416403770447,0.21157628297805786,0.25023892521858215
033508,0.3599446713924408,0.4474937319755554,0.40125197172164917,0.5985978841781616
033509,0.956298828125,0.9610779285430908,0.7169486284255981,0.7591381669044495
033510,0.47265625,0.5807576179504395,0.2659246027469635,0.39459192752838135
033512,0.968017578125,0.9680769443511963,1.0,0.935840368270874
033513,0.712158203125,0.7125235795974731,0.7497180104255676,0.7092529535293579
033514,0.606689453125,0.6146547794342041,1.0,0.6872860789299011
033515,0.09375,0.2881680428981781,0.05921638384461403,0.27152055501937866
033516,0.44140625,0.44807061553001404,0.3284950852394104,0.41876253485679626
033517,0.9388020634651184,0.9388020634651184,0.8427215218544006,0.8234401941299438
033519,0.14453125,0.2662384808063507,0.1061442568898201,0.34323278069496155
033520,0.466064453125,0.556394100189209,0.35480669140815735,0.5629827976226807
033523,0.951904296875,0.9575758576393127,0.7122209072113037,0.8081604838371277
033526,0.966796875,0.9673803448677063,0.8748388290405273,0.8606460094451904
033527,0.5757649540901184,0.5820141434669495,0.5708760023117065,0.7834937572479248
033528,0.9673665165901184,0.9675659537315369,1.0,0.9031145572662354
033530,0.32421875,0.3383484482765198,0.2907647490501404,0.5738233923912048
033532,0.94140625,0.9485880136489868,0.7200049757957458,0.8101343512535095
033533,0.166259765625,0.166259765625,0.16220630705356598,0.12577901780605316
033534,0.556884765625,0.618611216545105,0.4431702494621277,0.5682944059371948
033537,0.9668782353401184,0.9675717949867249,0.7810032963752747,0.8190791606903076
033538,0.9507649540901184,0.9565722346305847,0.7292529344558716,0.8269314169883728
033539,0.9668782353401184,0.9674943089485168,0.892719030380249,0.943356990814209
033540,0.9466145634651184,0.953776478767395,0.5787770748138428,0.6083811521530151
033541,0.2122395932674408,0.2657979428768158,0.1687147468328476,0.23838701844215393
033542,0.260498046875,0.260498046875,0.24530528485774994,0.22355437278747559
033543,0.0,0.2029215544462204,0.0,0.25148576498031616
033544,0.508056640625,0.5149946808815002,0.46666663885116577,0.6692047715187073
033545,0.4778645932674408,0.4864897131919861,0.4055802822113037,0.6750379800796509
033546,0.968017578125,0.9680590033531189,1.0,0.7856842279434204
033549,0.95703125,0.9575323462486267,0.7039180397987366,0.6637665033340454
033550,0.150390625,0.1741943359375,0.5364180207252502,0.7345755100250244
033552,0.499755859375,0.6047390699386597,0.293855756521225,0.6898190379142761
033553,0.939453125,0.953532338142395,0.5589672327041626,0.6600346565246582
033555,0.957763671875,0.9583460688591003,0.8271697163581848,0.8331562280654907
033557,0.47265625,0.482177734375,0.8178747296333313,0.8687687516212463
033558,0.091796875,0.1192626953125,0.3948093354701996,0.6534972190856934
033560,0.957763671875,0.9584059119224548,0.8271697163581848,0.8356756567955017
033562,0.9375,0.9401963949203491,0.5777241587638855,0.5955102443695068
033563,0.9507649540901184,0.9551052451133728,0.8898733854293823,0.9475852847099304
033564,0.300537109375,0.3851333260536194,0.24733662605285645,0.5937678217887878
033567,0.606689453125,0.6406172513961792,0.6509066820144653,0.7507373690605164
033568,0.2044270783662796,0.35269173979759216,0.12516115605831146,0.4128238558769226
033571,0.956298828125,0.9606594443321228,0.7169486284255981,0.8279973268508911
033572,0.3125,0.3196498453617096,0.2682024836540222,0.3458595275878906
033573,0.966796875,0.9674927592277527,0.7653606534004211,0.7566035985946655
033577,0.966796875,0.9674655795097351,0.7653606534004211,0.7765516638755798
033588,0.393798828125,0.4344139099121094,0.690318763256073,0.839723527431488
033589,0.968017578125,0.9680657386779785,1.0,0.8958020210266113
033592,0.9375,0.9486157894134521,0.6545500159263611,0.8188152313232422
033594,0.94140625,0.9453338384628296,0.8970906734466553,0.9628022313117981
033595,0.712158203125,0.712287187576294,0.8569586873054504,0.8637406826019287
033596,0.959228515625,0.9596586227416992,0.7631344795227051,0.6311485767364502
033597,0.966796875,0.9670750498771667,0.7653606534004211,0.6797260046005249
033598,0.659423828125,0.6604215502738953,0.6764605641365051,0.5711503624916077
033600,0.5694172978401184,0.5810337662696838,0.4055802822113037,0.7155255079269409
033603,0.957763671875,0.957763671875,0.7236568927764893,0.6588867902755737
033605,0.469970703125,0.47431594133377075,0.5924884676933289,0.6828129291534424
033606,0.9668782353401184,0.9675509333610535,0.7810032963752747,0.8718817234039307
033607,0.44921875,0.4885721206665039,0.5806522965431213,0.7351251840591431
033608,0.968017578125,0.9680609107017517,1.0,0.9335140585899353
033609,0.619873046875,0.6219096183776855,0.7233965992927551,0.7740465402603149
033610,0.3125,0.325927734375,0.2682024836540222,0.5577502250671387
033611,0.5757649540901184,0.5811854600906372,0.5708760023117065,0.6874223947525024
033612,0.21875,0.3515276312828064,0.2111494094133377,0.5678126215934753
033613,0.431884765625,0.493543803691864,0.3415256440639496,0.4440543055534363
033617,0.967041015625,0.96781325340271,0.8122885227203369,0.8926092386245728
033618,0.9673665165901184,0.9674695134162903,1.0,0.9618445038795471
033619,0.501953125,0.5148175358772278,0.3273671567440033,0.6014468669891357
033620,0.556884765625,0.6072472929954529,0.4431702494621277,0.6946935057640076
033621,0.951171875,0.951611340045929,0.974895179271698,0.9943189024925232
033623,0.633056640625,0.6348186731338501,0.715326726436615,0.7187827825546265
033625,0.943359375,0.9493108987808228,0.7371450066566467,0.8844086527824402
033626,0.943359375,0.9525386691093445,0.5284951329231262,0.639657735824585
033627,0.501953125,0.5116193294525146,0.3273671567440033,0.474943071603775
033628,0.9668782353401184,0.9671274423599243,0.892719030380249,0.840623140335083
033631,0.951904296875,0.9561787843704224,0.6230928897857666,0.5881215333938599
033633,0.09375,0.22006908059120178,0.0676867738366127,0.23200872540473938
033634,0.261474609375,0.3399127423763275,0.22860826551914215,0.5823601484298706
033635,0.951171875,0.95281982421875,0.9282863140106201,0.9900571703910828
033636,0.946533203125,0.9529139399528503,0.6577322483062744,0.8229503035545349
033638,0.0,0.04374999925494194,0.0,0.10159680992364883
033639,0.703369140625,0.7085829377174377,0.5620065331459045,0.650829553604126
033640,0.951904296875,0.9560400247573853,0.8690900206565857,0.9664627313613892
033642,0.9673665165901184,0.9675696492195129,1.0,0.9774733185768127
033643,0.951171875,0.9536789655685425,0.9282863140106201,0.9719940423965454
033645,0.212890625,0.27883899211883545,0.12984324991703033,0.22625204920768738
033646,0.966796875,0.966796875,0.7653606534004211,0.5261971950531006
033647,0.0,0.10455729067325592,0.0,0.22506549954414368
033649,0.4375,0.5012192130088806,0.4692787528038025,0.5401473641395569
033650,0.0625,0.160888671875,0.07171369343996048,0.39109528064727783
033652,0.943115234375,0.9524363875389099,0.5359453558921814,0.6805230379104614
033654,0.518798828125,0.5582051277160645,0.8046129941940308,0.829792857170105
033656,0.571533203125,0.5793434381484985,0.43686550855636597,0.6127811074256897
033657,0.9673665165901184,0.9676145911216736,1.0,0.8468528389930725
033662,0.4375,0.5760879516601562,0.2503223121166229,0.6769416928291321
033664,0.95703125,0.9575170278549194,0.7039180397987366,0.6881162524223328
033665,0.9668782353401184,0.967336893081665,0.892719030380249,0.960975706577301
033666,0.951904296875,0.9596290588378906,0.7122209072113037,0.9289313554763794
033669,0.956298828125,0.9590066075325012,1.0,0.9600784778594971
033672,0.1458333432674408,0.20098470151424408,0.15272833406925201,0.21388649940490723
033673,0.943359375,0.9536874890327454,0.6040917634963989,0.8273851275444031
033676,0.21875,0.3526596128940582,0.19272169470787048,0.46975699067115784
033677,0.606689453125,0.641819953918457,0.5334192514419556,0.7657767534255981
033678,0.951171875,0.9571515917778015,0.6074502468109131,0.8296421766281128
033679,0.703369140625,0.703369140625,0.8588406443595886,0.8088757395744324
033683,0.556884765625,0.556884765625,0.5407800078392029,0.5119181275367737
033684,0.951904296875,0.9598488807678223,0.6230928897857666,0.8146789073944092
033687,0.940673828125,0.9421758651733398,1.0,1.0
033688,0.943359375,0.9492111206054688,0.8076295852661133,0.9492461085319519
033689,0.967041015625,0.9676417708396912,0.8122885227203369,0.8746339678764343
033690,0.5694172978401184,0.5792633891105652,0.4055802822113037,0.733616292476654
033692,0.9466145634651184,0.948619544506073,0.8844688534736633,0.945271372795105
033694,0.30078125,0.37034738063812256,0.28309693932533264,0.6415614485740662
033696,0.701904296875,0.7072162628173828,0.7402501106262207,0.807896614074707
033697,0.9375,0.9462494850158691,0.4692787230014801,0.7589330673217773
033699,0.943115234375,0.9528887271881104,0.5359453558921814,0.7089269161224365
033700,0.943115234375,0.9437103271484375,0.9849443435668945,0.9619700908660889
033702,0.951904296875,0.9563807249069214,0.8690900206565857,0.9309983849525452
033703,0.9375,0.9404296875,0.6545500159263611,0.6624017953872681
033708,0.943359375,0.9474143981933594,0.6040917634963989,0.6363866925239563
033709,0.703369140625,0.7072124481201172,0.7838867902755737,0.8097296953201294
033710,0.431884765625,0.44042062759399414,0.8451594114303589,0.8368654847145081
033711,0.703369140625,0.7088506817817688,0.6423966884613037,0.6881434321403503
033712,0.508056640625,0.5137186646461487,0.5334192514419556,0.7062005996704102
033713,0.23046875,0.3029916286468506,0.214540034532547,0.3107503354549408
033716,0.0,0.23515625298023224,0.0,0.3936689496040344
033717,0.0,0.1958976686000824,0.0,0.2529529929161072
033718,0.531982421875,0.588840126991272,0.48571667075157166,0.6753886342048645
033719,0.5757649540901184,0.5813424587249756,0.49943602085113525,0.5642678141593933
033720,0.0625,0.16314223408699036,0.08624263107776642,0.3900565207004547
033721,0.388427734375,0.3941511809825897,0.3251410126686096,0.4199005365371704
033722,0.0,0.0,0.0,0.0
033725,0.3125,0.32305943965911865,0.23463936150074005,0.48480454087257385
033726,0.501953125,0.5034713745117188,0.3273671567440033,0.30022650957107544
033728,0.520263671875,0.5204687118530273,0.6423966884613037,0.6439378261566162
033729,0.499755859375,0.6047375202178955,0.293855756521225,0.6785289645195007
033730,0.619873046875,0.6278598308563232,0.4733748733997345,0.6017178893089294
033731,0.505615234375,0.5169117450714111,0.427834689617157,0.5322406888008118
033733,0.939453125,0.9468917846679688,0.5589672327041626,0.6406412124633789
033734,0.9673665165901184,0.9676350951194763,0.8748590350151062,0.7963048219680786
033737,0.967041015625,0.9677402973175049,0.8122885227203369,0.9287950396537781
033738,0.32421875,0.32813262939453125,0.2907647490501404,0.3085636496543884
033739,0.706298828125,0.7082265019416809,0.871160089969635,0.8220199346542358
033740,0.967041015625,0.9672220349311829,1.0,1.0
033741,0.3599446713924408,0.4320131540298462,0.3001289367675781,0.5233044624328613
033742,0.946533203125,0.9520633220672607,0.575423002243042,0.6908509731292725
033743,0.4700520932674408,0.4787271022796631,0.3563140034675598,0.47149235010147095
033744,0.344482421875,0.3975036144256592,0.31885725259780884,0.5336213111877441
033746,0.967041015625,0.9675428867340088,0.9284793138504028,0.9012413620948792
033749,0.703369140625,0.7090756297111511,0.5620065331459045,0.7818583250045776
033751,0.263671875,0.4221855401992798,0.23391999304294586,0.6210005879402161
033752,0.959228515625,0.9599975943565369,0.7631344795227051,0.9043630957603455
033753,0.39453125,0.40147864818573,0.37281090021133423,0.658661961555481
033754,0.967041015625,0.9676132202148438,0.8122885227203369,0.9321319460868835
033755,0.946533203125,0.9549639821052551,0.575423002243042,0.6953946948051453
033756,0.703369140625,0.7091886401176453,0.5620065331459045,0.6744377613067627
033757,0.9375,0.9457285404205322,0.4692787230014801,0.4807555675506592
033758,0.499755859375,0.5769472718238831,0.4098700284957886,0.6286746263504028
033763,0.953369140625,0.9568848609924316,0.912726640701294,0.785563051700592
033764,0.951904296875,0.9599570035934448,0.7122209072113037,0.9146924614906311
033765,0.1106770858168602,0.20818662643432617,0.18525049090385437,0.38033249974250793
033766,0.393798828125,0.44564324617385864,0.38908666372299194,0.5470160841941833
033768,0.584228515625,0.5850107669830322,0.6245770454406738,0.7812802195549011
033770,0.9668782353401184,0.9674689769744873,0.7810032963752747,0.699258029460907
033771,0.9673665165901184,0.9677020907402039,1.0,0.9529226422309875
033772,0.393798828125,0.4649762511253357,0.38908666372299194,0.6448871493339539
033776,0.951904296875,0.9572943449020386,0.7122209072113037,0.7572283148765564
033778,0.943115234375,0.9517291784286499,0.6126077175140381,0.8204931616783142
033781,0.703369140625,0.7088302969932556,0.5620065331459045,0.6581119298934937
033782,0.09375,0.24938520789146423,0.0676867738366127,0.5078903436660767
033783,0.34765625,0.3600419759750366,0.3358892798423767,0.6471012234687805
033784,0.706298828125,0.7079493403434753,0.7139173746109009,0.5846233367919922
033785,0.9507649540901184,0.956294059753418,0.6379934549331665,0.6764208078384399
033786,0.943115234375,0.9534212350845337,0.6126077175140381,0.735852837562561
033791,0.580322265625,0.6414092183113098,0.4618985950946808,0.5421665906906128
033792,0.968017578125,0.9680414795875549,1.0,0.7301227450370789
033793,0.571533203125,0.581702470779419,0.43686550855636597,0.725327730178833
033794,0.4778645932674408,0.48640552163124084,0.4055802822113037,0.5822370052337646
033795,0.968017578125,0.9680617451667786,1.0,0.9471018314361572
033796,0.946533203125,0.9542896747589111,0.6577322483062744,0.8242341876029968
033798,0.1458333432674408,0.259709894657135,0.12516115605831146,0.4445522427558899
033800,0.943115234375,0.954699695110321,0.5359453558921814,0.756425678730011
033802,0.943359375,0.9527204036712646,0.5284951329231262,0.5980263352394104
033803,0.956298828125,0.9602898359298706,0.7169486284255981,0.6936289072036743
033804,0.47265625,0.48264971375465393,0.3430097699165344,0.5065493583679199
033807,0.951171875,0.951171875,0.694340705871582,0.6267699599266052
033808,0.393798828125,0.48419779539108276,0.2789551615715027,0.599101722240448
033809,0.9673665165901184,0.9675124287605286,1.0,0.7788920998573303
033810,0.23046875,0.33848506212234497,0.1538141816854477,0.47683295607566833
033811,0.4375,0.5423719882965088,0.21899673342704773,0.3890466094017029
033812,0.956298828125,0.9593167304992676,1.0,0.9707674980163574
033813,0.957763671875,0.9580315947532654,0.8271697163581848,0.7647958397865295
033814,0.47265625,0.5265716314315796,0.5698384642601013,0.6430796384811401
033817,0.556884765625,0.6089089512825012,0.4431702494621277,0.7188483476638794
033818,0.706298828125,0.7090947031974792,0.7139173746109009,0.7866926789283752
033822,0.4778645932674408,0.48633822798728943,0.4635950028896332,0.7218026518821716
033824,0.9673665165901184,0.9679009914398193,0.8748590350151062,0.9404858946800232
033825,0.953369140625,0.9592646956443787,0.6543781161308289,0.8299165368080139
033827,0.94140625,0.9451090693473816,0.7888506054878235,0.9080603122711182
033829,0.712158203125,0.7124907970428467,0.8569586873054504,0.8175889253616333
033833,0.3599446713924408,0.39803165197372437,0.36623337864875793,0.4218476116657257
033834,0.939453125,0.9450559616088867,0.5589672327041626,0.5870928764343262
033835,0.261474609375,0.32051289081573486,0.2789600193500519,0.41416704654693604
033836,0.956298828125,0.9594453573226929,0.8195018768310547,0.7851436138153076
033837,0.9375,0.9443511962890625,0.6545500159263611,0.7030079364776611
033839,0.943359375,0.9483203291893005,0.6040917634963989,0.6135586500167847
033841,0.706298828125,0.7098110914230347,0.6245770454406738,0.6645123958587646
033842,0.967041015625,0.9678123593330383,0.8122885227203369,0.7993780374526978
033843,0.706298828125,0.7106035947799683,0.7139173746109009,0.8244479298591614
033845,0.300537109375,0.3810053765773773,0.30181336402893066,0.5298412442207336
033846,0.959228515625,0.959805428981781,0.7631344795227051,0.7594807147979736
033848,0.966796875,0.9672958254814148,0.8748388290405273,0.7691971659660339
033849,0.939453125,0.9507554173469543,0.489017516374588,0.5713757276535034
033850,0.9507649540901184,0.9564006328582764,0.6379934549331665,0.7752047777175903
033851,0.21875,0.2757847309112549,0.29608193039894104,0.37295636534690857
033853,0.508056640625,0.5130223035812378,0.46666663885116577,0.5834275484085083
033855,0.580322265625,0.6433399319648743,0.4618985950946808,0.7894212603569031
033858,0.959228515625,0.9597901105880737,0.7631344795227051,0.7720346450805664
033860,0.967041015625,0.9677245020866394,0.8122885227203369,0.7807359099388123
033863,0.939453125,0.952240526676178,0.489017516374588,0.6650508046150208
033864,0.4700520932674408,0.47611746191978455,0.3563140034675598,0.39893782138824463
033868,0.967041015625,0.9674988985061646,0.8122885227203369,0.7770797610282898
033869,0.0,0.0,0.0,0.0
033872,0.968017578125,0.9680771231651306,1.0,0.9418233036994934
033874,0.957763671875,0.9581962823867798,0.7236568927764893,0.6500425338745117
033875,0.95703125,0.9575918316841125,0.8046074509620667,0.7058435082435608
033876,0.47265625,0.5478874444961548,0.3039627969264984,0.5337117314338684
033879,0.2122395932674408,0.2881850600242615,0.23532335460186005,0.5251212120056152
033881,0.701171875,0.7071698307991028,0.7184317708015442,0.7408188581466675
033883,0.9673665165901184,0.9677875638008118,0.8748590350151062,0.8200907111167908
033884,0.9507649540901184,0.9531053900718689,0.7292529344558716,0.6823270916938782
033885,0.962158203125,0.9625036716461182,0.9625431895256042,0.8272369503974915
033886,0.4375,0.46760255098342896,0.30545666813850403,0.40305963158607483
033888,0.951171875,0.9563471674919128,0.694340705871582,0.7753000259399414
033889,0.962158203125,0.9626882672309875,0.8420895934104919,0.8798500895500183
033891,0.967041015625,0.9676470756530762,0.8122885227203369,0.7734499573707581
033893,0.9668782353401184,0.9676462411880493,0.7810032963752747,0.8890664577484131
033895,0.263671875,0.263671875,0.90728360414505,0.90728360414505
033897,0.967041015625,0.967657208442688,0.8122885227203369,0.6931031346321106
033899,0.966796875,0.9677595496177673,0.7653606534004211,0.812234103679657
033900,0.9673665165901184,0.9678462147712708,0.8748590350151062,0.9445706605911255
033901,0.962158203125,0.9625012278556824,0.9625431895256042,0.9182355403900146
033902,0.967041015625,0.9674947261810303,0.8122885227203369,0.7865927219390869
033903,0.304931640625,0.39551880955696106,0.2789600193500519,0.45209217071533203
033904,0.5757649540901184,0.5827264785766602,0.49943602085113525,0.7399038672447205
033906,0.9673665165901184,0.9678178429603577,0.8748590350151062,0.9040656685829163
033908,0.701904296875,0.7098767757415771,0.6066363453865051,0.7544775605201721
033909,0.9507649540901184,0.9578036665916443,0.6379934549331665,0.8187512159347534
033912,0.706298828125,0.7110311985015869,0.6245770454406738,0.662851095199585
033914,0.9668782353401184,0.9673159122467041,0.892719030380249,0.7508660554885864
033915,0.966796875,0.9671386480331421,0.8748388290405273,0.8565707802772522
033916,0.968017578125,0.9680595397949219,1.0,0.8517234921455383
033917,0.956298828125,0.9597600698471069,1.0,0.9582860469818115
033920,0.701904296875,0.7064271569252014,0.7402501106262207,0.8500508069992065
033922,0.968017578125,0.968042254447937,1.0,0.824413537979126
033924,0.9375,0.9450138211250305,0.4692787230014801,0.4577113687992096
033925,0.956298828125,0.9606353640556335,0.7169486284255981,0.8298592567443848
033927,0.947998046875,0.9559030532836914,0.5985158681869507,0.6537803411483765
033929,0.967041015625,0.9674651622772217,0.9284793138504028,0.956684947013855
033930,0.3599446713924408,0.44979336857795715,0.36623337864875793,0.6097456216812134
033931,0.968017578125,0.9680767059326172,1.0,0.8407606482505798
033932,0.9673665165901184,0.967901349067688,0.8748590350151062,0.9255111217498779
033933,0.3599446713924408,0.44950246810913086,0.3001289367675781,0.5057668089866638
033934,0.48828125,0.48905181884765625,0.5307213068008423,0.6719034314155579
033936,0.606689453125,0.6499055624008179,0.5334192514419556,0.7485687136650085
033937,0.951904296875,0.9598769545555115,0.7122209072113037,0.8352744579315186
033939,0.9673665165901184,0.9678937196731567,0.8748590350151062,0.8575721979141235
033940,0.959228515625,0.9599230289459229,0.7631344795227051,0.8220286965370178
033941,0.968017578125,0.968062698841095,1.0,0.9595812559127808
033945,0.951171875,0.9549222588539124,0.694340705871582,0.6283391714096069
033947,0.967041015625,0.967660665512085,0.9284793138504028,0.9139353632926941
033949,0.9466145634651184,0.9530941843986511,0.5787770748138428,0.7180230617523193
033951,0.374755859375,0.4585886597633362,0.3454500138759613,0.667829155921936
033952,0.393798828125,0.42593732476234436,0.38908666372299194,0.39361974596977234
033954,0.951904296875,0.9570602774620056,0.7122209072113037,0.781757652759552
033955,0.9444172978401184,0.9542537331581116,0.544137716293335,0.8027587532997131
033958,0.956298828125,0.9610489010810852,0.7169486284255981,0.7563960552215576
033959,0.9375,0.9375,0.4692787230014801,0.32263633608818054
033962,0.531982421875,0.5917563438415527,0.3482339084148407,0.5839134454727173
033963,0.9375,0.9480307102203369,0.6545500159263611,0.7713431119918823
033964,0.968017578125,0.9680582880973816,1.0,0.9225108623504639
033966,0.962158203125,0.9625895023345947,0.8420895934104919,0.8668410181999207
033967,0.9668782353401184,0.967304527759552,0.892719030380249,0.9855483770370483
033969,0.580322265625,0.6425356268882751,0.4618985950946808,0.7272946238517761
033971,0.659423828125,0.6621659398078918,0.5918076038360596,0.596493661403656
033974,0.9375,0.9473004937171936,0.4692787230014801,0.5418682098388672
033976,0.957763671875,0.9583134651184082,0.7236568927764893,0.6932446360588074
033977,0.95703125,0.9574426412582397,0.7039180397987366,0.6242269277572632
033978,0.9673665165901184,0.9679028987884521,0.8748590350151062,0.9523000717163086
033980,0.947998046875,0.9515787959098816,0.6841284036636353,0.6115156412124634
033981,0.962158203125,0.9625992774963379,0.8420895934104919,0.7676776051521301
033984,0.962158203125,0.9621810913085938,0.8420895934104919,0.60297691822052
033985,0.962158203125,0.962449848651886,0.8420895934104919,0.6906541585922241
033986,0.619873046875,0.6279515027999878,0.4733748733997345,0.787562370300293
033990,0.9673665165901184,0.9677406549453735,1.0,0.9377530813217163
033991,0.968017578125,0.9680555462837219,1.0,0.8403764367103577
033992,0.967041015625,0.9676712155342102,0.8122885227203369,0.9016565680503845
033993,0.9673665165901184,0.9677176475524902,0.8748590350151062,0.7163543105125427
033994,0.633056640625,0.6377039551734924,0.5128524899482727,0.6154412627220154
033995,0.962158203125,0.9623324275016785,0.9625431895256042,0.8635314106941223
033998,0.967041015625,0.9678097367286682,0.8122885227203369,0.8725316524505615
034000,0.9466145634651184,0.9514525532722473,0.6615661382675171,0.7168632745742798
034001,0.23828125,0.3422401547431946,0.19636499881744385,0.34266695380210876
034003,0.967041015625,0.9674535989761353,0.8122885227203369,0.7291218638420105
034004,0.469970703125,0.4748377799987793,0.5407800078392029,0.5632075667381287
034005,0.9673665165901184,0.9678164720535278,0.8748590350151062,0.9659188985824585
034006,0.968017578125,0.9680433869361877,1.0,0.8328841924667358
034007,0.9673665165901184,0.9677664041519165,0.8748590350151062,0.9204742908477783
034008,0.14453125,0.1651611328125,0.16220630705356598,0.1909107118844986
034010,0.701904296875,0.7085545063018799,0.5307213068008423,0.6019066572189331
034011,0.959228515625,0.9597519040107727,0.7631344795227051,0.8060641288757324
034013,0.967041015625,0.9673010110855103,1.0,0.8968173265457153
034014,0.966796875,0.9677442908287048,0.7653606534004211,0.7835018038749695
034020,0.703369140625,0.7085710167884827,0.6423966884613037,0.7557883262634277
034021,0.9375,0.942230224609375,0.5364049673080444,0.534288763999939
034022,0.9668782353401184,0.9676802754402161,0.7810032963752747,0.8745818138122559
034023,0.712158203125,0.71248859167099,0.7497180104255676,0.6123906970024109
034024,0.947998046875,0.9535902142524719,0.6841284036636353,0.804318904876709
034026,0.95703125,0.957706868648529,0.7039180397987366,0.7615762948989868
034027,0.968017578125,0.9680625796318054,1.0,0.8828946352005005
034028,0.9375,0.946272611618042,0.5364049673080444,0.5588221549987793
034030,0.393798828125,0.44207414984703064,0.42629045248031616,0.5738353729248047
034032,0.3599446713924408,0.43982627987861633,0.26257050037384033,0.35095515847206116
034033,0.968017578125,0.9680630564689636,1.0,0.927376389503479
034034,0.9673665165901184,0.9679036736488342,0.8748590350151062,0.9205379486083984
034037,0.962158203125,0.9624038338661194,0.9625431895256042,0.9172537922859192
034038,0.606689453125,0.6220598220825195,1.0,0.9966059327125549
034039,0.967041015625,0.967598557472229,0.9284793138504028,0.9325971007347107
034042,0.393798828125,0.39844053983688354,0.8579513430595398,0.6873599290847778
034043,0.9375,0.9524332880973816,0.5364049673080444,0.7636916637420654
034045,0.967041015625,0.9678153991699219,0.8122885227203369,0.8772408366203308
034047,0.9466145634651184,0.9533754587173462,0.5787770748138428,0.8210663795471191
034048,0.9673665165901184,0.9677844643592834,0.8748590350151062,0.8174029588699341
034050,0.968017578125,0.9680359363555908,1.0,0.8316667079925537
034051,0.9466145634651184,0.9511712193489075,0.6615661382675171,0.6061360239982605
034052,0.9673665165901184,0.9676287770271301,0.8748590350151062,0.8113570213317871
034054,0.962158203125,0.9624422192573547,0.8420895934104919,0.8456655144691467
034055,0.455078125,0.5503976345062256,0.23873552680015564,0.47059592604637146
034056,0.968017578125,0.9680360555648804,1.0,0.9752190113067627
034058,0.956298828125,0.961139440536499,0.7169486284255981,0.9157477021217346
034060,0.505615234375,0.512869119644165,0.427834689617157,0.44517871737480164
034061,0.2774251401424408,0.38150304555892944,0.257824569940567,0.5714302062988281
034062,0.943115234375,0.9528944492340088,0.5359453558921814,0.8308833241462708
034063,0.962158203125,0.9625248312950134,0.8420895934104919,0.7740397453308105
034065,0.957763671875,0.9586541056632996,0.7236568927764893,0.7008197903633118
034068,0.95703125,0.9574831128120422,0.8046074509620667,0.7974566221237183
034070,0.959228515625,0.9599956274032593,0.7631344795227051,0.8819608092308044
034071,0.701171875,0.7070029973983765,0.5887562036514282,0.7013612389564514
034072,0.956298828125,0.9590309858322144,0.7169486284255981,0.7037456631660461
034074,0.263671875,0.2983415424823761,0.7653606534004211,0.9505211710929871
034075,0.1875,0.1875,0.14342738687992096,0.1350831836462021
034076,0.469970703125,0.4799743890762329,0.3877114951610565,0.6054630875587463
034078,0.701171875,0.7082175016403198,0.5887562036514282,0.6911568641662598
034080,0.499755859375,0.5639650821685791,0.7271926999092102,0.9073660969734192
034081,0.959228515625,0.9596155881881714,0.7631344795227051,0.7620352506637573
034083,0.943115234375,0.9516311883926392,0.6126077175140381,0.766748309135437
034084,0.505615234375,0.5151947736740112,0.37429502606391907,0.47144007682800293
034087,0.9375,0.9526983499526978,0.4692787230014801,0.6882985234260559
034088,0.703369140625,0.7073407173156738,0.6423966884613037,0.7082488536834717
034089,0.518798828125,0.5826841592788696,0.6967307925224304,0.8101223111152649
034090,0.9673665165901184,0.9673665165901184,1.0,1.0
034091,0.2122395932674408,0.26724252104759216,0.23532335460186005,0.32286396622657776
034092,0.703369140625,0.7071468234062195,0.6423966884613037,0.5986846685409546
034093,0.953369140625,0.9591377377510071,0.7479812502861023,0.9128817319869995
034094,0.9668782353401184,0.967262864112854,0.892719030380249,0.8387663960456848
034095,0.959228515625,0.9596587419509888,0.7631344795227051,0.7599990367889404
034096,0.580322265625,0.592901885509491,1.0,0.9833992719650269
034097,0.953369140625,0.9592050909996033,0.7479812502861023,0.8837801814079285
034099,0.966796875,0.9673730731010437,0.7653606534004211,0.6174809336662292
034101,0.9444172978401184,0.9515045881271362,0.6219719052314758,0.5989262461662292
034102,0.943359375,0.9505163431167603,0.7371450066566467,0.7934025526046753
034103,0.3599446713924408,0.4288526773452759,0.36623337864875793,0.6105375289916992
034104,0.967041015625,0.9678101539611816,0.8122885227203369,0.8896768689155579
034105,0.4375,0.4375,0.21899673342704773,0.1594649851322174
034106,0.46875,0.46875,0.4129750728607178,0.3631788492202759
034107,0.5757649540901184,0.5816905498504639,0.49943602085113525,0.7330930829048157
034108,0.499755859375,0.5606366395950317,0.3358892798423767,0.41752156615257263
034112,0.957763671875,0.9584197998046875,0.7236568927764893,0.8358473181724548
034113,0.9673665165901184,0.9678948521614075,0.8748590350151062,0.9214777946472168
034116,0.946533203125,0.9549853205680847,0.575423002243042,0.7774468064308167
034117,0.659423828125,0.6641364693641663,0.6764605641365051,0.7706250548362732
034122,0.9673665165901184,0.9678901433944702,0.8748590350151062,0.8956306576728821
034123,0.9673665165901184,0.9677268862724304,1.0,0.9666078090667725
034128,0.9507649540901184,0.9577056169509888,0.6379934549331665,0.8451441526412964
034129,0.962158203125,0.9626928567886353,0.8420895934104919,0.8932369351387024
034130,0.5757649540901184,0.5771039128303528,0.763222336769104,0.7769973874092102
034131,0.962158203125,0.9623115062713623,0.8420895934104919,0.7846315503120422
034132,0.951171875,0.9596663117408752,0.694340705871582,0.7959287762641907
034133,0.0,0.02213541604578495,0.0,0.02142143063247204
034136,0.956298828125,0.9611043930053711,0.7169486284255981,0.8315678238868713
034139,0.966796875,0.967425525188446,0.7653606534004211,0.7561145424842834
034140,0.959228515625,0.9597473740577698,0.7631344795227051,0.631731390953064
034141,0.580322265625,0.6324223279953003,0.5636333227157593,0.7557265758514404
034142,0.9444172978401184,0.9548370242118835,0.544137716293335,0.7276134490966797
034144,0.9507649540901184,0.9575469493865967,0.7292529344558716,0.838259756565094
034146,0.966796875,0.96775221824646,0.7653606534004211,0.8973215222358704
034147,0.967041015625,0.9677935838699341,0.8122885227203369,0.9656482338905334
034148,0.9375,0.9375,0.5364049673080444,0.39584288001060486
034149,0.962158203125,0.962562620639801,0.9625431895256042,0.9563742280006409
034150,0.946533203125,0.9565724730491638,0.575423002243042,0.7875527739524841
034153,0.633056640625,0.6392144560813904,0.5128524899482727,0.5948820114135742
034155,0.957763671875,0.9586557149887085,0.7236568927764893,0.8349946737289429
034157,0.9673665165901184,0.9678187370300293,0.8748590350151062,0.8285297155380249
034158,0.956298828125,0.9611715078353882,0.7169486284255981,0.8677271008491516
034160,0.947998046875,0.9557228088378906,0.6841284036636353,0.901265025138855
034162,0.9673665165901184,0.9676744341850281,0.8748590350151062,0.7432354688644409
034164,0.951904296875,0.9573594927787781,0.6230928897857666,0.6761227250099182
034165,0.518798828125,0.5821266770362854,0.3251410126686096,0.48436564207077026
034166,0.633056640625,0.6392353177070618,0.5128524899482727,0.6426845192909241
034169,0.968017578125,0.9680466651916504,1.0,0.7102646231651306
034173,0.510498046875,0.5166323184967041,0.43686550855636597,0.6317302584648132
034174,0.47265625,0.5634613633155823,0.3039627969264984,0.486258864402771
034175,0.956298828125,0.9596573710441589,1.0,0.9984771609306335
034179,0.606689453125,0.6498496532440186,0.5334192514419556,0.6971216201782227
034182,0.95703125,0.9576776623725891,0.8046074509620667,0.7823242545127869
034186,0.967041015625,0.9676947593688965,0.8122885227203369,0.9311773777008057
034187,0.9673665165901184,0.9676975607872009,0.8748590350151062,0.8252267241477966
034188,0.962158203125,0.9626067280769348,0.8420895934104919,0.9008772373199463
034189,0.967041015625,0.9675097465515137,0.8122885227203369,0.8177766799926758
034190,0.571533203125,0.5754566192626953,0.6093400716781616,0.5949138402938843
034191,0.14453125,0.23043537139892578,0.12132726609706879,0.2844944894313812
034192,0.947998046875,0.9532331228256226,0.6841284036636353,0.7087850570678711
034193,0.706298828125,0.7111778259277344,0.6245770454406738,0.8192041516304016
034194,0.962158203125,0.9623221158981323,0.9625431895256042,0.9611220955848694
034195,0.560546875,0.6102718710899353,0.3571682572364807,0.47814905643463135
034197,0.947998046875,0.9537624716758728,0.6841284036636353,0.7935957312583923
034198,0.9507649540901184,0.9558693766593933,0.7292529344558716,0.7550442814826965
034199,0.14453125,0.22768408060073853,0.12132726609706879,0.24495428800582886
034200,0.3059895932674408,0.36692339181900024,0.5032320022583008,0.7512206435203552
034201,0.4778645932674408,0.48543861508369446,0.4055802822113037,0.5283183455467224
034203,0.962158203125,0.962687611579895,0.8420895934104919,0.9177595973014832
034204,0.967041015625,0.9672181606292725,0.8122885227203369,0.7510977387428284
034205,0.9668782353401184,0.9677565097808838,0.7810032963752747,0.8560715913772583
034207,0.51953125,0.59368896484375,0.45818498730659485,0.7400842905044556
034209,0.957763671875,0.9585708379745483,0.7236568927764893,0.8204827308654785
034210,0.212890625,0.2634735107421875,0.1584416627883911,0.20838476717472076
034211,0.23046875,0.3604567050933838,0.1538141816854477,0.4843938946723938
034216,0.197998046875,0.2698903977870941,0.2100154310464859,0.39660191535949707
034219,0.946533203125,0.9535080194473267,0.6577322483062744,0.7637685537338257
034220,0.25390625,0.3173552453517914,0.21157628297805786,0.3483832776546478
034221,0.94140625,0.9498257040977478,0.5162065625190735,0.6285139918327332
034222,0.951904296875,0.9564017653465271,0.6230928897857666,0.6194649338722229
034223,0.16796875,0.2041647732257843,0.3974803686141968,0.4865294098854065
034224,0.505615234375,0.517050564289093,0.37429502606391907,0.5238937735557556
034227,0.32421875,0.3382720947265625,0.2907647490501404,0.6092368364334106
034229,0.9673665165901184,0.9678425788879395,0.8748590350151062,0.8944884538650513
034230,0.701904296875,0.708455502986908,0.5307213068008423,0.6594801545143127
034231,0.51953125,0.5806655883789062,0.3754834830760956,0.5803346037864685
034236,0.956298828125,0.9603240489959717,0.7169486284255981,0.7845420241355896
034237,0.34765625,0.35466182231903076,0.293855756521225,0.39705514907836914
034242,0.568359375,0.5719519853591919,0.5438850522041321,0.5915706753730774
034243,0.0,0.09801352024078369,0.0,0.1279948204755783
034244,0.568359375,0.5783891677856445,0.3899376392364502,0.5011204481124878
034245,0.263671875,0.3668212890625,0.17496776580810547,0.3082371652126312
034250,0.947998046875,0.9519874453544617,0.6841284036636353,0.6067291498184204
034251,0.469970703125,0.4797206521034241,0.4431702494621277,0.6082072854042053
034252,0.0,0.1244419664144516,0.0,0.17688466608524323
034253,0.606689453125,0.606689453125,1.0,1.0
034254,0.9673665165901184,0.9677512645721436,0.8748590350151062,0.9366861581802368
034255,0.30078125,0.34974122047424316,0.3454500138759613,0.5479871034622192
034257,0.968017578125,0.9680213928222656,1.0,1.0
034259,0.21875,0.34198975563049316,0.13817155361175537,0.496345192193985
034260,0.344482421875,0.4026419520378113,0.2789551615715027,0.5010623931884766
034261,0.9375,0.9403643012046814,0.7171369194984436,0.7251625657081604
034262,0.968017578125,0.9680617451667786,1.0,0.9892203211784363
034265,0.943359375,0.9493699073791504,0.5284951329231262,0.5287034511566162
034266,0.946533203125,0.9525490999221802,0.6577322483062744,0.6986280679702759
034268,0.703369140625,0.7089279890060425,0.6423966884613037,0.7945814728736877
034274,0.9673665165901184,0.9677967429161072,0.8748590350151062,0.939017653465271
034275,0.633056640625,0.6377220749855042,0.5128524899482727,0.6088568568229675
034276,0.956298828125,0.9578978419303894,0.8195018768310547,0.6917562484741211
034277,0.706298828125,0.7110777497291565,0.7139173746109009,0.8200244903564453
034281,0.951171875,0.952709972858429,0.694340705871582,0.5943865180015564
034283,0.1458333432674408,0.18088889122009277,0.15272833406925201,0.17851673066616058
034284,0.967041015625,0.9676514863967896,0.8122885227203369,0.8220565319061279
034285,0.9673665165901184,0.9676931500434875,0.8748590350151062,0.679115891456604
034286,0.47265625,0.47518569231033325,0.3920743465423584,0.3949405252933502
034287,0.450927734375,0.4613872468471527,0.3482339084148407,0.617773175239563
034288,0.3059895932674408,0.3559773862361908,0.23244215548038483,0.27560311555862427
034289,0.959228515625,0.9598477482795715,0.7631344795227051,0.8554767370223999
034290,0.959228515625,0.9596103429794312,0.8722942471504211,0.8827710151672363
034291,0.95703125,0.9574996829032898,0.8046074509620667,0.901762068271637
034294,0.9375,0.9452776312828064,0.5364049673080444,0.5916361212730408
034295,0.35546875,0.356842041015625,0.3039627969264984,0.2367708534002304
034296,0.940673828125,0.9458236694335938,0.5046601295471191,0.46625062823295593
034300,0.2122395932674408,0.24286827445030212,0.23532335460186005,0.2850496172904968
034301,0.701171875,0.7097325325012207,0.5150786638259888,0.6987854838371277
034302,0.9673665165901184,0.9677597880363464,1.0,0.9944354295730591
034304,0.968017578125,0.968056857585907,1.0,0.9147483110427856
034307,0.966796875,0.9676032066345215,0.7653606534004211,0.8960158824920654
034311,0.946533203125,0.9528632164001465,0.6577322483062744,0.8492989540100098
034312,0.962158203125,0.9625357389450073,0.8420895934104919,0.7931035161018372
034315,0.94140625,0.9505728483200073,0.5900454521179199,0.832288384437561
034316,0.959228515625,0.9598329663276672,0.7631344795227051,0.9102643728256226
034317,0.956298828125,0.9610472321510315,0.7169486284255981,0.7815691828727722
034319,0.4700520932674408,0.4714580774307251,0.500285804271698,0.5174079537391663
034320,0.5757649540901184,0.5824597477912903,0.5708760023117065,0.7372336983680725
034325,0.260498046875,0.41151052713394165,0.18348374962806702,0.6034048795700073
034327,0.712158203125,0.7125160098075867,0.7497180104255676,0.6584954261779785
034330,0.9673665165901184,0.9677861332893372,0.8748590350151062,0.907515823841095
034332,0.9673665165901184,0.9678982496261597,0.8748590350151062,0.9145565629005432
034333,0.9466145634651184,0.9552672505378723,0.5787770748138428,0.7947065234184265
034334,0.263671875,0.339486688375473,0.37880125641822815,0.6316551566123962
034335,0.619873046875,0.6256022453308105,0.5410870313644409,0.734277606010437
034336,0.556884765625,0.6187556385993958,0.5407800078392029,0.7558640241622925
034337,0.967041015625,0.9673945307731628,0.9284793138504028,0.8090155720710754
034338,0.47265625,0.47265625,0.8178747296333313,0.8178747296333313
034339,0.1458333432674408,0.18120932579040527,0.3367719352245331,0.4903096854686737
034341,0.568359375,0.5704280138015747,0.6776539087295532,0.6922503709793091
034342,0.9673665165901184,0.9676681160926819,0.8748590350151062,0.8900943994522095
034347,0.956298828125,0.9599523544311523,0.8195018768310547,0.8632974624633789
034348,0.706298828125,0.7111729979515076,0.6245770454406738,0.7381020784378052
034351,0.951171875,0.9587631821632385,0.6074502468109131,0.7550476789474487
034352,0.94140625,0.9468612670898438,0.5162065625190735,0.560027539730072
034354,0.212890625,0.24859619140625,0.67329341173172,0.8453658819198608
034356,0.1875,0.3096923828125,0.10728099197149277,0.21975556015968323
034358,0.967041015625,0.9678131341934204,0.8122885227203369,0.9004897475242615
034362,0.633056640625,0.6365601420402527,0.5862115621566772,0.635481059551239
034363,0.344482421875,0.3951987028121948,0.2789551615715027,0.5104544758796692
034364,0.580322265625,0.6431281566619873,0.4618985950946808,0.7016172409057617
034365,0.939453125,0.942657470703125,0.7848228216171265,0.8767396211624146
034368,0.5694172978401184,0.572857677936554,0.4993056654930115,0.532608151435852
034369,0.5757649540901184,0.5828036665916443,0.49943602085113525,0.7205275893211365
034371,0.94140625,0.9447536468505859,0.8970906734466553,0.9519225358963013
034374,0.619873046875,0.619873046875,0.5410870313644409,0.47553887963294983
034375,0.4375,0.490234375,0.33466389775276184,0.5419629216194153
034376,0.567138671875,0.6053739786148071,0.4261382520198822,0.43269842863082886
034378,0.9388020634651184,0.9474219083786011,0.5969816446304321,0.817593514919281
034379,0.951904296875,0.9599664211273193,0.6230928897857666,0.8420791625976562
034380,0.0,0.1339634507894516,0.0,0.15304140746593475
034383,0.09375,0.17396557331085205,0.05921638384461403,0.16850972175598145
034384,0.968017578125,0.9680452346801758,1.0,0.7402907609939575
034385,0.701171875,0.7069196701049805,0.5887562036514282,0.6244540810585022
034389,0.966796875,0.9672487378120422,0.7653606534004211,0.6779122948646545
034390,0.568359375,0.5793337821960449,0.4457148313522339,0.7112798690795898
034391,0.947998046875,0.955218493938446,0.5985158681869507,0.7967060804367065
034393,0.5757649540901184,0.5813328623771667,0.49943602085113525,0.593234121799469
034395,0.263671875,0.34884339570999146,0.15307211875915527,0.29953616857528687
034396,0.455078125,0.4863303005695343,0.5907889604568481,0.6708616614341736
034397,0.956298828125,0.956298828125,1.0,0.6976874470710754
034399,0.0,0.0078125,0.0,0.025549540296196938
034400,0.946533203125,0.9566298723220825,0.575423002243042,0.7738840579986572
034401,0.968017578125,0.9680595993995667,1.0,0.9534912109375
034402,0.9466145634651184,0.9543240666389465,0.5787770748138428,0.8013342618942261
034403,0.943115234375,0.9489297866821289,0.6597968339920044,0.792657732963562
034404,0.9466145634651184,0.9504243731498718,0.8072783350944519,0.8967399001121521
034405,0.12109375,0.2109527587890625,0.24055138230323792,0.5384505987167358
034406,0.503173828125,0.5135979056358337,0.3920743465423584,0.547886073589325
034407,0.962158203125,0.9625198245048523,0.8420895934104919,0.7922914028167725
034408,0.0,0.0,0.0,0.0
034409,0.966796875,0.9670817255973816,0.8748388290405273,0.6962750554084778
034410,0.94140625,0.951804518699646,0.5162065625190735,0.6824449896812439
034415,0.953369140625,0.9573123455047607,0.6543781161308289,0.6710794568061829
034417,0.962158203125,0.962547779083252,0.8420895934104919,0.9027621746063232
034418,0.967041015625,0.9674885869026184,0.8122885227203369,0.8149352669715881
034420,0.712158203125,0.712158203125,0.8569586873054504,0.8569586873054504
034421,0.09375,0.169921875,0.10290931165218353,0.3309040665626526
034422,0.505615234375,0.505615234375,0.6878681778907776,0.6878681778907776
034423,0.967041015625,0.9677361845970154,0.8122885227203369,0.9195287227630615
034425,0.1875,0.2906494140625,0.20111946761608124,0.3841775953769684
034432,0.967041015625,0.9676118493080139,0.8122885227203369,0.7820645570755005
034433,0.9444172978401184,0.9541787505149841,0.6219719052314758,0.8313746452331543
034435,0.0,0.159755676984787,0.0,0.35485711693763733
034437,0.9375,0.9499540328979492,0.4692787230014801,0.7692381739616394
034438,0.260498046875,0.3366513252258301,0.16052241623401642,0.296848863363266
034439,0.0,0.008928571827709675,0.0,0.03893350437283516
034441,0.48828125,0.4892200231552124,0.5307213068008423,0.5658034682273865
034443,0.659423828125,0.6625088453292847,0.6764605641365051,0.7867650985717773
034444,0.571533203125,0.5796071887016296,0.43686550855636597,0.4314071834087372
034445,0.95703125,0.9573604464530945,0.7039180397987366,0.6753391623497009
034448,0.1875,0.3056432604789734,0.20111946761608124,0.6267312169075012
034449,0.967041015625,0.9675544500350952,0.8122885227203369,0.7220418453216553
034450,0.9668782353401184,0.9674955606460571,0.7810032963752747,0.888903021812439
034451,0.488037109375,0.5914260149002075,0.3265250623226166,0.5525919198989868
034454,0.968017578125,0.9680597186088562,1.0,0.8662239909172058
034457,0.3599446713924408,0.450418621301651,0.26257050037384033,0.49596527218818665
034458,0.957763671875,0.9586494565010071,0.7236568927764893,0.8777011036872864
034460,0.962158203125,0.9625921845436096,0.8420895934104919,0.8961349129676819
034461,0.4700520932674408,0.47680410742759705,0.4347934126853943,0.47532570362091064
034462,0.956298828125,0.9611707329750061,0.7169486284255981,0.8545252680778503
034463,0.4778645932674408,0.4861631989479065,0.4635950028896332,0.6981170177459717
034464,0.0,0.11367187649011612,0.0,0.1521153748035431
034470,0.21875,0.2373875230550766,0.42495885491371155,0.5295875668525696
034471,0.197998046875,0.348991721868515,0.13742950558662415,0.6116594672203064
034472,0.4375,0.48298341035842896,0.5419421792030334,0.740253746509552
034473,0.956298828125,0.9611700177192688,0.7169486284255981,0.8794804215431213
034474,0.966796875,0.9672463536262512,0.8748388290405273,0.8086208701133728
034475,0.556884765625,0.6052285432815552,0.5407800078392029,0.7142983675003052
034476,0.9673665165901184,0.9677257537841797,1.0,0.9356482625007629
034478,0.1458333432674408,0.17703206837177277,0.3367719352245331,0.5389444828033447
034479,0.706298828125,0.710358202457428,0.6245770454406738,0.8325625658035278
034480,0.490234375,0.5623153448104858,0.38805168867111206,0.6378523707389832
034481,0.267578125,0.3610053062438965,0.23635835945606232,0.43603384494781494
034482,0.39453125,0.3971405029296875,0.5199966430664062,0.6259333491325378
034483,0.966796875,0.9672576785087585,0.8748388290405273,0.7632770538330078
034484,0.943115234375,0.9516209959983826,0.6126077175140381,0.780034601688385
034485,0.9375,0.9486480951309204,0.6545500159263611,0.8891220092773438
034487,0.951904296875,0.9583637118339539,0.6230928897857666,0.8444147706031799
034488,0.951171875,0.9566758871078491,0.694340705871582,0.8287964463233948
034489,0.9466145634651184,0.9532538056373596,0.6615661382675171,0.855454683303833
034493,0.9375,0.9521891474723816,0.5364049673080444,0.6504345536231995
034495,0.1875,0.30957186222076416,0.2886616587638855,0.67802494764328
034499,0.4375,0.48896151781082153,0.30545666813850403,0.4110228419303894
034500,0.962158203125,0.9625066518783569,0.9625431895256042,0.9587681889533997
034501,0.432373046875,0.4359903335571289,0.5636333227157593,0.6574097275733948
034502,0.659423828125,0.6613147854804993,0.8254533410072327,0.8162996768951416
034503,0.1458333432674408,0.22870630025863647,0.23463937640190125,0.5008653998374939
034504,0.633056640625,0.6382608413696289,0.5128524899482727,0.7116155028343201
034506,0.9375,0.9459519386291504,0.5777241587638855,0.8050813674926758
034507,0.0,0.24064941704273224,0.0,0.39384129643440247
034508,0.393798828125,0.483547568321228,0.31885725259780884,0.5698736906051636
034509,0.701904296875,0.7050588130950928,0.7402501106262207,0.8260228633880615
034510,0.499755859375,0.587245523929596,0.293855756521225,0.4669369161128998
034512,0.44140625,0.450947105884552,0.3754834830760956,0.6392611861228943
034514,0.0,0.19220733642578125,0.0,0.2176213562488556
034515,0.263671875,0.2884277403354645,0.7653606534004211,0.9469023942947388
034516,0.94140625,0.9437335133552551,0.8970906734466553,0.9370872378349304
034517,0.962158203125,0.9626359939575195,0.8420895934104919,0.938331127166748
034518,0.94140625,0.94140625,0.7888506054878235,0.7888506054878235
034519,0.956298828125,0.9597753286361694,1.0,0.9257952570915222
034520,0.951904296875,0.9557586312294006,0.6230928897857666,0.551898717880249
034524,0.212890625,0.228759765625,0.3493700623512268,0.3434450924396515
034525,0.518798828125,0.5653344988822937,0.8046129941940308,0.9268096089363098
034526,0.967041015625,0.9672145843505859,0.9284793138504028,0.9629553556442261
034527,0.659423828125,0.6630523800849915,0.6764605641365051,0.7963917851448059
034528,0.388427734375,0.3999594449996948,0.3251410126686096,0.5500664710998535
034532,0.455078125,0.5579534769058228,0.2728845775127411,0.4989452362060547
034533,0.701171875,0.7066645622253418,0.7184317708015442,0.7050449252128601
034534,0.633056640625,0.6400125622749329,0.5862115621566772,0.7726097106933594
034536,0.46875,0.46875,0.3384338617324829,0.2602003216743469
034538,0.953369140625,0.957499623298645,0.7479812502861023,0.8775365352630615
034539,0.1458333432674408,0.2787279486656189,0.12516115605831146,0.3091026544570923
034540,0.499755859375,0.5372467041015625,0.629690945148468,0.7291638851165771
034541,0.94140625,0.9534623622894287,0.5162065625190735,0.529492974281311
034542,0.571533203125,0.578127920627594,0.49935534596443176,0.650694727897644
034543,0.510498046875,0.5182228088378906,0.49935534596443176,0.6221399307250977
034544,0.946533203125,0.951221764087677,0.6577322483062744,0.6970241665840149
034545,0.951904296875,0.9566751718521118,0.8690900206565857,0.9780418276786804
034546,0.9668782353401184,0.9676854014396667,0.7810032963752747,0.9221111536026001
034547,0.580322265625,0.6188082098960876,0.5636333227157593,0.6264263391494751
034550,0.508056640625,0.510291576385498,0.5334192514419556,0.531499981880188
034553,0.606689453125,0.6243482828140259,0.6509066820144653,0.5972146391868591
034555,0.5694172978401184,0.5809726715087891,0.4055802822113037,0.6143167018890381
034556,0.951171875,0.95172119140625,0.694340705871582,0.681151807308197
034558,0.3599446713924408,0.4486835300922394,0.36623337864875793,0.5370448231697083
034559,0.0625,0.25595876574516296,0.053640495985746384,0.30457133054733276
034562,0.606689453125,0.6458143591880798,0.46666663885116577,0.7697890996932983
034563,0.959228515625,0.9600045084953308,0.7631344795227051,0.8494848608970642
034564,0.606689453125,0.6178131103515625,0.6509066820144653,0.5617406964302063
034565,0.9673665165901184,0.9677510857582092,0.8748590350151062,0.7729922533035278
034566,0.703369140625,0.7038154602050781,0.6423966884613037,0.6205421090126038
034567,0.212890625,0.260498046875,0.386565625667572,0.6349831223487854
034570,0.943359375,0.9475250244140625,0.8076295852661133,0.843553364276886
034573,0.943115234375,0.9474680423736572,0.819014847278595,0.8779029250144958
034574,0.9673665165901184,0.967400848865509,1.0,0.9578917622566223
034575,0.962158203125,0.9626995325088501,0.8420895934104919,0.8601651191711426
034577,0.2122395932674408,0.27969223260879517,0.1687147468328476,0.302641898393631
034578,0.706298828125,0.706298828125,0.871160089969635,0.8246655464172363
034580,0.488037109375,0.5636720061302185,0.2856633961200714,0.544910192489624
034581,0.701171875,0.7097586393356323,0.5150786638259888,0.7849438190460205
034582,0.431884765625,0.4794008135795593,0.3415256440639496,0.5834202766418457
034589,0.9444172978401184,0.9559239745140076,0.544137716293335,0.8496584296226501
034590,0.953369140625,0.9579311609268188,0.7479812502861023,0.7756659388542175
034594,0.962158203125,0.9625312089920044,0.8420895934104919,0.692797064781189
034596,0.501953125,0.5157961845397949,0.3273671567440033,0.39588817954063416
034597,0.9507649540901184,0.956373393535614,0.6379934549331665,0.7674217224121094
034600,0.712158203125,0.7125262022018433,0.8569586873054504,0.815742552280426
034602,0.560546875,0.5685806274414062,0.7653606534004211,0.7756045460700989
034603,0.508056640625,0.5106446146965027,0.5334192514419556,0.49869203567504883
034604,0.490234375,0.5766848921775818,0.42515653371810913,0.6925927400588989
034605,0.957763671875,0.9581156969070435,0.8271697163581848,0.7503267526626587
034607,0.02083333395421505,0.18963369727134705,0.021818332374095917,0.4430581331253052
034609,0.374755859375,0.3850371539592743,0.8428282141685486,0.8501710295677185
034610,0.490234375,0.5583969950675964,0.3180091083049774,0.5028738975524902
034611,0.9466145634651184,0.9466145634651184,0.6615661382675171,0.5322932600975037
034612,0.02083333395421505,0.135208860039711,0.028747543692588806,0.3583078384399414
034613,0.9466145634651184,0.9551400542259216,0.6615661382675171,0.8792561292648315
034616,0.580322265625,0.6111571788787842,0.4040961265563965,0.3574979305267334
034617,0.956298828125,0.9598997831344604,0.7169486284255981,0.8090190291404724
034618,0.61328125,0.620570719242096,0.4536360800266266,0.6341843605041504
034619,0.5757649540901184,0.5826102495193481,0.5708760023117065,0.7496107816696167
034621,0.34765625,0.35872992873191833,0.293855756521225,0.5301095843315125
034622,0.962158203125,0.9625255465507507,0.8420895934104919,0.909447968006134
034623,0.956298828125,0.9611237645149231,0.7169486284255981,0.8348290920257568
034625,0.9507649540901184,0.9562997817993164,0.7292529344558716,0.8613062500953674
034626,0.47265625,0.4804033637046814,0.3920743465423584,0.4742070734500885
034627,0.967041015625,0.9672220349311829,1.0,0.9173315763473511
034628,0.1458333432674408,0.22131149470806122,0.23463937640190125,0.5003679990768433
034630,0.300537109375,0.31926658749580383,0.6655102372169495,0.7096623182296753
034631,0.323974609375,0.4118058979511261,0.2550044059753418,0.6088977456092834
034632,0.584228515625,0.5847768783569336,0.6245770454406738,0.6907357573509216
034633,0.388427734375,0.3975565731525421,0.3716495931148529,0.6536656618118286
034642,0.9507649540901184,0.9552605748176575,0.6379934549331665,0.5959044694900513
034643,0.968017578125,0.9680483937263489,1.0,0.8382020592689514
034644,0.957763671875,0.9584525227546692,0.7236568927764893,0.8564505577087402
034645,0.703369140625,0.7096467018127441,0.5620065331459045,0.7841274738311768
034646,0.1875,0.26180726289749146,0.2886616587638855,0.4905944764614105
034647,0.304931640625,0.34790122509002686,1.0,0.9843795895576477
034648,0.300537109375,0.3444836437702179,0.5354781746864319,0.6335009932518005
034649,0.956298828125,0.9593846201896667,1.0,0.9554014801979065
034650,0.9668782353401184,0.9676374197006226,0.7810032963752747,0.8311460018157959
034651,0.3125,0.322670042514801,0.2682024836540222,0.46820130944252014
034652,0.08984375,0.12815284729003906,0.3333333134651184,0.6076012253761292
034653,0.959228515625,0.9597145915031433,0.7631344795227051,0.8261971473693848
034655,0.267578125,0.3948979377746582,0.23635835945606232,0.5616274476051331
034658,0.951171875,0.9597238302230835,0.6074502468109131,0.7966250777244568
034659,0.659423828125,0.663711428642273,0.6764605641365051,0.7758231163024902
034660,0.968017578125,0.9680445790290833,1.0,0.751767098903656
034662,0.953369140625,0.9592097997665405,0.6543781161308289,0.6788066625595093
034663,0.943359375,0.9475448727607727,0.7371450066566467,0.6580819487571716
034666,0.9673665165901184,0.9676413536071777,0.8748590350151062,0.7691678404808044
034667,0.939453125,0.9412841796875,0.8987017273902893,0.9601421356201172
034668,0.966796875,0.9672927856445312,0.8748388290405273,0.9385455846786499
034675,0.9507649540901184,0.9538819789886475,0.8898733854293823,0.8633192181587219
034676,0.0,0.16504015028476715,0.0,0.4672852158546448
034678,0.956298828125,0.956298828125,1.0,0.7189018130302429
034680,0.0,0.09416504204273224,0.0,0.40343165397644043
034682,0.0,0.0,0.0,0.0
034683,0.432373046875,0.4386214017868042,0.4040961265563965,0.6386221647262573
034684,0.968017578125,0.9680471420288086,1.0,0.8751075267791748
034685,0.21875,0.3256109356880188,0.15793579816818237,0.4415431618690491
034686,0.701171875,0.7044943571090698,0.7184317708015442,0.7861917018890381
034688,0.701171875,0.7030748724937439,0.7184317708015442,0.7354756593704224
034690,0.365234375,0.3985595703125,0.5741883516311646,0.6974650621414185
034692,0.947998046875,0.9544607996940613,0.6841284036636353,0.7934077382087708
034693,0.943359375,0.9444192051887512,0.8076295852661133,0.6937643885612488
034695,0.9466145634651184,0.9551977515220642,0.5787770748138428,0.7004361748695374
034696,0.951904296875,0.9559638500213623,0.6230928897857666,0.6153391003608704
034697,0.962158203125,0.962158203125,0.9625431895256042,0.9625431895256042
034698,0.490234375,0.5581898093223572,0.42515653371810913,0.6877574324607849
034700,0.431884765625,0.47835224866867065,0.4763599932193756,0.6846518516540527
034701,0.712158203125,0.7126302719116211,0.7497180104255676,0.8698431253433228
034702,0.0,0.015625,0.0,0.10425657033920288
034703,0.959228515625,0.9599250555038452,0.7631344795227051,0.8735380172729492
034704,0.953369140625,0.953369140625,1.0,1.0
034707,0.943359375,0.95317143201828,0.6040917634963989,0.8248127698898315
034708,0.943115234375,0.9502843022346497,0.7475366592407227,0.8242701292037964
034711,0.947998046875,0.9503412246704102,0.8348100185394287,0.8757401704788208
034714,0.5757649540901184,0.5826698541641235,0.5708760023117065,0.7024250030517578
034715,0.967041015625,0.9672099351882935,0.9284793138504028,0.825721800327301
034716,0.966796875,0.966796875,0.7653606534004211,0.5261971950531006
034719,0.03125,0.03125,0.036275364458560944,0.036275364458560944
034720,0.95703125,0.9577963948249817,0.7039180397987366,0.754360020160675
034721,0.951171875,0.9545850157737732,0.694340705871582,0.6578899621963501
034723,0.9388020634651184,0.9511471390724182,0.48492133617401123,0.7042847275733948
034724,0.951171875,0.9597085118293762,0.694340705871582,0.838817298412323
034725,0.571533203125,0.5798101425170898,0.49935534596443176,0.647663950920105
034726,0.962158203125,0.9625300168991089,0.8420895934104919,0.7904359102249146
034727,0.0625,0.12783145904541016,0.15642623603343964,0.5007900595664978
034732,0.5757649540901184,0.576836109161377,0.5708760023117065,0.47081857919692993
034735,0.9668782353401184,0.9673104286193848,0.892719030380249,0.8685702085494995
034736,0.943115234375,0.9516063332557678,0.5359453558921814,0.5880120396614075
034737,0.956298828125,0.9580338597297668,1.0,0.8542733192443848
034738,0.703369140625,0.7087249755859375,0.5620065331459045,0.608022153377533
034739,0.701171875,0.7058893442153931,0.5887562036514282,0.589915931224823
034743,0.567138671875,0.6067143678665161,0.7988805174827576,0.7822438478469849
034745,0.9375,0.9375,0.5364049673080444,0.48744434118270874
034746,0.02083333395421505,0.16388623416423798,0.017880165949463844,0.32332172989845276
034752,0.619873046875,0.6264147758483887,0.5410870313644409,0.7330899834632874
034753,0.508056640625,0.5091277956962585,0.7131452560424805,0.7239137887954712
034756,0.951904296875,0.9567051529884338,0.8690900206565857,0.8641515970230103
034757,0.943359375,0.9449462890625,0.9184463024139404,0.9765462875366211
034759,0.706298828125,0.7087752223014832,0.7139173746109009,0.6656330227851868
034760,0.9388020634651184,0.9502372145652771,0.48492133617401123,0.6863555908203125
034761,0.1875,0.24699164927005768,0.20111946761608124,0.373493492603302
034763,0.9507649540901184,0.955283522605896,0.7292529344558716,0.70746248960495
034764,0.712158203125,0.7125378847122192,0.7497180104255676,0.7607391476631165
034767,0.967041015625,0.9677032828330994,0.8122885227203369,0.8845802545547485
034769,0.956298828125,0.9606471657752991,0.7169486284255981,0.8849984407424927
034770,0.9673665165901184,0.967641294002533,1.0,0.9014590382575989
034771,0.946533203125,0.9553976058959961,0.6577322483062744,0.7180674076080322
034775,0.962158203125,0.9625881910324097,0.8420895934104919,0.74106764793396
034779,0.431884765625,0.431884765625,0.8451594114303589,0.8451594114303589
034781,0.9388020634651184,0.9470875263214111,0.48492133617401123,0.47796523571014404
034783,0.08984375,0.15182483196258545,0.16497723758220673,0.31941932439804077
034784,0.0,0.15671148896217346,0.0,0.39760932326316833
034785,0.228759765625,0.40147799253463745,0.12923716008663177,0.4097962975502014
034787,0.568359375,0.5708058476448059,0.5958904027938843,0.5907122492790222
034791,0.12109375,0.2847442626953125,0.10909166932106018,0.46014833450317383
034792,0.9466145634651184,0.9519017338752747,0.6615661382675171,0.6437932848930359
034793,0.03125,0.16419784724712372,0.02753167226910591,0.2612149715423584
034794,0.619873046875,0.625442624092102,0.5410870313644409,0.5759882926940918
034798,0.432373046875,0.4403683543205261,0.4040961265563965,0.625359833240509
034801,0.61328125,0.6219466328620911,0.4536360800266266,0.7613917589187622
034802,0.23828125,0.3294250965118408,0.14078360795974731,0.4028981029987335
034804,0.44921875,0.5764872431755066,0.23463936150074005,0.4305891692638397
034805,0.32421875,0.33363378047943115,0.35480669140815735,0.5895098447799683
034806,0.4375,0.5592558979988098,0.30545666813850403,0.6474271416664124
034807,0.701171875,0.7032181024551392,0.7184317708015442,0.8121435046195984
034808,0.1458333432674408,0.2117513120174408,0.17573362588882446,0.40457555651664734
034810,0.9444172978401184,0.9502076506614685,0.7589633464813232,0.7604271173477173
034811,0.9466145634651184,0.9540136456489563,0.5787770748138428,0.799577534198761
034813,0.450927734375,0.46000412106513977,0.39804574847221375,0.5194687247276306
034814,0.9668782353401184,0.9677600264549255,0.7810032963752747,0.8003334999084473
034815,0.508056640625,0.5125676393508911,0.5334192514419556,0.6908586025238037
034817,0.951171875,0.9572047591209412,0.694340705871582,0.7595647573471069
034818,0.701171875,0.701904296875,0.7871269583702087,0.830302894115448
034820,0.263671875,0.387451171875,0.2660166919231415,0.5815094709396362
034821,0.520263671875,0.5206295847892761,0.5620065331459045,0.4993301331996918
034822,0.0625,0.2588246464729309,0.04692786931991577,0.30648913979530334
034823,0.48828125,0.4887832701206207,0.5307213068008423,0.47398290038108826
034824,0.47265625,0.4806503355503082,0.3430097699165344,0.3768603801727295
034825,0.9673665165901184,0.9677301049232483,1.0,0.9668431878089905
034826,0.951171875,0.9597125053405762,0.6074502468109131,0.7311549186706543
034827,0.44140625,0.44523993134498596,0.501995861530304,0.5364139676094055
034828,0.568359375,0.5712224245071411,0.5438850522041321,0.49172505736351013
034829,0.962158203125,0.9623569250106812,0.8420895934104919,0.7007912397384644
034830,0.450927734375,0.45861077308654785,0.48571667075157166,0.6266611218452454
034831,0.951904296875,0.9542860984802246,0.9521908760070801,0.9859161972999573
034833,0.706298828125,0.7110363841056824,0.7139173746109009,0.7726062536239624
034836,0.388427734375,0.3963473439216614,0.3716495931148529,0.4492550492286682
034837,0.659423828125,0.6623404026031494,0.6764605641365051,0.7001692652702332
034840,0.47265625,0.48455810546875,0.3430097699165344,0.48220834136009216
034841,0.9507649540901184,0.9558840990066528,0.7292529344558716,0.8115755319595337
034845,0.166259765625,0.166259765625,0.8213136792182922,0.8213136792182922
034846,0.947998046875,0.9534666538238525,0.5985158681869507,0.5973121523857117
034850,0.9444172978401184,0.9532814025878906,0.544137716293335,0.6864663362503052
034851,0.9466145634651184,0.9515527486801147,0.6615661382675171,0.6961683630943298
034852,0.0625,0.285888671875,0.03128524869680405,0.2068658173084259
034854,0.556884765625,0.6198943853378296,0.3877114951610565,0.7192124128341675
034858,0.9673665165901184,0.9679000377655029,0.8748590350151062,0.9432898759841919
034859,0.633056640625,0.6373855471611023,0.715326726436615,0.6996680498123169
034860,0.0625,0.2619180381298065,0.04692786931991577,0.4316242039203644
034861,0.508056640625,0.5148699879646301,0.5334192514419556,0.6365156173706055
034862,0.962158203125,0.9623742699623108,0.9625431895256042,0.8762893676757812
034865,0.951171875,0.9581544995307922,0.6074502468109131,0.7347572445869446
034866,0.9673665165901184,0.9677186608314514,1.0,0.8972020149230957
034869,0.3059895932674408,0.39344000816345215,0.2836383283138275,0.5794448256492615
034872,0.9668782353401184,0.9674590826034546,0.7810032963752747,0.6546962261199951
034873,0.94140625,0.9427664875984192,0.7200049757957458,0.6898156404495239
034876,0.0,0.15512695908546448,0.0,0.37633004784584045
034877,0.9668782353401184,0.9675953984260559,0.7810032963752747,0.8897848129272461
034880,0.4375,0.4375,0.4692787528038025,0.4692787528038025
034888,0.300537109375,0.38712018728256226,0.3306722342967987,0.6287615299224854
034889,0.508056640625,0.510523796081543,0.6509066820144653,0.621380627155304
034891,0.9388020634651184,0.9442232847213745,0.5542851090431213,0.644209623336792
034892,0.9673665165901184,0.9678457379341125,0.8748590350151062,0.8548354506492615
034894,0.966796875,0.9674420952796936,0.8748388290405273,0.867884635925293
034895,0.9673665165901184,0.9675971865653992,1.0,0.8521350026130676
034896,0.951171875,0.9559595584869385,0.694340705871582,0.7459102869033813
034897,0.0,0.1388346403837204,0.0,0.23568081855773926
034898,0.712158203125,0.7123081088066101,0.8569586873054504,0.8453644514083862
034900,0.393798828125,0.48436790704727173,0.2789551615715027,0.5913459062576294
034901,0.967041015625,0.9673834443092346,0.8122885227203369,0.7480728626251221
034902,0.951171875,0.9596763253211975,0.694340705871582,0.7541553974151611
034904,0.46875,0.46875,0.4524630308151245,0.4524630308151245
034905,0.560546875,0.63470458984375,0.4981783330440521,0.7800776362419128
034906,0.508056640625,0.5133932828903198,0.5334192514419556,0.6520808935165405
034907,0.571533203125,0.5799519419670105,0.49935534596443176,0.7247775197029114
034908,0.95703125,0.957966685295105,0.7039180397987366,0.6901828646659851
034909,0.968017578125,0.968017578125,1.0,0.687515377998352
034911,0.712158203125,0.7125813364982605,0.7497180104255676,0.7758381366729736
034915,0.967041015625,0.9674750566482544,0.9284793138504028,0.8798502087593079
034917,0.951171875,0.9574908018112183,0.694340705871582,0.8104059100151062
034923,0.9668782353401184,0.9674407839775085,0.892719030380249,0.8216667175292969
034924,0.9673665165901184,0.9675121307373047,0.8748590350151062,0.7078230977058411
034925,0.9466145634651184,0.9535666108131409,0.5787770748138428,0.7655975818634033
034927,0.4700520932674408,0.4803827106952667,0.4347934126853943,0.6300089955329895
034929,0.939453125,0.950780987739563,0.489017516374588,0.5336421132087708
034932,0.365234375,0.47235107421875,0.3236317038536072,0.5732133388519287
034933,0.9507649540901184,0.9543573260307312,0.7292529344558716,0.709283173084259
034935,0.633056640625,0.6375452876091003,0.5862115621566772,0.6217589378356934
034937,0.956298828125,0.9582639932632446,0.8195018768310547,0.7297143936157227
034938,0.9668782353401184,0.9676837921142578,0.7810032963752747,0.8958445191383362
034939,0.943115234375,0.9489948749542236,0.6126077175140381,0.6522286534309387
034940,0.956298828125,0.9572257995605469,1.0,1.0
034942,0.9673665165901184,0.9673665165901184,1.0,0.8605496287345886
034944,0.946533203125,0.9535409808158875,0.575423002243042,0.6772144436836243
034945,0.946533203125,0.9565074443817139,0.575423002243042,0.7901769876480103
034946,0.488037109375,0.5721267461776733,0.3265250623226166,0.5060313940048218
034949,0.968017578125,0.9680448174476624,1.0,0.8649192452430725
034950,0.3599446713924408,0.3888791799545288,0.36623337864875793,0.3976614475250244
034952,0.469970703125,0.47800734639167786,0.3877114951610565,0.51278156042099
034954,0.951171875,0.9568080902099609,0.6074502468109131,0.6897739768028259
034955,0.61328125,0.6174571514129639,0.5185247659683228,0.5060202479362488
034956,0.959228515625,0.9599946141242981,0.7631344795227051,0.7808398008346558
034959,0.962158203125,0.9623107314109802,0.9625431895256042,0.7776303887367249
034963,0.150390625,0.3353641927242279,0.10344710201025009,0.4143404960632324
034965,0.959228515625,0.9596781730651855,0.8722942471504211,0.8939052224159241
034973,0.701904296875,0.7070669531822205,0.7402501106262207,0.8092215061187744
034974,0.953369140625,0.9562848806381226,0.912726640701294,0.9161986708641052
034975,0.02083333395421505,0.24823077023029327,0.015642624348402023,0.3014476001262665
034978,0.966796875,0.9668239951133728,0.7653606534004211,0.5716931223869324
034979,0.9673665165901184,0.9677521586418152,1.0,0.9767027497291565
034983,0.968017578125,0.9680567979812622,1.0,0.913469135761261
034985,0.9673665165901184,0.9676886200904846,0.8748590350151062,0.8325541615486145
034986,0.703369140625,0.7080768942832947,0.5620065331459045,0.6370697021484375
034987,0.967041015625,0.96769118309021,0.8122885227203369,0.933973491191864
034991,0.30078125,0.3186202943325043,0.3454500138759613,0.33304497599601746
034992,0.9375,0.9492444396018982,0.5364049673080444,0.7189339399337769
034993,0.966796875,0.9675481915473938,0.7653606534004211,0.935250997543335
034994,0.9673665165901184,0.9676629304885864,0.8748590350151062,0.7697523236274719
034996,0.393798828125,0.4842558801174164,0.38908666372299194,0.7038725018501282
034997,0.940673828125,0.9527513980865479,0.5046601295471191,0.7345843315124512
034998,0.966796875,0.9674668908119202,0.7653606534004211,0.7339339852333069
034999,0.951171875,0.9558802843093872,0.6074502468109131,0.641815721988678
035000,0.712158203125,0.7124820351600647,0.7497180104255676,0.7293211221694946
035003,0.568359375,0.575478196144104,0.4457148313522339,0.4900839924812317
035004,0.300537109375,0.37154674530029297,0.24733662605285645,0.37328040599823
035009,0.967041015625,0.967595100402832,0.9284793138504028,0.944580078125
035010,0.968017578125,0.9680575132369995,1.0,0.8940286636352539
035011,0.1458333432674408,0.2824738621711731,0.12516115605831146,0.4256885349750519
035012,0.9444172978401184,0.9534666538238525,0.7589633464813232,0.9017472863197327
035013,0.951904296875,0.9599269032478333,0.7122209072113037,0.9109140038490295
035014,0.956298828125,0.9580755233764648,1.0,0.7850091457366943
035016,0.703369140625,0.7103421688079834,0.5620065331459045,0.8208489418029785
035022,0.956298828125,0.9591108560562134,1.0,0.9070534706115723
035024,0.951904296875,0.959912121295929,0.6230928897857666,0.8460822105407715
035026,0.966796875,0.9671050310134888,0.9422276020050049,0.9100973010063171
035029,0.388427734375,0.39801162481307983,0.3716495931148529,0.6269345283508301
035033,0.962158203125,0.962587296962738,0.8420895934104919,0.8422588109970093
035036,0.956298828125,0.9577552080154419,1.0,0.9468315243721008
035038,0.959228515625,0.9593475461006165,0.7631344795227051,0.7134122252464294
035042,0.47265625,0.4730089008808136,0.4784300625324249,0.4322933852672577
035044,0.968017578125,0.968076765537262,1.0,0.925575315952301
035045,0.606689453125,0.6345475912094116,0.5334192514419556,0.6008294224739075
035047,0.943115234375,0.954497754573822,0.5359453558921814,0.5390723347663879
035050,0.9375,0.9460414052009583,0.4692787230014801,0.4869201183319092
035052,0.967041015625,0.9675741195678711,0.9284793138504028,0.8406993746757507
035055,0.968017578125,0.9680549502372742,1.0,0.9258930683135986
035057,0.712158203125,0.7126903533935547,0.7497180104255676,0.7958732843399048
035061,0.953369140625,0.9603481888771057,0.6543781161308289,0.8986921310424805
035063,0.962158203125,0.9624003171920776,0.9625431895256042,0.8838592171669006
035064,0.5757649540901184,0.5794035792350769,0.6966133713722229,0.7918989062309265
035067,0.567138671875,0.595809817314148,0.9225797057151794,0.8801674246788025
035068,0.962158203125,0.9625294804573059,0.8420895934104919,0.8672196269035339
035072,0.94140625,0.949836254119873,0.5162065625190735,0.6227445602416992
035076,0.505615234375,0.5148137807846069,0.37429502606391907,0.6058785319328308
035078,0.9673665165901184,0.9677340388298035,0.8748590350151062,0.9025365710258484
035079,0.957763671875,0.9584779739379883,0.7236568927764893,0.7895485162734985
035080,0.967041015625,0.9677383303642273,0.8122885227203369,0.9233988523483276
035081,0.9673665165901184,0.9676864743232727,1.0,0.8971071839332581
035085,0.9444172978401184,0.952134907245636,0.544137716293335,0.4759388566017151
035092,0.9668782353401184,0.9672765731811523,0.892719030380249,0.7881110310554504
035098,0.951171875,0.9560933113098145,0.694340705871582,0.6599149703979492
035100,0.962158203125,0.9624994397163391,0.8420895934104919,0.7995972633361816
035101,0.943115234375,0.952558696269989,0.5359453558921814,0.6790705323219299
035104,0.962158203125,0.9623964428901672,0.9625431895256042,0.889300525188446
035105,0.706298828125,0.7110846042633057,0.6245770454406738,0.7225820422172546
035108,0.580322265625,0.6127203106880188,0.86592036485672,0.8886864185333252
035112,0.959228515625,0.9597029089927673,0.7631344795227051,0.692629337310791
035120,0.953369140625,0.9575280547142029,0.7479812502861023,0.7240481376647949
035121,0.951904296875,0.9576244354248047,0.7122209072113037,0.830085039138794
035123,0.520263671875,0.5210540890693665,0.5620065331459045,0.6596800088882446
035128,0.967041015625,0.9675768613815308,0.8122885227203369,0.751518726348877
035130,0.9507649540901184,0.9552059173583984,0.8898733854293823,0.8237977027893066
035135,0.34765625,0.35746559500694275,0.3358892798423767,0.5829098224639893
035137,0.61328125,0.6209231019020081,0.5185247659683228,0.6703030467033386
035138,0.560546875,0.6105095148086548,0.4082580804824829,0.4668373167514801
035140,0.962158203125,0.9624740481376648,0.8420895934104919,0.7629549503326416
035142,0.943115234375,0.951795756816864,0.6126077175140381,0.6908948421478271
035146,0.968017578125,0.9680520296096802,1.0,0.885229229927063
035149,0.556884765625,0.6079491376876831,0.4431702494621277,0.6327375769615173
035151,0.9507649540901184,0.9541427493095398,0.974961519241333,0.9539120197296143
035152,0.16796875,0.22564697265625,0.34665608406066895,0.5996443033218384
035154,0.30078125,0.3788319528102875,0.24766992032527924,0.5964973568916321
035155,0.946533203125,0.9555883407592773,0.575423002243042,0.7030066847801208
035158,0.962158203125,0.962505578994751,0.8420895934104919,0.7681217789649963
035160,0.968017578125,0.9680666923522949,1.0,0.8393142819404602
035162,0.956298828125,0.9611045122146606,0.7169486284255981,0.8043069243431091
035167,0.9507649540901184,0.9552527070045471,0.8898733854293823,0.8654192686080933
035168,0.947998046875,0.9545596241950989,0.5985158681869507,0.6391099691390991
035169,0.9668782353401184,0.9675207734107971,0.7810032963752747,0.7604917883872986
035170,0.703369140625,0.7054524421691895,0.7838867902755737,0.664641797542572
035172,0.9673665165901184,0.9677959084510803,0.8748590350151062,0.9125348925590515
035173,0.94140625,0.9525431394577026,0.5162065625190735,0.7288731336593628
035176,0.9444172978401184,0.9560502767562866,0.544137716293335,0.7253168225288391
035180,0.267578125,0.36172279715538025,0.23635835945606232,0.4415290355682373
035181,0.946533203125,0.9531835317611694,0.6577322483062744,0.8118841052055359
035187,0.968017578125,0.968048632144928,1.0,0.9768532514572144
035190,0.9668782353401184,0.9672543406486511,0.892719030380249,0.8523633480072021
035199,0.510498046875,0.5184964537620544,0.49935534596443176,0.7247269749641418
035202,0.956298828125,0.9610379338264465,0.8195018768310547,0.927163302898407
035203,0.9444172978401184,0.9525733590126038,0.6698823571205139,0.8406669497489929
035204,0.9668782353401184,0.9675957560539246,0.7810032963752747,0.8918631076812744
035206,0.959228515625,0.9597611427307129,0.7631344795227051,0.7920659184455872
035207,0.9444172978401184,0.9525108337402344,0.7589633464813232,0.7576413750648499
035211,0.953369140625,0.9589042067527771,0.7479812502861023,0.8818695545196533
035212,0.701904296875,0.7080475687980652,0.7402501106262207,0.7861043810844421
035214,0.9507649540901184,0.9556463956832886,0.7292529344558716,0.7838722467422485
035216,0.510498046875,0.5152295827865601,0.6093400716781616,0.6654532551765442
035221,0.947998046875,0.9505501985549927,0.9146330952644348,0.8279080390930176
035224,0.959228515625,0.9597386717796326,0.7631344795227051,0.7949973344802856
035225,0.9375,0.9481649994850159,0.4692787230014801,0.633823573589325
035228,0.9673665165901184,0.9677635431289673,1.0,0.9601262807846069
035232,0.701171875,0.7044267654418945,0.5150786638259888,0.464071124792099
035245,0.567138671875,0.6052060127258301,0.5199966430664062,0.5681105256080627
035248,0.968017578125,0.9680382609367371,1.0,0.715077817440033
035249,0.701904296875,0.7075662016868591,0.5307213068008423,0.6291163563728333
035256,0.962158203125,0.9626017808914185,0.8420895934104919,0.9174600839614868
035261,0.701904296875,0.7065860629081726,0.7402501106262207,0.7199047207832336
035271,0.957763671875,0.9583925008773804,0.7236568927764893,0.7605345249176025
035272,0.946533203125,0.9555554986000061,0.575423002243042,0.6829255819320679
035278,0.968017578125,0.968054473400116,1.0,0.8779179453849792
035279,0.9668782353401184,0.9673967361450195,0.7810032963752747,0.75401771068573
035281,0.4778645932674408,0.48515793681144714,0.4055802822113037,0.6887185573577881
035284,0.9507649540901184,0.9547045826911926,0.7292529344558716,0.6679468750953674
035285,0.953369140625,0.9578704833984375,0.7479812502861023,0.7624496817588806
035286,0.956298828125,0.9591194987297058,1.0,0.9462600946426392
035288,0.9673665165901184,0.9679000973701477,0.8748590350151062,0.8777364492416382
035289,0.939453125,0.9484553337097168,0.489017516374588,0.637004017829895
035293,0.488037109375,0.5466235876083374,0.6121358871459961,0.8516886234283447
035294,0.968017578125,0.9680482149124146,1.0,0.902126669883728
035295,0.712158203125,0.7126092314720154,0.7497180104255676,0.8391008973121643
035299,0.967041015625,0.967041015625,1.0,1.0
035300,0.968017578125,0.9680628180503845,1.0,0.9248422980308533
035305,0.947998046875,0.9543052315711975,0.5985158681869507,0.6573925018310547
035310,0.962158203125,0.9625239372253418,0.8420895934104919,0.776776909828186
035312,0.267578125,0.267578125,0.7098097205162048,0.7098097205162048
035314,0.943359375,0.9500134587287903,0.8076295852661133,0.8494395613670349
035315,0.531982421875,0.5887594223022461,0.48571667075157166,0.7316243648529053
035316,0.518798828125,0.5816905498504639,0.3716495931148529,0.6410053968429565
035320,0.9507649540901184,0.9578096270561218,0.6379934549331665,0.7774527072906494
035323,0.9673665165901184,0.9676780700683594,1.0,0.9061444997787476
035332,0.962158203125,0.9622611999511719,0.9625431895256042,0.8170863389968872
035333,0.951904296875,0.9573004245758057,0.7122209072113037,0.8357291221618652
035336,0.968017578125,0.9680524468421936,1.0,0.9484865069389343
035338,0.518798828125,0.6086148619651794,0.4535067081451416,0.7081554532051086
035344,0.228759765625,0.39849570393562317,0.19749616086483002,0.5262019038200378
035345,0.943115234375,0.9497298002243042,0.7475366592407227,0.7694061994552612
035347,0.9673665165901184,0.9678992033004761,0.8748590350151062,0.9579115509986877
035348,0.5694172978401184,0.5764818787574768,0.4055802822113037,0.587257981300354
035349,0.9375,0.9375,0.5364049673080444,0.512715756893158
035352,0.9673665165901184,0.9677113890647888,0.8748590350151062,0.9148349761962891
035354,0.953369140625,0.9602631330490112,0.7479812502861023,0.7869904041290283
035355,0.267578125,0.3430061936378479,0.23635835945606232,0.4052444398403168
035359,0.968017578125,0.9680536389350891,1.0,0.8652142286300659
035360,0.9673665165901184,0.9678888320922852,0.8748590350151062,0.8382105231285095
035370,0.9673665165901184,0.9676204323768616,0.8748590350151062,0.783173143863678
035373,0.9507649540901184,0.9562512040138245,0.7292529344558716,0.7368040084838867
035377,0.9673665165901184,0.9676631689071655,0.8748590350151062,0.8014326095581055
035379,0.9673665165901184,0.9676321744918823,1.0,0.9701091647148132
035381,0.4700520932674408,0.47680410742759705,0.4347934126853943,0.4937451481819153
035382,0.962158203125,0.9624282717704773,0.8420895934104919,0.7224850654602051
035384,0.508056640625,0.5129614472389221,0.5334192514419556,0.6797018051147461
035389,0.967041015625,0.9675611853599548,0.8122885227203369,0.7884740233421326
035391,0.951904296875,0.9570485949516296,0.7122209072113037,0.7890060544013977
035395,0.9673665165901184,0.9677245616912842,1.0,0.9594273567199707
035399,0.947998046875,0.9546406269073486,0.6841284036636353,0.7942875623703003
035400,0.94140625,0.94378662109375,0.5162065625190735,0.3655231297016144
035403,0.560546875,0.6212502121925354,0.4981783330440521,0.6567716598510742
035408,0.968017578125,0.968067467212677,1.0,0.8920502662658691
035414,0.967041015625,0.9675503969192505,0.8122885227203369,0.8035799860954285
035415,0.959228515625,0.9597305655479431,0.7631344795227051,0.7507598400115967
035419,0.701904296875,0.710026741027832,0.5307213068008423,0.8105284571647644
035421,0.9673665165901184,0.9677041172981262,0.8748590350151062,0.7662449479103088
035424,0.508056640625,0.5129754543304443,0.46666663885116577,0.5595040917396545
035428,0.503173828125,0.515129804611206,0.3920743465423584,0.6237164735794067
035430,0.967041015625,0.9676671028137207,0.8122885227203369,0.8826466798782349
035437,0.9668782353401184,0.9677696824073792,0.7810032963752747,0.8979594111442566
035439,0.712158203125,0.7124825119972229,0.8569586873054504,0.8380433320999146
035442,0.508056640625,0.5148885846138,0.5334192514419556,0.7001392841339111
035443,0.962158203125,0.9626994132995605,0.8420895934104919,0.8582044839859009
035444,0.966796875,0.9675650596618652,0.7653606534004211,0.8813121914863586
035445,0.5757649540901184,0.5815832018852234,0.5708760023117065,0.6655228137969971
035446,0.9673665165901184,0.9677863121032715,0.8748590350151062,0.8081533312797546
035448,0.968017578125,0.96804279088974,1.0,0.8008108139038086
035451,0.659423828125,0.664300262928009,0.5918076038360596,0.7069469094276428
035452,0.304931640625,0.43537577986717224,0.2789600193500519,0.6975268125534058
035454,0.450927734375,0.4625702202320099,0.3482339084148407,0.6790558099746704
035455,0.5757649540901184,0.5812256336212158,0.5708760023117065,0.6773133873939514
035463,0.956298828125,0.9606598019599915,0.7169486284255981,0.9300551414489746
035465,0.091796875,0.30535775423049927,0.05832258611917496,0.4103890657424927
035466,0.940673828125,0.9465612769126892,0.771205723285675,0.8235253691673279
035472,0.962158203125,0.9626372456550598,0.8420895934104919,0.940223217010498
035473,0.9673665165901184,0.9678006768226624,0.8748590350151062,0.9301304221153259
035474,0.08984375,0.2731284499168396,0.09298666566610336,0.45331117510795593
035475,0.606689453125,0.6408202052116394,0.5334192514419556,0.733730137348175
035476,0.946533203125,0.9538812041282654,0.6577322483062744,0.7101365327835083
035479,0.300537109375,0.37201744318008423,0.3306722342967987,0.5922949910163879
035480,0.951904296875,0.9533462524414062,0.8690900206565857,0.6564033031463623
035492,0.951171875,0.9594802856445312,0.6074502468109131,0.5795683860778809
035495,0.712158203125,0.7125149965286255,0.8569586873054504,0.8100447654724121
035496,0.9673665165901184,0.9675187468528748,1.0,0.7817599177360535
035499,0.967041015625,0.9678069353103638,0.8122885227203369,0.9341546297073364
035504,0.939453125,0.9501427412033081,0.6820816993713379,0.7598628997802734
035506,0.9668782353401184,0.9677550792694092,0.7810032963752747,0.880916953086853
035508,0.957763671875,0.9585086703300476,0.7236568927764893,0.8512725830078125
035514,0.46875,0.4837886393070221,0.29608190059661865,0.47467321157455444
035516,0.5757649540901184,0.5812666416168213,0.49943602085113525,0.5895747542381287
035527,0.228759765625,0.3528923988342285,0.19749616086483002,0.46236202120780945
035529,0.956298828125,0.9587096571922302,0.8195018768310547,0.8556640148162842
035532,0.9466145634651184,0.9513797163963318,0.6615661382675171,0.820143461227417
035541,0.9444172978401184,0.9539946913719177,0.544137716293335,0.6978009939193726
035543,0.947998046875,0.9560258388519287,0.5985158681869507,0.8075070381164551
035551,0.967041015625,0.9675443768501282,0.9284793138504028,0.954191267490387
035554,0.957763671875,0.9581379890441895,0.7236568927764893,0.6134763956069946
035555,0.9673665165901184,0.9677198529243469,1.0,0.8850390315055847
035557,0.9507649540901184,0.9559482932090759,0.7292529344558716,0.8485564589500427
035562,0.959228515625,0.9598502516746521,0.7631344795227051,0.7953971028327942
035565,0.966796875,0.966845691204071,0.9799711108207703,0.9954675436019897
035566,0.51953125,0.5583636164665222,0.7039180994033813,0.895200788974762
035567,0.9668782353401184,0.9676663875579834,0.7810032963752747,0.7547556161880493
035569,0.962158203125,0.9625049829483032,0.8420895934104919,0.8910121321678162
035572,0.9507649540901184,0.9563634991645813,0.6379934549331665,0.7720431685447693
035573,0.968017578125,0.9680672883987427,1.0,0.9185482263565063
035574,0.567138671875,0.6202965378761292,0.7988805174827576,0.9537500143051147
035578,0.959228515625,0.9594668745994568,0.9394869804382324,0.920932948589325
035583,0.956298828125,0.9611223936080933,0.7169486284255981,0.9237272143363953
035586,0.962158203125,0.9626075029373169,0.8420895934104919,0.892480731010437
035588,0.947998046875,0.9560455083847046,0.5985158681869507,0.815212070941925
035592,0.951904296875,0.9586811661720276,0.6230928897857666,0.8215863108634949
035598,0.488037109375,0.5936009883880615,0.2856633961200714,0.6217214465141296
035599,0.701904296875,0.7055091857910156,0.7402501106262207,0.8557213544845581
035605,0.9673665165901184,0.9677635431289673,0.8748590350151062,0.7852661609649658
035606,0.956298828125,0.961080014705658,0.7169486284255981,0.7785371541976929
035616,0.9375,0.9380580186843872,0.8624263405799866,0.8602890372276306
035619,0.584228515625,0.5847172737121582,0.6245770454406738,0.5551395416259766
035622,0.02083333395421505,0.24936671555042267,0.015642624348402023,0.3983594477176666
035624,0.951904296875,0.9576393961906433,0.7122209072113037,0.7625253200531006
035626,0.953369140625,0.9596258401870728,0.7479812502861023,0.9174666404724121
035628,0.9673665165901184,0.9673665165901184,1.0,1.0
035630,0.953369140625,0.9603096842765808,0.6543781161308289,0.8108193874359131
035635,0.556884765625,0.6123992204666138,0.5407800078392029,0.7911436557769775
035639,0.703369140625,0.7104071378707886,0.5620065331459045,0.7416552901268005
035640,0.619873046875,0.6279466152191162,0.4733748733997345,0.7222200632095337
035642,0.44921875,0.5640360713005066,0.32727500796318054,0.5856838822364807
035643,0.956298828125,0.9611537456512451,0.7169486284255981,0.8151699900627136
035645,0.968017578125,0.9680557250976562,1.0,0.7873401045799255
035647,0.968017578125,0.9680528044700623,1.0,0.8152198195457458
035649,0.556884765625,0.5820255279541016,0.4431702494621277,0.46390795707702637
035656,0.968017578125,0.9680578112602234,1.0,0.9772201776504517
035657,0.947998046875,0.9545826315879822,0.5985158681869507,0.8132038116455078
035658,0.966796875,0.9675979614257812,0.7653606534004211,0.8925914764404297
035659,0.962158203125,0.9624055624008179,0.9625431895256042,0.8263621926307678
035660,0.959228515625,0.9597805142402649,0.8722942471504211,0.9017496109008789
035662,0.962158203125,0.9624887704849243,0.8420895934104919,0.8349481225013733
035663,0.943115234375,0.9522127509117126,0.6126077175140381,0.7606006264686584
035666,0.706298828125,0.7110536694526672,0.6245770454406738,0.6884122490882874
035677,0.5694172978401184,0.5808708667755127,0.4055802822113037,0.5728367567062378
035679,0.943359375,0.9513083696365356,0.5284951329231262,0.6516097187995911
035680,0.957763671875,0.9582201242446899,0.8271697163581848,0.846796452999115
035682,0.947998046875,0.952280580997467,0.8348100185394287,0.8520638346672058
035685,0.9668782353401184,0.9675791263580322,0.7810032963752747,0.8074245452880859
035687,0.966796875,0.9675105214118958,0.7653606534004211,0.81659334897995
035688,0.968017578125,0.9680771231651306,1.0,0.8987745046615601
035693,0.943359375,0.9556760787963867,0.6040917634963989,0.7232510447502136
035700,0.9668782353401184,0.9675305485725403,0.892719030380249,0.9196493029594421
035702,0.959228515625,0.9600001573562622,0.7631344795227051,0.8939396739006042
035706,0.951904296875,0.9564400315284729,0.7122209072113037,0.6982008814811707
035709,0.490234375,0.5159913897514343,0.8556691408157349,0.9311997890472412
035713,0.95703125,0.9577149748802185,0.7039180397987366,0.7315847873687744
035720,0.956298828125,0.9592699408531189,1.0,0.95732182264328
035721,0.9507649540901184,0.9552221894264221,0.7292529344558716,0.7463329434394836
035724,0.9375,0.9482003450393677,0.4692787230014801,0.5833448171615601
035725,0.388427734375,0.39385923743247986,0.4535067081451416,0.6374907493591309
035726,0.499755859375,0.569662868976593,0.629690945148468,0.8843744397163391
035727,0.951171875,0.951171875,0.694340705871582,0.5484258532524109
035729,0.2774251401424408,0.4283984899520874,0.23532335460186005,0.6813398599624634
035733,0.9668782353401184,0.9675778150558472,0.892719030380249,0.9330456256866455
035734,0.939453125,0.9480875134468079,0.489017516374588,0.5700498819351196
035738,0.967041015625,0.967574417591095,0.9284793138504028,0.8986688256263733
035744,0.9668782353401184,0.9675865173339844,0.7810032963752747,0.8250747919082642
035752,0.962158203125,0.9626874923706055,0.8420895934104919,0.9133208394050598
035753,0.633056640625,0.636597216129303,0.5862115621566772,0.5354466438293457
035757,0.571533203125,0.5781753063201904,0.6093400716781616,0.7000952959060669
035761,0.9673665165901184,0.9678454399108887,0.8748590350151062,0.8315633535385132
035763,0.9673665165901184,0.9676780700683594,0.8748590350151062,0.8950899839401245
035771,0.94140625,0.9511436820030212,0.5162065625190735,0.7232077121734619
035772,0.606689453125,0.6486121416091919,0.6509066820144653,0.8076021671295166
035773,0.606689453125,0.6229811310768127,1.0,0.699887752532959
035780,0.2044270783662796,0.38967350125312805,0.10949836671352386,0.3986598253250122
035784,0.966796875,0.9670414328575134,0.8748388290405273,0.7286274433135986
035786,0.953369140625,0.9581565856933594,0.6543781161308289,0.7068004012107849
035787,0.712158203125,0.7125084400177002,0.7497180104255676,0.7042587995529175
035788,0.968017578125,0.9680628180503845,1.0,0.8420388102531433
035789,0.939453125,0.9537613987922668,0.489017516374588,0.6751161217689514
035790,0.571533203125,0.5765609741210938,0.6676040887832642,0.7695615887641907
035792,0.966796875,0.9674929976463318,0.7653606534004211,0.884571373462677
035797,0.508056640625,0.513827383518219,0.5334192514419556,0.6651319265365601
035799,0.9444172978401184,0.9560185670852661,0.544137716293335,0.7240787744522095
035800,0.953369140625,0.9547476172447205,0.6543781161308289,0.5218732953071594
035803,0.967041015625,0.9675325155258179,0.8122885227203369,0.7043755650520325
035808,0.953369140625,0.9574992060661316,0.912726640701294,0.7894156575202942
035811,0.659423828125,0.6618779897689819,0.6764605641365051,0.6577813625335693
035813,0.02083333395421505,0.1028645858168602,0.06149357929825783,0.39453908801078796
035815,0.556884765625,0.556884765625,0.9594535827636719,0.9594535827636719
035816,0.953369140625,0.953369140625,1.0,1.0
035818,0.606689453125,0.6499260663986206,0.5334192514419556,0.7637777924537659
035819,0.959228515625,0.959847629070282,0.7631344795227051,0.7889040112495422
035820,0.35546875,0.3695365786552429,0.2659246027469635,0.4838939309120178
035823,0.957763671875,0.9583922624588013,0.7236568927764893,0.7048150300979614
035825,0.44140625,0.44635874032974243,0.3754834830760956,0.3763938546180725
035826,0.9444172978401184,0.9539874792098999,0.6219719052314758,0.7230182886123657
035827,0.967041015625,0.9678047299385071,0.8122885227203369,0.9493193030357361
035828,0.956298828125,0.9602479934692383,0.7169486284255981,0.8062333464622498
035829,0.967041015625,0.9674959778785706,0.9284793138504028,0.8348573446273804
035830,0.940673828125,0.9447129964828491,0.5768473744392395,0.4663691818714142
035832,0.956298828125,0.9611510634422302,0.7169486284255981,0.7909831404685974
035833,0.967041015625,0.9673652052879333,0.8122885227203369,0.6889081597328186
035839,0.619873046875,0.6249530911445618,0.5410870313644409,0.6924996972084045
035842,0.943115234375,0.9436111450195312,0.819014847278595,0.7268548011779785
035846,0.14453125,0.24515435099601746,0.14805001020431519,0.5065565705299377
035847,0.9673665165901184,0.9676938652992249,0.8748590350151062,0.782080888748169
035849,0.503173828125,0.5074224472045898,0.5961002111434937,0.698402464389801
035851,0.9388020634651184,0.9467832446098328,0.6763683557510376,0.8684778213500977
035853,0.946533203125,0.9532487988471985,0.8026000261306763,0.9142436981201172
035854,0.9507649540901184,0.9545230269432068,0.8898733854293823,0.861672580242157
035855,0.956298828125,0.9595234990119934,0.8195018768310547,0.8526864051818848
035856,0.9507649540901184,0.955565333366394,0.6379934549331665,0.7374764680862427
035857,0.9673665165901184,0.9678277373313904,0.8748590350151062,0.9702064990997314
035858,0.9466145634651184,0.9524447917938232,0.6615661382675171,0.7630574703216553
035859,0.1875,0.34950363636016846,0.1309099942445755,0.5523834824562073
035860,0.951171875,0.9549082517623901,0.694340705871582,0.7392663359642029
035861,0.94140625,0.9461514353752136,0.5900454521179199,0.5992072820663452
035862,0.9673665165901184,0.9676564931869507,0.8748590350151062,0.9341597557067871
035865,0.08203125,0.1373443603515625,0.15969696640968323,0.4635436236858368
035866,0.197998046875,0.2783696949481964,0.42267662286758423,0.723924458026886
035867,0.9375,0.9464939832687378,0.4692787230014801,0.5304971933364868
035868,0.2774251401424408,0.2943480908870697,0.4175114035606384,0.3980872333049774
035869,0.9466145634651184,0.951466977596283,0.5787770748138428,0.7860448360443115
035870,0.943115234375,0.9496368169784546,0.7475366592407227,0.8297473192214966
035871,0.956298828125,0.9610489010810852,0.7169486284255981,0.7518893480300903
035872,0.967041015625,0.9671154022216797,1.0,0.9873188734054565
035873,0.966796875,0.9672797322273254,0.8748388290405273,0.9239904284477234
035874,0.968017578125,0.9680570960044861,1.0,0.8482035398483276
035875,0.966796875,0.9677215814590454,0.7653606534004211,0.7644892930984497
035876,0.261474609375,0.3375082015991211,0.2789600193500519,0.5186553597450256
035878,0.35546875,0.3626556396484375,0.3709116578102112,0.5799973011016846
035879,0.962158203125,0.9624183773994446,0.9625431895256042,0.9406205415725708
035881,0.946533203125,0.9566869735717773,0.575423002243042,0.677772581577301
035882,0.9673665165901184,0.9675350785255432,1.0,0.8494571447372437
035883,0.9507649540901184,0.9578056335449219,0.6379934549331665,0.867954432964325
035886,0.263671875,0.2884277403354645,0.7653606534004211,0.9469023942947388
035888,0.212890625,0.28729575872421265,0.1584416627883911,0.2676101624965668
035889,0.946533203125,0.9517104625701904,0.8793432712554932,0.9550331234931946
035890,0.953369140625,0.9589552879333496,0.7479812502861023,0.8025803565979004
035891,0.9673665165901184,0.9675770998001099,1.0,0.9860609769821167
035892,0.9507649540901184,0.9540472030639648,0.974961519241333,0.9301308989524841
035893,0.967041015625,0.9678092002868652,0.8122885227203369,0.7988646030426025
035894,0.9673665165901184,0.9678434729576111,0.8748590350151062,0.8823317885398865
035895,0.47265625,0.5018423795700073,0.3709116578102112,0.3368845283985138
035897,0.606689453125,0.6277946829795837,1.0,1.0
035898,0.939453125,0.94586181640625,0.7848228216171265,0.9361915588378906
035900,0.568359375,0.5746787190437317,0.4457148313522339,0.4533785283565521
035901,0.959228515625,0.9600038528442383,0.7631344795227051,0.8960447907447815
035908,0.943115234375,0.9545277953147888,0.6126077175140381,0.7591572999954224
035909,0.9668782353401184,0.9674682021141052,0.7810032963752747,0.8604177832603455
035910,0.959228515625,0.9596814513206482,0.7631344795227051,0.8724589943885803
035912,0.962158203125,0.9626929759979248,0.8420895934104919,0.898960292339325
035914,0.9673665165901184,0.9677045345306396,0.8748590350151062,0.7886345982551575
035919,0.939453125,0.940185546875,0.9690036177635193,0.9671635031700134
035920,0.9507649540901184,0.9550513625144958,0.8898733854293823,0.8459347486495972
035921,0.9668782353401184,0.9672756195068359,0.7810032963752747,0.6797963380813599
035922,0.968017578125,0.9680679440498352,1.0,0.9241442680358887
035923,0.9507649540901184,0.9549459218978882,0.7292529344558716,0.7488215565681458
035926,0.967041015625,0.967560350894928,0.9284793138504028,0.9757200479507446
035928,0.304931640625,0.43169260025024414,0.34757038950920105,0.6678487062454224
035933,0.9388020634651184,0.9388020634651184,0.7410414814949036,0.7260910272598267
035938,0.9673665165901184,0.9679033160209656,0.8748590350151062,0.8996783494949341
035941,0.940673828125,0.9464498162269592,0.8099276423454285,0.9266707301139832
035942,0.959228515625,0.9597086906433105,0.8722942471504211,0.9300881028175354
035943,0.967041015625,0.9673312306404114,0.8122885227203369,0.804756224155426
035944,0.946533203125,0.9512070417404175,0.8793432712554932,0.9430976510047913
035945,0.9466145634651184,0.9504597783088684,0.8072783350944519,0.9388313889503479
035946,0.1875,0.3440093994140625,0.10728099197149277,0.3884197473526001
035948,0.962158203125,0.9625834822654724,0.8420895934104919,0.863372266292572
035950,0.304931640625,0.304931640625,1.0,1.0
035953,0.701171875,0.7067317366600037,0.5150786638259888,0.6960700750350952
035955,0.951904296875,0.9554570317268372,0.7122209072113037,0.6646749973297119
035956,0.9673665165901184,0.9677461981773376,1.0,0.9079118967056274
035957,0.957763671875,0.9584755897521973,0.7236568927764893,0.8112455606460571
035958,0.3599446713924408,0.43091827630996704,0.36623337864875793,0.6310281753540039
035961,0.508056640625,0.5123798251152039,0.5334192514419556,0.5890824794769287
035962,0.943115234375,0.9500812888145447,0.6126077175140381,0.6446682810783386
035963,0.946533203125,0.9488248825073242,1.0,0.9414054155349731
035964,0.5694172978401184,0.5779343247413635,0.4635950028896332,0.6982589960098267
035965,0.9466145634651184,0.9513401389122009,0.6615661382675171,0.6649781465530396
035966,0.5694172978401184,0.57843416929245,0.4635950028896332,0.6583817005157471
035967,0.9673665165901184,0.9676901698112488,1.0,0.8216038346290588
035969,0.323974609375,0.4266681969165802,0.2230929136276245,0.41041940450668335
035971,0.947998046875,0.9505472183227539,0.6841284036636353,0.6783325672149658
035975,0.46875,0.4716796875,0.4524630308151245,0.4533545970916748
035976,0.959228515625,0.9596862196922302,0.7631344795227051,0.7463093400001526
035977,0.5757649540901184,0.5807465314865112,0.6966133713722229,0.7456642389297485
035978,0.947998046875,0.9549055695533752,0.5985158681869507,0.741775631904602
035980,0.959228515625,0.9599960446357727,0.7631344795227051,0.8413776159286499
035982,0.701171875,0.7043982148170471,0.5887562036514282,0.5793992280960083
035983,0.32421875,0.335672527551651,0.2907647490501404,0.5263112783432007
035986,0.510498046875,0.518437922000885,0.49935534596443176,0.7121923565864563
035988,0.9375,0.9404296875,0.6545500159263611,0.5748110413551331
035989,0.431884765625,0.47717079520225525,0.390377938747406,0.4887120723724365
035990,0.584228515625,0.584497332572937,0.6245770454406738,0.5415459275245667
035991,0.9507649540901184,0.954822301864624,0.8898733854293823,0.9436600208282471
035992,0.3125,0.32517915964126587,0.23463936150074005,0.39745333790779114
035993,0.951904296875,0.953728199005127,0.8690900206565857,0.7172472476959229
035997,0.571533203125,0.5763124227523804,0.6093400716781616,0.5971351861953735
035998,0.455078125,0.559852123260498,0.23873552680015564,0.4540146291255951
036000,0.508056640625,0.5131709575653076,0.5334192514419556,0.6518266797065735
036002,0.967041015625,0.9675709009170532,0.8122885227203369,0.8699912428855896
036004,0.953369140625,0.953369140625,0.7479812502861023,0.6797088980674744
036006,0.633056640625,0.6375929117202759,0.5128524899482727,0.5173450112342834
036008,0.23046875,0.35804346203804016,0.1538141816854477,0.42085176706314087
036009,0.9444172978401184,0.9528821706771851,0.544137716293335,0.6204164624214172
036010,0.967041015625,0.9675214886665344,0.8122885227203369,0.7242918610572815
036011,0.0,0.23919904232025146,0.0,0.2156202346086502
036012,0.9673665165901184,0.967718243598938,0.8748590350151062,0.8444727063179016
036014,0.953369140625,0.9588866233825684,0.7479812502861023,0.8222624659538269
036015,0.9507649540901184,0.9578043222427368,0.6379934549331665,0.8511853814125061
036017,0.571533203125,0.5779743194580078,0.49935534596443176,0.5627017021179199
036018,0.520263671875,0.5211504101753235,0.5620065331459045,0.6647757291793823
036019,0.374755859375,0.41445958614349365,0.7617307901382446,0.7927500009536743
036022,0.5694172978401184,0.5799173712730408,0.4055802822113037,0.6568343043327332
036023,0.16796875,0.24289894104003906,0.12923716008663177,0.23133660852909088
036024,0.571533203125,0.5787198543548584,0.49935534596443176,0.5315572023391724
036025,0.46875,0.48398908972740173,0.29608190059661865,0.5051226019859314
036026,0.488037109375,0.5814114809036255,0.2856633961200714,0.48785075545310974
036027,0.966796875,0.9672165513038635,0.8748388290405273,0.74102383852005
036028,0.32421875,0.3383621275424957,0.2907647490501404,0.48837220668792725
036029,0.23828125,0.35265547037124634,0.30167919397354126,0.6423143744468689
036031,0.51953125,0.5550270676612854,0.7039180994033813,0.6473028659820557
036032,0.953369140625,0.9603292346000671,0.6543781161308289,0.8182796239852905
036034,0.9375,0.9417899250984192,0.7171369194984436,0.7187451720237732
036035,0.9507649540901184,0.9533995389938354,0.8898733854293823,0.7760032415390015
036036,0.560546875,0.6240929365158081,0.4981783330440521,0.7396196126937866
036037,0.9673665165901184,0.9674823880195618,0.8748590350151062,0.8060581088066101
036039,0.3599446713924408,0.45079371333122253,0.3001289367675781,0.6451824307441711
036043,0.951171875,0.9553540945053101,0.694340705871582,0.6751551628112793
036044,0.968017578125,0.968055784702301,1.0,0.8677753210067749
036045,0.968017578125,0.9680569171905518,1.0,0.8457077145576477
036047,0.571533203125,0.5815051794052124,0.49935534596443176,0.7604576945304871
036049,0.962158203125,0.9623792767524719,0.8420895934104919,0.766507625579834
036050,0.939453125,0.9438507556915283,0.5589672327041626,0.46397802233695984
036051,0.261474609375,0.33794867992401123,0.22860826551914215,0.4760240614414215
036053,0.9673665165901184,0.9676726460456848,0.8748590350151062,0.7800887823104858
036054,0.9444172978401184,0.9489345550537109,0.7589633464813232,0.8110524415969849
036055,0.5757649540901184,0.5820387601852417,0.49943602085113525,0.7885124087333679
036056,0.518798828125,0.6103577017784119,0.3251410126686096,0.7221598625183105
036057,0.957763671875,0.9583747982978821,0.8271697163581848,0.8283619284629822
036058,0.47265625,0.5234116315841675,0.3709116578102112,0.47935250401496887
036059,0.94140625,0.9515004754066467,0.5162065625190735,0.7138471603393555
036061,0.959228515625,0.9594842195510864,0.7631344795227051,0.7222707271575928
036062,0.953369140625,0.9581180810928345,0.7479812502861023,0.887949526309967
036064,0.9673665165901184,0.9678173065185547,0.8748590350151062,0.9465423226356506
036065,0.0625,0.226837158203125,0.05020960420370102,0.4391688406467438
036066,0.9673665165901184,0.9677223563194275,0.8748590350151062,0.8779404759407043
036067,0.518798828125,0.5784119367599487,0.6967307925224304,0.783713161945343
036068,0.94140625,0.9501890540122986,0.5900454521179199,0.7162215113639832
036069,0.947998046875,0.951790452003479,0.6841284036636353,0.6000785827636719
036070,0.518798828125,0.5739318132400513,0.3251410126686096,0.40184077620506287
036071,0.9466145634651184,0.9516962766647339,0.6615661382675171,0.6375440955162048
036072,0.567138671875,0.6261059641838074,0.37281090021133423,0.4950014054775238
036074,0.556884765625,0.607336163520813,0.3877114951610565,0.5604272484779358
036075,0.091796875,0.2643197476863861,0.05102403834462166,0.40767377614974976
036076,0.520263671875,0.5211420059204102,0.5620065331459045,0.6200075745582581
036077,0.706298828125,0.7109336853027344,0.7139173746109009,0.8329963088035583
036078,0.659423828125,0.6629191637039185,0.6764605641365051,0.7850659489631653
036079,0.531982421875,0.589863121509552,0.3482339084148407,0.5245429277420044
036080,0.9466145634651184,0.9552702903747559,0.5787770748138428,0.7292189598083496
036081,0.567138671875,0.6095355153083801,0.7988805174827576,0.9598239660263062
036082,0.580322265625,0.6368317008018494,0.4040961265563965,0.7156537771224976
036084,0.968017578125,0.9680519700050354,1.0,0.86518794298172
036085,0.659423828125,0.6627254486083984,0.6764605641365051,0.7885980010032654
036086,0.508056640625,0.508056640625,0.5334192514419556,0.37387746572494507
036087,0.580322265625,0.6219973564147949,0.5636333227157593,0.7265334129333496
036088,0.5757649540901184,0.5800233483314514,0.6966133713722229,0.7997638583183289
036089,0.968017578125,0.9680767059326172,1.0,0.8193733096122742
036090,0.580322265625,0.6272706389427185,0.4618985950946808,0.7088583707809448
036091,0.967041015625,0.9674105048179626,0.9284793138504028,0.8648502826690674
036093,0.659423828125,0.664297342300415,0.5918076038360596,0.7758007645606995
036094,0.1875,0.3152625262737274,0.1309099942445755,0.3762229084968567
036096,0.956298828125,0.9603893160820007,0.7169486284255981,0.7905774712562561
036097,0.0,0.15817515552043915,0.0,0.2974432110786438
036098,0.951904296875,0.959122896194458,0.6230928897857666,0.8551324009895325
036099,0.278564453125,0.35718855261802673,0.21157628297805786,0.3866439759731293
036100,0.9673665165901184,0.9676693081855774,0.8748590350151062,0.7534486055374146
036103,0.966796875,0.967484712600708,0.8748388290405273,0.850879967212677
036104,0.556884765625,0.5931412577629089,0.4431702494621277,0.508496880531311
036105,0.9444172978401184,0.9534839987754822,0.544137716293335,0.6471742987632751
036107,0.9673665165901184,0.9675778746604919,1.0,0.8605566620826721
036108,0.9375,0.952606737613678,0.5364049673080444,0.7319590449333191
036109,0.943115234375,0.9548531770706177,0.5359453558921814,0.7833622694015503
036112,0.706298828125,0.7099223732948303,0.6245770454406738,0.6875631809234619
036115,0.967041015625,0.9675724506378174,0.9284793138504028,0.8248798847198486
036117,0.659423828125,0.6615135669708252,0.6764605641365051,0.5874661207199097
036118,0.9673665165901184,0.9677039384841919,0.8748590350151062,0.8366574048995972
036119,0.432373046875,0.438236266374588,0.4618985950946808,0.6244309544563293
036122,0.712158203125,0.712515115737915,0.8569586873054504,0.8668867349624634
036123,0.9673665165901184,0.967899739742279,0.8748590350151062,0.9367204904556274
036124,0.953369140625,0.9603216648101807,0.6543781161308289,0.8608523607254028
036125,0.956298828125,0.9582251906394958,1.0,0.9960017204284668
036126,0.953369140625,0.9589658379554749,0.7479812502861023,0.8630095720291138
036127,0.703369140625,0.7102010250091553,0.6423966884613037,0.831287682056427
036128,0.701904296875,0.7099587917327881,0.5307213068008423,0.7166033387184143
036130,0.959228515625,0.9598476886749268,0.7631344795227051,0.8573383688926697
036131,0.556884765625,0.6197981238365173,0.3877114951610565,0.6465072631835938
036132,0.9466145634651184,0.9526475667953491,0.8072783350944519,0.8095837235450745
036133,0.584228515625,0.5849179625511169,0.6245770454406738,0.7734953761100769
036135,0.23828125,0.23828125,0.16092148423194885,0.12067008018493652
036136,0.956298828125,0.959108829498291,1.0,0.9224161505699158
036137,0.091796875,0.3041446805000305,0.05832258611917496,0.40760472416877747
036139,0.388427734375,0.3988277018070221,0.3716495931148529,0.6068506240844727
036140,0.968017578125,0.9680517315864563,1.0,0.944433331489563
036141,0.9673665165901184,0.9676262736320496,1.0,0.921822726726532
036142,0.323974609375,0.3997344672679901,0.3111700117588043,0.6476013660430908
036143,0.962158203125,0.9624959230422974,0.8420895934104919,0.8880230784416199
036144,0.14453125,0.27863824367523193,0.1061442568898201,0.3359386920928955
036145,0.263671875,0.28554508090019226,0.32801172137260437,0.2735285460948944
036146,0.3125,0.32455411553382874,0.2682024836540222,0.49756675958633423
036148,0.703369140625,0.7074832916259766,0.7838867902755737,0.8501898646354675
036152,0.505615234375,0.515058696269989,0.37429502606391907,0.5882019400596619
036154,0.706298828125,0.7111027836799622,0.7139173746109009,0.8786833882331848
036155,0.432373046875,0.43635594844818115,0.5636333227157593,0.6443328857421875
036157,0.968017578125,0.9680396318435669,1.0,0.785890519618988
036160,0.571533203125,0.5779064297676086,0.49935534596443176,0.5433310866355896
036161,0.968017578125,0.9680620431900024,1.0,0.9209904074668884
036165,0.967041015625,0.9674550890922546,0.9284793138504028,0.990883469581604
036166,0.9388020634651184,0.9467986226081848,0.5542851090431213,0.6107845902442932
036167,0.2122395932674408,0.26847586035728455,0.19284793734550476,0.31646794080734253
036168,0.374755859375,0.41687726974487305,0.28309693932533264,0.3887372612953186
036169,0.946533203125,0.9504669308662415,0.8793432712554932,0.8477203845977783
036170,0.374755859375,0.374755859375,0.7617307901382446,0.7314207553863525
036175,0.505615234375,0.5115813612937927,0.5719858407974243,0.7054513692855835
036176,0.962158203125,0.9625490307807922,0.8420895934104919,0.7730187773704529
036180,0.32421875,0.3381909132003784,0.2907647490501404,0.469234824180603
036181,0.957763671875,0.9584124088287354,0.7236568927764893,0.7714335918426514
036182,0.712158203125,0.712494969367981,0.7497180104255676,0.7771745920181274
036183,0.9673665165901184,0.9676790237426758,1.0,0.9053419828414917
036184,0.9668782353401184,0.9674827456474304,0.7810032963752747,0.7342923879623413
036185,0.9668782353401184,0.9675012826919556,0.7810032963752747,0.8385018110275269
036186,0.943115234375,0.9449058175086975,0.6126077175140381,0.4813319742679596
036188,0.968017578125,0.9680594801902771,1.0,0.9214525818824768
036190,0.2774251401424408,0.3976052403450012,0.2932012677192688,0.6319760084152222
036191,0.957763671875,0.9586557149887085,0.7236568927764893,0.9001352190971375
036195,0.571533203125,0.5776423811912537,0.6676040887832642,0.7789521813392639
036196,0.957763671875,0.9584163427352905,0.8271697163581848,0.9104283452033997
036197,0.584228515625,0.58469557762146,0.6245770454406738,0.6676297783851624
036198,0.431884765625,0.4771292209625244,0.3415256440639496,0.6022678017616272
036200,0.278564453125,0.36681634187698364,0.21157628297805786,0.45751920342445374
036201,0.940673828125,0.9538488388061523,0.5046601295471191,0.6492573618888855
036202,0.957763671875,0.9584969878196716,0.7236568927764893,0.7825515270233154
036203,0.9673665165901184,0.9679000377655029,0.8748590350151062,0.8960534930229187
036204,0.450927734375,0.4626739025115967,0.3482339084148407,0.7403301000595093
036205,0.953369140625,0.9560258388519287,0.7479812502861023,0.6681201457977295
036206,0.9507649540901184,0.9559646248817444,0.6379934549331665,0.6369446516036987
036209,0.947998046875,0.956006646156311,0.6841284036636353,0.865634024143219
036213,0.3059895932674408,0.35205739736557007,0.625433623790741,0.780875563621521
036214,0.706298828125,0.7106108665466309,0.7139173746109009,0.8541452288627625
036218,0.701904296875,0.7099665403366089,0.5307213068008423,0.7576334476470947
036219,0.9668782353401184,0.9672669172286987,0.892719030380249,0.8399294018745422
036221,0.967041015625,0.9675204753875732,0.9284793138504028,0.8987539410591125
036222,0.967041015625,0.9673295617103577,1.0,0.9693182110786438
036223,0.633056640625,0.6392679214477539,0.5862115621566772,0.6962783932685852
036227,0.703369140625,0.7071555256843567,0.7838867902755737,0.76442551612854
036228,0.510498046875,0.5120429992675781,0.6676040887832642,0.7146598100662231
036230,0.962158203125,0.96242755651474,0.9625431895256042,0.9035258889198303
036231,0.633056640625,0.636890172958374,0.5862115621566772,0.5877677798271179
036232,0.967041015625,0.9676207304000854,0.8122885227203369,0.8851879239082336
036233,0.967041015625,0.9675614237785339,0.8122885227203369,0.7624151110649109
036234,0.701904296875,0.7098987102508545,0.6066363453865051,0.7963293194770813
036235,0.503173828125,0.5070841312408447,0.5961002111434937,0.6927740573883057
036236,0.9673665165901184,0.9677479863166809,0.8748590350151062,0.92412930727005
036239,0.9507649540901184,0.9550804495811462,0.7292529344558716,0.7894574999809265
036241,0.304931640625,0.41536378860473633,0.20000000298023224,0.5633178353309631
036242,0.263671875,0.42161306738853455,0.21350501477718353,0.4708428680896759
036243,0.518798828125,0.5818591713905334,0.6967307925224304,0.7082900404930115
036245,0.567138671875,0.6170136332511902,0.5199966430664062,0.5794938206672668
036246,0.32421875,0.33813583850860596,0.2907647490501404,0.4768528640270233
036247,0.300537109375,0.38814660906791687,0.24733662605285645,0.49493902921676636
036249,0.712158203125,0.7125015258789062,0.7497180104255676,0.8109482526779175
036251,0.939453125,0.945330023765564,0.5589672327041626,0.49108386039733887
036252,0.956298828125,0.958631694316864,0.8195018768310547,0.6896436810493469
036253,0.951904296875,0.9576572179794312,0.8690900206565857,0.9611093997955322
036259,0.967041015625,0.9675256013870239,0.8122885227203369,0.7345970869064331
036261,0.46875,0.4755045473575592,0.4129750728607178,0.6235998272895813
036262,0.505615234375,0.5138052105903625,0.37429502606391907,0.5658530592918396
036263,0.701171875,0.7068960666656494,0.5887562036514282,0.7224010229110718
036265,0.939453125,0.9448409080505371,0.489017516374588,0.4708636701107025
036267,0.951904296875,0.9580034613609314,0.7122209072113037,0.8344441056251526
036268,0.9668782353401184,0.9677806496620178,0.7810032963752747,0.9440090656280518
036269,0.967041015625,0.9676403999328613,0.9284793138504028,0.929076075553894
036270,0.966796875,0.9674702286720276,0.7653606534004211,0.7144705653190613
036271,0.940673828125,0.9539213180541992,0.5768473744392395,0.8295754194259644
036272,0.951904296875,0.958511471748352,0.7122209072113037,0.864713728427887
036274,0.947998046875,0.9560617804527283,0.5985158681869507,0.8486248850822449
036275,0.606689453125,0.6500072479248047,0.6509066820144653,0.83290034532547
036276,0.9668782353401184,0.9676204919815063,0.7810032963752747,0.9079782962799072
036277,0.9668782353401184,0.9676039218902588,0.7810032963752747,0.6909542083740234
036278,0.951904296875,0.9575329422950745,0.8690900206565857,0.8553705811500549
036280,0.267578125,0.3628710210323334,0.16945679485797882,0.42961087822914124
036281,0.16796875,0.2335924357175827,0.276936799287796,0.4595501720905304
036282,0.957763671875,0.9585716128349304,0.7236568927764893,0.8925005793571472
036284,0.61328125,0.6138534545898438,0.5185247659683228,0.4613412618637085
036285,0.9507649540901184,0.957019031047821,0.6379934549331665,0.7450280785560608
036287,0.567138671875,0.6260067224502563,0.4261382520198822,0.630498468875885
036288,0.374755859375,0.4646269977092743,0.28309693932533264,0.5872722864151001
036289,0.9668782353401184,0.9673665761947632,0.7810032963752747,0.7973423600196838
036291,0.580322265625,0.6247186660766602,0.4040961265563965,0.646083652973175
036293,0.450927734375,0.4603680372238159,0.39804574847221375,0.5981683731079102
036294,0.633056640625,0.6375733613967896,0.5862115621566772,0.6331665515899658
036295,0.959228515625,0.9599989652633667,0.7631344795227051,0.8106250762939453
036296,0.556884765625,0.5937100648880005,0.4431702494621277,0.47370675206184387
036299,0.4375,0.4585937559604645,0.5419421792030334,0.5591188669204712
036300,0.943115234375,0.9511374235153198,0.6126077175140381,0.6658147573471069
036301,0.701171875,0.7068965435028076,0.5887562036514282,0.7619984149932861
036302,0.712158203125,0.7124454379081726,0.8569586873054504,0.8040596842765808
036303,0.956298828125,0.9610975980758667,0.8195018768310547,0.917353630065918
036304,0.150390625,0.31836917996406555,0.10344710201025009,0.5757976174354553
036305,0.951904296875,0.9573713541030884,0.6230928897857666,0.7175851464271545
036306,0.967041015625,0.9675838351249695,0.8122885227203369,0.8818352222442627
036308,0.560546875,0.5724121332168579,0.8838695287704468,0.973720371723175
036309,0.374755859375,0.4326419234275818,0.37848135828971863,0.610022783279419
036311,0.9507649540901184,0.9528990387916565,0.7292529344558716,0.6106416583061218
036312,0.968017578125,0.9680600762367249,1.0,0.904510498046875
036313,0.9444172978401184,0.9538213014602661,0.544137716293335,0.7326708436012268
036318,0.0625,0.26112136244773865,0.04692786931991577,0.5164293050765991
036321,0.510498046875,0.5147903561592102,0.43686550855636597,0.47567927837371826
036324,0.30078125,0.3448112905025482,0.24766992032527924,0.3047957420349121
036325,0.959228515625,0.9597092866897583,0.8722942471504211,0.7865779399871826
036326,0.606689453125,0.6498354077339172,0.6509066820144653,0.8413997888565063
036327,0.9673665165901184,0.9678979516029358,0.8748590350151062,0.8437989354133606
036328,0.962158203125,0.9624114036560059,0.9625431895256042,0.8327186703681946
036329,0.531982421875,0.5925505757331848,0.39804574847221375,0.6029350161552429
036331,0.606689453125,0.6167198419570923,1.0,0.9197598099708557
036334,0.940673828125,0.9536908268928528,0.5768473744392395,0.6402825713157654
036335,0.531982421875,0.6022741198539734,0.48571667075157166,0.6958098411560059
036336,0.703369140625,0.7072130441665649,0.5620065331459045,0.6038314700126648
036337,0.9673665165901184,0.9677455425262451,0.8748590350151062,0.7996703386306763
036339,0.968017578125,0.9680773615837097,1.0,0.9032443165779114
036340,0.959228515625,0.9598569869995117,0.7631344795227051,0.6894750595092773
036341,0.21875,0.292724609375,0.15793579816818237,0.30151110887527466
036342,0.9668782353401184,0.9675571322441101,0.7810032963752747,0.8444318175315857
036343,0.962158203125,0.9625065922737122,0.8420895934104919,0.8168417811393738
036344,0.951171875,0.9582789540290833,0.6074502468109131,0.8141493201255798
036349,0.633056640625,0.6376753449440002,0.5862115621566772,0.654004693031311
036351,0.9673665165901184,0.9677136540412903,0.8748590350151062,0.9494372010231018
036352,0.4700520932674408,0.479159951210022,0.4347934126853943,0.48984450101852417
036353,0.940673828125,0.9454803466796875,0.5768473744392395,0.587704062461853
036354,0.580322265625,0.6426272392272949,0.4618985950946808,0.7005651593208313
036355,0.0,0.05703125149011612,0.0,0.2882961332798004
036356,0.701904296875,0.7082329988479614,0.6066363453865051,0.6543733477592468
036360,0.503173828125,0.5167055726051331,0.3430097699165344,0.6486695408821106
036363,0.508056640625,0.514818549156189,0.5334192514419556,0.7153307199478149
036364,0.51953125,0.5967788696289062,0.3754834830760956,0.623965859413147
036367,0.953369140625,0.9576857089996338,0.6543781161308289,0.6081674695014954
036368,0.25390625,0.36371514201164246,0.18509942293167114,0.3924115300178528
036370,0.940673828125,0.9505759477615356,0.5046601295471191,0.593611478805542
036372,0.34765625,0.35428160429000854,0.4098700284957886,0.4787055552005768
036373,0.4375,0.48092347383499146,0.5874204039573669,0.7912960052490234
036374,0.943115234375,0.9496780037879944,0.5359453558921814,0.630757749080658
036377,0.701904296875,0.7057161927223206,0.7402501106262207,0.7225536108016968
036378,0.2122395932674408,0.2334844022989273,0.4175114035606384,0.4660390615463257
036380,0.571533203125,0.5723943114280701,0.7592076063156128,0.718828022480011
036381,0.16796875,0.2744288444519043,0.14772342145442963,0.41577333211898804
036383,0.968017578125,0.9680708646774292,1.0,0.9327477216720581
036384,0.712158203125,0.7125092148780823,0.8569586873054504,0.8544818162918091
036385,0.9673665165901184,0.9676122069358826,1.0,0.842292308807373
036386,0.968017578125,0.9680495262145996,1.0,0.8721804618835449
036387,0.520263671875,0.5207643508911133,0.6423966884613037,0.7360273599624634
036388,0.967041015625,0.9675403237342834,0.9284793138504028,0.8511226177215576
036389,0.962158203125,0.9624785780906677,0.9625431895256042,0.898948609828949
036390,0.968017578125,0.9680578708648682,1.0,0.9291980862617493
036392,0.1458333432674408,0.15638022124767303,0.15272833406925201,0.14666374027729034
036393,0.968017578125,0.9680708050727844,1.0,0.9255293011665344
036394,0.9444172978401184,0.9497655630111694,0.9456308484077454,0.9850168824195862
036396,0.3599446713924408,0.3898618519306183,0.8075588941574097,0.7616662979125977
036398,0.510498046875,0.5183085799217224,0.49935534596443176,0.6096173524856567
036399,0.706298828125,0.7100829482078552,0.7139173746109009,0.7205536365509033
036400,0.959228515625,0.9599162936210632,0.7631344795227051,0.7991228103637695
036401,0.951171875,0.9597374200820923,0.6074502468109131,0.7445303797721863
036402,0.967041015625,0.9675646424293518,0.9284793138504028,0.9112748503684998
036403,0.951904296875,0.9599566459655762,0.6230928897857666,0.7971922159194946
036406,0.2044270783662796,0.39226430654525757,0.10949836671352386,0.5232172012329102
036408,0.659423828125,0.6612729430198669,0.8254533410072327,0.730242908000946
036409,0.393798828125,0.43227431178092957,0.5977610945701599,0.6355594396591187
036410,0.09375,0.1826171875,0.21284539997577667,0.5518544316291809
036411,0.701171875,0.7065933346748352,0.7184317708015442,0.7540850639343262
036412,0.956298828125,0.9610980153083801,0.8195018768310547,0.9359786510467529
036414,0.9673665165901184,0.9678979516029358,0.8748590350151062,0.9670465588569641
036415,0.9507649540901184,0.9562422037124634,0.6379934549331665,0.701933741569519
036417,0.61328125,0.6194259524345398,0.4536360800266266,0.5967957973480225
036418,0.556884765625,0.5967636704444885,0.5407800078392029,0.6615893840789795
036419,0.531982421875,0.577914834022522,0.3482339084148407,0.5002502799034119
036420,0.374755859375,0.46270424127578735,0.28309693932533264,0.596130907535553
036422,0.571533203125,0.577440083026886,0.6093400716781616,0.7037643194198608
036424,0.967041015625,0.9675015211105347,0.9284793138504028,0.9006905555725098
036425,0.393798828125,0.4293980598449707,0.38908666372299194,0.37398797273635864
036427,0.946533203125,0.9566980004310608,0.575423002243042,0.899528443813324
036428,0.2044270783662796,0.38799917697906494,0.12516115605831146,0.3967767655849457
036430,0.956298828125,0.9606137275695801,0.7169486284255981,0.7285807132720947
036432,0.940673828125,0.9471254348754883,0.771205723285675,0.8965598344802856
036433,0.962158203125,0.9623642563819885,0.9625431895256042,0.9360160231590271
036435,0.46875,0.4775902330875397,0.3384338617324829,0.5400974154472351
036439,0.23046875,0.2850530445575714,0.214540034532547,0.303730845451355
036440,0.556884765625,0.6008540391921997,0.4431702494621277,0.5333570241928101
036441,0.9507649540901184,0.9520174264907837,0.974961519241333,0.9678440093994141
036442,0.9668782353401184,0.9673261046409607,0.7810032963752747,0.6886848211288452
036443,0.9444172978401184,0.9508469104766846,0.6219719052314758,0.6939638257026672
036444,0.706298828125,0.7091886401176453,0.871160089969635,0.8462401628494263
036445,0.9673665165901184,0.9677225947380066,1.0,0.9367982745170593
036446,0.9507649540901184,0.9537950158119202,0.8898733854293823,0.7961642146110535
036447,0.9668782353401184,0.9673324823379517,0.7810032963752747,0.6969159245491028
036448,0.94140625,0.9510888457298279,0.5162065625190735,0.7195355296134949
036449,0.1875,0.2992725968360901,0.10728099197149277,0.28369060158729553
036451,0.968017578125,0.9680641889572144,1.0,0.9848827123641968
036455,0.943115234375,0.9522767663002014,0.6126077175140381,0.828113853931427
036456,0.520263671875,0.5209458470344543,0.6423966884613037,0.686076819896698
036458,0.9444172978401184,0.9483857750892639,0.8315341472625732,0.8032040596008301
036459,0.966796875,0.9674673676490784,0.7653606534004211,0.8882387280464172
036461,0.531982421875,0.6048095226287842,0.3482339084148407,0.6578249931335449
036463,0.35546875,0.3588104248046875,0.3273770213127136,0.3635440170764923
036464,0.450927734375,0.46241363883018494,0.39804574847221375,0.6093732714653015
036466,0.323974609375,0.4085361957550049,0.2230929136276245,0.6333330273628235
036467,0.659423828125,0.6595611572265625,0.8254533410072327,0.7813471555709839
036468,0.703369140625,0.7052093148231506,0.6423966884613037,0.582112729549408
036469,0.701171875,0.7040145993232727,0.7184317708015442,0.6970100998878479
036471,0.4700520932674408,0.4795556962490082,0.3563140034675598,0.441990464925766
036473,0.9673665165901184,0.9678460359573364,0.8748590350151062,0.8573906421661377
036474,0.946533203125,0.9540694355964661,0.6577322483062744,0.7633523344993591
036475,0.9673665165901184,0.9677477478981018,1.0,0.9393925666809082
036476,0.953369140625,0.9583069682121277,0.6543781161308289,0.7098149061203003
036477,0.560546875,0.592403769493103,0.4981783330440521,0.47162413597106934
036478,0.953369140625,0.9585018157958984,0.6543781161308289,0.7946068644523621
036480,0.0,0.1891566663980484,0.0,0.24708928167819977
036484,0.9444172978401184,0.9559497833251953,0.544137716293335,0.7225722670555115
036485,0.946533203125,0.9564012885093689,0.6577322483062744,0.7584534287452698
036486,0.455078125,0.5553282499313354,0.5115761756896973,0.8170831799507141
036487,0.947998046875,0.9512271881103516,0.9146330952644348,0.9415387511253357
036490,0.703369140625,0.7096591591835022,0.5620065331459045,0.8095806837081909
036492,0.9673665165901184,0.9678922295570374,0.8748590350151062,0.8765494227409363
036493,0.568359375,0.57073974609375,0.6776539087295532,0.7479004263877869
036494,0.508056640625,0.5091277956962585,0.7131452560424805,0.7239137887954712
036498,0.9388020634651184,0.9463741183280945,0.6763683557510376,0.7620087265968323
036499,0.531982421875,0.5918312072753906,0.48571667075157166,0.7125241160392761
036500,0.9673665165901184,0.9677206873893738,1.0,0.9519729018211365
036501,0.962158203125,0.9626890420913696,0.8420895934104919,0.9072476029396057
036502,0.366455078125,0.37438514828681946,0.4365417957305908,0.5990432500839233
036505,0.9466145634651184,0.9499439597129822,0.8072783350944519,0.8514736890792847
036508,0.2774251401424408,0.38960838317871094,0.1687147468328476,0.43050408363342285
036509,0.508056640625,0.511292040348053,0.46666663885116577,0.44788822531700134
036512,0.943115234375,0.951210618019104,0.5359453558921814,0.5255615711212158
036516,0.488037109375,0.5927884578704834,0.3265250623226166,0.673486053943634
036517,0.0625,0.22608906030654907,0.06545499712228775,0.49512219429016113
036519,0.12109375,0.24734629690647125,0.16759954392910004,0.48180705308914185
036521,0.939453125,0.9475975632667542,0.6820816993713379,0.8458369374275208
036522,0.701171875,0.7068271040916443,0.5887562036514282,0.67110675573349
036523,0.967041015625,0.9677950739860535,0.8122885227203369,0.9035045504570007
036525,0.953369140625,0.9559630751609802,1.0,0.9827015995979309
036528,0.943115234375,0.9507420063018799,0.5359453558921814,0.5219349265098572
036530,0.374755859375,0.40195292234420776,0.7617307901382446,0.7496358156204224
036531,0.260498046875,0.30965086817741394,0.8026120662689209,0.8930858373641968
036532,0.197998046875,0.28274109959602356,0.2100154310464859,0.3964329957962036
036533,0.488037109375,0.5639085173606873,0.3265250623226166,0.53928542137146
036534,0.556884765625,0.575462818145752,0.9594535827636719,0.9381975531578064
036535,0.520263671875,0.5209189653396606,0.6423966884613037,0.7139672040939331
036537,0.9444172978401184,0.9500525593757629,0.6219719052314758,0.5826791524887085
036538,0.957763671875,0.9586454629898071,0.7236568927764893,0.7886028289794922
036541,0.503173828125,0.5135483741760254,0.3920743465423584,0.5159619450569153
036542,0.956298828125,0.9611408114433289,0.7169486284255981,0.8551530838012695
036543,0.25390625,0.36492154002189636,0.21157628297805786,0.5188755393028259
036544,0.956298828125,0.9598532319068909,0.7169486284255981,0.7131543159484863
036545,0.431884765625,0.45016154646873474,0.7318407297134399,0.7551341652870178
036549,0.556884765625,0.6069945096969604,0.5407800078392029,0.7031934261322021
036550,0.432373046875,0.4370766580104828,0.5636333227157593,0.5775638818740845
036551,0.388427734375,0.39667922258377075,0.3251410126686096,0.44682374596595764
036552,0.951904296875,0.9570824503898621,0.6230928897857666,0.6659461855888367
036554,0.0,0.12620188295841217,0.0,0.15717348456382751
036555,0.21875,0.3296331465244293,0.13817155361175537,0.3597026467323303
036556,0.943115234375,0.9547567367553711,0.5359453558921814,0.7076206207275391
036557,0.567138671875,0.6024714708328247,0.4261382520198822,0.42812997102737427
036558,0.228759765625,0.3229595422744751,0.12923716008663177,0.25762903690338135
036560,0.344482421875,0.35746002197265625,0.5977610945701599,0.7128319144248962
036561,0.1458333432674408,0.24041101336479187,0.10949836671352386,0.25334417819976807
036562,0.455078125,0.474853515625,0.8124242424964905,0.9359827041625977
036564,0.455078125,0.5850852131843567,0.23873552680015564,0.580251932144165
036565,0.2122395932674408,0.27719181776046753,0.1687147468328476,0.29231640696525574
036566,0.431884765625,0.4753798842430115,0.3415256440639496,0.4723774790763855
036569,0.701171875,0.7097306847572327,0.5887562036514282,0.7480501532554626
036570,0.962158203125,0.9624043107032776,0.9625431895256042,0.8814102411270142
036571,0.431884765625,0.43389320373535156,0.4763599932193756,0.37720397114753723
036573,0.9673665165901184,0.9676101207733154,1.0,0.9515162706375122
036574,0.469970703125,0.48007941246032715,0.3877114951610565,0.7455095052719116
036575,0.44140625,0.44504085183143616,0.45818498730659485,0.4710417091846466
036576,0.23046875,0.30054521560668945,0.17581595480442047,0.24771106243133545
036577,0.9375,0.9459547400474548,0.6545500159263611,0.7194196581840515
036578,0.9507649540901184,0.956539511680603,0.7292529344558716,0.7598533034324646
036579,0.567138671875,0.6019753813743591,0.5199966430664062,0.5519691705703735
036580,0.9668782353401184,0.9673219919204712,0.7810032963752747,0.7187772989273071
036584,0.501953125,0.501953125,0.4566117227077484,0.396750807762146
036586,0.701171875,0.7059260606765747,0.7184317708015442,0.7368438243865967
036587,0.951904296875,0.9574758410453796,0.6230928897857666,0.7577651739120483
036588,0.518798828125,0.5937708616256714,0.4535067081451416,0.6338182091712952
036589,0.9668782353401184,0.9677806496620178,0.7810032963752747,0.848865270614624
036591,0.946533203125,0.9565373063087463,0.575423002243042,0.7248103022575378
036595,0.393798828125,0.4402632713317871,0.2789551615715027,0.3669768273830414
036596,0.712158203125,0.7125200629234314,0.8569586873054504,0.88053297996521
036600,0.701904296875,0.7099280953407288,0.5307213068008423,0.7399652004241943
036601,0.968017578125,0.9680553674697876,1.0,0.9806010127067566
036602,0.9668782353401184,0.9673196077346802,0.892719030380249,0.826740562915802
036603,0.9673665165901184,0.9676674604415894,1.0,0.9406626224517822
036604,0.393798828125,0.43659594655036926,0.2789551615715027,0.29577431082725525
036605,0.300537109375,0.40331992506980896,0.2163846641778946,0.4001372754573822
036606,0.0625,0.23433637619018555,0.03576033189892769,0.4306749999523163
036607,0.94140625,0.9536300897598267,0.5900454521179199,0.7627071738243103
036608,0.967041015625,0.9672108888626099,0.9284793138504028,0.7375308275222778
036609,0.966796875,0.9675431251525879,0.8748388290405273,0.8788190484046936
036612,0.9507649540901184,0.9565904140472412,0.7292529344558716,0.9059709310531616
036614,0.2044270783662796,0.2163289338350296,0.15272833406925201,0.15753205120563507
036615,0.956298828125,0.960356593132019,0.7169486284255981,0.8203915953636169
036616,0.966796875,0.9677397012710571,0.7653606534004211,0.8103139400482178
036617,0.9668782353401184,0.9675946235656738,0.7810032963752747,0.8614088296890259
036622,0.499755859375,0.6021642088890076,0.293855756521225,0.44610247015953064
036625,0.951904296875,0.9596290588378906,0.7122209072113037,0.7958139181137085
036627,0.712158203125,0.7126976251602173,0.7497180104255676,0.8583030104637146
036628,0.951904296875,0.9566174745559692,0.6230928897857666,0.6164636015892029
036629,0.556884765625,0.6198915243148804,0.3877114951610565,0.7328599095344543
036631,0.0,0.2466249018907547,0.0,0.5237118601799011
036632,0.953369140625,0.958845853805542,0.6543781161308289,0.846177339553833
036635,0.219970703125,0.3172762393951416,0.16052241623401642,0.43355700373649597
036638,0.44921875,0.5487552285194397,0.32727500796318054,0.5987239480018616
036639,0.966796875,0.9675946235656738,0.7653606534004211,0.8969850540161133
036640,0.47265625,0.5287474393844604,0.3709116578102112,0.45826295018196106
036641,0.1875,0.314453125,0.1309099942445755,0.2962706685066223
036644,0.951904296875,0.9582579135894775,0.6230928897857666,0.8425063490867615
036645,0.08984375,0.24716190993785858,0.07620275020599365,0.5559033751487732
036646,0.951171875,0.9573825597763062,0.694340705871582,0.7091386914253235
036648,0.580322265625,0.6048938632011414,0.86592036485672,0.7558699250221252
036649,0.706298828125,0.7094436883926392,0.871160089969635,0.815065324306488
036650,0.943115234375,0.9546995759010315,0.6126077175140381,0.86617112159729
036651,0.568359375,0.5767325758934021,0.4457148313522339,0.6172961592674255
036652,0.503173828125,0.5129525065422058,0.3430097699165344,0.6063560843467712
036653,0.712158203125,0.7125766277313232,0.7497180104255676,0.8641635179519653
036654,0.943115234375,0.9546277523040771,0.6126077175140381,0.7146146297454834
036655,0.943115234375,0.948764443397522,0.819014847278595,0.9167889952659607
036656,0.469970703125,0.4770737290382385,0.3877114951610565,0.5721980929374695
036658,0.967041015625,0.9675797820091248,0.9284793138504028,0.9299073815345764
036660,0.703369140625,0.7076916694641113,0.5620065331459045,0.6355716586112976
036662,0.505615234375,0.5145760178565979,0.37429502606391907,0.5559075474739075
036663,0.967041015625,0.9676854014396667,0.8122885227203369,0.8672785758972168
036670,0.304931640625,0.38948768377304077,0.30563369393348694,0.611163854598999
036671,0.962158203125,0.9624552130699158,0.9625431895256042,0.8763439059257507
036674,0.09375,0.22949349880218506,0.08259502053260803,0.28655290603637695
036675,0.47265625,0.48272743821144104,0.3920743465423584,0.5745264291763306
036676,0.3059895932674408,0.3117024898529053,0.6920201778411865,0.7332063317298889
036677,0.956298828125,0.9579823613166809,1.0,0.8295813202857971
036678,0.967041015625,0.9674503803253174,0.9284793138504028,0.9012547731399536
036681,0.393798828125,0.46721819043159485,0.31885725259780884,0.4643498659133911
036682,0.968017578125,0.9680777788162231,1.0,0.9766007661819458
036683,0.939453125,0.9456040859222412,0.5589672327041626,0.5254514813423157
036685,0.947998046875,0.9547522068023682,0.6841284036636353,0.817471444606781
036686,0.9466145634651184,0.9522762298583984,0.8072783350944519,0.9226203560829163
036687,0.953369140625,0.9581695795059204,0.912726640701294,0.962885320186615
036688,0.9668782353401184,0.9677636623382568,0.7810032963752747,0.8900037407875061
036689,0.968017578125,0.9680473804473877,1.0,0.8215752243995667
036691,0.947998046875,0.9524749517440796,0.6841284036636353,0.7101135849952698
036692,0.501953125,0.5118585228919983,0.3273671567440033,0.5752722024917603
036693,0.956298828125,0.9584515690803528,1.0,0.8612692952156067
036694,0.968017578125,0.9680597186088562,1.0,0.9405699968338013
036695,0.39453125,0.394775390625,0.5199966430664062,0.4063575267791748
036697,0.956298828125,0.9599859118461609,1.0,0.9497750997543335
036699,0.966796875,0.9674224257469177,0.7653606534004211,0.7165861129760742
036700,0.967041015625,0.9670906066894531,1.0,1.0
036701,0.967041015625,0.9678128957748413,0.8122885227203369,0.8795344829559326
036702,0.956298828125,0.9596707224845886,0.7169486284255981,0.7367466688156128
036703,0.9668782353401184,0.9674468636512756,0.892719030380249,0.9021696448326111
036704,0.951904296875,0.9574106931686401,0.8690900206565857,0.970533549785614
036705,0.9673665165901184,0.9677870273590088,0.8748590350151062,0.9164791107177734
036706,0.455078125,0.5093660354614258,0.5907889604568481,0.7766728401184082
036707,0.488037109375,0.5649710297584534,0.3265250623226166,0.5937688946723938
036709,0.3059895932674408,0.40508413314819336,0.2033541053533554,0.38436394929885864
036710,0.947998046875,0.9543583393096924,0.5985158681869507,0.6964269280433655
036711,0.956298828125,0.9589233994483948,0.8195018768310547,0.8568029403686523
036713,0.9375,0.9442518949508667,0.7171369194984436,0.7728614807128906
036714,0.953369140625,0.9603351950645447,0.6543781161308289,0.7803869247436523
036716,0.260498046875,0.396145761013031,0.16052241623401642,0.47898972034454346
036717,0.959228515625,0.959648609161377,0.7631344795227051,0.7312700748443604
036719,0.146728515625,0.26362699270248413,0.1366233378648758,0.38908663392066956
036722,0.278564453125,0.3600180149078369,0.25817668437957764,0.48202359676361084
036723,0.968017578125,0.9680641293525696,1.0,0.9936867356300354
036726,0.967041015625,0.9674054980278015,0.8122885227203369,0.6163543462753296
036727,0.5694172978401184,0.5756294131278992,0.4635950028896332,0.5584880709648132
036728,0.951171875,0.9571772217750549,0.6074502468109131,0.7370562553405762
036729,0.580322265625,0.636974573135376,0.4040961265563965,0.6483110189437866
036731,0.703369140625,0.7088193893432617,0.5620065331459045,0.6757634878158569
036732,0.712158203125,0.7125029563903809,0.7497180104255676,0.7322611808776855
036733,0.260498046875,0.3380514979362488,0.397238165140152,0.707030713558197
036735,0.35546875,0.366074800491333,0.2659246027469635,0.48031187057495117
036739,0.633056640625,0.637249231338501,0.5862115621566772,0.7231042385101318
036740,0.3059895932674408,0.3447266221046448,0.2836383283138275,0.34631630778312683
036741,0.701171875,0.7059783935546875,0.5887562036514282,0.5696414709091187
036743,0.946533203125,0.9502360820770264,1.0,1.0
036744,0.706298828125,0.7109800577163696,0.7139173746109009,0.7921080589294434
036747,0.706298828125,0.7085983753204346,0.871160089969635,0.8110931515693665
036749,0.34765625,0.3579804301261902,0.293855756521225,0.5945595502853394
036750,0.959228515625,0.9596724510192871,0.7631344795227051,0.7624923586845398
036751,0.701904296875,0.7079325914382935,0.6066363453865051,0.7531482577323914
036752,0.469970703125,0.47841668128967285,0.3877114951610565,0.48892804980278015
036753,0.967041015625,0.9675672650337219,0.8122885227203369,0.9431440234184265
036755,0.947998046875,0.9551733732223511,0.5985158681869507,0.7195149660110474
036756,0.959228515625,0.9599798321723938,0.7631344795227051,0.9301778078079224
036759,0.584228515625,0.5847935080528259,0.6245770454406738,0.5970837473869324
036761,0.44140625,0.447317510843277,0.45818498730659485,0.5075879693031311
036762,0.490234375,0.5485488176345825,0.5961710214614868,0.6587207913398743
036763,0.560546875,0.6356238126754761,0.4981783330440521,0.7701550722122192
036764,0.968017578125,0.9680554866790771,1.0,0.8975556492805481
036766,0.633056640625,0.6378154158592224,0.5862115621566772,0.7176393270492554
036769,0.374755859375,0.4156060218811035,0.7617307901382446,0.8578113317489624
036772,0.659423828125,0.6634353399276733,0.6764605641365051,0.7401074171066284
036773,0.5757649540901184,0.5805139541625977,0.5708760023117065,0.6234683394432068
036774,0.956298828125,0.9594643115997314,0.8195018768310547,0.778666079044342
036775,0.956298828125,0.9593415856361389,0.8195018768310547,0.7719600200653076
036777,0.968017578125,0.9680769443511963,1.0,0.8815464377403259
036778,0.953369140625,0.9603573679924011,0.6543781161308289,0.8841197490692139
036780,0.488037109375,0.57294762134552,0.398443341255188,0.6660228967666626
036781,0.4375,0.5304139852523804,0.2503223121166229,0.37864020466804504
036783,0.967041015625,0.9675950407981873,0.9284793138504028,0.8822240829467773
036784,0.968017578125,0.9680591225624084,1.0,0.9758505821228027
036785,0.432373046875,0.4380440413951874,0.4618985950946808,0.5859256386756897
036788,0.267578125,0.3233015239238739,0.23635835945606232,0.3610725700855255
036789,0.9673665165901184,0.9678959250450134,0.8748590350151062,0.9782268404960632
036790,0.19921875,0.3097553253173828,0.16092148423194885,0.47638145089149475
036791,0.9507649540901184,0.9529623985290527,0.974961519241333,0.9591551423072815
036793,0.956298828125,0.9597817063331604,0.8195018768310547,0.7762368321418762
036795,0.703369140625,0.7064828276634216,0.7838867902755737,0.6923446655273438
036797,0.560546875,0.5724430084228516,0.8838695287704468,0.876549243927002
036798,0.951171875,0.95846027135849,0.6074502468109131,0.8029266595840454
036800,0.712158203125,0.7124330401420593,0.8569586873054504,0.853350043296814
036801,0.968017578125,0.9680594801902771,1.0,0.9473926424980164
036804,0.967041015625,0.9675568342208862,0.9284793138504028,0.9764449000358582
036805,0.0,0.10759784281253815,0.0,0.21102917194366455
036806,0.953369140625,0.9577763676643372,0.7479812502861023,0.7599698901176453
036809,0.584228515625,0.5843122005462646,0.6245770454406738,0.484160840511322
036812,0.962158203125,0.9626385569572449,0.8420895934104919,0.9134011268615723
036813,0.943359375,0.9517228007316589,0.7371450066566467,0.8856850266456604
036814,0.499755859375,0.6032953858375549,0.3358892798423767,0.5806165337562561
036815,0.304931640625,0.3161061704158783,0.2789600193500519,0.22887521982192993
036816,0.947998046875,0.9514353275299072,0.9146330952644348,0.8822271227836609
036818,0.703369140625,0.7070661783218384,0.6423966884613037,0.6231362819671631
036822,0.9673665165901184,0.9676653742790222,1.0,0.8439879417419434
036823,0.510498046875,0.5159608721733093,0.43686550855636597,0.5807574391365051
036824,0.957763671875,0.9582077264785767,0.7236568927764893,0.6992973685264587
036825,0.197998046875,0.2851150333881378,0.29449179768562317,0.5621755719184875
036826,0.197998046875,0.3495214581489563,0.15708759427070618,0.6221339106559753
036827,0.5694172978401184,0.5756070613861084,0.5657033920288086,0.6590412855148315
036828,0.9444172978401184,0.9539198875427246,0.6219719052314758,0.8353220224380493
036829,0.968017578125,0.968052864074707,1.0,0.9185816645622253
036831,0.95703125,0.9575387239456177,0.8046074509620667,0.7662519812583923
036832,0.503173828125,0.5138034820556641,0.3430097699165344,0.622163712978363
036833,0.08984375,0.20434577763080597,0.1428571492433548,0.42850613594055176
036836,0.3059895932674408,0.3386595845222473,0.5032320022583008,0.550896167755127
036837,0.323974609375,0.3354513943195343,0.3111700117588043,0.2648777663707733
036838,0.967041015625,0.9678092002868652,0.8122885227203369,0.8904035687446594
036839,0.943359375,0.9532665014266968,0.6040917634963989,0.7695060968399048
036841,0.556884765625,0.6093223690986633,0.4431702494621277,0.6257084012031555
036842,0.431884765625,0.4757714867591858,0.3415256440639496,0.42432865500450134
036850,0.962158203125,0.9625611305236816,0.8420895934104919,0.8691422343254089
036851,0.968017578125,0.9680765271186829,1.0,0.852218508720398
036854,0.967041015625,0.9676157236099243,0.8122885227203369,0.8411534428596497
036855,0.61328125,0.6177808046340942,0.4536360800266266,0.5386536717414856
036856,0.659423828125,0.6634808778762817,0.5918076038360596,0.7558952569961548
036857,0.712158203125,0.7124757766723633,0.8569586873054504,0.73720782995224
036858,0.706298828125,0.7111409306526184,0.6245770454406738,0.7392085790634155
036859,0.3059895932674408,0.41703706979751587,0.23244215548038483,0.48948246240615845
036860,0.9673665165901184,0.9677110314369202,0.8748590350151062,0.8497921228408813
036862,0.228759765625,0.39829862117767334,0.12923716008663177,0.24790818989276886
036863,0.940673828125,0.9487998485565186,0.5046601295471191,0.6380634307861328
036864,0.488037109375,0.5751767158508301,0.2856633961200714,0.534238338470459
036867,0.567138671875,0.62674880027771,0.37281090021133423,0.6401692628860474
036868,0.3599446713924408,0.4492279291152954,0.26257050037384033,0.45142707228660583
036869,0.959228515625,0.9597344994544983,0.7631344795227051,0.749695360660553
036870,0.947998046875,0.9540405869483948,0.5985158681869507,0.6817707419395447
036873,0.260498046875,0.3667660355567932,0.18348374962806702,0.402023583650589
036874,0.967041015625,0.9675894379615784,0.8122885227203369,0.7279492020606995
036875,0.956298828125,0.9609581828117371,0.7169486284255981,0.6023337841033936
036876,0.469970703125,0.4773733615875244,0.4431702494621277,0.5820199847221375
036877,0.9673665165901184,0.9677481055259705,1.0,0.9966297745704651
036878,0.606689453125,0.6361019611358643,0.5334192514419556,0.5736788511276245
036880,0.300537109375,0.37179234623908997,0.24733662605285645,0.4897010028362274
036884,0.32421875,0.3310995101928711,0.25437816977500916,0.2679504156112671
036885,0.488037109375,0.5740725994110107,0.2856633961200714,0.5101063847541809
036887,0.967041015625,0.9675546288490295,0.9284793138504028,0.9553035497665405
036888,0.966796875,0.9671615362167358,0.8748388290405273,0.8776551485061646
036889,0.46875,0.4804958701133728,0.3791045546531677,0.6130340099334717
036891,0.567138671875,0.582395076751709,0.37281090021133423,0.3396921455860138
036893,0.510498046875,0.5156696438789368,0.49935534596443176,0.5371502041816711
036894,0.943359375,0.9525340795516968,0.6040917634963989,0.8049216866493225
036895,0.431884765625,0.47426438331604004,0.390377938747406,0.4961801767349243
036896,0.4375,0.5347116589546204,0.2503223121166229,0.47334182262420654
036898,0.966796875,0.9677332639694214,0.7653606534004211,0.9556569457054138
036899,0.956298828125,0.9605855941772461,0.7169486284255981,0.77568519115448
036900,0.953369140625,0.957851767539978,0.7479812502861023,0.7349978685379028
036901,0.510498046875,0.5170517563819885,0.49935534596443176,0.7242943644523621
036904,0.9507649540901184,0.9542756080627441,0.8898733854293823,0.9200717210769653
036905,0.659423828125,0.6621754765510559,0.6764605641365051,0.6355417966842651
036906,0.344482421875,0.40906575322151184,0.31885725259780884,0.5293731093406677
036907,0.943359375,0.9458279013633728,0.8076295852661133,0.8555268049240112
036909,0.2774251401424408,0.4299977421760559,0.1687147468328476,0.5250950455665588
036910,0.9375,0.9459518194198608,0.5364049673080444,0.5464220643043518
036911,0.150390625,0.29689347743988037,0.10344710201025009,0.32185497879981995
036912,0.47265625,0.5246448516845703,0.5698384642601013,0.67724609375
036913,0.51953125,0.5944383144378662,0.3284950852394104,0.4104495048522949
036914,0.968017578125,0.9680600166320801,1.0,0.9289212226867676
036915,0.567138671875,0.6073549389839172,0.4261382520198822,0.5300806760787964
036916,0.943115234375,0.9490604996681213,0.6126077175140381,0.8108764290809631
036918,0.0,0.04475446790456772,0.0,0.06770111620426178
036919,0.520263671875,0.520659327507019,0.5620065331459045,0.47214433550834656
036922,0.3599446713924408,0.44124215841293335,0.3001289367675781,0.5700231194496155
036923,0.962158203125,0.9624816179275513,0.9625431895256042,0.9036838412284851
036925,0.9673665165901184,0.9675189852714539,0.8748590350151062,0.7197067141532898
036926,0.374755859375,0.46027204394340515,0.28309693932533264,0.48060524463653564
036927,0.957763671875,0.9586661458015442,0.7236568927764893,0.7662831544876099
036929,0.9673665165901184,0.9676845669746399,0.8748590350151062,0.7665950059890747
036930,0.712158203125,0.7126073837280273,0.7497180104255676,0.8490270376205444
036931,0.962158203125,0.9624547958374023,0.9625431895256042,0.8769500255584717
036932,0.490234375,0.575714111328125,0.3180091083049774,0.4334780275821686
036933,0.580322265625,0.62818843126297,0.4618985950946808,0.6430940628051758
036934,0.9673665165901184,0.9677207469940186,1.0,0.9789465665817261
036935,0.962158203125,0.9624438285827637,0.9625431895256042,0.8426952958106995
036937,0.967041015625,0.9674597382545471,0.9284793138504028,0.8519384264945984
036938,0.968017578125,0.9680420756340027,1.0,0.9031597375869751
036939,0.962158203125,0.9624176621437073,0.9625431895256042,0.9009983539581299
036940,0.962158203125,0.9625777006149292,0.8420895934104919,0.7978795766830444
036941,0.44140625,0.447584867477417,0.3754834830760956,0.46128639578819275
036942,0.947998046875,0.9529786705970764,0.6841284036636353,0.6447113156318665
036945,0.0,0.0062500000931322575,0.0,0.010554607957601547
036946,0.4700520932674408,0.48085829615592957,0.3563140034675598,0.5825684070587158
036947,0.61328125,0.6201431751251221,0.4536360800266266,0.6451531648635864
036948,0.469970703125,0.48002395033836365,0.3877114951610565,0.5853460431098938
036949,0.568359375,0.5788893699645996,0.3899376392364502,0.6678150296211243
036950,0.469970703125,0.47266873717308044,0.4431702494621277,0.4151332676410675
036952,0.606689453125,0.6497352123260498,0.5334192514419556,0.688616156578064
036955,0.9466145634651184,0.9516112804412842,0.6615661382675171,0.6978241801261902
036956,0.9375,0.9461227655410767,0.5364049673080444,0.5464617609977722
036958,0.9507649540901184,0.9558215141296387,0.8898733854293823,0.8238205313682556
036959,0.947998046875,0.9559109807014465,0.6841284036636353,0.7712157964706421
036960,0.393798828125,0.4678369164466858,0.38908666372299194,0.6722761988639832
036961,0.48828125,0.4892260432243347,0.5307213068008423,0.680698573589325
036963,0.9466145634651184,0.9525487422943115,0.6615661382675171,0.7486753463745117
036965,0.706298828125,0.7093881964683533,0.6245770454406738,0.6240561604499817
036966,0.606689453125,0.6505574584007263,0.46666663885116577,0.7022391557693481
036967,0.943359375,0.9444172978401184,0.6040917634963989,0.5202277302742004
036970,0.166259765625,0.2559097409248352,0.16220630705356598,0.40172436833381653
036972,0.560546875,0.6262264251708984,0.3571682572364807,0.6158453226089478
036974,0.94140625,0.9515231847763062,0.5900454521179199,0.761282205581665
036976,0.520263671875,0.5210657715797424,0.5620065331459045,0.7422906160354614
036977,0.212890625,0.3265690505504608,0.12984324991703033,0.3426115810871124
036978,0.584228515625,0.5844513773918152,0.7139173746109009,0.663959264755249
036979,0.23828125,0.2897331714630127,0.30167919397354126,0.4133516550064087
036980,0.505615234375,0.5170560479164124,0.37429502606391907,0.5473892092704773
036981,0.9673665165901184,0.9678954482078552,0.8748590350151062,0.9473557472229004
036982,0.633056640625,0.6369168758392334,0.715326726436615,0.7808528542518616
036984,0.150390625,0.27642011642456055,0.09050162881612778,0.32377466559410095
036985,0.706298828125,0.7085204124450684,0.6245770454406738,0.5577893257141113
036986,0.951904296875,0.9599267244338989,0.6230928897857666,0.7737929224967957
036988,0.03125,0.2599543631076813,0.022562257945537567,0.4288380444049835
036989,0.966796875,0.9674395322799683,0.7653606534004211,0.7512809038162231
036990,0.943115234375,0.9504450559616089,0.7475366592407227,0.802696704864502
036991,0.953369140625,0.9582774639129639,0.6543781161308289,0.682384192943573
036992,0.44140625,0.451083242893219,0.3284950852394104,0.5347739458084106
036993,0.967041015625,0.9676734209060669,0.8122885227203369,0.8542437553405762
036994,0.959228515625,0.9597492814064026,0.7631344795227051,0.7643293142318726
036996,0.12109375,0.168701171875,0.24055138230323792,0.4465605914592743
036997,0.953369140625,0.9585189819335938,0.7479812502861023,0.747314453125
036998,0.4375,0.5257360339164734,0.30545666813850403,0.5204256176948547
037000,0.5757649540901184,0.5808711051940918,0.5708760023117065,0.6378028392791748
037001,0.9668782353401184,0.9674409031867981,0.892719030380249,0.8891744017601013
037002,0.3599446713924408,0.4271601438522339,0.26257050037384033,0.509549617767334
037003,0.9507649540901184,0.9543811678886414,0.8898733854293823,0.7802990078926086
037005,0.9673665165901184,0.9676902294158936,0.8748590350151062,0.7408536076545715
037006,0.953369140625,0.9585357904434204,0.7479812502861023,0.7642029523849487
037007,0.968017578125,0.9680650234222412,1.0,0.9830859303474426
037009,0.951171875,0.9555879235267639,0.8472716808319092,0.9571811556816101
037011,0.531982421875,0.5844765901565552,0.48571667075157166,0.6441052556037903
037013,0.951171875,0.954055666923523,0.9282863140106201,0.9759477376937866
037014,0.9375,0.9491577744483948,0.4692787230014801,0.5737737417221069
037015,0.946533203125,0.9514538645744324,0.575423002243042,0.5154807567596436
037016,0.9507649540901184,0.9549980759620667,0.6379934549331665,0.7206745743751526
037018,0.939453125,0.9451103210449219,0.5589672327041626,0.529758632183075
037019,0.9673665165901184,0.9676013588905334,0.8748590350151062,0.762293815612793
037021,0.947998046875,0.9506219029426575,0.6841284036636353,0.5352454781532288
037022,0.953369140625,0.958190381526947,0.7479812502861023,0.7729927897453308
037023,0.9673665165901184,0.9677078723907471,0.8748590350151062,0.9094805121421814
037024,0.606689453125,0.6226953268051147,1.0,0.8698000907897949
037025,0.959228515625,0.9596667885780334,0.8722942471504211,0.8193600177764893
037027,0.584228515625,0.5848041772842407,0.6245770454406738,0.7628087997436523
037029,0.219970703125,0.3275567889213562,0.18348374962806702,0.43929266929626465
037033,0.9673665165901184,0.9676938056945801,0.8748590350151062,0.81047523021698
037034,0.432373046875,0.4375358819961548,0.4618985950946808,0.5436962246894836
037036,0.0,0.0712193101644516,0.0,0.30869999527931213
037037,0.46875,0.46875,0.5441304445266724,0.5309823155403137
037038,0.0,0.09320475906133652,0.0,0.1919862926006317
037039,0.9673665165901184,0.9678482413291931,0.8748590350151062,0.9475630521774292
037041,0.9668782353401184,0.9674151539802551,0.7810032963752747,0.7729200720787048
037043,0.962158203125,0.9625608921051025,0.8420895934104919,0.8872313499450684
037044,0.9673665165901184,0.9677452445030212,0.8748590350151062,0.7370837330818176
037045,0.659423828125,0.662510335445404,0.5918076038360596,0.670064389705658
037046,0.943359375,0.951356053352356,0.6040917634963989,0.7569803595542908
037047,0.957763671875,0.9583908319473267,0.7236568927764893,0.7465547919273376
037048,0.34765625,0.35993680357933044,0.293855756521225,0.4895825684070587
037051,0.51953125,0.5693405270576477,0.45818498730659485,0.6586872935295105
037052,0.39453125,0.4005110263824463,0.4261382520198822,0.6159057021141052
037053,0.968017578125,0.9680587649345398,1.0,0.9303451776504517
037054,0.943115234375,0.9512314796447754,0.5359453558921814,0.5514009594917297
037055,0.490234375,0.5258283615112305,0.5961710214614868,0.6520140171051025
037056,0.619873046875,0.6250886917114258,0.4733748733997345,0.6957311034202576
037057,0.571533203125,0.5780621767044067,0.43686550855636597,0.508180558681488
037059,0.967041015625,0.9676236510276794,0.8122885227203369,0.8096275329589844
037060,0.304931640625,0.37892642617225647,0.22860826551914215,0.4111361503601074
037061,0.23046875,0.2403564453125,0.38063758611679077,0.3962691128253937
037062,0.388427734375,0.3942803740501404,0.4535067081451416,0.5651558637619019
037064,0.962158203125,0.9624902606010437,0.9625431895256042,0.9001797437667847
037066,0.344482421875,0.38630396127700806,0.31885725259780884,0.3930027186870575
037067,0.580322265625,0.6126535534858704,0.4618985950946808,0.4910310208797455
037068,0.580322265625,0.6411881446838379,0.4618985950946808,0.545386016368866
037069,0.35546875,0.35821533203125,0.4887082576751709,0.562993586063385
037070,0.47265625,0.5187945365905762,0.3709116578102112,0.47803398966789246
037072,0.580322265625,0.6411779522895813,0.5636333227157593,0.7768149375915527
037073,0.02083333395421505,0.1233723983168602,0.05323231965303421,0.3741951286792755
037075,0.633056640625,0.6387455463409424,0.5128524899482727,0.7233180403709412
037077,0.567138671875,0.6184226274490356,0.5199966430664062,0.6957767009735107
037079,0.9388020634651184,0.9429035782814026,0.5542851090431213,0.5558335781097412
037080,0.962158203125,0.9626884460449219,0.8420895934104919,0.8716286420822144
037081,0.490234375,0.490234375,0.8556691408157349,0.7610549330711365
037084,0.531982421875,0.6015052795410156,0.48571667075157166,0.7050081491470337
037085,0.531982421875,0.6044562458992004,0.3482339084148407,0.5721832513809204
037087,0.1875,0.1875,0.2886616587638855,0.23354701697826385
037090,0.261474609375,0.34865015745162964,0.20000000298023224,0.5665440559387207
037092,0.703369140625,0.7072914242744446,0.6423966884613037,0.5869265794754028
037094,0.703369140625,0.7076965570449829,0.6423966884613037,0.6986272931098938
037095,0.518798828125,0.6086262464523315,0.3251410126686096,0.5803087949752808
037096,0.9466145634651184,0.9502311944961548,0.6615661382675171,0.6940776109695435
037098,0.962158203125,0.9625466465950012,0.9625431895256042,0.8978344798088074
037099,0.953369140625,0.9561325907707214,0.912726640701294,0.8955014944076538
037100,0.584228515625,0.5842682123184204,0.7139173746109009,0.6542387008666992
037101,0.947998046875,0.9539841413497925,0.5985158681869507,0.7682867050170898
037102,0.701904296875,0.7075013518333435,0.6066363453865051,0.6160668730735779
037105,0.701904296875,0.7080069780349731,0.5307213068008423,0.59856778383255
037106,0.962158203125,0.9626041650772095,0.8420895934104919,0.8410202264785767
037107,0.9444172978401184,0.9500381350517273,0.8315341472625732,0.8727723956108093
037108,0.968017578125,0.9680556058883667,1.0,0.9445880055427551
037109,0.9673665165901184,0.9678935408592224,0.8748590350151062,0.9482951760292053
037110,0.968017578125,0.968063235282898,1.0,0.9498905539512634
037111,0.968017578125,0.968063235282898,1.0,0.9498905539512634
037112,0.953369140625,0.9584202170372009,0.6543781161308289,0.6519161462783813
037113,0.701171875,0.7075433135032654,0.5150786638259888,0.5790420770645142
037115,0.228759765625,0.3850632905960083,0.18026001751422882,0.617364764213562
037118,0.633056640625,0.6397514343261719,0.5862115621566772,0.6961251497268677
037119,0.580322265625,0.6419164538383484,0.4618985950946808,0.5699031352996826
037121,0.9673665165901184,0.9677311778068542,0.8748590350151062,0.8928749561309814
037122,0.9673665165901184,0.967792809009552,0.8748590350151062,0.7378417253494263
037123,0.580322265625,0.6319183111190796,0.4040961265563965,0.5769964456558228
037125,0.659423828125,0.6634336709976196,0.5918076038360596,0.7905276417732239
037126,0.966796875,0.9675453901290894,0.7653606534004211,0.8526365160942078
037128,0.580322265625,0.6230089068412781,0.5636333227157593,0.6941660642623901
037129,0.44140625,0.44696044921875,0.3754834830760956,0.43917879462242126
037130,0.3125,0.3223235011100769,0.2682024836540222,0.4176367223262787
037131,0.9668782353401184,0.9673163890838623,0.892719030380249,0.9258398413658142
037132,0.701904296875,0.7098487615585327,0.5307213068008423,0.6358702182769775
037133,0.946533203125,0.9549009799957275,0.575423002243042,0.6812843084335327
037134,0.388427734375,0.3970942199230194,0.3251410126686096,0.4811928868293762
037135,0.580322265625,0.6201106905937195,0.4040961265563965,0.5323546528816223
037139,0.968017578125,0.9680768847465515,1.0,0.9667412638664246
037140,0.499755859375,0.5857944488525391,0.4490610957145691,0.7399792671203613
037144,0.9444172978401184,0.9547221660614014,0.6219719052314758,0.70573890209198
037145,0.510498046875,0.514477014541626,0.6093400716781616,0.6675145626068115
037146,0.9375,0.9449508190155029,0.5364049673080444,0.5363520979881287
037147,0.30078125,0.355144739151001,0.28309693932533264,0.4879436194896698
037148,0.110107421875,0.27074962854385376,0.07620275020599365,0.4546423852443695
037149,0.946533203125,0.9537092447280884,0.6577322483062744,0.70609050989151
037150,0.0,0.11328125,0.0,0.15532568097114563
037151,0.9444172978401184,0.9528363943099976,0.7589633464813232,0.9074153900146484
037154,0.9375,0.9492536187171936,0.6008664965629578,0.8466659784317017
037155,0.703369140625,0.7082277536392212,0.6423966884613037,0.7080591320991516
037157,0.197998046875,0.34994158148765564,0.13742950558662415,0.5123775005340576
037158,0.23046875,0.3190460205078125,0.214540034532547,0.5244238376617432
037159,0.0,0.24643126130104065,0.0,0.39495500922203064
037162,0.9668782353401184,0.9672897458076477,0.892719030380249,0.7527371644973755
037163,0.9466145634651184,0.9533470869064331,0.6615661382675171,0.7489294409751892
037166,0.9673665165901184,0.9677732586860657,0.8748590350151062,0.8814585208892822
037167,0.967041015625,0.9676843881607056,0.8122885227203369,0.8507305383682251
037168,0.4778645932674408,0.48348522186279297,0.5657033920288086,0.7164857983589172
037169,0.659423828125,0.6617063283920288,0.8254533410072327,0.8545143008232117
037171,0.584228515625,0.5849984884262085,0.6245770454406738,0.7821128368377686
037173,0.968017578125,0.9680449962615967,1.0,0.9196913838386536
037174,0.488037109375,0.5482234358787537,0.398443341255188,0.47649019956588745
037175,0.953369140625,0.9567309617996216,0.6543781161308289,0.5281265377998352
037177,0.953369140625,0.9570058584213257,0.7479812502861023,0.704668402671814
037180,0.146728515625,0.27289870381355286,0.11196307837963104,0.4578860104084015
037183,0.953369140625,0.9602787494659424,0.7479812502861023,0.8966956734657288
037184,0.701171875,0.7058529853820801,0.5887562036514282,0.5802907943725586
037185,0.951904296875,0.9590728282928467,0.7122209072113037,0.8380962610244751
037186,0.701904296875,0.708604633808136,0.6066363453865051,0.7495005130767822
037188,0.344482421875,0.3864516615867615,0.5977610945701599,0.6482449173927307
037189,0.510498046875,0.5162160396575928,0.49935534596443176,0.6542211771011353
037190,0.9673665165901184,0.967478334903717,1.0,0.8331799507141113
037191,0.9507649540901184,0.9561702013015747,0.7292529344558716,0.7645313143730164
037192,0.947998046875,0.954011857509613,0.6841284036636353,0.8090199828147888
037195,0.3599446713924408,0.4365319013595581,0.3001289367675781,0.6344468593597412
037198,0.9668782353401184,0.9675316214561462,0.7810032963752747,0.7095667123794556
037199,0.9388020634651184,0.9532443284988403,0.48492133617401123,0.7657607197761536
037200,0.968017578125,0.9680619239807129,1.0,0.9223928451538086
037203,0.959228515625,0.959706723690033,0.7631344795227051,0.8333156108856201
037204,0.967041015625,0.9675281047821045,0.9284793138504028,0.8896260261535645
037206,0.490234375,0.5676230192184448,0.38805168867111206,0.635331928730011
037207,0.488037109375,0.5114688873291016,0.7069194316864014,0.7769016623497009
037208,0.951904296875,0.9581934809684753,0.7122209072113037,0.9047415256500244
037209,0.967041015625,0.9678148031234741,0.8122885227203369,0.899164617061615
037210,0.39453125,0.3989759087562561,0.5199966430664062,0.5343779921531677
037211,0.3059895932674408,0.3095601499080658,0.5032320022583008,0.4962462782859802
037212,0.9444172978401184,0.9539056420326233,0.6219719052314758,0.7548633217811584
037213,0.967041015625,0.9676627516746521,0.8122885227203369,0.8881362080574036
037214,0.968017578125,0.9680513739585876,1.0,0.9159206748008728
037215,0.968017578125,0.968052089214325,1.0,0.8994357585906982
037216,0.568359375,0.5757099986076355,0.5958904027938843,0.7577469944953918
037217,0.968017578125,0.9680624008178711,1.0,0.9603934288024902
037218,0.968017578125,0.9680631160736084,1.0,0.9797919392585754
037220,0.606689453125,0.6291751861572266,1.0,0.9737764000892639
037221,0.9507649540901184,0.9541060924530029,0.8898733854293823,0.8610630035400391
037222,0.212890625,0.3980978727340698,0.1584416627883911,0.5754982233047485
037223,0.580322265625,0.6325839161872864,0.4618985950946808,0.5920662879943848
037225,0.508056640625,0.5142919421195984,0.5334192514419556,0.7132095098495483
037228,0.706298828125,0.7105852961540222,0.7139173746109009,0.8080055713653564
037229,0.9466145634651184,0.9502766728401184,0.6615661382675171,0.6438905596733093
037231,0.967041015625,0.9675741791725159,0.8122885227203369,0.7983079552650452
037233,0.968017578125,0.9680380821228027,1.0,0.892158567905426
037237,0.469970703125,0.47464466094970703,0.5924884676933289,0.6844210028648376
037238,0.584228515625,0.5849183201789856,0.6245770454406738,0.7072662115097046
037239,0.962158203125,0.9625531435012817,0.8420895934104919,0.7380551695823669
037240,0.304931640625,0.3963180184364319,0.2789600193500519,0.4559454619884491
037241,0.703369140625,0.7067472338676453,0.7838867902755737,0.8445422053337097
037242,0.9668782353401184,0.9677701592445374,0.7810032963752747,0.8294955492019653
037243,0.943115234375,0.9529861807823181,0.5359453558921814,0.714675784111023
037244,0.957763671875,0.9583178758621216,0.7236568927764893,0.765755295753479
037245,0.967041015625,0.967343807220459,0.9284793138504028,0.7946165800094604
037246,0.94140625,0.9497154951095581,0.5162065625190735,0.5771140456199646
037247,0.2044270783662796,0.3134775161743164,0.23463937640190125,0.56612628698349
037248,0.9444172978401184,0.9516298174858093,0.6219719052314758,0.7739407420158386
037249,0.956298828125,0.9603152275085449,0.7169486284255981,0.763617992401123
037251,0.968017578125,0.9680576920509338,1.0,0.8633925318717957
037252,0.946533203125,0.9564989805221558,0.575423002243042,0.6634200215339661
037253,0.571533203125,0.577204704284668,0.43686550855636597,0.519197940826416
037254,0.510498046875,0.5167143940925598,0.49935534596443176,0.5122821927070618
037255,0.953369140625,0.9560122489929199,0.7479812502861023,0.6040164232254028
037256,0.212890625,0.3962177336215973,0.12984324991703033,0.3978285789489746
037258,0.47265625,0.5178990960121155,0.6580725908279419,0.8417823314666748
037260,0.956298828125,0.9603179693222046,0.7169486284255981,0.7480847835540771
037261,0.962158203125,0.9623475670814514,0.8420895934104919,0.6730815768241882
037262,0.488037109375,0.5585341453552246,0.398443341255188,0.5186278223991394
037263,0.9673665165901184,0.9676834940910339,1.0,0.9177637100219727
037264,0.967041015625,0.9675275087356567,0.8122885227203369,0.7184600234031677
037265,0.967041015625,0.967557966709137,0.9284793138504028,0.8719801306724548
037267,0.953369140625,0.957563042640686,0.912726640701294,0.8601474165916443
037268,0.940673828125,0.9467532634735107,0.8770246505737305,0.9499775171279907
037269,0.4375,0.4375,0.33466389775276184,0.3279120922088623
037270,0.9673665165901184,0.9676138758659363,0.8748590350151062,0.8083583116531372
037271,0.706298828125,0.7097395658493042,0.7139173746109009,0.7507727146148682
037273,0.9673665165901184,0.9677630066871643,0.8748590350151062,0.8907827734947205
037274,0.962158203125,0.9624789953231812,0.9625431895256042,0.9002158045768738
037275,0.9673665165901184,0.9677041172981262,1.0,0.912283182144165
037276,0.968017578125,0.9680536985397339,1.0,0.9761977791786194
037279,0.943115234375,0.9509792923927307,0.7475366592407227,0.8874035477638245
037281,0.9668782353401184,0.9677590727806091,0.7810032963752747,0.8114458322525024
037282,0.21875,0.3095090985298157,0.19272169470787048,0.466309517621994
037283,0.606689453125,0.6281503438949585,1.0,0.9291897416114807
037284,0.571533203125,0.5779932737350464,0.49935534596443176,0.6062345504760742
037285,0.571533203125,0.5784847140312195,0.6093400716781616,0.7850630879402161
037287,0.0,0.0331333726644516,0.0,0.2258903682231903
037288,0.947998046875,0.9494400024414062,0.8348100185394287,0.906078577041626
037289,0.520263671875,0.520940363407135,0.5620065331459045,0.6330821514129639
037290,0.556884765625,0.5784119367599487,0.9594535827636719,0.9015098214149475
037291,0.957763671875,0.9586479663848877,0.7236568927764893,0.7458866834640503
037294,0.39453125,0.4028421640396118,0.37281090021133423,0.4483075737953186
037296,0.5694172978401184,0.5809003710746765,0.4055802822113037,0.6921277046203613
037297,0.95703125,0.9575419425964355,0.7039180397987366,0.6757509708404541
037299,0.959228515625,0.9593743681907654,0.9394869804382324,0.8901768326759338
037301,0.300537109375,0.3592171370983124,0.4636814594268799,0.6446027159690857
037303,0.9466145634651184,0.9468892216682434,0.6615661382675171,0.4785378575325012
037304,0.34765625,0.35639214515686035,0.293855756521225,0.4977608919143677
037305,0.510498046875,0.5185928344726562,0.43686550855636597,0.7245383262634277
037306,0.19921875,0.29750731587409973,0.14078360795974731,0.32280856370925903
037307,0.946533203125,0.9529375433921814,0.575423002243042,0.7769078612327576
037308,0.956298828125,0.9601563811302185,0.7169486284255981,0.6960696578025818
037310,0.9466145634651184,0.9527806639671326,0.5787770748138428,0.6048524975776672
037312,0.488037109375,0.5901449918746948,0.3265250623226166,0.4808867871761322
037313,0.962158203125,0.9625288248062134,0.8420895934104919,0.8588817119598389
037314,0.32421875,0.3349982500076294,0.25437816977500916,0.5380572080612183
037316,0.267578125,0.27581787109375,0.36312174797058105,0.2787797451019287
037317,0.701171875,0.7074342966079712,0.5887562036514282,0.6393846869468689
037319,0.957763671875,0.958486795425415,0.7236568927764893,0.8470426797866821
037321,0.9668782353401184,0.9675564169883728,0.892719030380249,0.8779439926147461
037323,0.556884765625,0.5999566912651062,0.3877114951610565,0.5853463411331177
037324,0.9673665165901184,0.9676840901374817,1.0,0.8349549770355225
037326,0.701904296875,0.7086136341094971,0.5307213068008423,0.6327614188194275
037327,0.278564453125,0.36834388971328735,0.21157628297805786,0.4535905718803406
037328,0.967041015625,0.9674763679504395,0.9284793138504028,0.8977826237678528
037329,0.499755859375,0.5219846963882446,0.629690945148468,0.5396702289581299
037330,0.701171875,0.708855390548706,0.5887562036514282,0.7723469138145447
037331,0.365234375,0.44827979803085327,0.3236317038536072,0.5067479014396667
037332,0.951904296875,0.9550738334655762,0.8690900206565857,0.8406520485877991
037333,0.393798828125,0.4539961814880371,0.31885725259780884,0.3978463113307953
037334,0.4375,0.5263323187828064,0.33466389775276184,0.6379223465919495
037338,0.9388020634651184,0.9452107548713684,0.7782489061355591,0.9296175837516785
037339,0.633056640625,0.6372182369232178,0.715326726436615,0.821344256401062
037340,0.556884765625,0.590873122215271,0.5407800078392029,0.5807151794433594
037341,0.0,0.0267857164144516,0.0,0.05919685214757919
037342,0.951904296875,0.9581231474876404,0.7122209072113037,0.7580516934394836
037343,0.967041015625,0.9674779176712036,0.9284793138504028,0.9056594371795654
037345,0.9668782353401184,0.967414915561676,0.892719030380249,0.8363578915596008
037346,0.30078125,0.34432554244995117,0.5307213068008423,0.5979158878326416
037347,0.633056640625,0.6354623436927795,0.5862115621566772,0.528293788433075
037350,0.967041015625,0.9678075313568115,0.8122885227203369,0.7264403104782104
037354,0.659423828125,0.6633903980255127,0.6764605641365051,0.833525538444519
037355,0.703369140625,0.7080888152122498,0.5620065331459045,0.6310549974441528
037357,0.47265625,0.5352293252944946,0.3709116578102112,0.4503259062767029
037359,0.943359375,0.948198139667511,0.7371450066566467,0.7000925540924072
037360,0.943359375,0.9520666599273682,0.5284951329231262,0.66045081615448
037362,0.9668782353401184,0.9674868583679199,0.7810032963752747,0.6574016213417053
037364,0.659423828125,0.6643027067184448,0.5918076038360596,0.795905351638794
037365,0.659423828125,0.6633748412132263,0.5918076038360596,0.741216242313385
037366,0.388427734375,0.39620161056518555,0.3716495931148529,0.4666615128517151
037367,0.304931640625,0.31051889061927795,1.0,0.936019241809845
037369,0.962158203125,0.96238774061203,0.8420895934104919,0.7579172849655151
037371,0.518798828125,0.5812805891036987,0.4535067081451416,0.5889890193939209
037372,0.9673665165901184,0.9678964018821716,0.8748590350151062,0.949375569820404
037373,0.1458333432674408,0.26884186267852783,0.12516115605831146,0.5333184003829956
037376,0.951171875,0.9579609036445618,0.694340705871582,0.7524938583374023
037377,0.3599446713924408,0.4289204478263855,0.3001289367675781,0.5309303998947144
037378,0.703369140625,0.7069970369338989,0.5620065331459045,0.5539985299110413
037380,0.951171875,0.9577012658119202,0.6074502468109131,0.704150915145874
037381,0.956298828125,0.9605721235275269,0.8195018768310547,0.8546786904335022
037382,0.9375,0.9428107738494873,0.5364049673080444,0.46488383412361145
037383,0.568359375,0.58087158203125,0.3899376392364502,0.6816983222961426
037385,0.9673665165901184,0.9678992033004761,0.8748590350151062,0.8856281042098999
037386,0.9673665165901184,0.9675126075744629,1.0,0.8713877201080322
037388,0.3059895932674408,0.3399098813533783,0.5032320022583008,0.6940796971321106
037389,0.304931640625,0.410889595746994,0.22860826551914215,0.6150416135787964
037392,0.967041015625,0.967459499835968,0.9284793138504028,0.8551194667816162
037393,0.9466145634651184,0.9526332020759583,0.8072783350944519,0.9143802523612976
037394,0.44140625,0.44642195105552673,0.3284950852394104,0.3273194432258606
037395,0.508056640625,0.5110484957695007,0.46666663885116577,0.4292890429496765
037396,0.2044270783662796,0.35200339555740356,0.12516115605831146,0.3995620310306549
037397,0.951171875,0.9538909792900085,0.9282863140106201,0.9089914560317993
037398,0.701904296875,0.7064932584762573,0.6066363453865051,0.6535035371780396
037399,0.9673665165901184,0.9676764011383057,0.8748590350151062,0.7404239773750305
037400,0.9673665165901184,0.9675840139389038,1.0,0.8535550832748413
037402,0.365234375,0.4159897565841675,0.3236317038536072,0.3587709069252014
037406,0.12109375,0.22677741944789886,0.10909166932106018,0.25193721055984497
037407,0.951904296875,0.9568796157836914,0.6230928897857666,0.6304791569709778
037408,0.946533203125,0.9504059553146362,0.6577322483062744,0.5636343359947205
037410,0.9673665165901184,0.9677398204803467,0.8748590350151062,0.8306812644004822
037411,0.968017578125,0.9680586457252502,1.0,0.902289092540741
037412,0.953369140625,0.9578034281730652,0.7479812502861023,0.7226320505142212
037415,0.3125,0.3225623071193695,0.2682024836540222,0.39599549770355225
037416,0.939453125,0.9457473754882812,0.489017516374588,0.4902741611003876
037417,0.505615234375,0.5113110542297363,0.5220667123794556,0.5440946221351624
037419,0.967041015625,0.9678146243095398,0.8122885227203369,0.8720170855522156
037420,0.943115234375,0.9498320817947388,0.5359453558921814,0.5256013870239258
037421,0.951904296875,0.9599586129188538,0.6230928897857666,0.8378105163574219
037424,0.34765625,0.3503231406211853,0.5106778144836426,0.5473309755325317
037425,0.9375,0.9525048732757568,0.5364049673080444,0.6701052188873291
037426,0.957763671875,0.9580134749412537,0.8271697163581848,0.6600003242492676
037427,0.4375,0.5730301141738892,0.2503223121166229,0.5091092586517334
037429,0.962158203125,0.9623815417289734,0.9625431895256042,0.9427606463432312
037430,0.490234375,0.5045166015625,0.6884825229644775,0.7010862827301025
037432,0.584228515625,0.5848182439804077,0.6245770454406738,0.7315650582313538
037434,0.968017578125,0.9680532813072205,1.0,0.9721404910087585
037435,0.366455078125,0.3753981590270996,0.398443341255188,0.6338149905204773
037441,0.946533203125,0.953761637210846,0.575423002243042,0.6620591878890991
037442,0.962158203125,0.9625410437583923,0.8420895934104919,0.7283964157104492
037443,0.703369140625,0.7091757655143738,0.5620065331459045,0.7922965884208679
037444,0.968017578125,0.9680570363998413,1.0,0.9252005815505981
037445,0.9673665165901184,0.9675738215446472,1.0,0.8987534642219543
037446,0.488037109375,0.5454685091972351,0.398443341255188,0.4701315462589264
037448,0.959228515625,0.9596456289291382,0.8722942471504211,0.7766731381416321
037449,0.560546875,0.5882323980331421,0.7653606534004211,0.9469024538993835
037450,0.9668782353401184,0.9674991369247437,0.7810032963752747,0.8050567507743835
037451,0.967041015625,0.9676216840744019,0.8122885227203369,0.8427640795707703
037454,0.633056640625,0.6361703872680664,0.5862115621566772,0.6347808241844177
037457,0.712158203125,0.7126911282539368,0.7497180104255676,0.857072651386261
037459,0.967041015625,0.9671154022216797,0.8122885227203369,0.7447382807731628
037461,0.703369140625,0.7060390710830688,0.6423966884613037,0.6108652949333191
037464,0.61328125,0.6217358708381653,0.5185247659683228,0.6150148510932922
037465,0.4375,0.5714157223701477,0.30545666813850403,0.5351908802986145
037466,0.9388020634651184,0.9491415619850159,0.48492133617401123,0.7466985583305359
037467,0.48828125,0.48880037665367126,0.6066363453865051,0.5822603702545166
037469,0.9444172978401184,0.9478948712348938,0.544137716293335,0.4553010165691376
037470,0.962158203125,0.9624652862548828,0.9625431895256042,0.8965315818786621
037471,0.95703125,0.957979679107666,0.7039180397987366,0.8288083076477051
037472,0.9507649540901184,0.9565454125404358,0.7292529344558716,0.7894908785820007
037473,0.701171875,0.7040433883666992,0.7184317708015442,0.6738358736038208
037475,0.703369140625,0.7067388296127319,0.7838867902755737,0.6890195608139038
037477,0.946533203125,0.9518439173698425,0.6577322483062744,0.6377624869346619
037478,0.951904296875,0.9562550187110901,0.6230928897857666,0.6726135611534119
037480,0.571533203125,0.577654242515564,0.49935534596443176,0.5129063129425049
037481,0.951904296875,0.9562534689903259,0.6230928897857666,0.6334445476531982
037482,0.956298828125,0.9611741900444031,0.7169486284255981,0.9149370789527893
037483,0.9507649540901184,0.9551571011543274,0.7292529344558716,0.7436603903770447
037484,0.959228515625,0.9597604274749756,0.8722942471504211,0.9081372618675232
037485,0.393798828125,0.4691240191459656,0.31885725259780884,0.579163670539856
037487,0.23828125,0.27385830879211426,0.16092148423194885,0.17123937606811523
037488,0.61328125,0.6181913614273071,0.5185247659683228,0.5228400230407715
037492,0.9673665165901184,0.9676503539085388,0.8748590350151062,0.8001301884651184
037493,0.0625,0.168186753988266,0.03128524869680405,0.21390125155448914
037494,0.943115234375,0.9508271217346191,0.6126077175140381,0.761061429977417
037495,0.659423828125,0.6618471741676331,0.8254533410072327,0.727877140045166
037496,0.23046875,0.33180809020996094,0.1538141816854477,0.3159501850605011
037497,0.966796875,0.9674426317214966,0.8748388290405273,0.8074306845664978
037498,0.659423828125,0.6625590920448303,0.5918076038360596,0.7332782745361328
037501,0.08984375,0.20108510553836823,0.07620275020599365,0.38894519209861755
037504,0.197998046875,0.3494094908237457,0.13742950558662415,0.518900454044342
037505,0.701904296875,0.7079464197158813,0.6066363453865051,0.7733576893806458
037506,0.03125,0.21465587615966797,0.022562257945537567,0.4226522147655487
037507,0.365234375,0.4199773967266083,0.26521679759025574,0.31063559651374817
037509,0.9507649540901184,0.9558701515197754,0.6379934549331665,0.624779462814331
037510,0.943359375,0.943359375,0.9184463024139404,0.7844371199607849
037512,0.956298828125,0.9585617184638977,0.8195018768310547,0.7068365216255188
037515,0.9375,0.9527879953384399,0.4692787230014801,0.7515446543693542
037516,0.946533203125,0.9492276310920715,0.6577322483062744,0.5803107023239136
037518,0.51953125,0.5954192876815796,0.45818498730659485,0.7584717869758606
037519,0.46875,0.476791113615036,0.4129750728607178,0.4575382173061371
037520,0.9375,0.9375,0.9298905730247498,0.9298905730247498
037521,0.21875,0.35426586866378784,0.19272169470787048,0.5185834169387817
037524,0.267578125,0.34742480516433716,0.19369612634181976,0.4287358224391937
037527,0.956298828125,0.9603173136711121,0.8195018768310547,0.9231684803962708
037529,0.0,0.10415039211511612,0.0,0.20543961226940155
037530,0.505615234375,0.5136133432388306,0.37429502606391907,0.5599644184112549
037533,0.953369140625,0.9574643969535828,0.6543781161308289,0.7119695544242859
037535,0.968017578125,0.9680560231208801,1.0,0.92573481798172
037536,0.943359375,0.9522848725318909,0.7371450066566467,0.7658231854438782
037537,0.968017578125,0.9680550694465637,1.0,0.9098361730575562
037538,0.261474609375,0.3490668535232544,0.22860826551914215,0.4634128510951996
037539,0.953369140625,0.9581817388534546,0.912726640701294,0.9724177718162537
037540,0.9444172978401184,0.954746663570404,0.6219719052314758,0.8746374249458313
037542,0.703369140625,0.7103161811828613,0.5620065331459045,0.7692191004753113
037543,0.939453125,0.9491321444511414,0.5589672327041626,0.5845567584037781
037544,0.3599446713924408,0.42747247219085693,0.3001289367675781,0.5097159743309021
037545,0.940673828125,0.9486570954322815,0.5046601295471191,0.5697741508483887
037548,0.703369140625,0.7091891169548035,0.5620065331459045,0.6438372731208801
037549,0.967041015625,0.9676214456558228,0.9284793138504028,0.8538090586662292
037550,0.12109375,0.2884366810321808,0.08940082788467407,0.5096543431282043
037551,0.3599446713924408,0.43495339155197144,0.36623337864875793,0.6693416833877563
037552,0.943359375,0.9555445909500122,0.6040917634963989,0.7579887509346008
037553,0.9668782353401184,0.9674278497695923,0.7810032963752747,0.6863745450973511
037554,0.9673665165901184,0.9677065014839172,0.8748590350151062,0.8023415803909302
037557,0.968017578125,0.9680562019348145,1.0,0.9088043570518494
037558,0.2044270783662796,0.29209282994270325,0.15272833406925201,0.28599727153778076
037559,0.520263671875,0.5207237005233765,0.6423966884613037,0.5807790756225586
037561,0.4375,0.5080597400665283,0.2503223121166229,0.37073516845703125
037562,0.956298828125,0.9592930674552917,0.8195018768310547,0.8112314939498901
037563,0.520263671875,0.5208008885383606,0.5620065331459045,0.7224717736244202
037564,0.9507649540901184,0.9552301168441772,0.8898733854293823,0.9477575421333313
037565,0.962158203125,0.9626787900924683,0.8420895934104919,0.7980971932411194
037566,0.943115234375,0.9473577737808228,0.6126077175140381,0.5365797877311707
037567,0.5694172978401184,0.5808590650558472,0.4635950028896332,0.747769832611084
037569,0.940673828125,0.9506233334541321,0.5046601295471191,0.6339869499206543
037571,0.3599446713924408,0.42756345868110657,0.3001289367675781,0.5105292201042175
037572,0.968017578125,0.9680566191673279,1.0,0.8902175426483154
037575,0.571533203125,0.5804969668388367,0.43686550855636597,0.5626338124275208
037577,0.9507649540901184,0.957648515701294,0.6379934549331665,0.7030569911003113
037578,0.939453125,0.9508232474327087,0.489017516374588,0.7307481169700623
037579,0.967041015625,0.9678081274032593,0.8122885227203369,0.8616292476654053
037580,0.951171875,0.9579706788063049,0.694340705871582,0.7411767244338989
037581,0.962158203125,0.962364137172699,0.9625431895256042,0.9602331519126892
037583,0.393798828125,0.48321864008903503,0.38908666372299194,0.666580080986023
037585,0.968017578125,0.9680553078651428,1.0,0.9213857054710388
037586,0.968017578125,0.9680566191673279,1.0,0.8902175426483154
037589,0.943115234375,0.9546029567718506,0.5359453558921814,0.7268694639205933
037590,0.701171875,0.7060134410858154,0.7184317708015442,0.7483968734741211
037592,0.432373046875,0.43847113847732544,0.4618985950946808,0.6437286138534546
037593,0.197998046875,0.3490910232067108,0.15708759427070618,0.592182457447052
037594,0.939453125,0.9506916999816895,0.489017516374588,0.643010675907135
037595,0.518798828125,0.5543028116226196,1.0,0.9601233601570129
037596,0.9388020634651184,0.9452040791511536,0.6763683557510376,0.6488398909568787
037597,0.706298828125,0.7110075950622559,0.7139173746109009,0.8053276538848877
037598,0.2774251401424408,0.3598722815513611,0.23532335460186005,0.3800992965698242
037601,0.967041015625,0.9678057432174683,0.8122885227203369,0.8874598145484924
037602,0.510498046875,0.5158485174179077,0.49935534596443176,0.6474151611328125
037603,0.959228515625,0.9598400592803955,0.7631344795227051,0.8047263026237488
037606,0.23046875,0.35618817806243896,0.23505397140979767,0.5395057201385498
037607,0.956298828125,0.9575270414352417,0.8195018768310547,0.6285151839256287
037611,0.0625,0.15834960341453552,0.14433082938194275,0.529213011264801
037613,0.9668782353401184,0.9675233960151672,0.7810032963752747,0.8179447650909424
037614,0.957763671875,0.9586572051048279,0.7236568927764893,0.7738457322120667
037616,0.556884765625,0.604323148727417,0.4431702494621277,0.6798033714294434
037617,0.9673665165901184,0.9678454399108887,0.8748590350151062,0.8952769041061401
037618,0.968017578125,0.9680625200271606,1.0,0.9531683325767517
037622,0.951171875,0.9575396776199341,0.8472716808319092,0.8870986104011536
037623,0.9673665165901184,0.9675748348236084,0.8748590350151062,0.7096129655838013
037624,0.968017578125,0.968076229095459,1.0,0.9386693835258484
037625,0.968017578125,0.9680644869804382,1.0,0.98481285572052
037626,0.947998046875,0.9524526000022888,0.8348100185394287,0.9245325922966003
037628,0.9673665165901184,0.967536449432373,1.0,0.9884245991706848
037630,0.1875,0.212890625,0.5562983751296997,0.7544558644294739
037631,0.943115234375,0.9547705054283142,0.5359453558921814,0.5968941450119019
037632,0.9507649540901184,0.9576557278633118,0.7292529344558716,0.8376924991607666
037633,0.9375,0.9375,0.7171369194984436,0.7026687264442444
037634,0.450927734375,0.4608389735221863,0.39804574847221375,0.6358649134635925
037637,0.556884765625,0.556884765625,0.9594535827636719,0.8063446879386902
037639,0.943115234375,0.9494237303733826,0.7475366592407227,0.7516328692436218
037640,0.943115234375,0.9503068923950195,0.6126077175140381,0.6268789172172546
037641,0.968017578125,0.9680623412132263,1.0,0.9171960353851318
037642,0.968017578125,0.9680615067481995,1.0,0.9515786170959473
037644,0.940673828125,0.9478311538696289,0.5046601295471191,0.563688337802887
037645,0.3059895932674408,0.38402822613716125,0.2033541053533554,0.45654740929603577
037646,0.953369140625,0.9581583142280579,0.7479812502861023,0.7626802921295166
037647,0.619873046875,0.6278465986251831,0.4733748733997345,0.6185609698295593
037649,0.556884765625,0.6091244220733643,0.4431702494621277,0.5765291452407837
037651,0.956298828125,0.9596887230873108,0.7169486284255981,0.7971295118331909
037652,0.499755859375,0.5877201557159424,0.293855756521225,0.5205845832824707
037653,0.150390625,0.28797683119773865,0.10344710201025009,0.40077388286590576
037654,0.706298828125,0.7111011147499084,0.7139173746109009,0.8077905178070068
037657,0.962158203125,0.9623011350631714,0.9625431895256042,0.8218064308166504
037660,0.219970703125,0.3418680429458618,0.18348374962806702,0.5829293727874756
037661,0.48828125,0.48894208669662476,0.6066363453865051,0.6920380592346191
037663,0.571533203125,0.5798311233520508,0.43686550855636597,0.5949735641479492
037664,0.5694172978401184,0.5780297517776489,0.4635950028896332,0.6047804355621338
037665,0.455078125,0.563336193561554,0.23873552680015564,0.5863807797431946
037666,0.25390625,0.3348931670188904,0.21157628297805786,0.39479056000709534
037667,0.431884765625,0.48836594820022583,0.390377938747406,0.6817957162857056
037668,0.943359375,0.9557254314422607,0.5284951329231262,0.8164206147193909
037669,0.393798828125,0.48452532291412354,0.2789551615715027,0.5638776421546936
037670,0.619873046875,0.6247161030769348,0.5410870313644409,0.6111497282981873
037671,0.9673665165901184,0.9677827954292297,0.8748590350151062,0.832070529460907
037672,0.365234375,0.38665771484375,0.7136205434799194,0.8379403352737427
037674,0.606689453125,0.6324626207351685,0.6509066820144653,0.663204550743103
037675,0.46875,0.4813685715198517,0.3384338617324829,0.5220226049423218
037676,0.1106770858168602,0.2743276059627533,0.11439717561006546,0.5251426696777344
037678,0.968017578125,0.9680555462837219,1.0,0.9841079115867615
037679,0.957763671875,0.9586428999900818,0.7236568927764893,0.6697427034378052
037680,0.967041015625,0.9673143029212952,0.8122885227203369,0.6923108100891113
037681,0.9388020634651184,0.9460583329200745,0.5542851090431213,0.5668720006942749
037682,0.344482421875,0.41761571168899536,0.2789551615715027,0.6359296441078186
037683,0.48828125,0.48902755975723267,0.5307213068008423,0.6652177572250366
037684,0.44921875,0.4986572265625,0.32727500796318054,0.42125681042671204
037685,0.374755859375,0.4761819839477539,0.24766992032527924,0.37087130546569824
037686,0.951904296875,0.9560161232948303,0.8690900206565857,0.7715843319892883
037687,0.1875,0.3037697970867157,0.16310739517211914,0.4490773677825928
037689,0.9388020634651184,0.9527638554573059,0.5542851090431213,0.8555662631988525
037690,0.9673665165901184,0.9676068425178528,1.0,0.787887692451477
037692,0.659423828125,0.6613550186157227,0.8254533410072327,0.8380223512649536
037693,0.946533203125,0.9564149975776672,0.6577322483062744,0.731096625328064
037694,0.701171875,0.701611340045929,0.7871269583702087,0.775318443775177
037696,0.95703125,0.957301139831543,0.7039180397987366,0.6662169098854065
037697,0.9673665165901184,0.9677417278289795,1.0,0.9517750144004822
037698,0.9466145634651184,0.9515429735183716,0.6615661382675171,0.6396142244338989
037699,0.9507649540901184,0.9576407074928284,0.6379934549331665,0.739193320274353
037701,0.150390625,0.23370361328125,0.22396063804626465,0.37567004561424255
037704,0.701171875,0.7097189426422119,0.5150786638259888,0.7143042087554932
037705,0.9673665165901184,0.9676223397254944,1.0,0.8932633996009827
037706,0.939453125,0.9484867453575134,0.489017516374588,0.5454341173171997
037707,0.19921875,0.2938249707221985,0.14078360795974731,0.30544835329055786
037708,0.455078125,0.5835615396499634,0.2728845775127411,0.5975762009620667
037709,0.47265625,0.47979736328125,0.3039627969264984,0.2913966476917267
037710,0.580322265625,0.6423749923706055,0.4618985950946808,0.6295024752616882
037712,0.61328125,0.6189501881599426,0.4536360800266266,0.5386388897895813
037714,0.14453125,0.2393517792224884,0.14805001020431519,0.4794706702232361
037715,0.943115234375,0.9492769837379456,0.7475366592407227,0.782392680644989
037716,0.9668782353401184,0.9675011038780212,0.892719030380249,0.9430288672447205
037718,0.953369140625,0.9563702940940857,0.6543781161308289,0.575849711894989
037719,0.25390625,0.30356210470199585,0.39664164185523987,0.533191442489624
037721,0.968017578125,0.9680631160736084,1.0,0.902390718460083
037722,0.560546875,0.574389636516571,0.4981783330440521,0.40209895372390747
037723,0.304931640625,0.4215838313102722,0.22860826551914215,0.5128501653671265
037724,0.431884765625,0.4928739368915558,0.390377938747406,0.5349017977714539
037726,0.957763671875,0.9584998488426208,0.7236568927764893,0.8923788666725159
037728,0.951171875,0.9598325490951538,0.6074502468109131,0.7431966662406921
037730,0.943359375,0.9497501254081726,0.5284951329231262,0.5677919387817383
037731,0.388427734375,0.3954264223575592,0.3716495931148529,0.5256085991859436
037733,0.957763671875,0.958258867263794,0.8271697163581848,0.7491611242294312
037735,0.9673665165901184,0.9677152037620544,1.0,0.9217208623886108
037736,0.943359375,0.9468766450881958,0.7371450066566467,0.7003883123397827
037737,0.431884765625,0.47773900628089905,0.4763599932193756,0.5824211239814758
037738,0.9375,0.9384765625,0.6545500159263611,0.5784847140312195
037739,0.956298828125,0.9598957896232605,0.8195018768310547,0.8582090139389038
037740,0.323974609375,0.4262557029724121,0.2550044059753418,0.4493362009525299
037741,0.431884765625,0.45607683062553406,0.3415256440639496,0.3474900424480438
037742,0.580322265625,0.6243698000907898,0.4618985950946808,0.5381038188934326
037746,0.431884765625,0.46897730231285095,0.3415256440639496,0.4380492866039276
037748,0.47265625,0.543082594871521,0.5698384642601013,0.7920704483985901
037750,0.947998046875,0.9531681537628174,0.6841284036636353,0.6623014211654663
037751,0.701171875,0.70941162109375,0.5150786638259888,0.6553732752799988
037752,0.953369140625,0.9571549296379089,0.912726640701294,0.8936271667480469
037753,0.21875,0.354074090719223,0.15793579816818237,0.4125976860523224
037754,0.9375,0.9391566514968872,0.7171369194984436,0.7453988790512085
037759,0.02083333395421505,0.24808438122272491,0.017880165949463844,0.4508911669254303
037760,0.0,0.0,0.0,0.0
037761,0.166259765625,0.26926690340042114,0.14805001020431519,0.4091072082519531
037764,0.567138671875,0.6399520039558411,0.4261382520198822,0.7610015869140625
037765,0.61328125,0.6162093877792358,0.5185247659683228,0.47398999333381653
037767,0.510498046875,0.5160923600196838,0.43686550855636597,0.5565892457962036
037768,0.9444172978401184,0.9505789875984192,0.6219719052314758,0.6414075493812561
037769,0.940673828125,0.9480162262916565,0.7038999795913696,0.7860512137413025
037774,0.261474609375,0.332037091255188,0.4285714626312256,0.6930752396583557
037775,0.953369140625,0.9581549763679504,0.7479812502861023,0.8665459156036377
037776,0.947998046875,0.9534820914268494,0.8348100185394287,0.8911158442497253
037777,0.518798828125,0.5873327255249023,0.3716495931148529,0.6761572957038879
037778,0.9673665165901184,0.9677742123603821,0.8748590350151062,0.8366612792015076
037779,0.659423828125,0.6642619371414185,0.5918076038360596,0.7262564897537231
037781,0.508056640625,0.5131865739822388,0.5334192514419556,0.6614631414413452
037782,0.520263671875,0.5211535096168518,0.5620065331459045,0.7560335397720337
037783,0.703369140625,0.7052354216575623,0.7838867902755737,0.7557869553565979
037784,0.61328125,0.6218212246894836,0.4536360800266266,0.6745335459709167
037787,0.703369140625,0.703369140625,0.7838867902755737,0.6982987523078918
037791,0.556884765625,0.6183782815933228,0.5407800078392029,0.7152968645095825
037792,0.9668782353401184,0.9668782353401184,1.0,1.0
037793,0.946533203125,0.9555165767669678,0.6577322483062744,0.7424736618995667
037794,0.966796875,0.9671927690505981,0.7653606534004211,0.7051758170127869
037797,0.556884765625,0.5947844386100769,0.5407800078392029,0.5802335739135742
037799,0.967041015625,0.967464029788971,0.9284793138504028,0.8656232953071594
037800,0.584228515625,0.5849993228912354,0.6245770454406738,0.7417877912521362
037803,0.374755859375,0.4525400400161743,0.3454500138759613,0.571230411529541
037806,0.946533203125,0.9551746249198914,0.6577322483062744,0.889212965965271
037807,0.967041015625,0.9674877524375916,0.8122885227203369,0.8808011412620544
037808,0.431884765625,0.4620766043663025,0.4763599932193756,0.5473929643630981
037811,0.712158203125,0.7122182846069336,0.7497180104255676,0.6546133160591125
037812,0.712158203125,0.7125400900840759,0.7497180104255676,0.7512969970703125
037815,0.9507649540901184,0.9547417759895325,0.8898733854293823,0.8142566680908203
037816,0.556884765625,0.6193139553070068,0.4431702494621277,0.7538363933563232
037818,0.9673665165901184,0.9678440690040588,0.8748590350151062,0.9703787565231323
037819,0.967041015625,0.967504620552063,0.8122885227203369,0.7212597727775574
037820,0.304931640625,0.43606358766555786,0.2789600193500519,0.6991876363754272
037822,0.261474609375,0.32525190711021423,0.2789600193500519,0.4801083505153656
037824,0.967041015625,0.9678131341934204,0.8122885227203369,0.8678838610649109
037826,0.712158203125,0.7126952409744263,0.7497180104255676,0.8997636437416077
037827,0.9673665165901184,0.9676887392997742,1.0,0.9666325449943542
037828,0.956298828125,0.9601206183433533,0.8195018768310547,0.8444936871528625
037829,0.968017578125,0.9680541157722473,1.0,0.8726586103439331
037830,0.946533203125,0.9538252353668213,0.6577322483062744,0.69379723072052
037832,0.450927734375,0.46246337890625,0.39804574847221375,0.5942291617393494
037833,0.957763671875,0.9585036039352417,0.7236568927764893,0.8667113780975342
037835,0.9668782353401184,0.9674150943756104,0.7810032963752747,0.614689290523529
037836,0.951904296875,0.9529342651367188,0.7122209072113037,0.5454656481742859
037838,0.9668782353401184,0.9672408103942871,0.892719030380249,0.8875934481620789
037839,0.947998046875,0.9498386383056641,0.8348100185394287,0.7497187852859497
037841,0.962158203125,0.962583065032959,0.8420895934104919,0.9144374132156372
037842,0.968017578125,0.9680582880973816,1.0,0.9046803712844849
037844,0.967041015625,0.9674676060676575,0.8122885227203369,0.7744174599647522
037847,0.953369140625,0.9572332501411438,0.6543781161308289,0.6571477651596069
037849,0.968017578125,0.968047022819519,1.0,0.9451419711112976
037850,0.9668782353401184,0.9675496816635132,0.7810032963752747,0.8026352524757385
037851,0.490234375,0.507373034954071,0.8556691408157349,0.8967941403388977
037853,0.962158203125,0.9625619649887085,0.8420895934104919,0.8470206260681152
037855,0.9466145634651184,0.9534653425216675,0.5787770748138428,0.7115329504013062
037858,0.659423828125,0.6631448268890381,0.6764605641365051,0.7121267914772034
037861,0.946533203125,0.9545645713806152,0.6577322483062744,0.8028425574302673
037862,0.943115234375,0.9526905417442322,0.5359453558921814,0.67320716381073
037863,0.518798828125,0.6094170212745667,0.3251410126686096,0.6225939393043518
037865,0.9507649540901184,0.9558257460594177,0.6379934549331665,0.7487146854400635
037866,0.968017578125,0.9680591821670532,1.0,0.9642444252967834
037867,0.9388020634651184,0.9508498311042786,0.48492133617401123,0.7631964683532715
037868,0.967041015625,0.9678030610084534,0.8122885227203369,0.8754686713218689
037869,0.939453125,0.9536113739013672,0.489017516374588,0.6444990038871765
037870,0.962158203125,0.9625312089920044,0.8420895934104919,0.8039077520370483
037872,0.9673665165901184,0.9677445292472839,0.8748590350151062,0.8281095027923584
037873,0.518798828125,0.5362052917480469,1.0,1.0
037874,0.9673665165901184,0.9675761461257935,1.0,0.8286001682281494
037875,0.518798828125,0.5875978469848633,0.4535067081451416,0.6491090059280396
037876,0.956298828125,0.9582147598266602,0.7169486284255981,0.6358059644699097
037878,0.9673665165901184,0.9678959250450134,0.8748590350151062,0.8818531036376953
037879,0.584228515625,0.5846425890922546,0.7139173746109009,0.6752831339836121
037880,0.968017578125,0.9680606126785278,1.0,0.9919171929359436
037882,0.951904296875,0.959981381893158,0.6230928897857666,0.837211549282074
037884,0.633056640625,0.6388018727302551,0.5862115621566772,0.6521956920623779
037885,0.9444172978401184,0.9535638689994812,0.6219719052314758,0.7585425972938538
037886,0.706298828125,0.7111161947250366,0.6245770454406738,0.8108465075492859
037888,0.48828125,0.489096999168396,0.5307213068008423,0.6811338067054749
037891,0.951904296875,0.9579214453697205,0.7122209072113037,0.8145132660865784
037892,0.947998046875,0.9509621262550354,0.6841284036636353,0.7085392475128174
037893,0.2774251401424408,0.40026623010635376,0.19284793734550476,0.5168071389198303
037894,0.968017578125,0.9680763483047485,1.0,0.8289515972137451
037895,0.9673665165901184,0.967826783657074,0.8748590350151062,0.9457650184631348
037897,0.95703125,0.9579653739929199,0.7039180397987366,0.735893726348877
037898,0.951171875,0.9521135687828064,0.694340705871582,0.6978576183319092
037899,0.520263671875,0.5207603573799133,0.6423966884613037,0.6445119380950928
037900,0.968017578125,0.9680621027946472,1.0,0.9776952266693115
037901,0.0,0.0,0.0,0.0
037902,0.940673828125,0.948613166809082,0.7038999795913696,0.9049872756004333
037903,0.659423828125,0.6632317304611206,0.5918076038360596,0.6361418962478638
037904,0.706298828125,0.7111294269561768,0.6245770454406738,0.8243059515953064
037905,0.968017578125,0.9680764675140381,1.0,0.9083205461502075
037907,0.393798828125,0.4615787863731384,0.38908666372299194,0.6781635880470276
037908,0.951904296875,0.9576588273048401,0.7122209072113037,0.7395633459091187
037909,0.968017578125,0.9680582284927368,1.0,0.9978055357933044
037910,0.9673665165901184,0.9676369428634644,0.8748590350151062,0.737535297870636
037911,0.943115234375,0.9444479942321777,0.819014847278595,0.7316412925720215
037912,0.943359375,0.943359375,0.6040917634963989,0.5256125926971436
037914,0.1875,0.1875,0.4692787230014801,0.4692787230014801
037919,0.518798828125,0.5735753178596497,0.6967307925224304,0.7195263504981995
037920,0.450927734375,0.4563739001750946,0.48571667075157166,0.46260300278663635
037922,0.5694172978401184,0.578040361404419,0.5657033920288086,0.6282731294631958
037923,0.09375,0.24885407090187073,0.0904926061630249,0.44637638330459595
037927,0.365234375,0.40561550855636597,0.4972013831138611,0.46131831407546997
037928,0.953369140625,0.9569975137710571,0.912726640701294,0.8393964171409607
037930,0.967041015625,0.9678085446357727,0.8122885227203369,0.8090501427650452
037931,0.4375,0.44140625,0.30545666813850403,0.2968454658985138
037932,0.9444172978401184,0.9506957530975342,0.6219719052314758,0.5737916231155396
037933,0.9673665165901184,0.9678993821144104,0.8748590350151062,0.9006648659706116
037934,0.956298828125,0.9592623710632324,0.8195018768310547,0.7841501832008362
037935,0.9673665165901184,0.9676123261451721,1.0,0.8190462589263916
037936,0.9673665165901184,0.967585027217865,0.8748590350151062,0.7331615090370178
037937,0.9668782353401184,0.9674020409584045,0.892719030380249,0.8012423515319824
037938,0.968017578125,0.9680467844009399,1.0,0.9122800230979919
037940,0.968017578125,0.9680567979812622,1.0,0.9263744354248047
037941,0.943115234375,0.950547456741333,0.7475366592407227,0.7027844190597534
037943,0.943115234375,0.9502828121185303,0.7475366592407227,0.8493416905403137
037944,0.490234375,0.5313435792922974,0.8556691408157349,0.9281794428825378
037945,0.951904296875,0.9582047462463379,0.7122209072113037,0.821062445640564
037947,0.08203125,0.16423752903938293,0.11613046377897263,0.2791655957698822
037949,0.659423828125,0.6641309261322021,0.6764605641365051,0.7013614773750305
037952,0.584228515625,0.5846666693687439,0.7139173746109009,0.7799310684204102
037953,0.531982421875,0.5931282639503479,0.3482339084148407,0.5710688233375549
037954,0.9673665165901184,0.9675495028495789,1.0,0.9507941007614136
037955,0.518798828125,0.6091915369033813,0.4535067081451416,0.7866926789283752
037956,0.943115234375,0.9516857266426086,0.6126077175140381,0.7099683284759521
037958,0.9507649540901184,0.952747642993927,0.7292529344558716,0.615321695804596
037959,0.197998046875,0.31265562772750854,0.13742950558662415,0.3675619065761566
037960,0.2122395932674408,0.3215261399745941,0.19284793734550476,0.4037185609340668
037961,0.947998046875,0.9559296369552612,0.5985158681869507,0.7137393355369568
037962,0.953369140625,0.9592499136924744,0.6543781161308289,0.7672110199928284
037963,0.03125,0.0751953125,0.15273310244083405,0.4655028283596039
037966,0.706298828125,0.7095485925674438,0.6245770454406738,0.7646235823631287
037968,0.300537109375,0.4049203097820282,0.24733662605285645,0.5488428473472595
037969,0.09375,0.2857666015625,0.0904926061630249,0.39160817861557007
037970,0.518798828125,0.5508678555488586,1.0,0.9954716563224792
037972,0.263671875,0.3732641041278839,0.37880125641822815,0.752281665802002
037973,0.3599446713924408,0.4188365340232849,0.5626510977745056,0.7655771970748901
037974,0.25390625,0.3314841687679291,0.25817668437957764,0.5091078281402588
037975,0.23046875,0.3123347759246826,0.214540034532547,0.5565600395202637
037976,0.659423828125,0.6613612771034241,0.8254533410072327,0.848701000213623
037977,0.951904296875,0.9571197032928467,0.7122209072113037,0.7516245245933533
037978,0.508056640625,0.5125167965888977,0.6509066820144653,0.655902087688446
037979,0.393798828125,0.4564344882965088,0.5977610945701599,0.7942609190940857
037980,0.0625,0.08203125,0.07742030918598175,0.12728337943553925
037981,0.967041015625,0.9675796031951904,0.9284793138504028,0.9180397987365723
037987,0.510498046875,0.5143307447433472,0.6093400716781616,0.6040834784507751
037988,0.962158203125,0.9624806046485901,0.8420895934104919,0.8806307911872864
037989,0.508056640625,0.5137240290641785,0.5334192514419556,0.7322313785552979
037990,0.0,0.15774613618850708,0.0,0.4755684733390808
037993,0.968017578125,0.9680535793304443,1.0,0.9875944256782532
037994,0.956298828125,0.9598138928413391,0.8195018768310547,0.805121123790741
037995,0.9673665165901184,0.9677746295928955,0.8748590350151062,0.9266887903213501
038000,0.488037109375,0.5431749820709229,0.6121358871459961,0.6281167268753052
038001,0.166259765625,0.166259765625,0.8213136792182922,0.8213136792182922
038002,0.967041015625,0.9674059152603149,0.8122885227203369,0.7464244365692139
038003,0.967041015625,0.9675334692001343,0.9284793138504028,0.8421702980995178
038004,0.967041015625,0.9678119421005249,0.8122885227203369,0.8939816355705261
038005,0.959228515625,0.959857702255249,0.7631344795227051,0.8517842292785645
038006,0.633056640625,0.6399345993995667,0.5862115621566772,0.771700382232666
038007,0.957763671875,0.9586663246154785,0.7236568927764893,0.8769543766975403
038008,0.1875,0.28282254934310913,0.14342738687992096,0.3277762532234192
038009,0.261474609375,0.3355099558830261,0.20000000298023224,0.4449177086353302
038010,0.9668782353401184,0.9672181606292725,0.892719030380249,0.8647071123123169
038013,0.508056640625,0.5135093331336975,0.5334192514419556,0.7364477515220642
038014,0.967041015625,0.9672240614891052,0.9284793138504028,0.7923632264137268
038016,0.968017578125,0.9680764675140381,1.0,0.9305883646011353
038017,0.432373046875,0.43849074840545654,0.4618985950946808,0.6142363548278809
038018,0.953369140625,0.9578563570976257,0.912726640701294,0.8566744923591614
038021,0.9673665165901184,0.9675560593605042,1.0,0.9242146015167236
038022,0.9507649540901184,0.9547842144966125,0.7292529344558716,0.7203865051269531
038023,0.9507649540901184,0.954075038433075,0.8898733854293823,0.8123507499694824
038024,0.518798828125,0.5715188980102539,0.6967307925224304,0.89429771900177
038027,0.946533203125,0.9540127515792847,0.6577322483062744,0.7963395118713379
038028,0.962158203125,0.9625319242477417,0.8420895934104919,0.7911460399627686
038029,0.1458333432674408,0.2601836323738098,0.12516115605831146,0.36923080682754517
038030,0.703369140625,0.7103185057640076,0.5620065331459045,0.7710967063903809
038031,0.263671875,0.33587646484375,0.21350501477718353,0.2953759729862213
038032,0.966796875,0.967352569103241,0.7653606534004211,0.69769686460495
038034,0.9668782353401184,0.9674623012542725,0.7810032963752747,0.7239968776702881
038035,0.567138671875,0.6397613286972046,0.37281090021133423,0.6800698637962341
038036,0.23828125,0.32178795337677,0.30167919397354126,0.4123992621898651
038037,0.44140625,0.44909846782684326,0.45818498730659485,0.6064383387565613
038038,0.508056640625,0.5088217854499817,0.6509066820144653,0.5458256602287292
038041,0.44140625,0.45259684324264526,0.3284950852394104,0.6121591329574585
038043,0.9673665165901184,0.9677147269248962,0.8748590350151062,0.825005054473877
038047,0.943115234375,0.9522734880447388,0.6126077175140381,0.847510814666748
038051,0.957763671875,0.9582919478416443,0.7236568927764893,0.730680525302887
038052,0.94140625,0.9503536224365234,0.5162065625190735,0.6762911677360535
038054,0.5694172978401184,0.5798270106315613,0.4055802822113037,0.6291080117225647
038058,0.490234375,0.5045166015625,0.8556691408157349,0.9584925174713135
038059,0.48828125,0.4892328381538391,0.5307213068008423,0.688467264175415
038061,0.943359375,0.9481207728385925,0.5284951329231262,0.4994964003562927
038063,0.953369140625,0.9586501717567444,0.7479812502861023,0.8564024567604065
038064,0.21875,0.273681640625,0.19272169470787048,0.2569372355937958
038065,0.706298828125,0.7102557420730591,0.6245770454406738,0.72465980052948
038066,0.9673665165901184,0.9677885174751282,0.8748590350151062,0.921444833278656
038068,0.518798828125,0.609542191028595,0.3251410126686096,0.594417154788971
038069,0.19921875,0.32434701919555664,0.16092148423194885,0.41458022594451904
038071,0.490234375,0.5480276942253113,0.38805168867111206,0.4443504512310028
038072,0.44921875,0.539114236831665,0.2682024836540222,0.4957565665245056
038075,0.968017578125,0.9680774807929993,1.0,0.8868873715400696
038078,0.939453125,0.9536627531051636,0.489017516374588,0.6826354265213013
038080,0.23046875,0.3023862838745117,0.1538141816854477,0.2861822247505188
038083,0.4778645932674408,0.48385414481163025,0.4055802822113037,0.4824661612510681
038084,0.1458333432674408,0.23377497494220734,0.10949836671352386,0.24610882997512817
038085,0.580322265625,0.6432054042816162,0.4040961265563965,0.6708757877349854
038086,0.9673665165901184,0.9677175879478455,0.8748590350151062,0.8528655767440796
038087,0.4375,0.5479346513748169,0.21899673342704773,0.5562294125556946
038088,0.9673665165901184,0.9677088856697083,0.8748590350151062,0.7757803797721863
038089,0.09375,0.2276785671710968,0.08259502053260803,0.5079600811004639
038090,0.4778645932674408,0.48036840558052063,0.5657033920288086,0.6286495923995972
038091,0.61328125,0.6193722486495972,0.4536360800266266,0.5197789072990417
038092,0.3599446713924408,0.4106350243091583,0.5626510977745056,0.7573645710945129
038095,0.503173828125,0.5106902718544006,0.3920743465423584,0.48478052020072937
038097,0.943359375,0.9519820213317871,0.6506248712539673,0.8619643449783325
038103,0.3599446713924408,0.3934759497642517,0.6497723460197449,0.7430006265640259
038104,0.703369140625,0.7082309722900391,0.6423966884613037,0.7743141651153564
038105,0.23828125,0.40112578868865967,0.14078360795974731,0.5562551021575928
038107,0.94140625,0.9463587403297424,0.7200049757957458,0.6709449887275696
038108,0.946533203125,0.9530995488166809,0.8026000261306763,0.8412024974822998
038109,0.966796875,0.9672824740409851,0.7653606534004211,0.6926557421684265
038111,0.703369140625,0.7091198563575745,0.6423966884613037,0.6948033571243286
038116,0.431884765625,0.49459847807884216,0.390377938747406,0.6703394651412964
038121,0.951904296875,0.9555065035820007,0.7122209072113037,0.6239095330238342
038122,0.365234375,0.4744710922241211,0.26521679759025574,0.46248194575309753
038123,0.9673665165901184,0.9677597284317017,1.0,0.9371356964111328
038124,0.951904296875,0.9560127854347229,0.8690900206565857,0.7956442832946777
038125,0.9466145634651184,0.9522799849510193,0.6615661382675171,0.7954179644584656
038126,0.967041015625,0.9675487875938416,0.8122885227203369,0.7924243211746216
038127,0.556884765625,0.6129018068313599,0.5407800078392029,0.7610087394714355
038129,0.701171875,0.7055772542953491,0.7184317708015442,0.6962865591049194
038130,0.703369140625,0.7089179158210754,0.5620065331459045,0.6645084023475647
038131,0.962158203125,0.962684154510498,0.8420895934104919,0.9467841982841492
038133,0.503173828125,0.5137899518013,0.3430097699165344,0.6714335083961487
038134,0.450927734375,0.45855292677879333,0.39804574847221375,0.43460574746131897
038136,0.03125,0.20082464814186096,0.022562257945537567,0.3473761975765228
038138,0.946533203125,0.9525492191314697,0.6577322483062744,0.6923933625221252
038144,0.490234375,0.5664200186729431,0.3180091083049774,0.490346223115921
038145,0.455078125,0.5214225649833679,0.33298835158348083,0.3946878910064697
038146,0.5694172978401184,0.5772656202316284,0.4055802822113037,0.4758749008178711
038147,0.9668782353401184,0.9672358632087708,0.892719030380249,0.8003376722335815
038148,0.9673665165901184,0.9678162932395935,0.8748590350151062,0.9091934561729431
038149,0.962158203125,0.9624135494232178,0.8420895934104919,0.7949936985969543
038150,0.9673665165901184,0.9679086804389954,0.8748590350151062,0.9422651529312134
038151,0.968017578125,0.9680463075637817,1.0,0.8717437982559204
038152,0.606689453125,0.6377200484275818,0.5334192514419556,0.668806791305542
038154,0.946533203125,0.953234076499939,0.8026000261306763,0.8059995174407959
038155,0.568359375,0.5751459002494812,0.4457148313522339,0.4884449243545532
038157,0.9673665165901184,0.9677164554595947,1.0,0.9550756812095642
038158,0.962158203125,0.9625155329704285,0.9625431895256042,0.8832447528839111
038160,0.953369140625,0.9573002457618713,0.7479812502861023,0.7068670988082886
038161,0.9507649540901184,0.9557127356529236,0.7292529344558716,0.8243754506111145
038164,0.571533203125,0.5777755379676819,0.6093400716781616,0.7737958431243896
038165,0.968017578125,0.9680460691452026,1.0,0.9279897809028625
038166,0.967041015625,0.967535674571991,0.8122885227203369,0.8359832167625427
038167,0.365234375,0.37237548828125,0.789595901966095,0.8354477286338806
038174,0.953369140625,0.9602618217468262,0.7479812502861023,0.8718910217285156
038176,0.956298828125,0.9589459896087646,1.0,0.9239955544471741
038177,0.450927734375,0.4592382609844208,0.3482339084148407,0.5004008412361145
038178,0.940673828125,0.9502118229866028,0.5768473744392395,0.7082331776618958
038179,0.619873046875,0.625953733921051,0.4733748733997345,0.6984884142875671
038180,0.9668782353401184,0.9674935936927795,0.7810032963752747,0.8285762071609497
038181,0.263671875,0.42367663979530334,0.21350501477718353,0.5754257440567017
038182,0.956298828125,0.9610828161239624,0.8195018768310547,0.8923310041427612
038183,0.959228515625,0.959685206413269,0.7631344795227051,0.722180962562561
038185,0.968017578125,0.9680420160293579,1.0,0.8109806776046753
038187,0.633056640625,0.6383063197135925,0.5862115621566772,0.7253819704055786
038188,0.953369140625,0.9571171998977661,0.6543781161308289,0.6036185622215271
038189,0.560546875,0.622656524181366,0.3571682572364807,0.6758266687393188
038190,0.2122395932674408,0.24446138739585876,0.19284793734550476,0.21824008226394653
038193,0.08203125,0.29870548844337463,0.053640495985746384,0.557945966720581
038194,0.488037109375,0.5375329256057739,0.7069194316864014,0.7411271333694458
038196,0.946533203125,0.9473927617073059,0.8793432712554932,0.7585538625717163
038197,0.9375,0.9509449005126953,0.4692787230014801,0.6173920035362244
038198,0.967041015625,0.9675153493881226,0.8122885227203369,0.8038174510002136
038204,0.150390625,0.2564181089401245,0.2783457934856415,0.5477070212364197
038205,0.962158203125,0.9624133706092834,0.9625431895256042,0.8416101336479187
038208,0.4375,0.5457940101623535,0.21899673342704773,0.5855163931846619
038209,0.520263671875,0.5209569334983826,0.5620065331459045,0.6398114562034607
038211,0.505615234375,0.5121791958808899,0.427834689617157,0.47608956694602966
038212,0.3599446713924408,0.4035566449165344,0.3001289367675781,0.36710071563720703
038213,0.951904296875,0.9583970904350281,0.7122209072113037,0.8660761117935181
038216,0.966796875,0.9677473306655884,0.7653606534004211,0.8188921213150024
038217,0.61328125,0.617313027381897,0.6327316761016846,0.7563996315002441
038218,0.3599446713924408,0.41715189814567566,0.3001289367675781,0.4821580946445465
038219,0.701171875,0.7095779180526733,0.5150786638259888,0.5382781624794006
038220,0.450927734375,0.4569880962371826,0.5321600437164307,0.6182746887207031
038222,0.150390625,0.19055938720703125,0.09050162881612778,0.10878907144069672
038227,0.3599446713924408,0.4492996037006378,0.36623337864875793,0.5635548233985901
038228,0.967041015625,0.9676573276519775,0.8122885227203369,0.7807769775390625
038232,0.261474609375,0.36710935831069946,0.20000000298023224,0.5302653908729553
038233,0.490234375,0.5421500205993652,0.27821314334869385,0.38624534010887146
038240,0.9668782353401184,0.967395007610321,0.7810032963752747,0.6761560440063477
038241,0.956298828125,0.9601802825927734,0.7169486284255981,0.8545892238616943
038242,0.374755859375,0.4397539496421814,0.3454500138759613,0.4745727777481079
038243,0.3599446713924408,0.4197544455528259,0.5626510977745056,0.8141446113586426
038244,0.956298828125,0.9588543176651001,0.8195018768310547,0.7300849556922913
038245,0.30078125,0.34466561675071716,0.3454500138759613,0.3824324607849121
038247,0.2044270783662796,0.3505895435810089,0.10949836671352386,0.40598979592323303
038249,0.946533203125,0.9555433392524719,0.6577322483062744,0.8791377544403076
038250,0.197998046875,0.34846851229667664,0.15708759427070618,0.5299566984176636
038251,0.712158203125,0.7125264406204224,0.8569586873054504,0.7580645680427551
038253,0.9507649540901184,0.9564721584320068,0.7292529344558716,0.8449369668960571
038254,0.374755859375,0.4476035535335541,0.3454500138759613,0.5200011134147644
038256,0.469970703125,0.4782097339630127,0.3877114951610565,0.4433048665523529
038257,0.966796875,0.9673869013786316,0.8748388290405273,0.9068528413772583
038259,0.3599446713924408,0.42284679412841797,0.36623337864875793,0.5347355008125305
038260,0.951904296875,0.9573679566383362,0.6230928897857666,0.6087073683738708
038263,0.95703125,0.9575119018554688,0.8046074509620667,0.8184399008750916
038264,0.02083333395421505,0.0570882186293602,0.02390456385910511,0.09751567989587784
038266,0.959228515625,0.9598369002342224,0.7631344795227051,0.833311140537262
038267,0.9375,0.9451568126678467,0.5364049673080444,0.6236734986305237
038268,0.940673828125,0.9470682144165039,0.771205723285675,0.8842146992683411
038269,0.968017578125,0.9680498838424683,1.0,0.9023514986038208
038270,0.957763671875,0.9582288265228271,0.8271697163581848,0.8410359621047974
038271,0.939453125,0.9459982514381409,0.5589672327041626,0.5458108186721802
038272,0.946533203125,0.9566343426704407,0.575423002243042,0.8208944201469421
038273,0.953369140625,0.9566161036491394,0.912726640701294,0.8526225686073303
038274,0.947998046875,0.9519662261009216,0.8348100185394287,0.7988142371177673
038277,0.968017578125,0.9680773615837097,1.0,0.950617790222168
038281,0.455078125,0.5037315487861633,0.2728845775127411,0.3118806779384613
038282,0.9673665165901184,0.967678964138031,1.0,0.9692237973213196
038283,0.4700520932674408,0.4843697249889374,0.3117245137691498,0.6083120703697205
038284,0.946533203125,0.9537286162376404,0.6577322483062744,0.713603675365448
038285,0.967041015625,0.9678153991699219,0.8122885227203369,0.9560651779174805
038286,0.957763671875,0.9582667350769043,0.8271697163581848,0.8803359866142273
038287,0.466064453125,0.5574675798416138,0.35480669140815735,0.6954268217086792
038288,0.146728515625,0.31775522232055664,0.1496870219707489,0.5317074656486511
038289,0.9375,0.9440515041351318,0.5364049673080444,0.5078592300415039
038291,0.9673665165901184,0.9674985408782959,1.0,0.7773136496543884
038292,0.94140625,0.9458653330802917,0.7200049757957458,0.737504780292511
038293,0.966796875,0.9672393798828125,0.8748388290405273,0.9061539769172668
038294,0.967041015625,0.9675823450088501,0.9284793138504028,0.8740535974502563
038296,0.580322265625,0.6300951242446899,0.4618985950946808,0.5968512892723083
038297,0.374755859375,0.4422283470630646,0.28309693932533264,0.4553316831588745
038301,0.967041015625,0.9678232073783875,0.8122885227203369,0.879144549369812
038302,0.94140625,0.9460587501525879,0.7200049757957458,0.6080129146575928
038303,0.9673665165901184,0.9676429033279419,0.8748590350151062,0.8022136688232422
038304,0.5757649540901184,0.5784865617752075,0.6966133713722229,0.6535772681236267
038305,0.51953125,0.5622171759605408,0.7039180994033813,0.6540418863296509
038307,0.9673665165901184,0.9675680994987488,1.0,0.8044812679290771
038309,0.556884765625,0.6187859177589417,0.4431702494621277,0.6049836874008179
038310,0.09375,0.18896484375,0.08259502053260803,0.20168925821781158
038311,0.556884765625,0.6081339120864868,0.4431702494621277,0.7418807148933411
038313,0.619873046875,0.6279051899909973,0.4733748733997345,0.7515401244163513
038315,0.953369140625,0.9564265608787537,0.912726640701294,0.8885048627853394
038317,0.146728515625,0.22512435913085938,0.1496870219707489,0.2988503873348236
038318,0.510498046875,0.517175018787384,0.43686550855636597,0.534289538860321
038319,0.508056640625,0.5142297744750977,0.5334192514419556,0.639257550239563
038320,0.51953125,0.5527786016464233,0.45818498730659485,0.4346472918987274
038321,0.304931640625,0.375379741191864,0.2789600193500519,0.35685014724731445
038322,0.9507649540901184,0.9539023637771606,0.7292529344558716,0.7262192964553833
038323,0.431884765625,0.4458768963813782,0.4763599932193756,0.490971177816391
038325,0.1875,0.381452739238739,0.1309099942445755,0.3915991187095642
038326,0.946533203125,0.9564681053161621,0.575423002243042,0.7342339754104614
038329,0.9375,0.9384765625,0.9596357941627502,0.9871886372566223
038330,0.2122395932674408,0.3060469627380371,0.19284793734550476,0.454048752784729
038332,0.091796875,0.091796875,0.17363634705543518,0.15973345935344696
038333,0.957763671875,0.9584554433822632,0.8271697163581848,0.8056468367576599
038334,0.9673665165901184,0.9675626754760742,1.0,0.8880335092544556
038335,0.510498046875,0.518621563911438,0.43686550855636597,0.7337861657142639
038336,0.19921875,0.2664499282836914,0.14078360795974731,0.2022518813610077
038337,0.967041015625,0.9675794839859009,0.9284793138504028,0.8793429732322693
038339,0.968017578125,0.9680566787719727,1.0,0.9737005829811096
038340,0.968017578125,0.9680472612380981,1.0,0.8724786043167114
038341,0.968017578125,0.9680541753768921,1.0,0.8894954919815063
038342,0.701904296875,0.7068581581115723,0.7402501106262207,0.7712641954421997
038343,0.44140625,0.4539197087287903,0.3284950852394104,0.6308594346046448
038344,0.951171875,0.9576034545898438,0.6074502468109131,0.6199402809143066
038345,0.5694172978401184,0.5781396627426147,0.4055802822113037,0.614294707775116
038346,0.701171875,0.7062104344367981,0.5887562036514282,0.7574613690376282
038347,0.962158203125,0.9625501036643982,0.9625431895256042,0.9304866194725037
038348,0.968017578125,0.9680562019348145,1.0,0.957632303237915
038349,0.956298828125,0.9600352644920349,0.8195018768310547,0.8634451627731323
038350,0.966796875,0.9671443700790405,0.7653606534004211,0.623320460319519
038354,0.9673665165901184,0.9677321910858154,1.0,0.9009251594543457
038358,0.9388020634651184,0.9528812170028687,0.48492133617401123,0.6109532713890076
038359,0.4375,0.5702776312828064,0.33466389775276184,0.6913270950317383
038360,0.510498046875,0.5174322128295898,0.43686550855636597,0.6720322370529175
038361,0.659423828125,0.6632404327392578,0.5918076038360596,0.6709466576576233
038362,0.9668782353401184,0.9677817225456238,0.7810032963752747,0.8175212740898132
038363,0.2774251401424408,0.4133637547492981,0.19284793734550476,0.6530759334564209
038364,0.967041015625,0.9675623774528503,0.8122885227203369,0.8613956570625305
038369,0.9673665165901184,0.9676110148429871,1.0,0.8415218591690063
038371,0.947998046875,0.9548144936561584,0.5985158681869507,0.7642779350280762
038372,0.943115234375,0.9505205154418945,0.819014847278595,0.9416322112083435
038373,0.9466145634651184,0.9514269232749939,0.5787770748138428,0.6153247952461243
038374,0.9673665165901184,0.9675840139389038,1.0,0.903471052646637
038376,0.263671875,0.34717857837677,0.21350501477718353,0.3438800573348999
038377,0.03125,0.084259033203125,0.09869397431612015,0.4012451767921448
038378,0.968017578125,0.9680571556091309,1.0,0.9248995184898376
038379,0.5757649540901184,0.5771039128303528,0.763222336769104,0.7273237109184265
038380,0.967041015625,0.967380702495575,0.9284793138504028,0.8687008023262024
038381,0.9668782353401184,0.9675254821777344,0.7810032963752747,0.8457342386245728
038382,0.703369140625,0.7104136347770691,0.5620065331459045,0.7237083911895752
038384,0.21875,0.3195694088935852,0.19272169470787048,0.5200852155685425
038389,0.968017578125,0.968076765537262,1.0,0.9517982006072998
038390,0.9668782353401184,0.9674917459487915,0.7810032963752747,0.7174988389015198
038391,0.968017578125,0.9680298566818237,1.0,0.8231000304222107
038394,0.947998046875,0.9523017406463623,0.8348100185394287,0.9292615056037903
038395,0.344482421875,0.3595457077026367,0.5977610945701599,0.581868052482605
038396,0.5757649540901184,0.581488311290741,0.49943602085113525,0.5945442318916321
038397,0.701904296875,0.7079938054084778,0.6066363453865051,0.7835051417350769
038399,0.300537109375,0.3701695203781128,0.5354781746864319,0.7564257383346558
038401,0.633056640625,0.6387881636619568,0.5128524899482727,0.6357589364051819
038403,0.4375,0.5335075259208679,0.4692787528038025,0.7546536922454834
038405,0.967041015625,0.9674522280693054,0.9284793138504028,0.8351593613624573
038407,0.968017578125,0.9680484533309937,1.0,0.9213067889213562
038408,0.940673828125,0.9481013417243958,0.7038999795913696,0.6724953651428223
038409,0.9388020634651184,0.9451354146003723,0.48492133617401123,0.4483293890953064
038410,0.9673665165901184,0.9677258729934692,0.8748590350151062,0.7951825857162476
038411,0.951904296875,0.9599016308784485,0.7122209072113037,0.8578386902809143
038412,0.0,0.015625,0.0,0.02162410132586956
038414,0.962158203125,0.962683379650116,0.8420895934104919,0.8356907963752747
038415,0.9673665165901184,0.9679082036018372,0.8748590350151062,0.9661785960197449
038418,0.9668782353401184,0.9673402309417725,0.892719030380249,0.8276708722114563
038420,0.9507649540901184,0.9521039128303528,0.974961519241333,0.9764181971549988
038423,0.166259765625,0.24468645453453064,0.2626707851886749,0.4782758355140686
038425,0.499755859375,0.538815975189209,0.9037794470787048,0.896300733089447
038426,0.197998046875,0.34450244903564453,0.23883214592933655,0.5985299348831177
038427,0.9673665165901184,0.9677214622497559,1.0,0.8861563205718994
038430,0.44140625,0.4437403380870819,0.45818498730659485,0.3996797502040863
038431,0.94140625,0.9489550590515137,0.5900454521179199,0.5994870662689209
038432,0.957763671875,0.9584311246871948,0.7236568927764893,0.77769535779953
038433,0.4778645932674408,0.47999462485313416,0.4055802822113037,0.33810365200042725
038435,0.951171875,0.9562572836875916,0.6074502468109131,0.673355221748352
038436,0.571533203125,0.5760385394096375,0.49935534596443176,0.515085756778717
038437,0.951171875,0.959679126739502,0.694340705871582,0.8071557879447937
038438,0.957763671875,0.9582867622375488,0.7236568927764893,0.6056622862815857
038439,0.150390625,0.26880913972854614,0.12623168528079987,0.3575271666049957
038440,0.943115234375,0.9501643180847168,0.6126077175140381,0.6558563709259033
038442,0.956298828125,0.9593866467475891,1.0,0.8952473402023315
038443,0.619873046875,0.6264037489891052,0.5410870313644409,0.7169520258903503
038448,0.9668782353401184,0.9674913883209229,0.7810032963752747,0.7740179896354675
038450,0.518798828125,0.5475195050239563,0.8046129941940308,0.698721706867218
038451,0.701904296875,0.7052735686302185,0.7402501106262207,0.7097502946853638
038452,0.966796875,0.9672871232032776,0.8748388290405273,0.8248443603515625
038453,0.365234375,0.4330543279647827,0.4972013831138611,0.6078917384147644
038454,0.3599446713924408,0.41303834319114685,0.5626510977745056,0.7223002910614014
038455,0.4700520932674408,0.48449966311454773,0.3117245137691498,0.6611302495002747
038456,0.469970703125,0.47844499349594116,0.3877114951610565,0.5804271101951599
038460,0.962158203125,0.9624678492546082,0.9625431895256042,0.9261883497238159
038461,0.9673665165901184,0.9677017331123352,1.0,0.903251588344574
038463,0.365234375,0.4754432439804077,0.26521679759025574,0.45001816749572754
038465,0.44140625,0.4513474106788635,0.3754834830760956,0.558524489402771
038468,0.957763671875,0.9582267999649048,0.8271697163581848,0.8419267535209656
038469,0.947998046875,0.956016480922699,0.6841284036636353,0.8169546127319336
038470,0.146728515625,0.21678972244262695,0.2098969668149948,0.29547372460365295
038471,0.21875,0.25177764892578125,0.29608193039894104,0.27314293384552
038475,0.09375,0.13818359375,0.1821252405643463,0.35097190737724304
038476,0.344482421875,0.3715157210826874,0.5977610945701599,0.6330016851425171
038478,0.30078125,0.36696919798851013,0.28309693932533264,0.5522333383560181
038479,0.959228515625,0.9594385027885437,0.8722942471504211,0.7584438323974609
038481,0.943359375,0.9447196125984192,0.9184463024139404,0.9505575895309448
038483,0.499755859375,0.5462148785591125,0.4098700284957886,0.4790204167366028
038485,0.9668782353401184,0.9675702452659607,0.892719030380249,0.927885115146637
038486,0.956298828125,0.9595470428466797,1.0,0.9906782507896423
038487,0.9673665165901184,0.9676786065101624,0.8748590350151062,0.8065174221992493
038488,0.4375,0.4375,0.8609101176261902,0.8609101176261902
038489,0.9673665165901184,0.9676030278205872,1.0,0.8343496918678284
038490,0.967041015625,0.9677993655204773,0.8122885227203369,0.7954465746879578
038491,0.659423828125,0.6613146066665649,0.8254533410072327,0.7024324536323547
038492,0.9507649540901184,0.9554924964904785,0.7292529344558716,0.8241269588470459
038493,0.2774251401424408,0.3480633497238159,0.4175114035606384,0.5978127121925354
038494,0.967041015625,0.9674526453018188,0.9284793138504028,0.776226818561554
038499,0.2774251401424408,0.42734694480895996,0.1687147468328476,0.43455082178115845
038501,0.166259765625,0.3411918878555298,0.1061442568898201,0.5154048800468445
038503,0.633056640625,0.6399843692779541,0.5862115621566772,0.6874446868896484
038504,0.968017578125,0.9680483341217041,1.0,0.8628557920455933
038505,0.23828125,0.399918794631958,0.14078360795974731,0.45680147409439087
038506,0.957763671875,0.9581526517868042,0.8271697163581848,0.7481064200401306
038508,0.956298828125,0.9611271023750305,0.7169486284255981,0.8880869746208191
038509,0.9466145634651184,0.9509522914886475,0.8072783350944519,0.8323979377746582
038510,0.9375,0.9453384280204773,0.7171369194984436,0.8113782405853271
038511,0.967041015625,0.9678052067756653,0.8122885227203369,0.7104098200798035
038512,0.365234375,0.43686866760253906,0.3236317038536072,0.5082575678825378
038516,0.968017578125,0.9680764675140381,1.0,0.9736222624778748
038517,0.951904296875,0.9598031044006348,0.7122209072113037,0.815767228603363
038519,0.968017578125,0.9680772423744202,1.0,0.9675216674804688
038520,0.9673665165901184,0.9675318598747253,1.0,0.8372362852096558
038522,0.488037109375,0.560836672782898,0.2856633961200714,0.47087353467941284
038524,0.701904296875,0.7087008357048035,0.5307213068008423,0.7605201601982117
038525,0.9668782353401184,0.9673309922218323,0.892719030380249,0.8440258502960205
038526,0.9668782353401184,0.9676843881607056,0.7810032963752747,0.8920331597328186
038527,0.962158203125,0.9626957774162292,0.8420895934104919,0.8746285438537598
038528,0.968017578125,0.9680647850036621,1.0,0.8965564966201782
038529,0.9668782353401184,0.9677749276161194,0.7810032963752747,0.8370742797851562
038530,0.956298828125,0.9610769152641296,0.8195018768310547,0.874539852142334
038531,0.953369140625,0.9545327425003052,0.912726640701294,0.8250298500061035
038533,0.968017578125,0.9680430293083191,1.0,0.9303926825523376
038534,0.968017578125,0.968051016330719,1.0,0.9381577968597412
038535,0.9673665165901184,0.9676254391670227,1.0,0.8525751233100891
038536,0.9444172978401184,0.9544349908828735,0.544137716293335,0.8040269017219543
038538,0.968017578125,0.9680577516555786,1.0,0.9668808579444885
038539,0.951904296875,0.9554601907730103,0.8690900206565857,0.7706817388534546
038542,0.659423828125,0.6629443168640137,0.5918076038360596,0.7135173082351685
038543,0.968017578125,0.9680676460266113,1.0,0.9299498200416565
038544,0.968017578125,0.9680384993553162,1.0,0.8346244692802429
038545,0.701171875,0.7066065073013306,0.7184317708015442,0.7448580265045166
038547,0.3059895932674408,0.3705531358718872,0.2836383283138275,0.4418368935585022
038548,0.366455078125,0.3747618794441223,0.2856633961200714,0.4659375548362732
038550,0.5757649540901184,0.5802922248840332,0.5708760023117065,0.7392768263816833
038551,0.518798828125,0.5941972732543945,0.4535067081451416,0.7131637334823608
038552,0.9444172978401184,0.9487598538398743,0.8315341472625732,0.8785310983657837
038553,0.3059895932674408,0.37384486198425293,0.4357588291168213,0.5705912113189697
038554,0.278564453125,0.4003957509994507,0.21157628297805786,0.6385536193847656
038555,0.323974609375,0.3588749170303345,0.2550044059753418,0.2829461693763733
038556,0.520263671875,0.520845890045166,0.5620065331459045,0.6684303879737854
038557,0.956298828125,0.9590647220611572,1.0,0.8513705134391785
038559,0.304931640625,0.40870803594589233,0.22860826551914215,0.4655514359474182
038561,0.967041015625,0.9673351645469666,0.9284793138504028,0.7565151453018188
038562,0.633056640625,0.6384643912315369,0.5862115621566772,0.5875913500785828
038564,0.968017578125,0.9680771827697754,1.0,0.9925039410591125
038565,0.968017578125,0.9680535197257996,1.0,0.9281094074249268
038566,0.505615234375,0.5122102499008179,0.37429502606391907,0.4819810092449188
038568,0.505615234375,0.5156294107437134,0.37429502606391907,0.6928181052207947
038569,0.9673665165901184,0.9678990244865417,0.8748590350151062,0.951668918132782
038570,0.947998046875,0.955914318561554,0.6841284036636353,0.7789363265037537
038571,0.9673665165901184,0.9678995013237,0.8748590350151062,0.9155198931694031
038572,0.962158203125,0.9624758362770081,0.9625431895256042,0.8076764941215515
038573,0.968017578125,0.9680368900299072,1.0,0.7721588015556335
038574,0.571533203125,0.581543505191803,0.49935534596443176,0.6478959321975708
038577,0.959228515625,0.9597797989845276,0.8722942471504211,0.9124097228050232
038578,0.947998046875,0.9527903199195862,0.6841284036636353,0.6514816284179688
038579,0.659423828125,0.6637842059135437,0.5918076038360596,0.7959156036376953
038581,0.967041015625,0.9675824046134949,0.9284793138504028,0.9626234173774719
038582,0.9507649540901184,0.9555642008781433,0.7292529344558716,0.8154569864273071
038583,0.9507649540901184,0.9554889798164368,0.7292529344558716,0.8178768157958984
038585,0.166259765625,0.27316519618034363,0.2626707851886749,0.6322222352027893
038588,0.659423828125,0.6617814302444458,0.8254533410072327,0.7773175239562988
038589,0.518798828125,0.5452907681465149,0.4535067081451416,0.4157164692878723
038590,0.9673665165901184,0.9676113724708557,0.8748590350151062,0.7645297050476074
038591,0.9444172978401184,0.9496638774871826,0.7589633464813232,0.8578700423240662
038593,0.968017578125,0.9680443406105042,1.0,0.9074217677116394
038594,0.469970703125,0.474457323551178,0.5924884676933289,0.6749619841575623
038596,0.947998046875,0.9536557793617249,0.8348100185394287,0.8590191602706909
038597,0.9507649540901184,0.9560202956199646,0.6379934549331665,0.8289525508880615
038600,0.9507649540901184,0.9560011029243469,0.7292529344558716,0.8752359747886658
038601,0.9673665165901184,0.9676432609558105,1.0,0.935306191444397
038603,0.9668782353401184,0.9677674174308777,0.7810032963752747,0.8669670820236206
038604,0.953369140625,0.9575250744819641,0.912726640701294,0.950981080532074
038605,0.499755859375,0.5833843946456909,0.293855756521225,0.4818791449069977
038606,0.968017578125,0.96805739402771,1.0,0.9172278046607971
038607,0.9673665165901184,0.9676849842071533,0.8748590350151062,0.869373619556427
038608,0.9507649540901184,0.9558014273643494,0.6379934549331665,0.8002568483352661
038610,0.962158203125,0.9625365734100342,0.8420895934104919,0.8702706098556519
038611,0.957763671875,0.9586511254310608,0.7236568927764893,0.8081430792808533
038612,0.263671875,0.263671875,0.7653606534004211,0.7653606534004211
038613,0.304931640625,0.385951966047287,0.2789600193500519,0.5759577751159668
038615,0.304931640625,0.3708941638469696,0.4285714626312256,0.578120768070221
038617,0.431884765625,0.4597799479961395,0.4763599932193756,0.47920069098472595
038618,0.503173828125,0.5151455402374268,0.3920743465423584,0.666951596736908
038619,0.4375,0.5193265676498413,0.30545666813850403,0.5567168593406677
038621,0.531982421875,0.5778704881668091,0.7462155222892761,0.6992906332015991
038622,0.9507649540901184,0.9543445110321045,0.8898733854293823,0.8336915373802185
038623,0.659423828125,0.6624109745025635,0.6764605641365051,0.6631364822387695
038625,0.505615234375,0.5113686323165894,0.427834689617157,0.5435289144515991
038626,0.44921875,0.49184656143188477,0.7216541767120361,0.8030195236206055
038627,0.393798828125,0.4837896227836609,0.38908666372299194,0.7087458372116089
038628,0.9673665165901184,0.9676342010498047,1.0,0.9017912745475769
038629,0.19921875,0.2630351781845093,0.3483913838863373,0.548291027545929
038631,0.388427734375,0.39478468894958496,0.4535067081451416,0.5713701248168945
038633,0.219970703125,0.219970703125,0.49370092153549194,0.4020722806453705
038634,0.959228515625,0.9599187970161438,0.7631344795227051,0.8787794709205627
038635,0.633056640625,0.6388838887214661,0.5128524899482727,0.5328454375267029
038636,0.946533203125,0.952507734298706,0.6577322483062744,0.6525480151176453
038637,0.967041015625,0.967500627040863,0.8122885227203369,0.7655623555183411
038638,0.323974609375,0.33507680892944336,0.5520787835121155,0.48711419105529785
038639,0.946533203125,0.9541136622428894,0.8026000261306763,0.8441912531852722
038641,0.959228515625,0.9596463441848755,0.8722942471504211,0.8791792392730713
038642,0.393798828125,0.41518130898475647,0.8579513430595398,0.8495333790779114
038643,0.943115234375,0.9459834098815918,0.6597968339920044,0.6216771602630615
038644,0.499755859375,0.574806272983551,0.4098700284957886,0.7319321632385254
038645,0.706298828125,0.7099218368530273,0.7139173746109009,0.796949565410614
038646,0.9507649540901184,0.9540243744850159,0.8898733854293823,0.8273518681526184
038647,0.953369140625,0.9581133127212524,0.912726640701294,0.8510231375694275
038649,0.5757649540901184,0.5819375514984131,0.5708760023117065,0.6551326513290405
038650,0.947998046875,0.9538440704345703,0.5985158681869507,0.6800508499145508
038652,0.956298828125,0.9590723514556885,0.8195018768310547,0.7488739490509033
038653,0.9507649540901184,0.954521656036377,0.8898733854293823,0.9594303369522095
038655,0.968017578125,0.9680528044700623,1.0,0.9219592213630676
038656,0.619873046875,0.6235837936401367,0.6602633595466614,0.7344930171966553
038658,0.21875,0.2588108777999878,0.3419274091720581,0.5712637305259705
038660,0.946533203125,0.9565145969390869,0.6577322483062744,0.782612144947052
038662,0.953369140625,0.9602010250091553,0.7479812502861023,0.8870989084243774
038663,0.518798828125,0.5687294602394104,0.6967307925224304,0.7085018754005432
038664,0.9507649540901184,0.9531959295272827,0.8898733854293823,0.8003612756729126
038667,0.956298828125,0.9584680795669556,1.0,0.8654378056526184
038669,0.956298828125,0.9610229134559631,0.8195018768310547,0.8853922486305237
038671,0.9466145634651184,0.9539074897766113,0.5787770748138428,0.8059657216072083
038672,0.5757649540901184,0.5801776647567749,0.5708760023117065,0.7138563394546509
038674,0.263671875,0.34659576416015625,0.15307211875915527,0.22330382466316223
038675,0.44921875,0.5154800415039062,0.32727500796318054,0.5826060175895691
038676,0.943359375,0.9488049745559692,0.6040917634963989,0.5857986211776733
038677,0.431884765625,0.4948210120201111,0.3415256440639496,0.6208713054656982
038678,0.488037109375,0.5705028176307678,0.2856633961200714,0.5292023420333862
038679,0.21875,0.33542999625205994,0.15793579816818237,0.5345373749732971
038681,0.947998046875,0.9524521827697754,0.8348100185394287,0.7408660650253296
038682,0.701904296875,0.708069920539856,0.5307213068008423,0.601472795009613
038683,0.3125,0.32190293073654175,0.3585684597492218,0.5556322932243347
038684,0.469970703125,0.47672680020332336,0.3877114951610565,0.5082590579986572
038685,0.393798828125,0.4489056468009949,0.31885725259780884,0.5195456147193909
038687,0.490234375,0.5983285903930664,0.3180091083049774,0.45746827125549316
038688,0.9668782353401184,0.9677693247795105,0.7810032963752747,0.9625954031944275
038690,0.263671875,0.3310692012310028,0.17496776580810547,0.23926934599876404
038691,0.47265625,0.48493728041648865,0.3920743465423584,0.6516786813735962
038692,0.953369140625,0.9603116512298584,0.7479812502861023,0.8491689562797546
038693,0.962158203125,0.9626889228820801,0.8420895934104919,0.846037745475769
038694,0.531982421875,0.587611198425293,0.39804574847221375,0.581243634223938
038695,0.9375,0.9470853805541992,0.6545500159263611,0.7302109003067017
038696,0.455078125,0.4715576171875,0.5907889604568481,0.6517893075942993
038697,0.968017578125,0.9680639505386353,1.0,0.9528040289878845
038698,0.469970703125,0.4770272970199585,0.3877114951610565,0.5215698480606079
038701,0.968017578125,0.9680523872375488,1.0,0.8544020056724548
038702,0.953369140625,0.9572017192840576,0.912726640701294,0.8355571627616882
038703,0.9673665165901184,0.9677385091781616,0.8748590350151062,0.8461509943008423
038704,0.968017578125,0.9680764079093933,1.0,0.9342325329780579
038705,0.304931640625,0.3966906666755676,0.22860826551914215,0.44241341948509216
038706,0.25390625,0.3217797577381134,0.39664164185523987,0.5497515201568604
038707,0.951904296875,0.9599263668060303,0.7122209072113037,0.8776691555976868
038709,0.0625,0.13879519701004028,0.08155369758605957,0.2692163288593292
038713,0.9673665165901184,0.9677962064743042,0.8748590350151062,0.862405002117157
038715,0.9673665165901184,0.9678451418876648,0.8748590350151062,0.8510527014732361
038716,0.957763671875,0.9584699869155884,0.8271697163581848,0.8343583941459656
038717,0.0,0.24292707443237305,0.0,0.5155916213989258
038718,0.46875,0.47620686888694763,0.3384338617324829,0.44790375232696533
038719,0.568359375,0.5767314434051514,0.3899376392364502,0.46617206931114197
038720,0.943359375,0.9525259733200073,0.6040917634963989,0.6893779635429382
038723,0.956298828125,0.9610736966133118,0.7169486284255981,0.7652297019958496
038724,0.943115234375,0.9434458613395691,0.6126077175140381,0.5374431610107422
038725,0.499755859375,0.6034841537475586,0.3358892798423767,0.6418127417564392
038727,0.946533203125,0.9564365148544312,0.6577322483062744,0.7429220676422119
038728,0.962158203125,0.9625239968299866,0.8420895934104919,0.796592116355896
038729,0.706298828125,0.7110362648963928,0.6245770454406738,0.684516429901123
038732,0.3599446713924408,0.40055975317955017,0.6497723460197449,0.7422378659248352
038735,0.951171875,0.9573568105697632,0.694340705871582,0.7731509804725647
038736,0.263671875,0.40142160654067993,0.21350501477718353,0.5851449370384216
038737,0.9388020634651184,0.949537456035614,0.48492133617401123,0.5730273723602295
038738,0.701171875,0.7068841457366943,0.5150786638259888,0.573228657245636
038739,0.490234375,0.5998504757881165,0.38805168867111206,0.7460553646087646
038744,0.9668782353401184,0.9672076106071472,0.892719030380249,0.7670941352844238
038745,0.959228515625,0.9599906206130981,0.7631344795227051,0.8448810577392578
038747,0.701171875,0.7015380859375,0.8266482949256897,0.8445333242416382
038749,0.701171875,0.706153929233551,0.7184317708015442,0.8496725559234619
038751,0.943115234375,0.9474299550056458,0.819014847278595,0.7954727411270142
038752,0.510498046875,0.5120129585266113,0.6676040887832642,0.7007940411567688
038753,0.9507649540901184,0.9560492038726807,0.8898733854293823,0.8748313188552856
038755,0.584228515625,0.5845087170600891,0.7139173746109009,0.6352912783622742
038756,0.959228515625,0.9596757292747498,0.7631344795227051,0.6355019807815552
038758,0.166259765625,0.26949670910835266,0.14805001020431519,0.30697065591812134
038759,0.956298828125,0.9601495265960693,0.8195018768310547,0.8693333268165588
038761,0.4375,0.4375,0.5419421792030334,0.4926615357398987
038762,0.946533203125,0.9519361257553101,0.6577322483062744,0.6627213358879089
038763,0.580322265625,0.6432234048843384,0.4040961265563965,0.6129083037376404
038764,0.560546875,0.6182267069816589,0.4981783330440521,0.7695717811584473
038767,0.659423828125,0.662042498588562,0.8254533410072327,0.7562470436096191
038768,0.44921875,0.5021270513534546,0.2682024836540222,0.30415230989456177
038770,0.46875,0.48403841257095337,0.29608190059661865,0.5664998888969421
038772,0.701171875,0.7034391164779663,0.7871269583702087,0.7458146214485168
038774,0.953369140625,0.9591625332832336,0.6543781161308289,0.8247215747833252
038775,0.962158203125,0.9626963138580322,0.8420895934104919,0.9341136813163757
038776,0.19921875,0.315434992313385,0.16092148423194885,0.5435935258865356
038777,0.953369140625,0.9549981951713562,1.0,0.9270245432853699
038778,0.9668782353401184,0.9672868251800537,0.7810032963752747,0.6614837646484375
038779,0.9668782353401184,0.9673954248428345,0.892719030380249,0.8350463509559631
038780,0.951904296875,0.9566600322723389,0.6230928897857666,0.5988174676895142
038781,0.659423828125,0.6634106636047363,0.6764605641365051,0.8033534288406372
038783,0.9444172978401184,0.950803816318512,0.544137716293335,0.746112048625946
038784,0.4375,0.4410156309604645,0.6735438704490662,0.6502102613449097
038786,0.455078125,0.5508698225021362,0.23873552680015564,0.4234262704849243
038787,0.263671875,0.39191025495529175,0.15307211875915527,0.34318652749061584
038788,0.531982421875,0.5566171407699585,0.48571667075157166,0.4788062870502472
038790,0.706298828125,0.7090986967086792,0.871160089969635,0.8241919875144958
038791,0.962158203125,0.962518572807312,0.9625431895256042,0.9236634969711304
038792,0.08203125,0.23036260902881622,0.04692786931991577,0.33744361996650696
038793,0.365234375,0.44691506028175354,0.3236317038536072,0.5498194098472595
038794,0.567138671875,0.5719597339630127,0.5199966430664062,0.5215931534767151
038796,0.701904296875,0.7071557641029358,0.5307213068008423,0.6433841586112976
038797,0.9673665165901184,0.9679083228111267,0.8748590350151062,0.9240065217018127
038798,0.19921875,0.26449495553970337,0.19636499881744385,0.4077603220939636
038799,0.39453125,0.40172839164733887,0.4261382520198822,0.6405531167984009
038800,0.44140625,0.45207616686820984,0.3284950852394104,0.5887516140937805
038801,0.956298828125,0.9591152667999268,1.0,0.9318943023681641
038803,0.956298828125,0.9592503309249878,0.8195018768310547,0.8230171203613281
038806,0.967041015625,0.9672718644142151,0.9284793138504028,0.7709271311759949
038807,0.469970703125,0.47719892859458923,0.4431702494621277,0.5990725159645081
038808,0.712158203125,0.7124509811401367,0.8569586873054504,0.7791258692741394
038809,0.956298828125,0.9605990648269653,0.8195018768310547,0.9318214654922485
038812,0.393798828125,0.4598013162612915,0.31885725259780884,0.5176670551300049
038815,0.962158203125,0.9625449776649475,0.9625431895256042,0.879906952381134
038818,0.518798828125,0.6066312193870544,0.4535067081451416,0.6552829742431641
038821,0.9673665165901184,0.9678167700767517,0.8748590350151062,0.9242380857467651
038824,0.488037109375,0.5583996772766113,0.3265250623226166,0.4568277895450592
038825,0.44140625,0.4539049565792084,0.3284950852394104,0.6865140199661255
038827,0.263671875,0.329171746969223,0.4707868993282318,0.7277688980102539
038828,0.5757649540901184,0.5759435296058655,0.6966133713722229,0.6317907571792603
038829,0.947998046875,0.9546437859535217,0.6841284036636353,0.8213584423065186
038830,0.5757649540901184,0.5803897380828857,0.49943602085113525,0.6432814002037048
038831,0.568359375,0.5769124627113342,0.5438850522041321,0.7113693356513977
038835,0.947998046875,0.952400803565979,0.6841284036636353,0.7249134182929993
038837,0.943115234375,0.9544956684112549,0.5359453558921814,0.5329132676124573
038838,0.943359375,0.9475071430206299,0.5284951329231262,0.4945966303348541
038841,0.508056640625,0.5124552845954895,0.5334192514419556,0.5711763501167297
038842,0.701171875,0.7069747447967529,0.5150786638259888,0.5880762338638306
038843,0.956298828125,0.9611314535140991,0.7169486284255981,0.8602007627487183
038844,0.701171875,0.7069778442382812,0.5887562036514282,0.5908281207084656
038845,0.9444172978401184,0.9508371949195862,0.544137716293335,0.6022180318832397
038849,0.703369140625,0.7093508243560791,0.5620065331459045,0.6398650407791138
038850,0.659423828125,0.6623329520225525,0.6764605641365051,0.7382541298866272
038851,0.374755859375,0.4405616521835327,0.5307213068008423,0.7803800702095032
038852,0.947998046875,0.9511840343475342,0.8348100185394287,0.8473672270774841
038853,0.946533203125,0.9554924368858337,0.6577322483062744,0.8164253830909729
038854,0.228759765625,0.3468121588230133,0.14772342145442963,0.31965550780296326
038857,0.432373046875,0.43815886974334717,0.4040961265563965,0.6082090735435486
038858,0.95703125,0.9574267864227295,0.7039180397987366,0.6012342572212219
038859,0.9466145634651184,0.9551354646682739,0.5787770748138428,0.7526299357414246
038861,0.2122395932674408,0.2622273862361908,0.4175114035606384,0.6509132385253906
038862,0.14453125,0.21146783232688904,0.14805001020431519,0.25918692350387573
038863,0.962158203125,0.9626927375793457,0.8420895934104919,0.8938425779342651
038864,0.9668782353401184,0.9675341844558716,0.892719030380249,0.964688777923584
038865,0.261474609375,0.34434637427330017,0.20000000298023224,0.5996396541595459
038866,0.619873046875,0.6263825297355652,0.4733748733997345,0.6689004898071289
038870,0.712158203125,0.7124806046485901,0.7497180104255676,0.6746063232421875
038871,0.567138671875,0.6177857518196106,0.4261382520198822,0.6788153052330017
038872,0.9507649540901184,0.9565315246582031,0.6379934549331665,0.6145016551017761
038874,0.957763671875,0.9585680961608887,0.7236568927764893,0.8625717759132385
038875,0.962158203125,0.9625093936920166,0.9625431895256042,0.8473283648490906
038877,0.228759765625,0.4048486053943634,0.12923716008663177,0.5361037850379944
038880,0.9673665165901184,0.9678062200546265,0.8748590350151062,0.8730595707893372
038882,0.9673665165901184,0.9677388072013855,0.8748590350151062,0.8085519075393677
038883,0.300537109375,0.3950585722923279,0.2163846641778946,0.6635674238204956
038886,0.9507649540901184,0.9562142491340637,0.6379934549331665,0.700055718421936
038887,0.393798828125,0.42755112051963806,0.2789551615715027,0.30980023741722107
038889,0.94140625,0.9489705562591553,0.7200049757957458,0.7535490393638611
038891,0.943115234375,0.9508640170097351,0.7475366592407227,0.8731366395950317
038892,0.584228515625,0.584699273109436,0.6245770454406738,0.6245101094245911
038893,0.09375,0.2890988290309906,0.05921638384461403,0.3193126618862152
038895,0.951171875,0.9519546627998352,0.694340705871582,0.505293071269989
038896,0.44140625,0.44843268394470215,0.45818498730659485,0.561467170715332
038897,0.951904296875,0.9557951092720032,0.7122209072113037,0.6957391500473022
038898,0.520263671875,0.5209055542945862,0.5620065331459045,0.7359269261360168
038899,0.12109375,0.1662357896566391,0.3910655975341797,0.6830192804336548
038901,0.967041015625,0.9674926996231079,0.9284793138504028,0.8711251020431519
038902,0.962158203125,0.9625235199928284,0.8420895934104919,0.8590211272239685
038903,0.571533203125,0.5783849954605103,0.49935534596443176,0.5875810980796814
038904,0.957763671875,0.9583789706230164,0.7236568927764893,0.7507570385932922
038905,0.968017578125,0.968045175075531,1.0,0.8323493003845215
038906,0.962158203125,0.9624120593070984,0.9625431895256042,0.9392171502113342
038907,0.260498046875,0.3579903542995453,0.22389668226242065,0.4228629171848297
038908,0.9673665165901184,0.9678995609283447,0.8748590350151062,0.9102671146392822
038910,0.947998046875,0.9560679793357849,0.5985158681869507,0.8595370650291443
038911,0.9673665165901184,0.9677889943122864,0.8748590350151062,0.9515959620475769
038912,0.580322265625,0.6255361437797546,0.5636333227157593,0.7924929857254028
038913,0.968017578125,0.968058705329895,1.0,0.9725735187530518
038914,0.9668782353401184,0.9672753810882568,0.892719030380249,0.9258040189743042
038917,0.510498046875,0.518532931804657,0.43686550855636597,0.6311238408088684
038920,0.9668782353401184,0.967401921749115,0.7810032963752747,0.7809658646583557
038922,0.166259765625,0.2795739769935608,0.2626707851886749,0.6239582300186157
038925,0.968017578125,0.9680549502372742,1.0,0.9600782990455627
038929,0.959228515625,0.9597228765487671,0.8722942471504211,0.8631911277770996
038931,0.490234375,0.5284360647201538,0.38805168867111206,0.40172576904296875
038932,0.584228515625,0.5848411321640015,0.7139173746109009,0.7919909954071045
038934,0.956298828125,0.9585191011428833,1.0,0.8485660552978516
038936,0.47265625,0.48194420337677,0.4784300625324249,0.6346283555030823
038938,0.701904296875,0.7042860984802246,0.8110315203666687,0.8552452325820923
038939,0.703369140625,0.7102661728858948,0.6423966884613037,0.8500519394874573
038942,0.261474609375,0.32572805881500244,0.30563369393348694,0.5298047065734863
038945,0.968017578125,0.968048632144928,1.0,0.8856128454208374
038947,0.3599446713924408,0.4077765643596649,0.6497723460197449,0.8149311542510986
038949,0.943359375,0.9493499994277954,0.6040917634963989,0.6291518807411194
038951,0.968017578125,0.9680767059326172,1.0,0.9492939114570618
038954,0.432373046875,0.4376213550567627,0.5636333227157593,0.6881426572799683
038957,0.571533203125,0.5767388939857483,0.49935534596443176,0.6846461892127991
038958,0.633056640625,0.63779217004776,0.715326726436615,0.8187210559844971
038961,0.619873046875,0.625953733921051,0.5410870313644409,0.6999741196632385
038963,0.968017578125,0.9680711627006531,1.0,0.9929794073104858
038965,0.44921875,0.5313219428062439,0.3585684597492218,0.6345820426940918
038966,0.953369140625,0.9571981430053711,0.912726640701294,0.9626854658126831
038968,0.508056640625,0.5130912065505981,0.46666663885116577,0.5336225628852844
038971,0.2774251401424408,0.36241984367370605,0.36153164505958557,0.5487688779830933
038972,0.706298828125,0.7111065983772278,0.6245770454406738,0.8422842621803284
038973,0.5757649540901184,0.5797190070152283,0.6966133713722229,0.6555519700050354
038974,0.531982421875,0.6040404438972473,0.48571667075157166,0.7975658178329468
038975,0.263671875,0.36041009426116943,0.23391999304294586,0.4088423252105713
038976,0.431884765625,0.46470752358436584,0.7318407297134399,0.8577726483345032
038977,0.951904296875,0.9565919637680054,0.7122209072113037,0.6282913684844971
038978,0.951904296875,0.9598938822746277,0.7122209072113037,0.8771933913230896
038979,0.967041015625,0.967602014541626,0.9284793138504028,0.9066374897956848
038980,0.953369140625,0.9603339433670044,0.7479812502861023,0.9239607453346252
038983,0.5757649540901184,0.5775502324104309,0.6966133713722229,0.6753806471824646
038985,0.968017578125,0.9680535793304443,1.0,0.9163500070571899
038988,0.968017578125,0.9680557250976562,1.0,0.9240980744361877
038989,0.968017578125,0.9680594801902771,1.0,0.9988390803337097
038990,0.968017578125,0.9680593609809875,1.0,0.9279965162277222
038995,0.488037109375,0.5908325910568237,0.398443341255188,0.7398006319999695
038997,0.584228515625,0.5846889615058899,0.7139173746109009,0.6883713006973267
038999,0.967041015625,0.9678099751472473,0.8122885227203369,0.9183708429336548
039000,0.508056640625,0.5138872861862183,0.5334192514419556,0.7019038200378418
039001,0.9673665165901184,0.9678940773010254,0.8748590350151062,0.9118755459785461
039003,0.701904296875,0.7098310589790344,0.6066363453865051,0.7852288484573364
039004,0.968017578125,0.9680573344230652,1.0,0.972089946269989
039006,0.5757649540901184,0.5804997682571411,0.5708760023117065,0.7437325119972229
039007,0.968017578125,0.9680632948875427,1.0,0.9393966197967529
039010,0.951904296875,0.9573020339012146,0.8690900206565857,0.9381633400917053
039012,0.47265625,0.5345504879951477,0.6580725908279419,0.813715398311615
039013,0.450927734375,0.4594007730484009,0.48571667075157166,0.6719921231269836
039014,0.940673828125,0.9474092721939087,0.5046601295471191,0.4840823709964752
039015,0.712158203125,0.7126831412315369,0.7497180104255676,0.8300667405128479
039016,0.967041015625,0.9676913619041443,0.8122885227203369,0.8800197839736938
039017,0.48828125,0.488661527633667,0.6066363453865051,0.5807855725288391
039018,0.953369140625,0.9583870768547058,0.7479812502861023,0.7841417193412781
039019,0.947998046875,0.9521595239639282,0.6841284036636353,0.7085500955581665
039020,0.304931640625,0.4358183443546295,0.20000000298023224,0.4698798358440399
039022,0.9673665165901184,0.9677108526229858,1.0,0.8820003867149353
039023,0.431884765625,0.49431073665618896,0.390377938747406,0.6242597699165344
039026,0.9673665165901184,0.9676654934883118,0.8748590350151062,0.8150071501731873
039027,0.968017578125,0.9680342674255371,1.0,0.9456982016563416
039028,0.9673665165901184,0.9676058292388916,1.0,0.8864353895187378
039029,0.968017578125,0.9680494070053101,1.0,0.8232776522636414
039030,0.967041015625,0.9673513770103455,0.9284793138504028,0.8162102103233337
039031,0.9673665165901184,0.9676485657691956,1.0,0.829415500164032
039032,0.946533203125,0.9546421766281128,0.6577322483062744,0.7411078214645386
039033,0.584228515625,0.5848342180252075,0.6245770454406738,0.6037459373474121
039036,0.701171875,0.7045828104019165,0.7184317708015442,0.8354732990264893
039037,0.323974609375,0.38968995213508606,0.47805625200271606,0.6462579369544983
039038,0.953369140625,0.9591603875160217,0.7479812502861023,0.895012617111206
039039,0.619873046875,0.6248850226402283,0.5410870313644409,0.6207011342048645
039041,0.556884765625,0.5866719484329224,0.8308104276657104,0.855835497379303
039042,0.261474609375,0.3226498067378998,0.4285714626312256,0.6355552673339844
039043,0.19921875,0.2780669331550598,0.14078360795974731,0.2960453927516937
039047,0.712158203125,0.7126905918121338,0.7497180104255676,0.8455207347869873
039048,0.510498046875,0.5155986547470093,0.49935534596443176,0.5818440914154053
039049,0.44921875,0.5052361488342285,0.5806522965431213,0.7626280188560486
039051,0.946533203125,0.9547387957572937,0.6577322483062744,0.8748928308486938
039054,0.703369140625,0.7074189186096191,0.7838867902755737,0.7784075736999512
039055,0.9466145634651184,0.9488118290901184,0.8072783350944519,0.9090972542762756
039056,0.9444172978401184,0.9543761610984802,0.6219719052314758,0.789753258228302
039058,0.967041015625,0.9675093293190002,0.8122885227203369,0.905992329120636
039059,0.953369140625,0.9575331807136536,0.7479812502861023,0.762374758720398
039060,0.260498046875,0.34161102771759033,0.22389668226242065,0.33566540479660034
039063,0.466064453125,0.5862065553665161,0.2907647490501404,0.6737849712371826
039066,0.9673665165901184,0.9679008722305298,0.8748590350151062,0.9515385031700134
039069,0.9668782353401184,0.9677693843841553,0.7810032963752747,0.9083294868469238
039070,0.951171875,0.9579002261161804,0.694340705871582,0.776314914226532
039071,0.701904296875,0.7062181830406189,0.7402501106262207,0.7290467023849487
039073,0.5694172978401184,0.5700123906135559,0.7453632354736328,0.7490573525428772
039074,0.968017578125,0.9680597186088562,1.0,0.9687950611114502
039075,0.9673665165901184,0.9676029086112976,1.0,0.9462428689002991
039077,0.323974609375,0.4123941659927368,0.2230929136276245,0.631605863571167
039078,0.968017578125,0.9680588841438293,1.0,0.9676342010498047
039079,0.580322265625,0.6176687479019165,0.86592036485672,0.723490834236145
039081,0.968017578125,0.9680634140968323,1.0,0.9716569185256958
039082,0.9673665165901184,0.9679058790206909,0.8748590350151062,0.9116453528404236
039083,0.967041015625,0.9676692485809326,0.8122885227203369,0.9098227024078369
039084,0.1875,0.2958672046661377,0.09385573863983154,0.2497154325246811
039085,0.571533203125,0.5763936042785645,0.6676040887832642,0.7689875960350037
039087,0.606689453125,0.6393498778343201,0.46666663885116577,0.6434885263442993
039088,0.1106770858168602,0.2512264847755432,0.0855669379234314,0.4510630965232849
039090,0.344482421875,0.38083603978157043,0.690318763256073,0.7967177629470825
039092,0.556884765625,0.6076484322547913,0.4431702494621277,0.7469185590744019
039093,0.633056640625,0.6366654634475708,0.715326726436615,0.7621192336082458
039094,0.95703125,0.9579734206199646,0.7039180397987366,0.8264891505241394
039096,0.9507649540901184,0.9548123478889465,0.7292529344558716,0.691760778427124
039098,0.488037109375,0.5811889171600342,0.398443341255188,0.7447502017021179
039099,0.703369140625,0.7059731483459473,0.8588406443595886,0.8517484664916992
039102,0.968017578125,0.9680628180503845,1.0,0.9608705639839172
039104,0.5694172978401184,0.581025242805481,0.4055802822113037,0.7454444169998169
039106,0.0,0.19780568778514862,0.0,0.49180084466934204
039107,0.956298828125,0.9601188898086548,0.7169486284255981,0.7373648881912231
039108,0.5694172978401184,0.577658474445343,0.4055802822113037,0.639699399471283
039109,0.953369140625,0.9582907557487488,0.6543781161308289,0.6935910582542419
039110,0.9673665165901184,0.9676207304000854,1.0,0.9281561374664307
039111,0.2774251401424408,0.39207690954208374,0.36153164505958557,0.6392072439193726
039112,0.3599446713924408,0.45017582178115845,0.26257050037384033,0.5049457550048828
039113,0.967041015625,0.9673364758491516,0.9284793138504028,0.8638393878936768
039116,0.968017578125,0.9680771231651306,1.0,0.8888365030288696
039122,0.701904296875,0.7077383399009705,0.5307213068008423,0.66432785987854
039123,0.946533203125,0.9498564004898071,0.8026000261306763,0.7835733890533447
039125,0.501953125,0.5072903037071228,0.3741941750049591,0.4819740355014801
039126,0.967041015625,0.9675024151802063,0.9284793138504028,0.8532910346984863
039127,0.508056640625,0.5150008797645569,0.46666663885116577,0.5752165913581848
039128,0.9375,0.9388020634651184,0.7171369194984436,0.7449735999107361
039129,0.703369140625,0.7081767916679382,0.5620065331459045,0.6507808566093445
039130,0.966796875,0.9670030474662781,0.7653606534004211,0.6381598114967346
039131,0.959228515625,0.9597128033638,0.8722942471504211,0.8449448943138123
039132,0.943359375,0.9516267776489258,0.7371450066566467,0.7462355494499207
039133,0.267578125,0.3039703369140625,0.4545382261276245,0.6565098762512207
039134,0.508056640625,0.5150575041770935,0.46666663885116577,0.6711405515670776
039135,0.9673665165901184,0.9677162766456604,0.8748590350151062,0.8436173796653748
039136,0.957763671875,0.9584751725196838,0.7236568927764893,0.7525105476379395
039140,0.947998046875,0.9527451395988464,0.6841284036636353,0.6595125198364258
039141,0.967041015625,0.9675598740577698,0.9284793138504028,0.9003976583480835
039142,0.9507649540901184,0.9536241888999939,0.8898733854293823,0.7807175517082214
039143,0.956298828125,0.9579755663871765,0.8195018768310547,0.7126073837280273
039144,0.962158203125,0.9624912738800049,0.8420895934104919,0.8671233654022217
039145,0.953369140625,0.958983838558197,0.6543781161308289,0.6775006055831909
039146,0.953369140625,0.9587024450302124,0.7479812502861023,0.8246751427650452
039147,0.712158203125,0.7123669981956482,0.8569586873054504,0.8439711928367615
039149,0.9673665165901184,0.9678949117660522,0.8748590350151062,0.8658145666122437
039150,0.3599446713924408,0.4292358160018921,0.26257050037384033,0.4295711815357208
039151,0.951904296875,0.9562069177627563,0.6230928897857666,0.6082383990287781
039152,0.967041015625,0.9674245119094849,0.9284793138504028,0.7916709184646606
039153,0.16796875,0.2372550666332245,0.18026001751422882,0.4741736054420471
039154,0.44921875,0.5557924509048462,0.2682024836540222,0.6523220539093018
039156,0.968017578125,0.9680532217025757,1.0,0.8891735076904297
039158,0.959228515625,0.9595671892166138,0.9394869804382324,0.9319095015525818
039161,0.943115234375,0.94563227891922,0.5359453558921814,0.4473801255226135
039162,0.701904296875,0.7085347771644592,0.5307213068008423,0.6404852867126465
039165,0.2774251401424408,0.40010443329811096,0.1687147468328476,0.4507201313972473
039166,0.9668782353401184,0.9675399661064148,0.7810032963752747,0.7910630106925964
039168,0.701171875,0.7022705078125,0.5150786638259888,0.4185001254081726
039169,0.263671875,0.3356321454048157,0.15307211875915527,0.21379253268241882
039175,0.659423828125,0.662135124206543,0.6764605641365051,0.6558452248573303
039176,0.388427734375,0.39467138051986694,0.3716495931148529,0.46541693806648254
039177,0.9673665165901184,0.9674395322799683,1.0,0.8667845129966736
039178,0.584228515625,0.5849820375442505,0.6245770454406738,0.6334303021430969
039179,0.61328125,0.621671199798584,0.5185247659683228,0.6385338306427002
039181,0.9507649540901184,0.9532674551010132,0.8898733854293823,0.7281917929649353
039182,0.520263671875,0.5211362838745117,0.5620065331459045,0.5915843844413757
039183,0.947998046875,0.9559547901153564,0.6841284036636353,0.8459427952766418
039184,0.166259765625,0.29816314578056335,0.16220630705356598,0.44427689909935
039186,0.956298828125,0.9596606492996216,0.7169486284255981,0.7471802234649658
039189,0.957763671875,0.9586544632911682,0.7236568927764893,0.7022834420204163
039191,0.967041015625,0.9674866795539856,0.8122885227203369,0.7549795508384705
039192,0.957763671875,0.958483099937439,0.7236568927764893,0.7252744436264038
039194,0.968017578125,0.9680503606796265,1.0,0.9139977693557739
039195,0.966796875,0.9676000475883484,0.7653606534004211,0.902550995349884
039196,0.946533203125,0.9566383957862854,0.575423002243042,0.8418970108032227
039198,0.968017578125,0.9680675268173218,1.0,0.9559703469276428
039200,0.943115234375,0.9511139392852783,0.6126077175140381,0.7371228933334351
039201,0.388427734375,0.39750170707702637,0.3716495931148529,0.6424168348312378
039202,0.9388020634651184,0.9456148743629456,0.48492133617401123,0.46285274624824524
039203,0.9507649540901184,0.9554130434989929,0.7292529344558716,0.7428704500198364
039205,0.701904296875,0.701904296875,0.8517531156539917,0.8517531156539917
039206,0.943359375,0.9510063529014587,0.6040917634963989,0.7147436141967773
039207,0.706298828125,0.7110394239425659,0.7139173746109009,0.7574183940887451
039210,0.556884765625,0.5980538725852966,0.3877114951610565,0.46797358989715576
039212,0.9668782353401184,0.9674428701400757,0.7810032963752747,0.762471616268158
039213,0.47265625,0.5634773373603821,0.3709116578102112,0.6620967984199524
039214,0.4778645932674408,0.4845206141471863,0.4055802822113037,0.5400329232215881
039216,0.432373046875,0.4358297884464264,0.4040961265563965,0.4119877815246582
039217,0.9375,0.9438585638999939,0.6545500159263611,0.6286059021949768
039218,0.946533203125,0.9487819671630859,0.6577322483062744,0.5298587679862976
039221,0.953369140625,0.9577221870422363,0.912726640701294,0.9464930891990662
039223,0.510498046875,0.5141840577125549,0.43686550855636597,0.4383208751678467
039224,0.951171875,0.9582018852233887,0.6074502468109131,0.6918033361434937
039225,0.499755859375,0.5684366226196289,0.4098700284957886,0.5421826243400574
039226,0.47265625,0.5571739673614502,0.3039627969264984,0.4372936487197876
039229,0.568359375,0.5749438405036926,0.3899376392364502,0.3813602328300476
039230,0.499755859375,0.5395604968070984,0.3358892798423767,0.36909860372543335
039231,0.490234375,0.6023679971694946,0.27821314334869385,0.5400177836418152
039232,0.947998046875,0.9526946544647217,0.8348100185394287,0.9376713633537292
039233,0.951171875,0.956948459148407,0.8472716808319092,0.8491324186325073
039234,0.968017578125,0.9680549502372742,1.0,0.8936362266540527
039236,0.25390625,0.325973242521286,0.2828631103038788,0.5347674489021301
039237,0.968017578125,0.9680408835411072,1.0,0.7994738817214966
039239,0.953369140625,0.958726704120636,0.6543781161308289,0.701340913772583
039240,0.953369140625,0.9588873982429504,0.7479812502861023,0.769996166229248
039242,0.9375,0.9405381679534912,0.6545500159263611,0.746501624584198
039243,0.951171875,0.9583547711372375,0.6074502468109131,0.754445493221283
039245,0.968017578125,0.9680547714233398,1.0,0.843051016330719
039246,0.94140625,0.9536688923835754,0.5162065625190735,0.6684715151786804
039247,0.953369140625,0.9603646993637085,0.6543781161308289,0.8533901572227478
039249,0.962158203125,0.962449312210083,0.9625431895256042,0.8797808885574341
039250,0.261474609375,0.2653002142906189,0.6806060075759888,0.684699535369873
039251,0.508056640625,0.5127779841423035,0.5334192514419556,0.7232439517974854
039252,0.518798828125,0.5593855977058411,0.8046129941940308,0.8649219870567322
039254,0.510498046875,0.5164662599563599,0.49935534596443176,0.6506817936897278
039255,0.9673665165901184,0.967775821685791,1.0,0.9193218350410461
039257,0.9673665165901184,0.9676889181137085,1.0,0.8706458806991577
039259,0.388427734375,0.3971562683582306,0.3716495931148529,0.6319934725761414
039261,0.505615234375,0.511398434638977,0.5719858407974243,0.6572579145431519
039263,0.393798828125,0.4405727684497833,0.5977610945701599,0.6663257479667664
039264,0.3599446713924408,0.3886653184890747,0.6497723460197449,0.6347330808639526
039266,0.374755859375,0.4768775701522827,0.37848135828971863,0.6723199486732483
039267,0.968017578125,0.9680598378181458,1.0,0.9443677067756653
039269,0.393798828125,0.44855406880378723,0.38908666372299194,0.4928496778011322
039271,0.0,0.0823916494846344,0.0,0.10839774459600449
039277,0.951904296875,0.955807089805603,0.8690900206565857,0.8888310790061951
039279,0.968017578125,0.9680648446083069,1.0,0.923241913318634
039280,0.9673665165901184,0.9679016470909119,0.8748590350151062,0.9204108715057373
039281,0.300537109375,0.4021862745285034,0.30181336402893066,0.4895704388618469
039282,0.488037109375,0.5820316672325134,0.3265250623226166,0.6706449389457703
039284,0.25390625,0.32194557785987854,0.21157628297805786,0.46255573630332947
039286,0.197998046875,0.31132596731185913,0.15708759427070618,0.4132220149040222
039287,0.567138671875,0.640203595161438,0.4261382520198822,0.6763354539871216
039288,0.51953125,0.5834752917289734,0.3284950852394104,0.5310459136962891
039290,0.962158203125,0.9623059034347534,0.8420895934104919,0.6914714574813843
039291,0.962158203125,0.9624861478805542,0.8420895934104919,0.8283050060272217
039294,0.606689453125,0.6408595442771912,0.46666663885116577,0.5167210102081299
039295,0.956298828125,0.958781361579895,0.8195018768310547,0.715916633605957
039296,0.966796875,0.9677267670631409,0.7653606534004211,0.7129560708999634
039297,0.659423828125,0.6630926132202148,0.5918076038360596,0.6197853684425354
039298,0.03125,0.1805826872587204,0.022562257945537567,0.2461634874343872
039299,0.3125,0.32735463976860046,0.2682024836540222,0.490286648273468
039301,0.946533203125,0.9538925290107727,0.575423002243042,0.6528918743133545
039302,0.4375,0.5761428475379944,0.2503223121166229,0.6366011500358582
039303,0.393798828125,0.48526236414909363,0.31885725259780884,0.7163125276565552
039305,0.9668782353401184,0.9674567580223083,0.7810032963752747,0.7601543068885803
039307,0.712158203125,0.7125895023345947,0.7497180104255676,0.8248573541641235
039308,0.9673665165901184,0.9677451848983765,1.0,0.8880643248558044
039309,0.4700520932674408,0.4791219234466553,0.4347934126853943,0.5898358225822449
039310,0.344482421875,0.4159517288208008,0.38908666372299194,0.6331969499588013
039311,0.393798828125,0.46551626920700073,0.38908666372299194,0.6608144640922546
039313,0.962158203125,0.962480902671814,0.8420895934104919,0.7703627943992615
039314,0.967041015625,0.9678061604499817,0.8122885227203369,0.9358358383178711
039315,0.633056640625,0.6380250453948975,0.5862115621566772,0.6961736083030701
039316,0.940673828125,0.947666347026825,0.5046601295471191,0.5453001856803894
039317,0.1875,0.30274468660354614,0.10728099197149277,0.34224551916122437
039318,0.490234375,0.5785395503044128,0.27821314334869385,0.4387912154197693
039319,0.966796875,0.9671812057495117,0.7653606534004211,0.6891168355941772
039320,0.706298828125,0.7101901769638062,0.6245770454406738,0.7066976428031921
039321,0.953369140625,0.9578306078910828,0.912726640701294,0.793246328830719
039322,0.9673665165901184,0.9677413105964661,0.8748590350151062,0.8598372936248779
039326,0.146728515625,0.2391057163476944,0.3012597858905792,0.64858478307724
039327,0.953369140625,0.9564909934997559,0.912726640701294,0.9604445099830627
039328,0.9668782353401184,0.9674821496009827,0.892719030380249,0.8511226177215576
039331,0.571533203125,0.5743805766105652,0.6676040887832642,0.7370302677154541
039332,0.946533203125,0.954068124294281,0.6577322483062744,0.8376041650772095
039333,0.9673665165901184,0.967653214931488,1.0,0.9077837467193604
039335,0.34765625,0.3601197898387909,0.293855756521225,0.6133679747581482
039336,0.9444172978401184,0.9560319185256958,0.6219719052314758,0.8179886937141418
039339,0.967041015625,0.9675784707069397,0.8122885227203369,0.7825595736503601
039340,0.957763671875,0.9584511518478394,0.7236568927764893,0.8025423288345337
039341,0.9668782353401184,0.9677810668945312,0.7810032963752747,0.8894753456115723
039343,0.953369140625,0.9575179815292358,0.7479812502861023,0.755414605140686
039347,0.9673665165901184,0.9677584171295166,1.0,0.9708078503608704
039348,0.393798828125,0.4564686417579651,0.31885725259780884,0.5564631223678589
039351,0.9466145634651184,0.9512983560562134,0.8072783350944519,0.7452373504638672
039353,0.962158203125,0.962553083896637,0.8420895934104919,0.8731837868690491
039354,0.197998046875,0.2584371566772461,0.34009110927581787,0.5037211179733276
039355,0.365234375,0.457885205745697,0.3236317038536072,0.6425175666809082
039356,0.518798828125,0.5464950799942017,1.0,0.9887180924415588
039357,0.968017578125,0.9680646657943726,1.0,0.9636483788490295
039358,0.9673665165901184,0.9677540063858032,0.8748590350151062,0.8567392826080322
039360,0.968017578125,0.9680426716804504,1.0,0.824306845664978
039361,0.951171875,0.9554539918899536,0.8472716808319092,0.7652444243431091
039362,0.365234375,0.38665771484375,0.3236317038536072,0.30056172609329224
039363,0.23046875,0.2918548583984375,0.38063758611679077,0.6056556105613708
039364,0.967041015625,0.9675922393798828,0.9284793138504028,0.9413725733757019
039365,0.21875,0.21875,0.19272169470787048,0.1630200892686844
039367,0.47265625,0.5390576124191284,0.3039627969264984,0.4578627049922943
039368,0.9466145634651184,0.950126588344574,0.8072783350944519,0.7845320105552673
039369,0.9375,0.9375,0.6545500159263611,0.4788609743118286
039370,0.968017578125,0.9680430293083191,1.0,0.9559932351112366
039371,0.968017578125,0.9680650234222412,1.0,0.8869867920875549
039373,0.966796875,0.9671783447265625,0.8748388290405273,0.8494295477867126
039374,0.9668782353401184,0.9674503803253174,0.892719030380249,0.9707909226417542
039375,0.520263671875,0.520931601524353,0.5620065331459045,0.6754719614982605
039376,0.39453125,0.40306031703948975,0.4261382520198822,0.6761583685874939
039377,0.466064453125,0.5519694685935974,0.25437816977500916,0.38997185230255127
039379,0.943115234375,0.9468848705291748,0.9313938021659851,0.9660918116569519
039380,0.659423828125,0.6629939675331116,0.5918076038360596,0.6586255431175232
039381,0.659423828125,0.6634529232978821,0.6764605641365051,0.8054354190826416
039383,0.701171875,0.7014857530593872,0.8266482949256897,0.843384861946106
039386,0.9668782353401184,0.9671812057495117,0.7810032963752747,0.6200270056724548
039387,0.568359375,0.5708389282226562,0.4457148313522339,0.3710290491580963
039388,0.967041015625,0.9677342176437378,0.8122885227203369,0.9524877667427063
039389,0.953369140625,0.960354745388031,0.6543781161308289,0.7345666289329529
039390,0.968017578125,0.9680618643760681,1.0,0.9312900304794312
039392,0.946533203125,0.9519078135490417,0.6577322483062744,0.672847330570221
039394,0.943115234375,0.9504804015159607,0.6126077175140381,0.6094599366188049
039396,0.943115234375,0.9500711560249329,0.6126077175140381,0.6040328741073608
039397,0.967041015625,0.9678033590316772,0.8122885227203369,0.8172803521156311
039398,0.967041015625,0.9675319790840149,0.9284793138504028,0.9914639592170715
039402,0.323974609375,0.38113951683044434,0.3111700117588043,0.3990395665168762
039403,0.956298828125,0.9589442610740662,0.7169486284255981,0.676863431930542
039405,0.5757649540901184,0.5788891911506653,0.6966133713722229,0.7481024265289307
039406,0.633056640625,0.6401020288467407,0.5128524899482727,0.7798637747764587
039407,0.2774251401424408,0.4122513234615326,0.1687147468328476,0.3903062343597412
039408,0.712158203125,0.7126351594924927,0.7497180104255676,0.7873542904853821
039409,0.568359375,0.5780468583106995,0.4457148313522339,0.6579538583755493
039410,0.633056640625,0.6390568017959595,0.5128524899482727,0.753456175327301
039411,0.701904296875,0.7098376750946045,0.6066363453865051,0.7503493428230286
039412,0.510498046875,0.5186214447021484,0.43686550855636597,0.7303591966629028
039414,0.940673828125,0.9487326741218567,0.5768473744392395,0.6169273853302002
039415,0.2774251401424408,0.3113465905189514,0.23532335460186005,0.2420988529920578
039417,0.659423828125,0.6637375354766846,0.5918076038360596,0.7145383358001709
039419,0.3599446713924408,0.4105120897293091,0.36623337864875793,0.5229635834693909
039420,0.946533203125,0.9509856104850769,0.575423002243042,0.49823111295700073
039421,0.967041015625,0.9675952196121216,0.8122885227203369,0.8042609691619873
039422,0.951171875,0.9597238302230835,0.6074502468109131,0.7094479203224182
039423,0.9444172978401184,0.9519537687301636,0.544137716293335,0.5649276971817017
039426,0.508056640625,0.5149303674697876,0.5334192514419556,0.7496548295021057
039429,0.943359375,0.9484445452690125,0.5284951329231262,0.4710583984851837
039430,0.943115234375,0.9494079351425171,0.6126077175140381,0.6293052434921265
039432,0.968017578125,0.9680553674697876,1.0,0.9139238595962524
039434,0.47265625,0.5299264788627625,0.3709116578102112,0.45588254928588867
039435,0.633056640625,0.6372330188751221,0.5862115621566772,0.6159510016441345
039436,0.957763671875,0.9583309292793274,0.8271697163581848,0.8513142466545105
039437,0.47265625,0.5570263266563416,0.2659246027469635,0.539729654788971
039438,0.9673665165901184,0.9678144454956055,0.8748590350151062,0.8277358412742615
039439,0.9668782353401184,0.9676327705383301,0.7810032963752747,0.8712167143821716
039440,0.9507649540901184,0.9551082849502563,0.7292529344558716,0.7947733402252197
039442,0.556884765625,0.6128132343292236,0.4431702494621277,0.6113367080688477
039443,0.712158203125,0.7125039100646973,0.7497180104255676,0.7170332670211792
039444,0.571533203125,0.5733367800712585,0.5378206372261047,0.5321207046508789
039447,0.706298828125,0.7101604342460632,0.7139173746109009,0.7123349905014038
039449,0.323974609375,0.4128139615058899,0.2230929136276245,0.5477970838546753
039450,0.712158203125,0.7127001285552979,0.7497180104255676,0.8393399715423584
039451,0.47265625,0.5852370858192444,0.2659246027469635,0.551241934299469
039452,0.304931640625,0.4328698515892029,0.24621793627738953,0.4941764175891876
039455,0.9507649540901184,0.9532811641693115,0.8898733854293823,0.8287908434867859
039456,0.95703125,0.9572909474372864,0.8046074509620667,0.7415676712989807
039457,0.701904296875,0.7066687345504761,0.7402501106262207,0.7997711896896362
039460,0.304931640625,0.41298043727874756,0.22860826551914215,0.5934565663337708
039461,0.9668782353401184,0.9674138426780701,0.892719030380249,0.8617343306541443
039462,0.951904296875,0.9568830132484436,0.8690900206565857,0.7993099093437195
039464,0.374755859375,0.43287718296051025,0.6128985285758972,0.7666553258895874
039465,0.953369140625,0.9578443765640259,0.7479812502861023,0.8476124405860901
039467,0.431884765625,0.48424240946769714,0.4763599932193756,0.733343243598938
039468,0.706298828125,0.7098737955093384,0.871160089969635,0.8660538196563721
039470,0.44140625,0.4470857083797455,0.45818498730659485,0.5419110655784607
039471,0.1875,0.25990650057792664,0.09385573863983154,0.16577240824699402
039472,0.633056640625,0.6375269889831543,0.5862115621566772,0.7064887881278992
039477,0.966796875,0.967448890209198,0.8748388290405273,0.8045883774757385
039479,0.946533203125,0.9486743211746216,1.0,0.9738344550132751
039480,0.9375,0.9461066126823425,0.6545500159263611,0.7034904360771179
039481,0.967041015625,0.967431902885437,0.8122885227203369,0.6824105978012085
039482,0.957763671875,0.9583399295806885,0.7236568927764893,0.678390622138977
039483,0.261474609375,0.3255710303783417,0.4285714626312256,0.6532445549964905
039485,0.703369140625,0.7087365388870239,0.6423966884613037,0.7038883566856384
039486,0.703369140625,0.7079522609710693,0.7838867902755737,0.8317816853523254
039488,0.9668782353401184,0.9674030542373657,0.892719030380249,0.829513669013977
039489,0.567138671875,0.6060807704925537,0.7988805174827576,0.8209139108657837
039491,0.9673665165901184,0.9678958654403687,0.8748590350151062,0.9616174101829529
039492,0.94140625,0.94140625,0.7200049757957458,0.6331873536109924
039493,0.1458333432674408,0.24892738461494446,0.12516115605831146,0.4962890148162842
039495,0.968017578125,0.9680770635604858,1.0,0.9176244139671326
039497,0.956298828125,0.9593890905380249,0.7169486284255981,0.8406795859336853
039498,0.956298828125,0.9610155820846558,0.7169486284255981,0.6524640321731567
039499,0.567138671875,0.6102474331855774,0.7988805174827576,0.946902871131897
039500,0.962158203125,0.9624775648117065,0.9625431895256042,0.8731409311294556
039501,0.953369140625,0.9602177143096924,0.7479812502861023,0.8268446326255798
039502,0.968017578125,0.9680768847465515,1.0,0.9715670347213745
039506,0.300537109375,0.300537109375,0.5354781746864319,0.43983304500579834
039507,0.431884765625,0.48025763034820557,0.390377938747406,0.5404974818229675
039509,0.712158203125,0.7126865983009338,0.7497180104255676,0.7648324966430664
039510,0.959228515625,0.9597161412239075,0.8722942471504211,0.8194581866264343
039511,0.940673828125,0.9506261348724365,0.7038999795913696,0.7747076153755188
039512,0.344482421875,0.4020982086658478,0.38908666372299194,0.6123380661010742
039513,0.968017578125,0.9680767059326172,1.0,0.9481413960456848
039516,0.568359375,0.5747483372688293,0.5438850522041321,0.5620337724685669
039517,0.0625,0.24395425617694855,0.03128524869680405,0.23568512499332428
039518,0.260498046875,0.35361960530281067,0.18348374962806702,0.328652948141098
039520,0.450927734375,0.4596441686153412,0.39804574847221375,0.571331262588501
039522,0.94140625,0.9496036767959595,0.5900454521179199,0.7296684384346008
039523,0.939453125,0.941650390625,0.8987017273902893,0.9654281139373779
039524,0.966796875,0.967410147190094,0.8748388290405273,0.8604900240898132
039525,0.95703125,0.9577786922454834,0.7039180397987366,0.7704367637634277
039526,0.956298828125,0.9591917395591736,0.8195018768310547,0.7469813227653503
039527,0.9668782353401184,0.967391312122345,0.892719030380249,0.9599658250808716
039529,0.9673665165901184,0.9676257967948914,1.0,0.8766127824783325
039530,0.9673665165901184,0.9678958058357239,0.8748590350151062,0.9463890194892883
039532,0.531982421875,0.6037384867668152,0.3482339084148407,0.5042731761932373
039533,0.260498046875,0.4114419221878052,0.18348374962806702,0.5137938857078552
039535,0.455078125,0.5374755859375,0.33298835158348083,0.5557003021240234
039536,0.706298828125,0.7086008191108704,0.871160089969635,0.681783139705658
039537,0.4375,0.5761407613754272,0.2503223121166229,0.6675183176994324
039538,0.962158203125,0.962695837020874,0.8420895934104919,0.8257904648780823
039539,0.953369140625,0.9603320360183716,0.6543781161308289,0.8471450805664062
039540,0.9507649540901184,0.957713782787323,0.6379934549331665,0.7960723638534546
039541,0.46875,0.4778890609741211,0.29608190059661865,0.3700653910636902
039543,0.943359375,0.9555376768112183,0.6040917634963989,0.7368675470352173
039545,0.09375,0.19476503133773804,0.0676867738366127,0.255761981010437
039546,0.946533203125,0.9506459832191467,0.575423002243042,0.49823197722435
039547,0.3059895932674408,0.39858174324035645,0.2836383283138275,0.5263358354568481
039548,0.968017578125,0.9680756330490112,1.0,0.9869527220726013
039549,0.0625,0.2164306640625,0.08155369758605957,0.45514652132987976
039550,0.951171875,0.9564383625984192,0.8472716808319092,0.894468367099762
039551,0.9673665165901184,0.9677885174751282,0.8748590350151062,0.9236554503440857
039552,0.619873046875,0.6258286237716675,0.5410870313644409,0.7324975728988647
039553,0.946533203125,0.95550137758255,0.575423002243042,0.7508182525634766
039554,0.957763671875,0.9584155678749084,0.8271697163581848,0.8298190236091614
039555,0.9673665165901184,0.9678941369056702,0.8748590350151062,0.8810834288597107
039556,0.703369140625,0.7093892097473145,0.5620065331459045,0.8078476786613464
039559,0.5757649540901184,0.5802907943725586,0.5708760023117065,0.6822893619537354
039561,0.3599446713924408,0.4210939407348633,0.40125197172164917,0.6340920925140381
039563,0.9673665165901184,0.9677431583404541,1.0,0.9381603002548218
039565,0.967041015625,0.9672949314117432,0.9284793138504028,0.7682629227638245
039568,0.703369140625,0.7081311345100403,0.6423966884613037,0.6188884377479553
039572,0.431884765625,0.4789612889289856,0.390377938747406,0.5764344930648804
039573,0.300537109375,0.38469168543815613,0.2163846641778946,0.5769755244255066
039574,0.23046875,0.3554498851299286,0.17581595480442047,0.37051594257354736
039575,0.946533203125,0.9509187936782837,1.0,0.9559529423713684
039577,0.943359375,0.9516127705574036,0.6040917634963989,0.6474515795707703
039578,0.951904296875,0.9598480463027954,0.7122209072113037,0.8371109962463379
039579,0.606689453125,0.639803409576416,0.46666663885116577,0.6453480124473572
039581,0.606689453125,0.6499612331390381,0.46666663885116577,0.6252230405807495
039583,0.34765625,0.3556503355503082,0.3358892798423767,0.4292883574962616
039584,0.505615234375,0.5140663385391235,0.427834689617157,0.6458953619003296
039585,0.9673665165901184,0.9679043889045715,0.8748590350151062,0.9614712595939636
039586,0.568359375,0.5742702484130859,0.5438850522041321,0.6512086987495422
039588,0.584228515625,0.5847931504249573,0.6245770454406738,0.7497246265411377
039590,0.953369140625,0.9602071046829224,0.7479812502861023,0.7789990901947021
039592,0.9673665165901184,0.9677813649177551,0.8748590350151062,0.81162428855896
039593,0.968017578125,0.9680562019348145,1.0,0.9137669801712036
039595,0.197998046875,0.2997775077819824,0.23883214592933655,0.5428773164749146
039597,0.947998046875,0.9536166191101074,0.6841284036636353,0.6961777806282043
039598,0.968017578125,0.9680582284927368,1.0,0.8994439244270325
039600,0.9673665165901184,0.9676321744918823,0.8748590350151062,0.7339849472045898
039601,0.968017578125,0.968059241771698,1.0,0.9681159853935242
039602,0.9507649540901184,0.9569954872131348,0.6379934549331665,0.7358930706977844
039603,0.304931640625,0.4227015972137451,0.22860826551914215,0.6388031244277954
039604,0.556884765625,0.6013961434364319,0.4431702494621277,0.5355996489524841
039606,0.940673828125,0.9514688849449158,0.5046601295471191,0.7780922055244446
039608,0.956298828125,0.9603510499000549,0.8195018768310547,0.9078791737556458
039610,0.05078125,0.1849784404039383,0.04044242203235626,0.43822723627090454
039611,0.23046875,0.3448246121406555,0.214540034532547,0.617519736289978
039612,0.953369140625,0.9583367109298706,0.6543781161308289,0.7291936874389648
039614,0.9673665165901184,0.9679039716720581,0.8748590350151062,0.880524218082428
039615,0.953369140625,0.9579541087150574,0.7479812502861023,0.7288578152656555
039616,0.633056640625,0.6370242834091187,0.5128524899482727,0.6230661273002625
039617,0.212890625,0.36705684661865234,0.1584416627883911,0.4343474805355072
039618,0.23828125,0.3568841218948364,0.14078360795974731,0.40846601128578186
039619,0.967041015625,0.967519998550415,0.8122885227203369,0.8419362306594849
039620,0.490234375,0.5616455078125,0.3180091083049774,0.4057127833366394
039621,0.633056640625,0.6364652514457703,0.715326726436615,0.7297096252441406
039623,0.584228515625,0.5847347378730774,0.6245770454406738,0.6181491017341614
039624,0.431884765625,0.45572713017463684,0.7318407297134399,0.7213871479034424
039627,0.951171875,0.951611340045929,0.9282863140106201,0.9111680388450623
039628,0.9668782353401184,0.9676224589347839,0.7810032963752747,0.8876001238822937
039630,0.94140625,0.9501124024391174,0.5162065625190735,0.6848328113555908
039635,0.951904296875,0.9582492113113403,0.6230928897857666,0.6911492943763733
039636,0.712158203125,0.7126865386962891,0.7497180104255676,0.8205488324165344
039637,0.9466145634651184,0.9529328346252441,0.5787770748138428,0.6617222428321838
039640,0.957763671875,0.9583533406257629,0.8271697163581848,0.8440025448799133
039641,0.260498046875,0.4087137281894684,0.16052241623401642,0.3482169806957245
039644,0.9466145634651184,0.9535204172134399,0.5787770748138428,0.6182613968849182
039646,0.150390625,0.31715238094329834,0.09050162881612778,0.4911918044090271
039647,0.943115234375,0.9546488523483276,0.6126077175140381,0.7438873052597046
039648,0.05078125,0.23001515865325928,0.05406876280903816,0.4952861964702606
039650,0.706298828125,0.7077696919441223,0.6245770454406738,0.5302628874778748
039651,0.520263671875,0.5209448337554932,0.5620065331459045,0.6598126888275146
039652,0.431884765625,0.4664497971534729,0.390377938747406,0.48987656831741333
039653,0.943115234375,0.9526532888412476,0.6126077175140381,0.8174342513084412
039654,0.953369140625,0.953369140625,1.0,1.0
039656,0.968017578125,0.9680603742599487,1.0,0.9641230702400208
039657,0.967041015625,0.9675124883651733,0.9284793138504028,0.8174279928207397
039658,0.951171875,0.951171875,0.8472716808319092,0.8472716808319092
039660,0.703369140625,0.7080278992652893,0.6423966884613037,0.7014490365982056
039662,0.943115234375,0.95271235704422,0.5359453558921814,0.7094376087188721
039663,0.091796875,0.25402888655662537,0.05102403834462166,0.39883220195770264
039664,0.956298828125,0.9588059782981873,0.7169486284255981,0.6413021087646484
039666,0.4375,0.5761566162109375,0.21899673342704773,0.4644922614097595
039667,0.701171875,0.7062348127365112,0.5887562036514282,0.6240897178649902
039668,0.659423828125,0.6642224192619324,0.5918076038360596,0.7901285290718079
039669,0.9673665165901184,0.9676759243011475,0.8748590350151062,0.7382076978683472
039675,0.633056640625,0.6378626823425293,0.715326726436615,0.7694770693778992
039676,0.3599446713924408,0.39780038595199585,0.6497723460197449,0.7658555507659912
039677,0.9673665165901184,0.9677781462669373,1.0,0.9087815284729004
039678,0.431884765625,0.47992023825645447,0.4763599932193756,0.7170831561088562
039680,0.962158203125,0.9626034498214722,0.8420895934104919,0.9065951108932495
039681,0.03125,0.05078125,0.11699506640434265,0.28445756435394287
039683,0.957763671875,0.9584396481513977,0.7236568927764893,0.8456165790557861
039686,0.556884765625,0.5870646238327026,0.5407800078392029,0.5674099326133728
039687,0.967041015625,0.9674571752548218,0.8122885227203369,0.8038601279258728
039688,0.956298828125,0.9603644013404846,0.7169486284255981,0.7839660048484802
039694,0.323974609375,0.3695012331008911,0.6861420273780823,0.8148873448371887
039697,0.9375,0.9470254182815552,0.4692787230014801,0.44497349858283997
039698,0.959228515625,0.9598121047019958,0.7631344795227051,0.8387286067008972
039699,0.9668782353401184,0.9673916101455688,0.892719030380249,0.9561694264411926
039700,0.956298828125,0.9591468572616577,1.0,0.9237505793571472
039702,0.344482421875,0.3853221833705902,0.5977610945701599,0.6433722376823425
039705,0.968017578125,0.9680551886558533,1.0,0.8539207577705383
039706,0.3599446713924408,0.4507918655872345,0.26257050037384033,0.560049295425415
039707,0.951171875,0.9567731618881226,0.694340705871582,0.739621639251709
039708,0.304931640625,0.304931640625,1.0,1.0
039709,0.3599446713924408,0.40578171610832214,0.36623337864875793,0.4602740406990051
039711,0.968017578125,0.9680670499801636,1.0,0.8977345824241638
039712,0.659423828125,0.661506175994873,0.8254533410072327,0.7162227630615234
039713,0.943359375,0.9555867314338684,0.5284951329231262,0.5893393158912659
039714,0.300537109375,0.40278127789497375,0.24733662605285645,0.4380432963371277
039716,0.0625,0.07421875,0.03576033189892769,0.03363688662648201
039719,0.619873046875,0.6225621700286865,0.6602633595466614,0.6244698762893677
039720,0.9668782353401184,0.9677808284759521,0.7810032963752747,0.8640387058258057
039721,0.5757649540901184,0.5826899409294128,0.49943602085113525,0.6102334856987
039722,0.4778645932674408,0.48381307721138,0.4635950028896332,0.5942476391792297
039723,0.300537109375,0.3597088158130646,0.24733662605285645,0.3614331781864166
039724,0.571533203125,0.5813004374504089,0.49935534596443176,0.6000852584838867
039725,0.659423828125,0.6612992286682129,0.6764605641365051,0.6083570122718811
039726,0.959228515625,0.959784209728241,0.8722942471504211,0.8644713163375854
039727,0.946533203125,0.9564802050590515,0.6577322483062744,0.7572203874588013
039728,0.2774251401424408,0.42282435297966003,0.2932012677192688,0.634360671043396
039730,0.946533203125,0.9499320387840271,0.8793432712554932,0.8530046939849854
039731,0.556884765625,0.6030747890472412,0.5407800078392029,0.7202250957489014
039732,0.431884765625,0.4952138364315033,0.390377938747406,0.6380274295806885
039733,0.1458333432674408,0.24700488150119781,0.12516115605831146,0.41821032762527466
039734,0.968017578125,0.9680593013763428,1.0,0.9233894944190979
039735,0.968017578125,0.9680567979812622,1.0,0.90858393907547
039736,0.9668782353401184,0.9673777222633362,0.892719030380249,0.8441084027290344
039737,0.35546875,0.3606458306312561,0.4621376097202301,0.5993292927742004
039738,0.962158203125,0.9623822569847107,0.9625431895256042,0.9395961761474609
039739,0.712158203125,0.7122477293014526,0.8569586873054504,0.8252310156822205
039740,0.9507649540901184,0.9533773064613342,0.7292529344558716,0.5982203483581543
039741,0.946533203125,0.9499189257621765,0.6577322483062744,0.5924941897392273
039742,0.46875,0.4776061177253723,0.3384338617324829,0.44865673780441284
039744,0.02083333395421505,0.1639760434627533,0.021818332374095917,0.2301034927368164
039745,0.706298828125,0.7091394066810608,0.6245770454406738,0.6237915754318237
039746,0.966796875,0.9674545526504517,0.7653606534004211,0.7252069115638733
039747,0.9375,0.9526611566543579,0.4692787230014801,0.6558746695518494
039750,0.393798828125,0.45493966341018677,0.38908666372299194,0.5369157791137695
039751,0.365234375,0.431307852268219,0.3236317038536072,0.44640493392944336
039753,0.712158203125,0.7126861810684204,0.7497180104255676,0.8236280679702759
039754,0.968017578125,0.9680643677711487,1.0,0.9394280314445496
039756,0.951904296875,0.9596721529960632,0.7122209072113037,0.9263367652893066
039757,0.940673828125,0.9521564245223999,0.5046601295471191,0.7185119390487671
039758,0.166259765625,0.2375466227531433,0.14805001020431519,0.29188525676727295
039759,0.9668782353401184,0.9674170017242432,0.892719030380249,0.8170103430747986
039760,0.940673828125,0.9507606029510498,0.7038999795913696,0.8239399194717407
039761,0.9668782353401184,0.9673231840133667,0.7810032963752747,0.7078867554664612
039762,0.531982421875,0.5842643976211548,0.39804574847221375,0.49357688426971436
039763,0.968017578125,0.9680523872375488,1.0,0.9321157336235046
039765,0.951904296875,0.958170473575592,0.7122209072113037,0.7490844130516052
039766,0.571533203125,0.5815362930297852,0.43686550855636597,0.6100456118583679
039767,0.9375,0.938281238079071,0.8624263405799866,0.8846684694290161
039768,0.633056640625,0.6371347308158875,0.5862115621566772,0.6351582407951355
039769,0.946533203125,0.954441487789154,0.575423002243042,0.6806536316871643
039770,0.5757649540901184,0.5795665979385376,0.49943602085113525,0.5783448219299316
039771,0.939453125,0.9438120722770691,0.489017516374588,0.43602773547172546
039772,0.9673665165901184,0.9676886200904846,0.8748590350151062,0.7933700680732727
039773,0.531982421875,0.6034203767776489,0.48571667075157166,0.692841649055481
039775,0.957763671875,0.9583629965782166,0.7236568927764893,0.724091649055481
039776,0.580322265625,0.6156188249588013,0.5636333227157593,0.6687109470367432
039777,0.9668782353401184,0.9674254059791565,0.7810032963752747,0.8540882468223572
039778,0.300537109375,0.3862316608428955,0.24733662605285645,0.35521838068962097
039779,0.197998046875,0.29711171984672546,0.13742950558662415,0.2695133090019226
039780,0.9673665165901184,0.9677049517631531,0.8748590350151062,0.8156671524047852
039781,0.956298828125,0.9594801664352417,1.0,0.9046141505241394
039782,0.4375,0.5752848386764526,0.21899673342704773,0.5721372365951538
039783,0.47265625,0.4848313629627228,0.3430097699165344,0.4912404417991638
039784,0.4375,0.5720499157905579,0.30545666813850403,0.5834379196166992
039785,0.946533203125,0.9520705342292786,0.6577322483062744,0.6534069180488586
039786,0.304931640625,0.4014357328414917,0.30563369393348694,0.6365551352500916
039787,0.951904296875,0.9580838084220886,0.8690900206565857,0.937851071357727
039788,0.712158203125,0.7125139236450195,0.8569586873054504,0.8056164979934692
039789,0.508056640625,0.5103720426559448,0.6509066820144653,0.5964522957801819
039790,0.967041015625,0.9675459861755371,0.9284793138504028,0.8833031058311462
039791,0.946533203125,0.9549372792243958,0.575423002243042,0.682357668876648
039792,0.4778645932674408,0.4815959930419922,0.5657033920288086,0.6345429420471191
039794,0.9673665165901184,0.9677109718322754,0.8748590350151062,0.8402608036994934
039796,0.432373046875,0.43728795647621155,0.5636333227157593,0.7043135166168213
039797,0.956298828125,0.9594630002975464,0.7169486284255981,0.6676921248435974
039798,0.197998046875,0.34677278995513916,0.1916866898536682,0.5412753224372864
039800,0.956298828125,0.9596908688545227,1.0,0.9048190116882324
039802,0.261474609375,0.3322984576225281,0.22860826551914215,0.4857023060321808
039803,0.12109375,0.2738785147666931,0.09628736227750778,0.36822426319122314
039805,0.212890625,0.3015708327293396,0.28110769391059875,0.5611693859100342
039807,0.9673665165901184,0.9676466584205627,1.0,0.8895422220230103
039808,0.95703125,0.9578892588615417,0.7039180397987366,0.787684977054596
039809,0.388427734375,0.3974721133708954,0.3716495931148529,0.5482996702194214
039811,0.946533203125,0.9546859860420227,0.6577322483062744,0.807865560054779
039813,0.365234375,0.4777069091796875,0.26521679759025574,0.672664225101471
039814,0.12109375,0.21779632568359375,0.24055138230323792,0.6082485914230347
039818,0.374755859375,0.4789312481880188,0.24766992032527924,0.5388473868370056
039819,0.953369140625,0.9544402956962585,0.912726640701294,0.8581848740577698
039821,0.606689453125,0.6433063745498657,0.46666663885116577,0.6435403227806091
039822,0.701904296875,0.7091066241264343,0.6066363453865051,0.804409384727478
039824,0.146728515625,0.31861287355422974,0.11196307837963104,0.43612194061279297
039826,0.968017578125,0.9680765271186829,1.0,0.870136022567749
039827,0.304931640625,0.4140323996543884,0.22860826551914215,0.45123291015625
039829,0.951171875,0.9579586982727051,0.694340705871582,0.7653306722640991
039830,0.951171875,0.956182062625885,0.6074502468109131,0.6414803266525269
039831,0.957763671875,0.9584850668907166,0.7236568927764893,0.8123567700386047
039833,0.962158203125,0.9625704884529114,0.8420895934104919,0.9226858019828796
039834,0.946533203125,0.9567073583602905,0.575423002243042,0.6868181228637695
039835,0.956298828125,0.9589136838912964,0.7169486284255981,0.6877962946891785
039836,0.957763671875,0.9583738446235657,0.7236568927764893,0.7230191826820374
039837,0.957763671875,0.9582675099372864,0.7236568927764893,0.656450092792511
039838,0.619873046875,0.6250010132789612,0.4733748733997345,0.5520097017288208
039839,0.488037109375,0.5620859265327454,0.3265250623226166,0.6033852696418762
039842,0.1875,0.26176756620407104,0.31939393281936646,0.6397460103034973
039843,0.14453125,0.24850967526435852,0.2626707851886749,0.5938365459442139
039845,0.706298828125,0.7073216438293457,0.871160089969635,0.8735544085502625
039851,0.212890625,0.3361130356788635,0.3493700623512268,0.7595275044441223
039852,0.469970703125,0.4719047546386719,0.6737852096557617,0.6951965093612671
039853,0.261474609375,0.261474609375,0.6806060075759888,0.6806060075759888
039854,0.365234375,0.41522216796875,0.5741883516311646,0.7815314531326294
039855,0.968017578125,0.9680765867233276,1.0,0.8137401938438416
039856,0.39453125,0.4004364013671875,0.37281090021133423,0.4816904067993164
039858,0.1875,0.3155110776424408,0.16310739517211914,0.5027077198028564
039860,0.323974609375,0.3708381652832031,0.5520787835121155,0.760135293006897
039862,0.947998046875,0.9498261213302612,0.6841284036636353,0.590544581413269
039863,0.393798828125,0.41631239652633667,0.38908666372299194,0.37501537799835205
039866,0.518798828125,0.5369305610656738,0.8046129941940308,0.809631884098053
039867,0.95703125,0.9577755331993103,0.7039180397987366,0.6696506142616272
039868,0.25390625,0.36372119188308716,0.21157628297805786,0.4318244755268097
039869,0.706298828125,0.7093588709831238,0.6245770454406738,0.6084921360015869
039870,0.21875,0.306640625,0.15793579816818237,0.29228532314300537
039872,0.150390625,0.2491222321987152,0.19393208622932434,0.4225561320781708
039873,0.365234375,0.47264862060546875,0.23202729225158691,0.3006380498409271
039874,0.0625,0.2587943375110626,0.06545499712228775,0.45615339279174805
039875,0.943115234375,0.9489545822143555,0.6126077175140381,0.5726804137229919
039876,0.9507649540901184,0.9577159881591797,0.6379934549331665,0.8831206560134888
039885,0.956298828125,0.9610177874565125,0.7169486284255981,0.7619572281837463
039886,0.967041015625,0.9673861861228943,0.9284793138504028,0.7984902262687683
039887,0.267578125,0.3605820834636688,0.19369612634181976,0.5565736293792725
039888,0.366455078125,0.3743091821670532,0.3265250623226166,0.45077773928642273
039889,0.580322265625,0.6158478260040283,0.86592036485672,0.9592199325561523
039890,0.9673665165901184,0.967612087726593,1.0,0.9867087006568909
039891,0.943115234375,0.9521363973617554,0.6126077175140381,0.7708974480628967
039893,0.393798828125,0.4554944634437561,0.42629045248031616,0.6682483553886414
039894,0.967041015625,0.9675371050834656,0.8122885227203369,0.7597478628158569
039897,0.02083333395421505,0.13625335693359375,0.015642624348402023,0.2248222976922989
039898,0.567138671875,0.6189166903495789,0.37281090021133423,0.5371538400650024
039899,0.5757649540901184,0.5810245275497437,0.6966133713722229,0.7922149896621704
039900,0.967041015625,0.9675473570823669,0.9284793138504028,0.9029755592346191
039901,0.967041015625,0.9675877094268799,0.9284793138504028,0.8698741793632507
039902,0.606689453125,0.6437667608261108,0.6509066820144653,0.7634210586547852
039903,0.951171875,0.959671139717102,0.694340705871582,0.8944641351699829
039904,0.9673665165901184,0.9678040146827698,0.8748590350151062,0.8901894688606262
039905,0.968017578125,0.9680420756340027,1.0,0.80889892578125
039906,0.212890625,0.3795941174030304,0.1584416627883911,0.5966365933418274
039907,0.3125,0.314849853515625,0.4312131702899933,0.5103880167007446
039908,0.488037109375,0.5929604768753052,0.3265250623226166,0.6932273507118225
039909,0.968017578125,0.9680561423301697,1.0,0.8979286551475525
039911,0.943115234375,0.950556755065918,0.5359453558921814,0.5953577756881714
039912,0.9673665165901184,0.9677094221115112,0.8748590350151062,0.9206031560897827
039913,0.953369140625,0.9574161171913147,0.7479812502861023,0.7061712741851807
039914,0.466064453125,0.5626126527786255,0.25437816977500916,0.40025919675827026
039915,0.393798828125,0.4413497745990753,0.690318763256073,0.8267644047737122
039916,0.703369140625,0.706766664981842,0.6423966884613037,0.5965924859046936
039917,0.966796875,0.9676394462585449,0.7653606534004211,0.757461667060852
039918,0.956298828125,0.9610888361930847,0.8195018768310547,0.91773921251297
039921,0.9673665165901184,0.967721164226532,0.8748590350151062,0.7778540253639221
039923,0.943115234375,0.9496355652809143,0.6126077175140381,0.6096615791320801
039924,0.9507649540901184,0.9540870189666748,0.7292529344558716,0.7196968793869019
039926,0.4778645932674408,0.48455309867858887,0.4055802822113037,0.5658770203590393
039927,0.9673665165901184,0.9677920341491699,1.0,0.9736139178276062
039929,0.510498046875,0.5169105529785156,0.49935534596443176,0.6829509139060974
039933,0.9673665165901184,0.9676420092582703,1.0,0.9099264740943909
039934,0.260498046875,0.3112064599990845,0.49370092153549194,0.7041063904762268
039935,0.39453125,0.3987496793270111,0.5199966430664062,0.568621039390564
039937,0.571533203125,0.5761452913284302,0.6093400716781616,0.6522708535194397
039938,0.947998046875,0.951937198638916,0.6841284036636353,0.6389371156692505
039940,0.966796875,0.967740535736084,0.7653606534004211,0.8041169047355652
039941,0.959228515625,0.959705650806427,0.7631344795227051,0.7318979501724243
039942,0.659423828125,0.6642490029335022,0.5918076038360596,0.7894690632820129
039946,0.943359375,0.951032817363739,0.5284951329231262,0.5837945938110352
039949,0.953369140625,0.9564933776855469,0.912726640701294,0.9885455965995789
039951,0.701904296875,0.7063678503036499,0.7402501106262207,0.825490415096283
039954,0.505615234375,0.5132596492767334,0.5220667123794556,0.6175046563148499
039960,0.633056640625,0.6367760300636292,0.715326726436615,0.663459062576294
039961,0.9673665165901184,0.9677322506904602,1.0,0.9975640177726746
039963,0.967041015625,0.9678120017051697,0.8122885227203369,0.9237576723098755
039964,0.365234375,0.4502907693386078,0.26521679759025574,0.5274953246116638
039965,0.951904296875,0.9562840461730957,0.8690900206565857,0.9003268480300903
039966,0.393798828125,0.47076737880706787,0.31885725259780884,0.556849479675293
039967,0.61328125,0.6217132806777954,0.5185247659683228,0.7640129923820496
039968,0.956298828125,0.9588940143585205,0.7169486284255981,0.6628202795982361
039970,0.212890625,0.35772764682769775,0.1584416627883911,0.4822922348976135
039973,0.39453125,0.4015074372291565,0.4261382520198822,0.6208406686782837
039974,0.9668782353401184,0.967437207698822,0.892719030380249,0.9574628472328186
039975,0.365234375,0.39129942655563354,0.5741883516311646,0.5123245120048523
039976,0.580322265625,0.6183838844299316,0.5636333227157593,0.6884642243385315
039977,0.580322265625,0.6184709668159485,0.86592036485672,0.978333055973053
039980,0.2774251401424408,0.4276561141014099,0.23532335460186005,0.614418089389801
039981,0.953369140625,0.9584013223648071,0.7479812502861023,0.7542188763618469
039983,0.946533203125,0.9488164782524109,1.0,0.9984732270240784
039984,0.4375,0.466064453125,0.5419421792030334,0.6436739563941956
039985,0.956298828125,0.9610660076141357,0.8195018768310547,0.8914087414741516
039986,0.956298828125,0.9596107602119446,0.7169486284255981,0.7134551405906677
039987,0.939453125,0.9511484503746033,0.5589672327041626,0.7781943678855896
039988,0.9466145634651184,0.9517337679862976,0.6615661382675171,0.6243118047714233
039989,0.968017578125,0.9680615663528442,1.0,0.8998798131942749
039994,0.968017578125,0.9680777788162231,1.0,0.8986349701881409
039997,0.9673665165901184,0.9678151607513428,0.8748590350151062,0.894844114780426
039998,0.304931640625,0.3597185015678406,0.49493172764778137,0.5816302299499512
039999,0.571533203125,0.581492006778717,0.49935534596443176,0.684081494808197
040004,0.488037109375,0.5545326471328735,0.398443341255188,0.5223539471626282
040006,0.959228515625,0.9598384499549866,0.8722942471504211,0.8788267374038696
040008,0.968017578125,0.9680777192115784,1.0,0.8767509460449219
040009,0.9668782353401184,0.9676787853240967,0.7810032963752747,0.8736863732337952
040010,0.703369140625,0.707903265953064,0.6423966884613037,0.7035572528839111
040013,0.940673828125,0.9508371353149414,0.5046601295471191,0.7017413377761841
040014,0.197998046875,0.33310359716415405,0.1916866898536682,0.6362926363945007
040015,0.943115234375,0.943115234375,0.9849443435668945,0.9849443435668945
040018,0.968017578125,0.9680507183074951,1.0,0.9709202647209167
040019,0.580322265625,0.6423165798187256,0.4618985950946808,0.6458461284637451
040020,0.951171875,0.9543463587760925,0.6074502468109131,0.5152616500854492
040022,0.959228515625,0.9599184989929199,0.7631344795227051,0.8809280395507812
040023,0.9444172978401184,0.953214168548584,0.544137716293335,0.7439920902252197
040024,0.431884765625,0.49450573325157166,0.4763599932193756,0.7607458829879761
040026,0.956298828125,0.9603376388549805,0.7169486284255981,0.8138689398765564
040027,0.365234375,0.44392335414886475,0.4972013831138611,0.6852405667304993
040028,0.510498046875,0.5176426768302917,0.49935534596443176,0.6900274753570557
040031,0.701904296875,0.7100273966789246,0.5307213068008423,0.7588354349136353
040033,0.9673665165901184,0.9676645398139954,1.0,0.9389796257019043
040035,0.633056640625,0.6360356211662292,0.7837249636650085,0.7869212031364441
040036,0.503173828125,0.5123260617256165,0.4784300625324249,0.7164619565010071
040037,0.393798828125,0.48237982392311096,0.38908666372299194,0.5489420890808105
040039,0.968017578125,0.9680614471435547,1.0,0.9294074773788452
040040,0.503173828125,0.5162582993507385,0.3920743465423584,0.61307293176651
040042,0.939453125,0.9507991671562195,0.489017516374588,0.612318754196167
040043,0.393798828125,0.48378366231918335,0.2789551615715027,0.46805131435394287
040044,0.19921875,0.2102247029542923,0.3483913838863373,0.33461883664131165
040045,0.968017578125,0.9680607914924622,1.0,0.917841374874115
040046,0.9673665165901184,0.967786431312561,0.8748590350151062,0.9077804684638977
040048,0.228759765625,0.27367067337036133,0.15910254418849945,0.20897366106510162
040049,0.967041015625,0.967392086982727,0.9284793138504028,0.8989208936691284
040050,0.431884765625,0.49347230792045593,0.4763599932193756,0.665666937828064
040051,0.0625,0.0826416015625,0.4692787230014801,0.8070381283760071
040052,0.365234375,0.4540508985519409,0.26521679759025574,0.5490995049476624
040054,0.968017578125,0.9680501222610474,1.0,0.9226601719856262
040055,0.956298828125,0.9611538052558899,0.7169486284255981,0.9232754707336426
040058,0.450927734375,0.4579940438270569,0.48571667075157166,0.6066592931747437
040059,0.943359375,0.9520163536071777,0.7371450066566467,0.87413489818573
040060,0.2774251401424408,0.3717041313648224,0.19284793734550476,0.44677770137786865
040062,0.508056640625,0.5112029910087585,0.6509066820144653,0.7419623732566833
040063,0.606689453125,0.6290826797485352,0.6509066820144653,0.6117978692054749
040064,0.9507649540901184,0.954744279384613,0.7292529344558716,0.7235401272773743
040065,0.304931640625,0.38281333446502686,0.6151177287101746,0.804977536201477
040067,0.9673665165901184,0.9677457213401794,0.8748590350151062,0.8158490061759949
040068,0.957763671875,0.9581980109214783,0.8271697163581848,0.8106761574745178
040070,0.967041015625,0.9675957560539246,0.9284793138504028,0.8706544041633606
040071,0.508056640625,0.5124610662460327,0.5334192514419556,0.6570945978164673
040072,0.619873046875,0.6257153153419495,0.5410870313644409,0.6739768981933594
040074,0.261474609375,0.2961874008178711,0.20000000298023224,0.21118703484535217
040075,0.432373046875,0.43685904145240784,0.5636333227157593,0.6676640510559082
040076,0.953369140625,0.9586023688316345,0.7479812502861023,0.8392488956451416
040077,0.95703125,0.9576748609542847,0.8046074509620667,0.7392532229423523
040079,0.4778645932674408,0.48499709367752075,0.4635950028896332,0.660046398639679
040080,0.951171875,0.9558441042900085,0.694340705871582,0.6236042380332947
040081,0.19921875,0.2624863386154175,0.16092148423194885,0.2962404489517212
040082,0.968017578125,0.9680651426315308,1.0,0.9411488175392151
040083,0.1875,0.1875,0.31939393281936646,0.31939393281936646
040084,0.531982421875,0.5805976986885071,0.39804574847221375,0.45896509289741516
040085,0.946533203125,0.9523539543151855,0.8026000261306763,0.8108626008033752
040086,0.9444172978401184,0.9559375047683716,0.544137716293335,0.6769335269927979
040087,0.1875,0.38772284984588623,0.09385573863983154,0.45966461300849915
040088,0.16796875,0.25434446334838867,0.276936799287796,0.6370889544487
040090,0.962158203125,0.962347686290741,0.8420895934104919,0.7048555612564087
040091,0.951904296875,0.9577179551124573,0.8690900206565857,0.9205115437507629
040093,0.3059895932674408,0.37187331914901733,0.5032320022583008,0.7431882619857788
040094,0.9673665165901184,0.9676682353019714,1.0,0.8571882247924805
040097,0.2122395932674408,0.2945648729801178,0.1687147468328476,0.46160197257995605
040098,0.304931640625,0.42197784781455994,0.2789600193500519,0.6645020842552185
040099,0.943359375,0.9525845646858215,0.7371450066566467,0.7942501902580261
040100,0.47265625,0.5338454842567444,0.3039627969264984,0.42392411828041077
040102,0.3599446713924408,0.420173704624176,0.5626510977745056,0.6857768297195435
040103,0.469970703125,0.47742801904678345,0.3877114951610565,0.5127532482147217
040105,0.14453125,0.2537245750427246,0.1061442568898201,0.2663041055202484
040106,0.263671875,0.263671875,0.4707868993282318,0.4707868993282318
040107,0.9673665165901184,0.9678054451942444,0.8748590350151062,0.8067784309387207
040108,0.3599446713924408,0.42140886187553406,0.3001289367675781,0.3947756290435791
040110,0.323974609375,0.39586910605430603,0.47805625200271606,0.6212764978408813
040112,0.2122395932674408,0.23969821631908417,0.4175114035606384,0.4566774070262909
040114,0.02083333395421505,0.15859732031822205,0.021818332374095917,0.2535363435745239
040115,0.940673828125,0.9489616751670837,0.5768473744392395,0.7010434865951538
040116,0.374755859375,0.4523422122001648,0.3454500138759613,0.5064064860343933
040117,0.962158203125,0.9625608325004578,0.8420895934104919,0.8621107339859009
040118,0.47265625,0.5816712975502014,0.3709116578102112,0.6456227898597717
040119,0.0625,0.20279505848884583,0.053640495985746384,0.24332675337791443
040122,0.455078125,0.5441282987594604,0.2728845775127411,0.5032573938369751
040123,0.455078125,0.543684184551239,0.23873552680015564,0.4622489809989929
040124,0.499755859375,0.5504270792007446,0.4098700284957886,0.4437684416770935
040125,0.940673828125,0.9509121775627136,0.7038999795913696,0.8356761932373047
040126,0.150390625,0.1983286440372467,0.22396063804626465,0.40741586685180664
040127,0.508056640625,0.5150231719017029,0.46666663885116577,0.7524498105049133
040128,0.951904296875,0.9573081135749817,0.7122209072113037,0.7481005191802979
040129,0.939453125,0.9442596435546875,0.7473011612892151,0.7911040186882019
040130,0.580322265625,0.6233927011489868,0.86592036485672,0.8417789340019226
040131,0.712158203125,0.7125586271286011,0.7497180104255676,0.8308526277542114
040132,0.505615234375,0.5127749443054199,0.5220667123794556,0.6526502370834351
040134,0.304931640625,0.3824104070663452,0.30563369393348694,0.519846498966217
040135,0.959228515625,0.9597412347793579,0.8722942471504211,0.7642908692359924
040136,0.947998046875,0.9559571146965027,0.5985158681869507,0.7118223309516907
040138,0.47265625,0.5291714668273926,0.2659246027469635,0.3553786873817444
040139,0.505615234375,0.513838529586792,0.427834689617157,0.5450029969215393
040141,0.706298828125,0.7091057300567627,0.7139173746109009,0.705494225025177
040145,0.510498046875,0.5143486857414246,0.6093400716781616,0.6278627514839172
040146,0.9507649540901184,0.953310489654541,0.8898733854293823,0.7380710244178772
040147,0.584228515625,0.5844621062278748,0.7139173746109009,0.5958709716796875
040149,0.943115234375,0.947200357913971,0.6126077175140381,0.5466018319129944
040150,0.959228515625,0.9597194790840149,0.7631344795227051,0.7213396430015564
040151,0.5757649540901184,0.5805588364601135,0.49943602085113525,0.5549837350845337
040152,0.388427734375,0.39403361082077026,0.3716495931148529,0.4593547284603119
040154,0.951171875,0.9553855061531067,0.694340705871582,0.6802965402603149
040156,0.580322265625,0.6300040483474731,0.4618985950946808,0.7137961387634277
040158,0.1875,0.2308756560087204,0.10728099197149277,0.13591760396957397
040159,0.21875,0.3048522174358368,0.15793579816818237,0.3688882291316986
040160,0.712158203125,0.7125116586685181,0.8569586873054504,0.7587592005729675
040161,0.374755859375,0.468433141708374,0.28309693932533264,0.5599976778030396
040162,0.95703125,0.9575957655906677,0.7039180397987366,0.7626926302909851
040164,0.9444172978401184,0.9494400024414062,0.9456308484077454,0.9748196005821228
040165,0.701171875,0.701171875,0.7184317708015442,0.6598353981971741
040166,0.712158203125,0.7125324010848999,0.7497180104255676,0.8204361200332642
040170,0.967041015625,0.9674964547157288,0.8122885227203369,0.7123725414276123
040173,0.267578125,0.3037741482257843,0.5211794376373291,0.7122060656547546
040176,0.706298828125,0.7089434266090393,0.7139173746109009,0.7121489644050598
040178,0.962158203125,0.962688684463501,0.8420895934104919,0.8597272634506226
040179,0.967041015625,0.9678238034248352,0.8122885227203369,0.8944857716560364
040183,0.943115234375,0.9513581991195679,0.5359453558921814,0.6362432837486267
040184,0.940673828125,0.9472103714942932,0.7038999795913696,0.7317805290222168
040186,0.966796875,0.9674128890037537,0.8748388290405273,0.9418863654136658
040187,0.469970703125,0.4754932224750519,0.5407800078392029,0.5810189843177795
040189,0.9668782353401184,0.9674920439720154,0.892719030380249,0.8738353848457336
040191,0.9507649540901184,0.9527957439422607,0.8898733854293823,0.738457977771759
040192,0.9673665165901184,0.9676632285118103,0.8748590350151062,0.7166113257408142
040193,0.957763671875,0.9581871628761292,0.8271697163581848,0.7488953471183777
040199,0.304931640625,0.3877165913581848,0.20000000298023224,0.39339014887809753
040200,0.518798828125,0.5608487129211426,0.6967307925224304,0.6838562488555908
040201,0.469970703125,0.47691982984542847,0.4431702494621277,0.6379261016845703
040202,0.9673665165901184,0.9678472876548767,0.8748590350151062,0.9750510454177856
040203,0.304931640625,0.4361652135848999,0.22860826551914215,0.6195411086082458
040204,0.61328125,0.6170758008956909,0.6327316761016846,0.6763935089111328
040206,0.712158203125,0.7125436067581177,0.8569586873054504,0.8790041208267212
040207,0.499755859375,0.5656814575195312,0.629690945148468,0.808551549911499
040208,0.450927734375,0.45573556423187256,0.39804574847221375,0.44461992383003235
040210,0.580322265625,0.6185821294784546,0.86592036485672,0.9019411206245422
040211,0.9673665165901184,0.9677695035934448,0.8748590350151062,0.9301574230194092
040214,0.393798828125,0.4698427617549896,0.2789551615715027,0.5252499580383301
040215,0.712158203125,0.7124996781349182,0.7497180104255676,0.6468789577484131
040217,0.962158203125,0.9621939659118652,0.8420895934104919,0.6093679070472717
040218,0.3125,0.3235169053077698,0.23463936150074005,0.3865230679512024
040219,0.9673665165901184,0.9677314162254333,1.0,0.865290105342865
040220,0.706298828125,0.709603488445282,0.7139173746109009,0.7641123533248901
040221,0.967041015625,0.9676274061203003,0.9284793138504028,0.9316191673278809
040222,0.619873046875,0.6231553554534912,0.5410870313644409,0.5850263237953186
040224,0.967041015625,0.9675135612487793,0.9284793138504028,0.8744882941246033
040225,0.951171875,0.9535150527954102,0.694340705871582,0.5695274472236633
040226,0.23828125,0.3242033123970032,0.30167919397354126,0.47598764300346375
040227,0.304931640625,0.39594218134880066,0.4285714626312256,0.692435622215271
040229,0.9466145634651184,0.9550435543060303,0.6615661382675171,0.7765830755233765
040230,0.940673828125,0.9540404081344604,0.5768473744392395,0.7809990644454956
040231,0.606689453125,0.6137965321540833,0.6509066820144653,0.5326441526412964
040232,0.957763671875,0.9583910703659058,0.8271697163581848,0.844127893447876
040234,0.946533203125,0.9527382850646973,0.8026000261306763,0.8249052166938782
040235,0.703369140625,0.7079299092292786,0.6423966884613037,0.6207891702651978
040236,0.571533203125,0.5742529630661011,0.6676040887832642,0.6369427442550659
040237,0.450927734375,0.46123361587524414,0.39804574847221375,0.5494468212127686
040238,0.9507649540901184,0.9576495289802551,0.7292529344558716,0.8191531896591187
040239,0.9673665165901184,0.9677308201789856,0.8748590350151062,0.8400679230690002
040240,0.712158203125,0.71263587474823,0.7497180104255676,0.822327196598053
040241,0.951171875,0.9536590576171875,0.8472716808319092,0.8340805768966675
040242,0.4778645932674408,0.4803832173347473,0.6197949647903442,0.6543859839439392
040243,0.9673665165901184,0.9678957462310791,0.8748590350151062,0.8485384583473206
040244,0.9444172978401184,0.9488952159881592,0.8315341472625732,0.8342232704162598
040245,0.9466145634651184,0.9506008625030518,0.6615661382675171,0.5991159081459045
040249,0.946533203125,0.9518778324127197,0.6577322483062744,0.6144112944602966
040250,0.947998046875,0.9545753002166748,0.5985158681869507,0.7435010075569153
040251,0.08984375,0.18899992108345032,0.07620275020599365,0.2735942304134369
040252,0.510498046875,0.5161977410316467,0.49935534596443176,0.6729029417037964
040254,0.48828125,0.4890606105327606,0.5307213068008423,0.7308210730552673
040255,0.323974609375,0.3956200182437897,0.2550044059753418,0.4628770351409912
040256,0.712158203125,0.7126920223236084,0.7497180104255676,0.7584836483001709
040257,0.956298828125,0.9584617614746094,1.0,0.9571620225906372
040259,0.967041015625,0.9678149819374084,0.8122885227203369,0.8781309723854065
040260,0.1875,0.3636598587036133,0.1309099942445755,0.555132269859314
040261,0.94140625,0.9520456790924072,0.5900454521179199,0.7906489968299866
040263,0.957763671875,0.9580124616622925,0.8271697163581848,0.665812611579895
040266,0.953369140625,0.956747829914093,0.6543781161308289,0.5861736536026001
040270,0.951904296875,0.9556238651275635,0.8690900206565857,0.9497354030609131
040271,0.219970703125,0.2536126375198364,0.22389668226242065,0.2708075940608978
040272,0.957763671875,0.9583960771560669,0.7236568927764893,0.7597073912620544
040273,0.9444172978401184,0.9524502158164978,0.6219719052314758,0.6384135484695435
040274,0.44921875,0.5307016372680664,0.2682024836540222,0.47120699286460876
040275,0.304931640625,0.4357694387435913,0.20000000298023224,0.5858044624328613
040277,0.488037109375,0.590462863445282,0.398443341255188,0.6458286643028259
040278,0.150390625,0.2584901452064514,0.12623168528079987,0.3123934864997864
040279,0.5757649540901184,0.5827069878578186,0.49943602085113525,0.7241130471229553
040281,0.9673665165901184,0.9679079055786133,0.8748590350151062,0.8691427707672119
040283,0.9673665165901184,0.9676946997642517,0.8748590350151062,0.7960823774337769
040284,0.0,0.1171875,0.0,0.14157193899154663
040285,0.968017578125,0.9680416584014893,1.0,0.9552522897720337
040286,0.968017578125,0.9680542349815369,1.0,0.8105027675628662
040287,0.1458333432674408,0.2787679135799408,0.12516115605831146,0.3769749402999878
040288,0.488037109375,0.541036069393158,0.8785831332206726,0.9526955485343933
040290,0.30078125,0.3511260151863098,0.3454500138759613,0.5993911027908325
040291,0.466064453125,0.5879610776901245,0.2907647490501404,0.7343304753303528
040292,0.51953125,0.5951169729232788,0.3754834830760956,0.5082163214683533
040293,0.953369140625,0.9591609239578247,0.7479812502861023,0.8872629404067993
040294,0.46875,0.4714111387729645,0.5441304445266724,0.6274766325950623
040299,0.9668782353401184,0.9673471450805664,0.7810032963752747,0.7228304743766785
040301,0.703369140625,0.707686185836792,0.5620065331459045,0.6750089526176453
040302,0.503173828125,0.5057384371757507,0.4784300625324249,0.44843393564224243
040305,0.967041015625,0.9674108028411865,0.9284793138504028,0.8282027840614319
040306,0.9466145634651184,0.9522266387939453,0.8072783350944519,0.8634144067764282
040307,0.659423828125,0.6620383262634277,0.6764605641365051,0.7708099484443665
040308,0.703369140625,0.7058685421943665,0.7838867902755737,0.8539101481437683
040309,0.2774251401424408,0.35307642817497253,0.36153164505958557,0.48699548840522766
040310,0.946533203125,0.9531951546669006,0.6577322483062744,0.8485491871833801
040311,0.968017578125,0.9680641293525696,1.0,0.9444032311439514
040313,0.947998046875,0.9551745653152466,0.5985158681869507,0.7325281500816345
040315,0.957763671875,0.9580678939819336,0.8271697163581848,0.8317210078239441
040317,0.953369140625,0.9601706266403198,0.7479812502861023,0.7278887629508972
040319,0.9507649540901184,0.955738365650177,0.7292529344558716,0.8210258483886719
040321,0.712158203125,0.7124330401420593,0.8569586873054504,0.7854576706886292
040323,0.659423828125,0.6610028743743896,0.6764605641365051,0.5483235716819763
040324,0.947998046875,0.9499332904815674,0.9146330952644348,0.8647856116294861
040325,0.968017578125,0.9680582880973816,1.0,0.8854706287384033
040326,0.9466145634651184,0.9501216411590576,0.6615661382675171,0.6314011812210083
040328,0.966796875,0.9670614004135132,0.8748388290405273,0.7486772537231445
040330,0.95703125,0.9577770829200745,0.7039180397987366,0.6635997295379639
040331,0.943115234375,0.9545564651489258,0.5359453558921814,0.612882673740387
040332,0.300537109375,0.3474006652832031,0.5354781746864319,0.7440703511238098
040333,0.701171875,0.7055709362030029,0.5887562036514282,0.5671849846839905
040334,0.110107421875,0.2793310880661011,0.07620275020599365,0.44320204854011536
040335,0.5757649540901184,0.5826797485351562,0.5708760023117065,0.7437843680381775
040336,0.946533203125,0.9564570188522339,0.575423002243042,0.6326301097869873
040337,0.39453125,0.3966827392578125,0.5199966430664062,0.43750521540641785
040338,0.939453125,0.9468488693237305,0.5589672327041626,0.7035892605781555
040339,0.2122395932674408,0.2408040463924408,0.4175114035606384,0.5788578987121582
040340,0.943359375,0.9537056684494019,0.5284951329231262,0.6301313042640686
040342,0.61328125,0.6191033124923706,0.4536360800266266,0.5764608979225159
040347,0.0625,0.26545751094818115,0.04780912771821022,0.498795747756958
040348,0.967041015625,0.9675670862197876,0.8122885227203369,0.7388116121292114
040349,0.0,0.08749999850988388,0.0,0.1418393850326538
040351,0.490234375,0.5134429931640625,0.8556691408157349,0.8684815168380737
040352,0.518798828125,0.5657152533531189,0.3716495931148529,0.4947489798069
040356,0.39453125,0.4001617431640625,0.4261382520198822,0.6324655413627625
040357,0.32421875,0.3328785300254822,0.2907647490501404,0.4469192624092102
040358,0.508056640625,0.5150682330131531,0.46666663885116577,0.718055784702301
040359,0.46875,0.482371062040329,0.3384338617324829,0.6036728024482727
040360,0.939453125,0.9539056420326233,0.489017516374588,0.8262894153594971
040362,0.659423828125,0.6609533429145813,0.8254533410072327,0.7375212907791138
040363,0.580322265625,0.6431228518486023,0.4040961265563965,0.6591315865516663
040364,0.968017578125,0.9680662751197815,1.0,0.8698323965072632
040365,0.393798828125,0.4416144788265228,0.38908666372299194,0.4161134362220764
040366,0.968017578125,0.9680414199829102,1.0,0.7760889530181885
040369,0.584228515625,0.5847302079200745,0.6245770454406738,0.6627675294876099
040370,0.95703125,0.9579768776893616,0.7039180397987366,0.7550503611564636
040371,0.968017578125,0.9680484533309937,1.0,0.8675288558006287
040372,0.953369140625,0.9596319794654846,0.6543781161308289,0.869157075881958
040374,0.9673665165901184,0.9679021239280701,0.8748590350151062,0.9509693384170532
040377,0.9375,0.9437927007675171,0.6545500159263611,0.7251367568969727
040382,0.953369140625,0.9579046368598938,0.7479812502861023,0.7464280128479004
040383,0.953369140625,0.9596382975578308,0.6543781161308289,0.7781923413276672
040384,0.968017578125,0.9680771827697754,1.0,0.9455912113189697
040386,0.344482421875,0.4092371463775635,0.38908666372299194,0.6939022541046143
040391,0.701171875,0.7080714106559753,0.5150786638259888,0.7484907507896423
040392,0.9668782353401184,0.9677672982215881,0.7810032963752747,0.8713476061820984
040393,0.393798828125,0.4675056040287018,0.31885725259780884,0.6707981824874878
040394,0.968017578125,0.9680540561676025,1.0,0.9238801002502441
040396,0.959228515625,0.959683358669281,0.7631344795227051,0.8533607125282288
040397,0.490234375,0.6000833511352539,0.38805168867111206,0.607225239276886
040398,0.2774251401424408,0.3860759139060974,0.23532335460186005,0.6055100560188293
040399,0.943115234375,0.9479212760925293,0.7475366592407227,0.7506565451622009
040400,0.701904296875,0.7029342651367188,0.8110315203666687,0.8447282314300537
040401,0.488037109375,0.5732944011688232,0.2856633961200714,0.4383736848831177
040402,0.953369140625,0.9601102471351624,0.6543781161308289,0.6465167999267578
040408,0.488037109375,0.5823859572410583,0.2856633961200714,0.6737748980522156
040409,0.968017578125,0.9680586457252502,1.0,0.9677129983901978
040411,0.947998046875,0.954720139503479,0.6841284036636353,0.8165038228034973
040412,0.943115234375,0.9482948780059814,0.819014847278595,0.8165339827537537
040413,0.966796875,0.9674798250198364,0.7653606534004211,0.7588106989860535
040415,0.1875,0.30433306097984314,0.1309099942445755,0.2939235270023346
040418,0.9507649540901184,0.9507649540901184,0.974961519241333,0.974961519241333
040419,0.432373046875,0.4372769296169281,0.4618985950946808,0.5176413655281067
040420,0.951171875,0.9596477150917053,0.694340705871582,0.7638976573944092
040421,0.4375,0.5749724507331848,0.2503223121166229,0.5483826994895935
040422,0.943359375,0.9469696283340454,0.7371450066566467,0.6991097927093506
040424,0.633056640625,0.6355036497116089,0.715326726436615,0.6773747205734253
040425,0.46875,0.4717881977558136,0.4129750728607178,0.4704603850841522
040426,0.94140625,0.9524345993995667,0.5162065625190735,0.6284471750259399
040428,0.967041015625,0.9674285054206848,0.8122885227203369,0.7161057591438293
040429,0.393798828125,0.4417363405227661,0.31885725259780884,0.4414216876029968
040430,0.947998046875,0.9550790786743164,0.6841284036636353,0.8910562992095947
040431,0.508056640625,0.5136452317237854,0.46666663885116577,0.6479544639587402
040432,0.19921875,0.26661381125450134,0.30167919397354126,0.40771710872650146
040434,0.966796875,0.9672974944114685,0.7653606534004211,0.7208523154258728
040437,0.968017578125,0.9680621027946472,1.0,0.9129263758659363
040438,0.490234375,0.5986294746398926,0.42515653371810913,0.6635863780975342
040439,0.16796875,0.24199843406677246,0.18026001751422882,0.46971216797828674
040441,0.956298828125,0.9601678252220154,0.7169486284255981,0.7502798438072205
040442,0.940673828125,0.9498993754386902,0.5046601295471191,0.5919448137283325
040444,0.9466145634651184,0.9530166387557983,0.5787770748138428,0.6273916959762573
040446,0.946533203125,0.9549927711486816,0.6577322483062744,0.8725703954696655
040447,0.943115234375,0.9516311883926392,0.6126077175140381,0.766748309135437
040448,0.968017578125,0.9680762887001038,1.0,0.8733959197998047
040449,0.431884765625,0.4516204297542572,0.4763599932193756,0.4124980568885803
040450,0.633056640625,0.6375922560691833,0.5862115621566772,0.6729258298873901
040451,0.374755859375,0.44302403926849365,0.3454500138759613,0.6496385335922241
040452,0.943115234375,0.9522024989128113,0.6126077175140381,0.783174991607666
040455,0.9673665165901184,0.9677296280860901,0.8748590350151062,0.8179038763046265
040456,0.701904296875,0.7075443863868713,0.6066363453865051,0.6233121752738953
040457,0.9673665165901184,0.9677187204360962,0.8748590350151062,0.8467079997062683
040458,0.940673828125,0.9509593844413757,0.5768473744392395,0.6798763871192932
040459,0.967041015625,0.9675670266151428,0.8122885227203369,0.8243520259857178
040461,0.21875,0.35738372802734375,0.13817155361175537,0.5576356649398804
040462,0.619873046875,0.627033531665802,0.4733748733997345,0.6329671740531921
040463,0.531982421875,0.5769796371459961,0.39804574847221375,0.43410375714302063
040464,0.701904296875,0.7084183096885681,0.5307213068008423,0.7187817692756653
040465,0.2122395932674408,0.28092527389526367,0.36153164505958557,0.45950543880462646
040468,0.560546875,0.5785919427871704,0.4082580804824829,0.3282317519187927
040469,0.712158203125,0.7123017311096191,0.8569586873054504,0.7275765538215637
040470,0.580322265625,0.6428396105766296,0.4618985950946808,0.6793137192726135
040471,0.943115234375,0.9547594785690308,0.5359453558921814,0.7099877595901489
040473,0.943359375,0.9502827525138855,0.6040917634963989,0.6597369909286499
040476,0.2122395932674408,0.32311761379241943,0.19284793734550476,0.45441508293151855
040477,0.9507649540901184,0.9559013247489929,0.8898733854293823,0.863287091255188
040478,0.967041015625,0.9673820734024048,0.8122885227203369,0.6962776780128479
040479,0.9668782353401184,0.9674308896064758,0.7810032963752747,0.7331962585449219
040480,0.967041015625,0.9674195051193237,0.9284793138504028,0.882289707660675
040481,0.9668782353401184,0.9673132300376892,0.7810032963752747,0.6516405940055847
040483,0.212890625,0.35779571533203125,0.12984324991703033,0.3415851593017578
040484,0.953369140625,0.9555690884590149,0.912726640701294,0.8483990430831909
040485,0.962158203125,0.9625497460365295,0.8420895934104919,0.8205258846282959
040486,0.9507649540901184,0.953265368938446,0.8898733854293823,0.8635185956954956
040489,0.499755859375,0.5830119848251343,0.4098700284957886,0.6688738465309143
040490,0.393798828125,0.451130747795105,0.5977610945701599,0.8023123145103455
040491,0.393798828125,0.42422187328338623,0.8579513430595398,0.8191094994544983
040492,0.951171875,0.9596437811851501,0.6074502468109131,0.7103868722915649
040495,0.556884765625,0.6090291738510132,0.4431702494621277,0.7076671719551086
040497,0.962158203125,0.9623494148254395,0.9625431895256042,0.9053812026977539
040498,0.9507649540901184,0.9553025960922241,0.7292529344558716,0.7166037559509277
040499,0.02083333395421505,0.1972358375787735,0.017880165949463844,0.261405885219574
040500,0.659423828125,0.6619151830673218,0.8254533410072327,0.7913144826889038
040502,0.9466145634651184,0.9524604082107544,0.6615661382675171,0.7618927955627441
040504,0.9444172978401184,0.9500202536582947,0.544137716293335,0.541373610496521
040507,0.966796875,0.9674864411354065,0.8748388290405273,0.8092690110206604
040509,0.9668782353401184,0.9672689437866211,0.7810032963752747,0.6859575510025024
040514,0.374755859375,0.44403067231178284,0.3454500138759613,0.6537410616874695
040515,0.568359375,0.5770565867424011,0.4457148313522339,0.6444566249847412
040518,0.9466145634651184,0.9525969624519348,0.6615661382675171,0.6675527691841125
040519,0.366455078125,0.3746192157268524,0.4365417957305908,0.606476366519928
040520,0.966796875,0.9671386480331421,0.8748388290405273,0.9716767072677612
040521,0.9375,0.9485730528831482,0.5364049673080444,0.6058146357536316
040524,0.967041015625,0.9673137068748474,0.8122885227203369,0.6919223070144653
040525,0.962158203125,0.9626398682594299,0.8420895934104919,0.8158156275749207
040526,0.584228515625,0.5848225355148315,0.7139173746109009,0.8167237639427185
040527,0.962158203125,0.9625066518783569,0.9625431895256042,0.9689064025878906
040532,0.967041015625,0.9676022529602051,0.8122885227203369,0.8288834095001221
040533,0.968017578125,0.9680703282356262,1.0,0.9604468941688538
040534,0.9673665165901184,0.967775285243988,0.8748590350151062,0.8435589075088501
040535,0.9673665165901184,0.9676936268806458,0.8748590350151062,0.7466470003128052
040536,0.943115234375,0.9483590126037598,0.5359453558921814,0.5690463185310364
040537,0.366455078125,0.3774259090423584,0.2856633961200714,0.6374484300613403
040538,0.712158203125,0.7126052379608154,0.7497180104255676,0.8244897127151489
040543,0.580322265625,0.6365278959274292,0.4618985950946808,0.728229284286499
040545,0.968017578125,0.9680659770965576,1.0,0.9579148888587952
040548,0.323974609375,0.3934937119483948,0.2230929136276245,0.5199699997901917
040550,0.947998046875,0.9561283588409424,0.5985158681869507,0.7726072669029236
040551,0.9673665165901184,0.9676796197891235,1.0,0.9590047001838684
040552,0.968017578125,0.9680448770523071,1.0,0.892302930355072
040553,0.518798828125,0.5867446064949036,0.3716495931148529,0.487766295671463
040554,0.619873046875,0.6250278353691101,0.6602633595466614,0.7866731286048889
040559,0.571533203125,0.5798245668411255,0.43686550855636597,0.6591557264328003
040560,0.146728515625,0.27623388171195984,0.11196307837963104,0.39329996705055237
040562,0.556884765625,0.5724815130233765,0.4431702494621277,0.40688490867614746
040563,0.490234375,0.5979461669921875,0.38805168867111206,0.5735408067703247
040564,0.0625,0.208984375,0.03128524869680405,0.15071897208690643
040566,0.4375,0.46581727266311646,0.2503223121166229,0.23150582611560822
040568,0.09375,0.2061510980129242,0.0676867738366127,0.26278185844421387
040570,0.300537109375,0.3721616268157959,0.2163846641778946,0.38331255316734314
040572,0.3059895932674408,0.3797368109226227,0.2836383283138275,0.5709933638572693
040573,0.9673665165901184,0.9678453803062439,0.8748590350151062,0.870590090751648
040574,0.556884765625,0.6202666759490967,0.3877114951610565,0.6943010091781616
040575,0.1875,0.2853220999240875,0.23226092755794525,0.5715782046318054
040576,0.263671875,0.3201810121536255,0.23391999304294586,0.33471643924713135
040577,0.962158203125,0.9625756740570068,0.8420895934104919,0.8500223755836487
040579,0.21875,0.255828857421875,0.42495885491371155,0.6403413414955139
040580,0.455078125,0.549848735332489,0.23873552680015564,0.5075810551643372
040581,0.701171875,0.706400454044342,0.7184317708015442,0.6904624700546265
040582,0.968017578125,0.9680548906326294,1.0,0.8534663915634155
040584,0.4375,0.5739715099334717,0.2503223121166229,0.4789915680885315
040586,0.712158203125,0.7125967741012573,0.7497180104255676,0.7936035394668579
040587,0.946533203125,0.955633819103241,0.575423002243042,0.8144833445549011
040588,0.946533203125,0.9534337520599365,0.575423002243042,0.596488893032074
040590,0.966796875,0.9675030708312988,0.8748388290405273,0.8869341611862183
040592,0.633056640625,0.6363542079925537,0.5128524899482727,0.5249241590499878
040593,0.47265625,0.48293155431747437,0.3430097699165344,0.5613898038864136
040595,0.520263671875,0.5207310318946838,0.6423966884613037,0.6786640286445618
040596,0.962158203125,0.9624844789505005,0.9625431895256042,0.894294023513794
040598,0.9466145634651184,0.9485958218574524,0.5787770748138428,0.4865054786205292
040599,0.21875,0.31179046630859375,0.19272169470787048,0.5095309615135193
040600,0.659423828125,0.6635164618492126,0.5918076038360596,0.7976667881011963
040602,0.968017578125,0.9680484533309937,1.0,0.8337016701698303
040603,0.5757649540901184,0.5795507431030273,0.5708760023117065,0.6983347535133362
040605,0.260498046875,0.260498046875,0.9514426589012146,0.9514426589012146
040609,0.712158203125,0.7123963236808777,0.7497180104255676,0.6500637531280518
040610,0.959228515625,0.9599947333335876,0.7631344795227051,0.8622530102729797
040611,0.304931640625,0.3097207248210907,1.0,0.9857341051101685
040614,0.703369140625,0.7075279951095581,0.5620065331459045,0.5908092856407166
040615,0.956298828125,0.9602730870246887,0.7169486284255981,0.7912607789039612
040616,0.0,0.1320464164018631,0.0,0.17520347237586975
040617,0.947998046875,0.9560670852661133,0.5985158681869507,0.8137490749359131
040618,0.968017578125,0.9680668115615845,1.0,0.9039438962936401
040619,0.571533203125,0.5767631530761719,0.6093400716781616,0.6578853130340576
040620,0.967041015625,0.9675701856613159,0.8122885227203369,0.8045803904533386
040621,0.94140625,0.9449107050895691,0.7200049757957458,0.6622973084449768
040624,0.4375,0.4375,0.30545666813850403,0.24697212874889374
040625,0.260498046875,0.3695887625217438,0.34397661685943604,0.6595684885978699
040627,0.510498046875,0.5138031840324402,0.6093400716781616,0.563441812992096
040630,0.943115234375,0.9507634043693542,0.7475366592407227,0.7510138750076294
040631,0.260498046875,0.3724677562713623,0.22389668226242065,0.4410196840763092
040633,0.967041015625,0.967574954032898,0.8122885227203369,0.9049239158630371
040634,0.556884765625,0.5967872142791748,0.4431702494621277,0.6584727764129639
040636,0.943359375,0.9461373686790466,0.6040917634963989,0.49039143323898315
040637,0.197998046875,0.24617530405521393,0.6871474981307983,0.8378100395202637
040639,0.260498046875,0.35051611065864563,0.16052241623401642,0.33919230103492737
040640,0.967041015625,0.967041015625,1.0,0.9392651915550232
040642,0.44140625,0.45330810546875,0.3284950852394104,0.3791063725948334
040643,0.46875,0.48414358496665955,0.29608190059661865,0.49263352155685425
040646,0.712158203125,0.7125757932662964,0.7497180104255676,0.8375046253204346
040648,0.393798828125,0.47192439436912537,0.31885725259780884,0.6148092746734619
040649,0.9507649540901184,0.953310489654541,0.7292529344558716,0.6412376761436462
040651,0.967041015625,0.9676324129104614,0.9284793138504028,0.9427133798599243
040652,0.580322265625,0.6227555274963379,0.86592036485672,0.8011432886123657
040655,0.580322265625,0.6169506907463074,0.86592036485672,0.89443439245224
040656,0.946533203125,0.9519943594932556,0.8026000261306763,0.7721095085144043
040657,0.110107421875,0.22625011205673218,0.16497723758220673,0.46083182096481323
040660,0.606689453125,0.6186559200286865,1.0,0.9154417514801025
040665,0.701904296875,0.7071680426597595,0.7402501106262207,0.8457480072975159
040669,0.490234375,0.5700955986976624,0.27821314334869385,0.3931155800819397
040670,0.9507649540901184,0.9516203999519348,0.7292529344558716,0.5427025556564331
040671,0.946533203125,0.9536637663841248,0.6577322483062744,0.7721798419952393
040673,0.560546875,0.560546875,0.4981783330440521,0.33595603704452515
040674,0.606689453125,0.6324760317802429,0.6509066820144653,0.7210440635681152
040675,0.9673665165901184,0.967901349067688,0.8748590350151062,0.9814252853393555
040676,0.5757649540901184,0.5801137685775757,0.6966133713722229,0.6755843758583069
040677,0.953369140625,0.9590152502059937,0.7479812502861023,0.8312976956367493
040678,0.956298828125,0.9574436545372009,0.7169486284255981,0.5864802598953247
040679,0.951904296875,0.9598171710968018,0.6230928897857666,0.6668680906295776
040681,0.344482421875,0.38773685693740845,0.31885725259780884,0.39597710967063904
040682,0.951904296875,0.9573020339012146,0.8690900206565857,0.8634331822395325
040683,0.150390625,0.1707938015460968,0.13830174505710602,0.17228245735168457
040684,0.393798828125,0.4475441873073578,0.5977610945701599,0.7876663208007812
040687,0.943115234375,0.9505002498626709,0.7475366592407227,0.8273112177848816
040689,0.959228515625,0.959836483001709,0.7631344795227051,0.7804749608039856
040692,0.962158203125,0.9625638127326965,0.8420895934104919,0.8821609616279602
040694,0.967041015625,0.9676874876022339,0.8122885227203369,0.715676486492157
040697,0.94140625,0.9480845332145691,0.5900454521179199,0.629172146320343
040698,0.946533203125,0.9549382925033569,0.6577322483062744,0.7904163002967834
040700,0.9507649540901184,0.9559311866760254,0.7292529344558716,0.752677321434021
040701,0.9507649540901184,0.9555990695953369,0.7292529344558716,0.857079267501831
040702,0.261474609375,0.35083645582199097,0.22860826551914215,0.46265894174575806
040703,0.450927734375,0.45846718549728394,0.3482339084148407,0.5053313374519348
040704,0.94140625,0.9504002928733826,0.5162065625190735,0.5517604947090149
040706,0.701171875,0.70941162109375,0.5887562036514282,0.715147078037262
040709,0.4375,0.4638671875,0.33466389775276184,0.36697879433631897
040710,0.9673665165901184,0.9677300453186035,1.0,0.9195801615715027
040711,0.166259765625,0.3056434690952301,0.22745199501514435,0.6384460926055908
040713,0.968017578125,0.9680604338645935,1.0,0.9478661417961121
040714,0.9673665165901184,0.9677306413650513,0.8748590350151062,0.7885173559188843
040715,0.968017578125,0.9680540561676025,1.0,0.8814391493797302
040716,0.962158203125,0.9625868797302246,0.8420895934104919,0.8007248640060425
040717,0.46875,0.47535744309425354,0.3384338617324829,0.3707248270511627
040719,0.9507649540901184,0.9552773237228394,0.7292529344558716,0.723483681678772
040720,0.9444172978401184,0.9507134556770325,0.6219719052314758,0.6989929676055908
040721,0.46875,0.4799661338329315,0.4129750728607178,0.6114088892936707
040722,0.508056640625,0.5115306377410889,0.6509066820144653,0.6065565347671509
040724,0.518798828125,0.5560372471809387,0.6967307925224304,0.6346591114997864
040726,0.9673665165901184,0.9676923155784607,1.0,0.9839215278625488
040727,0.940673828125,0.9485131502151489,0.5768473744392395,0.6436604857444763
040728,0.9668782353401184,0.9671939015388489,0.892719030380249,0.7716005444526672
040730,0.212890625,0.39505720138549805,0.17359158396720886,0.5923240780830383
040731,0.962158203125,0.9625173807144165,0.9625431895256042,0.9318422675132751
040733,0.9668782353401184,0.967399001121521,0.7810032963752747,0.8161603212356567
040735,0.953369140625,0.9577099084854126,0.7479812502861023,0.782800018787384
040736,0.968017578125,0.9680557250976562,1.0,0.9414637684822083
040737,0.9668782353401184,0.9674440026283264,0.892719030380249,0.9022641181945801
040738,0.966796875,0.9677456021308899,0.7653606534004211,0.8302410244941711
040740,0.556884765625,0.5651193857192993,0.4431702494621277,0.3556547164916992
040741,0.967041015625,0.967519998550415,0.9284793138504028,0.8837839961051941
040743,0.9673665165901184,0.9677546620368958,0.8748590350151062,0.9243638515472412
040744,0.505615234375,0.5144948959350586,0.427834689617157,0.5947144031524658
040745,0.5757649540901184,0.5790930986404419,0.6966133713722229,0.6599421501159668
040746,0.947998046875,0.9552634358406067,0.5985158681869507,0.8533895611763
040747,0.110107421875,0.2289249151945114,0.20503923296928406,0.589421808719635
040748,0.706298828125,0.7095591425895691,0.7139173746109009,0.7810968160629272
040750,0.9668782353401184,0.9673413634300232,0.892719030380249,0.8038536310195923
040752,0.9507649540901184,0.9525793194770813,0.8898733854293823,0.8522219061851501
040753,0.946533203125,0.9523473381996155,0.6577322483062744,0.6975477337837219
040755,0.953369140625,0.9575939774513245,0.6543781161308289,0.697856068611145
040756,0.940673828125,0.9518928527832031,0.5768473744392395,0.7251496315002441
040758,0.606689453125,0.6274059414863586,0.46666663885116577,0.41775327920913696
040759,0.567138671875,0.6256977319717407,0.4261382520198822,0.5988060832023621
040760,0.968017578125,0.9680558443069458,1.0,0.8819662928581238
040761,0.9466145634651184,0.9518749713897705,0.5787770748138428,0.6132199168205261
040762,0.951171875,0.9541999101638794,0.694340705871582,0.643038809299469
040764,0.571533203125,0.5814947485923767,0.49935534596443176,0.7670233845710754
040765,0.606689453125,0.6504067182540894,0.46666663885116577,0.7469841241836548
040766,0.953369140625,0.9589270353317261,0.7479812502861023,0.8667033314704895
040767,0.968017578125,0.9680586457252502,1.0,0.8655776977539062
040768,0.9668782353401184,0.9674211740493774,0.892719030380249,0.9138624668121338
040771,0.47265625,0.48501577973365784,0.3430097699165344,0.5393074154853821
040773,0.431884765625,0.4824516773223877,0.4763599932193756,0.6488942503929138
040774,0.951171875,0.9561353325843811,0.6074502468109131,0.5987913012504578
040775,0.967041015625,0.9678096771240234,0.8122885227203369,0.902131974697113
040776,0.261474609375,0.33880993723869324,0.20000000298023224,0.3136955499649048
040777,0.956298828125,0.9598605036735535,0.7169486284255981,0.7543937563896179
040779,0.967041015625,0.967699408531189,0.8122885227203369,0.9022577404975891
040780,0.9507649540901184,0.9530213475227356,0.6379934549331665,0.5167381167411804
040781,0.962158203125,0.9626919627189636,0.8420895934104919,0.8926820158958435
040783,0.706298828125,0.7098802924156189,0.7139173746109009,0.7715325951576233
040785,0.580322265625,0.607241690158844,0.5636333227157593,0.5750811100006104
040786,0.94140625,0.948857307434082,0.7200049757957458,0.7229016423225403
040788,0.51953125,0.5418899655342102,0.3754834830760956,0.35712432861328125
040789,0.967041015625,0.9678238034248352,0.8122885227203369,0.8012714385986328
040790,0.9673665165901184,0.9678035974502563,0.8748590350151062,0.9229981303215027
040791,0.580322265625,0.631638765335083,0.4040961265563965,0.6503127813339233
040792,0.4778645932674408,0.4846462607383728,0.4055802822113037,0.6961212754249573
040793,0.3599446713924408,0.38226181268692017,0.8075588941574097,0.8312029838562012
040794,0.966796875,0.9674487113952637,0.7653606534004211,0.7289724946022034
040795,0.490234375,0.5627166628837585,0.38805168867111206,0.5260903239250183
040796,0.946533203125,0.9529121518135071,0.575423002243042,0.5923668742179871
040797,0.150390625,0.178955078125,0.5364180207252502,0.6960369944572449
040798,0.956298828125,0.9611378312110901,0.7169486284255981,0.8279504179954529
040799,0.3059895932674408,0.3486577272415161,0.5032320022583008,0.7165688872337341
040800,0.953369140625,0.9596655964851379,0.6543781161308289,0.7597802877426147
040801,0.95703125,0.9573208689689636,0.8046074509620667,0.7464762330055237
040803,0.951904296875,0.9566835761070251,0.7122209072113037,0.6882246136665344
040804,0.9673665165901184,0.9677760601043701,1.0,0.9642871618270874
040805,0.5757649540901184,0.5797156095504761,0.6966133713722229,0.7103822827339172
040807,0.34765625,0.35583803057670593,0.293855756521225,0.4923766553401947
040808,0.953369140625,0.9574580788612366,0.6543781161308289,0.6063849925994873
040809,0.505615234375,0.5121878385543823,0.427834689617157,0.5661345720291138
040810,0.344482421875,0.41598400473594666,0.2789551615715027,0.4456077218055725
040814,0.703369140625,0.7103143930435181,0.6423966884613037,0.8020455241203308
040815,0.469970703125,0.47985973954200745,0.4431702494621277,0.7040899395942688
040816,0.968017578125,0.9680763483047485,1.0,0.9340060353279114
040817,0.953369140625,0.9563769698143005,0.6543781161308289,0.5579328536987305
040819,0.947998046875,0.9561167359352112,0.5985158681869507,0.7800880670547485
040820,0.531982421875,0.6042559146881104,0.39804574847221375,0.6756014227867126
040822,0.943115234375,0.9535066485404968,0.5359453558921814,0.6334097981452942
040823,0.580322265625,0.6356484889984131,0.4040961265563965,0.517134964466095
040824,0.09375,0.1733822226524353,0.0904926061630249,0.2593008279800415
040825,0.966796875,0.966796875,0.8748388290405273,0.7897025942802429
040826,0.490234375,0.5516422986984253,0.3180091083049774,0.425082802772522
040829,0.556884765625,0.6202052235603333,0.4431702494621277,0.7417461276054382
040830,0.968017578125,0.9680641889572144,1.0,0.9842003583908081
040831,0.488037109375,0.5935948491096497,0.2856633961200714,0.5348169803619385
040833,0.968017578125,0.9680637717247009,1.0,0.9818019270896912
040835,0.967041015625,0.9676131010055542,0.9284793138504028,0.8999038338661194
040841,0.9507649540901184,0.957541823387146,0.7292529344558716,0.7738422751426697
040844,0.499755859375,0.5718785524368286,0.293855756521225,0.46977925300598145
040845,0.9507649540901184,0.952773928642273,0.8898733854293823,0.935575544834137
040848,0.488037109375,0.5648801326751709,0.2856633961200714,0.5581895112991333
040851,0.146728515625,0.23880130052566528,0.1366233378648758,0.40305671095848083
040852,0.12109375,0.24847614765167236,0.1195228174328804,0.49620386958122253
040853,0.968017578125,0.9680765867233276,1.0,0.9624402523040771
040855,0.968017578125,0.9680526852607727,1.0,0.8324617743492126
040857,0.606689453125,0.6311344504356384,0.6509066820144653,0.705751359462738
040859,0.9668782353401184,0.9675377011299133,0.7810032963752747,0.7916699051856995
040861,0.968017578125,0.968059241771698,1.0,0.9366922974586487
040864,0.505615234375,0.5107948780059814,0.5719858407974243,0.6399496793746948
040865,0.962158203125,0.9624134302139282,0.9625431895256042,0.8767060041427612
040866,0.9466145634651184,0.9513242840766907,0.8072783350944519,0.8594327569007874
040867,0.967041015625,0.9673994779586792,0.9284793138504028,0.9018669724464417
040869,0.968017578125,0.96806401014328,1.0,0.9535976052284241
040870,0.14453125,0.25092753767967224,0.22745199501514435,0.5429658889770508
040871,0.3059895932674408,0.3633772134780884,0.5032320022583008,0.640507161617279
040872,0.951171875,0.9538969993591309,0.8472716808319092,0.6968539953231812
040873,0.968017578125,0.9680376052856445,1.0,0.9032453298568726
040874,0.953369140625,0.9588728547096252,0.6543781161308289,0.6975129842758179
040875,0.967041015625,0.9676245450973511,0.8122885227203369,0.8859837651252747
040876,0.968017578125,0.9680535793304443,1.0,0.8883723020553589
040877,0.633056640625,0.6374834179878235,0.715326726436615,0.7656382322311401
040878,0.3599446713924408,0.44991472363471985,0.26257050037384033,0.5389688014984131
040879,0.9668782353401184,0.9677771925926208,0.7810032963752747,0.8940154910087585
040880,0.943115234375,0.9491906762123108,0.7475366592407227,0.6651309132575989
040881,0.9673665165901184,0.9677969217300415,0.8748590350151062,0.9261112213134766
040883,0.968017578125,0.9680657982826233,1.0,0.8322744965553284
040884,0.46875,0.47496509552001953,0.4129750728607178,0.49650606513023376
040885,0.44921875,0.5337590575218201,0.2682024836540222,0.4308062195777893
040887,0.956298828125,0.9611711502075195,0.7169486284255981,0.9250931739807129
040889,0.146728515625,0.28584328293800354,0.09795191138982773,0.3345385491847992
040891,0.9388020634651184,0.9488308429718018,0.5542851090431213,0.6579422354698181
040892,0.968017578125,0.9680469632148743,1.0,0.9023586511611938
040893,0.967041015625,0.9676401019096375,0.8122885227203369,0.8851475715637207
040894,0.9673665165901184,0.967850923538208,0.8748590350151062,0.9157073497772217
040895,0.431884765625,0.48826298117637634,0.390377938747406,0.6475625038146973
040896,0.499755859375,0.6030863523483276,0.4098700284957886,0.6740066409111023
040897,0.9673665165901184,0.9676030874252319,0.8748590350151062,0.8039352297782898
040898,0.490234375,0.5529837608337402,0.38805168867111206,0.6532928943634033
040899,0.706298828125,0.7097942233085632,0.871160089969635,0.864039957523346
040900,0.3599446713924408,0.4057687222957611,0.3001289367675781,0.40278926491737366
040901,0.947998046875,0.9535467624664307,0.6841284036636353,0.7951425313949585
040902,0.510498046875,0.5120429992675781,0.6676040887832642,0.7146598100662231
040905,0.9673665165901184,0.9676271080970764,1.0,0.8604099154472351
040906,0.0625,0.16995391249656677,0.14433082938194275,0.5441350936889648
040907,0.943359375,0.9553102254867554,0.6506248712539673,0.796022355556488
040908,0.9375,0.9400918483734131,0.4692787230014801,0.41934460401535034
040911,0.967041015625,0.9675699472427368,0.8122885227203369,0.7785926461219788
040912,0.968017578125,0.9680600762367249,1.0,0.9603659510612488
040913,0.956298828125,0.9598066806793213,1.0,0.9601597189903259
040914,0.712158203125,0.7125316858291626,0.8569586873054504,0.8276562690734863
040915,0.490234375,0.5318079590797424,0.6884825229644775,0.6499626636505127
040916,0.580322265625,0.6240975856781006,0.4040961265563965,0.6383568048477173
040917,0.943359375,0.9519423842430115,0.5284951329231262,0.5644062757492065
040919,0.953369140625,0.9583410620689392,0.7479812502861023,0.8717385530471802
040920,0.568359375,0.5773367285728455,0.4457148313522339,0.5797521471977234
040922,0.35546875,0.36475715041160583,0.3039627969264984,0.522262454032898
040923,0.510498046875,0.517312228679657,0.43686550855636597,0.6684104800224304
040925,0.962158203125,0.9626731872558594,0.8420895934104919,0.9437621831893921
040927,0.968017578125,0.9680644869804382,1.0,0.9747146964073181
040928,0.197998046875,0.28464794158935547,0.29449179768562317,0.5815792679786682
040929,0.344482421875,0.4169020652770996,0.2789551615715027,0.5132241249084473
040931,0.09375,0.22988641262054443,0.08259502053260803,0.3448787033557892
040933,0.365234375,0.45343029499053955,0.26521679759025574,0.44663718342781067
040934,0.968017578125,0.9680679440498352,1.0,0.969154417514801
040940,0.946533203125,0.9564107656478882,0.7083972692489624,0.8832352161407471
040942,0.0,0.17458392679691315,0.0,0.32003694772720337
040943,0.9668782353401184,0.9677707552909851,0.7810032963752747,0.8461155295372009
040944,0.966796875,0.9677600264549255,0.7653606534004211,0.8572263717651367
040945,0.968017578125,0.9680679440498352,1.0,0.8995447754859924
040947,0.94140625,0.9471733570098877,0.5900454521179199,0.5631460547447205
040948,0.967041015625,0.9678063988685608,0.8122885227203369,0.7879830002784729
040949,0.968017578125,0.9680602550506592,1.0,0.9781857132911682
040950,0.943359375,0.9513394832611084,0.6040917634963989,0.762982189655304
040951,0.968017578125,0.9680584073066711,1.0,0.9015415906906128
040952,0.499755859375,0.5419020056724548,0.4098700284957886,0.4601898193359375
040953,0.953369140625,0.9547080993652344,1.0,1.0
040958,0.571533203125,0.5738862752914429,0.43686550855636597,0.33646300435066223
040959,0.951171875,0.9571215510368347,0.694340705871582,0.7385399341583252
040961,0.571533203125,0.5769881010055542,0.6093400716781616,0.6659948825836182
040964,0.9507649540901184,0.9556422233581543,0.6379934549331665,0.8191003799438477
040968,0.61328125,0.6160359382629395,0.6932323575019836,0.7233278751373291
040970,0.633056640625,0.6393237113952637,0.5128524899482727,0.7125471830368042
040972,0.568359375,0.5780337452888489,0.3899376392364502,0.4474552273750305
040973,0.455078125,0.483917236328125,0.33298835158348083,0.29955151677131653
040975,0.956298828125,0.9588770270347595,0.7169486284255981,0.6393649578094482
040976,0.951171875,0.9549376964569092,0.694340705871582,0.5922824740409851
040979,0.14453125,0.2302512228488922,0.12132726609706879,0.27611279487609863
040981,0.531982421875,0.5566171407699585,0.48571667075157166,0.46697700023651123
040984,0.957763671875,0.9582774043083191,0.7236568927764893,0.6615602374076843
040985,0.968017578125,0.9680528044700623,1.0,0.9028816223144531
040986,0.953369140625,0.9579603672027588,0.6543781161308289,0.6327568888664246
040988,0.953369140625,0.9595662951469421,0.6543781161308289,0.778106689453125
040990,0.9673665165901184,0.9677653908729553,0.8748590350151062,0.8762344121932983
040991,0.946533203125,0.9566353559494019,0.575423002243042,0.8409144282341003
040992,0.968017578125,0.968076765537262,1.0,0.9067081212997437
040994,0.953369140625,0.9547452926635742,1.0,0.8675000071525574
040995,0.505615234375,0.5098974704742432,0.6504693627357483,0.7116161584854126
040996,0.9668782353401184,0.9670103192329407,0.7810032963752747,0.6171528697013855
040997,0.9673665165901184,0.967652440071106,1.0,0.8674391508102417
040999,0.967041015625,0.9676710963249207,0.8122885227203369,0.900598406791687
041000,0.1458333432674408,0.2214428186416626,0.17573362588882446,0.44262102246284485
041001,0.212890625,0.3693932294845581,0.11359453201293945,0.5191025137901306
041002,0.9444172978401184,0.9487689137458801,0.7589633464813232,0.632724940776825
041004,0.9507649540901184,0.9577289819717407,0.6379934549331665,0.8034371733665466
041007,0.5694172978401184,0.5810543298721313,0.4055802822113037,0.6763712763786316
041008,0.4375,0.5719820857048035,0.30545666813850403,0.5289797186851501
041009,0.366455078125,0.3766149580478668,0.398443341255188,0.5956988334655762
041010,0.300537109375,0.3710489571094513,0.24733662605285645,0.38420119881629944
041011,0.9466145634651184,0.9500768780708313,0.5787770748138428,0.4835880696773529
041013,0.51953125,0.567241370677948,0.3754834830760956,0.5083239674568176
041015,0.968017578125,0.968058705329895,1.0,0.9559246301651001
041016,0.260498046875,0.3881266117095947,0.18348374962806702,0.5271205306053162
041020,0.9673665165901184,0.9679034948348999,0.8748590350151062,0.8279610276222229
041022,0.967041015625,0.9676322937011719,0.8122885227203369,0.8926241397857666
041023,0.968017578125,0.9680647253990173,1.0,0.7832959890365601
041024,0.091796875,0.11509377509355545,0.07116833329200745,0.11060208827257156
041025,0.39453125,0.4001127779483795,0.37281090021133423,0.5016582012176514
041026,0.94140625,0.9506306648254395,0.5162065625190735,0.6706203818321228
041029,0.51953125,0.5809181928634644,0.45818498730659485,0.627686619758606
041031,0.9507649540901184,0.9535586833953857,0.8898733854293823,0.8555806279182434
041032,0.1875,0.2820800840854645,0.23226092755794525,0.4188169836997986
041033,0.520263671875,0.5209932327270508,0.5620065331459045,0.52931147813797
041034,0.9673665165901184,0.9678980112075806,0.8748590350151062,0.8831650614738464
041035,0.091796875,0.25844016671180725,0.07116833329200745,0.41221293807029724
041036,0.9668782353401184,0.9673291444778442,0.892719030380249,0.8090178370475769
041037,0.228759765625,0.37445205450057983,0.19749616086483002,0.601529598236084
041038,0.567138671875,0.5828641057014465,0.9225797057151794,0.8338850736618042
041040,0.568359375,0.579511821269989,0.3899376392364502,0.7415993213653564
041041,0.967041015625,0.9676206111907959,0.8122885227203369,0.8673317432403564
041042,0.488037109375,0.5500125288963318,0.398443341255188,0.5169159770011902
041045,0.9668782353401184,0.9677728414535522,0.7810032963752747,0.8434898257255554
041050,0.9668782353401184,0.9675023555755615,0.7810032963752747,0.7429593801498413
041052,0.9673665165901184,0.9678943753242493,0.8748590350151062,0.8681496381759644
041056,0.701171875,0.7044264674186707,0.7184317708015442,0.7239071130752563
041057,0.261474609375,0.3416830003261566,0.20000000298023224,0.4116033613681793
041059,0.633056640625,0.6371482610702515,0.715326726436615,0.6883055567741394
041060,0.219970703125,0.28548187017440796,0.22389668226242065,0.38211724162101746
041062,0.703369140625,0.7102285027503967,0.6423966884613037,0.758549153804779
041063,0.946533203125,0.9565460085868835,0.6577322483062744,0.8162273168563843
041064,0.499755859375,0.6031650900840759,0.4098700284957886,0.6182851791381836
041065,0.946533203125,0.9532783031463623,0.8026000261306763,0.7764149308204651
041069,0.947998046875,0.9526144862174988,0.5985158681869507,0.6015099287033081
041070,0.1106770858168602,0.13771042227745056,0.0855669379234314,0.09895200282335281
041071,0.501953125,0.509918749332428,0.4566117227077484,0.6552214026451111
041073,0.966796875,0.9672908782958984,0.7653606534004211,0.8793604969978333
041074,0.9673665165901184,0.9676716923713684,1.0,0.8893492221832275
041076,0.584228515625,0.5848227143287659,0.7139173746109009,0.7389505505561829
041077,0.499755859375,0.604284942150116,0.293855756521225,0.6627686023712158
041079,0.518798828125,0.5825080275535583,0.3716495931148529,0.49640893936157227
041080,0.1458333432674408,0.2251637876033783,0.16733194887638092,0.4672122597694397
041081,0.943115234375,0.9480075240135193,0.9313938021659851,0.9604167342185974
041082,0.393798828125,0.4648207724094391,0.38908666372299194,0.6532617807388306
041083,0.393798828125,0.4429086446762085,0.690318763256073,0.8338850736618042
041084,0.146728515625,0.2864605486392975,0.1366233378648758,0.5213476419448853
041085,0.374755859375,0.43566662073135376,0.3454500138759613,0.5975908637046814
041086,0.2774251401424408,0.4130384922027588,0.23532335460186005,0.6345645785331726
041087,0.968017578125,0.9680378437042236,1.0,0.8215688467025757
041088,0.95703125,0.9576840400695801,0.7039180397987366,0.7149377465248108
041092,0.560546875,0.5898913145065308,0.7653606534004211,0.7450161576271057
041095,0.947998046875,0.953888475894928,0.6841284036636353,0.7833057641983032
041096,0.508056640625,0.5117983222007751,0.5334192514419556,0.6149852275848389
041099,0.219970703125,0.28156793117523193,0.16052241623401642,0.24353627860546112
041100,0.633056640625,0.6383182406425476,0.5128524899482727,0.6157843470573425
041101,0.5757649540901184,0.5800642371177673,0.6966133713722229,0.7630781531333923
041102,0.09375,0.21438151597976685,0.0676867738366127,0.2731756269931793
041105,0.962158203125,0.9625066518783569,0.9625431895256042,0.8903804421424866
041109,0.953369140625,0.9589884877204895,0.6543781161308289,0.7369392514228821
041112,0.508056640625,0.5117709040641785,0.46666663885116577,0.597870945930481
041113,0.9507649540901184,0.9542843103408813,0.6379934549331665,0.5970901846885681
041114,0.701904296875,0.7085027098655701,0.5307213068008423,0.7549581527709961
041115,0.9673665165901184,0.9678008556365967,0.8748590350151062,0.8972229957580566
041116,0.967041015625,0.967556893825531,0.8122885227203369,0.7638424634933472
041117,0.956298828125,0.9603374004364014,0.8195018768310547,0.8818649053573608
041118,0.947998046875,0.9552534222602844,0.5985158681869507,0.8511036038398743
041119,0.3059895932674408,0.35890915989875793,0.5032320022583008,0.7302306890487671
041122,0.556884765625,0.6040716767311096,0.3877114951610565,0.5236733555793762
041125,0.278564453125,0.39966195821762085,0.18509942293167114,0.545150101184845
041126,0.2122395932674408,0.3029719889163971,0.19284793734550476,0.4493778347969055
041127,0.03125,0.06378936767578125,0.02753167226910591,0.06520040333271027
041135,0.531982421875,0.5908749103546143,0.48571667075157166,0.6414567232131958
041136,0.959228515625,0.9597569108009338,0.7631344795227051,0.8997036814689636
041141,0.9668782353401184,0.9674792289733887,0.7810032963752747,0.8522794246673584
041142,0.956298828125,0.9572933912277222,1.0,0.982751727104187
041143,0.0625,0.1915784627199173,0.053640495985746384,0.2129567265510559
041145,0.706298828125,0.7083757519721985,0.871160089969635,0.7233664393424988
041146,0.951904296875,0.9579325318336487,0.8690900206565857,0.9602957963943481
041148,0.943115234375,0.9545295238494873,0.6126077175140381,0.7232416868209839
041149,0.450927734375,0.45575231313705444,0.5321600437164307,0.5767656564712524
041152,0.3599446713924408,0.4135519564151764,0.36623337864875793,0.4995102882385254
041153,0.947998046875,0.9538868069648743,0.6841284036636353,0.8683719038963318
041154,0.580322265625,0.5938234329223633,1.0,0.8651556372642517
041155,0.263671875,0.3675948977470398,0.2660166919231415,0.5640433430671692
041156,0.344482421875,0.3491172790527344,0.7482483983039856,0.7570297122001648
041157,0.374755859375,0.4418862462043762,0.5307213068008423,0.791583776473999
041158,0.956298828125,0.9586430191993713,1.0,0.9418612122535706
041160,0.518798828125,0.565941333770752,0.8046129941940308,0.9418997168540955
041164,0.9668782353401184,0.9673126935958862,0.892719030380249,0.8679583668708801
041165,0.501953125,0.5139064788818359,0.3741941750049591,0.562923014163971
041168,0.959228515625,0.959753155708313,0.8722942471504211,0.8794779777526855
041169,0.9673665165901184,0.9679041504859924,0.8748590350151062,0.842758059501648
041170,0.505615234375,0.5096026062965393,0.5220667123794556,0.5558915138244629
041171,0.947998046875,0.9525010585784912,0.8348100185394287,0.8745694756507874
041175,0.956298828125,0.9593656063079834,0.8195018768310547,0.797864556312561
041176,0.9673665165901184,0.9675602316856384,1.0,0.8759263157844543
041178,0.518798828125,0.5931538939476013,0.3716495931148529,0.6897828578948975
041179,0.510498046875,0.5156198740005493,0.49935534596443176,0.6933987140655518
041182,0.966796875,0.9673232436180115,0.8748388290405273,0.8465203642845154
041184,0.9668782353401184,0.9674063920974731,0.892719030380249,0.8086941838264465
041185,0.9375,0.9523116946220398,0.4692787230014801,0.44763877987861633
041188,0.956298828125,0.9610754251480103,0.8195018768310547,0.9067566990852356
041189,0.939453125,0.9523371458053589,0.489017516374588,0.7233167886734009
041191,0.556884765625,0.5841660499572754,0.5407800078392029,0.5168945789337158
041192,0.951171875,0.9553464651107788,0.6074502468109131,0.5968798995018005
041193,0.9668782353401184,0.9674808382987976,0.892719030380249,0.8470596671104431
041194,0.967041015625,0.9677309989929199,0.8122885227203369,0.866262674331665
041196,0.47265625,0.4783492982387543,0.4784300625324249,0.522462010383606
041197,0.580322265625,0.6065547466278076,0.86592036485672,0.8391607999801636
041198,0.712158203125,0.7125363945960999,0.8569586873054504,0.8524742722511292
041200,0.584228515625,0.584228515625,0.7689103484153748,0.7689103484153748
041201,0.951171875,0.9547250270843506,0.6074502468109131,0.5224426984786987
041202,0.706298828125,0.7081652879714966,0.871160089969635,0.7613042593002319
041203,0.706298828125,0.7094059586524963,0.871160089969635,0.8348164558410645
041204,0.959228515625,0.9597935676574707,0.7631344795227051,0.7931211590766907
041205,0.150390625,0.3337430953979492,0.09050162881612778,0.3502963185310364
041207,0.3599446713924408,0.42780613899230957,0.36623337864875793,0.6258652806282043
041208,0.953369140625,0.9586969614028931,0.912726640701294,0.8932883143424988
041209,0.946533203125,0.9486767649650574,1.0,0.92751145362854
041210,0.706298828125,0.7101715803146362,0.6245770454406738,0.7476761341094971
041213,0.431884765625,0.47880735993385315,0.390377938747406,0.6725868582725525
041214,0.556884765625,0.6101903915405273,0.4431702494621277,0.7004409432411194
041216,0.47265625,0.47265625,0.4222757816314697,0.4222757816314697
041217,0.9673665165901184,0.9674874544143677,1.0,0.7985950112342834
041219,0.966796875,0.9677516222000122,0.7653606534004211,0.8377497792243958
041220,0.9673665165901184,0.9676634073257446,1.0,0.8935385942459106
041221,0.1875,0.256173700094223,0.2886616587638855,0.49737629294395447
041222,0.962158203125,0.9624350666999817,0.9625431895256042,0.8516168594360352
041223,0.531982421875,0.6033860445022583,0.39804574847221375,0.5719655156135559
041225,0.9673665165901184,0.9676182866096497,1.0,0.8829647302627563
041226,0.703369140625,0.7074434161186218,0.7838867902755737,0.8500953912734985
041227,0.951904296875,0.9585586190223694,0.6230928897857666,0.6772252321243286
041229,0.490234375,0.5724967122077942,0.27821314334869385,0.42290958762168884
041230,0.659423828125,0.6627688407897949,0.5918076038360596,0.6490621566772461
041231,0.1875,0.3800635039806366,0.14342738687992096,0.44529715180397034
041232,0.9507649540901184,0.9540308713912964,0.8898733854293823,0.7885178923606873
041233,0.943359375,0.9494475722312927,0.5284951329231262,0.5199763774871826
041234,0.2122395932674408,0.32410621643066406,0.19284793734550476,0.6030639410018921
041235,0.228759765625,0.343476802110672,0.14772342145442963,0.3922099471092224
041239,0.46875,0.4795582592487335,0.29608190059661865,0.4647998809814453
041240,0.1875,0.2266438752412796,0.14342738687992096,0.198182612657547
041241,0.9673665165901184,0.9677592515945435,0.8748590350151062,0.8601136803627014
041242,0.706298828125,0.7110733985900879,0.6245770454406738,0.6188103556632996
041243,0.953369140625,0.9572375416755676,0.7479812502861023,0.696980893611908
041248,0.9375,0.9449632167816162,0.7171369194984436,0.8181554079055786
041252,0.490234375,0.6004688143730164,0.38805168867111206,0.7336574792861938
041255,0.508056640625,0.5151040554046631,0.46666663885116577,0.7338802218437195
041257,0.962158203125,0.9626069664955139,0.8420895934104919,0.8962729573249817
041258,0.556884765625,0.6033119559288025,0.5407800078392029,0.7385104298591614
041259,0.466064453125,0.585422933101654,0.35480669140815735,0.6937199831008911
041261,0.571533203125,0.5795329809188843,0.43686550855636597,0.623590886592865
041262,0.946533203125,0.9527135491371155,0.6577322483062744,0.745575487613678
041263,0.703369140625,0.709058403968811,0.6423966884613037,0.7907457947731018
041264,0.946533203125,0.9530785083770752,0.575423002243042,0.6259680986404419
041265,0.44921875,0.4705047607421875,0.5027986764907837,0.36773502826690674
041267,0.110107421875,0.1824817657470703,0.16497723758220673,0.298846960067749
041268,0.0,0.1622181534767151,0.0,0.19749294221401215
041269,0.962158203125,0.9624684453010559,0.8420895934104919,0.7578727602958679
041270,0.956298828125,0.9565460085868835,1.0,0.9474685788154602
041271,0.968017578125,0.9680545330047607,1.0,0.8970620036125183
041272,0.959228515625,0.9597081542015076,0.8722942471504211,0.8627380728721619
041273,0.968017578125,0.9680670499801636,1.0,0.8667692542076111
041274,0.956298828125,0.9603585600852966,0.8195018768310547,0.9250167012214661
041275,0.466064453125,0.5130441188812256,0.35480669140815735,0.4276488423347473
041276,0.953369140625,0.9593492746353149,0.7479812502861023,0.8801212906837463
041278,0.366455078125,0.37598010897636414,0.3265250623226166,0.49201926589012146
041279,0.499755859375,0.5776554942131042,0.4098700284957886,0.5971455574035645
041280,0.951171875,0.9579738974571228,0.6074502468109131,0.6835638880729675
041281,0.488037109375,0.5732486844062805,0.3265250623226166,0.6336855292320251
041282,0.23046875,0.3332223892211914,0.17581595480442047,0.44117796421051025
041283,0.962158203125,0.9623926281929016,0.9625431895256042,0.867048442363739
041284,0.505615234375,0.5103461742401123,0.5719858407974243,0.6938554644584656
041285,0.48828125,0.48894453048706055,0.5307213068008423,0.6493780612945557
041286,0.956298828125,0.9590525031089783,0.8195018768310547,0.8644132614135742
041287,0.968017578125,0.9680608510971069,1.0,0.9179672002792358
041288,0.263671875,0.387451171875,0.2660166919231415,0.5044708251953125
041289,0.953369140625,0.9581133723258972,0.912726640701294,0.849974513053894
041290,0.146728515625,0.24604883790016174,0.2098969668149948,0.5926703214645386
041291,0.4375,0.5511959791183472,0.2503223121166229,0.5954928994178772
041293,0.659423828125,0.6628276109695435,0.6764605641365051,0.7985274791717529
041295,0.9668782353401184,0.9674293398857117,0.892719030380249,0.9476208686828613
041297,0.388427734375,0.39705634117126465,0.3251410126686096,0.43204522132873535
041298,0.2774251401424408,0.39835110306739807,0.1687147468328476,0.3887113630771637
041299,0.967041015625,0.9675987958908081,0.8122885227203369,0.8103255033493042
041300,0.520263671875,0.5209929943084717,0.5620065331459045,0.6910871863365173
041304,0.940673828125,0.9506701827049255,0.5768473744392395,0.7190353870391846
041305,0.701904296875,0.7098670601844788,0.6066363453865051,0.742638349533081
041306,0.947998046875,0.9531605243682861,0.8348100185394287,0.843664288520813
041309,0.940673828125,0.9513924717903137,0.5046601295471191,0.7394015192985535
041310,0.567138671875,0.6394018530845642,0.37281090021133423,0.6013986468315125
041311,0.953369140625,0.960349977016449,0.6543781161308289,0.7183805108070374
041312,0.712158203125,0.7124461531639099,0.8569586873054504,0.84065181016922
041313,0.531982421875,0.555945098400116,0.48571667075157166,0.41895511746406555
041314,0.34765625,0.35329940915107727,0.3358892798423767,0.3813784122467041
041315,0.9388020634651184,0.9416297078132629,0.48492133617401123,0.4168796241283417
041316,0.968017578125,0.9680770635604858,1.0,0.8933464288711548
041317,0.951171875,0.9588271379470825,0.694340705871582,0.8347828984260559
041318,0.968017578125,0.9680576920509338,1.0,0.8966612219810486
041319,0.300537109375,0.3727317750453949,0.24733662605285645,0.6019425988197327
041322,0.9444172978401184,0.9528992176055908,0.6219719052314758,0.7783119082450867
041323,0.947998046875,0.9518311023712158,0.5985158681869507,0.5861454606056213
041324,0.300537109375,0.37951555848121643,0.24733662605285645,0.6074137091636658
041325,0.432373046875,0.43764621019363403,0.4618985950946808,0.6248592138290405
041327,0.1106770858168602,0.2314809262752533,0.10441335290670395,0.2848166227340698
041329,0.957763671875,0.9581695199012756,0.8271697163581848,0.7398861050605774
041332,0.228759765625,0.34197157621383667,0.14772342145442963,0.4591067135334015
041333,0.633056640625,0.6376707553863525,0.5862115621566772,0.627673864364624
041334,0.580322265625,0.598220944404602,0.86592036485672,0.7837173938751221
041335,0.953369140625,0.9604083299636841,0.6543781161308289,0.8531891107559204
041336,0.9673665165901184,0.9678859114646912,0.8748590350151062,0.872680127620697
041338,0.959228515625,0.9596957564353943,0.7631344795227051,0.7021342515945435
041340,0.943115234375,0.9516305327415466,0.6126077175140381,0.7583407163619995
041341,0.701171875,0.7077702283859253,0.5887562036514282,0.682388961315155
041342,0.967041015625,0.9678142666816711,0.8122885227203369,0.9339997172355652
041343,0.08203125,0.16597098112106323,0.04692786931991577,0.15622878074645996
041344,0.584228515625,0.5847265124320984,0.6245770454406738,0.6223013997077942
041345,0.957763671875,0.9586248397827148,0.7236568927764893,0.9144778251647949
041347,0.943115234375,0.9544901847839355,0.5359453558921814,0.594224214553833
041350,0.304931640625,0.3868854343891144,0.49493172764778137,0.7734748721122742
041352,0.968017578125,0.9680677056312561,1.0,0.8658884167671204
041353,0.3599446713924408,0.3770126700401306,0.8075588941574097,0.8208932876586914
041354,0.9673665165901184,0.9677411317825317,1.0,0.9115923643112183
041355,0.9375,0.9438955187797546,0.5364049673080444,0.5072090029716492
041356,0.9673665165901184,0.9678452610969543,0.8748590350151062,0.865123987197876
041357,0.9375,0.9439438581466675,0.5364049673080444,0.5577414631843567
041358,0.47265625,0.4744415283203125,0.5241767168045044,0.4902120530605316
041363,0.953369140625,0.9582491517066956,0.7479812502861023,0.7750351428985596
041364,0.946533203125,0.9536566138267517,0.8026000261306763,0.8403787612915039
041365,0.263671875,0.37516140937805176,0.21350501477718353,0.4775294065475464
041366,0.951171875,0.9598379731178284,0.6074502468109131,0.7589683532714844
041367,0.9388020634651184,0.9483805298805237,0.48492133617401123,0.5762032270431519
041368,0.619873046875,0.6227832436561584,0.6602633595466614,0.7452239394187927
041369,0.953369140625,0.9570703506469727,0.912726640701294,0.9430043697357178
041374,0.560546875,0.5728060603141785,0.4981783330440521,0.43327245116233826
041375,0.947998046875,0.9485130310058594,0.8348100185394287,0.60666823387146
041378,0.46875,0.48243778944015503,0.29608190059661865,0.5279810428619385
041381,0.701171875,0.7044246196746826,0.7184317708015442,0.758212685585022
041382,0.091796875,0.2683357000350952,0.05832258611917496,0.5130021572113037
041384,0.703369140625,0.7090598940849304,0.6423966884613037,0.7320312857627869
041385,0.9507649540901184,0.9547231197357178,0.7292529344558716,0.7227896451950073
041388,0.712158203125,0.7126067280769348,0.7497180104255676,0.8784813284873962
041390,0.9388020634651184,0.9516021609306335,0.5542851090431213,0.8066964149475098
041393,0.953369140625,0.9590177536010742,0.6543781161308289,0.8424251675605774
041394,0.39453125,0.3991553485393524,0.5199966430664062,0.5510272979736328
041397,0.518798828125,0.5622243285179138,0.4535067081451416,0.5000243782997131
041400,0.365234375,0.365234375,0.7136205434799194,0.6852248907089233
041401,0.9388020634651184,0.9530246257781982,0.48492133617401123,0.6614054441452026
041402,0.943359375,0.9557530283927917,0.5284951329231262,0.8140127658843994
041404,0.962158203125,0.9625253677368164,0.9625431895256042,0.9020079970359802
041405,0.568359375,0.568676769733429,0.5958904027938843,0.5232197046279907
041406,0.9673665165901184,0.9676306247711182,0.8748590350151062,0.7802653908729553
041408,0.47265625,0.5002503395080566,0.5698384642601013,0.5263968110084534
041409,0.959228515625,0.9599993824958801,0.7631344795227051,0.8957523107528687
041411,0.9375,0.9381510615348816,0.9298905730247498,0.9519728422164917
041412,0.951904296875,0.9563756585121155,0.8690900206565857,0.9312348961830139
041414,0.947998046875,0.9500738978385925,0.8348100185394287,0.6320294737815857
041415,0.953369140625,0.9549981951713562,0.7479812502861023,0.5873211026191711
041417,0.703369140625,0.7048196792602539,0.8588406443595886,0.8654501438140869
041418,0.580322265625,0.6220892667770386,0.5636333227157593,0.7395880818367004
041419,0.943115234375,0.9523324966430664,0.6597968339920044,0.8735056519508362
041423,0.488037109375,0.5563256740570068,0.398443341255188,0.6545491218566895
041424,0.48828125,0.4888657033443451,0.6066363453865051,0.6662386655807495
041425,0.633056640625,0.6358418464660645,0.5128524899482727,0.4471595287322998
041426,0.584228515625,0.5849810838699341,0.6245770454406738,0.6370947957038879
041427,0.939453125,0.9510141015052795,0.5589672327041626,0.6864373087882996
041428,0.4375,0.5135672688484192,0.33466389775276184,0.6044398546218872
041430,0.9673665165901184,0.9675949811935425,1.0,0.9486401677131653
041433,0.9673665165901184,0.9678129553794861,0.8748590350151062,0.9252283573150635
041434,0.499755859375,0.6034550070762634,0.4098700284957886,0.6664937734603882
041435,0.951904296875,0.9579576849937439,0.6230928897857666,0.7216750979423523
041436,0.951171875,0.9596762657165527,0.6074502468109131,0.6453642845153809
041437,0.508056640625,0.5134170055389404,0.46666663885116577,0.7415017485618591
041438,0.9668782353401184,0.9677621722221375,0.7810032963752747,0.9029783010482788
041440,0.943115234375,0.9453389644622803,0.9313938021659851,0.8335525989532471
041441,0.953369140625,0.955324649810791,0.912726640701294,0.743340253829956
041442,0.520263671875,0.5207157731056213,0.6423966884613037,0.6920809149742126
041443,0.619873046875,0.6262088418006897,0.5410870313644409,0.76092928647995
041445,0.703369140625,0.7087047100067139,0.6423966884613037,0.725699782371521
041446,0.968017578125,0.9680770635604858,1.0,0.9020467400550842
041447,0.951904296875,0.9590845704078674,0.6230928897857666,0.7191115617752075
041448,0.967041015625,0.9674714207649231,0.8122885227203369,0.774813175201416
041450,0.967041015625,0.9675288796424866,0.8122885227203369,0.7880837321281433
041451,0.197998046875,0.3486103415489197,0.15708759427070618,0.4950604736804962
041452,0.701171875,0.7043027281761169,0.7871269583702087,0.7808260917663574
041455,0.9673665165901184,0.967510998249054,0.8748590350151062,0.7431158423423767
041456,0.365234375,0.4208727478981018,0.3236317038536072,0.38103359937667847
041457,0.9673665165901184,0.9677698016166687,0.8748590350151062,0.843435525894165
041458,0.9668782353401184,0.9674289226531982,0.7810032963752747,0.8712436556816101
041460,0.939453125,0.9439544677734375,0.5589672327041626,0.5272871851921082
041463,0.968017578125,0.9680702686309814,1.0,0.8116209506988525
041464,0.967041015625,0.9674378037452698,0.8122885227203369,0.7204356789588928
041465,0.584228515625,0.5849809050559998,0.6245770454406738,0.5938038229942322
041467,0.571533203125,0.5780404806137085,0.43686550855636597,0.4613879919052124
041469,0.34765625,0.3578709661960602,0.293855756521225,0.4862712025642395
041470,0.567138671875,0.5893135666847229,0.37281090021133423,0.35584452748298645
041471,0.5757649540901184,0.5778734087944031,0.5708760023117065,0.4714926481246948
041472,0.3599446713924408,0.4274037778377533,0.3001289367675781,0.40283530950546265
041473,0.959228515625,0.9598475694656372,0.7631344795227051,0.6917507648468018
041475,0.23828125,0.36713743209838867,0.14078360795974731,0.40916433930397034
041476,0.344482421875,0.416987806558609,0.2789551615715027,0.6207662224769592
041477,0.51953125,0.5737249851226807,0.3284950852394104,0.4469422996044159
041478,0.32421875,0.3360586166381836,0.25437816977500916,0.3919221758842468
041479,0.09375,0.22869756817817688,0.05921638384461403,0.20263142883777618
041482,0.968017578125,0.9680485725402832,1.0,0.696292519569397
041483,0.956298828125,0.9596861004829407,0.7169486284255981,0.8083045482635498
041486,0.9673665165901184,0.9675665497779846,0.8748590350151062,0.6845213770866394
041488,0.32421875,0.33233004808425903,0.25437816977500916,0.3762238323688507
041489,0.469970703125,0.4705808460712433,0.3877114951610565,0.251402348279953
041490,0.9673665165901184,0.9678970575332642,0.8748590350151062,0.9382121562957764
041492,0.567138671875,0.6130297780036926,0.5199966430664062,0.7575650811195374
041493,0.706298828125,0.7110152244567871,0.7139173746109009,0.7692962884902954
041494,0.323974609375,0.40813490748405457,0.2550044059753418,0.4580587148666382
041498,0.712158203125,0.7125985622406006,0.7497180104255676,0.820196807384491
041499,0.968017578125,0.9680458903312683,1.0,0.9540935754776001
041500,0.968017578125,0.9680421352386475,1.0,0.8526334762573242
041501,0.584228515625,0.5846455693244934,0.7139173746109009,0.7929219007492065
041502,0.9507649540901184,0.9565658569335938,0.7292529344558716,0.7965149879455566
041503,0.962158203125,0.9626137614250183,0.8420895934104919,0.923494815826416
041505,0.567138671875,0.5717735290527344,0.5199966430664062,0.42614397406578064
041509,0.300537109375,0.36368435621261597,0.24733662605285645,0.5321838855743408
041510,0.3599446713924408,0.4279060959815979,0.26257050037384033,0.48057055473327637
041511,0.94140625,0.9488561749458313,0.7200049757957458,0.6321927309036255
041512,0.95703125,0.9579745531082153,0.7039180397987366,0.6616219282150269
041513,0.967041015625,0.9678071141242981,0.8122885227203369,0.8700233101844788
041514,0.956298828125,0.9587369561195374,0.8195018768310547,0.6830533146858215
041515,0.946533203125,0.9527395367622375,0.575423002243042,0.6059135794639587
041516,0.9668782353401184,0.9677652716636658,0.7810032963752747,0.9499520659446716
041517,0.968017578125,0.9680565595626831,1.0,0.8163485527038574
041519,0.968017578125,0.9680570960044861,1.0,0.9074260592460632
041520,0.943115234375,0.9484148621559143,0.7475366592407227,0.7595950961112976
041521,0.261474609375,0.30321264266967773,0.49493172764778137,0.5934675335884094
041522,0.03125,0.08251953125,0.04229741916060448,0.17108267545700073
041524,0.956298828125,0.9603095650672913,0.8195018768310547,0.8509684801101685
041525,0.300537109375,0.3464069068431854,0.24733662605285645,0.3181423544883728
041527,0.568359375,0.5778840184211731,0.3899376392364502,0.4863035976886749
041529,0.0625,0.20616313815116882,0.04692786931991577,0.2856022119522095
041530,0.947998046875,0.9526599645614624,0.5985158681869507,0.6333204507827759
041531,0.951171875,0.9577382802963257,0.694340705871582,0.8602257966995239
041534,0.9375,0.9407579302787781,0.5364049673080444,0.4360320270061493
041535,0.701904296875,0.7064172625541687,0.7402501106262207,0.8582518100738525
041536,0.5757649540901184,0.5791864991188049,0.6966133713722229,0.7264956831932068
041537,0.956298828125,0.9585369229316711,1.0,0.9729344844818115
041538,0.0,0.1666727066040039,0.0,0.32902589440345764
041540,0.706298828125,0.711134672164917,0.6245770454406738,0.7661634087562561
041543,0.503173828125,0.5122195482254028,0.3920743465423584,0.5587534308433533
041544,0.0,0.16796875,0.0,0.26928195357322693
041545,0.556884765625,0.6067959666252136,0.4431702494621277,0.5215728282928467
041546,0.14453125,0.27605918049812317,0.14805001020431519,0.43443915247917175
041547,0.4375,0.4959172308444977,0.2503223121166229,0.33583173155784607
041548,0.9466145634651184,0.9486787915229797,0.8072783350944519,0.6607303023338318
041549,0.94140625,0.9518374800682068,0.5162065625190735,0.7072986364364624
041550,0.962158203125,0.9626917243003845,0.8420895934104919,0.9510528445243835
041552,0.946533203125,0.9520089626312256,0.7083972692489624,0.8546193242073059
041555,0.633056640625,0.6380667090415955,0.5862115621566772,0.6823159456253052
041556,0.967041015625,0.9675463438034058,0.8122885227203369,0.7770913243293762
041557,0.943359375,0.9544525742530823,0.6040917634963989,0.8037139773368835
041560,0.584228515625,0.5846863985061646,0.6245770454406738,0.6143654584884644
041561,0.9507649540901184,0.9550628662109375,0.8898733854293823,0.8100756406784058
041562,0.659423828125,0.6628794074058533,0.6764605641365051,0.7439206838607788
041565,0.150390625,0.3179239332675934,0.09050162881612778,0.5243664979934692
041567,0.959228515625,0.9598218202590942,0.7631344795227051,0.8219215869903564
041569,0.560546875,0.6125901937484741,0.3571682572364807,0.5098570585250854
041570,0.571533203125,0.5734672546386719,0.6676040887832642,0.6430255174636841
041571,0.703369140625,0.706109344959259,0.6423966884613037,0.5989996790885925
041572,0.701171875,0.7077358961105347,0.5887562036514282,0.7370895147323608
041575,0.4778645932674408,0.48632434010505676,0.4635950028896332,0.6227341294288635
041576,0.490234375,0.5020767450332642,0.8556691408157349,0.9317665696144104
041577,0.951171875,0.9552230834960938,0.8472716808319092,0.841283917427063
041578,0.939453125,0.9424285888671875,0.8987017273902893,0.9662635326385498
041580,0.9507649540901184,0.9577242732048035,0.6379934549331665,0.7815943360328674
041581,0.956298828125,0.9569805264472961,0.8195018768310547,0.6502711176872253
041582,0.2044270783662796,0.3470805287361145,0.12516115605831146,0.4999379515647888
041583,0.951171875,0.9595779180526733,0.6074502468109131,0.627065896987915
041585,0.943359375,0.9455502033233643,0.8076295852661133,0.7882513403892517
041587,0.968017578125,0.9680576324462891,1.0,0.9318530559539795
041588,0.9673665165901184,0.9678453803062439,0.8748590350151062,0.9224614500999451
041589,0.967041015625,0.967415452003479,0.9284793138504028,0.8097773194313049
041590,0.9668782353401184,0.9671121835708618,0.892719030380249,0.7064732313156128
041591,0.953369140625,0.9602817296981812,0.6543781161308289,0.7591866850852966
041592,0.967041015625,0.9674372673034668,0.8122885227203369,0.768813967704773
041593,0.953369140625,0.958022952079773,0.7479812502861023,0.8122007846832275
041594,0.499755859375,0.5321837663650513,0.4098700284957886,0.3790530860424042
041595,0.9466145634651184,0.9479328989982605,0.8072783350944519,0.7749806642532349
041596,0.393798828125,0.4488295316696167,0.38908666372299194,0.594079315662384
041597,0.450927734375,0.4599304795265198,0.39804574847221375,0.5893154740333557
041599,0.946533203125,0.9540733695030212,0.6577322483062744,0.8159441947937012
041600,0.260498046875,0.2833305895328522,0.24530528485774994,0.27019739151000977
041602,0.967041015625,0.9672608971595764,0.9284793138504028,0.9405067563056946
041603,0.44140625,0.4506976902484894,0.3754834830760956,0.5653089284896851
041604,0.61328125,0.6219112873077393,0.4536360800266266,0.7133802175521851
041606,0.556884765625,0.6069681644439697,0.4431702494621277,0.582834005355835
041607,0.469970703125,0.47716453671455383,0.3877114951610565,0.5610961318016052
041608,0.23828125,0.29372406005859375,0.19636499881744385,0.25623223185539246
041611,0.939453125,0.9412841796875,0.5589672327041626,0.4406932294368744
041612,0.966796875,0.9675066471099854,0.7653606534004211,0.8060696721076965
041613,0.959228515625,0.9598205089569092,0.7631344795227051,0.7500673532485962
041614,0.953369140625,0.9577575325965881,0.6543781161308289,0.6201593279838562
041616,0.08203125,0.24309349060058594,0.04692786931991577,0.320107638835907
041617,0.94140625,0.943989634513855,0.8970906734466553,0.7688959836959839
041618,0.5757649540901184,0.579748272895813,0.49943602085113525,0.436890184879303
041619,0.30078125,0.37518614530563354,0.28309693932533264,0.42074939608573914
041620,0.267578125,0.30602169036865234,0.5211794376373291,0.7134926915168762
041621,0.9444172978401184,0.9526206254959106,0.544137716293335,0.556507408618927
041622,0.9466145634651184,0.9530473947525024,0.5787770748138428,0.5924391150474548
041623,0.619873046875,0.621962308883667,0.6602633595466614,0.6067655682563782
041624,0.967041015625,0.9676823019981384,0.8122885227203369,0.7788735032081604
041626,0.365234375,0.45560556650161743,0.23202729225158691,0.638948917388916
041627,0.951904296875,0.954958438873291,0.7122209072113037,0.6123132705688477
041628,0.606689453125,0.6295885443687439,0.5334192514419556,0.5585123300552368
041629,0.556884765625,0.599380373954773,0.4431702494621277,0.5836811065673828
041632,0.9444172978401184,0.9520047903060913,0.544137716293335,0.567363977432251
041633,0.943359375,0.9447810053825378,0.5284951329231262,0.418207585811615
041634,0.94140625,0.9479065537452698,0.7200049757957458,0.6667760610580444
041637,0.966796875,0.9674303531646729,0.7653606534004211,0.8372491598129272
041639,0.490234375,0.5364825129508972,0.5961710214614868,0.643092691898346
041640,0.300537109375,0.3721131384372711,0.2163846641778946,0.5299704074859619
041641,0.366455078125,0.3755391240119934,0.2856633961200714,0.3888428509235382
041642,0.659423828125,0.6629136800765991,0.6764605641365051,0.7108056545257568
041643,0.3599446713924408,0.44125428795814514,0.3001289367675781,0.6433730721473694
041644,0.47265625,0.48240914940834045,0.3920743465423584,0.6583334803581238
041645,0.580322265625,0.6278074979782104,0.4618985950946808,0.5965253710746765
041646,0.956298828125,0.9603103399276733,0.7169486284255981,0.7193281650543213
041650,0.633056640625,0.6382663249969482,0.5862115621566772,0.6810528635978699
041651,0.490234375,0.490234375,0.38805168867111206,0.3673410415649414
041653,0.571533203125,0.5762494206428528,0.6093400716781616,0.6383480429649353
041654,0.956298828125,0.956298828125,0.8195018768310547,0.6353212594985962
041656,0.95703125,0.9576942920684814,0.7039180397987366,0.8313923478126526
041658,0.946533203125,0.953849732875824,0.575423002243042,0.6847642660140991
041659,0.505615234375,0.5170174837112427,0.4607907235622406,0.6976807713508606
041662,0.469970703125,0.47904279828071594,0.3877114951610565,0.6883181929588318
041664,0.432373046875,0.4382176399230957,0.5636333227157593,0.6780807375907898
041666,0.947998046875,0.9530766010284424,0.6841284036636353,0.7687258124351501
041668,0.9507649540901184,0.9523918032646179,0.7292529344558716,0.5968582034111023
041669,0.9507649540901184,0.956998348236084,0.6379934549331665,0.7057835459709167
041670,0.951904296875,0.957698404788971,0.8690900206565857,0.9294309616088867
041671,0.946533203125,0.9524919986724854,0.6577322483062744,0.7233421206474304
041676,0.967041015625,0.9674739837646484,0.9284793138504028,0.8972830772399902
041677,0.531982421875,0.5964356064796448,0.3482339084148407,0.5340531468391418
041678,0.9507649540901184,0.9565987586975098,0.7292529344558716,0.8566406965255737
041682,0.706298828125,0.7110114097595215,0.7139173746109009,0.8628460764884949
041683,0.580322265625,0.6213272213935852,0.86592036485672,0.901832103729248
041685,0.953369140625,0.9566972851753235,0.7479812502861023,0.7150528430938721
041686,0.968017578125,0.9680365920066833,1.0,0.903885006904602
041687,0.966796875,0.9671821594238281,0.7653606534004211,0.6755611300468445
041688,0.966796875,0.9672557711601257,0.7653606534004211,0.7539434432983398
041689,0.606689453125,0.6220598220825195,1.0,0.9966059327125549
041690,0.03125,0.18883001804351807,0.02753167226910591,0.37281396985054016
041691,0.951904296875,0.9600268006324768,0.6230928897857666,0.818290650844574
041693,0.953369140625,0.9580923318862915,0.7479812502861023,0.7423709630966187
041694,0.228759765625,0.2622337341308594,0.3198178708553314,0.3376973569393158
041695,0.300537109375,0.4026246666908264,0.24733662605285645,0.4355899691581726
041696,0.95703125,0.95770263671875,0.7039180397987366,0.6275345087051392
041697,0.703369140625,0.7081259489059448,0.6423966884613037,0.6679145097732544
041698,0.25390625,0.36461561918258667,0.21157628297805786,0.5491024255752563
041700,0.659423828125,0.662656843662262,0.6764605641365051,0.7723065614700317
041702,0.939453125,0.9447700381278992,0.6820816993713379,0.5977219343185425
041703,0.951171875,0.9565737247467041,0.8472716808319092,0.8061005473136902
041704,0.9673665165901184,0.967774510383606,0.8748590350151062,0.8473795652389526
041706,0.951904296875,0.957926869392395,0.7122209072113037,0.7893555760383606
041708,0.488037109375,0.5700379014015198,0.3265250623226166,0.5484858155250549
041710,0.466064453125,0.5746650099754333,0.25437816977500916,0.5887535810470581
041711,0.968017578125,0.9680610299110413,1.0,0.9190963506698608
041714,0.962158203125,0.9625279903411865,0.8420895934104919,0.8704702258110046
041715,0.9507649540901184,0.9565718173980713,0.6379934549331665,0.7126071453094482
041716,0.619873046875,0.6225658655166626,0.5410870313644409,0.4393005967140198
041717,0.9668782353401184,0.9674332141876221,0.892719030380249,0.9616529941558838
041718,0.304931640625,0.304931640625,1.0,1.0
041719,0.9673665165901184,0.9677818417549133,1.0,0.9488416314125061
041722,0.953369140625,0.9587722420692444,0.7479812502861023,0.8733838200569153
041723,0.9668782353401184,0.9675309062004089,0.892719030380249,0.9317103624343872
041725,0.61328125,0.618452787399292,0.6327316761016846,0.7003986835479736
041726,0.556884765625,0.6177506446838379,0.5407800078392029,0.706088125705719
041728,0.962158203125,0.9626910090446472,0.8420895934104919,0.8821516036987305
041730,0.951171875,0.952880859375,0.8472716808319092,0.9392232894897461
041732,0.939453125,0.9489854574203491,0.5589672327041626,0.8068774938583374
041733,0.2044270783662796,0.39057740569114685,0.12516115605831146,0.5193305611610413
041734,0.44140625,0.44140625,0.570875883102417,0.5231252908706665
041735,0.261474609375,0.3293898105621338,0.22860826551914215,0.4375084936618805
041736,0.94140625,0.9474166631698608,0.5162065625190735,0.5429548621177673
041737,0.44921875,0.5381993055343628,0.2682024836540222,0.42424076795578003
041738,0.951904296875,0.9575701355934143,0.8690900206565857,0.895358681678772
041739,0.14453125,0.2624809443950653,0.14805001020431519,0.5107341408729553
041740,0.9673665165901184,0.9677950143814087,0.8748590350151062,0.8127743005752563
041742,0.962158203125,0.9625388383865356,0.8420895934104919,0.8028126358985901
041743,0.5757649540901184,0.5820257067680359,0.49943602085113525,0.7196135520935059
041745,0.455078125,0.5569822788238525,0.33298835158348083,0.6070194840431213
041746,0.431884765625,0.4757663905620575,0.4763599932193756,0.5879307985305786
041747,0.304931640625,0.3930097222328186,0.22860826551914215,0.40967386960983276
041748,0.0625,0.1513671875,0.06545499712228775,0.18093976378440857
041750,0.556884765625,0.6182746291160583,0.5407800078392029,0.7397934198379517
041754,0.633056640625,0.6386101245880127,0.5862115621566772,0.6598944067955017
041755,0.510498046875,0.5164927244186401,0.6093400716781616,0.6643325090408325
041756,0.703369140625,0.7092775106430054,0.5620065331459045,0.7732656002044678
041758,0.44921875,0.5091766119003296,0.23463936150074005,0.2890454828739166
041759,0.03125,0.18833047151565552,0.02753167226910591,0.31703102588653564
041760,0.956298828125,0.9610928893089294,0.7169486284255981,0.7952340841293335
041764,0.9673665165901184,0.9676825404167175,0.8748590350151062,0.8211115002632141
041767,0.2774251401424408,0.4244243800640106,0.20770297944545746,0.43308064341545105
041768,0.508056640625,0.5099200010299683,0.6509066820144653,0.6389093399047852
041769,0.956298828125,0.9597074389457703,0.7169486284255981,0.7701337337493896
041770,0.939453125,0.9483180046081543,0.6820816993713379,0.8642202019691467
041771,0.580322265625,0.6428226232528687,0.4040961265563965,0.664867103099823
041772,0.951171875,0.9580455422401428,0.6074502468109131,0.8073062300682068
041774,0.962158203125,0.9626373648643494,0.8420895934104919,0.9288268089294434
041775,0.150390625,0.3057509660720825,0.09050162881612778,0.34274423122406006
041779,0.943359375,0.955573320388794,0.5284951329231262,0.6603142023086548
041780,0.388427734375,0.39979037642478943,0.3251410126686096,0.4422978162765503
041784,0.44140625,0.44708147644996643,0.45818498730659485,0.545841634273529
041785,0.967041015625,0.967510998249054,0.9284793138504028,0.8862932324409485
041786,0.4375,0.5268620252609253,0.30545666813850403,0.453646183013916
041787,0.490234375,0.490234375,0.9467676877975464,0.9467676877975464
041789,0.94140625,0.9488714933395386,0.5162065625190735,0.5641168355941772
041790,0.966796875,0.9675067067146301,0.7653606534004211,0.8717261552810669
041791,0.951904296875,0.9535064697265625,0.8690900206565857,0.943313717842102
041792,0.560546875,0.57537841796875,0.8838695287704468,0.894429624080658
041793,0.16796875,0.2944701313972473,0.18026001751422882,0.5669940114021301
041794,0.968017578125,0.9680686593055725,1.0,0.9355292916297913
041795,0.962158203125,0.9623386263847351,0.9625431895256042,0.8212195634841919
041796,0.571533203125,0.5815563797950745,0.43686550855636597,0.6733666062355042
041798,0.962158203125,0.9624881744384766,0.8420895934104919,0.7571443915367126
041800,0.962158203125,0.9624993801116943,0.8420895934104919,0.7854688763618469
041801,0.9668782353401184,0.9676077961921692,0.7810032963752747,0.7268532514572144
041802,0.606689453125,0.650588870048523,0.46666663885116577,0.8230491876602173
041803,0.957763671875,0.9584936499595642,0.7236568927764893,0.8567051887512207
041804,0.2774251401424408,0.42669063806533813,0.257824569940567,0.6727358102798462
041807,0.951904296875,0.9582659602165222,0.6230928897857666,0.6555091142654419
041810,0.956298828125,0.9589731097221375,1.0,0.9806126356124878
041812,0.940673828125,0.9540792107582092,0.5046601295471191,0.7328321933746338
041814,0.706298828125,0.7092269062995911,0.6245770454406738,0.6693667769432068
041815,0.219970703125,0.308818519115448,0.18348374962806702,0.519781231880188
041816,0.9444172978401184,0.9503366351127625,0.544137716293335,0.5149236917495728
041817,0.957763671875,0.9582661390304565,0.7236568927764893,0.6712773442268372
041818,0.146728515625,0.2924093008041382,0.11196307837963104,0.4495547413825989
041819,0.951171875,0.9576758742332458,0.8472716808319092,0.8676711916923523
041820,0.712158203125,0.7123687267303467,0.8569586873054504,0.6765295267105103
041821,0.260498046875,0.3578522205352783,0.397238165140152,0.682701051235199
041823,0.956298828125,0.9601384401321411,0.7169486284255981,0.6189225316047668
041825,0.968017578125,0.9680594205856323,1.0,0.8312704563140869
041829,0.633056640625,0.639220118522644,0.5862115621566772,0.7449056506156921
041830,0.466064453125,0.5857815146446228,0.2907647490501404,0.5552576780319214
041831,0.967041015625,0.9678078293800354,0.8122885227203369,0.7929970622062683
041832,0.9375,0.9447988867759705,0.5364049673080444,0.544938862323761
041833,0.9673665165901184,0.9676640033721924,0.8748590350151062,0.7654008269309998
041834,0.9375,0.9475399851799011,0.6545500159263611,0.6521468758583069
041835,0.947998046875,0.9516302943229675,0.8348100185394287,0.7716861367225647
041836,0.431884765625,0.4936080574989319,0.390377938747406,0.5483182668685913
041837,0.953369140625,0.9603561162948608,0.6543781161308289,0.827972412109375
041838,0.953369140625,0.959121823310852,0.7479812502861023,0.8102856278419495
041841,0.968017578125,0.9680773019790649,1.0,0.9207983613014221
041842,0.9375,0.9496045112609863,0.5364049673080444,0.644774854183197
041843,0.567138671875,0.6236706376075745,0.5199966430664062,0.7388998866081238
041845,0.47265625,0.5020321607589722,0.5698384642601013,0.5332608819007874
041846,0.39453125,0.3976074159145355,0.5199966430664062,0.6263915300369263
041847,0.957763671875,0.9584273099899292,0.7236568927764893,0.8433190584182739
041850,0.951904296875,0.9569463729858398,0.6230928897857666,0.7431421875953674
041851,0.393798828125,0.47508975863456726,0.31885725259780884,0.6134051084518433
041853,0.450927734375,0.4594177007675171,0.39804574847221375,0.5347272753715515
041854,0.946533203125,0.9547725915908813,0.575423002243042,0.7945965528488159
041856,0.946533203125,0.9507949948310852,0.8793432712554932,0.9420022964477539
041859,0.432373046875,0.43715721368789673,0.5636333227157593,0.6468418836593628
041860,0.703369140625,0.7069917321205139,0.7838867902755737,0.6955881118774414
041861,0.9444172978401184,0.9530168175697327,0.7589633464813232,0.8298035860061646
041862,0.957763671875,0.9583685994148254,0.8271697163581848,0.7475587725639343
041863,0.712158203125,0.7123107314109802,0.8569586873054504,0.8367389440536499
041864,0.531982421875,0.5920009613037109,0.48571667075157166,0.7313874363899231
041865,0.9668782353401184,0.9673531651496887,0.892719030380249,0.8967846035957336
041866,0.967041015625,0.9674299359321594,0.9284793138504028,0.890862226486206
041868,0.260498046875,0.4106033146381378,0.22389668226242065,0.6454781889915466
041869,0.08984375,0.19070462882518768,0.09298666566610336,0.3488016128540039
041870,0.951904296875,0.9573594331741333,0.8690900206565857,0.8527389764785767
041871,0.51953125,0.5957486033439636,0.45818498730659485,0.667486846446991
041872,0.939453125,0.9459415078163147,0.6820816993713379,0.6661286354064941
041873,0.959228515625,0.9594950675964355,0.8722942471504211,0.8876984715461731
041874,0.953369140625,0.9543839693069458,0.912726640701294,0.7255685329437256
041877,0.968017578125,0.9680389165878296,1.0,0.9912298917770386
041879,0.962158203125,0.96244877576828,0.9625431895256042,0.9631794095039368
041880,0.9375,0.9375,0.7171369194984436,0.7026687264442444
041881,0.968017578125,0.9680644273757935,1.0,0.9673349261283875
041883,0.966796875,0.967552661895752,0.7653606534004211,0.7892296314239502
041884,0.703369140625,0.708329975605011,0.5620065331459045,0.5497578382492065
041886,0.951904296875,0.956174373626709,0.8690900206565857,0.9158748388290405
041887,0.263671875,0.42502444982528687,0.15307211875915527,0.4313275218009949
041888,0.365234375,0.4327230751514435,0.26521679759025574,0.3576737940311432
041889,0.531982421875,0.5734512209892273,0.48571667075157166,0.5136722922325134
041893,0.953369140625,0.9576975703239441,0.6543781161308289,0.6606748104095459
041894,0.520263671875,0.5209532380104065,0.6423966884613037,0.7156873941421509
041895,0.947998046875,0.9538553357124329,0.5985158681869507,0.8004889488220215
041896,0.9444172978401184,0.951954185962677,0.544137716293335,0.616111159324646
041897,0.9507649540901184,0.9551033973693848,0.8898733854293823,0.8774018883705139
041899,0.0625,0.2692202925682068,0.03576033189892769,0.49748384952545166
041901,0.94140625,0.9468442797660828,0.7200049757957458,0.7422096729278564
041902,0.943115234375,0.9516107439994812,0.6126077175140381,0.7263535261154175
041904,0.953369140625,0.9586906433105469,0.6543781161308289,0.7716455459594727
041905,0.9673665165901184,0.9674457907676697,1.0,0.9775679111480713
041906,0.2774251401424408,0.42288193106651306,0.1687147468328476,0.3225097954273224
041907,0.365234375,0.36809080839157104,0.35457679629325867,0.3545394241809845
041909,0.701171875,0.7038909792900085,0.7871269583702087,0.8517686724662781
041910,0.967041015625,0.9675230979919434,0.9284793138504028,0.9705478549003601
041911,0.701904296875,0.7044534683227539,0.8110315203666687,0.8593140244483948
041912,0.518798828125,0.5746658444404602,0.3251410126686096,0.43217766284942627
041913,0.3599446713924408,0.40708717703819275,0.6497723460197449,0.8117684125900269
041914,0.1875,0.1875,0.4692787230014801,0.39038002490997314
041916,0.508056640625,0.5119480490684509,0.6509066820144653,0.7273796796798706
041918,0.9668782353401184,0.9677644968032837,0.7810032963752747,0.8434504866600037
041919,0.967041015625,0.9676618576049805,0.8122885227203369,0.8842323422431946
041920,0.9375,0.9527810215950012,0.4692787230014801,0.7026700377464294
041922,0.490234375,0.5572185516357422,0.5961710214614868,0.7918622493743896
041923,0.703369140625,0.7103699445724487,0.5620065331459045,0.7878791689872742
041924,0.556884765625,0.5872122049331665,0.8308104276657104,0.9437905550003052
041925,0.9673665165901184,0.9677000045776367,0.8748590350151062,0.8369660973548889
041927,0.9673665165901184,0.9676145911216736,1.0,0.7583715915679932
041929,0.365234375,0.4400300979614258,0.26521679759025574,0.510150671005249
041930,0.0,0.008928571827709675,0.0,0.03548821434378624
041931,0.450927734375,0.4624364376068115,0.3482339084148407,0.5245055556297302
041932,0.967041015625,0.9674123525619507,0.8122885227203369,0.6903308033943176
041933,0.956298828125,0.9602855443954468,0.8195018768310547,0.9169161915779114
041935,0.703369140625,0.7038154602050781,0.8588406443595886,0.8616885542869568
041936,0.953369140625,0.9564223289489746,0.7479812502861023,0.6502348780632019
041937,0.962158203125,0.9626891016960144,0.8420895934104919,0.8726842403411865
041938,0.580322265625,0.6307699680328369,0.4618985950946808,0.5854393839836121
041939,0.267578125,0.3758886754512787,0.16945679485797882,0.528499960899353
041942,0.703369140625,0.7077688574790955,0.7838867902755737,0.8392793536186218
041943,0.957763671875,0.9581534266471863,0.7236568927764893,0.6401832103729248
041944,0.568359375,0.5751252770423889,0.5438850522041321,0.5381791591644287
041945,0.393798828125,0.4430128037929535,0.31885725259780884,0.36924487352371216
041947,0.9668782353401184,0.967462956905365,0.892719030380249,0.9382936358451843
041948,0.9673665165901184,0.9678958654403687,0.8748590350151062,0.8778858780860901
041951,0.703369140625,0.7082639932632446,0.6423966884613037,0.8001160025596619
041952,0.701171875,0.7072061896324158,0.5887562036514282,0.7068372964859009
041953,0.953369140625,0.9587373733520508,0.7479812502861023,0.7653913497924805
041954,0.968017578125,0.9680532813072205,1.0,0.9144420027732849
041955,0.968017578125,0.9680643677711487,1.0,0.9914986491203308
041956,0.968017578125,0.968055009841919,1.0,0.8978068232536316
041957,0.9673665165901184,0.967797577381134,0.8748590350151062,0.8757612109184265
041958,0.962158203125,0.9626819491386414,0.8420895934104919,0.8737713098526001
041960,0.9507649540901184,0.9551328420639038,0.7292529344558716,0.7228381633758545
041961,0.946533203125,0.9538383483886719,0.575423002243042,0.6691357493400574
041962,0.966796875,0.9674758911132812,0.7653606534004211,0.7200568318367004
041963,0.571533203125,0.5797205567359924,0.49935534596443176,0.7453852891921997
041966,0.966796875,0.9676518440246582,0.7653606534004211,0.8497954607009888
041968,0.967041015625,0.9671600461006165,0.8122885227203369,0.7726442217826843
041969,0.967041015625,0.9676050543785095,0.9284793138504028,0.864837110042572
041973,0.520263671875,0.521146833896637,0.5620065331459045,0.6874219179153442
041974,0.3125,0.31591796875,0.2682024836540222,0.3419046700000763
041977,0.3599446713924408,0.4173163175582886,0.36623337864875793,0.5701510906219482
041978,0.95703125,0.9577902555465698,0.7039180397987366,0.7757023572921753
041981,0.9673665165901184,0.9676980376243591,0.8748590350151062,0.8561131954193115
041984,0.21875,0.32600417733192444,0.19272169470787048,0.5237218737602234
041985,0.9673665165901184,0.9677689671516418,0.8748590350151062,0.7202335596084595
041986,0.968017578125,0.9680560827255249,1.0,0.903289794921875
041987,0.701904296875,0.7039642333984375,0.7402501106262207,0.7234183549880981
041989,0.9375,0.9457036852836609,0.6545500159263611,0.7143641710281372
041990,0.959228515625,0.9595264196395874,0.7631344795227051,0.6799855828285217
041992,0.03125,0.05078125,0.022562257945537567,0.04931575432419777
041994,0.940673828125,0.9495787620544434,0.5046601295471191,0.6500426530838013
041995,0.567138671875,0.5962480306625366,0.7988805174827576,0.9174758195877075
041997,0.556884765625,0.5914267301559448,0.4431702494621277,0.4744699001312256
041998,0.951904296875,0.9600355625152588,0.6230928897857666,0.7981669306755066
042001,0.0625,0.1046142578125,0.09622055292129517,0.2229461967945099
042004,0.12109375,0.2719740867614746,0.08940082788467407,0.3937358558177948
042005,0.943115234375,0.9494223594665527,0.7475366592407227,0.775581419467926
042009,0.166259765625,0.2620979845523834,0.22745199501514435,0.43006813526153564
042011,0.968017578125,0.9680506587028503,1.0,0.9020978808403015
042014,0.968017578125,0.9680439829826355,1.0,0.8667229413986206
042015,0.947998046875,0.9549441933631897,0.5985158681869507,0.8739652037620544
042016,0.967041015625,0.9674911499023438,0.9284793138504028,0.9828330278396606
042017,0.959228515625,0.9599969387054443,0.7631344795227051,0.8069701194763184
042019,0.940673828125,0.9490451216697693,0.5768473744392395,0.6362890005111694
042024,0.619873046875,0.6261832118034363,0.4733748733997345,0.5755782723426819
042025,0.267578125,0.39654117822647095,0.19369612634181976,0.4750078320503235
042027,0.21875,0.3120865821838379,0.15793579816818237,0.3557284474372864
042029,0.4778645932674408,0.48554980754852295,0.4055802822113037,0.6261398792266846
042033,0.968017578125,0.9680626392364502,1.0,0.9543711543083191
042034,0.580322265625,0.6299978494644165,0.5636333227157593,0.7626628279685974
042036,0.946533203125,0.9521719217300415,0.6577322483062744,0.6992778778076172
042038,0.968017578125,0.9680657982826233,1.0,0.94790118932724
042039,0.712158203125,0.7124255895614624,0.7497180104255676,0.6309443116188049
042040,0.508056640625,0.5129050016403198,0.6509066820144653,0.7034024596214294
042041,0.197998046875,0.3483068645000458,0.13742950558662415,0.39072901010513306
042043,0.943115234375,0.9515617489814758,0.5359453558921814,0.6493918895721436
042045,0.962158203125,0.9624620676040649,0.8420895934104919,0.6153604984283447
042047,0.9673665165901184,0.9678919911384583,0.8748590350151062,0.8662706613540649
042048,0.9673665165901184,0.9676029086112976,0.8748590350151062,0.7372506260871887
042049,0.568359375,0.58039391040802,0.4457148313522339,0.5378071665763855
042051,0.962158203125,0.9625554084777832,0.9625431895256042,0.9288167953491211
042052,0.947998046875,0.9493756294250488,0.9146330952644348,0.8206163048744202
042054,0.9466145634651184,0.9519405961036682,0.6615661382675171,0.7131447792053223
042055,0.9466145634651184,0.9539070129394531,0.5787770748138428,0.7823522686958313
042057,0.0625,0.21582317352294922,0.06545499712228775,0.45141246914863586
042058,0.344482421875,0.3877962827682495,0.5977610945701599,0.7884485125541687
042059,0.659423828125,0.6616030931472778,0.6764605641365051,0.6333296895027161
042060,0.197998046875,0.29457351565361023,0.15708759427070618,0.2975216209888458
042062,0.508056640625,0.5123816728591919,0.6509066820144653,0.6599782705307007
042063,0.633056640625,0.6380656957626343,0.715326726436615,0.8311194181442261
042064,0.9375,0.944775402545929,0.6545500159263611,0.7374914288520813
042066,0.9507649540901184,0.9576516151428223,0.7292529344558716,0.9107818007469177
042067,0.968017578125,0.9680595397949219,1.0,0.935181200504303
042070,0.9668782353401184,0.9676458835601807,0.7810032963752747,0.9136252999305725
042071,0.940673828125,0.9510588645935059,0.7038999795913696,0.8670981526374817
042072,0.956298828125,0.9580298662185669,1.0,0.9875411987304688
042074,0.706298828125,0.7090616226196289,0.871160089969635,0.8794243335723877
042075,0.953369140625,0.9583806395530701,0.7479812502861023,0.7810716032981873
042076,0.968017578125,0.9680773615837097,1.0,0.9531873464584351
042079,0.619873046875,0.6279440522193909,0.4733748733997345,0.6162155866622925
042086,0.712158203125,0.7124719023704529,0.8569586873054504,0.7644835710525513
042088,0.9668782353401184,0.9677485227584839,0.7810032963752747,0.8317676782608032
042093,0.9507649540901184,0.9538842439651489,0.6379934549331665,0.5491347312927246
042094,0.606689453125,0.6429166197776794,0.6509066820144653,0.7513645887374878
042095,0.939453125,0.9513430595397949,0.5589672327041626,0.7760841846466064
042097,0.946533203125,0.9515921473503113,0.6577322483062744,0.6703370809555054
042098,0.323974609375,0.3807852566242218,0.3111700117588043,0.4668334126472473
042099,0.300537109375,0.37482142448425293,0.30181336402893066,0.5239168405532837
042100,0.571533203125,0.5762837529182434,0.6676040887832642,0.7046805024147034
042101,0.946533203125,0.9544970989227295,0.6577322483062744,0.7256775498390198
042102,0.9673665165901184,0.967780351638794,0.8748590350151062,0.9093202948570251
042103,0.712158203125,0.7125468850135803,0.7497180104255676,0.7978981137275696
042104,0.5757649540901184,0.579628050327301,0.6966133713722229,0.671320378780365
042105,0.703369140625,0.710358202457428,0.5620065331459045,0.7706719040870667
042106,0.957763671875,0.9584842920303345,0.8271697163581848,0.9090428948402405
042107,0.567138671875,0.6401891708374023,0.4261382520198822,0.6586407423019409
042108,0.300537109375,0.3424423336982727,0.30181336402893066,0.35490959882736206
042110,0.9668782353401184,0.9674893617630005,0.892719030380249,0.971656322479248
042113,0.943359375,0.9490641951560974,0.6040917634963989,0.5938872694969177
042114,0.703369140625,0.7080063819885254,0.7838867902755737,0.7695645689964294
042116,0.956298828125,0.961022138595581,0.8195018768310547,0.9049037098884583
042117,0.304931640625,0.37968558073043823,0.4285714626312256,0.6261385679244995
042118,0.5757649540901184,0.5827234387397766,0.5708760023117065,0.7562305927276611
042119,0.959228515625,0.9595104455947876,0.7631344795227051,0.6994297504425049
042120,0.9444172978401184,0.9530661106109619,0.6219719052314758,0.8413445353507996
042122,0.956298828125,0.9596480131149292,0.8195018768310547,0.8788809180259705
042124,0.659423828125,0.6618691682815552,0.8254533410072327,0.8420975804328918
042125,0.703369140625,0.7060571908950806,0.6423966884613037,0.6042687296867371
042126,0.701904296875,0.7069366574287415,0.7402501106262207,0.8158436417579651
042130,0.580322265625,0.6328670382499695,0.4040961265563965,0.5644006133079529
042132,0.505615234375,0.5146493911743164,0.5220667123794556,0.7549391984939575
042134,0.9444172978401184,0.950363039970398,0.7589633464813232,0.7398718595504761
042135,0.9507649540901184,0.9557216763496399,0.7292529344558716,0.8416366577148438
042136,0.47265625,0.5347985625267029,0.3709116578102112,0.41849905252456665
042138,0.953369140625,0.9586744904518127,0.6543781161308289,0.6672251224517822
042139,0.967041015625,0.9674646854400635,0.9284793138504028,0.8528603315353394
042141,0.584228515625,0.584749162197113,0.7139173746109009,0.8086689710617065
042142,0.9507649540901184,0.957643449306488,0.7292529344558716,0.8406007289886475
042143,0.967041015625,0.9675381779670715,0.9284793138504028,0.8671377897262573
042144,0.946533203125,0.9567049145698547,0.575423002243042,0.832080602645874
042147,0.9673665165901184,0.9675649404525757,1.0,0.8198999166488647
042148,0.9673665165901184,0.9673665165901184,1.0,1.0
042149,0.9673665165901184,0.9678474068641663,0.8748590350151062,0.9352409243583679
042153,0.943115234375,0.9490078091621399,0.7475366592407227,0.8013924360275269
042154,0.150390625,0.27051064372062683,0.12623168528079987,0.47153207659721375
042156,0.9668782353401184,0.9672473669052124,0.9614850282669067,0.9453837871551514
042157,0.968017578125,0.9680608510971069,1.0,0.8989571928977966
042161,0.51953125,0.5420953035354614,0.8129132390022278,0.7380416989326477
042163,0.304931640625,0.3984079658985138,0.2789600193500519,0.6195482015609741
042164,0.962158203125,0.962412416934967,0.9625431895256042,0.8500259518623352
042167,0.9466145634651184,0.9537758827209473,0.6615661382675171,0.7540988922119141
042170,0.966796875,0.9674072265625,0.7653606534004211,0.9325211048126221
042172,0.9673665165901184,0.967583417892456,1.0,0.9791263341903687
042173,0.9673665165901184,0.9676096439361572,0.8748590350151062,0.7777327299118042
042174,0.967041015625,0.9676102995872498,0.9284793138504028,0.9673360586166382
042175,0.633056640625,0.6375993490219116,0.715326726436615,0.8132483959197998
042177,0.508056640625,0.5107377767562866,0.6509066820144653,0.6941444873809814
042178,0.962158203125,0.9625552296638489,0.8420895934104919,0.9122644066810608
042180,0.94140625,0.9537334442138672,0.5162065625190735,0.7576192021369934
042181,0.499755859375,0.5771081447601318,0.4098700284957886,0.6454020142555237
042182,0.580322265625,0.6407762765884399,0.4618985950946808,0.4953659772872925
042183,0.9507649540901184,0.9575628638267517,0.7292529344558716,0.7380415201187134
042184,0.701904296875,0.707083523273468,0.6066363453865051,0.6750303506851196
042185,0.962158203125,0.9625882506370544,0.8420895934104919,0.9076598286628723
042189,0.967041015625,0.9674886465072632,0.8122885227203369,0.6974057555198669
042190,0.344482421875,0.4175310432910919,0.2789551615715027,0.5259507298469543
042191,0.703369140625,0.7076941728591919,0.7838867902755737,0.8143568634986877
042192,0.34765625,0.3548426032066345,0.4490610957145691,0.5960672497749329
042193,0.488037109375,0.5316252112388611,0.6121358871459961,0.6883284449577332
042194,0.956298828125,0.9589928984642029,0.8195018768310547,0.8703562021255493
042196,0.1875,0.212890625,0.4692787230014801,0.6364392042160034
042198,0.25390625,0.30102112889289856,0.45805788040161133,0.5655626654624939
042200,0.947998046875,0.9520995020866394,0.8348100185394287,0.7773022055625916
042201,0.9507649540901184,0.9561601281166077,0.7292529344558716,0.8361679315567017
042202,0.9673665165901184,0.9676598310470581,0.8748590350151062,0.7026618719100952
042203,0.0625,0.0625,1.0,1.0
042209,0.953369140625,0.9546598196029663,0.912726640701294,0.7235108613967896
042211,0.946533203125,0.9513683319091797,0.575423002243042,0.6650255918502808
042212,0.659423828125,0.659423828125,0.8254533410072327,0.8254533410072327
042213,0.510498046875,0.5124961137771606,0.6676040887832642,0.7128449082374573
042214,0.951904296875,0.957155168056488,0.6230928897857666,0.7399030327796936
042215,0.951904296875,0.9555091857910156,0.6230928897857666,0.4932301640510559
042219,0.469970703125,0.4775851368904114,0.5407800078392029,0.737899124622345
042221,0.9507649540901184,0.9539661407470703,0.8898733854293823,0.8895672559738159
042224,0.3059895932674408,0.3454591929912567,0.625433623790741,0.7507779002189636
042227,0.9668782353401184,0.967420220375061,0.892719030380249,0.8270274996757507
042229,0.304931640625,0.43581753969192505,0.22860826551914215,0.5909377336502075
042230,0.9673665165901184,0.9677128195762634,1.0,0.9308120608329773
042232,0.946533203125,0.9547457695007324,0.575423002243042,0.7830578088760376
042234,0.956298828125,0.9602672457695007,0.7169486284255981,0.8538923263549805
042237,0.968017578125,0.9680508375167847,1.0,0.9882548451423645
042238,0.9673665165901184,0.9676369428634644,1.0,0.9980846643447876
042242,0.431884765625,0.4613812565803528,0.4763599932193756,0.5330846905708313
042243,0.2774251401424408,0.31419944763183594,0.8435737490653992,0.6192432641983032
042245,0.946533203125,0.9537490606307983,0.6577322483062744,0.8371960520744324
042247,0.393798828125,0.4839729070663452,0.38908666372299194,0.72516930103302
042248,0.503173828125,0.5104734897613525,0.4784300625324249,0.5785971879959106
042249,0.197998046875,0.32237398624420166,0.15708759427070618,0.48104989528656006
042251,0.968017578125,0.9680671691894531,1.0,0.8418043255805969
042253,0.9668782353401184,0.9674205183982849,0.892719030380249,0.981840193271637
042254,0.9444172978401184,0.9510888457298279,0.7589633464813232,0.7153859734535217
042255,0.959228515625,0.9596899151802063,0.7631344795227051,0.7120479941368103
042256,0.9668782353401184,0.96743243932724,0.892719030380249,0.9386080503463745
042257,0.962158203125,0.9623184204101562,0.9625431895256042,0.9271230101585388
042260,0.3599446713924408,0.3599446713924408,0.6497723460197449,0.5750301480293274
042261,0.9673665165901184,0.9677894115447998,1.0,0.9523584842681885
042262,0.344482421875,0.40407595038414,0.38908666372299194,0.6396834254264832
042263,0.953369140625,0.9585593938827515,0.912726640701294,0.8960054516792297
042264,0.9673665165901184,0.9675682783126831,1.0,0.904584527015686
042265,0.968017578125,0.9680474996566772,1.0,0.8865417242050171
042267,0.300537109375,0.4022400975227356,0.30181336402893066,0.5373334288597107
042268,0.508056640625,0.5133072733879089,0.5334192514419556,0.7191194295883179
042269,0.9668782353401184,0.9673405289649963,0.892719030380249,0.8071224093437195
042271,0.951904296875,0.9598822593688965,0.6230928897857666,0.7429394125938416
042273,0.9444172978401184,0.9512866735458374,0.544137716293335,0.5413253307342529
042274,0.584228515625,0.5848737955093384,0.6245770454406738,0.7228268980979919
042275,0.953369140625,0.9601912498474121,0.6543781161308289,0.7210161685943604
042277,0.9444172978401184,0.9540250897407532,0.6219719052314758,0.7300954461097717
042278,0.968017578125,0.9680602550506592,1.0,0.9464352130889893
042281,0.47265625,0.5334410071372986,0.3709116578102112,0.6058264970779419
042285,0.3599446713924408,0.38885101675987244,0.8075588941574097,0.8378499150276184
042286,0.633056640625,0.6378893852233887,0.5862115621566772,0.7100263833999634
042287,0.962158203125,0.9625465273857117,0.9625431895256042,0.9683800935745239
042289,0.304931640625,0.3654835820198059,0.49493172764778137,0.5110405683517456
042290,0.490234375,0.556333601474762,0.6884825229644775,0.8997439742088318
042291,0.560546875,0.6166121959686279,0.3571682572364807,0.46780461072921753
042292,0.712158203125,0.7125391364097595,0.7497180104255676,0.7943210601806641
042293,0.03125,0.13452741503715515,0.060708411037921906,0.43091335892677307
042294,0.344482421875,0.3583869934082031,0.690318763256073,0.7648458480834961
042296,0.940673828125,0.9468298554420471,0.7038999795913696,0.7333276867866516
042300,0.431884765625,0.4718959629535675,0.7318407297134399,0.7011886239051819
042301,0.9507649540901184,0.9565199017524719,0.7292529344558716,0.8231951594352722
042308,0.47265625,0.5628469586372375,0.3709116578102112,0.6477201581001282
042311,0.431884765625,0.4952591061592102,0.3415256440639496,0.7000396251678467
042312,0.943115234375,0.9497305154800415,0.7475366592407227,0.8051827549934387
042315,0.946533203125,0.9532034397125244,0.575423002243042,0.7093605399131775
042316,0.951171875,0.9573194980621338,0.8472716808319092,0.8870389461517334
042318,0.47265625,0.4830544888973236,0.3920743465423584,0.707844614982605
042324,0.712158203125,0.7126889824867249,0.7497180104255676,0.8644808530807495
042325,0.956298828125,0.9610472917556763,0.7169486284255981,0.7555762529373169
042326,0.947998046875,0.9537075757980347,0.6841284036636353,0.7198184728622437
042327,0.455078125,0.5238800048828125,0.5907889604568481,0.7896296381950378
042328,0.9507649540901184,0.9569900631904602,0.6379934549331665,0.729564368724823
042329,0.959228515625,0.9598758816719055,0.7631344795227051,0.8687897324562073
042330,0.953369140625,0.9568699598312378,0.6543781161308289,0.5350953340530396
042333,0.953369140625,0.9581295251846313,0.7479812502861023,0.8472162485122681
042336,0.9673665165901184,0.967768669128418,0.8748590350151062,0.9187124967575073
042337,0.951171875,0.9558820128440857,0.694340705871582,0.64727783203125
042338,0.23828125,0.37187477946281433,0.14078360795974731,0.5004940032958984
042339,0.9673665165901184,0.9677219986915588,1.0,1.0
042340,0.951904296875,0.9566349983215332,0.8690900206565857,0.8869340419769287
042341,0.5757649540901184,0.5827596187591553,0.49943602085113525,0.7518361210823059
042343,0.531982421875,0.6019397974014282,0.48571667075157166,0.7536970973014832
042344,0.701171875,0.7056048512458801,0.7184317708015442,0.7818027138710022
042345,0.263671875,0.40704527497291565,0.23391999304294586,0.6559794545173645
042346,0.968017578125,0.9680550694465637,1.0,0.9155502915382385
043190,0.606689453125,0.6298598051071167,1.0,0.6483153700828552
043191,0.03125,0.03125,0.6309297680854797,0.6309297680854797
043195,0.4375,0.478515625,0.6131471991539001,0.831554651260376
043196,0.02083333395421505,0.02083333395421505,0.5,0.5
043199,0.466064453125,0.4737892150878906,1.0,1.0
043201,0.455078125,0.5374755859375,0.3831459879875183,0.651421308517456
043202,0.21875,0.2802734375,0.38685283064842224,0.6509209871292114
043203,0.0625,0.072265625,0.6131471991539001,0.8315545916557312
043204,0.02083333395421505,0.0354817733168602,0.3065735995769501,0.5706417560577393
043205,0.4375,0.5332183837890625,0.4692787528038025,0.7190933227539062
043206,0.606689453125,0.6393047571182251,1.0,0.7803654074668884
043208,0.940673828125,0.941896915435791,1.0,0.9956060647964478
043209,0.606689453125,0.6231564283370972,1.0,0.9803317785263062
043210,0.951904296875,0.9522476196289062,1.0,0.9963400363922119
043211,0.16796875,0.214111328125,0.34665608406066895,0.573901355266571
043213,0.1458333432674408,0.1546224057674408,0.45865970849990845,0.515097975730896
043215,0.0,0.0546875,0.0,0.28938204050064087
043221,0.701171875,0.701171875,0.8479355573654175,0.8479355573654175
043222,0.23046875,0.3141021728515625,0.32960182428359985,0.5067397356033325
043224,0.110107421875,0.17075055837631226,0.2620770037174225,0.5545822978019714
043225,0.0,0.0078125,0.0,0.31546488404273987
043227,0.44921875,0.4525146484375,0.9224036931991577,0.9097667336463928
043233,0.46875,0.4788386821746826,0.4129750728607178,0.6647476553916931
043234,0.455078125,0.455078125,1.0,1.0
043237,0.4375,0.4375,1.0,1.0
043240,0.110107421875,0.110107421875,1.0,1.0
043245,0.110107421875,0.110107421875,1.0,1.0
043247,0.0,0.14453125,0.0,0.44879505038261414
043248,0.951171875,0.954490065574646,0.8472716808319092,0.905728280544281
043250,0.951904296875,0.9559785723686218,0.8690900206565857,0.9669989943504333
043251,0.947998046875,0.9512302875518799,0.8348100185394287,0.9106432199478149
043253,0.1458333432674408,0.19505208730697632,0.3065735995769501,0.5437713265419006
043258,0.03125,0.03125,0.6309297680854797,0.6309297680854797
043261,0.0625,0.07421875,0.6131471991539001,0.8503448963165283
043262,0.701171875,0.70501708984375,0.7184317708015442,0.8499848246574402
043266,0.4375,0.4517822265625,0.8609101176261902,0.957686722278595
043268,0.606689453125,0.6379444003105164,1.0,0.8421236276626587
043272,0.940673828125,0.9421758651733398,1.0,1.0
043274,0.9375,0.9375,1.0,1.0
043277,0.0,0.0,0.0,0.0
043278,0.951904296875,0.9575127959251404,0.8690900206565857,0.9573245644569397
043279,0.560546875,0.6018743515014648,0.7653606534004211,0.7101534605026245
043284,0.606689453125,0.6222886443138123,1.0,0.9714775681495667
043285,0.606689453125,0.6261558532714844,1.0,1.0
043287,0.0625,0.193878173828125,0.06703981757164001,0.33971816301345825
043290,0.0625,0.0625,1.0,1.0
043291,0.19921875,0.2624698281288147,0.3776274025440216,0.6442793011665344
043292,0.966796875,0.966796875,1.0,1.0
043293,0.19921875,0.27852630615234375,0.30167919397354126,0.4560525119304657
043296,0.560546875,0.5991217494010925,0.7653606534004211,0.8850505352020264
043297,0.51953125,0.5281829833984375,0.8811306357383728,0.9166081547737122
043298,0.4375,0.5097900629043579,0.4692787528038025,0.8179810047149658
043300,0.0,0.010416666977107525,0.0,0.3562071919441223
043304,0.455078125,0.4694976806640625,0.6403663158416748,0.6634548902511597
043306,0.606689453125,0.6356805562973022,1.0,0.8987714052200317
043307,0.4375,0.5280994176864624,0.4692787528038025,0.5556197166442871
043308,0.0625,0.0625,0.6131471991539001,0.6131471991539001
043309,0.606689453125,0.6261558532714844,1.0,1.0
043314,0.44921875,0.4636383056640625,0.9224036931991577,0.9714916944503784
043315,0.606689453125,0.6316892504692078,1.0,0.8724014759063721
043317,0.344482421875,0.39250388741493225,0.5977610945701599,0.8029975891113281
043319,0.110107421875,0.21717019379138947,0.2620770037174225,0.6200491189956665
043320,0.278564453125,0.31164416670799255,0.39664164185523987,0.45293763279914856
043322,0.0,0.08749999850988388,0.0,0.38685280084609985
043323,0.567138671875,0.5739461183547974,1.0,0.9943938851356506
043324,0.940673828125,0.950714111328125,0.7038999795913696,0.9121919870376587
043325,0.21875,0.2515304684638977,0.29608193039894104,0.4539381265640259
043327,0.30078125,0.3474709987640381,0.5307213068008423,0.745853841304779
043328,0.606689453125,0.606689453125,1.0,0.9719377756118774
043329,0.0625,0.0771484375,0.6131471991539001,0.8772153258323669
043331,0.4375,0.4572950005531311,0.8609101176261902,0.8759973049163818
043336,0.30078125,0.3219470977783203,0.5307213068008423,0.40980246663093567
043341,0.219970703125,0.23805730044841766,0.63103848695755,0.634983479976654
043342,0.466064453125,0.5201377868652344,0.6823248863220215,0.9026889204978943
043344,0.21875,0.2802734375,0.38685283064842224,0.6509209871292114
043345,0.951904296875,0.9555739164352417,0.8690900206565857,0.9342430233955383
043349,0.091796875,0.1913604736328125,0.20058341324329376,0.5777766704559326
043351,0.19921875,0.2507171630859375,0.3776274025440216,0.6186549067497253
043353,0.659423828125,0.6612535119056702,0.6764605641365051,0.5962113738059998
043354,0.110107421875,0.110107421875,1.0,0.8318724036216736
043356,0.44921875,0.5296850204467773,0.5027986764907837,0.8271605968475342
043358,0.606689453125,0.6403147578239441,1.0,0.8482378125190735
043359,0.560546875,0.5882323980331421,0.7653606534004211,0.9469024538993835
043360,0.08203125,0.0969085693359375,0.7039180994033813,0.7316490411758423
043362,0.962158203125,0.962532103061676,0.9625431895256042,0.9519242644309998
043368,0.9375,0.9375,1.0,1.0
043371,0.19921875,0.2047119140625,0.3776274025440216,0.38135644793510437
043372,0.0,0.08749999850988388,0.0,0.38685280084609985
043373,0.0,0.03526284545660019,0.0,0.3209448754787445
043375,0.606689453125,0.606689453125,1.0,1.0
043376,0.091796875,0.21176671981811523,0.1093372330069542,0.4017556309700012
043380,0.03125,0.03125,0.6309297680854797,0.6309297680854797
043381,0.344482421875,0.3842049241065979,0.5977610945701599,0.5746290683746338
043383,0.560546875,0.560546875,1.0,1.0
043386,0.48828125,0.4883682131767273,0.679537832736969,0.6972737908363342
043387,0.05078125,0.05078125,0.6934263706207275,0.6934263706207275
043388,0.0,0.126495361328125,0.0,0.44869688153266907
043389,0.567138671875,0.616280734539032,0.7988805174827576,0.9472541809082031
043390,0.51953125,0.5619247555732727,0.7039180994033813,0.6716991066932678
043391,0.606689453125,0.6290037631988525,1.0,0.8619943261146545
043392,0.951904296875,0.951904296875,0.8690900206565857,0.8530582785606384
043393,0.23046875,0.2696075439453125,0.41257962584495544,0.6220461130142212
043394,0.30078125,0.3761957883834839,0.3454500138759613,0.5437421798706055
043396,0.44921875,0.46686315536499023,0.9224036931991577,0.9497042298316956
043398,0.606689453125,0.6316307783126831,1.0,0.9757880568504333
043399,0.0,0.0,0.0,0.0
043400,0.466064453125,0.507684051990509,0.6823248863220215,0.8616639375686646
043401,0.940673828125,0.9415321350097656,1.0,1.0
043402,0.0,0.078338623046875,0.0,0.37873587012290955
043404,0.531982421875,0.5418418645858765,0.9340764880180359,0.9358990788459778
043406,0.0625,0.0625,0.6131471991539001,0.6131471991539001
043409,0.091796875,0.1458599865436554,0.1093372330069542,0.20176032185554504
043411,0.091796875,0.2311859130859375,0.13686305284500122,0.5955718755722046
043412,0.05078125,0.1412355750799179,0.07581732422113419,0.4087986648082733
043413,0.606689453125,0.6385151743888855,1.0,0.976409375667572
043418,0.110107421875,0.20996630191802979,0.17882166802883148,0.557151198387146
043421,0.567138671875,0.5888581275939941,0.7988805174827576,0.8593184351921082
043423,0.0625,0.1650390625,0.08391720056533813,0.32515397667884827
043425,0.091796875,0.11136627197265625,0.7653606534004211,0.9267581105232239
043426,0.21875,0.21875,0.6309297680854797,0.6309297680854797
043427,0.0625,0.0625,1.0,1.0
043430,0.0,0.15360291302204132,0.0,0.5213161706924438
043431,0.23046875,0.27475738525390625,0.41257962584495544,0.6350140571594238
043433,0.21875,0.21875,0.6309297680854797,0.6309297680854797
043434,0.08203125,0.23148822784423828,0.1258758008480072,0.6280456185340881
043435,0.03125,0.03125,0.6309297680854797,0.6309297680854797
043437,0.951904296875,0.9584226608276367,0.7122209072113037,0.8905715942382812
043439,0.940673828125,0.9421974420547485,1.0,0.973272442817688
043440,0.531982421875,0.5711151957511902,0.7462155222892761,0.886146605014801
043441,0.706298828125,0.7094351053237915,0.871160089969635,0.8969050049781799
043442,0.44921875,0.495361328125,0.5027986764907837,0.4786013066768646
043444,0.05078125,0.22544501721858978,0.07581732422113419,0.6513446569442749
043445,0.567138671875,0.5995826721191406,0.7988805174827576,0.8151089549064636
043447,0.956298828125,0.9594959020614624,1.0,0.9566080570220947
043448,0.466064453125,0.513175904750824,0.6823248863220215,0.8557637929916382
043451,0.219970703125,0.219970703125,0.63103848695755,0.63103848695755
043453,0.4375,0.4375,1.0,1.0
043455,0.701904296875,0.701904296875,0.8517531156539917,0.8517531156539917
043459,0.531982421875,0.5674214363098145,0.7462155222892761,0.6033115983009338
043461,0.0625,0.0625,1.0,1.0
043463,0.466064453125,0.4770078659057617,1.0,0.9195514917373657
043465,0.560546875,0.5625244379043579,0.9580413699150085,0.9822989702224731
043466,0.0625,0.0625,0.08391720056533813,0.08099012821912766
043467,0.606689453125,0.6427099704742432,1.0,1.0
043468,0.606689453125,0.6340919137001038,1.0,0.9709323644638062
043470,0.219970703125,0.2470073699951172,0.4305732846260071,0.5944014191627502
043473,0.110107421875,0.110107421875,1.0,1.0
043475,0.0,0.0062500000931322575,0.0,0.28906482458114624
043478,0.30078125,0.3284668028354645,0.5307213068008423,0.7122630476951599
043480,0.947998046875,0.9524403214454651,0.8348100185394287,0.9055860042572021
043481,0.606689453125,0.6363604068756104,1.0,1.0
043482,0.0,0.0,0.0,0.0
043483,0.0625,0.1391611099243164,0.12298715859651566,0.4545035660266876
043485,0.51953125,0.5437532067298889,0.7039180994033813,0.5654520392417908
043488,0.560546875,0.5661602020263672,0.7653606534004211,0.7360259294509888
043489,0.091796875,0.1009521484375,0.7653606534004211,0.9325210452079773
043492,0.0,0.0,0.0,0.0
043495,0.606689453125,0.6392946839332581,1.0,0.8454256653785706
043496,0.567138671875,0.6131078600883484,0.7988805174827576,0.6948055028915405
043497,0.606689453125,0.6210806965827942,1.0,0.8344045877456665
043499,0.560546875,0.6028321981430054,0.7653606534004211,0.8934420347213745
043500,0.560546875,0.5982179641723633,0.7653606534004211,0.8830482959747314
043504,0.08203125,0.08203125,0.9197208285331726,0.9197208285331726
043506,0.44921875,0.4900956153869629,0.5027986764907837,0.487570196390152
043509,0.4375,0.516326904296875,0.4692787528038025,0.8194270730018616
043512,0.0,0.0,0.0,0.0
043514,0.455078125,0.5160356760025024,0.5115761756896973,0.7730158567428589
043518,0.267578125,0.267578125,0.7098097205162048,0.7098097205162048
043522,0.432373046875,0.4326305389404297,0.6485327482223511,0.6381763815879822
043523,0.503173828125,0.5040321350097656,0.6796846985816956,0.6880143284797668
043524,0.4375,0.4375,0.6131471991539001,0.6131471991539001
043527,0.0,0.115234375,0.0,0.21964572370052338
043528,0.9668782353401184,0.9668782353401184,0.892719030380249,0.8791787028312683
043532,0.03125,0.03125,0.05294585973024368,0.05294585973024368
043536,0.21875,0.22578124701976776,0.3706210255622864,0.4030846059322357
043537,0.19921875,0.2978430390357971,0.30167919397354126,0.6984022855758667
043538,0.560546875,0.560546875,1.0,1.0
043544,0.606689453125,0.6393047571182251,1.0,0.9867348670959473
043545,0.951171875,0.951171875,1.0,1.0
043549,0.0625,0.0625,1.0,1.0
043551,0.0625,0.24551889300346375,0.03576033189892769,0.37620583176612854
043552,0.567138671875,0.567138671875,1.0,1.0
043553,0.267578125,0.267578125,0.7098097205162048,0.7098097205162048
043554,0.567138671875,0.5691986083984375,1.0,0.9894999861717224
043559,0.03125,0.0484619140625,0.29608193039894104,0.510167121887207
043563,0.0625,0.1539306640625,0.08391720056533813,0.46296313405036926
043567,0.1458333432674408,0.1516927182674408,0.4304550588130951,0.4504069685935974
043568,0.03125,0.03125,0.6309297680854797,0.6309297680854797
043569,0.267578125,0.267578125,0.7098097205162048,0.7098097205162048
043570,0.0,0.01981608010828495,0.0,0.27402451634407043
043571,0.560546875,0.5734920501708984,0.9580413699150085,0.9830527901649475
043572,0.0625,0.1234283447265625,0.08391720056533813,0.294132798910141
043573,0.4375,0.5110260248184204,0.4692787528038025,0.8146412968635559
043575,0.0625,0.0771484375,0.6131471991539001,0.8772153258323669
043576,0.03125,0.03125,0.6309297680854797,0.6309297680854797
043578,0.0,0.04374999925494194,0.0,0.158901184797287
043579,0.110107421875,0.11654472351074219,1.0,0.9550236463546753
043580,0.560546875,0.560546875,1.0,1.0
043583,0.606689453125,0.63956218957901,1.0,0.9075586199760437
043586,0.455078125,0.455078125,0.6403663158416748,0.6403663158416748
043587,0.4375,0.475128173828125,0.4692787528038025,0.4339597821235657
043591,0.560546875,0.5900863409042358,0.7653606534004211,0.6089063882827759
043592,0.0,0.0773112028837204,0.0,0.15334101021289825
043594,0.0,0.012500000186264515,0.0,0.1815418004989624
043597,0.51953125,0.5228271484375,0.8811306357383728,0.9110225439071655
043600,0.9388020634651184,0.9425385594367981,0.7782489061355591,0.8727246522903442
043603,0.9668782353401184,0.9677383303642273,0.7810032963752747,0.8885220885276794
043606,0.531982421875,0.5652375221252441,0.48571667075157166,0.5041109323501587
043608,0.466064453125,0.5563936233520508,0.5450960993766785,0.8738069534301758
043610,0.19921875,0.205810546875,0.3776274025440216,0.3957868218421936
043611,0.951904296875,0.9535486698150635,0.7122209072113037,0.7225271463394165
043614,0.19921875,0.19921875,0.5897053480148315,0.5897053480148315
043615,0.0625,0.0625,1.0,1.0
043616,0.531982421875,0.5861998200416565,0.7462155222892761,0.8256914615631104
043618,0.4375,0.4375,1.0,1.0
043619,0.05078125,0.06451416015625,0.5307212471961975,0.6096199750900269
043621,0.606689453125,0.6091227531433105,1.0,0.9864625334739685
043622,0.4375,0.5077265501022339,0.4692787528038025,0.6604214310646057
043623,0.0,0.05807291716337204,0.0,0.3268360495567322
043628,0.951904296875,0.9572807550430298,0.8690900206565857,0.9721587300300598
043629,0.455078125,0.455078125,1.0,1.0
043630,0.940673828125,0.940673828125,1.0,1.0
043633,0.19921875,0.29585668444633484,0.30167919397354126,0.6987939476966858
043635,0.455078125,0.5269827842712402,0.5115761756896973,0.8243370652198792
